dataset,checkpoint,clf,featureset,is_primary,config,reference,seed,n,n_classes,n_boot,macro_auc,ci_lo,ci_hi,d_auc_vs_ref,d_auc_lo,d_auc_hi,gt_minus_this,gt_gap_lo,gt_gap_hi,class_counts,features,protocol,pred_path
fives,last,logreg,skan4,True,gt,baseline,-,200,4,2000,0.7134666666666667,0.667340650447811,0.7582632873508388,,,,0.0,0.0,0.0,AMD=50;DR=50;Glaucoma=50;Normal=50,FD_skan+tortuosity_skan+density_skan+total_length_skan,"src/pivot/p3_downstream.py cv_proba (5-fold stratified x3 repeats, logreg/GBDT)","results/pivot/bio_master.csv (source=gt, split=test)"
fives,last,logreg,skan4,True,baseline,baseline,0,200,4,2000,0.7134666666666667,0.6632472090945337,0.7596429012965698,,,,0.0,-0.02848111660972957,0.028597313091898256,AMD=50;DR=50;Glaucoma=50;Normal=50,FD_skan+tortuosity_skan+density_skan+total_length_skan,"src/pivot/p3_downstream.py cv_proba (5-fold stratified x3 repeats, logreg/GBDT)",runs/pivot/fives/seed0/baseline/pred/bio.csv
fives,last,logreg,skan4,True,baseline,continued,0,200,4,2000,0.7134666666666667,0.6632472090945337,0.7596429012965698,0.007099999999999884,-0.0022554164798857966,0.016795267971544594,0.0,-0.02848111660972957,0.028597313091898256,AMD=50;DR=50;Glaucoma=50;Normal=50,FD_skan+tortuosity_skan+density_skan+total_length_skan,"src/pivot/p3_downstream.py cv_proba (5-fold stratified x3 repeats, logreg/GBDT)",runs/pivot/fives/seed0/baseline/pred/bio.csv
fives,last,logreg,skan4,True,baseline,baseline,1,200,4,2000,0.7042,0.653033407500118,0.7495585623402978,,,,0.009266666666666645,-0.018369150724093168,0.039167420374772284,AMD=50;DR=50;Glaucoma=50;Normal=50,FD_skan+tortuosity_skan+density_skan+total_length_skan,"src/pivot/p3_downstream.py cv_proba (5-fold stratified x3 repeats, logreg/GBDT)",runs/pivot/fives/seed1/baseline/pred/bio.csv
fives,last,logreg,skan4,True,baseline,continued,1,200,4,2000,0.7042,0.653033407500118,0.7495585623402978,-0.009366666666666634,-0.030571362717190874,0.005482771905896362,0.009266666666666645,-0.018369150724093168,0.039167420374772284,AMD=50;DR=50;Glaucoma=50;Normal=50,FD_skan+tortuosity_skan+density_skan+total_length_skan,"src/pivot/p3_downstream.py cv_proba (5-fold stratified x3 repeats, logreg/GBDT)",runs/pivot/fives/seed1/baseline/pred/bio.csv
fives,last,logreg,skan4,True,baseline,baseline,2,200,4,2000,0.7009333333333333,0.650593963559576,0.7475714357677208,,,,0.012533333333333396,-0.015534031245717433,0.04244459573919947,AMD=50;DR=50;Glaucoma=50;Normal=50,FD_skan+tortuosity_skan+density_skan+total_length_skan,"src/pivot/p3_downstream.py cv_proba (5-fold stratified x3 repeats, logreg/GBDT)",runs/pivot/fives/seed2/baseline/pred/bio.csv
fives,last,logreg,skan4,True,baseline,continued,2,200,4,2000,0.7009333333333333,0.650593963559576,0.7475714357677208,-0.007833333333333359,-0.02907186856071804,0.010595991801733104,0.012533333333333396,-0.015534031245717433,0.04244459573919947,AMD=50;DR=50;Glaucoma=50;Normal=50,FD_skan+tortuosity_skan+density_skan+total_length_skan,"src/pivot/p3_downstream.py cv_proba (5-fold stratified x3 repeats, logreg/GBDT)",runs/pivot/fives/seed2/baseline/pred/bio.csv
fives,last,logreg,skan4,True,cfloss,baseline,0,200,4,2000,0.6955333333333333,0.6459272825921999,0.7402535660984988,-0.017933333333333357,-0.03965701237161118,-0.00023879874029016204,0.017933333333333357,-0.008028704484927974,0.046436307671356494,AMD=50;DR=50;Glaucoma=50;Normal=50,FD_skan+tortuosity_skan+density_skan+total_length_skan,"src/pivot/p3_downstream.py cv_proba (5-fold stratified x3 repeats, logreg/GBDT)",runs/pivot/fives/seed0/cfloss/pred/bio.csv
fives,last,logreg,skan4,True,cfloss,continued,0,200,4,2000,0.6955333333333333,0.6459272825921999,0.7402535660984988,-0.010833333333333472,-0.03140245122095859,0.004051160497242025,0.017933333333333357,-0.008028704484927974,0.046436307671356494,AMD=50;DR=50;Glaucoma=50;Normal=50,FD_skan+tortuosity_skan+density_skan+total_length_skan,"src/pivot/p3_downstream.py cv_proba (5-fold stratified x3 repeats, logreg/GBDT)",runs/pivot/fives/seed0/cfloss/pred/bio.csv
fives,last,logreg,skan4,True,cfloss,baseline,1,200,4,2000,0.7059,0.6546152372672756,0.75231469358004,0.0016999999999999238,-0.006815497577526966,0.011332985816128646,0.0075666666666667215,-0.020059863117746317,0.03884502474661798,AMD=50;DR=50;Glaucoma=50;Normal=50,FD_skan+tortuosity_skan+density_skan+total_length_skan,"src/pivot/p3_downstream.py cv_proba (5-fold stratified x3 repeats, logreg/GBDT)",runs/pivot/fives/seed1/cfloss/pred/bio.csv
fives,last,logreg,skan4,True,cfloss,continued,1,200,4,2000,0.7059,0.6546152372672756,0.75231469358004,-0.0076666666666667105,-0.027424333960562063,0.006125468583490597,0.0075666666666667215,-0.020059863117746317,0.03884502474661798,AMD=50;DR=50;Glaucoma=50;Normal=50,FD_skan+tortuosity_skan+density_skan+total_length_skan,"src/pivot/p3_downstream.py cv_proba (5-fold stratified x3 repeats, logreg/GBDT)",runs/pivot/fives/seed1/cfloss/pred/bio.csv
fives,last,logreg,skan4,True,cfloss,baseline,2,200,4,2000,0.7087,0.6609356895840988,0.7539576434720417,0.0077666666666666995,-0.007559340385223504,0.026358535005551756,0.004766666666666697,-0.021384485733478044,0.03245021010422794,AMD=50;DR=50;Glaucoma=50;Normal=50,FD_skan+tortuosity_skan+density_skan+total_length_skan,"src/pivot/p3_downstream.py cv_proba (5-fold stratified x3 repeats, logreg/GBDT)",runs/pivot/fives/seed2/cfloss/pred/bio.csv
fives,last,logreg,skan4,True,cfloss,continued,2,200,4,2000,0.7087,0.6609356895840988,0.7539576434720417,-6.666666666665932e-05,-0.013913025483361938,0.012875081545098603,0.004766666666666697,-0.021384485733478044,0.03245021010422794,AMD=50;DR=50;Glaucoma=50;Normal=50,FD_skan+tortuosity_skan+density_skan+total_length_skan,"src/pivot/p3_downstream.py cv_proba (5-fold stratified x3 repeats, logreg/GBDT)",runs/pivot/fives/seed2/cfloss/pred/bio.csv
fives,last,logreg,skan4,True,continued,baseline,0,200,4,2000,0.7063666666666668,0.6573125685015213,0.7517915993633733,-0.007099999999999884,-0.016795267971544594,0.0022554164798857922,0.007099999999999884,-0.018459059966666656,0.03459193872748143,AMD=50;DR=50;Glaucoma=50;Normal=50,FD_skan+tortuosity_skan+density_skan+total_length_skan,"src/pivot/p3_downstream.py cv_proba (5-fold stratified x3 repeats, logreg/GBDT)",runs/pivot/fives/seed0/continued/pred/bio.csv
fives,last,logreg,skan4,True,continued,baseline,1,200,4,2000,0.7135666666666667,0.6625290517816259,0.7593633174688811,0.009366666666666634,-0.005482771905896367,0.030571362717190863,-9.999999999998899e-05,-0.0258575162604961,0.027087153710192973,AMD=50;DR=50;Glaucoma=50;Normal=50,FD_skan+tortuosity_skan+density_skan+total_length_skan,"src/pivot/p3_downstream.py cv_proba (5-fold stratified x3 repeats, logreg/GBDT)",runs/pivot/fives/seed1/continued/pred/bio.csv
fives,last,logreg,skan4,True,continued,baseline,2,200,4,2000,0.7087666666666667,0.6601278666343942,0.7534057318702873,0.007833333333333359,-0.010595991801733134,0.029071868560718014,0.0047000000000000375,-0.02257733856618988,0.034228896117316394,AMD=50;DR=50;Glaucoma=50;Normal=50,FD_skan+tortuosity_skan+density_skan+total_length_skan,"src/pivot/p3_downstream.py cv_proba (5-fold stratified x3 repeats, logreg/GBDT)",runs/pivot/fives/seed2/continued/pred/bio.csv
fives,last,logreg,skan4,True,reliseg,baseline,0,200,4,2000,0.7144333333333334,0.6656277137525568,0.7602935548069519,0.0009666666666666712,-0.014646086466104444,0.014893435384472365,-0.0009666666666666712,-0.029595628513372323,0.02834905352351235,AMD=50;DR=50;Glaucoma=50;Normal=50,FD_skan+tortuosity_skan+density_skan+total_length_skan,"src/pivot/p3_downstream.py cv_proba (5-fold stratified x3 repeats, logreg/GBDT)",runs/pivot/fives/seed0/reliseg/pred/bio.csv
fives,last,logreg,skan4,True,reliseg,continued,0,200,4,2000,0.7144333333333334,0.6656277137525568,0.7602935548069519,0.008066666666666555,-0.007637302926685105,0.02306149099869817,-0.0009666666666666712,-0.029595628513372323,0.02834905352351235,AMD=50;DR=50;Glaucoma=50;Normal=50,FD_skan+tortuosity_skan+density_skan+total_length_skan,"src/pivot/p3_downstream.py cv_proba (5-fold stratified x3 repeats, logreg/GBDT)",runs/pivot/fives/seed0/reliseg/pred/bio.csv
fives,last,logreg,skan4,True,reliseg,baseline,1,200,4,2000,0.7184333333333334,0.6700604217275326,0.7627679178015261,0.01423333333333332,-0.0003695464564764272,0.032144658504250245,-0.004966666666666675,-0.03208132504090634,0.02255027441208345,AMD=50;DR=50;Glaucoma=50;Normal=50,FD_skan+tortuosity_skan+density_skan+total_length_skan,"src/pivot/p3_downstream.py cv_proba (5-fold stratified x3 repeats, logreg/GBDT)",runs/pivot/fives/seed1/reliseg/pred/bio.csv
fives,last,logreg,skan4,True,reliseg,continued,1,200,4,2000,0.7184333333333334,0.6700604217275326,0.7627679178015261,0.004866666666666686,-0.007517885845709257,0.017500295526348634,-0.004966666666666675,-0.03208132504090634,0.02255027441208345,AMD=50;DR=50;Glaucoma=50;Normal=50,FD_skan+tortuosity_skan+density_skan+total_length_skan,"src/pivot/p3_downstream.py cv_proba (5-fold stratified x3 repeats, logreg/GBDT)",runs/pivot/fives/seed1/reliseg/pred/bio.csv
fives,last,logreg,skan4,True,reliseg,baseline,2,200,4,2000,0.7105,0.6627096860705213,0.7540420377510615,0.009566666666666723,-0.010813989447466414,0.031165864809491548,0.002966666666666673,-0.025616857297661215,0.03242071706027919,AMD=50;DR=50;Glaucoma=50;Normal=50,FD_skan+tortuosity_skan+density_skan+total_length_skan,"src/pivot/p3_downstream.py cv_proba (5-fold stratified x3 repeats, logreg/GBDT)",runs/pivot/fives/seed2/reliseg/pred/bio.csv
fives,last,logreg,skan4,True,reliseg,continued,2,200,4,2000,0.7105,0.6627096860705213,0.7540420377510615,0.0017333333333333645,-0.014081123668118662,0.015877429656094497,0.002966666666666673,-0.025616857297661215,0.03242071706027919,AMD=50;DR=50;Glaucoma=50;Normal=50,FD_skan+tortuosity_skan+density_skan+total_length_skan,"src/pivot/p3_downstream.py cv_proba (5-fold stratified x3 repeats, logreg/GBDT)",runs/pivot/fives/seed2/reliseg/pred/bio.csv
fives,last,logreg,skan4,True,reliseg_nocl,baseline,0,200,4,2000,0.7130333333333333,0.6633483083686802,0.7598378329135766,-0.00043333333333339663,-0.010343129575889112,0.008757290071041965,0.00043333333333339663,-0.02821304866761412,0.02958746286837487,AMD=50;DR=50;Glaucoma=50;Normal=50,FD_skan+tortuosity_skan+density_skan+total_length_skan,"src/pivot/p3_downstream.py cv_proba (5-fold stratified x3 repeats, logreg/GBDT)",runs/pivot/fives/seed0/reliseg_nocl/pred/bio.csv
fives,last,logreg,skan4,True,reliseg_nocl,continued,0,200,4,2000,0.7130333333333333,0.6633483083686802,0.7598378329135766,0.0066666666666664876,-0.0051992005048393745,0.01888397477278412,0.00043333333333339663,-0.02821304866761412,0.02958746286837487,AMD=50;DR=50;Glaucoma=50;Normal=50,FD_skan+tortuosity_skan+density_skan+total_length_skan,"src/pivot/p3_downstream.py cv_proba (5-fold stratified x3 repeats, logreg/GBDT)",runs/pivot/fives/seed0/reliseg_nocl/pred/bio.csv
fives,last,logreg,skan4,True,reliseg_nocl,baseline,1,200,4,2000,0.7034,0.6534060489635505,0.7494078188098493,-0.0008000000000000229,-0.008682267374081476,0.008098352388877362,0.010066666666666668,-0.01572157217694691,0.03722953864047922,AMD=50;DR=50;Glaucoma=50;Normal=50,FD_skan+tortuosity_skan+density_skan+total_length_skan,"src/pivot/p3_downstream.py cv_proba (5-fold stratified x3 repeats, logreg/GBDT)",runs/pivot/fives/seed1/reliseg_nocl/pred/bio.csv
fives,last,logreg,skan4,True,reliseg_nocl,continued,1,200,4,2000,0.7034,0.6534060489635505,0.7494078188098493,-0.010166666666666657,-0.02731253653271635,0.003110782961039623,0.010066666666666668,-0.01572157217694691,0.03722953864047922,AMD=50;DR=50;Glaucoma=50;Normal=50,FD_skan+tortuosity_skan+density_skan+total_length_skan,"src/pivot/p3_downstream.py cv_proba (5-fold stratified x3 repeats, logreg/GBDT)",runs/pivot/fives/seed1/reliseg_nocl/pred/bio.csv
fives,last,logreg,skan4,True,reliseg_nocl,baseline,2,200,4,2000,0.7184333333333333,0.6720205766186785,0.7630496269812982,0.01749999999999996,0.0008650587895327633,0.03862534740231261,-0.004966666666666564,-0.031648208708547,0.02206111762972565,AMD=50;DR=50;Glaucoma=50;Normal=50,FD_skan+tortuosity_skan+density_skan+total_length_skan,"src/pivot/p3_downstream.py cv_proba (5-fold stratified x3 repeats, logreg/GBDT)",runs/pivot/fives/seed2/reliseg_nocl/pred/bio.csv
fives,last,logreg,skan4,True,reliseg_nocl,continued,2,200,4,2000,0.7184333333333333,0.6720205766186785,0.7630496269812982,0.009666666666666601,-0.0015297941197730785,0.02180562194461852,-0.004966666666666564,-0.031648208708547,0.02206111762972565,AMD=50;DR=50;Glaucoma=50;Normal=50,FD_skan+tortuosity_skan+density_skan+total_length_skan,"src/pivot/p3_downstream.py cv_proba (5-fold stratified x3 repeats, logreg/GBDT)",runs/pivot/fives/seed2/reliseg_nocl/pred/bio.csv
fives,last,gbdt,skan4,False,gt,baseline,-,200,4,2000,0.6868666666666666,0.6381612114524752,0.7352660767841803,,,,0.0,0.0,0.0,AMD=50;DR=50;Glaucoma=50;Normal=50,FD_skan+tortuosity_skan+density_skan+total_length_skan,"src/pivot/p3_downstream.py cv_proba (5-fold stratified x3 repeats, logreg/GBDT)","results/pivot/bio_master.csv (source=gt, split=test)"
fives,last,gbdt,skan4,False,baseline,baseline,0,200,4,2000,0.7187333333333332,0.667207874197686,0.769443037080457,,,,-0.0318666666666666,-0.08430362255219903,0.020715638870393308,AMD=50;DR=50;Glaucoma=50;Normal=50,FD_skan+tortuosity_skan+density_skan+total_length_skan,"src/pivot/p3_downstream.py cv_proba (5-fold stratified x3 repeats, logreg/GBDT)",runs/pivot/fives/seed0/baseline/pred/bio.csv
fives,last,gbdt,skan4,False,baseline,continued,0,200,4,2000,0.7187333333333332,0.667207874197686,0.769443037080457,0.01403333333333312,-0.015366301058877745,0.042284105741888685,-0.0318666666666666,-0.08430362255219903,0.020715638870393308,AMD=50;DR=50;Glaucoma=50;Normal=50,FD_skan+tortuosity_skan+density_skan+total_length_skan,"src/pivot/p3_downstream.py cv_proba (5-fold stratified x3 repeats, logreg/GBDT)",runs/pivot/fives/seed0/baseline/pred/bio.csv
fives,last,gbdt,skan4,False,baseline,baseline,1,200,4,2000,0.7166999999999999,0.6660638733595657,0.7655967416541919,,,,-0.029833333333333267,-0.07747768524407228,0.016162679780972963,AMD=50;DR=50;Glaucoma=50;Normal=50,FD_skan+tortuosity_skan+density_skan+total_length_skan,"src/pivot/p3_downstream.py cv_proba (5-fold stratified x3 repeats, logreg/GBDT)",runs/pivot/fives/seed1/baseline/pred/bio.csv
fives,last,gbdt,skan4,False,baseline,continued,1,200,4,2000,0.7166999999999999,0.6660638733595657,0.7655967416541919,0.011699999999999933,-0.01571998304997916,0.03856744421429513,-0.029833333333333267,-0.07747768524407228,0.016162679780972963,AMD=50;DR=50;Glaucoma=50;Normal=50,FD_skan+tortuosity_skan+density_skan+total_length_skan,"src/pivot/p3_downstream.py cv_proba (5-fold stratified x3 repeats, logreg/GBDT)",runs/pivot/fives/seed1/baseline/pred/bio.csv
fives,last,gbdt,skan4,False,baseline,baseline,2,200,4,2000,0.6758000000000001,0.6268184557295431,0.7271790006294451,,,,0.011066666666666558,-0.03955909044276987,0.06011843049954349,AMD=50;DR=50;Glaucoma=50;Normal=50,FD_skan+tortuosity_skan+density_skan+total_length_skan,"src/pivot/p3_downstream.py cv_proba (5-fold stratified x3 repeats, logreg/GBDT)",runs/pivot/fives/seed2/baseline/pred/bio.csv
fives,last,gbdt,skan4,False,baseline,continued,2,200,4,2000,0.6758000000000001,0.6268184557295431,0.7271790006294451,-0.04803333333333326,-0.08134628552071489,-0.0137786033606694,0.011066666666666558,-0.03955909044276987,0.06011843049954349,AMD=50;DR=50;Glaucoma=50;Normal=50,FD_skan+tortuosity_skan+density_skan+total_length_skan,"src/pivot/p3_downstream.py cv_proba (5-fold stratified x3 repeats, logreg/GBDT)",runs/pivot/fives/seed2/baseline/pred/bio.csv
fives,last,gbdt,skan4,False,cfloss,baseline,0,200,4,2000,0.6955333333333333,0.6442603551039088,0.7456703925982422,-0.023199999999999887,-0.05617956647653918,0.01024823487687382,-0.008666666666666711,-0.06138372522849748,0.04309105907690248,AMD=50;DR=50;Glaucoma=50;Normal=50,FD_skan+tortuosity_skan+density_skan+total_length_skan,"src/pivot/p3_downstream.py cv_proba (5-fold stratified x3 repeats, logreg/GBDT)",runs/pivot/fives/seed0/cfloss/pred/bio.csv
fives,last,gbdt,skan4,False,cfloss,continued,0,200,4,2000,0.6955333333333333,0.6442603551039088,0.7456703925982422,-0.009166666666666767,-0.036693677586674106,0.01978906228485158,-0.008666666666666711,-0.06138372522849748,0.04309105907690248,AMD=50;DR=50;Glaucoma=50;Normal=50,FD_skan+tortuosity_skan+density_skan+total_length_skan,"src/pivot/p3_downstream.py cv_proba (5-fold stratified x3 repeats, logreg/GBDT)",runs/pivot/fives/seed0/cfloss/pred/bio.csv
fives,last,gbdt,skan4,False,cfloss,baseline,1,200,4,2000,0.6898666666666666,0.6380889688999283,0.7395316543156023,-0.026833333333333265,-0.05557393485117574,0.0017218806061562802,-0.0030000000000000027,-0.05309377613712172,0.04872101609092334,AMD=50;DR=50;Glaucoma=50;Normal=50,FD_skan+tortuosity_skan+density_skan+total_length_skan,"src/pivot/p3_downstream.py cv_proba (5-fold stratified x3 repeats, logreg/GBDT)",runs/pivot/fives/seed1/cfloss/pred/bio.csv
fives,last,gbdt,skan4,False,cfloss,continued,1,200,4,2000,0.6898666666666666,0.6380889688999283,0.7395316543156023,-0.015133333333333332,-0.04239451303879922,0.013289732601207666,-0.0030000000000000027,-0.05309377613712172,0.04872101609092334,AMD=50;DR=50;Glaucoma=50;Normal=50,FD_skan+tortuosity_skan+density_skan+total_length_skan,"src/pivot/p3_downstream.py cv_proba (5-fold stratified x3 repeats, logreg/GBDT)",runs/pivot/fives/seed1/cfloss/pred/bio.csv
fives,last,gbdt,skan4,False,cfloss,baseline,2,200,4,2000,0.7023999999999999,0.6510958734109378,0.7519588237832221,0.026599999999999846,-0.0027042007638474804,0.05610139421462902,-0.015533333333333288,-0.06357999747899262,0.029459294306729552,AMD=50;DR=50;Glaucoma=50;Normal=50,FD_skan+tortuosity_skan+density_skan+total_length_skan,"src/pivot/p3_downstream.py cv_proba (5-fold stratified x3 repeats, logreg/GBDT)",runs/pivot/fives/seed2/cfloss/pred/bio.csv
fives,last,gbdt,skan4,False,cfloss,continued,2,200,4,2000,0.7023999999999999,0.6510958734109378,0.7519588237832221,-0.021433333333333415,-0.0530651250989021,0.00940875994861657,-0.015533333333333288,-0.06357999747899262,0.029459294306729552,AMD=50;DR=50;Glaucoma=50;Normal=50,FD_skan+tortuosity_skan+density_skan+total_length_skan,"src/pivot/p3_downstream.py cv_proba (5-fold stratified x3 repeats, logreg/GBDT)",runs/pivot/fives/seed2/cfloss/pred/bio.csv
fives,last,gbdt,skan4,False,continued,baseline,0,200,4,2000,0.7047000000000001,0.6515050591571147,0.7550271403068558,-0.01403333333333312,-0.042284105741888685,0.015366301058877745,-0.01783333333333348,-0.06723840532197693,0.030530003670589372,AMD=50;DR=50;Glaucoma=50;Normal=50,FD_skan+tortuosity_skan+density_skan+total_length_skan,"src/pivot/p3_downstream.py cv_proba (5-fold stratified x3 repeats, logreg/GBDT)",runs/pivot/fives/seed0/continued/pred/bio.csv
fives,last,gbdt,skan4,False,continued,baseline,1,200,4,2000,0.705,0.6546820357766021,0.7553944796743718,-0.011699999999999933,-0.038567444214295137,0.015719983049979142,-0.018133333333333335,-0.0647965823892844,0.028424382271993186,AMD=50;DR=50;Glaucoma=50;Normal=50,FD_skan+tortuosity_skan+density_skan+total_length_skan,"src/pivot/p3_downstream.py cv_proba (5-fold stratified x3 repeats, logreg/GBDT)",runs/pivot/fives/seed1/continued/pred/bio.csv
fives,last,gbdt,skan4,False,continued,baseline,2,200,4,2000,0.7238333333333333,0.6745463612485504,0.7726455076179481,0.04803333333333326,0.013778603360669398,0.08134628552071489,-0.0369666666666667,-0.08567902143049347,0.012645012629361928,AMD=50;DR=50;Glaucoma=50;Normal=50,FD_skan+tortuosity_skan+density_skan+total_length_skan,"src/pivot/p3_downstream.py cv_proba (5-fold stratified x3 repeats, logreg/GBDT)",runs/pivot/fives/seed2/continued/pred/bio.csv
fives,last,gbdt,skan4,False,reliseg,baseline,0,200,4,2000,0.7561666666666668,0.7080249016181092,0.8020788226420659,0.03743333333333354,0.004209178346595485,0.07480970873450675,-0.06930000000000014,-0.11945913653292702,-0.021153033723320724,AMD=50;DR=50;Glaucoma=50;Normal=50,FD_skan+tortuosity_skan+density_skan+total_length_skan,"src/pivot/p3_downstream.py cv_proba (5-fold stratified x3 repeats, logreg/GBDT)",runs/pivot/fives/seed0/reliseg/pred/bio.csv
fives,last,gbdt,skan4,False,reliseg,continued,0,200,4,2000,0.7561666666666668,0.7080249016181092,0.8020788226420659,0.05146666666666666,0.021624742757437154,0.08323634684622545,-0.06930000000000014,-0.11945913653292702,-0.021153033723320724,AMD=50;DR=50;Glaucoma=50;Normal=50,FD_skan+tortuosity_skan+density_skan+total_length_skan,"src/pivot/p3_downstream.py cv_proba (5-fold stratified x3 repeats, logreg/GBDT)",runs/pivot/fives/seed0/reliseg/pred/bio.csv
fives,last,gbdt,skan4,False,reliseg,baseline,1,200,4,2000,0.6839333333333333,0.6334566627043697,0.7348890581460047,-0.03276666666666661,-0.06501978990490231,-0.0009743678330026514,0.0029333333333333433,-0.04289810898839711,0.049059532891952376,AMD=50;DR=50;Glaucoma=50;Normal=50,FD_skan+tortuosity_skan+density_skan+total_length_skan,"src/pivot/p3_downstream.py cv_proba (5-fold stratified x3 repeats, logreg/GBDT)",runs/pivot/fives/seed1/reliseg/pred/bio.csv
fives,last,gbdt,skan4,False,reliseg,continued,1,200,4,2000,0.6839333333333333,0.6334566627043697,0.7348890581460047,-0.021066666666666678,-0.049470262110206206,0.008226971599313133,0.0029333333333333433,-0.04289810898839711,0.049059532891952376,AMD=50;DR=50;Glaucoma=50;Normal=50,FD_skan+tortuosity_skan+density_skan+total_length_skan,"src/pivot/p3_downstream.py cv_proba (5-fold stratified x3 repeats, logreg/GBDT)",runs/pivot/fives/seed1/reliseg/pred/bio.csv
fives,last,gbdt,skan4,False,reliseg,baseline,2,200,4,2000,0.7233666666666666,0.6736739079902001,0.7703936509929048,0.047566666666666535,0.012244253534551663,0.08251637080237753,-0.03649999999999998,-0.0838029986535629,0.009301147765334757,AMD=50;DR=50;Glaucoma=50;Normal=50,FD_skan+tortuosity_skan+density_skan+total_length_skan,"src/pivot/p3_downstream.py cv_proba (5-fold stratified x3 repeats, logreg/GBDT)",runs/pivot/fives/seed2/reliseg/pred/bio.csv
fives,last,gbdt,skan4,False,reliseg,continued,2,200,4,2000,0.7233666666666666,0.6736739079902001,0.7703936509929048,-0.0004666666666667263,-0.030473573051338874,0.029547949557014046,-0.03649999999999998,-0.0838029986535629,0.009301147765334757,AMD=50;DR=50;Glaucoma=50;Normal=50,FD_skan+tortuosity_skan+density_skan+total_length_skan,"src/pivot/p3_downstream.py cv_proba (5-fold stratified x3 repeats, logreg/GBDT)",runs/pivot/fives/seed2/reliseg/pred/bio.csv
fives,last,gbdt,skan4,False,reliseg_nocl,baseline,0,200,4,2000,0.7192000000000001,0.6667812274026984,0.7680782775581514,0.0004666666666668373,-0.033900778582623387,0.0353642375562512,-0.032333333333333436,-0.08274109673527547,0.01708499138474042,AMD=50;DR=50;Glaucoma=50;Normal=50,FD_skan+tortuosity_skan+density_skan+total_length_skan,"src/pivot/p3_downstream.py cv_proba (5-fold stratified x3 repeats, logreg/GBDT)",runs/pivot/fives/seed0/reliseg_nocl/pred/bio.csv
fives,last,gbdt,skan4,False,reliseg_nocl,continued,0,200,4,2000,0.7192000000000001,0.6667812274026984,0.7680782775581514,0.014499999999999957,-0.015289795776467573,0.04513745397993282,-0.032333333333333436,-0.08274109673527547,0.01708499138474042,AMD=50;DR=50;Glaucoma=50;Normal=50,FD_skan+tortuosity_skan+density_skan+total_length_skan,"src/pivot/p3_downstream.py cv_proba (5-fold stratified x3 repeats, logreg/GBDT)",runs/pivot/fives/seed0/reliseg_nocl/pred/bio.csv
fives,last,gbdt,skan4,False,reliseg_nocl,baseline,1,200,4,2000,0.7075,0.6564161612836373,0.7585984420209657,-0.009199999999999875,-0.04262497545061752,0.026688446164362487,-0.020633333333333392,-0.0677398070620778,0.026280973235284315,AMD=50;DR=50;Glaucoma=50;Normal=50,FD_skan+tortuosity_skan+density_skan+total_length_skan,"src/pivot/p3_downstream.py cv_proba (5-fold stratified x3 repeats, logreg/GBDT)",runs/pivot/fives/seed1/reliseg_nocl/pred/bio.csv
fives,last,gbdt,skan4,False,reliseg_nocl,continued,1,200,4,2000,0.7075,0.6564161612836373,0.7585984420209657,0.0025000000000000577,-0.028033988860630406,0.03390504564507784,-0.020633333333333392,-0.0677398070620778,0.026280973235284315,AMD=50;DR=50;Glaucoma=50;Normal=50,FD_skan+tortuosity_skan+density_skan+total_length_skan,"src/pivot/p3_downstream.py cv_proba (5-fold stratified x3 repeats, logreg/GBDT)",runs/pivot/fives/seed1/reliseg_nocl/pred/bio.csv
fives,last,gbdt,skan4,False,reliseg_nocl,baseline,2,200,4,2000,0.7109333333333333,0.6618016609822249,0.7605623757465457,0.03513333333333324,0.0032262050562894776,0.06712318612943181,-0.02406666666666668,-0.07001701016778865,0.019919205071191094,AMD=50;DR=50;Glaucoma=50;Normal=50,FD_skan+tortuosity_skan+density_skan+total_length_skan,"src/pivot/p3_downstream.py cv_proba (5-fold stratified x3 repeats, logreg/GBDT)",runs/pivot/fives/seed2/reliseg_nocl/pred/bio.csv
fives,last,gbdt,skan4,False,reliseg_nocl,continued,2,200,4,2000,0.7109333333333333,0.6618016609822249,0.7605623757465457,-0.012900000000000023,-0.046664269568686724,0.01980277909512292,-0.02406666666666668,-0.07001701016778865,0.019919205071191094,AMD=50;DR=50;Glaucoma=50;Normal=50,FD_skan+tortuosity_skan+density_skan+total_length_skan,"src/pivot/p3_downstream.py cv_proba (5-fold stratified x3 repeats, logreg/GBDT)",runs/pivot/fives/seed2/reliseg_nocl/pred/bio.csv
fives,last,logreg,primary8,False,gt,baseline,-,200,4,2000,0.7182999999999999,0.6735992753214824,0.7629693729100181,,,,0.0,0.0,0.0,AMD=50;DR=50;Glaucoma=50;Normal=50,FD_pvbm+FD_skan+tortuosity_pvbm+tortuosity_skan+density_pvbm+density_skan+total_length_pvbm+total_length_skan,"src/pivot/p3_downstream.py cv_proba (5-fold stratified x3 repeats, logreg/GBDT)","results/pivot/bio_master.csv (source=gt, split=test)"
fives,last,logreg,primary8,False,baseline,baseline,0,200,4,2000,0.7169333333333334,0.6679126684590483,0.7614896799858544,,,,0.0013666666666665162,-0.028520477216503116,0.03267041706204249,AMD=50;DR=50;Glaucoma=50;Normal=50,FD_pvbm+FD_skan+tortuosity_pvbm+tortuosity_skan+density_pvbm+density_skan+total_length_pvbm+total_length_skan,"src/pivot/p3_downstream.py cv_proba (5-fold stratified x3 repeats, logreg/GBDT)",runs/pivot/fives/seed0/baseline/pred/bio.csv
fives,last,logreg,primary8,False,baseline,continued,0,200,4,2000,0.7169333333333334,0.6679126684590483,0.7614896799858544,0.008066666666666666,-0.0035038705852324077,0.02056019563145497,0.0013666666666665162,-0.028520477216503116,0.03267041706204249,AMD=50;DR=50;Glaucoma=50;Normal=50,FD_pvbm+FD_skan+tortuosity_pvbm+tortuosity_skan+density_pvbm+density_skan+total_length_pvbm+total_length_skan,"src/pivot/p3_downstream.py cv_proba (5-fold stratified x3 repeats, logreg/GBDT)",runs/pivot/fives/seed0/baseline/pred/bio.csv
fives,last,logreg,primary8,False,baseline,baseline,1,200,4,2000,0.7133666666666667,0.6644895435601974,0.75851374455919,,,,0.004933333333333234,-0.023620838155343413,0.035202417745476174,AMD=50;DR=50;Glaucoma=50;Normal=50,FD_pvbm+FD_skan+tortuosity_pvbm+tortuosity_skan+density_pvbm+density_skan+total_length_pvbm+total_length_skan,"src/pivot/p3_downstream.py cv_proba (5-fold stratified x3 repeats, logreg/GBDT)",runs/pivot/fives/seed1/baseline/pred/bio.csv
fives,last,logreg,primary8,False,baseline,continued,1,200,4,2000,0.7133666666666667,0.6644895435601974,0.75851374455919,-0.0025333333333332764,-0.01729907458477552,0.009959230815910096,0.004933333333333234,-0.023620838155343413,0.035202417745476174,AMD=50;DR=50;Glaucoma=50;Normal=50,FD_pvbm+FD_skan+tortuosity_pvbm+tortuosity_skan+density_pvbm+density_skan+total_length_pvbm+total_length_skan,"src/pivot/p3_downstream.py cv_proba (5-fold stratified x3 repeats, logreg/GBDT)",runs/pivot/fives/seed1/baseline/pred/bio.csv
fives,last,logreg,primary8,False,baseline,baseline,2,200,4,2000,0.7098333333333333,0.6586027871207802,0.7554804979314804,,,,0.008466666666666622,-0.02334521818078138,0.042214504104528386,AMD=50;DR=50;Glaucoma=50;Normal=50,FD_pvbm+FD_skan+tortuosity_pvbm+tortuosity_skan+density_pvbm+density_skan+total_length_pvbm+total_length_skan,"src/pivot/p3_downstream.py cv_proba (5-fold stratified x3 repeats, logreg/GBDT)",runs/pivot/fives/seed2/baseline/pred/bio.csv
fives,last,logreg,primary8,False,baseline,continued,2,200,4,2000,0.7098333333333333,0.6586027871207802,0.7554804979314804,0.0004333333333331746,-0.01868667316128902,0.017946223355247426,0.008466666666666622,-0.02334521818078138,0.042214504104528386,AMD=50;DR=50;Glaucoma=50;Normal=50,FD_pvbm+FD_skan+tortuosity_pvbm+tortuosity_skan+density_pvbm+density_skan+total_length_pvbm+total_length_skan,"src/pivot/p3_downstream.py cv_proba (5-fold stratified x3 repeats, logreg/GBDT)",runs/pivot/fives/seed2/baseline/pred/bio.csv
fives,last,logreg,primary8,False,cfloss,baseline,0,200,4,2000,0.6994333333333334,0.6507855974637456,0.744148854583457,-0.01750000000000007,-0.03738610309614415,0.0005712106779578284,0.018866666666666587,-0.01103246196926862,0.04901938624204167,AMD=50;DR=50;Glaucoma=50;Normal=50,FD_pvbm+FD_skan+tortuosity_pvbm+tortuosity_skan+density_pvbm+density_skan+total_length_pvbm+total_length_skan,"src/pivot/p3_downstream.py cv_proba (5-fold stratified x3 repeats, logreg/GBDT)",runs/pivot/fives/seed0/cfloss/pred/bio.csv
fives,last,logreg,primary8,False,cfloss,continued,0,200,4,2000,0.6994333333333334,0.6507855974637456,0.744148854583457,-0.009433333333333405,-0.025854084271404003,0.0049840565155636184,0.018866666666666587,-0.01103246196926862,0.04901938624204167,AMD=50;DR=50;Glaucoma=50;Normal=50,FD_pvbm+FD_skan+tortuosity_pvbm+tortuosity_skan+density_pvbm+density_skan+total_length_pvbm+total_length_skan,"src/pivot/p3_downstream.py cv_proba (5-fold stratified x3 repeats, logreg/GBDT)",runs/pivot/fives/seed0/cfloss/pred/bio.csv
fives,last,logreg,primary8,False,cfloss,baseline,1,200,4,2000,0.7177333333333333,0.6680622132511573,0.7629936775306441,0.00436666666666663,-0.005593412261487465,0.013922153585764886,0.0005666666666666043,-0.02909138193416166,0.032505794766623984,AMD=50;DR=50;Glaucoma=50;Normal=50,FD_pvbm+FD_skan+tortuosity_pvbm+tortuosity_skan+density_pvbm+density_skan+total_length_pvbm+total_length_skan,"src/pivot/p3_downstream.py cv_proba (5-fold stratified x3 repeats, logreg/GBDT)",runs/pivot/fives/seed1/cfloss/pred/bio.csv
fives,last,logreg,primary8,False,cfloss,continued,1,200,4,2000,0.7177333333333333,0.6680622132511573,0.7629936775306441,0.0018333333333333535,-0.016059471574041632,0.015094232397434524,0.0005666666666666043,-0.02909138193416166,0.032505794766623984,AMD=50;DR=50;Glaucoma=50;Normal=50,FD_pvbm+FD_skan+tortuosity_pvbm+tortuosity_skan+density_pvbm+density_skan+total_length_pvbm+total_length_skan,"src/pivot/p3_downstream.py cv_proba (5-fold stratified x3 repeats, logreg/GBDT)",runs/pivot/fives/seed1/cfloss/pred/bio.csv
fives,last,logreg,primary8,False,cfloss,baseline,2,200,4,2000,0.7186,0.6700079058099965,0.764126556887683,0.0087666666666667,-0.005579337865274095,0.025725942234532735,-0.000300000000000078,-0.02833635253291088,0.028458573698396848,AMD=50;DR=50;Glaucoma=50;Normal=50,FD_pvbm+FD_skan+tortuosity_pvbm+tortuosity_skan+density_pvbm+density_skan+total_length_pvbm+total_length_skan,"src/pivot/p3_downstream.py cv_proba (5-fold stratified x3 repeats, logreg/GBDT)",runs/pivot/fives/seed2/cfloss/pred/bio.csv
fives,last,logreg,primary8,False,cfloss,continued,2,200,4,2000,0.7186,0.6700079058099965,0.764126556887683,0.009199999999999875,-0.006177584309737841,0.024669589466979815,-0.000300000000000078,-0.02833635253291088,0.028458573698396848,AMD=50;DR=50;Glaucoma=50;Normal=50,FD_pvbm+FD_skan+tortuosity_pvbm+tortuosity_skan+density_pvbm+density_skan+total_length_pvbm+total_length_skan,"src/pivot/p3_downstream.py cv_proba (5-fold stratified x3 repeats, logreg/GBDT)",runs/pivot/fives/seed2/cfloss/pred/bio.csv
fives,last,logreg,primary8,False,continued,baseline,0,200,4,2000,0.7088666666666668,0.659728588337191,0.7533833543903257,-0.008066666666666666,-0.020560195631454982,0.003503870585232407,0.009433333333333183,-0.020122448830892203,0.03988163735964885,AMD=50;DR=50;Glaucoma=50;Normal=50,FD_pvbm+FD_skan+tortuosity_pvbm+tortuosity_skan+density_pvbm+density_skan+total_length_pvbm+total_length_skan,"src/pivot/p3_downstream.py cv_proba (5-fold stratified x3 repeats, logreg/GBDT)",runs/pivot/fives/seed0/continued/pred/bio.csv
fives,last,logreg,primary8,False,continued,baseline,1,200,4,2000,0.7159,0.6662535614327781,0.7612117620155876,0.0025333333333332764,-0.009959230815910117,0.01729907458477551,0.0023999999999999577,-0.026036986931415138,0.03115817887055875,AMD=50;DR=50;Glaucoma=50;Normal=50,FD_pvbm+FD_skan+tortuosity_pvbm+tortuosity_skan+density_pvbm+density_skan+total_length_pvbm+total_length_skan,"src/pivot/p3_downstream.py cv_proba (5-fold stratified x3 repeats, logreg/GBDT)",runs/pivot/fives/seed1/continued/pred/bio.csv
fives,last,logreg,primary8,False,continued,baseline,2,200,4,2000,0.7094000000000001,0.6615142945029593,0.753150743483653,-0.0004333333333331746,-0.017946223355247433,0.018686673161289014,0.008899999999999797,-0.02246982272750218,0.04033087238386443,AMD=50;DR=50;Glaucoma=50;Normal=50,FD_pvbm+FD_skan+tortuosity_pvbm+tortuosity_skan+density_pvbm+density_skan+total_length_pvbm+total_length_skan,"src/pivot/p3_downstream.py cv_proba (5-fold stratified x3 repeats, logreg/GBDT)",runs/pivot/fives/seed2/continued/pred/bio.csv
fives,last,logreg,primary8,False,reliseg,baseline,0,200,4,2000,0.7202666666666667,0.6718571721830936,0.7656757068386943,0.0033333333333332993,-0.013942443036883459,0.018530449763003436,-0.001966666666666783,-0.033193486824235396,0.030388549599378117,AMD=50;DR=50;Glaucoma=50;Normal=50,FD_pvbm+FD_skan+tortuosity_pvbm+tortuosity_skan+density_pvbm+density_skan+total_length_pvbm+total_length_skan,"src/pivot/p3_downstream.py cv_proba (5-fold stratified x3 repeats, logreg/GBDT)",runs/pivot/fives/seed0/reliseg/pred/bio.csv
fives,last,logreg,primary8,False,reliseg,continued,0,200,4,2000,0.7202666666666667,0.6718571721830936,0.7656757068386943,0.011399999999999966,-0.004996533902682059,0.02679364341644612,-0.001966666666666783,-0.033193486824235396,0.030388549599378117,AMD=50;DR=50;Glaucoma=50;Normal=50,FD_pvbm+FD_skan+tortuosity_pvbm+tortuosity_skan+density_pvbm+density_skan+total_length_pvbm+total_length_skan,"src/pivot/p3_downstream.py cv_proba (5-fold stratified x3 repeats, logreg/GBDT)",runs/pivot/fives/seed0/reliseg/pred/bio.csv
fives,last,logreg,primary8,False,reliseg,baseline,1,200,4,2000,0.7308,0.6842377108860292,0.7750669647082765,0.0174333333333333,0.004204046846318079,0.0322665586301619,-0.012500000000000067,-0.0416187057469037,0.01707500975647003,AMD=50;DR=50;Glaucoma=50;Normal=50,FD_pvbm+FD_skan+tortuosity_pvbm+tortuosity_skan+density_pvbm+density_skan+total_length_pvbm+total_length_skan,"src/pivot/p3_downstream.py cv_proba (5-fold stratified x3 repeats, logreg/GBDT)",runs/pivot/fives/seed1/reliseg/pred/bio.csv
fives,last,logreg,primary8,False,reliseg,continued,1,200,4,2000,0.7308,0.6842377108860292,0.7750669647082765,0.014900000000000024,0.003480142597483038,0.026691233046615612,-0.012500000000000067,-0.0416187057469037,0.01707500975647003,AMD=50;DR=50;Glaucoma=50;Normal=50,FD_pvbm+FD_skan+tortuosity_pvbm+tortuosity_skan+density_pvbm+density_skan+total_length_pvbm+total_length_skan,"src/pivot/p3_downstream.py cv_proba (5-fold stratified x3 repeats, logreg/GBDT)",runs/pivot/fives/seed1/reliseg/pred/bio.csv
fives,last,logreg,primary8,False,reliseg,baseline,2,200,4,2000,0.7173666666666667,0.671594886509207,0.7607641472070097,0.007533333333333392,-0.011788998333068337,0.027912233017409336,0.0009333333333332305,-0.030223190726309575,0.031802664970965705,AMD=50;DR=50;Glaucoma=50;Normal=50,FD_pvbm+FD_skan+tortuosity_pvbm+tortuosity_skan+density_pvbm+density_skan+total_length_pvbm+total_length_skan,"src/pivot/p3_downstream.py cv_proba (5-fold stratified x3 repeats, logreg/GBDT)",runs/pivot/fives/seed2/reliseg/pred/bio.csv
fives,last,logreg,primary8,False,reliseg,continued,2,200,4,2000,0.7173666666666667,0.671594886509207,0.7607641472070097,0.007966666666666566,-0.008508585847483699,0.023901884884025133,0.0009333333333332305,-0.030223190726309575,0.031802664970965705,AMD=50;DR=50;Glaucoma=50;Normal=50,FD_pvbm+FD_skan+tortuosity_pvbm+tortuosity_skan+density_pvbm+density_skan+total_length_pvbm+total_length_skan,"src/pivot/p3_downstream.py cv_proba (5-fold stratified x3 repeats, logreg/GBDT)",runs/pivot/fives/seed2/reliseg/pred/bio.csv
fives,last,logreg,primary8,False,reliseg_nocl,baseline,0,200,4,2000,0.7183999999999999,0.6685205252449804,0.7644410082725831,0.0014666666666665051,-0.009423377721750517,0.01187965516290654,-9.999999999998899e-05,-0.031121261612744998,0.031596460953942314,AMD=50;DR=50;Glaucoma=50;Normal=50,FD_pvbm+FD_skan+tortuosity_pvbm+tortuosity_skan+density_pvbm+density_skan+total_length_pvbm+total_length_skan,"src/pivot/p3_downstream.py cv_proba (5-fold stratified x3 repeats, logreg/GBDT)",runs/pivot/fives/seed0/reliseg_nocl/pred/bio.csv
fives,last,logreg,primary8,False,reliseg_nocl,continued,0,200,4,2000,0.7183999999999999,0.6685205252449804,0.7644410082725831,0.009533333333333172,-0.004623351944583958,0.02428685379937989,-9.999999999998899e-05,-0.031121261612744998,0.031596460953942314,AMD=50;DR=50;Glaucoma=50;Normal=50,FD_pvbm+FD_skan+tortuosity_pvbm+tortuosity_skan+density_pvbm+density_skan+total_length_pvbm+total_length_skan,"src/pivot/p3_downstream.py cv_proba (5-fold stratified x3 repeats, logreg/GBDT)",runs/pivot/fives/seed0/reliseg_nocl/pred/bio.csv
fives,last,logreg,primary8,False,reliseg_nocl,baseline,1,200,4,2000,0.7111,0.6630377459885939,0.7561794312998941,-0.00226666666666675,-0.011467564601718013,0.007335658920473145,0.007199999999999984,-0.019523966350105417,0.03401846039118075,AMD=50;DR=50;Glaucoma=50;Normal=50,FD_pvbm+FD_skan+tortuosity_pvbm+tortuosity_skan+density_pvbm+density_skan+total_length_pvbm+total_length_skan,"src/pivot/p3_downstream.py cv_proba (5-fold stratified x3 repeats, logreg/GBDT)",runs/pivot/fives/seed1/reliseg_nocl/pred/bio.csv
fives,last,logreg,primary8,False,reliseg_nocl,continued,1,200,4,2000,0.7111,0.6630377459885939,0.7561794312998941,-0.0048000000000000265,-0.01659238447903138,0.006128849977100963,0.007199999999999984,-0.019523966350105417,0.03401846039118075,AMD=50;DR=50;Glaucoma=50;Normal=50,FD_pvbm+FD_skan+tortuosity_pvbm+tortuosity_skan+density_pvbm+density_skan+total_length_pvbm+total_length_skan,"src/pivot/p3_downstream.py cv_proba (5-fold stratified x3 repeats, logreg/GBDT)",runs/pivot/fives/seed1/reliseg_nocl/pred/bio.csv
fives,last,logreg,primary8,False,reliseg_nocl,baseline,2,200,4,2000,0.7239000000000001,0.6778119504852266,0.7671390097483936,0.014066666666666783,-0.0025263536145000653,0.03306230530933675,-0.00560000000000016,-0.03670209292105059,0.023776349370664463,AMD=50;DR=50;Glaucoma=50;Normal=50,FD_pvbm+FD_skan+tortuosity_pvbm+tortuosity_skan+density_pvbm+density_skan+total_length_pvbm+total_length_skan,"src/pivot/p3_downstream.py cv_proba (5-fold stratified x3 repeats, logreg/GBDT)",runs/pivot/fives/seed2/reliseg_nocl/pred/bio.csv
fives,last,logreg,primary8,False,reliseg_nocl,continued,2,200,4,2000,0.7239000000000001,0.6778119504852266,0.7671390097483936,0.014499999999999957,0.0017904638860188143,0.028327068806544693,-0.00560000000000016,-0.03670209292105059,0.023776349370664463,AMD=50;DR=50;Glaucoma=50;Normal=50,FD_pvbm+FD_skan+tortuosity_pvbm+tortuosity_skan+density_pvbm+density_skan+total_length_pvbm+total_length_skan,"src/pivot/p3_downstream.py cv_proba (5-fold stratified x3 repeats, logreg/GBDT)",runs/pivot/fives/seed2/reliseg_nocl/pred/bio.csv
fives,last,gbdt,primary8,False,gt,baseline,-,200,4,2000,0.6924333333333333,0.6443964971701803,0.7380786571433609,,,,0.0,0.0,0.0,AMD=50;DR=50;Glaucoma=50;Normal=50,FD_pvbm+FD_skan+tortuosity_pvbm+tortuosity_skan+density_pvbm+density_skan+total_length_pvbm+total_length_skan,"src/pivot/p3_downstream.py cv_proba (5-fold stratified x3 repeats, logreg/GBDT)","results/pivot/bio_master.csv (source=gt, split=test)"
fives,last,gbdt,primary8,False,baseline,baseline,0,200,4,2000,0.7081999999999999,0.655859663762568,0.7599430572040025,,,,-0.015766666666666596,-0.05941569313039652,0.030043160300981815,AMD=50;DR=50;Glaucoma=50;Normal=50,FD_pvbm+FD_skan+tortuosity_pvbm+tortuosity_skan+density_pvbm+density_skan+total_length_pvbm+total_length_skan,"src/pivot/p3_downstream.py cv_proba (5-fold stratified x3 repeats, logreg/GBDT)",runs/pivot/fives/seed0/baseline/pred/bio.csv
fives,last,gbdt,primary8,False,baseline,continued,0,200,4,2000,0.7081999999999999,0.655859663762568,0.7599430572040025,-0.010466666666666846,-0.04008933535275687,0.01911853724163822,-0.015766666666666596,-0.05941569313039652,0.030043160300981815,AMD=50;DR=50;Glaucoma=50;Normal=50,FD_pvbm+FD_skan+tortuosity_pvbm+tortuosity_skan+density_pvbm+density_skan+total_length_pvbm+total_length_skan,"src/pivot/p3_downstream.py cv_proba (5-fold stratified x3 repeats, logreg/GBDT)",runs/pivot/fives/seed0/baseline/pred/bio.csv
fives,last,gbdt,primary8,False,baseline,baseline,1,200,4,2000,0.7219333333333333,0.6711309836021327,0.7706316528210114,,,,-0.02949999999999997,-0.07411375817745097,0.0163120653740328,AMD=50;DR=50;Glaucoma=50;Normal=50,FD_pvbm+FD_skan+tortuosity_pvbm+tortuosity_skan+density_pvbm+density_skan+total_length_pvbm+total_length_skan,"src/pivot/p3_downstream.py cv_proba (5-fold stratified x3 repeats, logreg/GBDT)",runs/pivot/fives/seed1/baseline/pred/bio.csv
fives,last,gbdt,primary8,False,baseline,continued,1,200,4,2000,0.7219333333333333,0.6711309836021327,0.7706316528210114,0.01526666666666665,-0.012490932648068132,0.045730816974828614,-0.02949999999999997,-0.07411375817745097,0.0163120653740328,AMD=50;DR=50;Glaucoma=50;Normal=50,FD_pvbm+FD_skan+tortuosity_pvbm+tortuosity_skan+density_pvbm+density_skan+total_length_pvbm+total_length_skan,"src/pivot/p3_downstream.py cv_proba (5-fold stratified x3 repeats, logreg/GBDT)",runs/pivot/fives/seed1/baseline/pred/bio.csv
fives,last,gbdt,primary8,False,baseline,baseline,2,200,4,2000,0.6789333333333333,0.626166055338255,0.7314159740985102,,,,0.013500000000000068,-0.03377271925510518,0.06138857219782886,AMD=50;DR=50;Glaucoma=50;Normal=50,FD_pvbm+FD_skan+tortuosity_pvbm+tortuosity_skan+density_pvbm+density_skan+total_length_pvbm+total_length_skan,"src/pivot/p3_downstream.py cv_proba (5-fold stratified x3 repeats, logreg/GBDT)",runs/pivot/fives/seed2/baseline/pred/bio.csv
fives,last,gbdt,primary8,False,baseline,continued,2,200,4,2000,0.6789333333333333,0.626166055338255,0.7314159740985102,-0.03850000000000009,-0.07835218418558587,0.00026909588935397015,0.013500000000000068,-0.03377271925510518,0.06138857219782886,AMD=50;DR=50;Glaucoma=50;Normal=50,FD_pvbm+FD_skan+tortuosity_pvbm+tortuosity_skan+density_pvbm+density_skan+total_length_pvbm+total_length_skan,"src/pivot/p3_downstream.py cv_proba (5-fold stratified x3 repeats, logreg/GBDT)",runs/pivot/fives/seed2/baseline/pred/bio.csv
fives,last,gbdt,primary8,False,cfloss,baseline,0,200,4,2000,0.7144999999999999,0.662783668616399,0.7681737611019611,0.006299999999999972,-0.02850589575414607,0.03991813636942406,-0.022066666666666568,-0.07077905954597433,0.025301913280357323,AMD=50;DR=50;Glaucoma=50;Normal=50,FD_pvbm+FD_skan+tortuosity_pvbm+tortuosity_skan+density_pvbm+density_skan+total_length_pvbm+total_length_skan,"src/pivot/p3_downstream.py cv_proba (5-fold stratified x3 repeats, logreg/GBDT)",runs/pivot/fives/seed0/cfloss/pred/bio.csv
fives,last,gbdt,primary8,False,cfloss,continued,0,200,4,2000,0.7144999999999999,0.662783668616399,0.7681737611019611,-0.004166666666666874,-0.0385270808072145,0.030015870864696193,-0.022066666666666568,-0.07077905954597433,0.025301913280357323,AMD=50;DR=50;Glaucoma=50;Normal=50,FD_pvbm+FD_skan+tortuosity_pvbm+tortuosity_skan+density_pvbm+density_skan+total_length_pvbm+total_length_skan,"src/pivot/p3_downstream.py cv_proba (5-fold stratified x3 repeats, logreg/GBDT)",runs/pivot/fives/seed0/cfloss/pred/bio.csv
fives,last,gbdt,primary8,False,cfloss,baseline,1,200,4,2000,0.6937666666666666,0.6442559918873665,0.744011803325085,-0.028166666666666673,-0.05768935537099804,0.00032313562274376736,-0.0013333333333332975,-0.04772515130422575,0.04722685251631928,AMD=50;DR=50;Glaucoma=50;Normal=50,FD_pvbm+FD_skan+tortuosity_pvbm+tortuosity_skan+density_pvbm+density_skan+total_length_pvbm+total_length_skan,"src/pivot/p3_downstream.py cv_proba (5-fold stratified x3 repeats, logreg/GBDT)",runs/pivot/fives/seed1/cfloss/pred/bio.csv
fives,last,gbdt,primary8,False,cfloss,continued,1,200,4,2000,0.6937666666666666,0.6442559918873665,0.744011803325085,-0.012900000000000023,-0.04315081696842886,0.017349061512672074,-0.0013333333333332975,-0.04772515130422575,0.04722685251631928,AMD=50;DR=50;Glaucoma=50;Normal=50,FD_pvbm+FD_skan+tortuosity_pvbm+tortuosity_skan+density_pvbm+density_skan+total_length_pvbm+total_length_skan,"src/pivot/p3_downstream.py cv_proba (5-fold stratified x3 repeats, logreg/GBDT)",runs/pivot/fives/seed1/cfloss/pred/bio.csv
fives,last,gbdt,primary8,False,cfloss,baseline,2,200,4,2000,0.6972666666666666,0.6466495902861723,0.7493847931070072,0.018333333333333313,-0.014794610890904733,0.051759553852788465,-0.004833333333333245,-0.05238092162033382,0.04091970960388125,AMD=50;DR=50;Glaucoma=50;Normal=50,FD_pvbm+FD_skan+tortuosity_pvbm+tortuosity_skan+density_pvbm+density_skan+total_length_pvbm+total_length_skan,"src/pivot/p3_downstream.py cv_proba (5-fold stratified x3 repeats, logreg/GBDT)",runs/pivot/fives/seed2/cfloss/pred/bio.csv
fives,last,gbdt,primary8,False,cfloss,continued,2,200,4,2000,0.6972666666666666,0.6466495902861723,0.7493847931070072,-0.020166666666666777,-0.05743310289688405,0.016610184012827524,-0.004833333333333245,-0.05238092162033382,0.04091970960388125,AMD=50;DR=50;Glaucoma=50;Normal=50,FD_pvbm+FD_skan+tortuosity_pvbm+tortuosity_skan+density_pvbm+density_skan+total_length_pvbm+total_length_skan,"src/pivot/p3_downstream.py cv_proba (5-fold stratified x3 repeats, logreg/GBDT)",runs/pivot/fives/seed2/cfloss/pred/bio.csv
fives,last,gbdt,primary8,False,continued,baseline,0,200,4,2000,0.7186666666666668,0.6665078482413218,0.7687461379574693,0.010466666666666846,-0.01911853724163823,0.04008933535275687,-0.026233333333333442,-0.07251621939855481,0.023707216705749493,AMD=50;DR=50;Glaucoma=50;Normal=50,FD_pvbm+FD_skan+tortuosity_pvbm+tortuosity_skan+density_pvbm+density_skan+total_length_pvbm+total_length_skan,"src/pivot/p3_downstream.py cv_proba (5-fold stratified x3 repeats, logreg/GBDT)",runs/pivot/fives/seed0/continued/pred/bio.csv
fives,last,gbdt,primary8,False,continued,baseline,1,200,4,2000,0.7066666666666667,0.6562244599833431,0.756509530673992,-0.01526666666666665,-0.04573081697482863,0.01249093264806809,-0.01423333333333332,-0.058561347797812524,0.03372857008860754,AMD=50;DR=50;Glaucoma=50;Normal=50,FD_pvbm+FD_skan+tortuosity_pvbm+tortuosity_skan+density_pvbm+density_skan+total_length_pvbm+total_length_skan,"src/pivot/p3_downstream.py cv_proba (5-fold stratified x3 repeats, logreg/GBDT)",runs/pivot/fives/seed1/continued/pred/bio.csv
fives,last,gbdt,primary8,False,continued,baseline,2,200,4,2000,0.7174333333333334,0.6676985670105051,0.768384569535574,0.03850000000000009,-0.0002690958893540257,0.07835218418558586,-0.025000000000000022,-0.07223946643207209,0.01944771208321349,AMD=50;DR=50;Glaucoma=50;Normal=50,FD_pvbm+FD_skan+tortuosity_pvbm+tortuosity_skan+density_pvbm+density_skan+total_length_pvbm+total_length_skan,"src/pivot/p3_downstream.py cv_proba (5-fold stratified x3 repeats, logreg/GBDT)",runs/pivot/fives/seed2/continued/pred/bio.csv
fives,last,gbdt,primary8,False,reliseg,baseline,0,200,4,2000,0.7727333333333334,0.7259493157717349,0.8171713379830188,0.06453333333333344,0.03223759516263034,0.1001446767255059,-0.08030000000000004,-0.12684145748621145,-0.03537340988302839,AMD=50;DR=50;Glaucoma=50;Normal=50,FD_pvbm+FD_skan+tortuosity_pvbm+tortuosity_skan+density_pvbm+density_skan+total_length_pvbm+total_length_skan,"src/pivot/p3_downstream.py cv_proba (5-fold stratified x3 repeats, logreg/GBDT)",runs/pivot/fives/seed0/reliseg/pred/bio.csv
fives,last,gbdt,primary8,False,reliseg,continued,0,200,4,2000,0.7727333333333334,0.7259493157717349,0.8171713379830188,0.054066666666666596,0.020086629763591556,0.08940413387942271,-0.08030000000000004,-0.12684145748621145,-0.03537340988302839,AMD=50;DR=50;Glaucoma=50;Normal=50,FD_pvbm+FD_skan+tortuosity_pvbm+tortuosity_skan+density_pvbm+density_skan+total_length_pvbm+total_length_skan,"src/pivot/p3_downstream.py cv_proba (5-fold stratified x3 repeats, logreg/GBDT)",runs/pivot/fives/seed0/reliseg/pred/bio.csv
fives,last,gbdt,primary8,False,reliseg,baseline,1,200,4,2000,0.7238333333333333,0.6727249290844437,0.7733630212035991,0.0019000000000000128,-0.031710119897663744,0.03424879020519519,-0.031399999999999983,-0.07648542476588847,0.017813474755264805,AMD=50;DR=50;Glaucoma=50;Normal=50,FD_pvbm+FD_skan+tortuosity_pvbm+tortuosity_skan+density_pvbm+density_skan+total_length_pvbm+total_length_skan,"src/pivot/p3_downstream.py cv_proba (5-fold stratified x3 repeats, logreg/GBDT)",runs/pivot/fives/seed1/reliseg/pred/bio.csv
fives,last,gbdt,primary8,False,reliseg,continued,1,200,4,2000,0.7238333333333333,0.6727249290844437,0.7733630212035991,0.017166666666666663,-0.015637625122819993,0.04934305884583845,-0.031399999999999983,-0.07648542476588847,0.017813474755264805,AMD=50;DR=50;Glaucoma=50;Normal=50,FD_pvbm+FD_skan+tortuosity_pvbm+tortuosity_skan+density_pvbm+density_skan+total_length_pvbm+total_length_skan,"src/pivot/p3_downstream.py cv_proba (5-fold stratified x3 repeats, logreg/GBDT)",runs/pivot/fives/seed1/reliseg/pred/bio.csv
fives,last,gbdt,primary8,False,reliseg,baseline,2,200,4,2000,0.7415333333333333,0.6907317100744306,0.7914223993255848,0.06259999999999999,0.02284789708716664,0.10299655236946079,-0.04909999999999992,-0.09684531536232065,-0.004712817481818103,AMD=50;DR=50;Glaucoma=50;Normal=50,FD_pvbm+FD_skan+tortuosity_pvbm+tortuosity_skan+density_pvbm+density_skan+total_length_pvbm+total_length_skan,"src/pivot/p3_downstream.py cv_proba (5-fold stratified x3 repeats, logreg/GBDT)",runs/pivot/fives/seed2/reliseg/pred/bio.csv
fives,last,gbdt,primary8,False,reliseg,continued,2,200,4,2000,0.7415333333333333,0.6907317100744306,0.7914223993255848,0.0240999999999999,-0.01395499955637274,0.06007613334427807,-0.04909999999999992,-0.09684531536232065,-0.004712817481818103,AMD=50;DR=50;Glaucoma=50;Normal=50,FD_pvbm+FD_skan+tortuosity_pvbm+tortuosity_skan+density_pvbm+density_skan+total_length_pvbm+total_length_skan,"src/pivot/p3_downstream.py cv_proba (5-fold stratified x3 repeats, logreg/GBDT)",runs/pivot/fives/seed2/reliseg/pred/bio.csv
fives,last,gbdt,primary8,False,reliseg_nocl,baseline,0,200,4,2000,0.7259666666666665,0.6735183548574015,0.7742973982058755,0.017766666666666597,-0.01789865504880296,0.0536253247903503,-0.03353333333333319,-0.0815700746243623,0.011582532988160008,AMD=50;DR=50;Glaucoma=50;Normal=50,FD_pvbm+FD_skan+tortuosity_pvbm+tortuosity_skan+density_pvbm+density_skan+total_length_pvbm+total_length_skan,"src/pivot/p3_downstream.py cv_proba (5-fold stratified x3 repeats, logreg/GBDT)",runs/pivot/fives/seed0/reliseg_nocl/pred/bio.csv
fives,last,gbdt,primary8,False,reliseg_nocl,continued,0,200,4,2000,0.7259666666666665,0.6735183548574015,0.7742973982058755,0.007299999999999751,-0.029483447527803686,0.04338719677413351,-0.03353333333333319,-0.0815700746243623,0.011582532988160008,AMD=50;DR=50;Glaucoma=50;Normal=50,FD_pvbm+FD_skan+tortuosity_pvbm+tortuosity_skan+density_pvbm+density_skan+total_length_pvbm+total_length_skan,"src/pivot/p3_downstream.py cv_proba (5-fold stratified x3 repeats, logreg/GBDT)",runs/pivot/fives/seed0/reliseg_nocl/pred/bio.csv
fives,last,gbdt,primary8,False,reliseg_nocl,baseline,1,200,4,2000,0.6876666666666668,0.6354909049386496,0.7380385325514397,-0.034266666666666556,-0.06580911064222993,-0.003963908552795889,0.004766666666666586,-0.03850272869716005,0.05057787074078141,AMD=50;DR=50;Glaucoma=50;Normal=50,FD_pvbm+FD_skan+tortuosity_pvbm+tortuosity_skan+density_pvbm+density_skan+total_length_pvbm+total_length_skan,"src/pivot/p3_downstream.py cv_proba (5-fold stratified x3 repeats, logreg/GBDT)",runs/pivot/fives/seed1/reliseg_nocl/pred/bio.csv
fives,last,gbdt,primary8,False,reliseg_nocl,continued,1,200,4,2000,0.6876666666666668,0.6354909049386496,0.7380385325514397,-0.018999999999999906,-0.04971766960743112,0.012585583611913136,0.004766666666666586,-0.03850272869716005,0.05057787074078141,AMD=50;DR=50;Glaucoma=50;Normal=50,FD_pvbm+FD_skan+tortuosity_pvbm+tortuosity_skan+density_pvbm+density_skan+total_length_pvbm+total_length_skan,"src/pivot/p3_downstream.py cv_proba (5-fold stratified x3 repeats, logreg/GBDT)",runs/pivot/fives/seed1/reliseg_nocl/pred/bio.csv
fives,last,gbdt,primary8,False,reliseg_nocl,baseline,2,200,4,2000,0.7323000000000001,0.6810831801531491,0.7824269045551323,0.053366666666666784,0.015075113422750159,0.09003590627575733,-0.03986666666666672,-0.08594673228556435,0.002532452955704638,AMD=50;DR=50;Glaucoma=50;Normal=50,FD_pvbm+FD_skan+tortuosity_pvbm+tortuosity_skan+density_pvbm+density_skan+total_length_pvbm+total_length_skan,"src/pivot/p3_downstream.py cv_proba (5-fold stratified x3 repeats, logreg/GBDT)",runs/pivot/fives/seed2/reliseg_nocl/pred/bio.csv
fives,last,gbdt,primary8,False,reliseg_nocl,continued,2,200,4,2000,0.7323000000000001,0.6810831801531491,0.7824269045551323,0.014866666666666695,-0.02443180969432171,0.054615474228870295,-0.03986666666666672,-0.08594673228556435,0.002532452955704638,AMD=50;DR=50;Glaucoma=50;Normal=50,FD_pvbm+FD_skan+tortuosity_pvbm+tortuosity_skan+density_pvbm+density_skan+total_length_pvbm+total_length_skan,"src/pivot/p3_downstream.py cv_proba (5-fold stratified x3 repeats, logreg/GBDT)",runs/pivot/fives/seed2/reliseg_nocl/pred/bio.csv
hrf,last,logreg,skan4,False,gt,baseline,-,30,3,2000,0.965,0.9036368372530652,1.0,,,,0.0,0.0,0.0,dr=10;g=10;h=10,FD_skan+tortuosity_skan+density_skan+total_length_skan,"src/pivot/p3_downstream.py cv_proba (5-fold stratified x3 repeats, logreg/GBDT)","results/pivot/bio_master.csv (source=gt, split=test)"
hrf,last,logreg,skan4,False,baseline,baseline,0,30,3,2000,0.7883333333333334,0.642352873977874,0.9084037838069701,,,,0.17666666666666653,0.06054539787960191,0.31091737442840345,dr=10;g=10;h=10,FD_skan+tortuosity_skan+density_skan+total_length_skan,"src/pivot/p3_downstream.py cv_proba (5-fold stratified x3 repeats, logreg/GBDT)",runs/pivot/hrf/seed0/baseline/pred/bio.csv
hrf,last,logreg,skan4,False,baseline,continued,0,30,3,2000,0.7883333333333334,0.642352873977874,0.9084037838069701,0.05833333333333346,-0.013558266925140039,0.1390816590903748,0.17666666666666653,0.06054539787960191,0.31091737442840345,dr=10;g=10;h=10,FD_skan+tortuosity_skan+density_skan+total_length_skan,"src/pivot/p3_downstream.py cv_proba (5-fold stratified x3 repeats, logreg/GBDT)",runs/pivot/hrf/seed0/baseline/pred/bio.csv
hrf,last,logreg,skan4,False,baseline,baseline,1,30,3,2000,0.7333333333333334,0.5866979115003144,0.864899435395759,,,,0.23166666666666658,0.10549961833657501,0.3708238061483676,dr=10;g=10;h=10,FD_skan+tortuosity_skan+density_skan+total_length_skan,"src/pivot/p3_downstream.py cv_proba (5-fold stratified x3 repeats, logreg/GBDT)",runs/pivot/hrf/seed1/baseline/pred/bio.csv
hrf,last,logreg,skan4,False,baseline,continued,1,30,3,2000,0.7333333333333334,0.5866979115003144,0.864899435395759,-0.03166666666666662,-0.09355992965367954,0.015358168675054592,0.23166666666666658,0.10549961833657501,0.3708238061483676,dr=10;g=10;h=10,FD_skan+tortuosity_skan+density_skan+total_length_skan,"src/pivot/p3_downstream.py cv_proba (5-fold stratified x3 repeats, logreg/GBDT)",runs/pivot/hrf/seed1/baseline/pred/bio.csv
hrf,last,logreg,skan4,False,baseline,baseline,2,30,3,2000,0.7466666666666667,0.5866932477447828,0.8858984843382756,,,,0.21833333333333327,0.0893273007856342,0.36253762060379674,dr=10;g=10;h=10,FD_skan+tortuosity_skan+density_skan+total_length_skan,"src/pivot/p3_downstream.py cv_proba (5-fold stratified x3 repeats, logreg/GBDT)",runs/pivot/hrf/seed2/baseline/pred/bio.csv
hrf,last,logreg,skan4,False,baseline,continued,2,30,3,2000,0.7466666666666667,0.5866932477447828,0.8858984843382756,-0.02833333333333332,-0.07717147667147677,0.01795102513227502,0.21833333333333327,0.0893273007856342,0.36253762060379674,dr=10;g=10;h=10,FD_skan+tortuosity_skan+density_skan+total_length_skan,"src/pivot/p3_downstream.py cv_proba (5-fold stratified x3 repeats, logreg/GBDT)",runs/pivot/hrf/seed2/baseline/pred/bio.csv
hrf,last,logreg,skan4,False,cfloss,baseline,0,30,3,2000,0.7633333333333332,0.6033332581770082,0.8995697691360802,-0.025000000000000244,-0.09529826143641948,0.04256656366982449,0.20166666666666677,0.0696506773218729,0.34707906687395845,dr=10;g=10;h=10,FD_skan+tortuosity_skan+density_skan+total_length_skan,"src/pivot/p3_downstream.py cv_proba (5-fold stratified x3 repeats, logreg/GBDT)",runs/pivot/hrf/seed0/cfloss/pred/bio.csv
hrf,last,logreg,skan4,False,cfloss,continued,0,30,3,2000,0.7633333333333332,0.6033332581770082,0.8995697691360802,0.033333333333333215,-0.043893838532564025,0.11826551124966926,0.20166666666666677,0.0696506773218729,0.34707906687395845,dr=10;g=10;h=10,FD_skan+tortuosity_skan+density_skan+total_length_skan,"src/pivot/p3_downstream.py cv_proba (5-fold stratified x3 repeats, logreg/GBDT)",runs/pivot/hrf/seed0/cfloss/pred/bio.csv
hrf,last,logreg,skan4,False,cfloss,baseline,1,30,3,2000,0.735,0.55918758509691,0.8810235613187558,0.0016666666666665941,-0.08813398155291419,0.09207291977381603,0.22999999999999998,0.08486808103842422,0.39274630678034567,dr=10;g=10;h=10,FD_skan+tortuosity_skan+density_skan+total_length_skan,"src/pivot/p3_downstream.py cv_proba (5-fold stratified x3 repeats, logreg/GBDT)",runs/pivot/hrf/seed1/cfloss/pred/bio.csv
hrf,last,logreg,skan4,False,cfloss,continued,1,30,3,2000,0.735,0.55918758509691,0.8810235613187558,-0.030000000000000027,-0.09701939824308238,0.02286470820845809,0.22999999999999998,0.08486808103842422,0.39274630678034567,dr=10;g=10;h=10,FD_skan+tortuosity_skan+density_skan+total_length_skan,"src/pivot/p3_downstream.py cv_proba (5-fold stratified x3 repeats, logreg/GBDT)",runs/pivot/hrf/seed1/cfloss/pred/bio.csv
hrf,last,logreg,skan4,False,cfloss,baseline,2,30,3,2000,0.7733333333333334,0.6109754923574368,0.9135628043171903,0.026666666666666727,-0.01755152919746701,0.07704722187744797,0.19166666666666654,0.06039134557774908,0.3455057034421068,dr=10;g=10;h=10,FD_skan+tortuosity_skan+density_skan+total_length_skan,"src/pivot/p3_downstream.py cv_proba (5-fold stratified x3 repeats, logreg/GBDT)",runs/pivot/hrf/seed2/cfloss/pred/bio.csv
hrf,last,logreg,skan4,False,cfloss,continued,2,30,3,2000,0.7733333333333334,0.6109754923574368,0.9135628043171903,-0.0016666666666665941,-0.031432706672194596,0.03086627190063897,0.19166666666666654,0.06039134557774908,0.3455057034421068,dr=10;g=10;h=10,FD_skan+tortuosity_skan+density_skan+total_length_skan,"src/pivot/p3_downstream.py cv_proba (5-fold stratified x3 repeats, logreg/GBDT)",runs/pivot/hrf/seed2/cfloss/pred/bio.csv
hrf,last,logreg,skan4,False,continued,baseline,0,30,3,2000,0.73,0.5830756313131312,0.8674552218614717,-0.05833333333333346,-0.13908165909037487,0.01355826692514003,0.235,0.1027273919225672,0.366012844952796,dr=10;g=10;h=10,FD_skan+tortuosity_skan+density_skan+total_length_skan,"src/pivot/p3_downstream.py cv_proba (5-fold stratified x3 repeats, logreg/GBDT)",runs/pivot/hrf/seed0/continued/pred/bio.csv
hrf,last,logreg,skan4,False,continued,baseline,1,30,3,2000,0.765,0.6117698412698414,0.8983632620103208,0.03166666666666662,-0.01535816867505463,0.0935599296536795,0.19999999999999996,0.0724665232557053,0.33445525667071707,dr=10;g=10;h=10,FD_skan+tortuosity_skan+density_skan+total_length_skan,"src/pivot/p3_downstream.py cv_proba (5-fold stratified x3 repeats, logreg/GBDT)",runs/pivot/hrf/seed1/continued/pred/bio.csv
hrf,last,logreg,skan4,False,continued,baseline,2,30,3,2000,0.775,0.6124768810099048,0.9103083411471569,0.02833333333333332,-0.017951025132275065,0.07717147667147672,0.18999999999999995,0.06010507834556732,0.335931650464545,dr=10;g=10;h=10,FD_skan+tortuosity_skan+density_skan+total_length_skan,"src/pivot/p3_downstream.py cv_proba (5-fold stratified x3 repeats, logreg/GBDT)",runs/pivot/hrf/seed2/continued/pred/bio.csv
hrf,last,logreg,skan4,False,reliseg,baseline,0,30,3,2000,0.7816666666666666,0.6287070717618962,0.9094321388488054,-0.006666666666666821,-0.1256834766313933,0.10714949944181094,0.18333333333333335,0.05296307866921904,0.33473002423989273,dr=10;g=10;h=10,FD_skan+tortuosity_skan+density_skan+total_length_skan,"src/pivot/p3_downstream.py cv_proba (5-fold stratified x3 repeats, logreg/GBDT)",runs/pivot/hrf/seed0/reliseg/pred/bio.csv
hrf,last,logreg,skan4,False,reliseg,continued,0,30,3,2000,0.7816666666666666,0.6287070717618962,0.9094321388488054,0.05166666666666664,-0.07697321346953716,0.1867543320528018,0.18333333333333335,0.05296307866921904,0.33473002423989273,dr=10;g=10;h=10,FD_skan+tortuosity_skan+density_skan+total_length_skan,"src/pivot/p3_downstream.py cv_proba (5-fold stratified x3 repeats, logreg/GBDT)",runs/pivot/hrf/seed0/reliseg/pred/bio.csv
hrf,last,logreg,skan4,False,reliseg,baseline,1,30,3,2000,0.765,0.6208732631079122,0.8963901251135906,0.03166666666666662,-0.03860611400601084,0.10425133404924586,0.19999999999999996,0.07869125412436817,0.33200881644346547,dr=10;g=10;h=10,FD_skan+tortuosity_skan+density_skan+total_length_skan,"src/pivot/p3_downstream.py cv_proba (5-fold stratified x3 repeats, logreg/GBDT)",runs/pivot/hrf/seed1/reliseg/pred/bio.csv
hrf,last,logreg,skan4,False,reliseg,continued,1,30,3,2000,0.765,0.6208732631079122,0.8963901251135906,0.0,-0.10430044492544488,0.07727471330412497,0.19999999999999996,0.07869125412436817,0.33200881644346547,dr=10;g=10;h=10,FD_skan+tortuosity_skan+density_skan+total_length_skan,"src/pivot/p3_downstream.py cv_proba (5-fold stratified x3 repeats, logreg/GBDT)",runs/pivot/hrf/seed1/reliseg/pred/bio.csv
hrf,last,logreg,skan4,False,reliseg,baseline,2,30,3,2000,0.7799999999999999,0.6312000607436989,0.9091859818422319,0.033333333333333215,-0.016773964411192433,0.091138413547237,0.18500000000000005,0.06590756941766499,0.3215037583436707,dr=10;g=10;h=10,FD_skan+tortuosity_skan+density_skan+total_length_skan,"src/pivot/p3_downstream.py cv_proba (5-fold stratified x3 repeats, logreg/GBDT)",runs/pivot/hrf/seed2/reliseg/pred/bio.csv
hrf,last,logreg,skan4,False,reliseg,continued,2,30,3,2000,0.7799999999999999,0.6312000607436989,0.9091859818422319,0.004999999999999893,-0.0437631283825506,0.049844853131617885,0.18500000000000005,0.06590756941766499,0.3215037583436707,dr=10;g=10;h=10,FD_skan+tortuosity_skan+density_skan+total_length_skan,"src/pivot/p3_downstream.py cv_proba (5-fold stratified x3 repeats, logreg/GBDT)",runs/pivot/hrf/seed2/reliseg/pred/bio.csv
hrf,last,logreg,skan4,False,reliseg_nocl,baseline,0,30,3,2000,0.7316666666666666,0.5747860617958657,0.8707663976861345,-0.056666666666666865,-0.12950915979208819,0.005118503715639719,0.2333333333333334,0.09955999573742522,0.380177531657151,dr=10;g=10;h=10,FD_skan+tortuosity_skan+density_skan+total_length_skan,"src/pivot/p3_downstream.py cv_proba (5-fold stratified x3 repeats, logreg/GBDT)",runs/pivot/hrf/seed0/reliseg_nocl/pred/bio.csv
hrf,last,logreg,skan4,False,reliseg_nocl,continued,0,30,3,2000,0.7316666666666666,0.5747860617958657,0.8707663976861345,0.0016666666666665941,-0.06242868914807291,0.0736708671015946,0.2333333333333334,0.09955999573742522,0.380177531657151,dr=10;g=10;h=10,FD_skan+tortuosity_skan+density_skan+total_length_skan,"src/pivot/p3_downstream.py cv_proba (5-fold stratified x3 repeats, logreg/GBDT)",runs/pivot/hrf/seed0/reliseg_nocl/pred/bio.csv
hrf,last,logreg,skan4,False,reliseg_nocl,baseline,1,30,3,2000,0.7616666666666667,0.6225584215167549,0.8874911760826084,0.02833333333333332,-0.04589732854864428,0.09907855731225301,0.20333333333333325,0.08691098115659522,0.3400004574732835,dr=10;g=10;h=10,FD_skan+tortuosity_skan+density_skan+total_length_skan,"src/pivot/p3_downstream.py cv_proba (5-fold stratified x3 repeats, logreg/GBDT)",runs/pivot/hrf/seed1/reliseg_nocl/pred/bio.csv
hrf,last,logreg,skan4,False,reliseg_nocl,continued,1,30,3,2000,0.7616666666666667,0.6225584215167549,0.8874911760826084,-0.0033333333333332993,-0.07616246888264414,0.05525677535131205,0.20333333333333325,0.08691098115659522,0.3400004574732835,dr=10;g=10;h=10,FD_skan+tortuosity_skan+density_skan+total_length_skan,"src/pivot/p3_downstream.py cv_proba (5-fold stratified x3 repeats, logreg/GBDT)",runs/pivot/hrf/seed1/reliseg_nocl/pred/bio.csv
hrf,last,logreg,skan4,False,reliseg_nocl,baseline,2,30,3,2000,0.77,0.6097828483245149,0.9093989065677661,0.023333333333333317,-0.038295943553313304,0.09252778736293221,0.19499999999999995,0.06695902090158254,0.3463145502087062,dr=10;g=10;h=10,FD_skan+tortuosity_skan+density_skan+total_length_skan,"src/pivot/p3_downstream.py cv_proba (5-fold stratified x3 repeats, logreg/GBDT)",runs/pivot/hrf/seed2/reliseg_nocl/pred/bio.csv
hrf,last,logreg,skan4,False,reliseg_nocl,continued,2,30,3,2000,0.77,0.6097828483245149,0.9093989065677661,-0.0050000000000000044,-0.048623476209975806,0.03703865085610593,0.19499999999999995,0.06695902090158254,0.3463145502087062,dr=10;g=10;h=10,FD_skan+tortuosity_skan+density_skan+total_length_skan,"src/pivot/p3_downstream.py cv_proba (5-fold stratified x3 repeats, logreg/GBDT)",runs/pivot/hrf/seed2/reliseg_nocl/pred/bio.csv
hrf,last,gbdt,skan4,False,gt,baseline,-,30,3,2000,0.8366666666666668,0.7107239419548727,0.9508401936026936,,,,0.0,0.0,0.0,dr=10;g=10;h=10,FD_skan+tortuosity_skan+density_skan+total_length_skan,"src/pivot/p3_downstream.py cv_proba (5-fold stratified x3 repeats, logreg/GBDT)","results/pivot/bio_master.csv (source=gt, split=test)"
hrf,last,gbdt,skan4,False,baseline,baseline,0,30,3,2000,0.6683333333333333,0.48591651793625484,0.8327509010503861,,,,0.16833333333333345,0.027831451183166787,0.3098904560616515,dr=10;g=10;h=10,FD_skan+tortuosity_skan+density_skan+total_length_skan,"src/pivot/p3_downstream.py cv_proba (5-fold stratified x3 repeats, logreg/GBDT)",runs/pivot/hrf/seed0/baseline/pred/bio.csv
hrf,last,gbdt,skan4,False,baseline,continued,0,30,3,2000,0.6683333333333333,0.48591651793625484,0.8327509010503861,-0.11333333333333329,-0.24676096780457388,0.002146786315536322,0.16833333333333345,0.027831451183166787,0.3098904560616515,dr=10;g=10;h=10,FD_skan+tortuosity_skan+density_skan+total_length_skan,"src/pivot/p3_downstream.py cv_proba (5-fold stratified x3 repeats, logreg/GBDT)",runs/pivot/hrf/seed0/baseline/pred/bio.csv
hrf,last,gbdt,skan4,False,baseline,baseline,1,30,3,2000,0.7166666666666667,0.558611424921732,0.8589511111096003,,,,0.1200000000000001,0.0046700558213717365,0.2423060763407366,dr=10;g=10;h=10,FD_skan+tortuosity_skan+density_skan+total_length_skan,"src/pivot/p3_downstream.py cv_proba (5-fold stratified x3 repeats, logreg/GBDT)",runs/pivot/hrf/seed1/baseline/pred/bio.csv
hrf,last,gbdt,skan4,False,baseline,continued,1,30,3,2000,0.7166666666666667,0.558611424921732,0.8589511111096003,-0.030000000000000027,-0.14845943562610237,0.08054819599904742,0.1200000000000001,0.0046700558213717365,0.2423060763407366,dr=10;g=10;h=10,FD_skan+tortuosity_skan+density_skan+total_length_skan,"src/pivot/p3_downstream.py cv_proba (5-fold stratified x3 repeats, logreg/GBDT)",runs/pivot/hrf/seed1/baseline/pred/bio.csv
hrf,last,gbdt,skan4,False,baseline,baseline,2,30,3,2000,0.65,0.4845971874129769,0.8075648244916932,,,,0.18666666666666676,0.044000067943179476,0.32160529642458974,dr=10;g=10;h=10,FD_skan+tortuosity_skan+density_skan+total_length_skan,"src/pivot/p3_downstream.py cv_proba (5-fold stratified x3 repeats, logreg/GBDT)",runs/pivot/hrf/seed2/baseline/pred/bio.csv
hrf,last,gbdt,skan4,False,baseline,continued,2,30,3,2000,0.65,0.4845971874129769,0.8075648244916932,-0.09833333333333338,-0.20024991685222432,-0.015559340969261716,0.18666666666666676,0.044000067943179476,0.32160529642458974,dr=10;g=10;h=10,FD_skan+tortuosity_skan+density_skan+total_length_skan,"src/pivot/p3_downstream.py cv_proba (5-fold stratified x3 repeats, logreg/GBDT)",runs/pivot/hrf/seed2/baseline/pred/bio.csv
hrf,last,gbdt,skan4,False,cfloss,baseline,0,30,3,2000,0.7033333333333333,0.5288160235814698,0.8586536209281364,0.03499999999999992,-0.11625875341763506,0.18702254890841857,0.13333333333333353,-0.008044328529132434,0.2808705357142857,dr=10;g=10;h=10,FD_skan+tortuosity_skan+density_skan+total_length_skan,"src/pivot/p3_downstream.py cv_proba (5-fold stratified x3 repeats, logreg/GBDT)",runs/pivot/hrf/seed0/cfloss/pred/bio.csv
hrf,last,gbdt,skan4,False,cfloss,continued,0,30,3,2000,0.7033333333333333,0.5288160235814698,0.8586536209281364,-0.07833333333333337,-0.17964852728916422,0.003587344028520564,0.13333333333333353,-0.008044328529132434,0.2808705357142857,dr=10;g=10;h=10,FD_skan+tortuosity_skan+density_skan+total_length_skan,"src/pivot/p3_downstream.py cv_proba (5-fold stratified x3 repeats, logreg/GBDT)",runs/pivot/hrf/seed0/cfloss/pred/bio.csv
hrf,last,gbdt,skan4,False,cfloss,baseline,1,30,3,2000,0.64,0.45717209186412083,0.8139179508021994,-0.07666666666666666,-0.19380102275891745,0.03229034048716066,0.19666666666666677,0.04930244730091235,0.34835716171990666,dr=10;g=10;h=10,FD_skan+tortuosity_skan+density_skan+total_length_skan,"src/pivot/p3_downstream.py cv_proba (5-fold stratified x3 repeats, logreg/GBDT)",runs/pivot/hrf/seed1/cfloss/pred/bio.csv
hrf,last,gbdt,skan4,False,cfloss,continued,1,30,3,2000,0.64,0.45717209186412083,0.8139179508021994,-0.10666666666666669,-0.24637596701138384,0.02768743488718959,0.19666666666666677,0.04930244730091235,0.34835716171990666,dr=10;g=10;h=10,FD_skan+tortuosity_skan+density_skan+total_length_skan,"src/pivot/p3_downstream.py cv_proba (5-fold stratified x3 repeats, logreg/GBDT)",runs/pivot/hrf/seed1/cfloss/pred/bio.csv
hrf,last,gbdt,skan4,False,cfloss,baseline,2,30,3,2000,0.7233333333333333,0.5511929651725124,0.8733885481802148,0.07333333333333325,-0.0665771712066469,0.21150786968879046,0.11333333333333351,-0.050366799205505186,0.2802088475608212,dr=10;g=10;h=10,FD_skan+tortuosity_skan+density_skan+total_length_skan,"src/pivot/p3_downstream.py cv_proba (5-fold stratified x3 repeats, logreg/GBDT)",runs/pivot/hrf/seed2/cfloss/pred/bio.csv
hrf,last,gbdt,skan4,False,cfloss,continued,2,30,3,2000,0.7233333333333333,0.5511929651725124,0.8733885481802148,-0.025000000000000133,-0.14198240550872132,0.08314327280215209,0.11333333333333351,-0.050366799205505186,0.2802088475608212,dr=10;g=10;h=10,FD_skan+tortuosity_skan+density_skan+total_length_skan,"src/pivot/p3_downstream.py cv_proba (5-fold stratified x3 repeats, logreg/GBDT)",runs/pivot/hrf/seed2/cfloss/pred/bio.csv
hrf,last,gbdt,skan4,False,continued,baseline,0,30,3,2000,0.7816666666666666,0.6402271887172917,0.905802737650244,0.11333333333333329,-0.0021467863155363886,0.24676096780457385,0.05500000000000016,-0.06944814814814823,0.17586387799896092,dr=10;g=10;h=10,FD_skan+tortuosity_skan+density_skan+total_length_skan,"src/pivot/p3_downstream.py cv_proba (5-fold stratified x3 repeats, logreg/GBDT)",runs/pivot/hrf/seed0/continued/pred/bio.csv
hrf,last,gbdt,skan4,False,continued,baseline,1,30,3,2000,0.7466666666666667,0.5989533384237977,0.8777146464646463,0.030000000000000027,-0.08054819599904746,0.1484594356261023,0.09000000000000008,-0.03637909669045258,0.21291082398757827,dr=10;g=10;h=10,FD_skan+tortuosity_skan+density_skan+total_length_skan,"src/pivot/p3_downstream.py cv_proba (5-fold stratified x3 repeats, logreg/GBDT)",runs/pivot/hrf/seed1/continued/pred/bio.csv
hrf,last,gbdt,skan4,False,continued,baseline,2,30,3,2000,0.7483333333333334,0.5835427689594356,0.893246739295164,0.09833333333333338,0.015559340969261665,0.2002499168522243,0.08833333333333337,-0.027570483378883348,0.20935954598628279,dr=10;g=10;h=10,FD_skan+tortuosity_skan+density_skan+total_length_skan,"src/pivot/p3_downstream.py cv_proba (5-fold stratified x3 repeats, logreg/GBDT)",runs/pivot/hrf/seed2/continued/pred/bio.csv
hrf,last,gbdt,skan4,False,reliseg,baseline,0,30,3,2000,0.7383333333333334,0.5890743077179481,0.8802231185623128,0.07000000000000006,-0.14523615594119987,0.2857200545555809,0.09833333333333338,-0.0771638562031364,0.28129885347280853,dr=10;g=10;h=10,FD_skan+tortuosity_skan+density_skan+total_length_skan,"src/pivot/p3_downstream.py cv_proba (5-fold stratified x3 repeats, logreg/GBDT)",runs/pivot/hrf/seed0/reliseg/pred/bio.csv
hrf,last,gbdt,skan4,False,reliseg,continued,0,30,3,2000,0.7383333333333334,0.5890743077179481,0.8802231185623128,-0.043333333333333224,-0.19947117206306278,0.09510472442796776,0.09833333333333338,-0.0771638562031364,0.28129885347280853,dr=10;g=10;h=10,FD_skan+tortuosity_skan+density_skan+total_length_skan,"src/pivot/p3_downstream.py cv_proba (5-fold stratified x3 repeats, logreg/GBDT)",runs/pivot/hrf/seed0/reliseg/pred/bio.csv
hrf,last,gbdt,skan4,False,reliseg,baseline,1,30,3,2000,0.75,0.5943967862317707,0.8856055044492545,0.033333333333333326,-0.054035143097643006,0.14548318555226436,0.08666666666666678,-0.042424006639692875,0.2173353168985082,dr=10;g=10;h=10,FD_skan+tortuosity_skan+density_skan+total_length_skan,"src/pivot/p3_downstream.py cv_proba (5-fold stratified x3 repeats, logreg/GBDT)",runs/pivot/hrf/seed1/reliseg/pred/bio.csv
hrf,last,gbdt,skan4,False,reliseg,continued,1,30,3,2000,0.75,0.5943967862317707,0.8856055044492545,0.0033333333333332993,-0.06085764725470616,0.0756257112161717,0.08666666666666678,-0.042424006639692875,0.2173353168985082,dr=10;g=10;h=10,FD_skan+tortuosity_skan+density_skan+total_length_skan,"src/pivot/p3_downstream.py cv_proba (5-fold stratified x3 repeats, logreg/GBDT)",runs/pivot/hrf/seed1/reliseg/pred/bio.csv
hrf,last,gbdt,skan4,False,reliseg,baseline,2,30,3,2000,0.7166666666666667,0.5816847802252214,0.8440317109587941,0.06666666666666665,-0.015444654882154948,0.16199946900995713,0.1200000000000001,-0.01734018084847613,0.26671445492072415,dr=10;g=10;h=10,FD_skan+tortuosity_skan+density_skan+total_length_skan,"src/pivot/p3_downstream.py cv_proba (5-fold stratified x3 repeats, logreg/GBDT)",runs/pivot/hrf/seed2/reliseg/pred/bio.csv
hrf,last,gbdt,skan4,False,reliseg,continued,2,30,3,2000,0.7166666666666667,0.5816847802252214,0.8440317109587941,-0.03166666666666673,-0.14257343775052086,0.057334322964065085,0.1200000000000001,-0.01734018084847613,0.26671445492072415,dr=10;g=10;h=10,FD_skan+tortuosity_skan+density_skan+total_length_skan,"src/pivot/p3_downstream.py cv_proba (5-fold stratified x3 repeats, logreg/GBDT)",runs/pivot/hrf/seed2/reliseg/pred/bio.csv
hrf,last,gbdt,skan4,False,reliseg_nocl,baseline,0,30,3,2000,0.7433333333333333,0.5967109852418188,0.868394281157439,0.07499999999999996,-0.02540244955425045,0.18751436830713145,0.09333333333333349,-0.04750530445431743,0.23045380410257868,dr=10;g=10;h=10,FD_skan+tortuosity_skan+density_skan+total_length_skan,"src/pivot/p3_downstream.py cv_proba (5-fold stratified x3 repeats, logreg/GBDT)",runs/pivot/hrf/seed0/reliseg_nocl/pred/bio.csv
hrf,last,gbdt,skan4,False,reliseg_nocl,continued,0,30,3,2000,0.7433333333333333,0.5967109852418188,0.868394281157439,-0.03833333333333333,-0.1329780462294652,0.04274416329443496,0.09333333333333349,-0.04750530445431743,0.23045380410257868,dr=10;g=10;h=10,FD_skan+tortuosity_skan+density_skan+total_length_skan,"src/pivot/p3_downstream.py cv_proba (5-fold stratified x3 repeats, logreg/GBDT)",runs/pivot/hrf/seed0/reliseg_nocl/pred/bio.csv
hrf,last,gbdt,skan4,False,reliseg_nocl,baseline,1,30,3,2000,0.7466666666666667,0.6028022588991792,0.8777855722708664,0.030000000000000027,-0.0857611930641821,0.1655178429027113,0.09000000000000008,-0.051690867003366975,0.2148603967832036,dr=10;g=10;h=10,FD_skan+tortuosity_skan+density_skan+total_length_skan,"src/pivot/p3_downstream.py cv_proba (5-fold stratified x3 repeats, logreg/GBDT)",runs/pivot/hrf/seed1/reliseg_nocl/pred/bio.csv
hrf,last,gbdt,skan4,False,reliseg_nocl,continued,1,30,3,2000,0.7466666666666667,0.6028022588991792,0.8777855722708664,0.0,-0.09181922253655173,0.10036592606739653,0.09000000000000008,-0.051690867003366975,0.2148603967832036,dr=10;g=10;h=10,FD_skan+tortuosity_skan+density_skan+total_length_skan,"src/pivot/p3_downstream.py cv_proba (5-fold stratified x3 repeats, logreg/GBDT)",runs/pivot/hrf/seed1/reliseg_nocl/pred/bio.csv
hrf,last,gbdt,skan4,False,reliseg_nocl,baseline,2,30,3,2000,0.7200000000000001,0.5619856459330144,0.8612180835114018,0.07000000000000006,-0.01633016551302147,0.16411965186821317,0.1166666666666667,-0.027245731731670945,0.26048046964000887,dr=10;g=10;h=10,FD_skan+tortuosity_skan+density_skan+total_length_skan,"src/pivot/p3_downstream.py cv_proba (5-fold stratified x3 repeats, logreg/GBDT)",runs/pivot/hrf/seed2/reliseg_nocl/pred/bio.csv
hrf,last,gbdt,skan4,False,reliseg_nocl,continued,2,30,3,2000,0.7200000000000001,0.5619856459330144,0.8612180835114018,-0.02833333333333332,-0.13168584887334883,0.05840315372106194,0.1166666666666667,-0.027245731731670945,0.26048046964000887,dr=10;g=10;h=10,FD_skan+tortuosity_skan+density_skan+total_length_skan,"src/pivot/p3_downstream.py cv_proba (5-fold stratified x3 repeats, logreg/GBDT)",runs/pivot/hrf/seed2/reliseg_nocl/pred/bio.csv
hrf,last,logreg,primary8,False,gt,baseline,-,30,3,2000,0.9583333333333334,0.8948827942890443,1.0,,,,0.0,0.0,0.0,dr=10;g=10;h=10,FD_pvbm+FD_skan+tortuosity_pvbm+tortuosity_skan+density_pvbm+density_skan+total_length_pvbm+total_length_skan,"src/pivot/p3_downstream.py cv_proba (5-fold stratified x3 repeats, logreg/GBDT)","results/pivot/bio_master.csv (source=gt, split=test)"
hrf,last,logreg,primary8,False,baseline,baseline,0,30,3,2000,0.755,0.5981890600870864,0.8916564840316774,,,,0.20333333333333337,0.08022864187945701,0.349449512594893,dr=10;g=10;h=10,FD_pvbm+FD_skan+tortuosity_pvbm+tortuosity_skan+density_pvbm+density_skan+total_length_pvbm+total_length_skan,"src/pivot/p3_downstream.py cv_proba (5-fold stratified x3 repeats, logreg/GBDT)",runs/pivot/hrf/seed0/baseline/pred/bio.csv
hrf,last,logreg,primary8,False,baseline,continued,0,30,3,2000,0.755,0.5981890600870864,0.8916564840316774,0.0033333333333334103,-0.06389877357948008,0.07546360162168973,0.20333333333333337,0.08022864187945701,0.349449512594893,dr=10;g=10;h=10,FD_pvbm+FD_skan+tortuosity_pvbm+tortuosity_skan+density_pvbm+density_skan+total_length_pvbm+total_length_skan,"src/pivot/p3_downstream.py cv_proba (5-fold stratified x3 repeats, logreg/GBDT)",runs/pivot/hrf/seed0/baseline/pred/bio.csv
hrf,last,logreg,primary8,False,baseline,baseline,1,30,3,2000,0.7549999999999999,0.602843440672388,0.8847920189782149,,,,0.20333333333333348,0.08098625140291811,0.3459956857322052,dr=10;g=10;h=10,FD_pvbm+FD_skan+tortuosity_pvbm+tortuosity_skan+density_pvbm+density_skan+total_length_pvbm+total_length_skan,"src/pivot/p3_downstream.py cv_proba (5-fold stratified x3 repeats, logreg/GBDT)",runs/pivot/hrf/seed1/baseline/pred/bio.csv
hrf,last,logreg,primary8,False,baseline,continued,1,30,3,2000,0.7549999999999999,0.602843440672388,0.8847920189782149,-0.0050000000000000044,-0.06324971446681985,0.04490358946608959,0.20333333333333348,0.08098625140291811,0.3459956857322052,dr=10;g=10;h=10,FD_pvbm+FD_skan+tortuosity_pvbm+tortuosity_skan+density_pvbm+density_skan+total_length_pvbm+total_length_skan,"src/pivot/p3_downstream.py cv_proba (5-fold stratified x3 repeats, logreg/GBDT)",runs/pivot/hrf/seed1/baseline/pred/bio.csv
hrf,last,logreg,primary8,False,baseline,baseline,2,30,3,2000,0.7183333333333333,0.5488090578403079,0.8670594689896162,,,,0.2400000000000001,0.10419400352733692,0.39374499601275903,dr=10;g=10;h=10,FD_pvbm+FD_skan+tortuosity_pvbm+tortuosity_skan+density_pvbm+density_skan+total_length_pvbm+total_length_skan,"src/pivot/p3_downstream.py cv_proba (5-fold stratified x3 repeats, logreg/GBDT)",runs/pivot/hrf/seed2/baseline/pred/bio.csv
hrf,last,logreg,primary8,False,baseline,continued,2,30,3,2000,0.7183333333333333,0.5488090578403079,0.8670594689896162,-0.05166666666666675,-0.10911392894015881,-0.005740913756006771,0.2400000000000001,0.10419400352733692,0.39374499601275903,dr=10;g=10;h=10,FD_pvbm+FD_skan+tortuosity_pvbm+tortuosity_skan+density_pvbm+density_skan+total_length_pvbm+total_length_skan,"src/pivot/p3_downstream.py cv_proba (5-fold stratified x3 repeats, logreg/GBDT)",runs/pivot/hrf/seed2/baseline/pred/bio.csv
hrf,last,logreg,primary8,False,cfloss,baseline,0,30,3,2000,0.7433333333333335,0.5787464019898231,0.8833223905723905,-0.011666666666666492,-0.06599246327107579,0.04130363905611225,0.21499999999999986,0.08133527526729264,0.3708566924466046,dr=10;g=10;h=10,FD_pvbm+FD_skan+tortuosity_pvbm+tortuosity_skan+density_pvbm+density_skan+total_length_pvbm+total_length_skan,"src/pivot/p3_downstream.py cv_proba (5-fold stratified x3 repeats, logreg/GBDT)",runs/pivot/hrf/seed0/cfloss/pred/bio.csv
hrf,last,logreg,primary8,False,cfloss,continued,0,30,3,2000,0.7433333333333335,0.5787464019898231,0.8833223905723905,-0.008333333333333082,-0.0756182992202728,0.056141774891774854,0.21499999999999986,0.08133527526729264,0.3708566924466046,dr=10;g=10;h=10,FD_pvbm+FD_skan+tortuosity_pvbm+tortuosity_skan+density_pvbm+density_skan+total_length_pvbm+total_length_skan,"src/pivot/p3_downstream.py cv_proba (5-fold stratified x3 repeats, logreg/GBDT)",runs/pivot/hrf/seed0/cfloss/pred/bio.csv
hrf,last,logreg,primary8,False,cfloss,baseline,1,30,3,2000,0.7216666666666667,0.5497787245296304,0.8696545214045214,-0.033333333333333215,-0.11939396477854727,0.051510007807427705,0.2366666666666667,0.09152465338430248,0.4005840825232271,dr=10;g=10;h=10,FD_pvbm+FD_skan+tortuosity_pvbm+tortuosity_skan+density_pvbm+density_skan+total_length_pvbm+total_length_skan,"src/pivot/p3_downstream.py cv_proba (5-fold stratified x3 repeats, logreg/GBDT)",runs/pivot/hrf/seed1/cfloss/pred/bio.csv
hrf,last,logreg,primary8,False,cfloss,continued,1,30,3,2000,0.7216666666666667,0.5497787245296304,0.8696545214045214,-0.03833333333333322,-0.10993662704398015,0.024379200843016636,0.2366666666666667,0.09152465338430248,0.4005840825232271,dr=10;g=10;h=10,FD_pvbm+FD_skan+tortuosity_pvbm+tortuosity_skan+density_pvbm+density_skan+total_length_pvbm+total_length_skan,"src/pivot/p3_downstream.py cv_proba (5-fold stratified x3 repeats, logreg/GBDT)",runs/pivot/hrf/seed1/cfloss/pred/bio.csv
hrf,last,logreg,primary8,False,cfloss,baseline,2,30,3,2000,0.755,0.5787615004939174,0.9018968748009725,0.036666666666666736,-0.020158836168704727,0.09675783848074866,0.20333333333333337,0.06552830975385332,0.3629358386496541,dr=10;g=10;h=10,FD_pvbm+FD_skan+tortuosity_pvbm+tortuosity_skan+density_pvbm+density_skan+total_length_pvbm+total_length_skan,"src/pivot/p3_downstream.py cv_proba (5-fold stratified x3 repeats, logreg/GBDT)",runs/pivot/hrf/seed2/cfloss/pred/bio.csv
hrf,last,logreg,primary8,False,cfloss,continued,2,30,3,2000,0.755,0.5787615004939174,0.9018968748009725,-0.015000000000000013,-0.06837041359987589,0.028221420554753764,0.20333333333333337,0.06552830975385332,0.3629358386496541,dr=10;g=10;h=10,FD_pvbm+FD_skan+tortuosity_pvbm+tortuosity_skan+density_pvbm+density_skan+total_length_pvbm+total_length_skan,"src/pivot/p3_downstream.py cv_proba (5-fold stratified x3 repeats, logreg/GBDT)",runs/pivot/hrf/seed2/cfloss/pred/bio.csv
hrf,last,logreg,primary8,False,continued,baseline,0,30,3,2000,0.7516666666666666,0.6002563641197219,0.8809230322182265,-0.0033333333333334103,-0.07546360162168975,0.06389877357948004,0.20666666666666678,0.08192035486443391,0.34393360210977925,dr=10;g=10;h=10,FD_pvbm+FD_skan+tortuosity_pvbm+tortuosity_skan+density_pvbm+density_skan+total_length_pvbm+total_length_skan,"src/pivot/p3_downstream.py cv_proba (5-fold stratified x3 repeats, logreg/GBDT)",runs/pivot/hrf/seed0/continued/pred/bio.csv
hrf,last,logreg,primary8,False,continued,baseline,1,30,3,2000,0.7599999999999999,0.5968117484367484,0.8938500533741759,0.0050000000000000044,-0.0449035894660896,0.06324971446681985,0.19833333333333347,0.06698967221712548,0.35322249120275423,dr=10;g=10;h=10,FD_pvbm+FD_skan+tortuosity_pvbm+tortuosity_skan+density_pvbm+density_skan+total_length_pvbm+total_length_skan,"src/pivot/p3_downstream.py cv_proba (5-fold stratified x3 repeats, logreg/GBDT)",runs/pivot/hrf/seed1/continued/pred/bio.csv
hrf,last,logreg,primary8,False,continued,baseline,2,30,3,2000,0.77,0.6104431033941904,0.9058866137217586,0.05166666666666675,0.005740913756006744,0.10911392894015878,0.18833333333333335,0.060645427752883896,0.3382102072310403,dr=10;g=10;h=10,FD_pvbm+FD_skan+tortuosity_pvbm+tortuosity_skan+density_pvbm+density_skan+total_length_pvbm+total_length_skan,"src/pivot/p3_downstream.py cv_proba (5-fold stratified x3 repeats, logreg/GBDT)",runs/pivot/hrf/seed2/continued/pred/bio.csv
hrf,last,logreg,primary8,False,reliseg,baseline,0,30,3,2000,0.7966666666666667,0.6440016613503456,0.9249716296395357,0.04166666666666674,-0.06366179430790413,0.1660149410774409,0.16166666666666663,0.029505107465633736,0.31154390500662416,dr=10;g=10;h=10,FD_pvbm+FD_skan+tortuosity_pvbm+tortuosity_skan+density_pvbm+density_skan+total_length_pvbm+total_length_skan,"src/pivot/p3_downstream.py cv_proba (5-fold stratified x3 repeats, logreg/GBDT)",runs/pivot/hrf/seed0/reliseg/pred/bio.csv
hrf,last,logreg,primary8,False,reliseg,continued,0,30,3,2000,0.7966666666666667,0.6440016613503456,0.9249716296395357,0.04500000000000015,-0.07488090415847773,0.1778903529689974,0.16166666666666663,0.029505107465633736,0.31154390500662416,dr=10;g=10;h=10,FD_pvbm+FD_skan+tortuosity_pvbm+tortuosity_skan+density_pvbm+density_skan+total_length_pvbm+total_length_skan,"src/pivot/p3_downstream.py cv_proba (5-fold stratified x3 repeats, logreg/GBDT)",runs/pivot/hrf/seed0/reliseg/pred/bio.csv
hrf,last,logreg,primary8,False,reliseg,baseline,1,30,3,2000,0.7783333333333333,0.6312798297835063,0.8998636147397112,0.023333333333333428,-0.04086785513868847,0.09055498489489701,0.18000000000000005,0.07236855328313656,0.3160336008411665,dr=10;g=10;h=10,FD_pvbm+FD_skan+tortuosity_pvbm+tortuosity_skan+density_pvbm+density_skan+total_length_pvbm+total_length_skan,"src/pivot/p3_downstream.py cv_proba (5-fold stratified x3 repeats, logreg/GBDT)",runs/pivot/hrf/seed1/reliseg/pred/bio.csv
hrf,last,logreg,primary8,False,reliseg,continued,1,30,3,2000,0.7783333333333333,0.6312798297835063,0.8998636147397112,0.018333333333333424,-0.06032896109215267,0.09798320395969565,0.18000000000000005,0.07236855328313656,0.3160336008411665,dr=10;g=10;h=10,FD_pvbm+FD_skan+tortuosity_pvbm+tortuosity_skan+density_pvbm+density_skan+total_length_pvbm+total_length_skan,"src/pivot/p3_downstream.py cv_proba (5-fold stratified x3 repeats, logreg/GBDT)",runs/pivot/hrf/seed1/reliseg/pred/bio.csv
hrf,last,logreg,primary8,False,reliseg,baseline,2,30,3,2000,0.7783333333333333,0.6252414527251006,0.9119577821869488,0.06000000000000005,-0.008389522816153358,0.13496902969942182,0.18000000000000005,0.059221781305114615,0.32220552325760665,dr=10;g=10;h=10,FD_pvbm+FD_skan+tortuosity_pvbm+tortuosity_skan+density_pvbm+density_skan+total_length_pvbm+total_length_skan,"src/pivot/p3_downstream.py cv_proba (5-fold stratified x3 repeats, logreg/GBDT)",runs/pivot/hrf/seed2/reliseg/pred/bio.csv
hrf,last,logreg,primary8,False,reliseg,continued,2,30,3,2000,0.7783333333333333,0.6252414527251006,0.9119577821869488,0.008333333333333304,-0.06481768359517724,0.06867551612617404,0.18000000000000005,0.059221781305114615,0.32220552325760665,dr=10;g=10;h=10,FD_pvbm+FD_skan+tortuosity_pvbm+tortuosity_skan+density_pvbm+density_skan+total_length_pvbm+total_length_skan,"src/pivot/p3_downstream.py cv_proba (5-fold stratified x3 repeats, logreg/GBDT)",runs/pivot/hrf/seed2/reliseg/pred/bio.csv
hrf,last,logreg,primary8,False,reliseg_nocl,baseline,0,30,3,2000,0.8183333333333334,0.6836948105572332,0.931101525762567,0.06333333333333335,-0.026953255052107356,0.17151914098972923,0.14,0.03520988911852415,0.272158408436917,dr=10;g=10;h=10,FD_pvbm+FD_skan+tortuosity_pvbm+tortuosity_skan+density_pvbm+density_skan+total_length_pvbm+total_length_skan,"src/pivot/p3_downstream.py cv_proba (5-fold stratified x3 repeats, logreg/GBDT)",runs/pivot/hrf/seed0/reliseg_nocl/pred/bio.csv
hrf,last,logreg,primary8,False,reliseg_nocl,continued,0,30,3,2000,0.8183333333333334,0.6836948105572332,0.931101525762567,0.06666666666666676,-0.039001316139103945,0.17885017864618366,0.14,0.03520988911852415,0.272158408436917,dr=10;g=10;h=10,FD_pvbm+FD_skan+tortuosity_pvbm+tortuosity_skan+density_pvbm+density_skan+total_length_pvbm+total_length_skan,"src/pivot/p3_downstream.py cv_proba (5-fold stratified x3 repeats, logreg/GBDT)",runs/pivot/hrf/seed0/reliseg_nocl/pred/bio.csv
hrf,last,logreg,primary8,False,reliseg_nocl,baseline,1,30,3,2000,0.7733333333333333,0.617126386413151,0.8972827250245727,0.018333333333333424,-0.03193317099567098,0.0730580734243015,0.18500000000000005,0.06655881826053385,0.32242956850248455,dr=10;g=10;h=10,FD_pvbm+FD_skan+tortuosity_pvbm+tortuosity_skan+density_pvbm+density_skan+total_length_pvbm+total_length_skan,"src/pivot/p3_downstream.py cv_proba (5-fold stratified x3 repeats, logreg/GBDT)",runs/pivot/hrf/seed1/reliseg_nocl/pred/bio.csv
hrf,last,logreg,primary8,False,reliseg_nocl,continued,1,30,3,2000,0.7733333333333333,0.617126386413151,0.8972827250245727,0.01333333333333342,-0.043760983129739445,0.072553444471136,0.18500000000000005,0.06655881826053385,0.32242956850248455,dr=10;g=10;h=10,FD_pvbm+FD_skan+tortuosity_pvbm+tortuosity_skan+density_pvbm+density_skan+total_length_pvbm+total_length_skan,"src/pivot/p3_downstream.py cv_proba (5-fold stratified x3 repeats, logreg/GBDT)",runs/pivot/hrf/seed1/reliseg_nocl/pred/bio.csv
hrf,last,logreg,primary8,False,reliseg_nocl,baseline,2,30,3,2000,0.7966666666666665,0.6415650052108386,0.9268909356012937,0.07833333333333325,0.022045766206891606,0.14195065617491248,0.16166666666666685,0.038951644420394546,0.30449525853633885,dr=10;g=10;h=10,FD_pvbm+FD_skan+tortuosity_pvbm+tortuosity_skan+density_pvbm+density_skan+total_length_pvbm+total_length_skan,"src/pivot/p3_downstream.py cv_proba (5-fold stratified x3 repeats, logreg/GBDT)",runs/pivot/hrf/seed2/reliseg_nocl/pred/bio.csv
hrf,last,logreg,primary8,False,reliseg_nocl,continued,2,30,3,2000,0.7966666666666665,0.6415650052108386,0.9268909356012937,0.026666666666666505,-0.019153796597690575,0.07154830268201003,0.16166666666666685,0.038951644420394546,0.30449525853633885,dr=10;g=10;h=10,FD_pvbm+FD_skan+tortuosity_pvbm+tortuosity_skan+density_pvbm+density_skan+total_length_pvbm+total_length_skan,"src/pivot/p3_downstream.py cv_proba (5-fold stratified x3 repeats, logreg/GBDT)",runs/pivot/hrf/seed2/reliseg_nocl/pred/bio.csv
hrf,last,gbdt,primary8,False,gt,baseline,-,30,3,2000,0.8266666666666667,0.6885083745087615,0.9521111883274486,,,,0.0,0.0,0.0,dr=10;g=10;h=10,FD_pvbm+FD_skan+tortuosity_pvbm+tortuosity_skan+density_pvbm+density_skan+total_length_pvbm+total_length_skan,"src/pivot/p3_downstream.py cv_proba (5-fold stratified x3 repeats, logreg/GBDT)","results/pivot/bio_master.csv (source=gt, split=test)"
hrf,last,gbdt,primary8,False,baseline,baseline,0,30,3,2000,0.6866666666666666,0.49193044532627866,0.8535777381086977,,,,0.14,0.004035237706193512,0.291670384399551,dr=10;g=10;h=10,FD_pvbm+FD_skan+tortuosity_pvbm+tortuosity_skan+density_pvbm+density_skan+total_length_pvbm+total_length_skan,"src/pivot/p3_downstream.py cv_proba (5-fold stratified x3 repeats, logreg/GBDT)",runs/pivot/hrf/seed0/baseline/pred/bio.csv
hrf,last,gbdt,primary8,False,baseline,continued,0,30,3,2000,0.6866666666666666,0.49193044532627866,0.8535777381086977,-0.09166666666666667,-0.22063308425231568,0.033243885359350626,0.14,0.004035237706193512,0.291670384399551,dr=10;g=10;h=10,FD_pvbm+FD_skan+tortuosity_pvbm+tortuosity_skan+density_pvbm+density_skan+total_length_pvbm+total_length_skan,"src/pivot/p3_downstream.py cv_proba (5-fold stratified x3 repeats, logreg/GBDT)",runs/pivot/hrf/seed0/baseline/pred/bio.csv
hrf,last,gbdt,primary8,False,baseline,baseline,1,30,3,2000,0.7200000000000001,0.5724729036395703,0.8568459079095043,,,,0.10666666666666658,-0.02023076105218718,0.2360049553070383,dr=10;g=10;h=10,FD_pvbm+FD_skan+tortuosity_pvbm+tortuosity_skan+density_pvbm+density_skan+total_length_pvbm+total_length_skan,"src/pivot/p3_downstream.py cv_proba (5-fold stratified x3 repeats, logreg/GBDT)",runs/pivot/hrf/seed1/baseline/pred/bio.csv
hrf,last,gbdt,primary8,False,baseline,continued,1,30,3,2000,0.7200000000000001,0.5724729036395703,0.8568459079095043,-0.0066666666666664876,-0.0954812610229277,0.09414323793490442,0.10666666666666658,-0.02023076105218718,0.2360049553070383,dr=10;g=10;h=10,FD_pvbm+FD_skan+tortuosity_pvbm+tortuosity_skan+density_pvbm+density_skan+total_length_pvbm+total_length_skan,"src/pivot/p3_downstream.py cv_proba (5-fold stratified x3 repeats, logreg/GBDT)",runs/pivot/hrf/seed1/baseline/pred/bio.csv
hrf,last,gbdt,primary8,False,baseline,baseline,2,30,3,2000,0.63,0.46686990335802253,0.7793285934410159,,,,0.19666666666666666,0.05246786702862555,0.33501988361367097,dr=10;g=10;h=10,FD_pvbm+FD_skan+tortuosity_pvbm+tortuosity_skan+density_pvbm+density_skan+total_length_pvbm+total_length_skan,"src/pivot/p3_downstream.py cv_proba (5-fold stratified x3 repeats, logreg/GBDT)",runs/pivot/hrf/seed2/baseline/pred/bio.csv
hrf,last,gbdt,primary8,False,baseline,continued,2,30,3,2000,0.63,0.46686990335802253,0.7793285934410159,-0.09666666666666668,-0.20051941059830086,-0.0053274137666301105,0.19666666666666666,0.05246786702862555,0.33501988361367097,dr=10;g=10;h=10,FD_pvbm+FD_skan+tortuosity_pvbm+tortuosity_skan+density_pvbm+density_skan+total_length_pvbm+total_length_skan,"src/pivot/p3_downstream.py cv_proba (5-fold stratified x3 repeats, logreg/GBDT)",runs/pivot/hrf/seed2/baseline/pred/bio.csv
hrf,last,gbdt,primary8,False,cfloss,baseline,0,30,3,2000,0.68,0.5034052553016748,0.838739314198873,-0.006666666666666599,-0.13874303720970385,0.11352174738559165,0.1466666666666666,-0.012972948997071698,0.3296434383517717,dr=10;g=10;h=10,FD_pvbm+FD_skan+tortuosity_pvbm+tortuosity_skan+density_pvbm+density_skan+total_length_pvbm+total_length_skan,"src/pivot/p3_downstream.py cv_proba (5-fold stratified x3 repeats, logreg/GBDT)",runs/pivot/hrf/seed0/cfloss/pred/bio.csv
hrf,last,gbdt,primary8,False,cfloss,continued,0,30,3,2000,0.68,0.5034052553016748,0.838739314198873,-0.09833333333333327,-0.229711714467068,0.01113317840426978,0.1466666666666666,-0.012972948997071698,0.3296434383517717,dr=10;g=10;h=10,FD_pvbm+FD_skan+tortuosity_pvbm+tortuosity_skan+density_pvbm+density_skan+total_length_pvbm+total_length_skan,"src/pivot/p3_downstream.py cv_proba (5-fold stratified x3 repeats, logreg/GBDT)",runs/pivot/hrf/seed0/cfloss/pred/bio.csv
hrf,last,gbdt,primary8,False,cfloss,baseline,1,30,3,2000,0.6083333333333333,0.42157189554893376,0.7856481785376264,-0.1116666666666668,-0.2309399429016689,0.01489860895789095,0.21833333333333338,0.04811115903449713,0.39545678273967744,dr=10;g=10;h=10,FD_pvbm+FD_skan+tortuosity_pvbm+tortuosity_skan+density_pvbm+density_skan+total_length_pvbm+total_length_skan,"src/pivot/p3_downstream.py cv_proba (5-fold stratified x3 repeats, logreg/GBDT)",runs/pivot/hrf/seed1/cfloss/pred/bio.csv
hrf,last,gbdt,primary8,False,cfloss,continued,1,30,3,2000,0.6083333333333333,0.42157189554893376,0.7856481785376264,-0.11833333333333329,-0.2716984346915267,0.04333401066896487,0.21833333333333338,0.04811115903449713,0.39545678273967744,dr=10;g=10;h=10,FD_pvbm+FD_skan+tortuosity_pvbm+tortuosity_skan+density_pvbm+density_skan+total_length_pvbm+total_length_skan,"src/pivot/p3_downstream.py cv_proba (5-fold stratified x3 repeats, logreg/GBDT)",runs/pivot/hrf/seed1/cfloss/pred/bio.csv
hrf,last,gbdt,primary8,False,cfloss,baseline,2,30,3,2000,0.8033333333333333,0.6571722293826266,0.9261098670144386,0.17333333333333334,0.05761079143690068,0.29401091102019605,0.023333333333333317,-0.11877789380859569,0.1634344849050731,dr=10;g=10;h=10,FD_pvbm+FD_skan+tortuosity_pvbm+tortuosity_skan+density_pvbm+density_skan+total_length_pvbm+total_length_skan,"src/pivot/p3_downstream.py cv_proba (5-fold stratified x3 repeats, logreg/GBDT)",runs/pivot/hrf/seed2/cfloss/pred/bio.csv
hrf,last,gbdt,primary8,False,cfloss,continued,2,30,3,2000,0.8033333333333333,0.6571722293826266,0.9261098670144386,0.07666666666666666,-0.053628869100360514,0.2166805383156001,0.023333333333333317,-0.11877789380859569,0.1634344849050731,dr=10;g=10;h=10,FD_pvbm+FD_skan+tortuosity_pvbm+tortuosity_skan+density_pvbm+density_skan+total_length_pvbm+total_length_skan,"src/pivot/p3_downstream.py cv_proba (5-fold stratified x3 repeats, logreg/GBDT)",runs/pivot/hrf/seed2/cfloss/pred/bio.csv
hrf,last,gbdt,primary8,False,continued,baseline,0,30,3,2000,0.7783333333333333,0.6420594536636204,0.9017970621347645,0.09166666666666667,-0.033243885359350696,0.2206330842523155,0.04833333333333334,-0.10440452886778086,0.19384779389184426,dr=10;g=10;h=10,FD_pvbm+FD_skan+tortuosity_pvbm+tortuosity_skan+density_pvbm+density_skan+total_length_pvbm+total_length_skan,"src/pivot/p3_downstream.py cv_proba (5-fold stratified x3 repeats, logreg/GBDT)",runs/pivot/hrf/seed0/continued/pred/bio.csv
hrf,last,gbdt,primary8,False,continued,baseline,1,30,3,2000,0.7266666666666666,0.5691981517666587,0.8731624753170805,0.0066666666666664876,-0.09414323793490446,0.09548126102292767,0.10000000000000009,-0.04710195575217498,0.2626644146139761,dr=10;g=10;h=10,FD_pvbm+FD_skan+tortuosity_pvbm+tortuosity_skan+density_pvbm+density_skan+total_length_pvbm+total_length_skan,"src/pivot/p3_downstream.py cv_proba (5-fold stratified x3 repeats, logreg/GBDT)",runs/pivot/hrf/seed1/continued/pred/bio.csv
hrf,last,gbdt,primary8,False,continued,baseline,2,30,3,2000,0.7266666666666667,0.5738635519317251,0.8660666301291301,0.09666666666666668,0.005327413766630091,0.20051941059830086,0.09999999999999998,-0.030014623574930555,0.22371613725427597,dr=10;g=10;h=10,FD_pvbm+FD_skan+tortuosity_pvbm+tortuosity_skan+density_pvbm+density_skan+total_length_pvbm+total_length_skan,"src/pivot/p3_downstream.py cv_proba (5-fold stratified x3 repeats, logreg/GBDT)",runs/pivot/hrf/seed2/continued/pred/bio.csv
hrf,last,gbdt,primary8,False,reliseg,baseline,0,30,3,2000,0.705,0.5620186268566632,0.8551784290271132,0.018333333333333313,-0.18948142371426677,0.2400215166334092,0.1216666666666667,-0.07639822963342713,0.3105559961624203,dr=10;g=10;h=10,FD_pvbm+FD_skan+tortuosity_pvbm+tortuosity_skan+density_pvbm+density_skan+total_length_pvbm+total_length_skan,"src/pivot/p3_downstream.py cv_proba (5-fold stratified x3 repeats, logreg/GBDT)",runs/pivot/hrf/seed0/reliseg/pred/bio.csv
hrf,last,gbdt,primary8,False,reliseg,continued,0,30,3,2000,0.705,0.5620186268566632,0.8551784290271132,-0.07333333333333336,-0.23216316793595862,0.0791969813000513,0.1216666666666667,-0.07639822963342713,0.3105559961624203,dr=10;g=10;h=10,FD_pvbm+FD_skan+tortuosity_pvbm+tortuosity_skan+density_pvbm+density_skan+total_length_pvbm+total_length_skan,"src/pivot/p3_downstream.py cv_proba (5-fold stratified x3 repeats, logreg/GBDT)",runs/pivot/hrf/seed0/reliseg/pred/bio.csv
hrf,last,gbdt,primary8,False,reliseg,baseline,1,30,3,2000,0.7866666666666667,0.6185619134346755,0.9140855472500209,0.06666666666666665,-0.016218999248413832,0.1594856018871654,0.039999999999999925,-0.07825751318398386,0.16014244845095227,dr=10;g=10;h=10,FD_pvbm+FD_skan+tortuosity_pvbm+tortuosity_skan+density_pvbm+density_skan+total_length_pvbm+total_length_skan,"src/pivot/p3_downstream.py cv_proba (5-fold stratified x3 repeats, logreg/GBDT)",runs/pivot/hrf/seed1/reliseg/pred/bio.csv
hrf,last,gbdt,primary8,False,reliseg,continued,1,30,3,2000,0.7866666666666667,0.6185619134346755,0.9140855472500209,0.060000000000000164,-0.02469907407407418,0.15896224761314282,0.039999999999999925,-0.07825751318398386,0.16014244845095227,dr=10;g=10;h=10,FD_pvbm+FD_skan+tortuosity_pvbm+tortuosity_skan+density_pvbm+density_skan+total_length_pvbm+total_length_skan,"src/pivot/p3_downstream.py cv_proba (5-fold stratified x3 repeats, logreg/GBDT)",runs/pivot/hrf/seed1/reliseg/pred/bio.csv
hrf,last,gbdt,primary8,False,reliseg,baseline,2,30,3,2000,0.7233333333333333,0.5837148724215541,0.8576765870068567,0.09333333333333327,-0.008300144300144252,0.1993365267987947,0.10333333333333339,-0.04103821949655287,0.24287843718869923,dr=10;g=10;h=10,FD_pvbm+FD_skan+tortuosity_pvbm+tortuosity_skan+density_pvbm+density_skan+total_length_pvbm+total_length_skan,"src/pivot/p3_downstream.py cv_proba (5-fold stratified x3 repeats, logreg/GBDT)",runs/pivot/hrf/seed2/reliseg/pred/bio.csv
hrf,last,gbdt,primary8,False,reliseg,continued,2,30,3,2000,0.7233333333333333,0.5837148724215541,0.8576765870068567,-0.0033333333333334103,-0.10269192974017527,0.09364936614597986,0.10333333333333339,-0.04103821949655287,0.24287843718869923,dr=10;g=10;h=10,FD_pvbm+FD_skan+tortuosity_pvbm+tortuosity_skan+density_pvbm+density_skan+total_length_pvbm+total_length_skan,"src/pivot/p3_downstream.py cv_proba (5-fold stratified x3 repeats, logreg/GBDT)",runs/pivot/hrf/seed2/reliseg/pred/bio.csv
hrf,last,gbdt,primary8,False,reliseg_nocl,baseline,0,30,3,2000,0.84,0.7104925518763239,0.9414001401175314,0.15333333333333332,0.010137004970338315,0.3097985574701258,-0.013333333333333308,-0.1665438984408069,0.14120111762901602,dr=10;g=10;h=10,FD_pvbm+FD_skan+tortuosity_pvbm+tortuosity_skan+density_pvbm+density_skan+total_length_pvbm+total_length_skan,"src/pivot/p3_downstream.py cv_proba (5-fold stratified x3 repeats, logreg/GBDT)",runs/pivot/hrf/seed0/reliseg_nocl/pred/bio.csv
hrf,last,gbdt,primary8,False,reliseg_nocl,continued,0,30,3,2000,0.84,0.7104925518763239,0.9414001401175314,0.06166666666666665,-0.057542619882983786,0.18252022647003455,-0.013333333333333308,-0.1665438984408069,0.14120111762901602,dr=10;g=10;h=10,FD_pvbm+FD_skan+tortuosity_pvbm+tortuosity_skan+density_pvbm+density_skan+total_length_pvbm+total_length_skan,"src/pivot/p3_downstream.py cv_proba (5-fold stratified x3 repeats, logreg/GBDT)",runs/pivot/hrf/seed0/reliseg_nocl/pred/bio.csv
hrf,last,gbdt,primary8,False,reliseg_nocl,baseline,1,30,3,2000,0.725,0.5711672647527912,0.8622297398951809,0.004999999999999893,-0.09949412068745932,0.12176885608471287,0.10166666666666668,-0.03277728705118407,0.22808020913679475,dr=10;g=10;h=10,FD_pvbm+FD_skan+tortuosity_pvbm+tortuosity_skan+density_pvbm+density_skan+total_length_pvbm+total_length_skan,"src/pivot/p3_downstream.py cv_proba (5-fold stratified x3 repeats, logreg/GBDT)",runs/pivot/hrf/seed1/reliseg_nocl/pred/bio.csv
hrf,last,gbdt,primary8,False,reliseg_nocl,continued,1,30,3,2000,0.725,0.5711672647527912,0.8622297398951809,-0.0016666666666665941,-0.09932863717145465,0.11132801164502656,0.10166666666666668,-0.03277728705118407,0.22808020913679475,dr=10;g=10;h=10,FD_pvbm+FD_skan+tortuosity_pvbm+tortuosity_skan+density_pvbm+density_skan+total_length_pvbm+total_length_skan,"src/pivot/p3_downstream.py cv_proba (5-fold stratified x3 repeats, logreg/GBDT)",runs/pivot/hrf/seed1/reliseg_nocl/pred/bio.csv
hrf,last,gbdt,primary8,False,reliseg_nocl,baseline,2,30,3,2000,0.6933333333333334,0.5209707397631417,0.8477918842291711,0.06333333333333335,-0.05323404044069678,0.17375992063492038,0.1333333333333333,-0.012219706463127556,0.29025748715222394,dr=10;g=10;h=10,FD_pvbm+FD_skan+tortuosity_pvbm+tortuosity_skan+density_pvbm+density_skan+total_length_pvbm+total_length_skan,"src/pivot/p3_downstream.py cv_proba (5-fold stratified x3 repeats, logreg/GBDT)",runs/pivot/hrf/seed2/reliseg_nocl/pred/bio.csv
hrf,last,gbdt,primary8,False,reliseg_nocl,continued,2,30,3,2000,0.6933333333333334,0.5209707397631417,0.8477918842291711,-0.033333333333333326,-0.16849927164291198,0.09242377645502628,0.1333333333333333,-0.012219706463127556,0.29025748715222394,dr=10;g=10;h=10,FD_pvbm+FD_skan+tortuosity_pvbm+tortuosity_skan+density_pvbm+density_skan+total_length_pvbm+total_length_skan,"src/pivot/p3_downstream.py cv_proba (5-fold stratified x3 repeats, logreg/GBDT)",runs/pivot/hrf/seed2/reliseg_nocl/pred/bio.csv
