dataset,target,config,seed,checkpoint,biomarker,pipeline,n,sigma,r_pearson,r_spearman,bias_const_sigma,resid_sd_sigma,mae_sigma,pred_path,gt_path,sigma_source
fives,fives,cfloss,0,fid,FD,pvbm,199,0.047908238577478,0.8960217388646435,0.9720298249046938,-0.20378102931164463,0.7048903011018331,0.27899821736974884,runs/pivot/fives/seed0/cfloss/pred_fid/bio.csv,"results/pivot/bio_master.csv (source=gt, split=test)",results/gateA_biomarker_scales_train.csv
fives,fives,cfloss,1,fid,FD,pvbm,199,0.047908238577478,0.8714321762306271,0.9746961890484156,-0.21402875400951543,0.8245505130747026,0.28266445157513354,runs/pivot/fives/seed1/cfloss/pred_fid/bio.csv,"results/pivot/bio_master.csv (source=gt, split=test)",results/gateA_biomarker_scales_train.csv
fives,fives,cfloss,2,fid,FD,pvbm,199,0.047908238577478,0.8895686383546956,0.9709121142927624,-0.18303691770581973,0.723065236662146,0.27724026299468774,runs/pivot/fives/seed2/cfloss/pred_fid/bio.csv,"results/pivot/bio_master.csv (source=gt, split=test)",results/gateA_biomarker_scales_train.csv
fives,fives,continued,0,fid,FD,pvbm,199,0.047908238577478,0.9095338513684574,0.9747251216119395,-0.1331065479306946,0.6113254229119925,0.24296288376192623,runs/pivot/fives/seed0/continued/pred_fid/bio.csv,"results/pivot/bio_master.csv (source=gt, split=test)",results/gateA_biomarker_scales_train.csv
fives,fives,continued,1,fid,FD,pvbm,199,0.047908238577478,0.9311372290345401,0.9755885302181591,-0.10947824048120447,0.5181497704106564,0.23174334493733806,runs/pivot/fives/seed1/continued/pred_fid/bio.csv,"results/pivot/bio_master.csv (source=gt, split=test)",results/gateA_biomarker_scales_train.csv
fives,fives,continued,2,fid,FD,pvbm,199,0.047908238577478,0.9233896963749941,0.972048098102709,-0.13604138308642325,0.5467798236861576,0.2496705334686486,runs/pivot/fives/seed2/continued/pred_fid/bio.csv,"results/pivot/bio_master.csv (source=gt, split=test)",results/gateA_biomarker_scales_train.csv
fives,fives,continued,3,fid,FD,pvbm,199,0.047908238577478,0.9169966728204217,0.9683820377509043,-0.17814009836316824,0.595568404202363,0.26852092452850296,runs/pivot/fives/seed3/continued/pred_fid/bio.csv,"results/pivot/bio_master.csv (source=gt, split=test)",results/gateA_biomarker_scales_train.csv
fives,fives,continued,4,fid,FD,pvbm,199,0.047908238577478,0.9217644383177402,0.9723145822404311,-0.21954745935435452,0.5681637343177465,0.28858526015724084,runs/pivot/fives/seed4/continued/pred_fid/bio.csv,"results/pivot/bio_master.csv (source=gt, split=test)",results/gateA_biomarker_scales_train.csv
fives,fives,continued,5,fid,FD,pvbm,199,0.047908238577478,0.9032263962111343,0.9725292923171099,-0.19243465752670946,0.6545826658099652,0.26608900934785157,runs/pivot/fives/seed5/continued/pred_fid/bio.csv,"results/pivot/bio_master.csv (source=gt, split=test)",results/gateA_biomarker_scales_train.csv
fives,fives,reliseg,0,fid,FD,pvbm,199,0.047908238577478,0.9016673241581542,0.9742682916615588,-0.05695770816468665,0.6415582900137247,0.24161177338640905,runs/pivot/fives/seed0/reliseg/pred_fid/bio.csv,"results/pivot/bio_master.csv (source=gt, split=test)",results/gateA_biomarker_scales_train.csv
fives,fives,reliseg,1,fid,FD,pvbm,199,0.047908238577478,0.9336318589772403,0.976027848353775,-0.0578740521443436,0.49140634222523116,0.22488786613423375,runs/pivot/fives/seed1/reliseg/pred_fid/bio.csv,"results/pivot/bio_master.csv (source=gt, split=test)",results/gateA_biomarker_scales_train.csv
fives,fives,reliseg,2,fid,FD,pvbm,199,0.047908238577478,0.9111706263290519,0.9741320040596955,-0.045527947211223864,0.5822080288810392,0.236736738469882,runs/pivot/fives/seed2/reliseg/pred_fid/bio.csv,"results/pivot/bio_master.csv (source=gt, split=test)",results/gateA_biomarker_scales_train.csv
fives,fives,reliseg,3,fid,FD,pvbm,199,0.047908238577478,0.91200042182431,0.97384953087371,-0.09276947830827938,0.5935143651506389,0.2436245922071972,runs/pivot/fives/seed3/reliseg/pred_fid/bio.csv,"results/pivot/bio_master.csv (source=gt, split=test)",results/gateA_biomarker_scales_train.csv
fives,fives,reliseg,4,fid,FD,pvbm,199,0.047908238577478,0.9141641762944654,0.974141140658703,-0.10656108906501072,0.5918648599347488,0.23417128945977825,runs/pivot/fives/seed4/reliseg/pred_fid/bio.csv,"results/pivot/bio_master.csv (source=gt, split=test)",results/gateA_biomarker_scales_train.csv
fives,fives,reliseg,5,fid,FD,pvbm,199,0.047908238577478,0.9245911617914504,0.9723952888649983,-0.042557875386916674,0.5335581713947829,0.2278881090340903,runs/pivot/fives/seed5/reliseg/pred_fid/bio.csv,"results/pivot/bio_master.csv (source=gt, split=test)",results/gateA_biomarker_scales_train.csv
fives,fives,reliseg_nocl,0,fid,FD,pvbm,199,0.047908238577478,0.9002275769220663,0.9738982594017507,-0.06454300734591495,0.6733592510334863,0.2383791079988515,runs/pivot/fives/seed0/reliseg_nocl/pred_fid/bio.csv,"results/pivot/bio_master.csv (source=gt, split=test)",results/gateA_biomarker_scales_train.csv
fives,fives,reliseg_nocl,1,fid,FD,pvbm,199,0.047908238577478,0.9186764519985097,0.9747517700257117,-0.10072663984313213,0.5881456039039181,0.23064052417246533,runs/pivot/fives/seed1/reliseg_nocl/pred_fid/bio.csv,"results/pivot/bio_master.csv (source=gt, split=test)",results/gateA_biomarker_scales_train.csv
fives,fives,reliseg_nocl,2,fid,FD,pvbm,199,0.047908238577478,0.8987408017303635,0.9737855746806567,-0.1580488426908372,0.6909488601815722,0.2603823838521444,runs/pivot/fives/seed2/reliseg_nocl/pred_fid/bio.csv,"results/pivot/bio_master.csv (source=gt, split=test)",results/gateA_biomarker_scales_train.csv
fives,fives,cfloss,0,fid,FD,skan,200,0.0352252175614159,0.9173993163208136,0.9556554997583736,-0.6884478245012866,0.9861630730428331,0.6923884445582096,runs/pivot/fives/seed0/cfloss/pred_fid/bio.csv,"results/pivot/bio_master.csv (source=gt, split=test)",results/gateA_biomarker_scales_train.csv
fives,fives,cfloss,1,fid,FD,skan,200,0.0352252175614159,0.8321033268005089,0.9552294889483492,-0.7570041692867011,1.5549101303413764,0.762020090733817,runs/pivot/fives/seed1/cfloss/pred_fid/bio.csv,"results/pivot/bio_master.csv (source=gt, split=test)",results/gateA_biomarker_scales_train.csv
fives,fives,cfloss,2,fid,FD,skan,200,0.0352252175614159,0.8955042701766374,0.9548634796608637,-0.7042230333465449,1.1684644613360438,0.710486788727459,runs/pivot/fives/seed2/cfloss/pred_fid/bio.csv,"results/pivot/bio_master.csv (source=gt, split=test)",results/gateA_biomarker_scales_train.csv
fives,fives,continued,0,fid,FD,skan,200,0.0352252175614159,0.9165293214147558,0.9587665787020021,-0.6612940183791974,1.0049862026470404,0.6666645763283562,runs/pivot/fives/seed0/continued/pred_fid/bio.csv,"results/pivot/bio_master.csv (source=gt, split=test)",results/gateA_biomarker_scales_train.csv
fives,fives,continued,1,fid,FD,skan,200,0.0352252175614159,0.91967430324784,0.9606251258626364,-0.6551978052343034,1.0081146567911254,0.6611398519569291,runs/pivot/fives/seed1/continued/pred_fid/bio.csv,"results/pivot/bio_master.csv (source=gt, split=test)",results/gateA_biomarker_scales_train.csv
fives,fives,continued,2,fid,FD,skan,200,0.0352252175614159,0.9099806880210882,0.9557155012809122,-0.686643789404917,1.0644253760656919,0.6926860533709649,runs/pivot/fives/seed2/continued/pred_fid/bio.csv,"results/pivot/bio_master.csv (source=gt, split=test)",results/gateA_biomarker_scales_train.csv
fives,fives,continued,3,fid,FD,skan,200,0.0352252175614159,0.8954014440476993,0.9553569921837439,-0.7145444776606001,1.1609830967038766,0.7196846398153854,runs/pivot/fives/seed3/continued/pred_fid/bio.csv,"results/pivot/bio_master.csv (source=gt, split=test)",results/gateA_biomarker_scales_train.csv
fives,fives,continued,4,fid,FD,skan,200,0.0352252175614159,0.9019725130096915,0.9544794699166163,-0.778260504193982,1.1340379112202172,0.7818205604460978,runs/pivot/fives/seed4/continued/pred_fid/bio.csv,"results/pivot/bio_master.csv (source=gt, split=test)",results/gateA_biomarker_scales_train.csv
fives,fives,continued,5,fid,FD,skan,200,0.0352252175614159,0.9020975890711048,0.9540669594491632,-0.7492045123398442,1.1402599910937319,0.7506913836767448,runs/pivot/fives/seed5/continued/pred_fid/bio.csv,"results/pivot/bio_master.csv (source=gt, split=test)",results/gateA_biomarker_scales_train.csv
fives,fives,reliseg,0,fid,FD,skan,200,0.0352252175614159,0.9191817873821381,0.962999686117103,-0.5125188680153099,0.9812583113700851,0.5408064870062388,runs/pivot/fives/seed0/reliseg/pred_fid/bio.csv,"results/pivot/bio_master.csv (source=gt, split=test)",results/gateA_biomarker_scales_train.csv
fives,fives,reliseg,1,fid,FD,skan,200,0.0352252175614159,0.9242163130131261,0.9624836730232706,-0.4455952196110731,0.8879455377265014,0.49562960119418803,runs/pivot/fives/seed1/reliseg/pred_fid/bio.csv,"results/pivot/bio_master.csv (source=gt, split=test)",results/gateA_biomarker_scales_train.csv
fives,fives,reliseg,2,fid,FD,skan,200,0.0352252175614159,0.9170550878004746,0.9601631141390887,-0.5017136825184377,0.9608437128813989,0.5379381434013798,runs/pivot/fives/seed2/reliseg/pred_fid/bio.csv,"results/pivot/bio_master.csv (source=gt, split=test)",results/gateA_biomarker_scales_train.csv
fives,fives,reliseg,3,fid,FD,skan,200,0.0352252175614159,0.9234570864083301,0.9620531620990559,-0.5960752059547025,0.9759455712964865,0.6095730747764697,runs/pivot/fives/seed3/reliseg/pred_fid/bio.csv,"results/pivot/bio_master.csv (source=gt, split=test)",results/gateA_biomarker_scales_train.csv
fives,fives,reliseg,4,fid,FD,skan,200,0.0352252175614159,0.9068221264401879,0.9587650786639386,-0.5978711857697175,1.0852727723564248,0.6168590175777791,runs/pivot/fives/seed4/reliseg/pred_fid/bio.csv,"results/pivot/bio_master.csv (source=gt, split=test)",results/gateA_biomarker_scales_train.csv
fives,fives,reliseg,5,fid,FD,skan,200,0.0352252175614159,0.9152568101459343,0.9615461492336046,-0.4890576373468866,0.9836794041131088,0.524244724074699,runs/pivot/fives/seed5/reliseg/pred_fid/bio.csv,"results/pivot/bio_master.csv (source=gt, split=test)",results/gateA_biomarker_scales_train.csv
fives,fives,reliseg_nocl,0,fid,FD,skan,200,0.0352252175614159,0.9095236813978907,0.9611906402125631,-0.478126082338983,1.0733285821690133,0.525546391371524,runs/pivot/fives/seed0/reliseg_nocl/pred_fid/bio.csv,"results/pivot/bio_master.csv (source=gt, split=test)",results/gateA_biomarker_scales_train.csv
fives,fives,reliseg_nocl,1,fid,FD,skan,200,0.0352252175614159,0.9018863475060289,0.9612491416970382,-0.5798078568061967,1.1129832752195923,0.6038966652338342,runs/pivot/fives/seed1/reliseg_nocl/pred_fid/bio.csv,"results/pivot/bio_master.csv (source=gt, split=test)",results/gateA_biomarker_scales_train.csv
fives,fives,reliseg_nocl,2,fid,FD,skan,200,0.0352252175614159,0.901407089738829,0.9590215851727912,-0.6415218539809018,1.1864838610786086,0.6592519607999564,runs/pivot/fives/seed2/reliseg_nocl/pred_fid/bio.csv,"results/pivot/bio_master.csv (source=gt, split=test)",results/gateA_biomarker_scales_train.csv
fives,fives,cfloss,0,fid,tortuosity,pvbm,196,0.0043284702883327,0.09300160928919717,0.5505034507022769,-1.0047986844502126,3.4711669784669033,1.2028197910714722,runs/pivot/fives/seed0/cfloss/pred_fid/bio.csv,"results/pivot/bio_master.csv (source=gt, split=test)",results/gateA_biomarker_scales_train.csv
fives,fives,cfloss,1,fid,tortuosity,pvbm,196,0.0043284702883327,0.017657492648390647,0.5884241554434173,-1.0583309916203074,3.543430250250085,1.1767481193588571,runs/pivot/fives/seed1/cfloss/pred_fid/bio.csv,"results/pivot/bio_master.csv (source=gt, split=test)",results/gateA_biomarker_scales_train.csv
fives,fives,cfloss,2,fid,tortuosity,pvbm,196,0.0043284702883327,0.0409168643176657,0.5002976358866795,-1.0091983742003983,3.5488527256939166,1.1956186735409131,runs/pivot/fives/seed2/cfloss/pred_fid/bio.csv,"results/pivot/bio_master.csv (source=gt, split=test)",results/gateA_biomarker_scales_train.csv
fives,fives,continued,0,fid,tortuosity,pvbm,196,0.0043284702883327,-0.022466978936974195,0.5022478092678755,-1.0723441495525163,3.5740642041879056,1.2390894427225383,runs/pivot/fives/seed0/continued/pred_fid/bio.csv,"results/pivot/bio_master.csv (source=gt, split=test)",results/gateA_biomarker_scales_train.csv
fives,fives,continued,1,fid,tortuosity,pvbm,196,0.0043284702883327,-0.08153779348100636,0.52662086980571,-1.118191246836289,3.6455167304592293,1.237958324069276,runs/pivot/fives/seed1/continued/pred_fid/bio.csv,"results/pivot/bio_master.csv (source=gt, split=test)",results/gateA_biomarker_scales_train.csv
fives,fives,continued,2,fid,tortuosity,pvbm,196,0.0043284702883327,-0.194476400301551,0.48746622211223006,-1.1372778397531618,3.755105466511256,1.2681312391567718,runs/pivot/fives/seed2/continued/pred_fid/bio.csv,"results/pivot/bio_master.csv (source=gt, split=test)",results/gateA_biomarker_scales_train.csv
fives,fives,continued,3,fid,tortuosity,pvbm,196,0.0043284702883327,0.05368002827497636,0.5235959022687273,-1.0787814107097453,3.482791065648407,1.2313807202517477,runs/pivot/fives/seed3/continued/pred_fid/bio.csv,"results/pivot/bio_master.csv (source=gt, split=test)",results/gateA_biomarker_scales_train.csv
fives,fives,continued,4,fid,tortuosity,pvbm,196,0.0043284702883327,0.026021169428732487,0.5055640357179261,-1.0607534303271726,3.545288947638958,1.242124958862463,runs/pivot/fives/seed4/continued/pred_fid/bio.csv,"results/pivot/bio_master.csv (source=gt, split=test)",results/gateA_biomarker_scales_train.csv
fives,fives,continued,5,fid,tortuosity,pvbm,196,0.0043284702883327,-0.025995894955320755,0.5345604272570825,-1.1508111445401557,3.5490037287429095,1.2348517593377306,runs/pivot/fives/seed5/continued/pred_fid/bio.csv,"results/pivot/bio_master.csv (source=gt, split=test)",results/gateA_biomarker_scales_train.csv
fives,fives,reliseg,0,fid,tortuosity,pvbm,196,0.0043284702883327,0.044716370834197,0.5180511909614764,-0.3617831584006031,3.6185430654493076,1.1695480575040478,runs/pivot/fives/seed0/reliseg/pred_fid/bio.csv,"results/pivot/bio_master.csv (source=gt, split=test)",results/gateA_biomarker_scales_train.csv
fives,fives,reliseg,1,fid,tortuosity,pvbm,196,0.0043284702883327,0.08631256889116774,0.5116315022159729,2.646953214056599,5.756014919143666,3.308229916631751,runs/pivot/fives/seed1/reliseg/pred_fid/bio.csv,"results/pivot/bio_master.csv (source=gt, split=test)",results/gateA_biomarker_scales_train.csv
fives,fives,reliseg,2,fid,tortuosity,pvbm,196,0.0043284702883327,0.05867800542754729,0.5924641173585874,1.1126984666144724,9.157779799856456,2.416815340605852,runs/pivot/fives/seed2/reliseg/pred_fid/bio.csv,"results/pivot/bio_master.csv (source=gt, split=test)",results/gateA_biomarker_scales_train.csv
fives,fives,reliseg,3,fid,tortuosity,pvbm,196,0.0043284702883327,-0.10504407464031133,0.48429044947786104,-0.7072840042663662,3.801924788848177,1.2091368705609782,runs/pivot/fives/seed3/reliseg/pred_fid/bio.csv,"results/pivot/bio_master.csv (source=gt, split=test)",results/gateA_biomarker_scales_train.csv
fives,fives,reliseg,4,fid,tortuosity,pvbm,196,0.0043284702883327,0.14392871083393227,0.5278098191116052,-0.7629486581048812,3.476955130782248,1.1818128687876535,runs/pivot/fives/seed4/reliseg/pred_fid/bio.csv,"results/pivot/bio_master.csv (source=gt, split=test)",results/gateA_biomarker_scales_train.csv
fives,fives,reliseg,5,fid,tortuosity,pvbm,196,0.0043284702883327,0.04470015296833392,0.5890449274798286,-0.3956604148209436,3.6879630726034436,1.142513561993074,runs/pivot/fives/seed5/reliseg/pred_fid/bio.csv,"results/pivot/bio_master.csv (source=gt, split=test)",results/gateA_biomarker_scales_train.csv
fives,fives,reliseg_nocl,0,fid,tortuosity,pvbm,196,0.0043284702883327,0.05348606665545766,0.4949505494113003,-0.6397914681464999,3.6210528893603664,1.2079310827993346,runs/pivot/fives/seed0/reliseg_nocl/pred_fid/bio.csv,"results/pivot/bio_master.csv (source=gt, split=test)",results/gateA_biomarker_scales_train.csv
fives,fives,reliseg_nocl,1,fid,tortuosity,pvbm,196,0.0043284702883327,0.05263967385773857,0.5520159344707681,-0.8861150755474749,3.558004287638885,1.1265388265245082,runs/pivot/fives/seed1/reliseg_nocl/pred_fid/bio.csv,"results/pivot/bio_master.csv (source=gt, split=test)",results/gateA_biomarker_scales_train.csv
fives,fives,reliseg_nocl,2,fid,tortuosity,pvbm,196,0.0043284702883327,0.07181919189492258,0.5870500948490354,-0.8853812412595101,3.5093613736001426,1.1231757671966902,runs/pivot/fives/seed2/reliseg_nocl/pred_fid/bio.csv,"results/pivot/bio_master.csv (source=gt, split=test)",results/gateA_biomarker_scales_train.csv
fives,fives,cfloss,0,fid,tortuosity,skan,200,0.0082480255706009,0.5304064952588188,0.7048401353184833,-0.0005214532745273281,1.2901950935290374,0.7362252001226735,runs/pivot/fives/seed0/cfloss/pred_fid/bio.csv,"results/pivot/bio_master.csv (source=gt, split=test)",results/gateA_biomarker_scales_train.csv
fives,fives,cfloss,1,fid,tortuosity,skan,200,0.0082480255706009,0.5069665241592304,0.691392294079511,-0.11170109926883963,1.2308214608388766,0.6901474530632516,runs/pivot/fives/seed1/cfloss/pred_fid/bio.csv,"results/pivot/bio_master.csv (source=gt, split=test)",results/gateA_biomarker_scales_train.csv
fives,fives,cfloss,2,fid,tortuosity,skan,200,0.0082480255706009,0.46565756826652865,0.6916698011212522,-0.11778474921544417,1.2832278604993779,0.6939749238367838,runs/pivot/fives/seed2/cfloss/pred_fid/bio.csv,"results/pivot/bio_master.csv (source=gt, split=test)",results/gateA_biomarker_scales_train.csv
fives,fives,continued,0,fid,tortuosity,skan,200,0.0082480255706009,0.47693777999678666,0.7019075609044073,-0.1145294797770596,1.2718965334941204,0.6778125047511453,runs/pivot/fives/seed0/continued/pred_fid/bio.csv,"results/pivot/bio_master.csv (source=gt, split=test)",results/gateA_biomarker_scales_train.csv
fives,fives,continued,1,fid,tortuosity,skan,200,0.0082480255706009,0.12792941763231813,0.6503242519779396,0.19968937443604523,3.352634646974416,0.9601939907737881,runs/pivot/fives/seed1/continued/pred_fid/bio.csv,"results/pivot/bio_master.csv (source=gt, split=test)",results/gateA_biomarker_scales_train.csv
fives,fives,continued,2,fid,tortuosity,skan,200,0.0082480255706009,0.41794223493790583,0.6275776747835418,-0.0793584069940985,1.3339725499058293,0.7275031461803875,runs/pivot/fives/seed2/continued/pred_fid/bio.csv,"results/pivot/bio_master.csv (source=gt, split=test)",results/gateA_biomarker_scales_train.csv
fives,fives,continued,3,fid,tortuosity,skan,200,0.0082480255706009,0.45927473930852014,0.636405398787039,0.013259258081239587,1.4678060061925988,0.7829631871828511,runs/pivot/fives/seed3/continued/pred_fid/bio.csv,"results/pivot/bio_master.csv (source=gt, split=test)",results/gateA_biomarker_scales_train.csv
fives,fives,continued,4,fid,tortuosity,skan,200,0.0082480255706009,0.5024486768826151,0.6855226451371685,-0.0894280253266613,1.2607715049780894,0.6797792588364641,runs/pivot/fives/seed4/continued/pred_fid/bio.csv,"results/pivot/bio_master.csv (source=gt, split=test)",results/gateA_biomarker_scales_train.csv
fives,fives,continued,5,fid,tortuosity,skan,200,0.0082480255706009,0.5474645049722211,0.7118723137600118,-0.05097674840851919,1.2286958813107813,0.6862232366688366,runs/pivot/fives/seed5/continued/pred_fid/bio.csv,"results/pivot/bio_master.csv (source=gt, split=test)",results/gateA_biomarker_scales_train.csv
fives,fives,reliseg,0,fid,tortuosity,skan,200,0.0082480255706009,0.4669752862837919,0.6970219369316988,-0.07812157288693314,1.2748626756650694,0.6779930808167607,runs/pivot/fives/seed0/reliseg/pred_fid/bio.csv,"results/pivot/bio_master.csv (source=gt, split=test)",results/gateA_biomarker_scales_train.csv
fives,fives,reliseg,1,fid,tortuosity,skan,200,0.0082480255706009,0.5677471092156526,0.7271877023879993,0.027760926235223415,1.1645965736613195,0.6902841896567579,runs/pivot/fives/seed1/reliseg/pred_fid/bio.csv,"results/pivot/bio_master.csv (source=gt, split=test)",results/gateA_biomarker_scales_train.csv
fives,fives,reliseg,2,fid,tortuosity,skan,200,0.0082480255706009,0.4315626036130921,0.6398359858381858,-0.11593628939364196,1.300714663216631,0.7199634698417904,runs/pivot/fives/seed2/reliseg/pred_fid/bio.csv,"results/pivot/bio_master.csv (source=gt, split=test)",results/gateA_biomarker_scales_train.csv
fives,fives,reliseg,3,fid,tortuosity,skan,200,0.0082480255706009,0.4523508551773341,0.6396259805093004,-0.09464624228824484,1.335386249599549,0.7333532205717375,runs/pivot/fives/seed3/reliseg/pred_fid/bio.csv,"results/pivot/bio_master.csv (source=gt, split=test)",results/gateA_biomarker_scales_train.csv
fives,fives,reliseg,4,fid,tortuosity,skan,200,0.0082480255706009,0.6592475811875936,0.7274817098484386,-0.07829121347178095,1.0494744614723976,0.6566413930599557,runs/pivot/fives/seed4/reliseg/pred_fid/bio.csv,"results/pivot/bio_master.csv (source=gt, split=test)",results/gateA_biomarker_scales_train.csv
fives,fives,reliseg,5,fid,tortuosity,skan,200,0.0082480255706009,0.4533646231845955,0.6832170866336214,-0.014508455206870448,1.4605131899725992,0.7232541415236401,runs/pivot/fives/seed5/reliseg/pred_fid/bio.csv,"results/pivot/bio_master.csv (source=gt, split=test)",results/gateA_biomarker_scales_train.csv
fives,fives,reliseg_nocl,0,fid,tortuosity,skan,200,0.0082480255706009,0.4531127948241956,0.6756028934234681,-0.17435218318925982,1.274050240876549,0.6876913469605793,runs/pivot/fives/seed0/reliseg_nocl/pred_fid/bio.csv,"results/pivot/bio_master.csv (source=gt, split=test)",results/gateA_biomarker_scales_train.csv
fives,fives,reliseg_nocl,1,fid,tortuosity,skan,200,0.0082480255706009,0.4430063413268603,0.6791759840906441,-0.09500542546164217,1.3451693665669113,0.7183414838786385,runs/pivot/fives/seed1/reliseg_nocl/pred_fid/bio.csv,"results/pivot/bio_master.csv (source=gt, split=test)",results/gateA_biomarker_scales_train.csv
fives,fives,reliseg_nocl,2,fid,tortuosity,skan,200,0.0082480255706009,0.4526127691215141,0.6965089239139933,-0.14006715119907673,1.2996528246662364,0.7010133744875149,runs/pivot/fives/seed2/reliseg_nocl/pred_fid/bio.csv,"results/pivot/bio_master.csv (source=gt, split=test)",results/gateA_biomarker_scales_train.csv
fives,fives,cfloss,0,fid,density,pvbm,200,0.020884296713893,0.982924887011568,0.97376620931763,-0.19898224627390537,0.24128576205399563,0.22849895426646136,runs/pivot/fives/seed0/cfloss/pred_fid/bio.csv,"results/pivot/bio_master.csv (source=gt, split=test)",results/gateA_biomarker_scales_train.csv
fives,fives,cfloss,1,fid,density,pvbm,200,0.020884296713893,0.9827892479646477,0.9745222285016168,-0.178498120251116,0.24280294861821144,0.21198949136950515,runs/pivot/fives/seed1/cfloss/pred_fid/bio.csv,"results/pivot/bio_master.csv (source=gt, split=test)",results/gateA_biomarker_scales_train.csv
fives,fives,cfloss,2,fid,density,pvbm,200,0.020884296713893,0.982290995436336,0.9733626990785577,-0.08670675038582204,0.25188768628152175,0.1837837947199611,runs/pivot/fives/seed2/cfloss/pred_fid/bio.csv,"results/pivot/bio_master.csv (source=gt, split=test)",results/gateA_biomarker_scales_train.csv
fives,fives,continued,0,fid,density,pvbm,200,0.020884296713893,0.9844298613627677,0.9755002533189967,0.019285147570059523,0.22989247354325487,0.17052311112585833,runs/pivot/fives/seed0/continued/pred_fid/bio.csv,"results/pivot/bio_master.csv (source=gt, split=test)",results/gateA_biomarker_scales_train.csv
fives,fives,continued,1,fid,density,pvbm,200,0.020884296713893,0.9849519917202636,0.97546275236741,-0.04063810454168192,0.2290571047890973,0.16945157396368138,runs/pivot/fives/seed1/continued/pred_fid/bio.csv,"results/pivot/bio_master.csv (source=gt, split=test)",results/gateA_biomarker_scales_train.csv
fives,fives,continued,2,fid,density,pvbm,200,0.020884296713893,0.9835729879833351,0.9750997431560513,0.03424940621655249,0.2352732812028688,0.17487257348921567,runs/pivot/fives/seed2/continued/pred_fid/bio.csv,"results/pivot/bio_master.csv (source=gt, split=test)",results/gateA_biomarker_scales_train.csv
fives,fives,continued,3,fid,density,pvbm,200,0.020884296713893,0.9831714384280467,0.9729786893343104,0.035645204546490256,0.25372693817915454,0.19273732089563722,runs/pivot/fives/seed3/continued/pred_fid/bio.csv,"results/pivot/bio_master.csv (source=gt, split=test)",results/gateA_biomarker_scales_train.csv
fives,fives,continued,4,fid,density,pvbm,200,0.020884296713893,0.9822040921562686,0.9717651585409665,-0.12972015241271506,0.24235984305127412,0.19364900800572318,runs/pivot/fives/seed4/continued/pred_fid/bio.csv,"results/pivot/bio_master.csv (source=gt, split=test)",results/gateA_biomarker_scales_train.csv
fives,fives,continued,5,fid,density,pvbm,200,0.020884296713893,0.9834234895087243,0.9741412188334965,-0.007795759010728609,0.24724403157628172,0.18269807379914227,runs/pivot/fives/seed5/continued/pred_fid/bio.csv,"results/pivot/bio_master.csv (source=gt, split=test)",results/gateA_biomarker_scales_train.csv
fives,fives,reliseg,0,fid,density,pvbm,200,0.020884296713893,0.9831521643426653,0.9765142790498997,-0.011697144149454162,0.24149763147994727,0.1703900727721477,runs/pivot/fives/seed0/reliseg/pred_fid/bio.csv,"results/pivot/bio_master.csv (source=gt, split=test)",results/gateA_biomarker_scales_train.csv
fives,fives,reliseg,1,fid,density,pvbm,200,0.020884296713893,0.9850389881641641,0.9766777831988175,0.01700841638548724,0.2270799704209878,0.16734670057019996,runs/pivot/fives/seed1/reliseg/pred_fid/bio.csv,"results/pivot/bio_master.csv (source=gt, split=test)",results/gateA_biomarker_scales_train.csv
fives,fives,reliseg,2,fid,density,pvbm,200,0.020884296713893,0.9836508061267891,0.9762982735687605,-0.012482770844488043,0.23245986351084041,0.167009023771051,runs/pivot/fives/seed2/reliseg/pred_fid/bio.csv,"results/pivot/bio_master.csv (source=gt, split=test)",results/gateA_biomarker_scales_train.csv
fives,fives,reliseg,3,fid,density,pvbm,200,0.020884296713893,0.9836880923810293,0.9750922429657338,0.009273323242691962,0.23799046311216285,0.1735795133596892,runs/pivot/fives/seed3/reliseg/pred_fid/bio.csv,"results/pivot/bio_master.csv (source=gt, split=test)",results/gateA_biomarker_scales_train.csv
fives,fives,reliseg,4,fid,density,pvbm,200,0.020884296713893,0.9830913076774783,0.9746797324982807,-0.028177706204105365,0.2398964234413945,0.16885895044930652,runs/pivot/fives/seed4/reliseg/pred_fid/bio.csv,"results/pivot/bio_master.csv (source=gt, split=test)",results/gateA_biomarker_scales_train.csv
fives,fives,reliseg,5,fid,density,pvbm,200,0.020884296713893,0.9848076311708559,0.9762307718559046,0.10834368263628487,0.23831259495886636,0.20542326412297107,runs/pivot/fives/seed5/reliseg/pred_fid/bio.csv,"results/pivot/bio_master.csv (source=gt, split=test)",results/gateA_biomarker_scales_train.csv
fives,fives,reliseg_nocl,0,fid,density,pvbm,200,0.020884296713893,0.9837544356828783,0.975617256287947,0.05053659708990166,0.2387234590894845,0.179007546978471,runs/pivot/fives/seed0/reliseg_nocl/pred_fid/bio.csv,"results/pivot/bio_master.csv (source=gt, split=test)",results/gateA_biomarker_scales_train.csv
fives,fives,reliseg_nocl,1,fid,density,pvbm,200,0.020884296713893,0.9831427062270235,0.9760717678211772,-0.06664738774980529,0.24340289199858645,0.17375995460004368,runs/pivot/fives/seed1/reliseg_nocl/pred_fid/bio.csv,"results/pivot/bio_master.csv (source=gt, split=test)",results/gateA_biomarker_scales_train.csv
fives,fives,reliseg_nocl,2,fid,density,pvbm,200,0.020884296713893,0.9817299678478992,0.9757222589523896,-0.053363343724675355,0.25487646929190455,0.18251197198795335,runs/pivot/fives/seed2/reliseg_nocl/pred_fid/bio.csv,"results/pivot/bio_master.csv (source=gt, split=test)",results/gateA_biomarker_scales_train.csv
fives,fives,cfloss,0,fid,density,skan,200,0.020884296713893,0.982924887011568,0.97376620931763,-0.19898224627390537,0.24128576205399563,0.22849895426646136,runs/pivot/fives/seed0/cfloss/pred_fid/bio.csv,"results/pivot/bio_master.csv (source=gt, split=test)",results/gateA_biomarker_scales_train.csv
fives,fives,cfloss,1,fid,density,skan,200,0.020884296713893,0.9827892479646477,0.9745222285016168,-0.178498120251116,0.24280294861821144,0.21198949136950515,runs/pivot/fives/seed1/cfloss/pred_fid/bio.csv,"results/pivot/bio_master.csv (source=gt, split=test)",results/gateA_biomarker_scales_train.csv
fives,fives,cfloss,2,fid,density,skan,200,0.020884296713893,0.982290995436336,0.9733626990785577,-0.08670675038582204,0.25188768628152175,0.1837837947199611,runs/pivot/fives/seed2/cfloss/pred_fid/bio.csv,"results/pivot/bio_master.csv (source=gt, split=test)",results/gateA_biomarker_scales_train.csv
fives,fives,continued,0,fid,density,skan,200,0.020884296713893,0.9844298613627677,0.9755002533189967,0.019285147570059523,0.22989247354325487,0.17052311112585833,runs/pivot/fives/seed0/continued/pred_fid/bio.csv,"results/pivot/bio_master.csv (source=gt, split=test)",results/gateA_biomarker_scales_train.csv
fives,fives,continued,1,fid,density,skan,200,0.020884296713893,0.9849519917202636,0.97546275236741,-0.04063810454168192,0.2290571047890973,0.16945157396368138,runs/pivot/fives/seed1/continued/pred_fid/bio.csv,"results/pivot/bio_master.csv (source=gt, split=test)",results/gateA_biomarker_scales_train.csv
fives,fives,continued,2,fid,density,skan,200,0.020884296713893,0.9835729879833351,0.9750997431560513,0.03424940621655249,0.2352732812028688,0.17487257348921567,runs/pivot/fives/seed2/continued/pred_fid/bio.csv,"results/pivot/bio_master.csv (source=gt, split=test)",results/gateA_biomarker_scales_train.csv
fives,fives,continued,3,fid,density,skan,200,0.020884296713893,0.9831714384280467,0.9729786893343104,0.035645204546490256,0.25372693817915454,0.19273732089563722,runs/pivot/fives/seed3/continued/pred_fid/bio.csv,"results/pivot/bio_master.csv (source=gt, split=test)",results/gateA_biomarker_scales_train.csv
fives,fives,continued,4,fid,density,skan,200,0.020884296713893,0.9822040921562686,0.9717651585409665,-0.12972015241271506,0.24235984305127412,0.19364900800572318,runs/pivot/fives/seed4/continued/pred_fid/bio.csv,"results/pivot/bio_master.csv (source=gt, split=test)",results/gateA_biomarker_scales_train.csv
fives,fives,continued,5,fid,density,skan,200,0.020884296713893,0.9834234895087243,0.9741412188334965,-0.007795759010728609,0.24724403157628172,0.18269807379914227,runs/pivot/fives/seed5/continued/pred_fid/bio.csv,"results/pivot/bio_master.csv (source=gt, split=test)",results/gateA_biomarker_scales_train.csv
fives,fives,reliseg,0,fid,density,skan,200,0.020884296713893,0.9831521643426653,0.9765142790498997,-0.011697144149454162,0.24149763147994727,0.1703900727721477,runs/pivot/fives/seed0/reliseg/pred_fid/bio.csv,"results/pivot/bio_master.csv (source=gt, split=test)",results/gateA_biomarker_scales_train.csv
fives,fives,reliseg,1,fid,density,skan,200,0.020884296713893,0.9850389881641641,0.9766777831988175,0.01700841638548724,0.2270799704209878,0.16734670057019996,runs/pivot/fives/seed1/reliseg/pred_fid/bio.csv,"results/pivot/bio_master.csv (source=gt, split=test)",results/gateA_biomarker_scales_train.csv
fives,fives,reliseg,2,fid,density,skan,200,0.020884296713893,0.9836508061267891,0.9762982735687605,-0.012482770844488043,0.23245986351084041,0.167009023771051,runs/pivot/fives/seed2/reliseg/pred_fid/bio.csv,"results/pivot/bio_master.csv (source=gt, split=test)",results/gateA_biomarker_scales_train.csv
fives,fives,reliseg,3,fid,density,skan,200,0.020884296713893,0.9836880923810293,0.9750922429657338,0.009273323242691962,0.23799046311216285,0.1735795133596892,runs/pivot/fives/seed3/reliseg/pred_fid/bio.csv,"results/pivot/bio_master.csv (source=gt, split=test)",results/gateA_biomarker_scales_train.csv
fives,fives,reliseg,4,fid,density,skan,200,0.020884296713893,0.9830913076774783,0.9746797324982807,-0.028177706204105365,0.2398964234413945,0.16885895044930652,runs/pivot/fives/seed4/reliseg/pred_fid/bio.csv,"results/pivot/bio_master.csv (source=gt, split=test)",results/gateA_biomarker_scales_train.csv
fives,fives,reliseg,5,fid,density,skan,200,0.020884296713893,0.9848076311708559,0.9762307718559046,0.10834368263628487,0.23831259495886636,0.20542326412297107,runs/pivot/fives/seed5/reliseg/pred_fid/bio.csv,"results/pivot/bio_master.csv (source=gt, split=test)",results/gateA_biomarker_scales_train.csv
fives,fives,reliseg_nocl,0,fid,density,skan,200,0.020884296713893,0.9837544356828783,0.975617256287947,0.05053659708990166,0.2387234590894845,0.179007546978471,runs/pivot/fives/seed0/reliseg_nocl/pred_fid/bio.csv,"results/pivot/bio_master.csv (source=gt, split=test)",results/gateA_biomarker_scales_train.csv
fives,fives,reliseg_nocl,1,fid,density,skan,200,0.020884296713893,0.9831427062270235,0.9760717678211772,-0.06664738774980529,0.24340289199858645,0.17375995460004368,runs/pivot/fives/seed1/reliseg_nocl/pred_fid/bio.csv,"results/pivot/bio_master.csv (source=gt, split=test)",results/gateA_biomarker_scales_train.csv
fives,fives,reliseg_nocl,2,fid,density,skan,200,0.020884296713893,0.9817299678478992,0.9757222589523896,-0.053363343724675355,0.25487646929190455,0.18251197198795335,runs/pivot/fives/seed2/reliseg_nocl/pred_fid/bio.csv,"results/pivot/bio_master.csv (source=gt, split=test)",results/gateA_biomarker_scales_train.csv
fives,fives,cfloss,0,fid,total_length,pvbm,200,5758.81509292313,0.9581767126441847,0.9582283617239351,-0.4991915109770836,0.4100904127348,0.5024451275423395,runs/pivot/fives/seed0/cfloss/pred_fid/bio.csv,"results/pivot/bio_master.csv (source=gt, split=test)",results/gateA_biomarker_scales_train.csv
fives,fives,cfloss,1,fid,total_length,pvbm,200,5758.81509292313,0.9603498905876129,0.9575031397695938,-0.498606974954844,0.3984149556725485,0.5021961073934176,runs/pivot/fives/seed1/cfloss/pred_fid/bio.csv,"results/pivot/bio_master.csv (source=gt, split=test)",results/gateA_biomarker_scales_train.csv
fives,fives,cfloss,2,fid,total_length,pvbm,200,5758.81509292313,0.9549377541997589,0.9541415519481118,-0.4664230963833243,0.4263728868060587,0.4729532898588694,runs/pivot/fives/seed2/cfloss/pred_fid/bio.csv,"results/pivot/bio_master.csv (source=gt, split=test)",results/gateA_biomarker_scales_train.csv
fives,fives,continued,0,fid,total_length,pvbm,200,5758.81509292313,0.9605290610268348,0.960292462640654,-0.43904845866828296,0.3962380320544742,0.4444060299932189,runs/pivot/fives/seed0/continued/pred_fid/bio.csv,"results/pivot/bio_master.csv (source=gt, split=test)",results/gateA_biomarker_scales_train.csv
fives,fives,continued,1,fid,total_length,pvbm,200,5758.81509292313,0.9618579149938714,0.9609802306085922,-0.4263125811949004,0.3911157095150996,0.43337786976443177,runs/pivot/fives/seed1/continued/pred_fid/bio.csv,"results/pivot/bio_master.csv (source=gt, split=test)",results/gateA_biomarker_scales_train.csv
fives,fives,continued,2,fid,total_length,pvbm,200,5758.81509292313,0.9611823367089487,0.9582674097361468,-0.4372901659612637,0.3909213599489402,0.4448130957472912,runs/pivot/fives/seed2/continued/pred_fid/bio.csv,"results/pivot/bio_master.csv (source=gt, split=test)",results/gateA_biomarker_scales_train.csv
fives,fives,continued,3,fid,total_length,pvbm,200,5758.81509292313,0.9561493575364586,0.9565258642382706,-0.4434981812472891,0.4212821862561501,0.45197558728154547,runs/pivot/fives/seed3/continued/pred_fid/bio.csv,"results/pivot/bio_master.csv (source=gt, split=test)",results/gateA_biomarker_scales_train.csv
fives,fives,continued,4,fid,total_length,pvbm,200,5758.81509292313,0.9557513352308711,0.9551450781652343,-0.5246592255108223,0.41772550011110365,0.5267324649527562,runs/pivot/fives/seed4/continued/pred_fid/bio.csv,"results/pivot/bio_master.csv (source=gt, split=test)",results/gateA_biomarker_scales_train.csv
fives,fives,continued,5,fid,total_length,pvbm,200,5758.81509292313,0.9584378380247798,0.957329135223725,-0.4680336520213912,0.406737979030814,0.47199785284795936,runs/pivot/fives/seed5/continued/pred_fid/bio.csv,"results/pivot/bio_master.csv (source=gt, split=test)",results/gateA_biomarker_scales_train.csv
fives,fives,reliseg,0,fid,total_length,pvbm,200,5758.81509292313,0.9582501769329571,0.965703854013254,-0.3678385851514988,0.41631769252077994,0.37991552639848863,runs/pivot/fives/seed0/reliseg/pred_fid/bio.csv,"results/pivot/bio_master.csv (source=gt, split=test)",results/gateA_biomarker_scales_train.csv
fives,fives,reliseg,1,fid,total_length,pvbm,200,5758.81509292313,0.9614040613172355,0.9630922857860339,-0.3159475911297401,0.3994469623492536,0.3428785782340071,runs/pivot/fives/seed1/reliseg/pred_fid/bio.csv,"results/pivot/bio_master.csv (source=gt, split=test)",results/gateA_biomarker_scales_train.csv
fives,fives,reliseg,2,fid,total_length,pvbm,200,5758.81509292313,0.9577230227739363,0.96258302248153,-0.35629867674220506,0.41143894550783366,0.3747238473740957,runs/pivot/fives/seed2/reliseg/pred_fid/bio.csv,"results/pivot/bio_master.csv (source=gt, split=test)",results/gateA_biomarker_scales_train.csv
fives,fives,reliseg,3,fid,total_length,pvbm,200,5758.81509292313,0.9581981267008947,0.9605339689500064,-0.392751822114416,0.41151189098143764,0.4059061193026072,runs/pivot/fives/seed3/reliseg/pred_fid/bio.csv,"results/pivot/bio_master.csv (source=gt, split=test)",results/gateA_biomarker_scales_train.csv
fives,fives,reliseg,4,fid,total_length,pvbm,200,5758.81509292313,0.9582571118260705,0.9590864311330807,-0.41049680013089423,0.4084208913402287,0.42017784670187197,runs/pivot/fives/seed4/reliseg/pred_fid/bio.csv,"results/pivot/bio_master.csv (source=gt, split=test)",results/gateA_biomarker_scales_train.csv
fives,fives,reliseg,5,fid,total_length,pvbm,200,5758.81509292313,0.9638943908231542,0.964821830970402,-0.3225168751449481,0.3809784756376484,0.3415982804627091,runs/pivot/fives/seed5/reliseg/pred_fid/bio.csv,"results/pivot/bio_master.csv (source=gt, split=test)",results/gateA_biomarker_scales_train.csv
fives,fives,reliseg_nocl,0,fid,total_length,pvbm,200,5758.81509292313,0.9592739282731434,0.9635415475229968,-0.3589831492727879,0.40977480522748005,0.37392889530448964,runs/pivot/fives/seed0/reliseg_nocl/pred_fid/bio.csv,"results/pivot/bio_master.csv (source=gt, split=test)",results/gateA_biomarker_scales_train.csv
fives,fives,reliseg_nocl,1,fid,total_length,pvbm,200,5758.81509292313,0.9604552481082561,0.9624022677593129,-0.3977068145004033,0.4030979380097436,0.40702650476862695,runs/pivot/fives/seed1/reliseg_nocl/pred_fid/bio.csv,"results/pivot/bio_master.csv (source=gt, split=test)",results/gateA_biomarker_scales_train.csv
fives,fives,reliseg_nocl,2,fid,total_length,pvbm,200,5758.81509292313,0.95833153287741,0.9610612327247724,-0.43459211985331136,0.4118054480639472,0.4414287444862805,runs/pivot/fives/seed2/reliseg_nocl/pred_fid/bio.csv,"results/pivot/bio_master.csv (source=gt, split=test)",results/gateA_biomarker_scales_train.csv
fives,fives,cfloss,0,fid,total_length,skan,200,5905.654590686367,0.9771264453996019,0.9719444130895506,-0.30609624079835435,0.28198253438934295,0.31743927655239956,runs/pivot/fives/seed0/cfloss/pred_fid/bio.csv,"results/pivot/bio_master.csv (source=gt, split=test)",results/gateA_biomarker_scales_train.csv
fives,fives,cfloss,1,fid,total_length,skan,200,5905.654590686367,0.9773966001823619,0.9726434308271257,-0.3167275895447529,0.28154325163209365,0.32575832140695693,runs/pivot/fives/seed1/cfloss/pred_fid/bio.csv,"results/pivot/bio_master.csv (source=gt, split=test)",results/gateA_biomarker_scales_train.csv
fives,fives,cfloss,2,fid,total_length,skan,200,5905.654590686367,0.9766930413622678,0.9704338747596403,-0.28542250593748086,0.2835859372842117,0.30280784045306747,runs/pivot/fives/seed2/cfloss/pred_fid/bio.csv,"results/pivot/bio_master.csv (source=gt, split=test)",results/gateA_biomarker_scales_train.csv
fives,fives,continued,0,fid,total_length,skan,200,5905.654590686367,0.9782443285516706,0.9721499183042454,-0.2671631088523018,0.2719345043804991,0.28814649593919084,runs/pivot/fives/seed0/continued/pred_fid/bio.csv,"results/pivot/bio_master.csv (source=gt, split=test)",results/gateA_biomarker_scales_train.csv
fives,fives,continued,1,fid,total_length,skan,200,5905.654590686367,0.9791674968669236,0.9738509614682158,-0.2533691230155805,0.2666967568475155,0.2761462179088798,runs/pivot/fives/seed1/continued/pred_fid/bio.csv,"results/pivot/bio_master.csv (source=gt, split=test)",results/gateA_biomarker_scales_train.csv
fives,fives,continued,2,fid,total_length,skan,200,5905.654590686367,0.977713926496867,0.971530402584034,-0.2634077609522683,0.27521667351999984,0.28891313595687107,runs/pivot/fives/seed2/continued/pred_fid/bio.csv,"results/pivot/bio_master.csv (source=gt, split=test)",results/gateA_biomarker_scales_train.csv
fives,fives,continued,3,fid,total_length,skan,200,5905.654590686367,0.9765016837749144,0.9695833531776551,-0.29200168938850296,0.28362793962318683,0.31071054472958304,runs/pivot/fives/seed3/continued/pred_fid/bio.csv,"results/pivot/bio_master.csv (source=gt, split=test)",results/gateA_biomarker_scales_train.csv
fives,fives,continued,4,fid,total_length,skan,200,5905.654590686367,0.9769366478239467,0.9709393875870282,-0.3473603471330472,0.2800595536265209,0.3569676443217454,runs/pivot/fives/seed4/continued/pred_fid/bio.csv,"results/pivot/bio_master.csv (source=gt, split=test)",results/gateA_biomarker_scales_train.csv
fives,fives,continued,5,fid,total_length,skan,200,5905.654590686367,0.976897051612425,0.9699733630741563,-0.3123480664667756,0.28068265610660686,0.3245674195196155,runs/pivot/fives/seed5/continued/pred_fid/bio.csv,"results/pivot/bio_master.csv (source=gt, split=test)",results/gateA_biomarker_scales_train.csv
fives,fives,reliseg,0,fid,total_length,skan,200,5905.654590686367,0.9781313100573134,0.9753059983897777,-0.15060214863090907,0.2756115346425867,0.21876414708415962,runs/pivot/fives/seed0/reliseg/pred_fid/bio.csv,"results/pivot/bio_master.csv (source=gt, split=test)",results/gateA_biomarker_scales_train.csv
fives,fives,reliseg,1,fid,total_length,skan,200,5905.654590686367,0.97940085008905,0.9743819749426829,-0.09104475697564471,0.2664377007784706,0.20182684533317624,runs/pivot/fives/seed1/reliseg/pred_fid/bio.csv,"results/pivot/bio_master.csv (source=gt, split=test)",results/gateA_biomarker_scales_train.csv
fives,fives,reliseg,2,fid,total_length,skan,200,5905.654590686367,0.9784762176791948,0.9743594743717308,-0.13602192375822902,0.2705974007959983,0.2147667425001947,runs/pivot/fives/seed2/reliseg/pred_fid/bio.csv,"results/pivot/bio_master.csv (source=gt, split=test)",results/gateA_biomarker_scales_train.csv
fives,fives,reliseg,3,fid,total_length,skan,200,5905.654590686367,0.9780266602237959,0.9729359382495015,-0.19412945393366332,0.27403673912821186,0.24067521253801047,runs/pivot/fives/seed3/reliseg/pred_fid/bio.csv,"results/pivot/bio_master.csv (source=gt, split=test)",results/gateA_biomarker_scales_train.csv
fives,fives,reliseg,4,fid,total_length,skan,200,5905.654590686367,0.97779268920852,0.973487952256857,-0.2170740689632363,0.27601268320229644,0.2543008891523923,runs/pivot/fives/seed4/reliseg/pred_fid/bio.csv,"results/pivot/bio_master.csv (source=gt, split=test)",results/gateA_biomarker_scales_train.csv
fives,fives,reliseg,5,fid,total_length,skan,200,5905.654590686367,0.9784871869816719,0.9739184631810718,-0.12834061575394876,0.2712814570593506,0.21157861078633033,runs/pivot/fives/seed5/reliseg/pred_fid/bio.csv,"results/pivot/bio_master.csv (source=gt, split=test)",results/gateA_biomarker_scales_train.csv
fives,fives,reliseg_nocl,0,fid,total_length,skan,200,5905.654590686367,0.978762337392221,0.974636981413472,-0.11828046583228786,0.2751816530919167,0.20852407574858847,runs/pivot/fives/seed0/reliseg_nocl/pred_fid/bio.csv,"results/pivot/bio_master.csv (source=gt, split=test)",results/gateA_biomarker_scales_train.csv
fives,fives,reliseg_nocl,1,fid,total_length,skan,200,5905.654590686367,0.9782212012423851,0.974305473001446,-0.19997854834126172,0.2768542035756748,0.2427334325946358,runs/pivot/fives/seed1/reliseg_nocl/pred_fid/bio.csv,"results/pivot/bio_master.csv (source=gt, split=test)",results/gateA_biomarker_scales_train.csv
fives,fives,reliseg_nocl,2,fid,total_length,skan,200,5905.654590686367,0.9772096473214104,0.9739529640565315,-0.2353549329760668,0.2824131959317321,0.26803932711927464,runs/pivot/fives/seed2/reliseg_nocl/pred_fid/bio.csv,"results/pivot/bio_master.csv (source=gt, split=test)",results/gateA_biomarker_scales_train.csv
fives,fives,baseline,0,last,FD,pvbm,199,0.047908238577478,0.8915505696189902,0.9747692818404764,-0.12668792917538532,0.6919020150313908,0.25082060877725787,runs/pivot/fives/seed0/baseline/pred/bio.csv,"results/pivot/bio_master.csv (source=gt, split=test)",results/gateA_biomarker_scales_train.csv
fives,fives,baseline,1,last,FD,pvbm,199,0.047908238577478,0.9270053806358931,0.9741571297069662,-0.11161364871552593,0.5377682504260014,0.23390807009672185,runs/pivot/fives/seed1/baseline/pred/bio.csv,"results/pivot/bio_master.csv (source=gt, split=test)",results/gateA_biomarker_scales_train.csv
fives,fives,baseline,2,last,FD,pvbm,199,0.047908238577478,0.9055950532658174,0.9726145672411809,-0.17958510738464864,0.6298978522635755,0.2666801353397277,runs/pivot/fives/seed2/baseline/pred/bio.csv,"results/pivot/bio_master.csv (source=gt, split=test)",results/gateA_biomarker_scales_train.csv
fives,fives,baseline,3,last,FD,pvbm,199,0.047908238577478,0.9226185244890838,0.9692728561541466,-0.13137331696097249,0.5641497393109478,0.24578579701171704,runs/pivot/fives/seed3/baseline/pred/bio.csv,"results/pivot/bio_master.csv (source=gt, split=test)",results/gateA_biomarker_scales_train.csv
fives,fives,baseline,4,last,FD,pvbm,199,0.047908238577478,0.9022494748463866,0.9729739401354803,-0.14296741675432423,0.6519729754960394,0.25130399494362893,runs/pivot/fives/seed4/baseline/pred/bio.csv,"results/pivot/bio_master.csv (source=gt, split=test)",results/gateA_biomarker_scales_train.csv
fives,fives,baseline,5,last,FD,pvbm,199,0.047908238577478,0.9315667917628746,0.9732845845017394,-0.1022525275708079,0.5116563167117517,0.23514715704768913,runs/pivot/fives/seed5/baseline/pred/bio.csv,"results/pivot/bio_master.csv (source=gt, split=test)",results/gateA_biomarker_scales_train.csv
fives,fives,cfloss,0,last,FD,pvbm,199,0.047908238577478,0.8702360273064884,0.9724622905910542,-0.19384185018589078,0.8135405100079137,0.27684168405720994,runs/pivot/fives/seed0/cfloss/pred/bio.csv,"results/pivot/bio_master.csv (source=gt, split=test)",results/gateA_biomarker_scales_train.csv
fives,fives,cfloss,1,last,FD,pvbm,199,0.047908238577478,0.8941255686062048,0.9737261867871072,-0.18706246949379832,0.7148403030182919,0.2668599805971483,runs/pivot/fives/seed1/cfloss/pred/bio.csv,"results/pivot/bio_master.csv (source=gt, split=test)",results/gateA_biomarker_scales_train.csv
fives,fives,cfloss,2,last,FD,pvbm,199,0.047908238577478,0.8896308518824534,0.9704613754083868,-0.17969903163219,0.7196418419290544,0.276669680043641,runs/pivot/fives/seed2/cfloss/pred/bio.csv,"results/pivot/bio_master.csv (source=gt, split=test)",results/gateA_biomarker_scales_train.csv
fives,fives,continued,0,last,FD,pvbm,199,0.047908238577478,0.9033945576534642,0.9748796824118183,-0.1239944476085111,0.634491974917157,0.2427425242243091,runs/pivot/fives/seed0/continued/pred/bio.csv,"results/pivot/bio_master.csv (source=gt, split=test)",results/gateA_biomarker_scales_train.csv
fives,fives,continued,1,last,FD,pvbm,199,0.047908238577478,0.925907614744329,0.9745530489972962,-0.12590331055177745,0.5362124757761391,0.24262432746770796,runs/pivot/fives/seed1/continued/pred/bio.csv,"results/pivot/bio_master.csv (source=gt, split=test)",results/gateA_biomarker_scales_train.csv
fives,fives,continued,2,last,FD,pvbm,199,0.047908238577478,0.9268014775280369,0.972179056021818,-0.11420108524165529,0.537239632348875,0.23814201028740556,runs/pivot/fives/seed2/continued/pred/bio.csv,"results/pivot/bio_master.csv (source=gt, split=test)",results/gateA_biomarker_scales_train.csv
fives,fives,continued,3,last,FD,pvbm,199,0.047908238577478,0.9173083092087566,0.9727691280410597,-0.11655284760958179,0.5749465455568485,0.24226404784823172,runs/pivot/fives/seed3/continued/pred/bio.csv,"results/pivot/bio_master.csv (source=gt, split=test)",results/gateA_biomarker_scales_train.csv
fives,fives,continued,4,last,FD,pvbm,199,0.047908238577478,0.923301559246519,0.9737193343378516,-0.13430397424044171,0.5480220170644844,0.24134203286402153,runs/pivot/fives/seed4/continued/pred/bio.csv,"results/pivot/bio_master.csv (source=gt, split=test)",results/gateA_biomarker_scales_train.csv
fives,fives,continued,5,last,FD,pvbm,199,0.047908238577478,0.9255723749584154,0.9744456939589567,-0.12993870090116397,0.5425524125936376,0.23212930512737795,runs/pivot/fives/seed5/continued/pred/bio.csv,"results/pivot/bio_master.csv (source=gt, split=test)",results/gateA_biomarker_scales_train.csv
fives,fives,reliseg,0,last,FD,pvbm,199,0.047908238577478,0.916504921699965,0.9751834743288215,-0.07497582648731262,0.5787675824466106,0.22884896504286686,runs/pivot/fives/seed0/reliseg/pred/bio.csv,"results/pivot/bio_master.csv (source=gt, split=test)",results/gateA_biomarker_scales_train.csv
fives,fives,reliseg,1,last,FD,pvbm,199,0.047908238577478,0.9205168735367065,0.9762090575674262,-0.055384995247463265,0.5587439556467937,0.22198391893477762,runs/pivot/fives/seed1/reliseg/pred/bio.csv,"results/pivot/bio_master.csv (source=gt, split=test)",results/gateA_biomarker_scales_train.csv
fives,fives,reliseg,2,last,FD,pvbm,199,0.047908238577478,0.9241854623497138,0.9742888490093261,-0.06762274490239832,0.5491709966900501,0.2335198871876301,runs/pivot/fives/seed2/reliseg/pred/bio.csv,"results/pivot/bio_master.csv (source=gt, split=test)",results/gateA_biomarker_scales_train.csv
fives,fives,reliseg,3,last,FD,pvbm,199,0.047908238577478,0.9243436584288544,0.9740878438311587,-0.04867134589879606,0.5371068036711832,0.22723950748923144,runs/pivot/fives/seed3/reliseg/pred/bio.csv,"results/pivot/bio_master.csv (source=gt, split=test)",results/gateA_biomarker_scales_train.csv
fives,fives,reliseg,4,last,FD,pvbm,199,0.047908238577478,0.923452737499799,0.9749017625260867,-0.07623945686319103,0.5496081988526639,0.220837845291647,runs/pivot/fives/seed4/reliseg/pred/bio.csv,"results/pivot/bio_master.csv (source=gt, split=test)",results/gateA_biomarker_scales_train.csv
fives,fives,reliseg,5,last,FD,pvbm,199,0.047908238577478,0.9125273240686229,0.975634213213197,-0.06846270985744421,0.5884682751603009,0.2266558581448246,runs/pivot/fives/seed5/reliseg/pred/bio.csv,"results/pivot/bio_master.csv (source=gt, split=test)",results/gateA_biomarker_scales_train.csv
fives,fives,reliseg_nocl,0,last,FD,pvbm,199,0.047908238577478,0.8924441459666578,0.9751789060293178,-0.08338845334363792,0.691330090361212,0.2380859544700585,runs/pivot/fives/seed0/reliseg_nocl/pred/bio.csv,"results/pivot/bio_master.csv (source=gt, split=test)",results/gateA_biomarker_scales_train.csv
fives,fives,reliseg_nocl,1,last,FD,pvbm,199,0.047908238577478,0.9270451855318915,0.9750921083387454,-0.07224968931012624,0.5420739678865861,0.21986538625029928,runs/pivot/fives/seed1/reliseg_nocl/pred/bio.csv,"results/pivot/bio_master.csv (source=gt, split=test)",results/gateA_biomarker_scales_train.csv
fives,fives,reliseg_nocl,2,last,FD,pvbm,199,0.047908238577478,0.9191378740203956,0.9743474755196249,-0.06767849949834234,0.5748567014184212,0.23103565144586855,runs/pivot/fives/seed2/reliseg_nocl/pred/bio.csv,"results/pivot/bio_master.csv (source=gt, split=test)",results/gateA_biomarker_scales_train.csv
fives,fives,baseline,0,last,FD,skan,200,0.0352252175614159,0.9110113672106787,0.9587305777884788,-0.6312003288070028,1.025419699537671,0.6418182435877731,runs/pivot/fives/seed0/baseline/pred/bio.csv,"results/pivot/bio_master.csv (source=gt, split=test)",results/gateA_biomarker_scales_train.csv
fives,fives,baseline,1,last,FD,skan,200,0.0352252175614159,0.9127265865765967,0.9574675457390406,-0.6281435318480209,1.0168037465109103,0.6453023344482794,runs/pivot/fives/seed1/baseline/pred/bio.csv,"results/pivot/bio_master.csv (source=gt, split=test)",results/gateA_biomarker_scales_train.csv
fives,fives,baseline,2,last,FD,skan,200,0.0352252175614159,0.9024791068348519,0.9544464690792202,-0.7396315932224802,1.1159910190412146,0.7430142973148094,runs/pivot/fives/seed2/baseline/pred/bio.csv,"results/pivot/bio_master.csv (source=gt, split=test)",results/gateA_biomarker_scales_train.csv
fives,fives,baseline,3,last,FD,skan,200,0.0352252175614159,0.8888367949879279,0.9541554616949076,-0.6819610026390738,1.2100832473553664,0.6941911878281684,runs/pivot/fives/seed3/baseline/pred/bio.csv,"results/pivot/bio_master.csv (source=gt, split=test)",results/gateA_biomarker_scales_train.csv
fives,fives,baseline,4,last,FD,skan,200,0.0352252175614159,0.8816404164253124,0.9544179683560142,-0.7052568865315139,1.2649446293546724,0.7193577208025047,runs/pivot/fives/seed4/baseline/pred/bio.csv,"results/pivot/bio_master.csv (source=gt, split=test)",results/gateA_biomarker_scales_train.csv
fives,fives,baseline,5,last,FD,skan,200,0.0352252175614159,0.9044630190911859,0.9551814877303183,-0.6560035927189967,1.0786979611326557,0.6647551453287254,runs/pivot/fives/seed5/baseline/pred/bio.csv,"results/pivot/bio_master.csv (source=gt, split=test)",results/gateA_biomarker_scales_train.csv
fives,fives,cfloss,0,last,FD,skan,200,0.0352252175614159,0.9178979049625572,0.9567835283821001,-0.659604162649033,0.9794955255340424,0.6669295313922258,runs/pivot/fives/seed0/cfloss/pred/bio.csv,"results/pivot/bio_master.csv (source=gt, split=test)",results/gateA_biomarker_scales_train.csv
fives,fives,cfloss,1,last,FD,skan,200,0.0352252175614159,0.8906077200174704,0.9556314991493582,-0.6873622026754151,1.1710847658122412,0.696167278216653,runs/pivot/fives/seed1/cfloss/pred/bio.csv,"results/pivot/bio_master.csv (source=gt, split=test)",results/gateA_biomarker_scales_train.csv
fives,fives,cfloss,2,last,FD,skan,200,0.0352252175614159,0.8960859546128354,0.9549234811834023,-0.6976544932616793,1.1616631246564564,0.7042848854888387,runs/pivot/fives/seed2/cfloss/pred/bio.csv,"results/pivot/bio_master.csv (source=gt, split=test)",results/gateA_biomarker_scales_train.csv
fives,fives,continued,0,last,FD,skan,200,0.0352252175614159,0.9128605592564707,0.95927209152939,-0.6531020156027216,1.0285168397689024,0.6615524233240666,runs/pivot/fives/seed0/continued/pred/bio.csv,"results/pivot/bio_master.csv (source=gt, split=test)",results/gateA_biomarker_scales_train.csv
fives,fives,continued,1,last,FD,skan,200,0.0352252175614159,0.9225258493870188,0.9589405831173641,-0.6601534228379186,0.9611144285270387,0.6661145274986369,runs/pivot/fives/seed1/continued/pred/bio.csv,"results/pivot/bio_master.csv (source=gt, split=test)",results/gateA_biomarker_scales_train.csv
fives,fives,continued,2,last,FD,skan,200,0.0352252175614159,0.9153728404661874,0.957646050268593,-0.6578958263210201,1.0406961709337397,0.6670332453902005,runs/pivot/fives/seed2/continued/pred/bio.csv,"results/pivot/bio_master.csv (source=gt, split=test)",results/gateA_biomarker_scales_train.csv
fives,fives,continued,3,last,FD,skan,200,0.0352252175614159,0.9134918189163919,0.9577375525904643,-0.6813493304134732,1.0474968564364606,0.6882969557533813,runs/pivot/fives/seed3/continued/pred/bio.csv,"results/pivot/bio_master.csv (source=gt, split=test)",results/gateA_biomarker_scales_train.csv
fives,fives,continued,4,last,FD,skan,200,0.0352252175614159,0.9119118716380316,0.9565660228628975,-0.6865903029423334,1.0550951532884008,0.69440634495505,runs/pivot/fives/seed4/continued/pred/bio.csv,"results/pivot/bio_master.csv (source=gt, split=test)",results/gateA_biomarker_scales_train.csv
fives,fives,continued,5,last,FD,skan,200,0.0352252175614159,0.9043873789553297,0.9577150520195123,-0.6792914142106414,1.106406435551705,0.6845850994446127,runs/pivot/fives/seed5/continued/pred/bio.csv,"results/pivot/bio_master.csv (source=gt, split=test)",results/gateA_biomarker_scales_train.csv
fives,fives,reliseg,0,last,FD,skan,200,0.0352252175614159,0.9159882341699882,0.9624566723381283,-0.5362508410220063,0.9977975241314267,0.5578098201365156,runs/pivot/fives/seed0/reliseg/pred/bio.csv,"results/pivot/bio_master.csv (source=gt, split=test)",results/gateA_biomarker_scales_train.csv
fives,fives,reliseg,1,last,FD,skan,200,0.0352252175614159,0.9114579500931054,0.9610661370532955,-0.46964434588457316,1.0214676865644527,0.5224168165959346,runs/pivot/fives/seed1/reliseg/pred/bio.csv,"results/pivot/bio_master.csv (source=gt, split=test)",results/gateA_biomarker_scales_train.csv
fives,fives,reliseg,2,last,FD,skan,200,0.0352252175614159,0.9130047163840258,0.961393145351131,-0.5613607679487409,1.0459281486232537,0.5881721120407053,runs/pivot/fives/seed2/reliseg/pred/bio.csv,"results/pivot/bio_master.csv (source=gt, split=test)",results/gateA_biomarker_scales_train.csv
fives,fives,reliseg,3,last,FD,skan,200,0.0352252175614159,0.9276347846520469,0.9637032039688684,-0.5366145125903754,0.9347857351090844,0.5570971893105042,runs/pivot/fives/seed3/reliseg/pred/bio.csv,"results/pivot/bio_master.csv (source=gt, split=test)",results/gateA_biomarker_scales_train.csv
fives,fives,reliseg,4,last,FD,skan,200,0.0352252175614159,0.9142877214878129,0.9584140697570875,-0.5525054308462815,1.009467233125353,0.5773616464322943,runs/pivot/fives/seed4/reliseg/pred/bio.csv,"results/pivot/bio_master.csv (source=gt, split=test)",results/gateA_biomarker_scales_train.csv
fives,fives,reliseg,5,last,FD,skan,200,0.0352252175614159,0.9065594093295578,0.9610091356068837,-0.5228218092353647,1.0401783340204211,0.5518011538578349,runs/pivot/fives/seed5/reliseg/pred/bio.csv,"results/pivot/bio_master.csv (source=gt, split=test)",results/gateA_biomarker_scales_train.csv
fives,fives,reliseg_nocl,0,last,FD,skan,200,0.0352252175614159,0.9049989735133637,0.9608891325618064,-0.5198480465550779,1.1073725808683792,0.5563812499631127,runs/pivot/fives/seed0/reliseg_nocl/pred/bio.csv,"results/pivot/bio_master.csv (source=gt, split=test)",results/gateA_biomarker_scales_train.csv
fives,fives,reliseg_nocl,1,last,FD,skan,200,0.0352252175614159,0.9184266369720001,0.9617531544863628,-0.5102248351433748,0.9872340356004364,0.5417431685820148,runs/pivot/fives/seed1/reliseg_nocl/pred/bio.csv,"results/pivot/bio_master.csv (source=gt, split=test)",results/gateA_biomarker_scales_train.csv
fives,fives,reliseg_nocl,2,last,FD,skan,200,0.0352252175614159,0.9100357487626382,0.9632576926640192,-0.5232098321647467,1.088536793174557,0.5636821721103332,runs/pivot/fives/seed2/reliseg_nocl/pred/bio.csv,"results/pivot/bio_master.csv (source=gt, split=test)",results/gateA_biomarker_scales_train.csv
fives,fives,baseline,0,last,tortuosity,pvbm,197,0.0043284702883327,0.07177751505830583,0.5631153147221563,-1.0271212574375084,3.5025177282616693,1.186635510705724,runs/pivot/fives/seed0/baseline/pred/bio.csv,"results/pivot/bio_master.csv (source=gt, split=test)",results/gateA_biomarker_scales_train.csv
fives,fives,baseline,1,last,tortuosity,pvbm,197,0.0043284702883327,0.029691853161298958,0.5422060760743189,-1.0607191178889266,3.572979366441286,1.198536326835741,runs/pivot/fives/seed1/baseline/pred/bio.csv,"results/pivot/bio_master.csv (source=gt, split=test)",results/gateA_biomarker_scales_train.csv
fives,fives,baseline,2,last,tortuosity,pvbm,197,0.0043284702883327,0.08038911457409118,0.5154742737672913,-1.0774467868536206,3.590133203302324,1.2535311109932885,runs/pivot/fives/seed2/baseline/pred/bio.csv,"results/pivot/bio_master.csv (source=gt, split=test)",results/gateA_biomarker_scales_train.csv
fives,fives,baseline,3,last,tortuosity,pvbm,197,0.0043284702883327,0.05167217929101817,0.502973837217326,-0.9795896217248633,3.581382218075766,1.2379595166872175,runs/pivot/fives/seed3/baseline/pred/bio.csv,"results/pivot/bio_master.csv (source=gt, split=test)",results/gateA_biomarker_scales_train.csv
fives,fives,baseline,4,last,tortuosity,pvbm,197,0.0043284702883327,-0.015350786338303932,0.46237899222660694,-1.087503642238234,3.664056319466089,1.2647726998528797,runs/pivot/fives/seed4/baseline/pred/bio.csv,"results/pivot/bio_master.csv (source=gt, split=test)",results/gateA_biomarker_scales_train.csv
fives,fives,baseline,5,last,tortuosity,pvbm,197,0.0043284702883327,0.14150641337038464,0.5057897316385512,-1.0745053290656683,3.45228283588672,1.225618928305837,runs/pivot/fives/seed5/baseline/pred/bio.csv,"results/pivot/bio_master.csv (source=gt, split=test)",results/gateA_biomarker_scales_train.csv
fives,fives,cfloss,0,last,tortuosity,pvbm,197,0.0043284702883327,0.17947660595887907,0.5697919078321793,-1.0710814483238027,3.392757524727651,1.2345406542493313,runs/pivot/fives/seed0/cfloss/pred/bio.csv,"results/pivot/bio_master.csv (source=gt, split=test)",results/gateA_biomarker_scales_train.csv
fives,fives,cfloss,1,last,tortuosity,pvbm,197,0.0043284702883327,0.0702682050401645,0.5250834742392761,-1.0799627848913063,3.6243300555723814,1.248522534039013,runs/pivot/fives/seed1/cfloss/pred/bio.csv,"results/pivot/bio_master.csv (source=gt, split=test)",results/gateA_biomarker_scales_train.csv
fives,fives,cfloss,2,last,tortuosity,pvbm,197,0.0043284702883327,0.10444581215572746,0.5072449664299413,-1.0294876813491467,3.5318879452947516,1.2574103166042243,runs/pivot/fives/seed2/cfloss/pred/bio.csv,"results/pivot/bio_master.csv (source=gt, split=test)",results/gateA_biomarker_scales_train.csv
fives,fives,continued,0,last,tortuosity,pvbm,197,0.0043284702883327,0.03451572565288867,0.5503135115451703,-1.1086308613401366,3.54814681092807,1.2295276947300633,runs/pivot/fives/seed0/continued/pred/bio.csv,"results/pivot/bio_master.csv (source=gt, split=test)",results/gateA_biomarker_scales_train.csv
fives,fives,continued,1,last,tortuosity,pvbm,197,0.0043284702883327,0.05213318158075932,0.5459421258355202,-1.1272769737609234,3.5700333213179167,1.247431486731504,runs/pivot/fives/seed1/continued/pred/bio.csv,"results/pivot/bio_master.csv (source=gt, split=test)",results/gateA_biomarker_scales_train.csv
fives,fives,continued,2,last,tortuosity,pvbm,197,0.0043284702883327,-0.004784085790836533,0.5214984670720083,-1.0970649491659272,3.5932116272878347,1.240072877990659,runs/pivot/fives/seed2/continued/pred/bio.csv,"results/pivot/bio_master.csv (source=gt, split=test)",results/gateA_biomarker_scales_train.csv
fives,fives,continued,3,last,tortuosity,pvbm,197,0.0043284702883327,-0.08461697988550283,0.5539936979820337,-1.095918145259639,3.7170925530972303,1.2345163671565265,runs/pivot/fives/seed3/continued/pred/bio.csv,"results/pivot/bio_master.csv (source=gt, split=test)",results/gateA_biomarker_scales_train.csv
fives,fives,continued,4,last,tortuosity,pvbm,197,0.0043284702883327,0.13105147893564412,0.49487558811657106,-1.0478797634516162,3.474025546875785,1.2829279462952123,runs/pivot/fives/seed4/continued/pred/bio.csv,"results/pivot/bio_master.csv (source=gt, split=test)",results/gateA_biomarker_scales_train.csv
fives,fives,continued,5,last,tortuosity,pvbm,197,0.0043284702883327,0.09427271762546928,0.5937050451463339,-1.1572727721024185,3.4684365478845893,1.2189397466564935,runs/pivot/fives/seed5/continued/pred/bio.csv,"results/pivot/bio_master.csv (source=gt, split=test)",results/gateA_biomarker_scales_train.csv
fives,fives,reliseg,0,last,tortuosity,pvbm,197,0.0043284702883327,0.0956015582358104,0.55176013090635,-0.1299290411537793,3.647797016130778,1.2154766987833556,runs/pivot/fives/seed0/reliseg/pred/bio.csv,"results/pivot/bio_master.csv (source=gt, split=test)",results/gateA_biomarker_scales_train.csv
fives,fives,reliseg,1,last,tortuosity,pvbm,197,0.0043284702883327,-0.032115755698032614,0.43850247234903916,0.910995551867496,4.180286244632294,1.9171955799577876,runs/pivot/fives/seed1/reliseg/pred/bio.csv,"results/pivot/bio_master.csv (source=gt, split=test)",results/gateA_biomarker_scales_train.csv
fives,fives,reliseg,2,last,tortuosity,pvbm,197,0.0043284702883327,0.05663996594415641,0.520423483062015,-0.6337431049882049,3.650912696700143,1.1964691239347818,runs/pivot/fives/seed2/reliseg/pred/bio.csv,"results/pivot/bio_master.csv (source=gt, split=test)",results/gateA_biomarker_scales_train.csv
fives,fives,reliseg,3,last,tortuosity,pvbm,197,0.0043284702883327,-0.04846280164363257,0.4942100698874144,-0.36543823178503615,3.856166386208311,1.2143734030506952,runs/pivot/fives/seed3/reliseg/pred/bio.csv,"results/pivot/bio_master.csv (source=gt, split=test)",results/gateA_biomarker_scales_train.csv
fives,fives,reliseg,4,last,tortuosity,pvbm,197,0.0043284702883327,0.08865471259260992,0.555904490323545,-0.595299045098216,3.6144475817658415,1.1937194374191413,runs/pivot/fives/seed4/reliseg/pred/bio.csv,"results/pivot/bio_master.csv (source=gt, split=test)",results/gateA_biomarker_scales_train.csv
fives,fives,reliseg,5,last,tortuosity,pvbm,197,0.0043284702883327,0.1186703741009756,0.535213787837151,-0.39808639962499937,3.719577374860596,1.2212964949032523,runs/pivot/fives/seed5/reliseg/pred/bio.csv,"results/pivot/bio_master.csv (source=gt, split=test)",results/gateA_biomarker_scales_train.csv
fives,fives,reliseg_nocl,0,last,tortuosity,pvbm,197,0.0043284702883327,0.07600527984657811,0.4938229651572686,-0.7898357709828566,3.587030349422553,1.2271380173504725,runs/pivot/fives/seed0/reliseg_nocl/pred/bio.csv,"results/pivot/bio_master.csv (source=gt, split=test)",results/gateA_biomarker_scales_train.csv
fives,fives,reliseg_nocl,1,last,tortuosity,pvbm,197,0.0043284702883327,0.06008135398708386,0.56218946079699,-0.8806992738623277,3.639201698793009,1.1541678482445434,runs/pivot/fives/seed1/reliseg_nocl/pred/bio.csv,"results/pivot/bio_master.csv (source=gt, split=test)",results/gateA_biomarker_scales_train.csv
fives,fives,reliseg_nocl,2,last,tortuosity,pvbm,197,0.0043284702883327,0.03715909757275661,0.5618004158709647,-0.8552497143795292,3.6286185076039565,1.1701834543251335,runs/pivot/fives/seed2/reliseg_nocl/pred/bio.csv,"results/pivot/bio_master.csv (source=gt, split=test)",results/gateA_biomarker_scales_train.csv
fives,fives,baseline,0,last,tortuosity,skan,200,0.0082480255706009,0.42031577172905954,0.6831615852252731,-0.09427893986422867,1.3446205353789824,0.7157011605140741,runs/pivot/fives/seed0/baseline/pred/bio.csv,"results/pivot/bio_master.csv (source=gt, split=test)",results/gateA_biomarker_scales_train.csv
fives,fives,baseline,1,last,tortuosity,skan,200,0.0082480255706009,0.5137862349488741,0.6725788166875207,-0.07995514119021235,1.264248808588527,0.6849181973305397,runs/pivot/fives/seed1/baseline/pred/bio.csv,"results/pivot/bio_master.csv (source=gt, split=test)",results/gateA_biomarker_scales_train.csv
fives,fives,baseline,2,last,tortuosity,skan,200,0.0082480255706009,0.5168294396158728,0.6770654305353475,-0.027803135348332775,1.314438522861159,0.7165259802220169,runs/pivot/fives/seed2/baseline/pred/bio.csv,"results/pivot/bio_master.csv (source=gt, split=test)",results/gateA_biomarker_scales_train.csv
fives,fives,baseline,3,last,tortuosity,skan,200,0.0082480255706009,0.3483138247167835,0.6598824945183447,0.0038938994345483822,1.656639992571275,0.7929912523217602,runs/pivot/fives/seed3/baseline/pred/bio.csv,"results/pivot/bio_master.csv (source=gt, split=test)",results/gateA_biomarker_scales_train.csv
fives,fives,baseline,4,last,tortuosity,skan,200,0.0082480255706009,0.5495742590521426,0.7035696030787276,-0.052283204162312365,1.19928304121196,0.6987749620859515,runs/pivot/fives/seed4/baseline/pred/bio.csv,"results/pivot/bio_master.csv (source=gt, split=test)",results/gateA_biomarker_scales_train.csv
fives,fives,baseline,5,last,tortuosity,skan,200,0.0082480255706009,0.5472557516190091,0.6923538184781927,-0.060268599584610776,1.2092179451943625,0.6812841632047275,runs/pivot/fives/seed5/baseline/pred/bio.csv,"results/pivot/bio_master.csv (source=gt, split=test)",results/gateA_biomarker_scales_train.csv
fives,fives,cfloss,0,last,tortuosity,skan,200,0.0082480255706009,0.49021498430474675,0.6983284700849776,-0.09271478303902554,1.3134951973394748,0.6962732357783247,runs/pivot/fives/seed0/cfloss/pred/bio.csv,"results/pivot/bio_master.csv (source=gt, split=test)",results/gateA_biomarker_scales_train.csv
fives,fives,cfloss,1,last,tortuosity,skan,200,0.0082480255706009,0.5254751856506108,0.6897242517529367,-0.043571318262452155,1.2896025074058695,0.7257542118488551,runs/pivot/fives/seed1/cfloss/pred/bio.csv,"results/pivot/bio_master.csv (source=gt, split=test)",results/gateA_biomarker_scales_train.csv
fives,fives,cfloss,2,last,tortuosity,skan,200,0.0082480255706009,0.4154749872843606,0.6922323153950518,-0.14307841175243163,1.3427090753761888,0.7033110310819896,runs/pivot/fives/seed2/cfloss/pred/bio.csv,"results/pivot/bio_master.csv (source=gt, split=test)",results/gateA_biomarker_scales_train.csv
fives,fives,continued,0,last,tortuosity,skan,200,0.0082480255706009,0.4637823063032026,0.6915542981903652,-0.07783518472867403,1.2964733331038392,0.7053020222595195,runs/pivot/fives/seed0/continued/pred/bio.csv,"results/pivot/bio_master.csv (source=gt, split=test)",results/gateA_biomarker_scales_train.csv
fives,fives,continued,1,last,tortuosity,skan,200,0.0082480255706009,0.40493451426658456,0.6565464098651965,-0.09770321063149776,1.3766866143396745,0.7300409501401793,runs/pivot/fives/seed1/continued/pred/bio.csv,"results/pivot/bio_master.csv (source=gt, split=test)",results/gateA_biomarker_scales_train.csv
fives,fives,continued,2,last,tortuosity,skan,200,0.0082480255706009,0.39129382312561445,0.6364669003476412,-0.11349052437888708,1.3614080246081435,0.7227982924414499,runs/pivot/fives/seed2/continued/pred/bio.csv,"results/pivot/bio_master.csv (source=gt, split=test)",results/gateA_biomarker_scales_train.csv
fives,fives,continued,3,last,tortuosity,skan,200,0.0082480255706009,0.41920994430814457,0.6601750019407207,-0.02447710180884387,1.4024923124474937,0.7575884017561144,runs/pivot/fives/seed3/continued/pred/bio.csv,"results/pivot/bio_master.csv (source=gt, split=test)",results/gateA_biomarker_scales_train.csv
fives,fives,continued,4,last,tortuosity,skan,200,0.0082480255706009,0.5699937129951177,0.6955338991727406,0.011857685955506616,1.2347117244923913,0.707811758335344,runs/pivot/fives/seed4/continued/pred/bio.csv,"results/pivot/bio_master.csv (source=gt, split=test)",results/gateA_biomarker_scales_train.csv
fives,fives,continued,5,last,tortuosity,skan,200,0.0082480255706009,0.5470994017857602,0.6834960937134261,-0.03947733433646253,1.2265007078896266,0.6898725038915802,runs/pivot/fives/seed5/continued/pred/bio.csv,"results/pivot/bio_master.csv (source=gt, split=test)",results/gateA_biomarker_scales_train.csv
fives,fives,reliseg,0,last,tortuosity,skan,200,0.0082480255706009,0.4535203475497395,0.7134638541453491,-0.05455222339368518,1.3605161106146977,0.7028959562537196,runs/pivot/fives/seed0/reliseg/pred/bio.csv,"results/pivot/bio_master.csv (source=gt, split=test)",results/gateA_biomarker_scales_train.csv
fives,fives,reliseg,1,last,tortuosity,skan,200,0.0082480255706009,0.5253746871925162,0.6807120230676333,-0.0446998346581017,1.214674825490698,0.6989312406161298,runs/pivot/fives/seed1/reliseg/pred/bio.csv,"results/pivot/bio_master.csv (source=gt, split=test)",results/gateA_biomarker_scales_train.csv
fives,fives,reliseg,2,last,tortuosity,skan,200,0.0082480255706009,0.3836988225724812,0.6284851978119387,-0.08861525667604492,1.3834233138686105,0.7598109403596304,runs/pivot/fives/seed2/reliseg/pred/bio.csv,"results/pivot/bio_master.csv (source=gt, split=test)",results/gateA_biomarker_scales_train.csv
fives,fives,reliseg,3,last,tortuosity,skan,200,0.0082480255706009,0.45317287991361577,0.6623020559147155,-0.1292618337619538,1.3461711911094811,0.7133970932424176,runs/pivot/fives/seed3/reliseg/pred/bio.csv,"results/pivot/bio_master.csv (source=gt, split=test)",results/gateA_biomarker_scales_train.csv
fives,fives,reliseg,4,last,tortuosity,skan,200,0.0082480255706009,0.5368676815218972,0.7215430591551769,-0.1073814807099055,1.205632965302414,0.6615373790784304,runs/pivot/fives/seed4/reliseg/pred/bio.csv,"results/pivot/bio_master.csv (source=gt, split=test)",results/gateA_biomarker_scales_train.csv
fives,fives,reliseg,5,last,tortuosity,skan,200,0.0082480255706009,0.5505635471996159,0.6977164545550835,-0.06345444428030181,1.2183881060528574,0.6640076348173986,runs/pivot/fives/seed5/reliseg/pred/bio.csv,"results/pivot/bio_master.csv (source=gt, split=test)",results/gateA_biomarker_scales_train.csv
fives,fives,reliseg_nocl,0,last,tortuosity,skan,200,0.0082480255706009,0.4709827608819538,0.6920808115506418,-0.15435330311033188,1.2588323551733012,0.687978626426846,runs/pivot/fives/seed0/reliseg_nocl/pred/bio.csv,"results/pivot/bio_master.csv (source=gt, split=test)",results/gateA_biomarker_scales_train.csv
fives,fives,reliseg_nocl,1,last,tortuosity,skan,200,0.0082480255706009,0.552436903011723,0.6862606638643939,-0.08948556163352835,1.2151414723961558,0.682363279655016,runs/pivot/fives/seed1/reliseg_nocl/pred/bio.csv,"results/pivot/bio_master.csv (source=gt, split=test)",results/gateA_biomarker_scales_train.csv
fives,fives,reliseg_nocl,2,last,tortuosity,skan,200,0.0082480255706009,0.4496596305414279,0.6613690322392397,-0.1360633327058129,1.2913787070506206,0.6968974951459426,runs/pivot/fives/seed2/reliseg_nocl/pred/bio.csv,"results/pivot/bio_master.csv (source=gt, split=test)",results/gateA_biomarker_scales_train.csv
fives,fives,baseline,0,last,density,pvbm,200,0.020884296713893,0.9843141952688584,0.975530254080266,-0.02375780925921168,0.22869896760911365,0.16520725494475058,runs/pivot/fives/seed0/baseline/pred/bio.csv,"results/pivot/bio_master.csv (source=gt, split=test)",results/gateA_biomarker_scales_train.csv
fives,fives,baseline,1,last,density,pvbm,200,0.020884296713893,0.9840391641792129,0.9748642371800872,-0.002232422416992028,0.23472209864747945,0.17100510197926305,runs/pivot/fives/seed1/baseline/pred/bio.csv,"results/pivot/bio_master.csv (source=gt, split=test)",results/gateA_biomarker_scales_train.csv
fives,fives,baseline,2,last,density,pvbm,200,0.020884296713893,0.9828575869777373,0.9740767171967675,-0.09088681412289304,0.2422692281780586,0.1793935591775576,runs/pivot/fives/seed2/baseline/pred/bio.csv,"results/pivot/bio_master.csv (source=gt, split=test)",results/gateA_biomarker_scales_train.csv
fives,fives,baseline,3,last,density,pvbm,200,0.020884296713893,0.9832817531929355,0.9739867149129594,-0.07174238370175258,0.23945251869648038,0.17627542992572434,runs/pivot/fives/seed3/baseline/pred/bio.csv,"results/pivot/bio_master.csv (source=gt, split=test)",results/gateA_biomarker_scales_train.csv
fives,fives,baseline,4,last,density,pvbm,200,0.020884296713893,0.9827541208001163,0.9745327287680611,-0.02430303163987847,0.24686934737446226,0.1743044486433004,runs/pivot/fives/seed4/baseline/pred/bio.csv,"results/pivot/bio_master.csv (source=gt, split=test)",results/gateA_biomarker_scales_train.csv
fives,fives,baseline,5,last,density,pvbm,200,0.020884296713893,0.9839083742842328,0.9752152460869381,0.032605507437284756,0.23396933711698067,0.17803258227985272,runs/pivot/fives/seed5/baseline/pred/bio.csv,"results/pivot/bio_master.csv (source=gt, split=test)",results/gateA_biomarker_scales_train.csv
fives,fives,cfloss,0,last,density,pvbm,200,0.020884296713893,0.9828482305513486,0.9731691941683704,-0.09503189778059905,0.2504915036467941,0.18926723017125752,runs/pivot/fives/seed0/cfloss/pred/bio.csv,"results/pivot/bio_master.csv (source=gt, split=test)",results/gateA_biomarker_scales_train.csv
fives,fives,cfloss,1,last,density,pvbm,200,0.020884296713893,0.9836081473179704,0.9743107231346682,-0.07902794920855614,0.2448727595657696,0.17964037377059072,runs/pivot/fives/seed1/cfloss/pred/bio.csv,"results/pivot/bio_master.csv (source=gt, split=test)",results/gateA_biomarker_scales_train.csv
fives,fives,cfloss,2,last,density,pvbm,200,0.020884296713893,0.9823948151968972,0.9735592040648717,-0.07675447283284073,0.2510202287936492,0.1819548722570235,runs/pivot/fives/seed2/cfloss/pred/bio.csv,"results/pivot/bio_master.csv (source=gt, split=test)",results/gateA_biomarker_scales_train.csv
fives,fives,continued,0,last,density,pvbm,200,0.020884296713893,0.9845417863823213,0.9756472570492163,0.026689812275986484,0.22896502166059896,0.17021503309875896,runs/pivot/fives/seed0/continued/pred/bio.csv,"results/pivot/bio_master.csv (source=gt, split=test)",results/gateA_biomarker_scales_train.csv
fives,fives,continued,1,last,density,pvbm,200,0.020884296713893,0.9845951762562446,0.9745792299480286,0.0054514118299246106,0.2271908480147576,0.16756755737539067,runs/pivot/fives/seed1/continued/pred/bio.csv,"results/pivot/bio_master.csv (source=gt, split=test)",results/gateA_biomarker_scales_train.csv
fives,fives,continued,2,last,density,pvbm,200,0.020884296713893,0.9838432349499375,0.9760402670218443,0.043094739193012065,0.23719555017553606,0.18048564923813742,runs/pivot/fives/seed2/continued/pred/bio.csv,"results/pivot/bio_master.csv (source=gt, split=test)",results/gateA_biomarker_scales_train.csv
fives,fives,continued,3,last,density,pvbm,200,0.020884296713893,0.9849505446368287,0.9760882682398754,0.004353511360230601,0.22886540107524106,0.17123334001109036,runs/pivot/fives/seed3/continued/pred/bio.csv,"results/pivot/bio_master.csv (source=gt, split=test)",results/gateA_biomarker_scales_train.csv
fives,fives,continued,4,last,density,pvbm,200,0.020884296713893,0.9840756273633953,0.9746362313944401,0.003334247305866388,0.23015921344584686,0.1679503011301189,runs/pivot/fives/seed4/continued/pred/bio.csv,"results/pivot/bio_master.csv (source=gt, split=test)",results/gateA_biomarker_scales_train.csv
fives,fives,continued,5,last,density,pvbm,200,0.020884296713893,0.9848443841194298,0.976190270828191,0.044951549500728175,0.22930169858202498,0.17858332051155373,runs/pivot/fives/seed5/continued/pred/bio.csv,"results/pivot/bio_master.csv (source=gt, split=test)",results/gateA_biomarker_scales_train.csv
fives,fives,reliseg,0,last,density,pvbm,200,0.020884296713893,0.9844331771021131,0.9758212614645784,0.047109274921116516,0.2285645249406562,0.17117534044244612,runs/pivot/fives/seed0/reliseg/pred/bio.csv,"results/pivot/bio_master.csv (source=gt, split=test)",results/gateA_biomarker_scales_train.csv
fives,fives,reliseg,1,last,density,pvbm,200,0.020884296713893,0.9847238278666302,0.9757357592949608,0.06107643597641127,0.23056890962568102,0.181661382578607,runs/pivot/fives/seed1/reliseg/pred/bio.csv,"results/pivot/bio_master.csv (source=gt, split=test)",results/gateA_biomarker_scales_train.csv
fives,fives,reliseg,2,last,density,pvbm,200,0.020884296713893,0.9835203486271393,0.9763777755861243,0.03919772369254982,0.23952865182744615,0.1769190751756949,runs/pivot/fives/seed2/reliseg/pred/bio.csv,"results/pivot/bio_master.csv (source=gt, split=test)",results/gateA_biomarker_scales_train.csv
fives,fives,reliseg,3,last,density,pvbm,200,0.020884296713893,0.9853292735898349,0.9765247793163438,0.05500972953484193,0.22493485734714755,0.17586031719682496,runs/pivot/fives/seed3/reliseg/pred/bio.csv,"results/pivot/bio_master.csv (source=gt, split=test)",results/gateA_biomarker_scales_train.csv
fives,fives,reliseg,4,last,density,pvbm,200,0.020884296713893,0.9843343434576652,0.9754267514538868,0.04001821842995781,0.23144639238130066,0.17500486663180506,runs/pivot/fives/seed4/reliseg/pred/bio.csv,"results/pivot/bio_master.csv (source=gt, split=test)",results/gateA_biomarker_scales_train.csv
fives,fives,reliseg,5,last,density,pvbm,200,0.020884296713893,0.9843314126465834,0.9763597751293626,0.06598324011488994,0.2320519212267495,0.1819740282277226,runs/pivot/fives/seed5/reliseg/pred/bio.csv,"results/pivot/bio_master.csv (source=gt, split=test)",results/gateA_biomarker_scales_train.csv
fives,fives,reliseg_nocl,0,last,density,pvbm,200,0.020884296713893,0.9841159060998935,0.9755812553744238,0.0043043551736403896,0.2321842953192809,0.16647130311924052,runs/pivot/fives/seed0/reliseg_nocl/pred/bio.csv,"results/pivot/bio_master.csv (source=gt, split=test)",results/gateA_biomarker_scales_train.csv
fives,fives,reliseg_nocl,1,last,density,pvbm,200,0.020884296713893,0.9843980461702331,0.9763117739113317,0.01943628525663578,0.23337097371746648,0.17124954339848536,runs/pivot/fives/seed1/reliseg_nocl/pred/bio.csv,"results/pivot/bio_master.csv (source=gt, split=test)",results/gateA_biomarker_scales_train.csv
fives,fives,reliseg_nocl,2,last,density,pvbm,200,0.020884296713893,0.9838556753796974,0.9772612980055058,0.015402712630533326,0.23974331005791283,0.17351559113381196,runs/pivot/fives/seed2/reliseg_nocl/pred/bio.csv,"results/pivot/bio_master.csv (source=gt, split=test)",results/gateA_biomarker_scales_train.csv
fives,fives,baseline,0,last,density,skan,200,0.020884296713893,0.9843141952688584,0.975530254080266,-0.02375780925921168,0.22869896760911365,0.16520725494475058,runs/pivot/fives/seed0/baseline/pred/bio.csv,"results/pivot/bio_master.csv (source=gt, split=test)",results/gateA_biomarker_scales_train.csv
fives,fives,baseline,1,last,density,skan,200,0.020884296713893,0.9840391641792129,0.9748642371800872,-0.002232422416992028,0.23472209864747945,0.17100510197926305,runs/pivot/fives/seed1/baseline/pred/bio.csv,"results/pivot/bio_master.csv (source=gt, split=test)",results/gateA_biomarker_scales_train.csv
fives,fives,baseline,2,last,density,skan,200,0.020884296713893,0.9828575869777373,0.9740767171967675,-0.09088681412289304,0.2422692281780586,0.1793935591775576,runs/pivot/fives/seed2/baseline/pred/bio.csv,"results/pivot/bio_master.csv (source=gt, split=test)",results/gateA_biomarker_scales_train.csv
fives,fives,baseline,3,last,density,skan,200,0.020884296713893,0.9832817531929355,0.9739867149129594,-0.07174238370175258,0.23945251869648038,0.17627542992572434,runs/pivot/fives/seed3/baseline/pred/bio.csv,"results/pivot/bio_master.csv (source=gt, split=test)",results/gateA_biomarker_scales_train.csv
fives,fives,baseline,4,last,density,skan,200,0.020884296713893,0.9827541208001163,0.9745327287680611,-0.02430303163987847,0.24686934737446226,0.1743044486433004,runs/pivot/fives/seed4/baseline/pred/bio.csv,"results/pivot/bio_master.csv (source=gt, split=test)",results/gateA_biomarker_scales_train.csv
fives,fives,baseline,5,last,density,skan,200,0.020884296713893,0.9839083742842328,0.9752152460869381,0.032605507437284756,0.23396933711698067,0.17803258227985272,runs/pivot/fives/seed5/baseline/pred/bio.csv,"results/pivot/bio_master.csv (source=gt, split=test)",results/gateA_biomarker_scales_train.csv
fives,fives,cfloss,0,last,density,skan,200,0.020884296713893,0.9828482305513486,0.9731691941683704,-0.09503189778059905,0.2504915036467941,0.18926723017125752,runs/pivot/fives/seed0/cfloss/pred/bio.csv,"results/pivot/bio_master.csv (source=gt, split=test)",results/gateA_biomarker_scales_train.csv
fives,fives,cfloss,1,last,density,skan,200,0.020884296713893,0.9836081473179704,0.9743107231346682,-0.07902794920855614,0.2448727595657696,0.17964037377059072,runs/pivot/fives/seed1/cfloss/pred/bio.csv,"results/pivot/bio_master.csv (source=gt, split=test)",results/gateA_biomarker_scales_train.csv
fives,fives,cfloss,2,last,density,skan,200,0.020884296713893,0.9823948151968972,0.9735592040648717,-0.07675447283284073,0.2510202287936492,0.1819548722570235,runs/pivot/fives/seed2/cfloss/pred/bio.csv,"results/pivot/bio_master.csv (source=gt, split=test)",results/gateA_biomarker_scales_train.csv
fives,fives,continued,0,last,density,skan,200,0.020884296713893,0.9845417863823213,0.9756472570492163,0.026689812275986484,0.22896502166059896,0.17021503309875896,runs/pivot/fives/seed0/continued/pred/bio.csv,"results/pivot/bio_master.csv (source=gt, split=test)",results/gateA_biomarker_scales_train.csv
fives,fives,continued,1,last,density,skan,200,0.020884296713893,0.9845951762562446,0.9745792299480286,0.0054514118299246106,0.2271908480147576,0.16756755737539067,runs/pivot/fives/seed1/continued/pred/bio.csv,"results/pivot/bio_master.csv (source=gt, split=test)",results/gateA_biomarker_scales_train.csv
fives,fives,continued,2,last,density,skan,200,0.020884296713893,0.9838432349499375,0.9760402670218443,0.043094739193012065,0.23719555017553606,0.18048564923813742,runs/pivot/fives/seed2/continued/pred/bio.csv,"results/pivot/bio_master.csv (source=gt, split=test)",results/gateA_biomarker_scales_train.csv
fives,fives,continued,3,last,density,skan,200,0.020884296713893,0.9849505446368287,0.9760882682398754,0.004353511360230601,0.22886540107524106,0.17123334001109036,runs/pivot/fives/seed3/continued/pred/bio.csv,"results/pivot/bio_master.csv (source=gt, split=test)",results/gateA_biomarker_scales_train.csv
fives,fives,continued,4,last,density,skan,200,0.020884296713893,0.9840756273633953,0.9746362313944401,0.003334247305866388,0.23015921344584686,0.1679503011301189,runs/pivot/fives/seed4/continued/pred/bio.csv,"results/pivot/bio_master.csv (source=gt, split=test)",results/gateA_biomarker_scales_train.csv
fives,fives,continued,5,last,density,skan,200,0.020884296713893,0.9848443841194298,0.976190270828191,0.044951549500728175,0.22930169858202498,0.17858332051155373,runs/pivot/fives/seed5/continued/pred/bio.csv,"results/pivot/bio_master.csv (source=gt, split=test)",results/gateA_biomarker_scales_train.csv
fives,fives,reliseg,0,last,density,skan,200,0.020884296713893,0.9844331771021131,0.9758212614645784,0.047109274921116516,0.2285645249406562,0.17117534044244612,runs/pivot/fives/seed0/reliseg/pred/bio.csv,"results/pivot/bio_master.csv (source=gt, split=test)",results/gateA_biomarker_scales_train.csv
fives,fives,reliseg,1,last,density,skan,200,0.020884296713893,0.9847238278666302,0.9757357592949608,0.06107643597641127,0.23056890962568102,0.181661382578607,runs/pivot/fives/seed1/reliseg/pred/bio.csv,"results/pivot/bio_master.csv (source=gt, split=test)",results/gateA_biomarker_scales_train.csv
fives,fives,reliseg,2,last,density,skan,200,0.020884296713893,0.9835203486271393,0.9763777755861243,0.03919772369254982,0.23952865182744615,0.1769190751756949,runs/pivot/fives/seed2/reliseg/pred/bio.csv,"results/pivot/bio_master.csv (source=gt, split=test)",results/gateA_biomarker_scales_train.csv
fives,fives,reliseg,3,last,density,skan,200,0.020884296713893,0.9853292735898349,0.9765247793163438,0.05500972953484193,0.22493485734714755,0.17586031719682496,runs/pivot/fives/seed3/reliseg/pred/bio.csv,"results/pivot/bio_master.csv (source=gt, split=test)",results/gateA_biomarker_scales_train.csv
fives,fives,reliseg,4,last,density,skan,200,0.020884296713893,0.9843343434576652,0.9754267514538868,0.04001821842995781,0.23144639238130066,0.17500486663180506,runs/pivot/fives/seed4/reliseg/pred/bio.csv,"results/pivot/bio_master.csv (source=gt, split=test)",results/gateA_biomarker_scales_train.csv
fives,fives,reliseg,5,last,density,skan,200,0.020884296713893,0.9843314126465834,0.9763597751293626,0.06598324011488994,0.2320519212267495,0.1819740282277226,runs/pivot/fives/seed5/reliseg/pred/bio.csv,"results/pivot/bio_master.csv (source=gt, split=test)",results/gateA_biomarker_scales_train.csv
fives,fives,reliseg_nocl,0,last,density,skan,200,0.020884296713893,0.9841159060998935,0.9755812553744238,0.0043043551736403896,0.2321842953192809,0.16647130311924052,runs/pivot/fives/seed0/reliseg_nocl/pred/bio.csv,"results/pivot/bio_master.csv (source=gt, split=test)",results/gateA_biomarker_scales_train.csv
fives,fives,reliseg_nocl,1,last,density,skan,200,0.020884296713893,0.9843980461702331,0.9763117739113317,0.01943628525663578,0.23337097371746648,0.17124954339848536,runs/pivot/fives/seed1/reliseg_nocl/pred/bio.csv,"results/pivot/bio_master.csv (source=gt, split=test)",results/gateA_biomarker_scales_train.csv
fives,fives,reliseg_nocl,2,last,density,skan,200,0.020884296713893,0.9838556753796974,0.9772612980055058,0.015402712630533326,0.23974331005791283,0.17351559113381196,runs/pivot/fives/seed2/reliseg_nocl/pred/bio.csv,"results/pivot/bio_master.csv (source=gt, split=test)",results/gateA_biomarker_scales_train.csv
fives,fives,baseline,0,last,total_length,pvbm,200,5758.81509292313,0.9625698850483585,0.9612959888577765,-0.43538802848302127,0.38476231623790363,0.44282903968465476,runs/pivot/fives/seed0/baseline/pred/bio.csv,"results/pivot/bio_master.csv (source=gt, split=test)",results/gateA_biomarker_scales_train.csv
fives,fives,baseline,1,last,total_length,pvbm,200,5758.81509292313,0.9614841400114875,0.9593309375208102,-0.4213425948578967,0.3926139210326173,0.4293935752636627,runs/pivot/fives/seed1/baseline/pred/bio.csv,"results/pivot/bio_master.csv (source=gt, split=test)",results/gateA_biomarker_scales_train.csv
fives,fives,baseline,2,last,total_length,pvbm,200,5758.81509292313,0.953437909407363,0.9547220671140705,-0.49658571316301786,0.43146400440919597,0.5020907149092462,runs/pivot/fives/seed2/baseline/pred/bio.csv,"results/pivot/bio_master.csv (source=gt, split=test)",results/gateA_biomarker_scales_train.csv
fives,fives,baseline,3,last,total_length,pvbm,200,5758.81509292313,0.9576307605112572,0.9530592736735918,-0.44066563118774627,0.41278219861767956,0.451490621118799,runs/pivot/fives/seed3/baseline/pred/bio.csv,"results/pivot/bio_master.csv (source=gt, split=test)",results/gateA_biomarker_scales_train.csv
fives,fives,baseline,4,last,total_length,pvbm,200,5758.81509292313,0.9569569616398316,0.957655393747229,-0.45563798959267915,0.4133712266238317,0.4625757879354684,runs/pivot/fives/seed4/baseline/pred/bio.csv,"results/pivot/bio_master.csv (source=gt, split=test)",results/gateA_biomarker_scales_train.csv
fives,fives,baseline,5,last,total_length,pvbm,200,5758.81509292313,0.9613527731239949,0.9585974183576219,-0.40419395351598597,0.39108170304727197,0.4123899509525771,runs/pivot/fives/seed5/baseline/pred/bio.csv,"results/pivot/bio_master.csv (source=gt, split=test)",results/gateA_biomarker_scales_train.csv
fives,fives,cfloss,0,last,total_length,pvbm,200,5758.81509292313,0.9572666693718108,0.9593414377951299,-0.47059103643527267,0.4168338775247777,0.4746118601616701,runs/pivot/fives/seed0/cfloss/pred/bio.csv,"results/pivot/bio_master.csv (source=gt, split=test)",results/gateA_biomarker_scales_train.csv
fives,fives,cfloss,1,last,total_length,pvbm,200,5758.81509292313,0.9609758959270848,0.9572346327548481,-0.44766092191109463,0.3978446743905827,0.452522876861832,runs/pivot/fives/seed1/cfloss/pred/bio.csv,"results/pivot/bio_master.csv (source=gt, split=test)",results/gateA_biomarker_scales_train.csv
fives,fives,cfloss,2,last,total_length,pvbm,200,5758.81509292313,0.9550383614272197,0.9538775450509316,-0.4621318444022468,0.4257220478850606,0.4693450183072615,runs/pivot/fives/seed2/cfloss/pred/bio.csv,"results/pivot/bio_master.csv (source=gt, split=test)",results/gateA_biomarker_scales_train.csv
fives,fives,continued,0,last,total_length,pvbm,200,5758.81509292313,0.9609333664106872,0.9613409900334322,-0.43206149402678584,0.39480445419875965,0.43844349032821583,runs/pivot/fives/seed0/continued/pred/bio.csv,"results/pivot/bio_master.csv (source=gt, split=test)",results/gateA_biomarker_scales_train.csv
fives,fives,continued,1,last,total_length,pvbm,200,5758.81509292313,0.9615642467649227,0.9592611856985438,-0.4248271452338949,0.3913298075686194,0.431862624681299,runs/pivot/fives/seed1/continued/pred/bio.csv,"results/pivot/bio_master.csv (source=gt, split=test)",results/gateA_biomarker_scales_train.csv
fives,fives,continued,2,last,total_length,pvbm,200,5758.81509292313,0.9593580385341333,0.9588134240007694,-0.4242785457141226,0.4030534755069624,0.43393909857541246,runs/pivot/fives/seed2/continued/pred/bio.csv,"results/pivot/bio_master.csv (source=gt, split=test)",results/gateA_biomarker_scales_train.csv
fives,fives,continued,3,last,total_length,pvbm,200,5758.81509292313,0.9600584266986418,0.95938454869081,-0.42474212619097274,0.39967996988115934,0.43314633256826435,runs/pivot/fives/seed3/continued/pred/bio.csv,"results/pivot/bio_master.csv (source=gt, split=test)",results/gateA_biomarker_scales_train.csv
fives,fives,continued,4,last,total_length,pvbm,200,5758.81509292313,0.9585621968990374,0.9575496409844381,-0.45090982996491774,0.4034033781264316,0.4588297924576732,runs/pivot/fives/seed4/continued/pred/bio.csv,"results/pivot/bio_master.csv (source=gt, split=test)",results/gateA_biomarker_scales_train.csv
fives,fives,continued,5,last,total_length,pvbm,200,5758.81509292313,0.9630370797819405,0.9613027390341249,-0.41555420229568113,0.38170416163964044,0.42214563947983064,runs/pivot/fives/seed5/continued/pred/bio.csv,"results/pivot/bio_master.csv (source=gt, split=test)",results/gateA_biomarker_scales_train.csv
fives,fives,reliseg,0,last,total_length,pvbm,200,5758.81509292313,0.9624643731791477,0.9665851270365118,-0.36785676544732,0.3899735240826138,0.3789507385824345,runs/pivot/fives/seed0/reliseg/pred/bio.csv,"results/pivot/bio_master.csv (source=gt, split=test)",results/gateA_biomarker_scales_train.csv
fives,fives,reliseg,1,last,total_length,pvbm,200,5758.81509292313,0.9619007923550069,0.9629107810442226,-0.3068342651568402,0.3975965956573596,0.33543973404956035,runs/pivot/fives/seed1/reliseg/pred/bio.csv,"results/pivot/bio_master.csv (source=gt, split=test)",results/gateA_biomarker_scales_train.csv
fives,fives,reliseg,2,last,total_length,pvbm,200,5758.81509292313,0.9623697678036565,0.9629550322002839,-0.36875583119826993,0.38948003996604635,0.3841317489199183,runs/pivot/fives/seed2/reliseg/pred/bio.csv,"results/pivot/bio_master.csv (source=gt, split=test)",results/gateA_biomarker_scales_train.csv
fives,fives,reliseg,3,last,total_length,pvbm,200,5758.81509292313,0.9637787155890214,0.9648375813818815,-0.34384040090736884,0.38331412186451513,0.3628428720868721,runs/pivot/fives/seed3/reliseg/pred/bio.csv,"results/pivot/bio_master.csv (source=gt, split=test)",results/gateA_biomarker_scales_train.csv
fives,fives,reliseg,4,last,total_length,pvbm,200,5758.81509292313,0.9605723526005336,0.9619770066493664,-0.37135553269303684,0.3966149941012952,0.38612993064593937,runs/pivot/fives/seed4/reliseg/pred/bio.csv,"results/pivot/bio_master.csv (source=gt, split=test)",results/gateA_biomarker_scales_train.csv
fives,fives,reliseg,5,last,total_length,pvbm,200,5758.81509292313,0.9638118367402366,0.9644310707617915,-0.339785014890243,0.3788611892080111,0.35508805205908467,runs/pivot/fives/seed5/reliseg/pred/bio.csv,"results/pivot/bio_master.csv (source=gt, split=test)",results/gateA_biomarker_scales_train.csv
fives,fives,reliseg_nocl,0,last,total_length,pvbm,200,5758.81509292313,0.9623942434702082,0.962772027419284,-0.37398665048137963,0.3902092014114108,0.3860268016518779,runs/pivot/fives/seed0/reliseg_nocl/pred/bio.csv,"results/pivot/bio_master.csv (source=gt, split=test)",results/gateA_biomarker_scales_train.csv
fives,fives,reliseg_nocl,1,last,total_length,pvbm,200,5758.81509292313,0.9608132947882313,0.9618922544352148,-0.3643141786982603,0.40132617578308555,0.37772589303172055,runs/pivot/fives/seed1/reliseg_nocl/pred/bio.csv,"results/pivot/bio_master.csv (source=gt, split=test)",results/gateA_biomarker_scales_train.csv
fives,fives,reliseg_nocl,2,last,total_length,pvbm,200,5758.81509292313,0.9615452094938685,0.9627967780658947,-0.3664297388538428,0.39660189041764654,0.38082725452277333,runs/pivot/fives/seed2/reliseg_nocl/pred/bio.csv,"results/pivot/bio_master.csv (source=gt, split=test)",results/gateA_biomarker_scales_train.csv
fives,fives,baseline,0,last,total_length,skan,200,5905.654590686367,0.9788207912561218,0.9738464613540254,-0.24172404713703574,0.2686183889416411,0.2672843115658189,runs/pivot/fives/seed0/baseline/pred/bio.csv,"results/pivot/bio_master.csv (source=gt, split=test)",results/gateA_biomarker_scales_train.csv
fives,fives,baseline,1,last,total_length,skan,200,5905.654590686367,0.9785322028652128,0.9730364407997538,-0.2356836588894474,0.27153929885067696,0.26294379304074733,runs/pivot/fives/seed1/baseline/pred/bio.csv,"results/pivot/bio_master.csv (source=gt, split=test)",results/gateA_biomarker_scales_train.csv
fives,fives,baseline,2,last,total_length,skan,200,5905.654590686367,0.9770819162518855,0.9711928940197542,-0.30483409697959873,0.2792799294548601,0.32034888755420726,runs/pivot/fives/seed2/baseline/pred/bio.csv,"results/pivot/bio_master.csv (source=gt, split=test)",results/gateA_biomarker_scales_train.csv
fives,fives,baseline,3,last,total_length,skan,200,5905.654590686367,0.9764391962707235,0.9693523473158814,-0.2570138077740988,0.2842547876019963,0.2851232689205354,runs/pivot/fives/seed3/baseline/pred/bio.csv,"results/pivot/bio_master.csv (source=gt, split=test)",results/gateA_biomarker_scales_train.csv
fives,fives,baseline,4,last,total_length,skan,200,5905.654590686367,0.9770702468946828,0.9717914092070771,-0.2640753136318132,0.28057582166272915,0.2872145147080719,runs/pivot/fives/seed4/baseline/pred/bio.csv,"results/pivot/bio_master.csv (source=gt, split=test)",results/gateA_biomarker_scales_train.csv
fives,fives,baseline,5,last,total_length,skan,200,5905.654590686367,0.9777733140370019,0.9712828963035621,-0.22053224842850241,0.27498634247494624,0.2565608614488465,runs/pivot/fives/seed5/baseline/pred/bio.csv,"results/pivot/bio_master.csv (source=gt, split=test)",results/gateA_biomarker_scales_train.csv
fives,fives,cfloss,0,last,total_length,skan,200,5905.654590686367,0.9773636436511307,0.9717134072277769,-0.2841645224258544,0.2804753846050154,0.300575887007935,runs/pivot/fives/seed0/cfloss/pred/bio.csv,"results/pivot/bio_master.csv (source=gt, split=test)",results/gateA_biomarker_scales_train.csv
fives,fives,cfloss,1,last,total_length,skan,200,5905.654590686367,0.9778663825169093,0.9717404079129192,-0.2825461739203017,0.278618004493117,0.298457800758256,runs/pivot/fives/seed1/cfloss/pred/bio.csv,"results/pivot/bio_master.csv (source=gt, split=test)",results/gateA_biomarker_scales_train.csv
fives,fives,cfloss,2,last,total_length,skan,200,5905.654590686367,0.9768326925154196,0.9705838785659869,-0.2811921856224603,0.2825617975750853,0.299742832112075,runs/pivot/fives/seed2/cfloss/pred/bio.csv,"results/pivot/bio_master.csv (source=gt, split=test)",results/gateA_biomarker_scales_train.csv
fives,fives,continued,0,last,total_length,skan,200,5905.654590686367,0.9786133751243649,0.9729299380972477,-0.25693535628075537,0.26965142518587204,0.28036998630023013,runs/pivot/fives/seed0/continued/pred/bio.csv,"results/pivot/bio_master.csv (source=gt, split=test)",results/gateA_biomarker_scales_train.csv
fives,fives,continued,1,last,total_length,skan,200,5905.654590686367,0.9787454855993206,0.9727589337580126,-0.2613715605514831,0.2688604304142688,0.28154711119077447,runs/pivot/fives/seed1/continued/pred/bio.csv,"results/pivot/bio_master.csv (source=gt, split=test)",results/gateA_biomarker_scales_train.csv
fives,fives,continued,2,last,total_length,skan,200,5905.654590686367,0.9777335959765656,0.9719819140411372,-0.25137071844659536,0.27548938045232857,0.27843645725662963,runs/pivot/fives/seed2/continued/pred/bio.csv,"results/pivot/bio_master.csv (source=gt, split=test)",results/gateA_biomarker_scales_train.csv
fives,fives,continued,3,last,total_length,skan,200,5905.654590686367,0.9783811273451458,0.9717644085219347,-0.25904732059576585,0.27128806025815755,0.28379451561970986,runs/pivot/fives/seed3/continued/pred/bio.csv,"results/pivot/bio_master.csv (source=gt, split=test)",results/gateA_biomarker_scales_train.csv
fives,fives,continued,4,last,total_length,skan,200,5905.654590686367,0.9777840556963401,0.9717494081413,-0.27776296841181,0.27477296608322554,0.29977115841282476,runs/pivot/fives/seed4/continued/pred/bio.csv,"results/pivot/bio_master.csv (source=gt, split=test)",results/gateA_biomarker_scales_train.csv
fives,fives,continued,5,last,total_length,skan,200,5905.654590686367,0.9783166769788635,0.9720569159443104,-0.2621354265563666,0.2715337522813633,0.2845772766795792,runs/pivot/fives/seed5/continued/pred/bio.csv,"results/pivot/bio_master.csv (source=gt, split=test)",results/gateA_biomarker_scales_train.csv
fives,fives,reliseg,0,last,total_length,skan,200,5905.654590686367,0.9790917422956238,0.9751979956492083,-0.15721948283002896,0.2669773786274246,0.21750458145873844,runs/pivot/fives/seed0/reliseg/pred/bio.csv,"results/pivot/bio_master.csv (source=gt, split=test)",results/gateA_biomarker_scales_train.csv
fives,fives,reliseg,1,last,total_length,skan,200,5905.654590686367,0.9789878253895564,0.974524478558712,-0.09930611432982744,0.27087935853039297,0.205343265938685,runs/pivot/fives/seed1/reliseg/pred/bio.csv,"results/pivot/bio_master.csv (source=gt, split=test)",results/gateA_biomarker_scales_train.csv
fives,fives,reliseg,2,last,total_length,skan,200,5905.654590686367,0.9781829175087753,0.9745664796244891,-0.17777209921007578,0.27387242392861233,0.23366386886886695,runs/pivot/fives/seed2/reliseg/pred/bio.csv,"results/pivot/bio_master.csv (source=gt, split=test)",results/gateA_biomarker_scales_train.csv
fives,fives,reliseg,3,last,total_length,skan,200,5905.654590686367,0.9794287531375407,0.9746714822889316,-0.14597081342544155,0.2653626062581395,0.21300404179267118,runs/pivot/fives/seed3/reliseg/pred/bio.csv,"results/pivot/bio_master.csv (source=gt, split=test)",results/gateA_biomarker_scales_train.csv
fives,fives,reliseg,4,last,total_length,skan,200,5905.654590686367,0.9786690887593472,0.9743864750568733,-0.17587456881176997,0.2698651691778701,0.22741561816378864,runs/pivot/fives/seed4/reliseg/pred/bio.csv,"results/pivot/bio_master.csv (source=gt, split=test)",results/gateA_biomarker_scales_train.csv
fives,fives,reliseg,5,last,total_length,skan,200,5905.654590686367,0.9782876517539267,0.9739679644371663,-0.15781759078626167,0.271869043961371,0.22365935863811623,runs/pivot/fives/seed5/reliseg/pred/bio.csv,"results/pivot/bio_master.csv (source=gt, split=test)",results/gateA_biomarker_scales_train.csv
fives,fives,reliseg_nocl,0,last,total_length,skan,200,5905.654590686367,0.9790422487456119,0.9755745052031382,-0.15146396078033963,0.27021916003903185,0.21681803208322453,runs/pivot/fives/seed0/reliseg_nocl/pred/bio.csv,"results/pivot/bio_master.csv (source=gt, split=test)",results/gateA_biomarker_scales_train.csv
fives,fives,reliseg_nocl,1,last,total_length,skan,200,5905.654590686367,0.979038940561949,0.9751274938602252,-0.16030008943931834,0.2700285028556902,0.22176190801838425,runs/pivot/fives/seed1/reliseg_nocl/pred/bio.csv,"results/pivot/bio_master.csv (source=gt, split=test)",results/gateA_biomarker_scales_train.csv
fives,fives,reliseg_nocl,2,last,total_length,skan,200,5905.654590686367,0.9786911658344289,0.9757590098849446,-0.16085454660118223,0.2734653525303909,0.22189991726993732,runs/pivot/fives/seed2/reliseg_nocl/pred/bio.csv,"results/pivot/bio_master.csv (source=gt, split=test)",results/gateA_biomarker_scales_train.csv
hrf,hrf,abl_cf_matched,0,fid,FD,pvbm,30,0.0191265872248343,0.503758994549678,0.44249165739710794,-1.0201696163501481,0.6848394689044252,1.0519899532644303,runs/pivot/hrf/seed0/abl_cf_matched/pred_fid/bio.csv,"results/pivot/bio_master.csv (source=gt, split=test)",results/gateA_biomarker_scales_train.csv
hrf,hrf,abl_cf_on_base,0,fid,FD,pvbm,30,0.0191265872248343,0.542049232252667,0.48787541713014465,-0.856659894783305,0.651034911238561,0.9124323346191641,runs/pivot/hrf/seed0/abl_cf_on_base/pred_fid/bio.csv,"results/pivot/bio_master.csv (source=gt, split=test)",results/gateA_biomarker_scales_train.csv
hrf,hrf,abl_density_only,0,fid,FD,pvbm,30,0.0191265872248343,0.5519876142005251,0.5119021134593993,-0.9570738606394434,0.63865936446628,0.9860150702255813,runs/pivot/hrf/seed0/abl_density_only/pred_fid/bio.csv,"results/pivot/bio_master.csv (source=gt, split=test)",results/gateA_biomarker_scales_train.csv
hrf,hrf,abl_fd_only,0,fid,FD,pvbm,30,0.0191265872248343,0.5787357041671886,0.5261401557285873,-0.7573584767402348,0.6136117904843376,0.828732154083917,runs/pivot/hrf/seed0/abl_fd_only/pred_fid/bio.csv,"results/pivot/bio_master.csv (source=gt, split=test)",results/gateA_biomarker_scales_train.csv
hrf,hrf,abl_fixed_ladder,0,fid,FD,pvbm,30,0.0191265872248343,0.5917339973908358,0.5701890989988877,-0.5335532869420536,0.5934054082543364,0.6764265550199382,runs/pivot/hrf/seed0/abl_fixed_ladder/pred_fid/bio.csv,"results/pivot/bio_master.csv (source=gt, split=test)",results/gateA_biomarker_scales_train.csv
hrf,hrf,abl_length_only,0,fid,FD,pvbm,30,0.0191265872248343,0.6220855598473797,0.5942157953281423,-0.32293896234459113,0.5562960725233558,0.5492518512675855,runs/pivot/hrf/seed0/abl_length_only/pred_fid/bio.csv,"results/pivot/bio_master.csv (source=gt, split=test)",results/gateA_biomarker_scales_train.csv
hrf,hrf,abl_no_density,0,fid,FD,pvbm,30,0.0191265872248343,0.6432005899371015,0.5951056729699666,-0.3463448160988593,0.5425569154820477,0.5544799166470608,runs/pivot/hrf/seed0/abl_no_density/pred_fid/bio.csv,"results/pivot/bio_master.csv (source=gt, split=test)",results/gateA_biomarker_scales_train.csv
hrf,hrf,abl_no_fd,0,fid,FD,pvbm,30,0.0191265872248343,0.5551068955813259,0.5243604004449388,-0.5599142332594794,0.6112894732160343,0.7139698855224553,runs/pivot/hrf/seed0/abl_no_fd/pred_fid/bio.csv,"results/pivot/bio_master.csv (source=gt, split=test)",results/gateA_biomarker_scales_train.csv
hrf,hrf,abl_no_length,0,fid,FD,pvbm,30,0.0191265872248343,0.4468427578687968,0.36774193548387096,-0.9544346375884118,0.7555148176695138,1.0374171513696773,runs/pivot/hrf/seed0/abl_no_length/pred_fid/bio.csv,"results/pivot/bio_master.csv (source=gt, split=test)",results/gateA_biomarker_scales_train.csv
hrf,hrf,cfloss,0,fid,FD,pvbm,30,0.0191265872248343,0.4468427578687968,0.36774193548387096,-0.9544346375884118,0.7555148176695138,1.0374171513696773,runs/pivot/hrf/seed0/cfloss/pred_fid/bio.csv,"results/pivot/bio_master.csv (source=gt, split=test)",results/gateA_biomarker_scales_train.csv
hrf,hrf,cfloss,1,fid,FD,pvbm,30,0.0191265872248343,0.5299800635677719,0.5061179087875418,-1.2931522390998347,0.6816438014738944,1.2947576746283291,runs/pivot/hrf/seed1/cfloss/pred_fid/bio.csv,"results/pivot/bio_master.csv (source=gt, split=test)",results/gateA_biomarker_scales_train.csv
hrf,hrf,cfloss,2,fid,FD,pvbm,30,0.0191265872248343,0.5184644560216102,0.4705228031145718,-1.138469058609322,0.714105424884226,1.1707974910338839,runs/pivot/hrf/seed2/cfloss/pred_fid/bio.csv,"results/pivot/bio_master.csv (source=gt, split=test)",results/gateA_biomarker_scales_train.csv
hrf,hrf,continued,0,fid,FD,pvbm,30,0.0191265872248343,0.5761026638540118,0.539043381535039,-0.9092069124227945,0.6137250065718831,0.9336850303539153,runs/pivot/hrf/seed0/continued/pred_fid/bio.csv,"results/pivot/bio_master.csv (source=gt, split=test)",results/gateA_biomarker_scales_train.csv
hrf,hrf,continued,1,fid,FD,pvbm,30,0.0191265872248343,0.5439275837837341,0.4967741935483871,-0.8859588145874007,0.6473289854668425,0.9313807460738536,runs/pivot/hrf/seed1/continued/pred_fid/bio.csv,"results/pivot/bio_master.csv (source=gt, split=test)",results/gateA_biomarker_scales_train.csv
hrf,hrf,continued,2,fid,FD,pvbm,30,0.0191265872248343,0.5395622105626634,0.5216907675194661,-1.098252076691856,0.6772270251002529,1.1239768123823624,runs/pivot/hrf/seed2/continued/pred_fid/bio.csv,"results/pivot/bio_master.csv (source=gt, split=test)",results/gateA_biomarker_scales_train.csv
hrf,hrf,reliseg,0,fid,FD,pvbm,30,0.0191265872248343,0.5402483852879039,0.4914349276974415,-0.406795302410673,0.6163587829916931,0.6408042459710772,runs/pivot/hrf/seed0/reliseg/pred_fid/bio.csv,"results/pivot/bio_master.csv (source=gt, split=test)",results/gateA_biomarker_scales_train.csv
hrf,hrf,reliseg,1,fid,FD,pvbm,30,0.0191265872248343,0.5464599099999996,0.5221357063403782,-0.4248315950908709,0.6108606418942025,0.6388103032231573,runs/pivot/hrf/seed1/reliseg/pred_fid/bio.csv,"results/pivot/bio_master.csv (source=gt, split=test)",results/gateA_biomarker_scales_train.csv
hrf,hrf,reliseg,2,fid,FD,pvbm,30,0.0191265872248343,0.5461982888809229,0.5221357063403782,-0.42250054222649874,0.620401148766585,0.6527519683595089,runs/pivot/hrf/seed2/reliseg/pred_fid/bio.csv,"results/pivot/bio_master.csv (source=gt, split=test)",results/gateA_biomarker_scales_train.csv
hrf,hrf,reliseg_nocl,0,fid,FD,pvbm,30,0.0191265872248343,0.49628314057370015,0.45494994438264746,0.1504299060863233,0.6525121441022889,0.5393048230384528,runs/pivot/hrf/seed0/reliseg_nocl/pred_fid/bio.csv,"results/pivot/bio_master.csv (source=gt, split=test)",results/gateA_biomarker_scales_train.csv
hrf,hrf,reliseg_nocl,1,fid,FD,pvbm,30,0.0191265872248343,0.5182179697332513,0.5061179087875418,-0.5689713731625197,0.6408787896040492,0.7441024737820506,runs/pivot/hrf/seed1/reliseg_nocl/pred_fid/bio.csv,"results/pivot/bio_master.csv (source=gt, split=test)",results/gateA_biomarker_scales_train.csv
hrf,hrf,reliseg_nocl,2,fid,FD,pvbm,30,0.0191265872248343,0.48853233166052584,0.4460511679644049,-0.3629415007468099,0.6573381382034938,0.6479117770700429,runs/pivot/hrf/seed2/reliseg_nocl/pred_fid/bio.csv,"results/pivot/bio_master.csv (source=gt, split=test)",results/gateA_biomarker_scales_train.csv
hrf,hrf,abl_cf_matched,0,fid,FD,skan,30,0.0190610980643877,0.3332326863722196,0.3098998887652948,-1.806839980600238,1.0911863881063235,1.8511661543263667,runs/pivot/hrf/seed0/abl_cf_matched/pred_fid/bio.csv,"results/pivot/bio_master.csv (source=gt, split=test)",results/gateA_biomarker_scales_train.csv
hrf,hrf,abl_cf_on_base,0,fid,FD,skan,30,0.0190610980643877,0.3672696415148379,0.37263626251390436,-1.6508034361948836,1.0581338516618866,1.7069869645920435,runs/pivot/hrf/seed0/abl_cf_on_base/pred_fid/bio.csv,"results/pivot/bio_master.csv (source=gt, split=test)",results/gateA_biomarker_scales_train.csv
hrf,hrf,abl_density_only,0,fid,FD,skan,30,0.0190610980643877,0.36747014647685106,0.33926585094549494,-1.7592850971445912,1.0597177288685493,1.8009924603271041,runs/pivot/hrf/seed0/abl_density_only/pred_fid/bio.csv,"results/pivot/bio_master.csv (source=gt, split=test)",results/gateA_biomarker_scales_train.csv
hrf,hrf,abl_fd_only,0,fid,FD,skan,30,0.0190610980643877,0.4257126614738367,0.43403781979977757,-1.522189113145651,1.0067169460409802,1.5903303738066186,runs/pivot/hrf/seed0/abl_fd_only/pred_fid/bio.csv,"results/pivot/bio_master.csv (source=gt, split=test)",results/gateA_biomarker_scales_train.csv
hrf,hrf,abl_fixed_ladder,0,fid,FD,skan,30,0.0190610980643877,0.435233150388061,0.39532814238042263,-0.9084672625100727,0.9755096078222214,1.148474934290132,runs/pivot/hrf/seed0/abl_fixed_ladder/pred_fid/bio.csv,"results/pivot/bio_master.csv (source=gt, split=test)",results/gateA_biomarker_scales_train.csv
hrf,hrf,abl_length_only,0,fid,FD,skan,30,0.0190610980643877,0.46048372704611773,0.450055617352614,-0.9857127320196407,0.9622282445247122,1.2071743643834032,runs/pivot/hrf/seed0/abl_length_only/pred_fid/bio.csv,"results/pivot/bio_master.csv (source=gt, split=test)",results/gateA_biomarker_scales_train.csv
hrf,hrf,abl_no_density,0,fid,FD,skan,30,0.0190610980643877,0.5081148896071279,0.4852057842046719,-0.6021493014828743,0.9225197291979135,0.9516071794098141,runs/pivot/hrf/seed0/abl_no_density/pred_fid/bio.csv,"results/pivot/bio_master.csv (source=gt, split=test)",results/gateA_biomarker_scales_train.csv
hrf,hrf,abl_no_fd,0,fid,FD,skan,30,0.0190610980643877,0.3807828813259911,0.36952169076751945,-1.257535573457481,1.035053269982944,1.413514130307456,runs/pivot/hrf/seed0/abl_no_fd/pred_fid/bio.csv,"results/pivot/bio_master.csv (source=gt, split=test)",results/gateA_biomarker_scales_train.csv
hrf,hrf,abl_no_length,0,fid,FD,skan,30,0.0190610980643877,0.29467572547693033,0.26807563959955505,-1.6268678090884487,1.1493780332951504,1.728898677599296,runs/pivot/hrf/seed0/abl_no_length/pred_fid/bio.csv,"results/pivot/bio_master.csv (source=gt, split=test)",results/gateA_biomarker_scales_train.csv
hrf,hrf,cfloss,0,fid,FD,skan,30,0.0190610980643877,0.29467572547693033,0.26807563959955505,-1.6268678090884487,1.1493780332951504,1.728898677599296,runs/pivot/hrf/seed0/cfloss/pred_fid/bio.csv,"results/pivot/bio_master.csv (source=gt, split=test)",results/gateA_biomarker_scales_train.csv
hrf,hrf,cfloss,1,fid,FD,skan,30,0.0190610980643877,0.32770999740901163,0.32146829810900995,-2.100562174098017,1.1160139403615486,2.1195085397938036,runs/pivot/hrf/seed1/cfloss/pred_fid/bio.csv,"results/pivot/bio_master.csv (source=gt, split=test)",results/gateA_biomarker_scales_train.csv
hrf,hrf,cfloss,2,fid,FD,skan,30,0.0190610980643877,0.2910057977337645,0.3512791991101224,-1.9640173400033674,1.1736533768804978,2.0083160288822395,runs/pivot/hrf/seed2/cfloss/pred_fid/bio.csv,"results/pivot/bio_master.csv (source=gt, split=test)",results/gateA_biomarker_scales_train.csv
hrf,hrf,continued,0,fid,FD,skan,30,0.0190610980643877,0.41563843288520386,0.41357063403781974,-1.7109004347590533,1.0116086572926304,1.7468459028262584,runs/pivot/hrf/seed0/continued/pred_fid/bio.csv,"results/pivot/bio_master.csv (source=gt, split=test)",results/gateA_biomarker_scales_train.csv
hrf,hrf,continued,1,fid,FD,skan,30,0.0190610980643877,0.3200511915026094,0.31078976640711903,-1.7382893980768066,1.1134264787226154,1.7966885459544482,runs/pivot/hrf/seed1/continued/pred_fid/bio.csv,"results/pivot/bio_master.csv (source=gt, split=test)",results/gateA_biomarker_scales_train.csv
hrf,hrf,continued,2,fid,FD,skan,30,0.0190610980643877,0.3002952148703246,0.3050055617352614,-1.9544973763433726,1.1473290131327054,2.0018626365405714,runs/pivot/hrf/seed2/continued/pred_fid/bio.csv,"results/pivot/bio_master.csv (source=gt, split=test)",results/gateA_biomarker_scales_train.csv
hrf,hrf,reliseg,0,fid,FD,skan,30,0.0190610980643877,0.42226696958573073,0.3984427141268076,-0.8856922336596174,0.9943035420030324,1.1586414825308298,runs/pivot/hrf/seed0/reliseg/pred_fid/bio.csv,"results/pivot/bio_master.csv (source=gt, split=test)",results/gateA_biomarker_scales_train.csv
hrf,hrf,reliseg,1,fid,FD,skan,30,0.0190610980643877,0.3389667254836078,0.3032258064516129,-0.9856644327536866,1.0593796300765954,1.2610605479141486,runs/pivot/hrf/seed1/reliseg/pred_fid/bio.csv,"results/pivot/bio_master.csv (source=gt, split=test)",results/gateA_biomarker_scales_train.csv
hrf,hrf,reliseg,2,fid,FD,skan,30,0.0190610980643877,0.3131482259700667,0.3414905450500556,-1.0090085532496709,1.091652181666289,1.2894655004605615,runs/pivot/hrf/seed2/reliseg/pred_fid/bio.csv,"results/pivot/bio_master.csv (source=gt, split=test)",results/gateA_biomarker_scales_train.csv
hrf,hrf,reliseg_nocl,0,fid,FD,skan,30,0.0190610980643877,0.3873790982490025,0.32725250278086765,-0.17226116705045916,1.0558240499287048,0.8911801452513279,runs/pivot/hrf/seed0/reliseg_nocl/pred_fid/bio.csv,"results/pivot/bio_master.csv (source=gt, split=test)",results/gateA_biomarker_scales_train.csv
hrf,hrf,reliseg_nocl,1,fid,FD,skan,30,0.0190610980643877,0.3519754947695872,0.3632925472747497,-0.9997400053365607,1.061152551017331,1.2641403427270423,runs/pivot/hrf/seed1/reliseg_nocl/pred_fid/bio.csv,"results/pivot/bio_master.csv (source=gt, split=test)",results/gateA_biomarker_scales_train.csv
hrf,hrf,reliseg_nocl,2,fid,FD,skan,30,0.0190610980643877,0.2962234168859603,0.3045606229143492,-0.7599766376132581,1.0982573957858373,1.1622806657838203,runs/pivot/hrf/seed2/reliseg_nocl/pred_fid/bio.csv,"results/pivot/bio_master.csv (source=gt, split=test)",results/gateA_biomarker_scales_train.csv
hrf,hrf,abl_cf_matched,0,fid,tortuosity,pvbm,30,0.0023668667109986,0.7742925531282385,0.6974416017797552,-2.7294291308178353,1.8957127313467157,2.742966135414728,runs/pivot/hrf/seed0/abl_cf_matched/pred_fid/bio.csv,"results/pivot/bio_master.csv (source=gt, split=test)",results/gateA_biomarker_scales_train.csv
hrf,hrf,abl_cf_on_base,0,fid,tortuosity,pvbm,30,0.0023668667109986,0.8040395969577456,0.760622914349277,-2.9154671993012005,1.8638317337759367,2.9154671993012005,runs/pivot/hrf/seed0/abl_cf_on_base/pred_fid/bio.csv,"results/pivot/bio_master.csv (source=gt, split=test)",results/gateA_biomarker_scales_train.csv
hrf,hrf,abl_density_only,0,fid,tortuosity,pvbm,30,0.0023668667109986,0.8023122659650174,0.7508342602892103,-2.742438103080604,1.822151004838457,2.742438103080604,runs/pivot/hrf/seed0/abl_density_only/pred_fid/bio.csv,"results/pivot/bio_master.csv (source=gt, split=test)",results/gateA_biomarker_scales_train.csv
hrf,hrf,abl_fd_only,0,fid,tortuosity,pvbm,30,0.0023668667109986,0.8124948571821281,0.7548387096774194,-2.8688970213895213,1.857810508436581,2.8688970213895213,runs/pivot/hrf/seed0/abl_fd_only/pred_fid/bio.csv,"results/pivot/bio_master.csv (source=gt, split=test)",results/gateA_biomarker_scales_train.csv
hrf,hrf,abl_fixed_ladder,0,fid,tortuosity,pvbm,30,0.0023668667109986,0.22095688117838433,0.16307007786429364,7.248908382902048,5.595738666971858,7.512149827027795,runs/pivot/hrf/seed0/abl_fixed_ladder/pred_fid/bio.csv,"results/pivot/bio_master.csv (source=gt, split=test)",results/gateA_biomarker_scales_train.csv
hrf,hrf,abl_length_only,0,fid,tortuosity,pvbm,30,0.0023668667109986,0.7437920927157851,0.6845383759733037,-1.3868150183765657,1.9992919962665991,1.6324629873536263,runs/pivot/hrf/seed0/abl_length_only/pred_fid/bio.csv,"results/pivot/bio_master.csv (source=gt, split=test)",results/gateA_biomarker_scales_train.csv
hrf,hrf,abl_no_density,0,fid,tortuosity,pvbm,30,0.0023668667109986,0.2574943502123712,0.16173526140155728,5.548452746925265,4.947833881924501,5.986041918975435,runs/pivot/hrf/seed0/abl_no_density/pred_fid/bio.csv,"results/pivot/bio_master.csv (source=gt, split=test)",results/gateA_biomarker_scales_train.csv
hrf,hrf,abl_no_fd,0,fid,tortuosity,pvbm,30,0.0023668667109986,0.733762985298484,0.72146829810901,-0.21530038147588015,2.018765814022594,1.353369302677766,runs/pivot/hrf/seed0/abl_no_fd/pred_fid/bio.csv,"results/pivot/bio_master.csv (source=gt, split=test)",results/gateA_biomarker_scales_train.csv
hrf,hrf,abl_no_length,0,fid,tortuosity,pvbm,30,0.0023668667109986,0.7990391755376345,0.7228031145717464,-2.9381563158571082,1.9550290274024194,2.9420413455080374,runs/pivot/hrf/seed0/abl_no_length/pred_fid/bio.csv,"results/pivot/bio_master.csv (source=gt, split=test)",results/gateA_biomarker_scales_train.csv
hrf,hrf,cfloss,0,fid,tortuosity,pvbm,30,0.0023668667109986,0.7990391755376345,0.7228031145717464,-2.9381563158571082,1.9550290274024194,2.9420413455080374,runs/pivot/hrf/seed0/cfloss/pred_fid/bio.csv,"results/pivot/bio_master.csv (source=gt, split=test)",results/gateA_biomarker_scales_train.csv
hrf,hrf,cfloss,1,fid,tortuosity,pvbm,30,0.0023668667109986,0.7737438252756236,0.7081201334816463,-2.820761549001762,1.907272748453632,2.8215420951401935,runs/pivot/hrf/seed1/cfloss/pred_fid/bio.csv,"results/pivot/bio_master.csv (source=gt, split=test)",results/gateA_biomarker_scales_train.csv
hrf,hrf,cfloss,2,fid,tortuosity,pvbm,30,0.0023668667109986,0.791355363321891,0.6992213570634038,-2.7470195126396697,1.9510100962262564,2.7470195126396697,runs/pivot/hrf/seed2/cfloss/pred_fid/bio.csv,"results/pivot/bio_master.csv (source=gt, split=test)",results/gateA_biomarker_scales_train.csv
hrf,hrf,continued,0,fid,tortuosity,pvbm,30,0.0023668667109986,0.8127828271369595,0.7815350389321468,-2.6883041146231594,1.7578244497997833,2.6883041146231594,runs/pivot/hrf/seed0/continued/pred_fid/bio.csv,"results/pivot/bio_master.csv (source=gt, split=test)",results/gateA_biomarker_scales_train.csv
hrf,hrf,continued,1,fid,tortuosity,pvbm,30,0.0023668667109986,0.8144482698502603,0.7766407119021135,-2.8932203435046224,1.887183341360916,2.9000754093215844,runs/pivot/hrf/seed1/continued/pred_fid/bio.csv,"results/pivot/bio_master.csv (source=gt, split=test)",results/gateA_biomarker_scales_train.csv
hrf,hrf,continued,2,fid,tortuosity,pvbm,30,0.0023668667109986,0.8034684450494904,0.7517241379310345,-2.795945187826895,1.9302345749610246,2.8252490451866925,runs/pivot/hrf/seed2/continued/pred_fid/bio.csv,"results/pivot/bio_master.csv (source=gt, split=test)",results/gateA_biomarker_scales_train.csv
hrf,hrf,reliseg,0,fid,tortuosity,pvbm,30,0.0023668667109986,0.5443924042610268,0.37664071190211346,1.8664102473954587,2.6927585644085466,2.7405549871907717,runs/pivot/hrf/seed0/reliseg/pred_fid/bio.csv,"results/pivot/bio_master.csv (source=gt, split=test)",results/gateA_biomarker_scales_train.csv
hrf,hrf,reliseg,1,fid,tortuosity,pvbm,30,0.0023668667109986,0.8143240618747843,0.7739710789766406,-2.319150166244454,1.7897229156493037,2.3201344244724473,runs/pivot/hrf/seed1/reliseg/pred_fid/bio.csv,"results/pivot/bio_master.csv (source=gt, split=test)",results/gateA_biomarker_scales_train.csv
hrf,hrf,reliseg,2,fid,tortuosity,pvbm,30,0.0023668667109986,0.7620405715105065,0.7054505005561735,-0.9128228343746897,1.9412671941103248,1.5035068630952035,runs/pivot/hrf/seed2/reliseg/pred_fid/bio.csv,"results/pivot/bio_master.csv (source=gt, split=test)",results/gateA_biomarker_scales_train.csv
hrf,hrf,reliseg_nocl,0,fid,tortuosity,pvbm,30,0.0023668667109986,0.7884582397379638,0.7526140155728587,-2.3009199548322643,1.9153100849280755,2.3958652262919258,runs/pivot/hrf/seed0/reliseg_nocl/pred_fid/bio.csv,"results/pivot/bio_master.csv (source=gt, split=test)",results/gateA_biomarker_scales_train.csv
hrf,hrf,reliseg_nocl,1,fid,tortuosity,pvbm,30,0.0023668667109986,0.7634572595661028,0.7085650723025584,-2.322781999516488,1.9196184200857849,2.3873574284012573,runs/pivot/hrf/seed1/reliseg_nocl/pred_fid/bio.csv,"results/pivot/bio_master.csv (source=gt, split=test)",results/gateA_biomarker_scales_train.csv
hrf,hrf,reliseg_nocl,2,fid,tortuosity,pvbm,30,0.0023668667109986,0.7710963201313631,0.7348164627363738,-2.309804328559142,1.8985817083294594,2.309804328559142,runs/pivot/hrf/seed2/reliseg_nocl/pred_fid/bio.csv,"results/pivot/bio_master.csv (source=gt, split=test)",results/gateA_biomarker_scales_train.csv
hrf,hrf,abl_cf_matched,0,fid,tortuosity,skan,30,0.0058124661067053,0.6814062576800354,0.8696329254727476,-2.162059938121167,2.7911123755590332,2.196306993095999,runs/pivot/hrf/seed0/abl_cf_matched/pred_fid/bio.csv,"results/pivot/bio_master.csv (source=gt, split=test)",results/gateA_biomarker_scales_train.csv
hrf,hrf,abl_cf_on_base,0,fid,tortuosity,skan,30,0.0058124661067053,0.6347046890053002,0.8068965517241379,-2.1751991800410293,2.906656657572122,2.197764429443219,runs/pivot/hrf/seed0/abl_cf_on_base/pred_fid/bio.csv,"results/pivot/bio_master.csv (source=gt, split=test)",results/gateA_biomarker_scales_train.csv
hrf,hrf,abl_density_only,0,fid,tortuosity,skan,30,0.0058124661067053,0.70307496235342,0.8731924360400445,-2.1589212682869934,2.7395940203549696,2.191223388377951,runs/pivot/hrf/seed0/abl_density_only/pred_fid/bio.csv,"results/pivot/bio_master.csv (source=gt, split=test)",results/gateA_biomarker_scales_train.csv
hrf,hrf,abl_fd_only,0,fid,tortuosity,skan,30,0.0058124661067053,0.6781636648924212,0.8371523915461624,-2.1313470266109547,2.802877174222264,2.191740519369164,runs/pivot/hrf/seed0/abl_fd_only/pred_fid/bio.csv,"results/pivot/bio_master.csv (source=gt, split=test)",results/gateA_biomarker_scales_train.csv
hrf,hrf,abl_fixed_ladder,0,fid,tortuosity,skan,30,0.0058124661067053,0.6828137329167185,0.6698553948832036,0.5375996221103022,2.7317962969993608,1.996989279141746,runs/pivot/hrf/seed0/abl_fixed_ladder/pred_fid/bio.csv,"results/pivot/bio_master.csv (source=gt, split=test)",results/gateA_biomarker_scales_train.csv
hrf,hrf,abl_length_only,0,fid,tortuosity,skan,30,0.0058124661067053,0.675615985458306,0.8011123470522803,-1.563213197124974,2.8353993087052785,1.7575133208369733,runs/pivot/hrf/seed0/abl_length_only/pred_fid/bio.csv,"results/pivot/bio_master.csv (source=gt, split=test)",results/gateA_biomarker_scales_train.csv
hrf,hrf,abl_no_density,0,fid,tortuosity,skan,30,0.0058124661067053,0.660256328684992,0.7098998887652946,-0.5752460358787962,2.8971175977644856,1.7895354777836374,runs/pivot/hrf/seed0/abl_no_density/pred_fid/bio.csv,"results/pivot/bio_master.csv (source=gt, split=test)",results/gateA_biomarker_scales_train.csv
hrf,hrf,abl_no_fd,0,fid,tortuosity,skan,30,0.0058124661067053,0.7659540294862268,0.8923248053392657,-0.9011107030111714,2.5492856704307942,1.448257158781309,runs/pivot/hrf/seed0/abl_no_fd/pred_fid/bio.csv,"results/pivot/bio_master.csv (source=gt, split=test)",results/gateA_biomarker_scales_train.csv
hrf,hrf,abl_no_length,0,fid,tortuosity,skan,30,0.0058124661067053,0.6878278216367559,0.8424916573971077,-2.3126965274377724,2.799417696140482,2.3126965274377724,runs/pivot/hrf/seed0/abl_no_length/pred_fid/bio.csv,"results/pivot/bio_master.csv (source=gt, split=test)",results/gateA_biomarker_scales_train.csv
hrf,hrf,cfloss,0,fid,tortuosity,skan,30,0.0058124661067053,0.6878278216367559,0.8424916573971077,-2.3126965274377724,2.799417696140482,2.3126965274377724,runs/pivot/hrf/seed0/cfloss/pred_fid/bio.csv,"results/pivot/bio_master.csv (source=gt, split=test)",results/gateA_biomarker_scales_train.csv
hrf,hrf,cfloss,1,fid,tortuosity,skan,30,0.0058124661067053,0.6298485332475323,0.796662958843159,-1.9035913185027178,2.904209712739238,2.251589237377529,runs/pivot/hrf/seed1/cfloss/pred_fid/bio.csv,"results/pivot/bio_master.csv (source=gt, split=test)",results/gateA_biomarker_scales_train.csv
hrf,hrf,cfloss,2,fid,tortuosity,skan,30,0.0058124661067053,0.8247133152921255,0.889210233592881,-2.0586064290820416,2.4569597105910876,2.0586064290820416,runs/pivot/hrf/seed2/cfloss/pred_fid/bio.csv,"results/pivot/bio_master.csv (source=gt, split=test)",results/gateA_biomarker_scales_train.csv
hrf,hrf,continued,0,fid,tortuosity,skan,30,0.0058124661067053,0.698821268691918,0.8593993325917685,-2.258026228129568,2.7738925574903233,2.2744458383558848,runs/pivot/hrf/seed0/continued/pred_fid/bio.csv,"results/pivot/bio_master.csv (source=gt, split=test)",results/gateA_biomarker_scales_train.csv
hrf,hrf,continued,1,fid,tortuosity,skan,30,0.0058124661067053,0.7411931924880003,0.9003337041156841,-2.2912137236171204,2.6897932696548184,2.2912137236171204,runs/pivot/hrf/seed1/continued/pred_fid/bio.csv,"results/pivot/bio_master.csv (source=gt, split=test)",results/gateA_biomarker_scales_train.csv
hrf,hrf,continued,2,fid,tortuosity,skan,30,0.0058124661067053,0.7177793134774707,0.892769744160178,-2.2437621440816202,2.782876600264433,2.2437621440816202,runs/pivot/hrf/seed2/continued/pred_fid/bio.csv,"results/pivot/bio_master.csv (source=gt, split=test)",results/gateA_biomarker_scales_train.csv
hrf,hrf,reliseg,0,fid,tortuosity,skan,30,0.0058124661067053,0.7323521573028473,0.8522803114571746,-0.6955552732338622,2.679424778423025,1.5199075355827047,runs/pivot/hrf/seed0/reliseg/pred_fid/bio.csv,"results/pivot/bio_master.csv (source=gt, split=test)",results/gateA_biomarker_scales_train.csv
hrf,hrf,reliseg,1,fid,tortuosity,skan,30,0.0058124661067053,0.8199622674165773,0.9016685205784205,-1.8030392092781005,2.460396012238337,1.8777401635457953,runs/pivot/hrf/seed1/reliseg/pred_fid/bio.csv,"results/pivot/bio_master.csv (source=gt, split=test)",results/gateA_biomarker_scales_train.csv
hrf,hrf,reliseg,2,fid,tortuosity,skan,30,0.0058124661067053,0.6520908406951686,0.8371523915461624,-1.2531256152199461,2.8855218885860094,1.7757115807086956,runs/pivot/hrf/seed2/reliseg/pred_fid/bio.csv,"results/pivot/bio_master.csv (source=gt, split=test)",results/gateA_biomarker_scales_train.csv
hrf,hrf,reliseg_nocl,0,fid,tortuosity,skan,30,0.0058124661067053,0.7513826533371006,0.8589543937708565,-1.8545332699753445,2.6351967010888067,1.9330088812382515,runs/pivot/hrf/seed0/reliseg_nocl/pred_fid/bio.csv,"results/pivot/bio_master.csv (source=gt, split=test)",results/gateA_biomarker_scales_train.csv
hrf,hrf,reliseg_nocl,1,fid,tortuosity,skan,30,0.0058124661067053,0.7702422078385043,0.8843159065628475,-1.9856784577304014,2.637722205933634,2.040371102880625,runs/pivot/hrf/seed1/reliseg_nocl/pred_fid/bio.csv,"results/pivot/bio_master.csv (source=gt, split=test)",results/gateA_biomarker_scales_train.csv
hrf,hrf,reliseg_nocl,2,fid,tortuosity,skan,30,0.0058124661067053,0.793813742409497,0.8714126807563959,-1.974179770225592,2.569365951419559,2.0634020605476344,runs/pivot/hrf/seed2/reliseg_nocl/pred_fid/bio.csv,"results/pivot/bio_master.csv (source=gt, split=test)",results/gateA_biomarker_scales_train.csv
hrf,hrf,abl_cf_matched,0,fid,density,pvbm,30,0.0156452398763284,0.649504839340275,0.6596218020022246,0.29603737776292266,0.6777279120854898,0.5958047554781134,runs/pivot/hrf/seed0/abl_cf_matched/pred_fid/bio.csv,"results/pivot/bio_master.csv (source=gt, split=test)",results/gateA_biomarker_scales_train.csv
hrf,hrf,abl_cf_on_base,0,fid,density,pvbm,30,0.0156452398763284,0.664025171139265,0.6947719688542825,0.48670051780308204,0.6661573645156696,0.6910405570722606,runs/pivot/hrf/seed0/abl_cf_on_base/pred_fid/bio.csv,"results/pivot/bio_master.csv (source=gt, split=test)",results/gateA_biomarker_scales_train.csv
hrf,hrf,abl_density_only,0,fid,density,pvbm,30,0.0156452398763284,0.6140714618034464,0.6569521690767519,0.4426813766742983,0.7082695541988201,0.7106609770430584,runs/pivot/hrf/seed0/abl_density_only/pred_fid/bio.csv,"results/pivot/bio_master.csv (source=gt, split=test)",results/gateA_biomarker_scales_train.csv
hrf,hrf,abl_fd_only,0,fid,density,pvbm,30,0.0156452398763284,0.6368378638679443,0.6444938820912125,0.4203544157585464,0.6820831844525372,0.6639904426799712,runs/pivot/hrf/seed0/abl_fd_only/pred_fid/bio.csv,"results/pivot/bio_master.csv (source=gt, split=test)",results/gateA_biomarker_scales_train.csv
hrf,hrf,abl_fixed_ladder,0,fid,density,pvbm,30,0.0156452398763284,0.6391332222012162,0.6533926585094549,0.18462352695654488,0.6787134436102312,0.5716100580309398,runs/pivot/hrf/seed0/abl_fixed_ladder/pred_fid/bio.csv,"results/pivot/bio_master.csv (source=gt, split=test)",results/gateA_biomarker_scales_train.csv
hrf,hrf,abl_length_only,0,fid,density,pvbm,30,0.0156452398763284,0.6587171361192568,0.6378197997775306,0.5831499110675493,0.6625997180497089,0.7650964791430771,runs/pivot/hrf/seed0/abl_length_only/pred_fid/bio.csv,"results/pivot/bio_master.csv (source=gt, split=test)",results/gateA_biomarker_scales_train.csv
hrf,hrf,abl_no_density,0,fid,density,pvbm,30,0.0156452398763284,0.6447178761448913,0.6471635150166852,0.5135955415622718,0.6723230938248643,0.7251418315545897,runs/pivot/hrf/seed0/abl_no_density/pred_fid/bio.csv,"results/pivot/bio_master.csv (source=gt, split=test)",results/gateA_biomarker_scales_train.csv
hrf,hrf,abl_no_fd,0,fid,density,pvbm,30,0.0156452398763284,0.6490475266279576,0.6551724137931034,0.18084919043910178,0.6742608871535561,0.5660163291101991,runs/pivot/hrf/seed0/abl_no_fd/pred_fid/bio.csv,"results/pivot/bio_master.csv (source=gt, split=test)",results/gateA_biomarker_scales_train.csv
hrf,hrf,abl_no_length,0,fid,density,pvbm,30,0.0156452398763284,0.6583700437366033,0.6738598442714127,0.4306561986443841,0.6801764562227076,0.6590307686298574,runs/pivot/hrf/seed0/abl_no_length/pred_fid/bio.csv,"results/pivot/bio_master.csv (source=gt, split=test)",results/gateA_biomarker_scales_train.csv
hrf,hrf,cfloss,0,fid,density,pvbm,30,0.0156452398763284,0.6583700437366033,0.6738598442714127,0.4306561986443841,0.6801764562227076,0.6590307686298574,runs/pivot/hrf/seed0/cfloss/pred_fid/bio.csv,"results/pivot/bio_master.csv (source=gt, split=test)",results/gateA_biomarker_scales_train.csv
hrf,hrf,cfloss,1,fid,density,pvbm,30,0.0156452398763284,0.6140675328339398,0.5946607341490544,0.14600488207139603,0.7069048847836288,0.5873825690138819,runs/pivot/hrf/seed1/cfloss/pred_fid/bio.csv,"results/pivot/bio_master.csv (source=gt, split=test)",results/gateA_biomarker_scales_train.csv
hrf,hrf,cfloss,2,fid,density,pvbm,30,0.0156452398763284,0.6152155559596723,0.649833147942158,0.2583249012599448,0.7081465393946946,0.6461076548873893,runs/pivot/hrf/seed2/cfloss/pred_fid/bio.csv,"results/pivot/bio_master.csv (source=gt, split=test)",results/gateA_biomarker_scales_train.csv
hrf,hrf,continued,0,fid,density,pvbm,30,0.0156452398763284,0.6336928486355619,0.6462736373748609,0.5299474077420855,0.6841997878886029,0.7357895587608492,runs/pivot/hrf/seed0/continued/pred_fid/bio.csv,"results/pivot/bio_master.csv (source=gt, split=test)",results/gateA_biomarker_scales_train.csv
hrf,hrf,continued,1,fid,density,pvbm,30,0.0156452398763284,0.6432316596830034,0.6502780867630701,0.40503631744927654,0.6942455215085915,0.6647527830646035,runs/pivot/hrf/seed1/continued/pred_fid/bio.csv,"results/pivot/bio_master.csv (source=gt, split=test)",results/gateA_biomarker_scales_train.csv
hrf,hrf,continued,2,fid,density,pvbm,30,0.0156452398763284,0.6070190077330978,0.6627363737486095,0.23857943375593563,0.7160832407569465,0.640909497281735,runs/pivot/hrf/seed2/continued/pred_fid/bio.csv,"results/pivot/bio_master.csv (source=gt, split=test)",results/gateA_biomarker_scales_train.csv
hrf,hrf,reliseg,0,fid,density,pvbm,30,0.0156452398763284,0.6340850502966104,0.6565072302558399,0.3910946064408686,0.6886026920615618,0.6798062062650743,runs/pivot/hrf/seed0/reliseg/pred_fid/bio.csv,"results/pivot/bio_master.csv (source=gt, split=test)",results/gateA_biomarker_scales_train.csv
hrf,hrf,reliseg,1,fid,density,pvbm,30,0.0156452398763284,0.6523471405976207,0.6302558398220245,0.20884409216274583,0.6893276360737381,0.5981157375834408,runs/pivot/hrf/seed1/reliseg/pred_fid/bio.csv,"results/pivot/bio_master.csv (source=gt, split=test)",results/gateA_biomarker_scales_train.csv
hrf,hrf,reliseg,2,fid,density,pvbm,30,0.0156452398763284,0.6310409904604437,0.6654060066740823,0.2690062479370885,0.7131073488303676,0.6506039087488275,runs/pivot/hrf/seed2/reliseg/pred_fid/bio.csv,"results/pivot/bio_master.csv (source=gt, split=test)",results/gateA_biomarker_scales_train.csv
hrf,hrf,reliseg_nocl,0,fid,density,pvbm,30,0.0156452398763284,0.6212108785584959,0.6347052280311457,0.38077898395198584,0.701703522002642,0.6673722439758764,runs/pivot/hrf/seed0/reliseg_nocl/pred_fid/bio.csv,"results/pivot/bio_master.csv (source=gt, split=test)",results/gateA_biomarker_scales_train.csv
hrf,hrf,reliseg_nocl,1,fid,density,pvbm,30,0.0156452398763284,0.6336175074688336,0.6409343715239153,0.05920487386433169,0.7004919479090321,0.567632374643922,runs/pivot/hrf/seed1/reliseg_nocl/pred_fid/bio.csv,"results/pivot/bio_master.csv (source=gt, split=test)",results/gateA_biomarker_scales_train.csv
hrf,hrf,reliseg_nocl,2,fid,density,pvbm,30,0.0156452398763284,0.6175447689343933,0.6649610678531702,0.12083992768077674,0.7238048811016352,0.626913945503022,runs/pivot/hrf/seed2/reliseg_nocl/pred_fid/bio.csv,"results/pivot/bio_master.csv (source=gt, split=test)",results/gateA_biomarker_scales_train.csv
hrf,hrf,abl_cf_matched,0,fid,density,skan,30,0.0156452398763284,0.649504839340275,0.6596218020022246,0.29603737776292266,0.6777279120854898,0.5958047554781134,runs/pivot/hrf/seed0/abl_cf_matched/pred_fid/bio.csv,"results/pivot/bio_master.csv (source=gt, split=test)",results/gateA_biomarker_scales_train.csv
hrf,hrf,abl_cf_on_base,0,fid,density,skan,30,0.0156452398763284,0.664025171139265,0.6947719688542825,0.48670051780308204,0.6661573645156696,0.6910405570722606,runs/pivot/hrf/seed0/abl_cf_on_base/pred_fid/bio.csv,"results/pivot/bio_master.csv (source=gt, split=test)",results/gateA_biomarker_scales_train.csv
hrf,hrf,abl_density_only,0,fid,density,skan,30,0.0156452398763284,0.6140714618034464,0.6569521690767519,0.4426813766742983,0.7082695541988201,0.7106609770430584,runs/pivot/hrf/seed0/abl_density_only/pred_fid/bio.csv,"results/pivot/bio_master.csv (source=gt, split=test)",results/gateA_biomarker_scales_train.csv
hrf,hrf,abl_fd_only,0,fid,density,skan,30,0.0156452398763284,0.6368378638679443,0.6444938820912125,0.4203544157585464,0.6820831844525372,0.6639904426799712,runs/pivot/hrf/seed0/abl_fd_only/pred_fid/bio.csv,"results/pivot/bio_master.csv (source=gt, split=test)",results/gateA_biomarker_scales_train.csv
hrf,hrf,abl_fixed_ladder,0,fid,density,skan,30,0.0156452398763284,0.6391332222012162,0.6533926585094549,0.18462352695654488,0.6787134436102312,0.5716100580309398,runs/pivot/hrf/seed0/abl_fixed_ladder/pred_fid/bio.csv,"results/pivot/bio_master.csv (source=gt, split=test)",results/gateA_biomarker_scales_train.csv
hrf,hrf,abl_length_only,0,fid,density,skan,30,0.0156452398763284,0.6587171361192568,0.6378197997775306,0.5831499110675493,0.6625997180497089,0.7650964791430771,runs/pivot/hrf/seed0/abl_length_only/pred_fid/bio.csv,"results/pivot/bio_master.csv (source=gt, split=test)",results/gateA_biomarker_scales_train.csv
hrf,hrf,abl_no_density,0,fid,density,skan,30,0.0156452398763284,0.6447178761448913,0.6471635150166852,0.5135955415622718,0.6723230938248643,0.7251418315545897,runs/pivot/hrf/seed0/abl_no_density/pred_fid/bio.csv,"results/pivot/bio_master.csv (source=gt, split=test)",results/gateA_biomarker_scales_train.csv
hrf,hrf,abl_no_fd,0,fid,density,skan,30,0.0156452398763284,0.6490475266279576,0.6551724137931034,0.18084919043910178,0.6742608871535561,0.5660163291101991,runs/pivot/hrf/seed0/abl_no_fd/pred_fid/bio.csv,"results/pivot/bio_master.csv (source=gt, split=test)",results/gateA_biomarker_scales_train.csv
hrf,hrf,abl_no_length,0,fid,density,skan,30,0.0156452398763284,0.6583700437366033,0.6738598442714127,0.4306561986443841,0.6801764562227076,0.6590307686298574,runs/pivot/hrf/seed0/abl_no_length/pred_fid/bio.csv,"results/pivot/bio_master.csv (source=gt, split=test)",results/gateA_biomarker_scales_train.csv
hrf,hrf,cfloss,0,fid,density,skan,30,0.0156452398763284,0.6583700437366033,0.6738598442714127,0.4306561986443841,0.6801764562227076,0.6590307686298574,runs/pivot/hrf/seed0/cfloss/pred_fid/bio.csv,"results/pivot/bio_master.csv (source=gt, split=test)",results/gateA_biomarker_scales_train.csv
hrf,hrf,cfloss,1,fid,density,skan,30,0.0156452398763284,0.6140675328339398,0.5946607341490544,0.14600488207139603,0.7069048847836288,0.5873825690138819,runs/pivot/hrf/seed1/cfloss/pred_fid/bio.csv,"results/pivot/bio_master.csv (source=gt, split=test)",results/gateA_biomarker_scales_train.csv
hrf,hrf,cfloss,2,fid,density,skan,30,0.0156452398763284,0.6152155559596723,0.649833147942158,0.2583249012599448,0.7081465393946946,0.6461076548873893,runs/pivot/hrf/seed2/cfloss/pred_fid/bio.csv,"results/pivot/bio_master.csv (source=gt, split=test)",results/gateA_biomarker_scales_train.csv
hrf,hrf,continued,0,fid,density,skan,30,0.0156452398763284,0.6336928486355619,0.6462736373748609,0.5299474077420855,0.6841997878886029,0.7357895587608492,runs/pivot/hrf/seed0/continued/pred_fid/bio.csv,"results/pivot/bio_master.csv (source=gt, split=test)",results/gateA_biomarker_scales_train.csv
hrf,hrf,continued,1,fid,density,skan,30,0.0156452398763284,0.6432316596830034,0.6502780867630701,0.40503631744927654,0.6942455215085915,0.6647527830646035,runs/pivot/hrf/seed1/continued/pred_fid/bio.csv,"results/pivot/bio_master.csv (source=gt, split=test)",results/gateA_biomarker_scales_train.csv
hrf,hrf,continued,2,fid,density,skan,30,0.0156452398763284,0.6070190077330978,0.6627363737486095,0.23857943375593563,0.7160832407569465,0.640909497281735,runs/pivot/hrf/seed2/continued/pred_fid/bio.csv,"results/pivot/bio_master.csv (source=gt, split=test)",results/gateA_biomarker_scales_train.csv
hrf,hrf,reliseg,0,fid,density,skan,30,0.0156452398763284,0.6340850502966104,0.6565072302558399,0.3910946064408686,0.6886026920615618,0.6798062062650743,runs/pivot/hrf/seed0/reliseg/pred_fid/bio.csv,"results/pivot/bio_master.csv (source=gt, split=test)",results/gateA_biomarker_scales_train.csv
hrf,hrf,reliseg,1,fid,density,skan,30,0.0156452398763284,0.6523471405976207,0.6302558398220245,0.20884409216274583,0.6893276360737381,0.5981157375834408,runs/pivot/hrf/seed1/reliseg/pred_fid/bio.csv,"results/pivot/bio_master.csv (source=gt, split=test)",results/gateA_biomarker_scales_train.csv
hrf,hrf,reliseg,2,fid,density,skan,30,0.0156452398763284,0.6310409904604437,0.6654060066740823,0.2690062479370885,0.7131073488303676,0.6506039087488275,runs/pivot/hrf/seed2/reliseg/pred_fid/bio.csv,"results/pivot/bio_master.csv (source=gt, split=test)",results/gateA_biomarker_scales_train.csv
hrf,hrf,reliseg_nocl,0,fid,density,skan,30,0.0156452398763284,0.6212108785584959,0.6347052280311457,0.38077898395198584,0.701703522002642,0.6673722439758764,runs/pivot/hrf/seed0/reliseg_nocl/pred_fid/bio.csv,"results/pivot/bio_master.csv (source=gt, split=test)",results/gateA_biomarker_scales_train.csv
hrf,hrf,reliseg_nocl,1,fid,density,skan,30,0.0156452398763284,0.6336175074688336,0.6409343715239153,0.05920487386433169,0.7004919479090321,0.567632374643922,runs/pivot/hrf/seed1/reliseg_nocl/pred_fid/bio.csv,"results/pivot/bio_master.csv (source=gt, split=test)",results/gateA_biomarker_scales_train.csv
hrf,hrf,reliseg_nocl,2,fid,density,skan,30,0.0156452398763284,0.6175447689343933,0.6649610678531702,0.12083992768077674,0.7238048811016352,0.626913945503022,runs/pivot/hrf/seed2/reliseg_nocl/pred_fid/bio.csv,"results/pivot/bio_master.csv (source=gt, split=test)",results/gateA_biomarker_scales_train.csv
hrf,hrf,abl_cf_matched,0,fid,total_length,pvbm,30,4491.472519245984,0.29981009857708585,0.27252502780867627,-3.2491037104265095,1.8038363173713092,3.2704473599583417,runs/pivot/hrf/seed0/abl_cf_matched/pred_fid/bio.csv,"results/pivot/bio_master.csv (source=gt, split=test)",results/gateA_biomarker_scales_train.csv
hrf,hrf,abl_cf_on_base,0,fid,total_length,pvbm,30,4491.472519245984,0.30627768269512007,0.3032258064516129,-3.0137723136633197,1.8023251078845484,3.073086161398973,runs/pivot/hrf/seed0/abl_cf_on_base/pred_fid/bio.csv,"results/pivot/bio_master.csv (source=gt, split=test)",results/gateA_biomarker_scales_train.csv
hrf,hrf,abl_density_only,0,fid,total_length,pvbm,30,4491.472519245984,0.3092750192565745,0.2849833147942158,-3.108177452724262,1.781296233389992,3.1378538410720207,runs/pivot/hrf/seed0/abl_density_only/pred_fid/bio.csv,"results/pivot/bio_master.csv (source=gt, split=test)",results/gateA_biomarker_scales_train.csv
hrf,hrf,abl_fd_only,0,fid,total_length,pvbm,30,4491.472519245984,0.35305521357900677,0.349944382647386,-2.9198492146834294,1.7146980082547647,2.963045056956276,runs/pivot/hrf/seed0/abl_fd_only/pred_fid/bio.csv,"results/pivot/bio_master.csv (source=gt, split=test)",results/gateA_biomarker_scales_train.csv
hrf,hrf,abl_fixed_ladder,0,fid,total_length,pvbm,30,4491.472519245984,0.303967587200708,0.32013348164627364,-2.7744798356406766,1.8391774259125198,2.8685423935464884,runs/pivot/hrf/seed0/abl_fixed_ladder/pred_fid/bio.csv,"results/pivot/bio_master.csv (source=gt, split=test)",results/gateA_biomarker_scales_train.csv
hrf,hrf,abl_length_only,0,fid,total_length,pvbm,30,4491.472519245984,0.32975178803892746,0.2836484983314794,-2.4479222129389786,1.767958709247055,2.584088220753487,runs/pivot/hrf/seed0/abl_length_only/pred_fid/bio.csv,"results/pivot/bio_master.csv (source=gt, split=test)",results/gateA_biomarker_scales_train.csv
hrf,hrf,abl_no_density,0,fid,total_length,pvbm,30,4491.472519245984,0.35598339482263736,0.32769744160177977,-2.3109194681983736,1.7139725191251562,2.451782158874354,runs/pivot/hrf/seed0/abl_no_density/pred_fid/bio.csv,"results/pivot/bio_master.csv (source=gt, split=test)",results/gateA_biomarker_scales_train.csv
hrf,hrf,abl_no_fd,0,fid,total_length,pvbm,30,4491.472519245984,0.2359271083112972,0.19955506117908786,-2.9790057874354186,1.942369573685072,3.047830361779386,runs/pivot/hrf/seed0/abl_no_fd/pred_fid/bio.csv,"results/pivot/bio_master.csv (source=gt, split=test)",results/gateA_biomarker_scales_train.csv
hrf,hrf,abl_no_length,0,fid,total_length,pvbm,30,4491.472519245984,0.24298255869436694,0.2186874304783092,-3.09563498297881,1.9315914667960763,3.198720853358258,runs/pivot/hrf/seed0/abl_no_length/pred_fid/bio.csv,"results/pivot/bio_master.csv (source=gt, split=test)",results/gateA_biomarker_scales_train.csv
hrf,hrf,cfloss,0,fid,total_length,pvbm,30,4491.472519245984,0.24298255869436694,0.2186874304783092,-3.09563498297881,1.9315914667960763,3.198720853358258,runs/pivot/hrf/seed0/cfloss/pred_fid/bio.csv,"results/pivot/bio_master.csv (source=gt, split=test)",results/gateA_biomarker_scales_train.csv
hrf,hrf,cfloss,1,fid,total_length,pvbm,30,4491.472519245984,0.2955363488023452,0.2867630700778643,-3.6462769691260304,1.8805543598171754,3.6462769691260304,runs/pivot/hrf/seed1/cfloss/pred_fid/bio.csv,"results/pivot/bio_master.csv (source=gt, split=test)",results/gateA_biomarker_scales_train.csv
hrf,hrf,cfloss,2,fid,total_length,pvbm,30,4491.472519245984,0.2697695711246856,0.2832035595105673,-3.5890635636169015,1.9823717299475658,3.5940281464958495,runs/pivot/hrf/seed2/cfloss/pred_fid/bio.csv,"results/pivot/bio_master.csv (source=gt, split=test)",results/gateA_biomarker_scales_train.csv
hrf,hrf,continued,0,fid,total_length,pvbm,30,4491.472519245984,0.36444518125882086,0.3512791991101224,-3.020570258509599,1.7050302431238582,3.0474587642980255,runs/pivot/hrf/seed0/continued/pred_fid/bio.csv,"results/pivot/bio_master.csv (source=gt, split=test)",results/gateA_biomarker_scales_train.csv
hrf,hrf,continued,1,fid,total_length,pvbm,30,4491.472519245984,0.2755723363533326,0.2342602892102336,-3.0258469164440944,1.875652472348001,3.07546168864577,runs/pivot/hrf/seed1/continued/pred_fid/bio.csv,"results/pivot/bio_master.csv (source=gt, split=test)",results/gateA_biomarker_scales_train.csv
hrf,hrf,continued,2,fid,total_length,pvbm,30,4491.472519245984,0.27006644538937835,0.2876529477196885,-3.4280904802220005,1.9204953159315432,3.4670541809868434,runs/pivot/hrf/seed2/continued/pred_fid/bio.csv,"results/pivot/bio_master.csv (source=gt, split=test)",results/gateA_biomarker_scales_train.csv
hrf,hrf,reliseg,0,fid,total_length,pvbm,30,4491.472519245984,0.2636907368380004,0.24671857619577306,-2.632220841979908,1.9155635208893549,2.7745365924170615,runs/pivot/hrf/seed0/reliseg/pred_fid/bio.csv,"results/pivot/bio_master.csv (source=gt, split=test)",results/gateA_biomarker_scales_train.csv
hrf,hrf,reliseg,1,fid,total_length,pvbm,30,4491.472519245984,0.22188846483320054,0.20800889877641823,-2.7455722677781633,2.0233183744371668,2.8628196286148877,runs/pivot/hrf/seed1/reliseg/pred_fid/bio.csv,"results/pivot/bio_master.csv (source=gt, split=test)",results/gateA_biomarker_scales_train.csv
hrf,hrf,reliseg,2,fid,total_length,pvbm,30,4491.472519245984,0.18990164350668604,0.21913236929922134,-2.7250421579836157,2.09675717538324,2.9269217462352493,runs/pivot/hrf/seed2/reliseg/pred_fid/bio.csv,"results/pivot/bio_master.csv (source=gt, split=test)",results/gateA_biomarker_scales_train.csv
hrf,hrf,reliseg_nocl,0,fid,total_length,pvbm,30,4491.472519245984,0.32864850485775043,0.33659621802002226,-2.5094069712375333,1.8252286106288163,2.6806716483912174,runs/pivot/hrf/seed0/reliseg_nocl/pred_fid/bio.csv,"results/pivot/bio_master.csv (source=gt, split=test)",results/gateA_biomarker_scales_train.csv
hrf,hrf,reliseg_nocl,1,fid,total_length,pvbm,30,4491.472519245984,0.2313624576246204,0.23781979977753054,-3.046345562931791,2.0590080419284305,3.1085887574056676,runs/pivot/hrf/seed1/reliseg_nocl/pred_fid/bio.csv,"results/pivot/bio_master.csv (source=gt, split=test)",results/gateA_biomarker_scales_train.csv
hrf,hrf,reliseg_nocl,2,fid,total_length,pvbm,30,4491.472519245984,0.17587323858493545,0.20355951056729701,-2.8498548210169568,2.1723249086723686,3.026561945623187,runs/pivot/hrf/seed2/reliseg_nocl/pred_fid/bio.csv,"results/pivot/bio_master.csv (source=gt, split=test)",results/gateA_biomarker_scales_train.csv
hrf,hrf,abl_cf_matched,0,fid,total_length,skan,30,6456.941750506251,0.3421502601151187,0.33793103448275863,-1.9596932413255896,1.2286451553758129,2.0125926525702593,runs/pivot/hrf/seed0/abl_cf_matched/pred_fid/bio.csv,"results/pivot/bio_master.csv (source=gt, split=test)",results/gateA_biomarker_scales_train.csv
hrf,hrf,abl_cf_on_base,0,fid,total_length,skan,30,6456.941750506251,0.37697412629244065,0.35350389321468295,-1.7904759207564422,1.1943129556389083,1.8595240039266,runs/pivot/hrf/seed0/abl_cf_on_base/pred_fid/bio.csv,"results/pivot/bio_master.csv (source=gt, split=test)",results/gateA_biomarker_scales_train.csv
hrf,hrf,abl_density_only,0,fid,total_length,skan,30,6456.941750506251,0.3773614854295383,0.3352614015572859,-1.9016620602520815,1.193128527832388,1.9470566058968406,runs/pivot/hrf/seed0/abl_density_only/pred_fid/bio.csv,"results/pivot/bio_master.csv (source=gt, split=test)",results/gateA_biomarker_scales_train.csv
hrf,hrf,abl_fd_only,0,fid,total_length,skan,30,6456.941750506251,0.43327424888877514,0.403781979977753,-1.673615048117459,1.1402030333826993,1.7499089738993272,runs/pivot/hrf/seed0/abl_fd_only/pred_fid/bio.csv,"results/pivot/bio_master.csv (source=gt, split=test)",results/gateA_biomarker_scales_train.csv
hrf,hrf,abl_fixed_ladder,0,fid,total_length,skan,30,6456.941750506251,0.42299635595599216,0.38331479421579534,-1.0139085286877254,1.1362968453953488,1.3008719191142417,runs/pivot/hrf/seed0/abl_fixed_ladder/pred_fid/bio.csv,"results/pivot/bio_master.csv (source=gt, split=test)",results/gateA_biomarker_scales_train.csv
hrf,hrf,abl_length_only,0,fid,total_length,skan,30,6456.941750506251,0.45939318477415186,0.4211345939933259,-1.099435059599495,1.1068921969460044,1.3652909155278832,runs/pivot/hrf/seed0/abl_length_only/pred_fid/bio.csv,"results/pivot/bio_master.csv (source=gt, split=test)",results/gateA_biomarker_scales_train.csv
hrf,hrf,abl_no_density,0,fid,total_length,skan,30,6456.941750506251,0.5192619384789052,0.47452725250278077,-0.6789355021483331,1.0553936631647047,1.0723860741904365,runs/pivot/hrf/seed0/abl_no_density/pred_fid/bio.csv,"results/pivot/bio_master.csv (source=gt, split=test)",results/gateA_biomarker_scales_train.csv
hrf,hrf,abl_no_fd,0,fid,total_length,skan,30,6456.941750506251,0.3714201085115397,0.32502780867630704,-1.4197322320642969,1.1947557829617503,1.60766003381532,runs/pivot/hrf/seed0/abl_no_fd/pred_fid/bio.csv,"results/pivot/bio_master.csv (source=gt, split=test)",results/gateA_biomarker_scales_train.csv
hrf,hrf,abl_no_length,0,fid,total_length,skan,30,6456.941750506251,0.3054871842032425,0.3010011123470523,-1.7887443991246839,1.2889075682646718,1.9144810896874263,runs/pivot/hrf/seed0/abl_no_length/pred_fid/bio.csv,"results/pivot/bio_master.csv (source=gt, split=test)",results/gateA_biomarker_scales_train.csv
hrf,hrf,cfloss,0,fid,total_length,skan,30,6456.941750506251,0.3054871842032425,0.3010011123470523,-1.7887443991246839,1.2889075682646718,1.9144810896874263,runs/pivot/hrf/seed0/cfloss/pred_fid/bio.csv,"results/pivot/bio_master.csv (source=gt, split=test)",results/gateA_biomarker_scales_train.csv
hrf,hrf,cfloss,1,fid,total_length,skan,30,6456.941750506251,0.3578997570644362,0.31701890989988873,-2.225755548307966,1.2300115861406464,2.242680616530523,runs/pivot/hrf/seed1/cfloss/pred_fid/bio.csv,"results/pivot/bio_master.csv (source=gt, split=test)",results/gateA_biomarker_scales_train.csv
hrf,hrf,cfloss,2,fid,total_length,skan,30,6456.941750506251,0.30853404076572627,0.3121245828698554,-2.0951417336425204,1.2940665839415322,2.1506019178517324,runs/pivot/hrf/seed2/cfloss/pred_fid/bio.csv,"results/pivot/bio_master.csv (source=gt, split=test)",results/gateA_biomarker_scales_train.csv
hrf,hrf,continued,0,fid,total_length,skan,30,6456.941750506251,0.4263846100721352,0.4042269187986652,-1.8463540715091484,1.1425179633503695,1.8867568084325976,runs/pivot/hrf/seed0/continued/pred_fid/bio.csv,"results/pivot/bio_master.csv (source=gt, split=test)",results/gateA_biomarker_scales_train.csv
hrf,hrf,continued,1,fid,total_length,skan,30,6456.941750506251,0.341754660857406,0.2654060066740823,-1.8512621692603437,1.2422750036228543,1.911965761166165,runs/pivot/hrf/seed1/continued/pred_fid/bio.csv,"results/pivot/bio_master.csv (source=gt, split=test)",results/gateA_biomarker_scales_train.csv
hrf,hrf,continued,2,fid,total_length,skan,30,6456.941750506251,0.31758872801777166,0.28231368186874306,-2.078755425806795,1.2683272164361432,2.1331891776129313,runs/pivot/hrf/seed2/continued/pred_fid/bio.csv,"results/pivot/bio_master.csv (source=gt, split=test)",results/gateA_biomarker_scales_train.csv
hrf,hrf,reliseg,0,fid,total_length,skan,30,6456.941750506251,0.40904742892930385,0.36062291434927696,-1.060916337567742,1.1585086987262077,1.364514777212677,runs/pivot/hrf/seed0/reliseg/pred_fid/bio.csv,"results/pivot/bio_master.csv (source=gt, split=test)",results/gateA_biomarker_scales_train.csv
hrf,hrf,reliseg,1,fid,total_length,skan,30,6456.941750506251,0.3377421113303872,0.27474972191323693,-1.158254799248838,1.2257971632256375,1.4590144179292743,runs/pivot/hrf/seed1/reliseg/pred_fid/bio.csv,"results/pivot/bio_master.csv (source=gt, split=test)",results/gateA_biomarker_scales_train.csv
hrf,hrf,reliseg,2,fid,total_length,skan,30,6456.941750506251,0.32053138241225176,0.31568409343715237,-1.1797392496543764,1.2489480815397929,1.482537758958023,runs/pivot/hrf/seed2/reliseg/pred_fid/bio.csv,"results/pivot/bio_master.csv (source=gt, split=test)",results/gateA_biomarker_scales_train.csv
hrf,hrf,reliseg_nocl,0,fid,total_length,skan,30,6456.941750506251,0.4005258951454855,0.3352614015572859,-0.33225637696693416,1.2026801779697698,1.052590540672022,runs/pivot/hrf/seed0/reliseg_nocl/pred_fid/bio.csv,"results/pivot/bio_master.csv (source=gt, split=test)",results/gateA_biomarker_scales_train.csv
hrf,hrf,reliseg_nocl,1,fid,total_length,skan,30,6456.941750506251,0.35332375208435585,0.2863181312569522,-1.2372731499053535,1.2193946506139142,1.5022968905818845,runs/pivot/hrf/seed1/reliseg_nocl/pred_fid/bio.csv,"results/pivot/bio_master.csv (source=gt, split=test)",results/gateA_biomarker_scales_train.csv
hrf,hrf,reliseg_nocl,2,fid,total_length,skan,30,6456.941750506251,0.29829543192467184,0.28809788654060065,-0.9910872881059476,1.2679456070796518,1.3940188733198597,runs/pivot/hrf/seed2/reliseg_nocl/pred_fid/bio.csv,"results/pivot/bio_master.csv (source=gt, split=test)",results/gateA_biomarker_scales_train.csv
hrf,hrf,abl_cf_matched,0,last,FD,pvbm,30,0.0191265872248343,0.5163974424902611,0.45317018909899887,-1.1769840101770237,0.703608884957067,1.1802552595060718,runs/pivot/hrf/seed0/abl_cf_matched/pred/bio.csv,"results/pivot/bio_master.csv (source=gt, split=test)",results/gateA_biomarker_scales_train.csv
hrf,hrf,abl_cf_on_base,0,last,FD,pvbm,30,0.0191265872248343,0.5266754418070807,0.4780867630700778,-1.0504771034918403,0.6732784874253394,1.0603550404730686,runs/pivot/hrf/seed0/abl_cf_on_base/pred/bio.csv,"results/pivot/bio_master.csv (source=gt, split=test)",results/gateA_biomarker_scales_train.csv
hrf,hrf,abl_density_only,0,last,FD,pvbm,30,0.0191265872248343,0.5413861205938737,0.49365962180200224,-1.1632224125680442,0.6842321181821059,1.1673608819810022,runs/pivot/hrf/seed0/abl_density_only/pred/bio.csv,"results/pivot/bio_master.csv (source=gt, split=test)",results/gateA_biomarker_scales_train.csv
hrf,hrf,abl_fd_only,0,last,FD,pvbm,30,0.0191265872248343,0.5827080647833237,0.5403781979977753,-0.69277004048481,0.603803770472447,0.7583989182351771,runs/pivot/hrf/seed0/abl_fd_only/pred/bio.csv,"results/pivot/bio_master.csv (source=gt, split=test)",results/gateA_biomarker_scales_train.csv
hrf,hrf,abl_fixed_ladder,0,last,FD,pvbm,30,0.0191265872248343,0.5887839980643211,0.5563959955506118,-0.5509322429777354,0.5949677693451773,0.6905293563970589,runs/pivot/hrf/seed0/abl_fixed_ladder/pred/bio.csv,"results/pivot/bio_master.csv (source=gt, split=test)",results/gateA_biomarker_scales_train.csv
hrf,hrf,abl_length_only,0,last,FD,pvbm,30,0.0191265872248343,0.618561337488004,0.5942157953281423,-0.3189111702357082,0.5587818429713534,0.5503548324759,runs/pivot/hrf/seed0/abl_length_only/pred/bio.csv,"results/pivot/bio_master.csv (source=gt, split=test)",results/gateA_biomarker_scales_train.csv
hrf,hrf,abl_no_density,0,last,FD,pvbm,30,0.0191265872248343,0.628640401234256,0.5977753058954393,-0.2245779706022227,0.5525654466833883,0.5085048184184627,runs/pivot/hrf/seed0/abl_no_density/pred/bio.csv,"results/pivot/bio_master.csv (source=gt, split=test)",results/gateA_biomarker_scales_train.csv
hrf,hrf,abl_no_fd,0,last,FD,pvbm,30,0.0191265872248343,0.5734052022937697,0.5537263626251391,-0.5345273680276917,0.605757988699216,0.6886876839861781,runs/pivot/hrf/seed0/abl_no_fd/pred/bio.csv,"results/pivot/bio_master.csv (source=gt, split=test)",results/gateA_biomarker_scales_train.csv
hrf,hrf,abl_no_length,0,last,FD,pvbm,30,0.0191265872248343,0.5655832556122293,0.5381535038932147,-0.9942211468718335,0.6523582356648403,1.0091332827758903,runs/pivot/hrf/seed0/abl_no_length/pred/bio.csv,"results/pivot/bio_master.csv (source=gt, split=test)",results/gateA_biomarker_scales_train.csv
hrf,hrf,baseline,0,last,FD,pvbm,30,0.0191265872248343,0.4468427578687968,0.36774193548387096,-0.9544346375884118,0.7555148176695138,1.0374171513696773,runs/pivot/hrf/seed0/baseline/pred/bio.csv,"results/pivot/bio_master.csv (source=gt, split=test)",results/gateA_biomarker_scales_train.csv
hrf,hrf,baseline,1,last,FD,pvbm,30,0.0191265872248343,0.5299800635677719,0.5061179087875418,-1.2931522390998347,0.6816438014738944,1.2947576746283291,runs/pivot/hrf/seed1/baseline/pred/bio.csv,"results/pivot/bio_master.csv (source=gt, split=test)",results/gateA_biomarker_scales_train.csv
hrf,hrf,baseline,2,last,FD,pvbm,30,0.0191265872248343,0.5184644560216102,0.4705228031145718,-1.138469058609322,0.714105424884226,1.1707974910338839,runs/pivot/hrf/seed2/baseline/pred/bio.csv,"results/pivot/bio_master.csv (source=gt, split=test)",results/gateA_biomarker_scales_train.csv
hrf,hrf,cfloss,0,last,FD,pvbm,30,0.0191265872248343,0.35017816206835495,0.364182424916574,-1.7482216638102854,0.9284802451340968,1.7482216638102854,runs/pivot/hrf/seed0/cfloss/pred/bio.csv,"results/pivot/bio_master.csv (source=gt, split=test)",results/gateA_biomarker_scales_train.csv
hrf,hrf,cfloss,1,last,FD,pvbm,30,0.0191265872248343,0.3257336466433473,0.3161290322580645,-1.7869695817561544,1.0144405801534424,1.7893713143183176,runs/pivot/hrf/seed1/cfloss/pred/bio.csv,"results/pivot/bio_master.csv (source=gt, split=test)",results/gateA_biomarker_scales_train.csv
hrf,hrf,cfloss,2,last,FD,pvbm,30,0.0191265872248343,0.3696153668629311,0.28809788654060065,-1.6290280872895235,0.9345503476135354,1.6430709747051497,runs/pivot/hrf/seed2/cfloss/pred/bio.csv,"results/pivot/bio_master.csv (source=gt, split=test)",results/gateA_biomarker_scales_train.csv
hrf,hrf,continued,0,last,FD,pvbm,30,0.0191265872248343,0.5438956942479761,0.49410456062291436,-0.9563386431587835,0.648314086945532,0.9720480025838601,runs/pivot/hrf/seed0/continued/pred/bio.csv,"results/pivot/bio_master.csv (source=gt, split=test)",results/gateA_biomarker_scales_train.csv
hrf,hrf,continued,1,last,FD,pvbm,30,0.0191265872248343,0.5339062121220527,0.48698553948832035,-1.0136716702434128,0.6688006664096041,1.035420432592119,runs/pivot/hrf/seed1/continued/pred/bio.csv,"results/pivot/bio_master.csv (source=gt, split=test)",results/gateA_biomarker_scales_train.csv
hrf,hrf,continued,2,last,FD,pvbm,30,0.0191265872248343,0.513255407512254,0.4967741935483871,-1.027923801242406,0.7102942176348815,1.0725491136230212,runs/pivot/hrf/seed2/continued/pred/bio.csv,"results/pivot/bio_master.csv (source=gt, split=test)",results/gateA_biomarker_scales_train.csv
hrf,hrf,reliseg,0,last,FD,pvbm,30,0.0191265872248343,0.5807263679640776,0.5586206896551724,-0.5038391840536124,0.5968033805694801,0.6672540141446732,runs/pivot/hrf/seed0/reliseg/pred/bio.csv,"results/pivot/bio_master.csv (source=gt, split=test)",results/gateA_biomarker_scales_train.csv
hrf,hrf,reliseg,1,last,FD,pvbm,30,0.0191265872248343,0.48190827282897786,0.47185761957730815,-0.48658644185815125,0.6555495489583154,0.72360769020268,runs/pivot/hrf/seed1/reliseg/pred/bio.csv,"results/pivot/bio_master.csv (source=gt, split=test)",results/gateA_biomarker_scales_train.csv
hrf,hrf,reliseg,2,last,FD,pvbm,30,0.0191265872248343,0.48688943889841857,0.4602892102335928,-0.517606410239554,0.6652651894483356,0.7291766025405645,runs/pivot/hrf/seed2/reliseg/pred/bio.csv,"results/pivot/bio_master.csv (source=gt, split=test)",results/gateA_biomarker_scales_train.csv
hrf,hrf,reliseg_nocl,0,last,FD,pvbm,30,0.0191265872248343,0.5761255807602175,0.5586206896551724,-0.5505131037215799,0.6093975930243954,0.6957769351390725,runs/pivot/hrf/seed0/reliseg_nocl/pred/bio.csv,"results/pivot/bio_master.csv (source=gt, split=test)",results/gateA_biomarker_scales_train.csv
hrf,hrf,reliseg_nocl,1,last,FD,pvbm,30,0.0191265872248343,0.5250279716688838,0.521245828698554,-0.4986974872329391,0.6396180567152577,0.7050237158450109,runs/pivot/hrf/seed1/reliseg_nocl/pred/bio.csv,"results/pivot/bio_master.csv (source=gt, split=test)",results/gateA_biomarker_scales_train.csv
hrf,hrf,reliseg_nocl,2,last,FD,pvbm,30,0.0191265872248343,0.49012244738373734,0.48654060066740823,-0.585206198308155,0.650873018763682,0.761515843991338,runs/pivot/hrf/seed2/reliseg_nocl/pred/bio.csv,"results/pivot/bio_master.csv (source=gt, split=test)",results/gateA_biomarker_scales_train.csv
hrf,hrf,abl_cf_matched,0,last,FD,skan,30,0.0190610980643877,0.3009072873360028,0.3067853170189099,-2.094936685806318,1.131763066576525,2.111223126737431,runs/pivot/hrf/seed0/abl_cf_matched/pred/bio.csv,"results/pivot/bio_master.csv (source=gt, split=test)",results/gateA_biomarker_scales_train.csv
hrf,hrf,abl_cf_on_base,0,last,FD,skan,30,0.0190610980643877,0.3385728472487537,0.33392658509454953,-1.9624720705596264,1.0901608507918603,1.9809795545329076,runs/pivot/hrf/seed0/abl_cf_on_base/pred/bio.csv,"results/pivot/bio_master.csv (source=gt, split=test)",results/gateA_biomarker_scales_train.csv
hrf,hrf,abl_density_only,0,last,FD,skan,30,0.0190610980643877,0.32674045215676584,0.3432703003337041,-2.108178842316162,1.1172349436256643,2.1167995214318984,runs/pivot/hrf/seed0/abl_density_only/pred/bio.csv,"results/pivot/bio_master.csv (source=gt, split=test)",results/gateA_biomarker_scales_train.csv
hrf,hrf,abl_fd_only,0,last,FD,skan,30,0.0190610980643877,0.38957697747707043,0.3739710789766407,-1.5197219765139498,1.0348578160634108,1.585315887613101,runs/pivot/hrf/seed0/abl_fd_only/pred/bio.csv,"results/pivot/bio_master.csv (source=gt, split=test)",results/gateA_biomarker_scales_train.csv
hrf,hrf,abl_fixed_ladder,0,last,FD,skan,30,0.0190610980643877,0.429120629065263,0.3908787541713014,-0.8706620618670985,0.9865389314270251,1.1332447186623982,runs/pivot/hrf/seed0/abl_fixed_ladder/pred/bio.csv,"results/pivot/bio_master.csv (source=gt, split=test)",results/gateA_biomarker_scales_train.csv
hrf,hrf,abl_length_only,0,last,FD,skan,30,0.0190610980643877,0.4577701537033827,0.45272525027808674,-0.9807637207152993,0.9648215192901618,1.2072691869815395,runs/pivot/hrf/seed0/abl_length_only/pred/bio.csv,"results/pivot/bio_master.csv (source=gt, split=test)",results/gateA_biomarker_scales_train.csv
hrf,hrf,abl_no_density,0,last,FD,skan,30,0.0190610980643877,0.49282267118695033,0.47319243604004446,-0.30313349615243107,0.9329682333991807,0.8024810629645589,runs/pivot/hrf/seed0/abl_no_density/pred/bio.csv,"results/pivot/bio_master.csv (source=gt, split=test)",results/gateA_biomarker_scales_train.csv
hrf,hrf,abl_no_fd,0,last,FD,skan,30,0.0190610980643877,0.3696864810243733,0.3539488320355951,-1.2595876651003053,1.049538924463295,1.4189982748671741,runs/pivot/hrf/seed0/abl_no_fd/pred/bio.csv,"results/pivot/bio_master.csv (source=gt, split=test)",results/gateA_biomarker_scales_train.csv
hrf,hrf,abl_no_length,0,last,FD,skan,30,0.0190610980643877,0.34227163779554626,0.3125695216907675,-1.8805249995477495,1.0864863658554789,1.9114839103677175,runs/pivot/hrf/seed0/abl_no_length/pred/bio.csv,"results/pivot/bio_master.csv (source=gt, split=test)",results/gateA_biomarker_scales_train.csv
hrf,hrf,baseline,0,last,FD,skan,30,0.0190610980643877,0.29467572547693033,0.26807563959955505,-1.6268678090884487,1.1493780332951504,1.728898677599296,runs/pivot/hrf/seed0/baseline/pred/bio.csv,"results/pivot/bio_master.csv (source=gt, split=test)",results/gateA_biomarker_scales_train.csv
hrf,hrf,baseline,1,last,FD,skan,30,0.0190610980643877,0.32770999740901163,0.32146829810900995,-2.100562174098017,1.1160139403615486,2.1195085397938036,runs/pivot/hrf/seed1/baseline/pred/bio.csv,"results/pivot/bio_master.csv (source=gt, split=test)",results/gateA_biomarker_scales_train.csv
hrf,hrf,baseline,2,last,FD,skan,30,0.0190610980643877,0.2910057977337645,0.3512791991101224,-1.9640173400033674,1.1736533768804978,2.0083160288822395,runs/pivot/hrf/seed2/baseline/pred/bio.csv,"results/pivot/bio_master.csv (source=gt, split=test)",results/gateA_biomarker_scales_train.csv
hrf,hrf,cfloss,0,last,FD,skan,30,0.0190610980643877,0.19823183953326096,0.21690767519466073,-2.5782939467072983,1.3315217465288047,2.5804832474093358,runs/pivot/hrf/seed0/cfloss/pred/bio.csv,"results/pivot/bio_master.csv (source=gt, split=test)",results/gateA_biomarker_scales_train.csv
hrf,hrf,cfloss,1,last,FD,skan,30,0.0190610980643877,0.11952717259886052,0.1532814238042269,-2.6681979410698307,1.5072619639922955,2.6681979410698307,runs/pivot/hrf/seed1/cfloss/pred/bio.csv,"results/pivot/bio_master.csv (source=gt, split=test)",results/gateA_biomarker_scales_train.csv
hrf,hrf,cfloss,2,last,FD,skan,30,0.0190610980643877,0.14261200249708805,0.17063403781979977,-2.5154058077525963,1.428436450984737,2.542167988017231,runs/pivot/hrf/seed2/cfloss/pred/bio.csv,"results/pivot/bio_master.csv (source=gt, split=test)",results/gateA_biomarker_scales_train.csv
hrf,hrf,continued,0,last,FD,skan,30,0.0190610980643877,0.3674192667038534,0.35795328142380417,-1.83999434803639,1.0665569717208836,1.8661384674385864,runs/pivot/hrf/seed0/continued/pred/bio.csv,"results/pivot/bio_master.csv (source=gt, split=test)",results/gateA_biomarker_scales_train.csv
hrf,hrf,continued,1,last,FD,skan,30,0.0190610980643877,0.27775301931359947,0.2622914349276974,-1.9755225417114433,1.165631645188095,1.9984753600052412,runs/pivot/hrf/seed1/continued/pred/bio.csv,"results/pivot/bio_master.csv (source=gt, split=test)",results/gateA_biomarker_scales_train.csv
hrf,hrf,continued,2,last,FD,skan,30,0.0190610980643877,0.2819121562073071,0.3196885428253615,-1.9392505869883288,1.1665301691535797,1.9817557107883599,runs/pivot/hrf/seed2/continued/pred/bio.csv,"results/pivot/bio_master.csv (source=gt, split=test)",results/gateA_biomarker_scales_train.csv
hrf,hrf,reliseg,0,last,FD,skan,30,0.0190610980643877,0.43734449160561684,0.4162402669632926,-0.6720205432254616,0.9775752186699298,1.001612386749392,runs/pivot/hrf/seed0/reliseg/pred/bio.csv,"results/pivot/bio_master.csv (source=gt, split=test)",results/gateA_biomarker_scales_train.csv
hrf,hrf,reliseg,1,last,FD,skan,30,0.0190610980643877,0.3219081025199183,0.2916573971078976,-1.0922869818133198,1.0831130848143928,1.3561931661471422,runs/pivot/hrf/seed1/reliseg/pred/bio.csv,"results/pivot/bio_master.csv (source=gt, split=test)",results/gateA_biomarker_scales_train.csv
hrf,hrf,reliseg,2,last,FD,skan,30,0.0190610980643877,0.27088610481615344,0.3014460511679644,-1.1672310485110773,1.1322446130440504,1.4043076756751691,runs/pivot/hrf/seed2/reliseg/pred/bio.csv,"results/pivot/bio_master.csv (source=gt, split=test)",results/gateA_biomarker_scales_train.csv
hrf,hrf,reliseg_nocl,0,last,FD,skan,30,0.0190610980643877,0.3683470373498822,0.37708565072302563,-1.1662356092902484,1.071619380230914,1.371805757919763,runs/pivot/hrf/seed0/reliseg_nocl/pred/bio.csv,"results/pivot/bio_master.csv (source=gt, split=test)",results/gateA_biomarker_scales_train.csv
hrf,hrf,reliseg_nocl,1,last,FD,skan,30,0.0190610980643877,0.3033134541455239,0.2783092324805339,-0.9582366472925178,1.113660927694534,1.277282937538249,runs/pivot/hrf/seed1/reliseg_nocl/pred/bio.csv,"results/pivot/bio_master.csv (source=gt, split=test)",results/gateA_biomarker_scales_train.csv
hrf,hrf,reliseg_nocl,2,last,FD,skan,30,0.0190610980643877,0.3014376420182811,0.3481646273637375,-1.166013495356253,1.114266531232562,1.3799734081567796,runs/pivot/hrf/seed2/reliseg_nocl/pred/bio.csv,"results/pivot/bio_master.csv (source=gt, split=test)",results/gateA_biomarker_scales_train.csv
hrf,hrf,abl_cf_matched,0,last,tortuosity,pvbm,30,0.0023668667109986,0.7627902213683302,0.6889877641824249,-2.9095286039828334,1.9528248162590423,2.9095286039828334,runs/pivot/hrf/seed0/abl_cf_matched/pred/bio.csv,"results/pivot/bio_master.csv (source=gt, split=test)",results/gateA_biomarker_scales_train.csv
hrf,hrf,abl_cf_on_base,0,last,tortuosity,pvbm,30,0.0023668667109986,0.7615847626834544,0.6453837597330366,-2.9656835845970453,2.0153995323917906,2.9737270040188695,runs/pivot/hrf/seed0/abl_cf_on_base/pred/bio.csv,"results/pivot/bio_master.csv (source=gt, split=test)",results/gateA_biomarker_scales_train.csv
hrf,hrf,abl_density_only,0,last,tortuosity,pvbm,30,0.0023668667109986,0.7977964091816305,0.7695216907675194,-2.8941048250892263,1.8716118853771264,2.8941048250892263,runs/pivot/hrf/seed0/abl_density_only/pred/bio.csv,"results/pivot/bio_master.csv (source=gt, split=test)",results/gateA_biomarker_scales_train.csv
hrf,hrf,abl_fd_only,0,last,tortuosity,pvbm,30,0.0023668667109986,0.8043464110062075,0.7303670745272525,-2.7130569067551584,1.806637996392603,2.7130569067551584,runs/pivot/hrf/seed0/abl_fd_only/pred/bio.csv,"results/pivot/bio_master.csv (source=gt, split=test)",results/gateA_biomarker_scales_train.csv
hrf,hrf,abl_fixed_ladder,0,last,tortuosity,pvbm,30,0.0023668667109986,0.14936133945598504,0.059844271412680755,7.906107006345412,6.012214822993718,8.084264050437534,runs/pivot/hrf/seed0/abl_fixed_ladder/pred/bio.csv,"results/pivot/bio_master.csv (source=gt, split=test)",results/gateA_biomarker_scales_train.csv
hrf,hrf,abl_length_only,0,last,tortuosity,pvbm,30,0.0023668667109986,0.7288741145291942,0.6351501668520578,-1.3143717155663543,2.03525289606362,1.6225110114683852,runs/pivot/hrf/seed0/abl_length_only/pred/bio.csv,"results/pivot/bio_master.csv (source=gt, split=test)",results/gateA_biomarker_scales_train.csv
hrf,hrf,abl_no_density,0,last,tortuosity,pvbm,30,0.0023668667109986,0.1384661363629379,0.10611790878754171,8.346369664388272,7.15675866875282,8.60667814170621,runs/pivot/hrf/seed0/abl_no_density/pred/bio.csv,"results/pivot/bio_master.csv (source=gt, split=test)",results/gateA_biomarker_scales_train.csv
hrf,hrf,abl_no_fd,0,last,tortuosity,pvbm,30,0.0023668667109986,0.7544440569253209,0.7098998887652946,-0.05339630945691702,1.9499108491922013,1.3418452080518013,runs/pivot/hrf/seed0/abl_no_fd/pred/bio.csv,"results/pivot/bio_master.csv (source=gt, split=test)",results/gateA_biomarker_scales_train.csv
hrf,hrf,abl_no_length,0,last,tortuosity,pvbm,30,0.0023668667109986,0.8169864068411921,0.7797552836484983,-2.721420636591867,1.7965814715312853,2.721420636591867,runs/pivot/hrf/seed0/abl_no_length/pred/bio.csv,"results/pivot/bio_master.csv (source=gt, split=test)",results/gateA_biomarker_scales_train.csv
hrf,hrf,baseline,0,last,tortuosity,pvbm,30,0.0023668667109986,0.7990391755376345,0.7228031145717464,-2.9381563158571082,1.9550290274024194,2.9420413455080374,runs/pivot/hrf/seed0/baseline/pred/bio.csv,"results/pivot/bio_master.csv (source=gt, split=test)",results/gateA_biomarker_scales_train.csv
hrf,hrf,baseline,1,last,tortuosity,pvbm,30,0.0023668667109986,0.7737438252756236,0.7081201334816463,-2.820761549001762,1.907272748453632,2.8215420951401935,runs/pivot/hrf/seed1/baseline/pred/bio.csv,"results/pivot/bio_master.csv (source=gt, split=test)",results/gateA_biomarker_scales_train.csv
hrf,hrf,baseline,2,last,tortuosity,pvbm,30,0.0023668667109986,0.791355363321891,0.6992213570634038,-2.7470195126396697,1.9510100962262564,2.7470195126396697,runs/pivot/hrf/seed2/baseline/pred/bio.csv,"results/pivot/bio_master.csv (source=gt, split=test)",results/gateA_biomarker_scales_train.csv
hrf,hrf,cfloss,0,last,tortuosity,pvbm,30,0.0023668667109986,0.7220420514232481,0.6129032258064516,-3.0298417811609117,2.1879688909747568,3.0298417811609117,runs/pivot/hrf/seed0/cfloss/pred/bio.csv,"results/pivot/bio_master.csv (source=gt, split=test)",results/gateA_biomarker_scales_train.csv
hrf,hrf,cfloss,1,last,tortuosity,pvbm,30,0.0023668667109986,0.6842467951957776,0.5870967741935484,-2.8463849467618516,2.204261631259669,2.86613385996471,runs/pivot/hrf/seed1/cfloss/pred/bio.csv,"results/pivot/bio_master.csv (source=gt, split=test)",results/gateA_biomarker_scales_train.csv
hrf,hrf,cfloss,2,last,tortuosity,pvbm,30,0.0023668667109986,0.7474821488819473,0.6858731924360401,-2.814844756083069,2.066182088242504,2.814844756083069,runs/pivot/hrf/seed2/cfloss/pred/bio.csv,"results/pivot/bio_master.csv (source=gt, split=test)",results/gateA_biomarker_scales_train.csv
hrf,hrf,continued,0,last,tortuosity,pvbm,30,0.0023668667109986,0.7497663520746112,0.6449388209121245,-2.802654536214675,2.038219683674014,2.8225757406812213,runs/pivot/hrf/seed0/continued/pred/bio.csv,"results/pivot/bio_master.csv (source=gt, split=test)",results/gateA_biomarker_scales_train.csv
hrf,hrf,continued,1,last,tortuosity,pvbm,30,0.0023668667109986,0.7882872179563444,0.703670745272525,-2.903279038797789,1.8972729284590488,2.903279038797789,runs/pivot/hrf/seed1/continued/pred/bio.csv,"results/pivot/bio_master.csv (source=gt, split=test)",results/gateA_biomarker_scales_train.csv
hrf,hrf,continued,2,last,tortuosity,pvbm,30,0.0023668667109986,0.8098866489453038,0.7183537263626251,-2.9020359389812187,1.9063807705832596,2.9020359389812187,runs/pivot/hrf/seed2/continued/pred/bio.csv,"results/pivot/bio_master.csv (source=gt, split=test)",results/gateA_biomarker_scales_train.csv
hrf,hrf,reliseg,0,last,tortuosity,pvbm,30,0.0023668667109986,0.058724432954688696,0.03626251390433815,11.521993065538036,9.37084843251196,11.56222447132888,runs/pivot/hrf/seed0/reliseg/pred/bio.csv,"results/pivot/bio_master.csv (source=gt, split=test)",results/gateA_biomarker_scales_train.csv
hrf,hrf,reliseg,1,last,tortuosity,pvbm,30,0.0023668667109986,0.7616888967849109,0.6849833147942158,-0.4869180807472996,1.9392486103308777,1.3460251504841936,runs/pivot/hrf/seed1/reliseg/pred/bio.csv,"results/pivot/bio_master.csv (source=gt, split=test)",results/gateA_biomarker_scales_train.csv
hrf,hrf,reliseg,2,last,tortuosity,pvbm,30,0.0023668667109986,0.7960309406492287,0.75706340378198,0.19351611236675653,1.8189066540572405,1.3260736272452514,runs/pivot/hrf/seed2/reliseg/pred/bio.csv,"results/pivot/bio_master.csv (source=gt, split=test)",results/gateA_biomarker_scales_train.csv
hrf,hrf,reliseg_nocl,0,last,tortuosity,pvbm,30,0.0023668667109986,0.6798903759530981,0.5768631813125694,1.3707056994751192,2.182079579654052,2.145433216275003,runs/pivot/hrf/seed0/reliseg_nocl/pred/bio.csv,"results/pivot/bio_master.csv (source=gt, split=test)",results/gateA_biomarker_scales_train.csv
hrf,hrf,reliseg_nocl,1,last,tortuosity,pvbm,30,0.0023668667109986,0.7903549222122552,0.7352614015572858,-1.6879421092187294,1.8449840579764554,1.8477090127961493,runs/pivot/hrf/seed1/reliseg_nocl/pred/bio.csv,"results/pivot/bio_master.csv (source=gt, split=test)",results/gateA_biomarker_scales_train.csv
hrf,hrf,reliseg_nocl,2,last,tortuosity,pvbm,30,0.0023668667109986,0.7772136655590806,0.6916573971078976,-1.1068017928245655,1.87182228076188,1.4930094620815149,runs/pivot/hrf/seed2/reliseg_nocl/pred/bio.csv,"results/pivot/bio_master.csv (source=gt, split=test)",results/gateA_biomarker_scales_train.csv
hrf,hrf,abl_cf_matched,0,last,tortuosity,skan,30,0.0058124661067053,0.6535116701058254,0.8135706340378197,-2.165481729419426,2.868525080957546,2.21255762590508,runs/pivot/hrf/seed0/abl_cf_matched/pred/bio.csv,"results/pivot/bio_master.csv (source=gt, split=test)",results/gateA_biomarker_scales_train.csv
hrf,hrf,abl_cf_on_base,0,last,tortuosity,skan,30,0.0058124661067053,0.6992475406931811,0.8763070077864292,-2.0465338982331973,2.732532653707583,2.1485389132783483,runs/pivot/hrf/seed0/abl_cf_on_base/pred/bio.csv,"results/pivot/bio_master.csv (source=gt, split=test)",results/gateA_biomarker_scales_train.csv
hrf,hrf,abl_density_only,0,last,tortuosity,skan,30,0.0058124661067053,0.6980752499152901,0.857174638487208,-2.0276815890252347,2.742331118841887,2.1361633715560924,runs/pivot/hrf/seed0/abl_density_only/pred/bio.csv,"results/pivot/bio_master.csv (source=gt, split=test)",results/gateA_biomarker_scales_train.csv
hrf,hrf,abl_fd_only,0,last,tortuosity,skan,30,0.0058124661067053,0.7287797356197326,0.8625139043381533,-2.141636384654645,2.6859000435315523,2.1480743934322684,runs/pivot/hrf/seed0/abl_fd_only/pred/bio.csv,"results/pivot/bio_master.csv (source=gt, split=test)",results/gateA_biomarker_scales_train.csv
hrf,hrf,abl_fixed_ladder,0,last,tortuosity,skan,30,0.0058124661067053,0.6057304731211889,0.6618464961067854,0.8662097750901302,2.9531090675260865,2.268018351489318,runs/pivot/hrf/seed0/abl_fixed_ladder/pred/bio.csv,"results/pivot/bio_master.csv (source=gt, split=test)",results/gateA_biomarker_scales_train.csv
hrf,hrf,abl_length_only,0,last,tortuosity,skan,30,0.0058124661067053,0.6733576704730886,0.793103448275862,-1.5662353112419871,2.8487781288476213,1.759890176765193,runs/pivot/hrf/seed0/abl_length_only/pred/bio.csv,"results/pivot/bio_master.csv (source=gt, split=test)",results/gateA_biomarker_scales_train.csv
hrf,hrf,abl_no_density,0,last,tortuosity,skan,30,0.0058124661067053,0.5950571044963875,0.6222469410456063,0.23447893905788486,3.0109571389576337,2.119634169547181,runs/pivot/hrf/seed0/abl_no_density/pred/bio.csv,"results/pivot/bio_master.csv (source=gt, split=test)",results/gateA_biomarker_scales_train.csv
hrf,hrf,abl_no_fd,0,last,tortuosity,skan,30,0.0058124661067053,0.6640794248855122,0.8478309232480534,-0.6217298302322972,2.787989580994974,1.6444532007115167,runs/pivot/hrf/seed0/abl_no_fd/pred/bio.csv,"results/pivot/bio_master.csv (source=gt, split=test)",results/gateA_biomarker_scales_train.csv
hrf,hrf,abl_no_length,0,last,tortuosity,skan,30,0.0058124661067053,0.6928296357590908,0.8407119021134594,-2.027702718111404,2.757262889349691,2.1396390015503646,runs/pivot/hrf/seed0/abl_no_length/pred/bio.csv,"results/pivot/bio_master.csv (source=gt, split=test)",results/gateA_biomarker_scales_train.csv
hrf,hrf,baseline,0,last,tortuosity,skan,30,0.0058124661067053,0.6878278216367559,0.8424916573971077,-2.3126965274377724,2.799417696140482,2.3126965274377724,runs/pivot/hrf/seed0/baseline/pred/bio.csv,"results/pivot/bio_master.csv (source=gt, split=test)",results/gateA_biomarker_scales_train.csv
hrf,hrf,baseline,1,last,tortuosity,skan,30,0.0058124661067053,0.6298485332475323,0.796662958843159,-1.9035913185027178,2.904209712739238,2.251589237377529,runs/pivot/hrf/seed1/baseline/pred/bio.csv,"results/pivot/bio_master.csv (source=gt, split=test)",results/gateA_biomarker_scales_train.csv
hrf,hrf,baseline,2,last,tortuosity,skan,30,0.0058124661067053,0.8247133152921255,0.889210233592881,-2.0586064290820416,2.4569597105910876,2.0586064290820416,runs/pivot/hrf/seed2/baseline/pred/bio.csv,"results/pivot/bio_master.csv (source=gt, split=test)",results/gateA_biomarker_scales_train.csv
hrf,hrf,cfloss,0,last,tortuosity,skan,30,0.0058124661067053,0.722087302875763,0.8593993325917685,-2.0490814741185694,2.6997525651268166,2.079828232733305,runs/pivot/hrf/seed0/cfloss/pred/bio.csv,"results/pivot/bio_master.csv (source=gt, split=test)",results/gateA_biomarker_scales_train.csv
hrf,hrf,cfloss,1,last,tortuosity,skan,30,0.0058124661067053,0.6206529331770918,0.7343715239154617,-2.0074881493784678,2.9562504840445625,2.147285806600966,runs/pivot/hrf/seed1/cfloss/pred/bio.csv,"results/pivot/bio_master.csv (source=gt, split=test)",results/gateA_biomarker_scales_train.csv
hrf,hrf,cfloss,2,last,tortuosity,skan,30,0.0058124661067053,0.6447412365489,0.7699666295884315,-2.154743319196857,2.8821474627645145,2.213879408185535,runs/pivot/hrf/seed2/cfloss/pred/bio.csv,"results/pivot/bio_master.csv (source=gt, split=test)",results/gateA_biomarker_scales_train.csv
hrf,hrf,continued,0,last,tortuosity,skan,30,0.0058124661067053,0.6354894484232334,0.8331479421579533,-2.1344316604426057,2.9018011615640313,2.2120205600281158,runs/pivot/hrf/seed0/continued/pred/bio.csv,"results/pivot/bio_master.csv (source=gt, split=test)",results/gateA_biomarker_scales_train.csv
hrf,hrf,continued,1,last,tortuosity,skan,30,0.0058124661067053,0.6733752180402179,0.8091212458286985,-2.0576233024043535,2.8301166831123394,2.217617580036861,runs/pivot/hrf/seed1/continued/pred/bio.csv,"results/pivot/bio_master.csv (source=gt, split=test)",results/gateA_biomarker_scales_train.csv
hrf,hrf,continued,2,last,tortuosity,skan,30,0.0058124661067053,0.6620160184217102,0.8367074527252502,-2.212229873792831,2.8746799689219067,2.259681231959264,runs/pivot/hrf/seed2/continued/pred/bio.csv,"results/pivot/bio_master.csv (source=gt, split=test)",results/gateA_biomarker_scales_train.csv
hrf,hrf,reliseg,0,last,tortuosity,skan,30,0.0058124661067053,0.6520379182695546,0.6378197997775306,0.6045111352954554,2.85552977213725,2.190719678782378,runs/pivot/hrf/seed0/reliseg/pred/bio.csv,"results/pivot/bio_master.csv (source=gt, split=test)",results/gateA_biomarker_scales_train.csv
hrf,hrf,reliseg,1,last,tortuosity,skan,30,0.0058124661067053,0.7038785014049066,0.8576195773081201,-1.1325035910095806,2.7371750916501956,1.636043784751609,runs/pivot/hrf/seed1/reliseg/pred/bio.csv,"results/pivot/bio_master.csv (source=gt, split=test)",results/gateA_biomarker_scales_train.csv
hrf,hrf,reliseg,2,last,tortuosity,skan,30,0.0058124661067053,0.6923352532257194,0.7837597330367074,-1.0183009726113326,2.842791792190732,1.6344451478807962,runs/pivot/hrf/seed2/reliseg/pred/bio.csv,"results/pivot/bio_master.csv (source=gt, split=test)",results/gateA_biomarker_scales_train.csv
hrf,hrf,reliseg_nocl,0,last,tortuosity,skan,30,0.0058124661067053,0.6040805975103966,0.771301446051168,-1.5166877554102178,3.0107880150650668,1.774426791423345,runs/pivot/hrf/seed0/reliseg_nocl/pred/bio.csv,"results/pivot/bio_master.csv (source=gt, split=test)",results/gateA_biomarker_scales_train.csv
hrf,hrf,reliseg_nocl,1,last,tortuosity,skan,30,0.0058124661067053,0.74969957384341,0.8398220244716351,-1.8613305301036216,2.69295268484444,1.9342085777524531,runs/pivot/hrf/seed1/reliseg_nocl/pred/bio.csv,"results/pivot/bio_master.csv (source=gt, split=test)",results/gateA_biomarker_scales_train.csv
hrf,hrf,reliseg_nocl,2,last,tortuosity,skan,30,0.0058124661067053,0.6687024155410592,0.7904338153503893,-1.6428913868202542,2.916548329033409,1.8235998393591644,runs/pivot/hrf/seed2/reliseg_nocl/pred/bio.csv,"results/pivot/bio_master.csv (source=gt, split=test)",results/gateA_biomarker_scales_train.csv
hrf,hrf,abl_cf_matched,0,last,density,pvbm,30,0.0156452398763284,0.6142801797166032,0.6449388209121245,0.09830718424567028,0.7106395274818987,0.577841131758678,runs/pivot/hrf/seed0/abl_cf_matched/pred/bio.csv,"results/pivot/bio_master.csv (source=gt, split=test)",results/gateA_biomarker_scales_train.csv
hrf,hrf,abl_cf_on_base,0,last,density,pvbm,30,0.0156452398763284,0.6457913290408651,0.6493882091212457,0.23870267588465735,0.6798157554390487,0.5880463058458681,runs/pivot/hrf/seed0/abl_cf_on_base/pred/bio.csv,"results/pivot/bio_master.csv (source=gt, split=test)",results/gateA_biomarker_scales_train.csv
hrf,hrf,abl_density_only,0,last,density,pvbm,30,0.0156452398763284,0.6354789468993968,0.6360400444938822,0.05910870211123132,0.689925490835763,0.5565748819466968,runs/pivot/hrf/seed0/abl_density_only/pred/bio.csv,"results/pivot/bio_master.csv (source=gt, split=test)",results/gateA_biomarker_scales_train.csv
hrf,hrf,abl_fd_only,0,last,density,pvbm,30,0.0156452398763284,0.6464481060969903,0.6347052280311457,0.46340267819144787,0.6789804853196121,0.7035695149296982,runs/pivot/hrf/seed0/abl_fd_only/pred/bio.csv,"results/pivot/bio_master.csv (source=gt, split=test)",results/gateA_biomarker_scales_train.csv
hrf,hrf,abl_fixed_ladder,0,last,density,pvbm,30,0.0156452398763284,0.6166959867960443,0.6307007786429366,0.0908172528031667,0.7024932148184311,0.5682330923949744,runs/pivot/hrf/seed0/abl_fixed_ladder/pred/bio.csv,"results/pivot/bio_master.csv (source=gt, split=test)",results/gateA_biomarker_scales_train.csv
hrf,hrf,abl_length_only,0,last,density,pvbm,30,0.0156452398763284,0.6584703347723638,0.6378197997775306,0.5859297672186764,0.663110772898341,0.7671310311855076,runs/pivot/hrf/seed0/abl_length_only/pred/bio.csv,"results/pivot/bio_master.csv (source=gt, split=test)",results/gateA_biomarker_scales_train.csv
hrf,hrf,abl_no_density,0,last,density,pvbm,30,0.0156452398763284,0.6398896536854392,0.6373748609566184,0.5673509190986781,0.6762189608041238,0.7583788101338894,runs/pivot/hrf/seed0/abl_no_density/pred/bio.csv,"results/pivot/bio_master.csv (source=gt, split=test)",results/gateA_biomarker_scales_train.csv
hrf,hrf,abl_no_fd,0,last,density,pvbm,30,0.0156452398763284,0.635829422834708,0.6436040044493881,0.056909672049277805,0.6872221757185903,0.5442590313509441,runs/pivot/hrf/seed0/abl_no_fd/pred/bio.csv,"results/pivot/bio_master.csv (source=gt, split=test)",results/gateA_biomarker_scales_train.csv
hrf,hrf,abl_no_length,0,last,density,pvbm,30,0.0156452398763284,0.629248456738564,0.6360400444938822,0.038678827469950404,0.6925116500113523,0.5425317363932926,runs/pivot/hrf/seed0/abl_no_length/pred/bio.csv,"results/pivot/bio_master.csv (source=gt, split=test)",results/gateA_biomarker_scales_train.csv
hrf,hrf,baseline,0,last,density,pvbm,30,0.0156452398763284,0.6583700437366033,0.6738598442714127,0.4306561986443841,0.6801764562227076,0.6590307686298574,runs/pivot/hrf/seed0/baseline/pred/bio.csv,"results/pivot/bio_master.csv (source=gt, split=test)",results/gateA_biomarker_scales_train.csv
hrf,hrf,baseline,1,last,density,pvbm,30,0.0156452398763284,0.6140675328339398,0.5946607341490544,0.14600488207139603,0.7069048847836288,0.5873825690138819,runs/pivot/hrf/seed1/baseline/pred/bio.csv,"results/pivot/bio_master.csv (source=gt, split=test)",results/gateA_biomarker_scales_train.csv
hrf,hrf,baseline,2,last,density,pvbm,30,0.0156452398763284,0.6152155559596723,0.649833147942158,0.2583249012599448,0.7081465393946946,0.6461076548873893,runs/pivot/hrf/seed2/baseline/pred/bio.csv,"results/pivot/bio_master.csv (source=gt, split=test)",results/gateA_biomarker_scales_train.csv
hrf,hrf,cfloss,0,last,density,pvbm,30,0.0156452398763284,0.6115274327990458,0.6529477196885429,-0.39791864258823495,0.7290804798400156,0.6374705190444556,runs/pivot/hrf/seed0/cfloss/pred/bio.csv,"results/pivot/bio_master.csv (source=gt, split=test)",results/gateA_biomarker_scales_train.csv
hrf,hrf,cfloss,1,last,density,pvbm,30,0.0156452398763284,0.6176521297662949,0.6173526140155728,-0.40676426176679675,0.755532640226956,0.6714905316442373,runs/pivot/hrf/seed1/cfloss/pred/bio.csv,"results/pivot/bio_master.csv (source=gt, split=test)",results/gateA_biomarker_scales_train.csv
hrf,hrf,cfloss,2,last,density,pvbm,30,0.0156452398763284,0.5976152986470761,0.643159065628476,-0.3407979621065982,0.7542422886867082,0.6789122163220216,runs/pivot/hrf/seed2/cfloss/pred/bio.csv,"results/pivot/bio_master.csv (source=gt, split=test)",results/gateA_biomarker_scales_train.csv
hrf,hrf,continued,0,last,density,pvbm,30,0.0156452398763284,0.6539152662488285,0.646718576195773,0.382955699271387,0.6748030158763363,0.6572441260102625,runs/pivot/hrf/seed0/continued/pred/bio.csv,"results/pivot/bio_master.csv (source=gt, split=test)",results/gateA_biomarker_scales_train.csv
hrf,hrf,continued,1,last,density,pvbm,30,0.0156452398763284,0.646889890536254,0.6400444938820912,0.33492679711097034,0.6886860513464914,0.6363380989975055,runs/pivot/hrf/seed1/continued/pred/bio.csv,"results/pivot/bio_master.csv (source=gt, split=test)",results/gateA_biomarker_scales_train.csv
hrf,hrf,continued,2,last,density,pvbm,30,0.0156452398763284,0.6356917506216001,0.6622914349276974,0.3479727376306305,0.6960826006791653,0.6657532881230765,runs/pivot/hrf/seed2/continued/pred/bio.csv,"results/pivot/bio_master.csv (source=gt, split=test)",results/gateA_biomarker_scales_train.csv
hrf,hrf,reliseg,0,last,density,pvbm,30,0.0156452398763284,0.6306391349963709,0.6444938820912125,0.07373456243513775,0.6922040234524108,0.5583038049809456,runs/pivot/hrf/seed0/reliseg/pred/bio.csv,"results/pivot/bio_master.csv (source=gt, split=test)",results/gateA_biomarker_scales_train.csv
hrf,hrf,reliseg,1,last,density,pvbm,30,0.0156452398763284,0.6470835732528682,0.6427141268075639,0.05749489813442324,0.6970331332248868,0.5783218139524002,runs/pivot/hrf/seed1/reliseg/pred/bio.csv,"results/pivot/bio_master.csv (source=gt, split=test)",results/gateA_biomarker_scales_train.csv
hrf,hrf,reliseg,2,last,density,pvbm,30,0.0156452398763284,0.6299026489930799,0.6711902113459399,0.10094030506514547,0.710767447382132,0.6106129000044069,runs/pivot/hrf/seed2/reliseg/pred/bio.csv,"results/pivot/bio_master.csv (source=gt, split=test)",results/gateA_biomarker_scales_train.csv
hrf,hrf,reliseg_nocl,0,last,density,pvbm,30,0.0156452398763284,0.6340166237341309,0.649833147942158,-0.022398628109051667,0.6912364513507361,0.5418204475056352,runs/pivot/hrf/seed0/reliseg_nocl/pred/bio.csv,"results/pivot/bio_master.csv (source=gt, split=test)",results/gateA_biomarker_scales_train.csv
hrf,hrf,reliseg_nocl,1,last,density,pvbm,30,0.0156452398763284,0.6435056577904228,0.6271412680756396,-0.10170939148544737,0.7084165806499121,0.5724570495905767,runs/pivot/hrf/seed1/reliseg_nocl/pred/bio.csv,"results/pivot/bio_master.csv (source=gt, split=test)",results/gateA_biomarker_scales_train.csv
hrf,hrf,reliseg_nocl,2,last,density,pvbm,30,0.0156452398763284,0.6184966812027701,0.6547274749721913,-0.08068561122978439,0.7240019190305904,0.6007467480864004,runs/pivot/hrf/seed2/reliseg_nocl/pred/bio.csv,"results/pivot/bio_master.csv (source=gt, split=test)",results/gateA_biomarker_scales_train.csv
hrf,hrf,abl_cf_matched,0,last,density,skan,30,0.0156452398763284,0.6142801797166032,0.6449388209121245,0.09830718424567028,0.7106395274818987,0.577841131758678,runs/pivot/hrf/seed0/abl_cf_matched/pred/bio.csv,"results/pivot/bio_master.csv (source=gt, split=test)",results/gateA_biomarker_scales_train.csv
hrf,hrf,abl_cf_on_base,0,last,density,skan,30,0.0156452398763284,0.6457913290408651,0.6493882091212457,0.23870267588465735,0.6798157554390487,0.5880463058458681,runs/pivot/hrf/seed0/abl_cf_on_base/pred/bio.csv,"results/pivot/bio_master.csv (source=gt, split=test)",results/gateA_biomarker_scales_train.csv
hrf,hrf,abl_density_only,0,last,density,skan,30,0.0156452398763284,0.6354789468993968,0.6360400444938822,0.05910870211123132,0.689925490835763,0.5565748819466968,runs/pivot/hrf/seed0/abl_density_only/pred/bio.csv,"results/pivot/bio_master.csv (source=gt, split=test)",results/gateA_biomarker_scales_train.csv
hrf,hrf,abl_fd_only,0,last,density,skan,30,0.0156452398763284,0.6464481060969903,0.6347052280311457,0.46340267819144787,0.6789804853196121,0.7035695149296982,runs/pivot/hrf/seed0/abl_fd_only/pred/bio.csv,"results/pivot/bio_master.csv (source=gt, split=test)",results/gateA_biomarker_scales_train.csv
hrf,hrf,abl_fixed_ladder,0,last,density,skan,30,0.0156452398763284,0.6166959867960443,0.6307007786429366,0.0908172528031667,0.7024932148184311,0.5682330923949744,runs/pivot/hrf/seed0/abl_fixed_ladder/pred/bio.csv,"results/pivot/bio_master.csv (source=gt, split=test)",results/gateA_biomarker_scales_train.csv
hrf,hrf,abl_length_only,0,last,density,skan,30,0.0156452398763284,0.6584703347723638,0.6378197997775306,0.5859297672186764,0.663110772898341,0.7671310311855076,runs/pivot/hrf/seed0/abl_length_only/pred/bio.csv,"results/pivot/bio_master.csv (source=gt, split=test)",results/gateA_biomarker_scales_train.csv
hrf,hrf,abl_no_density,0,last,density,skan,30,0.0156452398763284,0.6398896536854392,0.6373748609566184,0.5673509190986781,0.6762189608041238,0.7583788101338894,runs/pivot/hrf/seed0/abl_no_density/pred/bio.csv,"results/pivot/bio_master.csv (source=gt, split=test)",results/gateA_biomarker_scales_train.csv
hrf,hrf,abl_no_fd,0,last,density,skan,30,0.0156452398763284,0.635829422834708,0.6436040044493881,0.056909672049277805,0.6872221757185903,0.5442590313509441,runs/pivot/hrf/seed0/abl_no_fd/pred/bio.csv,"results/pivot/bio_master.csv (source=gt, split=test)",results/gateA_biomarker_scales_train.csv
hrf,hrf,abl_no_length,0,last,density,skan,30,0.0156452398763284,0.629248456738564,0.6360400444938822,0.038678827469950404,0.6925116500113523,0.5425317363932926,runs/pivot/hrf/seed0/abl_no_length/pred/bio.csv,"results/pivot/bio_master.csv (source=gt, split=test)",results/gateA_biomarker_scales_train.csv
hrf,hrf,baseline,0,last,density,skan,30,0.0156452398763284,0.6583700437366033,0.6738598442714127,0.4306561986443841,0.6801764562227076,0.6590307686298574,runs/pivot/hrf/seed0/baseline/pred/bio.csv,"results/pivot/bio_master.csv (source=gt, split=test)",results/gateA_biomarker_scales_train.csv
hrf,hrf,baseline,1,last,density,skan,30,0.0156452398763284,0.6140675328339398,0.5946607341490544,0.14600488207139603,0.7069048847836288,0.5873825690138819,runs/pivot/hrf/seed1/baseline/pred/bio.csv,"results/pivot/bio_master.csv (source=gt, split=test)",results/gateA_biomarker_scales_train.csv
hrf,hrf,baseline,2,last,density,skan,30,0.0156452398763284,0.6152155559596723,0.649833147942158,0.2583249012599448,0.7081465393946946,0.6461076548873893,runs/pivot/hrf/seed2/baseline/pred/bio.csv,"results/pivot/bio_master.csv (source=gt, split=test)",results/gateA_biomarker_scales_train.csv
hrf,hrf,cfloss,0,last,density,skan,30,0.0156452398763284,0.6115274327990458,0.6529477196885429,-0.39791864258823495,0.7290804798400156,0.6374705190444556,runs/pivot/hrf/seed0/cfloss/pred/bio.csv,"results/pivot/bio_master.csv (source=gt, split=test)",results/gateA_biomarker_scales_train.csv
hrf,hrf,cfloss,1,last,density,skan,30,0.0156452398763284,0.6176521297662949,0.6173526140155728,-0.40676426176679675,0.755532640226956,0.6714905316442373,runs/pivot/hrf/seed1/cfloss/pred/bio.csv,"results/pivot/bio_master.csv (source=gt, split=test)",results/gateA_biomarker_scales_train.csv
hrf,hrf,cfloss,2,last,density,skan,30,0.0156452398763284,0.5976152986470761,0.643159065628476,-0.3407979621065982,0.7542422886867082,0.6789122163220216,runs/pivot/hrf/seed2/cfloss/pred/bio.csv,"results/pivot/bio_master.csv (source=gt, split=test)",results/gateA_biomarker_scales_train.csv
hrf,hrf,continued,0,last,density,skan,30,0.0156452398763284,0.6539152662488285,0.646718576195773,0.382955699271387,0.6748030158763363,0.6572441260102625,runs/pivot/hrf/seed0/continued/pred/bio.csv,"results/pivot/bio_master.csv (source=gt, split=test)",results/gateA_biomarker_scales_train.csv
hrf,hrf,continued,1,last,density,skan,30,0.0156452398763284,0.646889890536254,0.6400444938820912,0.33492679711097034,0.6886860513464914,0.6363380989975055,runs/pivot/hrf/seed1/continued/pred/bio.csv,"results/pivot/bio_master.csv (source=gt, split=test)",results/gateA_biomarker_scales_train.csv
hrf,hrf,continued,2,last,density,skan,30,0.0156452398763284,0.6356917506216001,0.6622914349276974,0.3479727376306305,0.6960826006791653,0.6657532881230765,runs/pivot/hrf/seed2/continued/pred/bio.csv,"results/pivot/bio_master.csv (source=gt, split=test)",results/gateA_biomarker_scales_train.csv
hrf,hrf,reliseg,0,last,density,skan,30,0.0156452398763284,0.6306391349963709,0.6444938820912125,0.07373456243513775,0.6922040234524108,0.5583038049809456,runs/pivot/hrf/seed0/reliseg/pred/bio.csv,"results/pivot/bio_master.csv (source=gt, split=test)",results/gateA_biomarker_scales_train.csv
hrf,hrf,reliseg,1,last,density,skan,30,0.0156452398763284,0.6470835732528682,0.6427141268075639,0.05749489813442324,0.6970331332248868,0.5783218139524002,runs/pivot/hrf/seed1/reliseg/pred/bio.csv,"results/pivot/bio_master.csv (source=gt, split=test)",results/gateA_biomarker_scales_train.csv
hrf,hrf,reliseg,2,last,density,skan,30,0.0156452398763284,0.6299026489930799,0.6711902113459399,0.10094030506514547,0.710767447382132,0.6106129000044069,runs/pivot/hrf/seed2/reliseg/pred/bio.csv,"results/pivot/bio_master.csv (source=gt, split=test)",results/gateA_biomarker_scales_train.csv
hrf,hrf,reliseg_nocl,0,last,density,skan,30,0.0156452398763284,0.6340166237341309,0.649833147942158,-0.022398628109051667,0.6912364513507361,0.5418204475056352,runs/pivot/hrf/seed0/reliseg_nocl/pred/bio.csv,"results/pivot/bio_master.csv (source=gt, split=test)",results/gateA_biomarker_scales_train.csv
hrf,hrf,reliseg_nocl,1,last,density,skan,30,0.0156452398763284,0.6435056577904228,0.6271412680756396,-0.10170939148544737,0.7084165806499121,0.5724570495905767,runs/pivot/hrf/seed1/reliseg_nocl/pred/bio.csv,"results/pivot/bio_master.csv (source=gt, split=test)",results/gateA_biomarker_scales_train.csv
hrf,hrf,reliseg_nocl,2,last,density,skan,30,0.0156452398763284,0.6184966812027701,0.6547274749721913,-0.08068561122978439,0.7240019190305904,0.6007467480864004,runs/pivot/hrf/seed2/reliseg_nocl/pred/bio.csv,"results/pivot/bio_master.csv (source=gt, split=test)",results/gateA_biomarker_scales_train.csv
hrf,hrf,abl_cf_matched,0,last,total_length,pvbm,30,4491.472519245984,0.268464722847886,0.26807563959955505,-3.570686912692785,1.8750771833153668,3.570686912692785,runs/pivot/hrf/seed0/abl_cf_matched/pred/bio.csv,"results/pivot/bio_master.csv (source=gt, split=test)",results/gateA_biomarker_scales_train.csv
hrf,hrf,abl_cf_on_base,0,last,total_length,pvbm,30,4491.472519245984,0.287083060970899,0.27608453837597335,-3.314362536185867,1.8270535530497467,3.3194617218128406,runs/pivot/hrf/seed0/abl_cf_on_base/pred/bio.csv,"results/pivot/bio_master.csv (source=gt, split=test)",results/gateA_biomarker_scales_train.csv
hrf,hrf,abl_density_only,0,last,total_length,pvbm,30,4491.472519245984,0.29032553412634665,0.26807563959955505,-3.577274731937988,1.8555289721976642,3.577274731937988,runs/pivot/hrf/seed0/abl_density_only/pred/bio.csv,"results/pivot/bio_master.csv (source=gt, split=test)",results/gateA_biomarker_scales_train.csv
hrf,hrf,abl_fd_only,0,last,total_length,pvbm,30,4491.472519245984,0.32412788059014586,0.3014460511679644,-2.8999473047388102,1.7681093109480048,2.944451086522664,runs/pivot/hrf/seed0/abl_fd_only/pred/bio.csv,"results/pivot/bio_master.csv (source=gt, split=test)",results/gateA_biomarker_scales_train.csv
hrf,hrf,abl_fixed_ladder,0,last,total_length,pvbm,30,4491.472519245984,0.3034282316566726,0.3228031145717464,-2.8175768728179538,1.8983890402101915,2.896384500581409,runs/pivot/hrf/seed0/abl_fixed_ladder/pred/bio.csv,"results/pivot/bio_master.csv (source=gt, split=test)",results/gateA_biomarker_scales_train.csv
hrf,hrf,abl_length_only,0,last,total_length,pvbm,30,4491.472519245984,0.32269330425102083,0.28142380422691876,-2.4432063082291964,1.7785709549495543,2.5845801850376375,runs/pivot/hrf/seed0/abl_length_only/pred/bio.csv,"results/pivot/bio_master.csv (source=gt, split=test)",results/gateA_biomarker_scales_train.csv
hrf,hrf,abl_no_density,0,last,total_length,pvbm,30,4491.472519245984,0.3689062361934659,0.35839822024471635,-2.011008717170243,1.7135744149607115,2.2413676191818026,runs/pivot/hrf/seed0/abl_no_density/pred/bio.csv,"results/pivot/bio_master.csv (source=gt, split=test)",results/gateA_biomarker_scales_train.csv
hrf,hrf,abl_no_fd,0,last,total_length,pvbm,30,4491.472519245984,0.22635737850209417,0.22135706340378197,-3.157657145820286,2.0084343030715095,3.221887461175809,runs/pivot/hrf/seed0/abl_no_fd/pred/bio.csv,"results/pivot/bio_master.csv (source=gt, split=test)",results/gateA_biomarker_scales_train.csv
hrf,hrf,abl_no_length,0,last,total_length,pvbm,30,4491.472519245984,0.31243390297894713,0.29076751946607343,-3.4503126617121174,1.8255577038771427,3.4524425296477603,runs/pivot/hrf/seed0/abl_no_length/pred/bio.csv,"results/pivot/bio_master.csv (source=gt, split=test)",results/gateA_biomarker_scales_train.csv
hrf,hrf,baseline,0,last,total_length,pvbm,30,4491.472519245984,0.24298255869436694,0.2186874304783092,-3.09563498297881,1.9315914667960763,3.198720853358258,runs/pivot/hrf/seed0/baseline/pred/bio.csv,"results/pivot/bio_master.csv (source=gt, split=test)",results/gateA_biomarker_scales_train.csv
hrf,hrf,baseline,1,last,total_length,pvbm,30,4491.472519245984,0.2955363488023452,0.2867630700778643,-3.6462769691260304,1.8805543598171754,3.6462769691260304,runs/pivot/hrf/seed1/baseline/pred/bio.csv,"results/pivot/bio_master.csv (source=gt, split=test)",results/gateA_biomarker_scales_train.csv
hrf,hrf,baseline,2,last,total_length,pvbm,30,4491.472519245984,0.2697695711246856,0.2832035595105673,-3.5890635636169015,1.9823717299475658,3.5940281464958495,runs/pivot/hrf/seed2/baseline/pred/bio.csv,"results/pivot/bio_master.csv (source=gt, split=test)",results/gateA_biomarker_scales_train.csv
hrf,hrf,cfloss,0,last,total_length,pvbm,30,4491.472519245984,0.17113567236273292,0.15016685205784203,-4.473653670277773,2.173487757838215,4.473653670277773,runs/pivot/hrf/seed0/cfloss/pred/bio.csv,"results/pivot/bio_master.csv (source=gt, split=test)",results/gateA_biomarker_scales_train.csv
hrf,hrf,cfloss,1,last,total_length,pvbm,30,4491.472519245984,0.1309747628873319,0.16840934371523916,-4.522757926172741,2.4100105846046387,4.522757926172741,runs/pivot/hrf/seed1/cfloss/pred/bio.csv,"results/pivot/bio_master.csv (source=gt, split=test)",results/gateA_biomarker_scales_train.csv
hrf,hrf,cfloss,2,last,total_length,pvbm,30,4491.472519245984,0.1464925215222267,0.12614015572858733,-4.303155497725029,2.2610391013946787,4.303155497725029,runs/pivot/hrf/seed2/cfloss/pred/bio.csv,"results/pivot/bio_master.csv (source=gt, split=test)",results/gateA_biomarker_scales_train.csv
hrf,hrf,continued,0,last,total_length,pvbm,30,4491.472519245984,0.30366510750157066,0.2992213570634038,-3.1345569768076413,1.8116729091411379,3.157716377586865,runs/pivot/hrf/seed0/continued/pred/bio.csv,"results/pivot/bio_master.csv (source=gt, split=test)",results/gateA_biomarker_scales_train.csv
hrf,hrf,continued,1,last,total_length,pvbm,30,4491.472519245984,0.2522937403240625,0.21601779755283645,-3.3452357744119707,1.9403316075482566,3.354033724864162,runs/pivot/hrf/seed1/continued/pred/bio.csv,"results/pivot/bio_master.csv (source=gt, split=test)",results/gateA_biomarker_scales_train.csv
hrf,hrf,continued,2,last,total_length,pvbm,30,4491.472519245984,0.2781332691648744,0.307230255839822,-3.305070630619177,1.9130898350515932,3.3290614867806485,runs/pivot/hrf/seed2/continued/pred/bio.csv,"results/pivot/bio_master.csv (source=gt, split=test)",results/gateA_biomarker_scales_train.csv
hrf,hrf,reliseg,0,last,total_length,pvbm,30,4491.472519245984,0.28881619137186887,0.307230255839822,-2.706378559636308,1.8994728394576714,2.8060675414452323,runs/pivot/hrf/seed0/reliseg/pred/bio.csv,"results/pivot/bio_master.csv (source=gt, split=test)",results/gateA_biomarker_scales_train.csv
hrf,hrf,reliseg,1,last,total_length,pvbm,30,4491.472519245984,0.20906037432511765,0.20133481646273638,-3.0672587798148134,2.0953100549376,3.158732815300916,runs/pivot/hrf/seed1/reliseg/pred/bio.csv,"results/pivot/bio_master.csv (source=gt, split=test)",results/gateA_biomarker_scales_train.csv
hrf,hrf,reliseg,2,last,total_length,pvbm,30,4491.472519245984,0.17365616720819954,0.23292547274749723,-3.0180196297553326,2.1546677795804325,3.1628191441295326,runs/pivot/hrf/seed2/reliseg/pred/bio.csv,"results/pivot/bio_master.csv (source=gt, split=test)",results/gateA_biomarker_scales_train.csv
hrf,hrf,reliseg_nocl,0,last,total_length,pvbm,30,4491.472519245984,0.2503662021916828,0.2556173526140155,-3.729858589924731,1.9889403109822092,3.729858589924731,runs/pivot/hrf/seed0/reliseg_nocl/pred/bio.csv,"results/pivot/bio_master.csv (source=gt, split=test)",results/gateA_biomarker_scales_train.csv
hrf,hrf,reliseg_nocl,1,last,total_length,pvbm,30,4491.472519245984,0.15448185031634448,0.14126807563959956,-3.474208830216358,2.3025583138703865,3.509090597688192,runs/pivot/hrf/seed1/reliseg_nocl/pred/bio.csv,"results/pivot/bio_master.csv (source=gt, split=test)",results/gateA_biomarker_scales_train.csv
hrf,hrf,reliseg_nocl,2,last,total_length,pvbm,30,4491.472519245984,0.18034694976779375,0.24360400444938823,-3.4988931928148626,2.218349849390519,3.576694344818229,runs/pivot/hrf/seed2/reliseg_nocl/pred/bio.csv,"results/pivot/bio_master.csv (source=gt, split=test)",results/gateA_biomarker_scales_train.csv
hrf,hrf,abl_cf_matched,0,last,total_length,skan,30,6456.941750506251,0.31742589470106664,0.2987764182424916,-2.2360333147031977,1.2558484633284155,2.25020955323414,runs/pivot/hrf/seed0/abl_cf_matched/pred/bio.csv,"results/pivot/bio_master.csv (source=gt, split=test)",results/gateA_biomarker_scales_train.csv
hrf,hrf,abl_cf_on_base,0,last,total_length,skan,30,6456.941750506251,0.35401042673587124,0.32858731924360396,-2.0913573777515055,1.215742055121761,2.108824545927743,runs/pivot/hrf/seed0/abl_cf_on_base/pred/bio.csv,"results/pivot/bio_master.csv (source=gt, split=test)",results/gateA_biomarker_scales_train.csv
hrf,hrf,abl_density_only,0,last,total_length,skan,30,6456.941750506251,0.3377908250804421,0.30589543937708563,-2.2492208436540224,1.2425427170051295,2.255332250866571,runs/pivot/hrf/seed0/abl_density_only/pred/bio.csv,"results/pivot/bio_master.csv (source=gt, split=test)",results/gateA_biomarker_scales_train.csv
hrf,hrf,abl_fd_only,0,last,total_length,skan,30,6456.941750506251,0.3945444023238538,0.36017797552836484,-1.7188570008683823,1.1774365551360537,1.7833504205607205,runs/pivot/hrf/seed0/abl_fd_only/pred/bio.csv,"results/pivot/bio_master.csv (source=gt, split=test)",results/gateA_biomarker_scales_train.csv
hrf,hrf,abl_fixed_ladder,0,last,total_length,skan,30,6456.941750506251,0.42273647613731924,0.39621802002224693,-0.9531127312541915,1.1456758259596584,1.2674176163562416,runs/pivot/hrf/seed0/abl_fixed_ladder/pred/bio.csv,"results/pivot/bio_master.csv (source=gt, split=test)",results/gateA_biomarker_scales_train.csv
hrf,hrf,abl_length_only,0,last,total_length,skan,30,6456.941750506251,0.456346607256051,0.41446051167964404,-1.0940313701065216,1.1096899826274833,1.3637605171600302,runs/pivot/hrf/seed0/abl_length_only/pred/bio.csv,"results/pivot/bio_master.csv (source=gt, split=test)",results/gateA_biomarker_scales_train.csv
hrf,hrf,abl_no_density,0,last,total_length,skan,30,6456.941750506251,0.5044118204625981,0.4687430478309232,-0.3112881346147655,1.0701094953674508,0.8929372194304542,runs/pivot/hrf/seed0/abl_no_density/pred/bio.csv,"results/pivot/bio_master.csv (source=gt, split=test)",results/gateA_biomarker_scales_train.csv
hrf,hrf,abl_no_fd,0,last,total_length,skan,30,6456.941750506251,0.360189422471338,0.31657397107897667,-1.4365911168947945,1.2093974878866887,1.6196519625900976,runs/pivot/hrf/seed0/abl_no_fd/pred/bio.csv,"results/pivot/bio_master.csv (source=gt, split=test)",results/gateA_biomarker_scales_train.csv
hrf,hrf,abl_no_length,0,last,total_length,skan,30,6456.941750506251,0.3521665024197032,0.31835372636262516,-2.0729502935881023,1.2221427705995622,2.099818036112622,runs/pivot/hrf/seed0/abl_no_length/pred/bio.csv,"results/pivot/bio_master.csv (source=gt, split=test)",results/gateA_biomarker_scales_train.csv
hrf,hrf,baseline,0,last,total_length,skan,30,6456.941750506251,0.3054871842032425,0.3010011123470523,-1.7887443991246839,1.2889075682646718,1.9144810896874263,runs/pivot/hrf/seed0/baseline/pred/bio.csv,"results/pivot/bio_master.csv (source=gt, split=test)",results/gateA_biomarker_scales_train.csv
hrf,hrf,baseline,1,last,total_length,skan,30,6456.941750506251,0.3578997570644362,0.31701890989988873,-2.225755548307966,1.2300115861406464,2.242680616530523,runs/pivot/hrf/seed1/baseline/pred/bio.csv,"results/pivot/bio_master.csv (source=gt, split=test)",results/gateA_biomarker_scales_train.csv
hrf,hrf,baseline,2,last,total_length,skan,30,6456.941750506251,0.30853404076572627,0.3121245828698554,-2.0951417336425204,1.2940665839415322,2.1506019178517324,runs/pivot/hrf/seed2/baseline/pred/bio.csv,"results/pivot/bio_master.csv (source=gt, split=test)",results/gateA_biomarker_scales_train.csv
hrf,hrf,cfloss,0,last,total_length,skan,30,6456.941750506251,0.2168912818009554,0.18665183537263624,-2.7661428312879606,1.4361796748073414,2.7661428312879606,runs/pivot/hrf/seed0/cfloss/pred/bio.csv,"results/pivot/bio_master.csv (source=gt, split=test)",results/gateA_biomarker_scales_train.csv
hrf,hrf,cfloss,1,last,total_length,skan,30,6456.941750506251,0.16059567115985166,0.1532814238042269,-2.8224036211265044,1.587471225554495,2.8224036211265044,runs/pivot/hrf/seed1/cfloss/pred/bio.csv,"results/pivot/bio_master.csv (source=gt, split=test)",results/gateA_biomarker_scales_train.csv
hrf,hrf,cfloss,2,last,total_length,skan,30,6456.941750506251,0.1617956035915758,0.13681868743047831,-2.667121806900923,1.5181850799565049,2.6928245225319,runs/pivot/hrf/seed2/cfloss/pred/bio.csv,"results/pivot/bio_master.csv (source=gt, split=test)",results/gateA_biomarker_scales_train.csv
hrf,hrf,continued,0,last,total_length,skan,30,6456.941750506251,0.3736748737119276,0.3450500556173526,-1.972305970270518,1.2003298168007315,1.9986691173625608,runs/pivot/hrf/seed0/continued/pred/bio.csv,"results/pivot/bio_master.csv (source=gt, split=test)",results/gateA_biomarker_scales_train.csv
hrf,hrf,continued,1,last,total_length,skan,30,6456.941750506251,0.31382620645815923,0.2507230255839822,-2.0883855602172687,1.279256268788155,2.11682406692941,runs/pivot/hrf/seed1/continued/pred/bio.csv,"results/pivot/bio_master.csv (source=gt, split=test)",results/gateA_biomarker_scales_train.csv
hrf,hrf,continued,2,last,total_length,skan,30,6456.941750506251,0.29632635923371836,0.2987764182424916,-2.059873569691119,1.2963392039965174,2.112396320707653,runs/pivot/hrf/seed2/continued/pred/bio.csv,"results/pivot/bio_master.csv (source=gt, split=test)",results/gateA_biomarker_scales_train.csv
hrf,hrf,reliseg,0,last,total_length,skan,30,6456.941750506251,0.43421192878595327,0.37886540600667407,-0.7536919290985877,1.1359669023407712,1.131919106849264,runs/pivot/hrf/seed0/reliseg/pred/bio.csv,"results/pivot/bio_master.csv (source=gt, split=test)",results/gateA_biomarker_scales_train.csv
hrf,hrf,reliseg,1,last,total_length,skan,30,6456.941750506251,0.32029177872672465,0.25339265850945497,-1.2978283751662214,1.2524937850950137,1.5781819301961144,runs/pivot/hrf/seed1/reliseg/pred/bio.csv,"results/pivot/bio_master.csv (source=gt, split=test)",results/gateA_biomarker_scales_train.csv
hrf,hrf,reliseg,2,last,total_length,skan,30,6456.941750506251,0.27427562589899895,0.28409343715239155,-1.3786891750138397,1.2991024958664363,1.6178306766162656,runs/pivot/hrf/seed2/reliseg/pred/bio.csv,"results/pivot/bio_master.csv (source=gt, split=test)",results/gateA_biomarker_scales_train.csv
hrf,hrf,reliseg_nocl,0,last,total_length,skan,30,6456.941750506251,0.3377085577536952,0.296551724137931,-1.5748359294618417,1.2550931101560843,1.7358988984277626,runs/pivot/hrf/seed0/reliseg_nocl/pred/bio.csv,"results/pivot/bio_master.csv (source=gt, split=test)",results/gateA_biomarker_scales_train.csv
hrf,hrf,reliseg_nocl,1,last,total_length,skan,30,6456.941750506251,0.30474375406474724,0.26896551724137935,-1.3168750944540832,1.2904849596600765,1.5926912796910893,runs/pivot/hrf/seed1/reliseg_nocl/pred/bio.csv,"results/pivot/bio_master.csv (source=gt, split=test)",results/gateA_biomarker_scales_train.csv
hrf,hrf,reliseg_nocl,2,last,total_length,skan,30,6456.941750506251,0.27847513371142074,0.3045606229143492,-1.501442757885145,1.304665053162326,1.6931420955364096,runs/pivot/hrf/seed2/reliseg_nocl/pred/bio.csv,"results/pivot/bio_master.csv (source=gt, split=test)",results/gateA_biomarker_scales_train.csv
