endpoint,dataset,target,config,reference,seed,checkpoint,biomarker,pipeline,value,lo,hi,margin_value,margin,flag,source
delta_r,fives,fives,cfloss,baseline,0,fid,tortuosity,pvbm,0.05974746497717998,-0.14915330274945943,0.15612089705353382,-0.05,pre-registered (DECISIONS 2026-09-17 13:30): tortuosity/density delta-r >= -0.05,AT-RISK,runs/pivot/fives/seed0/cfloss/pred_fid/bio.csv
delta_bias_sigma,fives,fives,cfloss,baseline,0,fid,tortuosity,pvbm,0.018567437689939403,,,0.25,pre-registered (DECISIONS 2026-09-17 13:30): |delta bias| <= 0.25 sigma,ok,runs/pivot/fives/seed0/cfloss/pred_fid/bio.csv
delta_r,fives,fives,cfloss,baseline,1,fid,tortuosity,pvbm,0.04940157241276208,-0.0826403252489251,0.2564697368979532,-0.05,pre-registered (DECISIONS 2026-09-17 13:30): tortuosity/density delta-r >= -0.05,AT-RISK,runs/pivot/fives/seed1/cfloss/pred_fid/bio.csv
delta_bias_sigma,fives,fives,cfloss,baseline,1,fid,tortuosity,pvbm,-0.015776126887362185,,,0.25,pre-registered (DECISIONS 2026-09-17 13:30): |delta bias| <= 0.25 sigma,ok,runs/pivot/fives/seed1/cfloss/pred_fid/bio.csv
delta_r,fives,fives,cfloss,baseline,2,fid,tortuosity,pvbm,0.025542433532074076,-0.056339863704865344,0.1006181949837724,-0.05,pre-registered (DECISIONS 2026-09-17 13:30): tortuosity/density delta-r >= -0.05,AT-RISK,runs/pivot/fives/seed2/cfloss/pred_fid/bio.csv
delta_bias_sigma,fives,fives,cfloss,baseline,2,fid,tortuosity,pvbm,0.02866261151841165,,,0.25,pre-registered (DECISIONS 2026-09-17 13:30): |delta bias| <= 0.25 sigma,ok,runs/pivot/fives/seed2/cfloss/pred_fid/bio.csv
delta_r,fives,fives,continued,baseline,0,fid,tortuosity,pvbm,-0.05572112324899138,-0.2296764076737749,0.004169462145993198,-0.05,pre-registered (DECISIONS 2026-09-17 13:30): tortuosity/density delta-r >= -0.05,BREACH,runs/pivot/fives/seed0/continued/pred_fid/bio.csv
delta_bias_sigma,fives,fives,continued,baseline,0,fid,tortuosity,pvbm,-0.048978027412364344,,,0.25,pre-registered (DECISIONS 2026-09-17 13:30): |delta bias| <= 0.25 sigma,ok,runs/pivot/fives/seed0/continued/pred_fid/bio.csv
delta_r,fives,fives,continued,baseline,1,fid,tortuosity,pvbm,-0.04979371371663493,-0.136326281803162,-0.007986750029957261,-0.05,pre-registered (DECISIONS 2026-09-17 13:30): tortuosity/density delta-r >= -0.05,AT-RISK,runs/pivot/fives/seed1/continued/pred_fid/bio.csv
delta_bias_sigma,fives,fives,continued,baseline,1,fid,tortuosity,pvbm,-0.07563638210334367,,,0.25,pre-registered (DECISIONS 2026-09-17 13:30): |delta bias| <= 0.25 sigma,ok,runs/pivot/fives/seed1/continued/pred_fid/bio.csv
delta_r,fives,fives,continued,baseline,2,fid,tortuosity,pvbm,-0.20985083108714261,-0.3586598502914078,0.20676653695891214,-0.05,pre-registered (DECISIONS 2026-09-17 13:30): tortuosity/density delta-r >= -0.05,BREACH,runs/pivot/fives/seed2/continued/pred_fid/bio.csv
delta_bias_sigma,fives,fives,continued,baseline,2,fid,tortuosity,pvbm,-0.09941685403435185,,,0.25,pre-registered (DECISIONS 2026-09-17 13:30): |delta bias| <= 0.25 sigma,ok,runs/pivot/fives/seed2/continued/pred_fid/bio.csv
delta_r,fives,fives,continued,baseline,3,fid,tortuosity,pvbm,0.0467213761757247,-0.19905387043633427,0.15425371216415867,-0.05,pre-registered (DECISIONS 2026-09-17 13:30): tortuosity/density delta-r >= -0.05,AT-RISK,runs/pivot/fives/seed3/continued/pred_fid/bio.csv
delta_bias_sigma,fives,fives,continued,baseline,3,fid,tortuosity,pvbm,-0.11215820352344785,,,0.25,pre-registered (DECISIONS 2026-09-17 13:30): |delta bias| <= 0.25 sigma,ok,runs/pivot/fives/seed3/continued/pred_fid/bio.csv
delta_r,fives,fives,continued,baseline,4,fid,tortuosity,pvbm,0.11824796011471873,-0.05699470237521887,0.20957622127510267,-0.05,pre-registered (DECISIONS 2026-09-17 13:30): tortuosity/density delta-r >= -0.05,AT-RISK,runs/pivot/fives/seed4/continued/pred_fid/bio.csv
delta_bias_sigma,fives,fives,continued,baseline,4,fid,tortuosity,pvbm,0.0008735746095571706,,,0.25,pre-registered (DECISIONS 2026-09-17 13:30): |delta bias| <= 0.25 sigma,ok,runs/pivot/fives/seed4/continued/pred_fid/bio.csv
delta_r,fives,fives,continued,baseline,5,fid,tortuosity,pvbm,-0.1276528251607628,-0.27612029109829056,0.1842642124199629,-0.05,pre-registered (DECISIONS 2026-09-17 13:30): tortuosity/density delta-r >= -0.05,BREACH,runs/pivot/fives/seed5/continued/pred_fid/bio.csv
delta_bias_sigma,fives,fives,continued,baseline,5,fid,tortuosity,pvbm,-0.09436263813111356,,,0.25,pre-registered (DECISIONS 2026-09-17 13:30): |delta bias| <= 0.25 sigma,ok,runs/pivot/fives/seed5/continued/pred_fid/bio.csv
delta_r,fives,fives,reliseg,baseline,0,fid,tortuosity,pvbm,0.01146222652217982,-0.1664642656887445,0.07832193047640112,-0.05,pre-registered (DECISIONS 2026-09-17 13:30): tortuosity/density delta-r >= -0.05,AT-RISK,runs/pivot/fives/seed0/reliseg/pred_fid/bio.csv
delta_bias_sigma,fives,fives,reliseg,baseline,0,fid,tortuosity,pvbm,0.661582963739549,,,0.25,pre-registered (DECISIONS 2026-09-17 13:30): |delta bias| <= 0.25 sigma,BREACH,runs/pivot/fives/seed0/reliseg/pred_fid/bio.csv
delta_r,fives,fives,reliseg,baseline,1,fid,tortuosity,pvbm,0.11805664865553916,-0.1876450891313287,0.2549665695683319,-0.05,pre-registered (DECISIONS 2026-09-17 13:30): tortuosity/density delta-r >= -0.05,AT-RISK,runs/pivot/fives/seed1/reliseg/pred_fid/bio.csv
delta_bias_sigma,fives,fives,reliseg,baseline,1,fid,tortuosity,pvbm,3.6895080787895442,,,0.25,pre-registered (DECISIONS 2026-09-17 13:30): |delta bias| <= 0.25 sigma,BREACH,runs/pivot/fives/seed1/reliseg/pred_fid/bio.csv
delta_r,fives,fives,reliseg,baseline,2,fid,tortuosity,pvbm,0.04330357464195567,-0.3437984820338919,0.2280983690828096,-0.05,pre-registered (DECISIONS 2026-09-17 13:30): tortuosity/density delta-r >= -0.05,AT-RISK,runs/pivot/fives/seed2/reliseg/pred_fid/bio.csv
delta_bias_sigma,fives,fives,reliseg,baseline,2,fid,tortuosity,pvbm,2.1505594523332823,,,0.25,pre-registered (DECISIONS 2026-09-17 13:30): |delta bias| <= 0.25 sigma,BREACH,runs/pivot/fives/seed2/reliseg/pred_fid/bio.csv
delta_r,fives,fives,reliseg,baseline,3,fid,tortuosity,pvbm,-0.11200272673956299,-0.26432003898526696,0.17332102431009078,-0.05,pre-registered (DECISIONS 2026-09-17 13:30): tortuosity/density delta-r >= -0.05,BREACH,runs/pivot/fives/seed3/reliseg/pred_fid/bio.csv
delta_bias_sigma,fives,fives,reliseg,baseline,3,fid,tortuosity,pvbm,0.2593392029199313,,,0.25,pre-registered (DECISIONS 2026-09-17 13:30): |delta bias| <= 0.25 sigma,BREACH,runs/pivot/fives/seed3/reliseg/pred_fid/bio.csv
delta_r,fives,fives,reliseg,baseline,4,fid,tortuosity,pvbm,0.23615550151991851,-0.008785807106539109,0.40709618075816634,-0.05,pre-registered (DECISIONS 2026-09-17 13:30): tortuosity/density delta-r >= -0.05,ok,runs/pivot/fives/seed4/reliseg/pred_fid/bio.csv
delta_bias_sigma,fives,fives,reliseg,baseline,4,fid,tortuosity,pvbm,0.2986783468318486,,,0.25,pre-registered (DECISIONS 2026-09-17 13:30): |delta bias| <= 0.25 sigma,BREACH,runs/pivot/fives/seed4/reliseg/pred_fid/bio.csv
delta_r,fives,fives,reliseg,baseline,5,fid,tortuosity,pvbm,-0.056956777237108125,-0.18800296441275588,0.2505595550335141,-0.05,pre-registered (DECISIONS 2026-09-17 13:30): tortuosity/density delta-r >= -0.05,BREACH,runs/pivot/fives/seed5/reliseg/pred_fid/bio.csv
delta_bias_sigma,fives,fives,reliseg,baseline,5,fid,tortuosity,pvbm,0.6607880915880985,,,0.25,pre-registered (DECISIONS 2026-09-17 13:30): |delta bias| <= 0.25 sigma,BREACH,runs/pivot/fives/seed5/reliseg/pred_fid/bio.csv
delta_r,fives,fives,reliseg_nocl,baseline,0,fid,tortuosity,pvbm,0.020231922343440477,-0.23652394197866305,0.11444168150253373,-0.05,pre-registered (DECISIONS 2026-09-17 13:30): tortuosity/density delta-r >= -0.05,AT-RISK,runs/pivot/fives/seed0/reliseg_nocl/pred_fid/bio.csv
delta_bias_sigma,fives,fives,reliseg_nocl,baseline,0,fid,tortuosity,pvbm,0.3835746539936521,,,0.25,pre-registered (DECISIONS 2026-09-17 13:30): |delta bias| <= 0.25 sigma,BREACH,runs/pivot/fives/seed0/reliseg_nocl/pred_fid/bio.csv
delta_r,fives,fives,reliseg_nocl,baseline,1,fid,tortuosity,pvbm,0.08438375362211001,-0.012153876803821613,0.1585252780869335,-0.05,pre-registered (DECISIONS 2026-09-17 13:30): tortuosity/density delta-r >= -0.05,ok,runs/pivot/fives/seed1/reliseg_nocl/pred_fid/bio.csv
delta_bias_sigma,fives,fives,reliseg_nocl,baseline,1,fid,tortuosity,pvbm,0.1564397891854703,,,0.25,pre-registered (DECISIONS 2026-09-17 13:30): |delta bias| <= 0.25 sigma,ok,runs/pivot/fives/seed1/reliseg_nocl/pred_fid/bio.csv
delta_r,fives,fives,reliseg_nocl,baseline,2,fid,tortuosity,pvbm,0.056444761109330964,0.021550184794422604,0.13766673761991027,-0.05,pre-registered (DECISIONS 2026-09-17 13:30): tortuosity/density delta-r >= -0.05,ok,runs/pivot/fives/seed2/reliseg_nocl/pred_fid/bio.csv
delta_bias_sigma,fives,fives,reliseg_nocl,baseline,2,fid,tortuosity,pvbm,0.1524797444592998,,,0.25,pre-registered (DECISIONS 2026-09-17 13:30): |delta bias| <= 0.25 sigma,ok,runs/pivot/fives/seed2/reliseg_nocl/pred_fid/bio.csv
delta_r,fives,fives,cfloss,baseline,"pooled(0,1,2)",fid,tortuosity,pvbm,0.04489715697400538,-0.04817287027622544,0.09128038740944065,-0.05,pre-registered (DECISIONS 2026-09-17 13:30): tortuosity/density delta-r >= -0.05,ok,"runs/pivot/fives/seed{0,1,2}/cfloss/pred_fid/bio.csv"
delta_bias_sigma,fives,fives,cfloss,baseline,"pooled(0,1,2)",fid,tortuosity,pvbm,0.010484640773662957,,,0.25,pre-registered (DECISIONS 2026-09-17 13:30): |delta bias| <= 0.25 sigma,ok,"runs/pivot/fives/seed{0,1,2}/cfloss/pred_fid/bio.csv"
delta_r,fives,fives,continued,baseline,"pooled(0,1,2,3,4,5)",fid,tortuosity,pvbm,-0.046341526153848046,-0.0743419511099049,0.020867388539110927,-0.05,pre-registered (DECISIONS 2026-09-17 13:30): tortuosity/density delta-r >= -0.05,AT-RISK,"runs/pivot/fives/seed{0,1,2,3,4,5}/continued/pred_fid/bio.csv"
delta_bias_sigma,fives,fives,continued,baseline,"pooled(0,1,2,3,4,5)",fid,tortuosity,pvbm,-0.07161308843251069,,,0.25,pre-registered (DECISIONS 2026-09-17 13:30): |delta bias| <= 0.25 sigma,ok,"runs/pivot/fives/seed{0,1,2,3,4,5}/continued/pred_fid/bio.csv"
delta_r,fives,fives,reliseg,baseline,"pooled(0,1,2,3,4,5)",fid,tortuosity,pvbm,0.04000307456048701,-0.07432617734887989,0.09386455465194067,-0.05,pre-registered (DECISIONS 2026-09-17 13:30): tortuosity/density delta-r >= -0.05,AT-RISK,"runs/pivot/fives/seed{0,1,2,3,4,5}/reliseg/pred_fid/bio.csv"
delta_bias_sigma,fives,fives,reliseg,baseline,"pooled(0,1,2,3,4,5)",fid,tortuosity,pvbm,1.2867426893670422,,,0.25,pre-registered (DECISIONS 2026-09-17 13:30): |delta bias| <= 0.25 sigma,BREACH,"runs/pivot/fives/seed{0,1,2,3,4,5}/reliseg/pred_fid/bio.csv"
delta_r,fives,fives,reliseg_nocl,baseline,"pooled(0,1,2)",fid,tortuosity,pvbm,0.05368681235829382,-0.039453921530464196,0.1005580299175781,-0.05,pre-registered (DECISIONS 2026-09-17 13:30): tortuosity/density delta-r >= -0.05,ok,"runs/pivot/fives/seed{0,1,2}/reliseg_nocl/pred_fid/bio.csv"
delta_bias_sigma,fives,fives,reliseg_nocl,baseline,"pooled(0,1,2)",fid,tortuosity,pvbm,0.23083139587947407,,,0.25,pre-registered (DECISIONS 2026-09-17 13:30): |delta bias| <= 0.25 sigma,ok,"runs/pivot/fives/seed{0,1,2}/reliseg_nocl/pred_fid/bio.csv"
delta_r,fives,fives,cfloss,continued,0,fid,tortuosity,pvbm,0.11546858822617136,-0.08527536817432933,0.21568572775310976,-0.05,pre-registered (DECISIONS 2026-09-17 13:30): tortuosity/density delta-r >= -0.05,AT-RISK,runs/pivot/fives/seed0/cfloss/pred_fid/bio.csv
delta_bias_sigma,fives,fives,cfloss,continued,0,fid,tortuosity,pvbm,0.06754546510230375,,,0.25,pre-registered (DECISIONS 2026-09-17 13:30): |delta bias| <= 0.25 sigma,ok,runs/pivot/fives/seed0/cfloss/pred_fid/bio.csv
delta_r,fives,fives,cfloss,continued,1,fid,tortuosity,pvbm,0.099195286129397,0.0004363493408135216,0.31129335637465677,-0.05,pre-registered (DECISIONS 2026-09-17 13:30): tortuosity/density delta-r >= -0.05,ok,runs/pivot/fives/seed1/cfloss/pred_fid/bio.csv
delta_bias_sigma,fives,fives,cfloss,continued,1,fid,tortuosity,pvbm,0.059860255215981484,,,0.25,pre-registered (DECISIONS 2026-09-17 13:30): |delta bias| <= 0.25 sigma,ok,runs/pivot/fives/seed1/cfloss/pred_fid/bio.csv
delta_r,fives,fives,cfloss,continued,2,fid,tortuosity,pvbm,0.2353932646192167,-0.18880237250085538,0.39678808659367365,-0.05,pre-registered (DECISIONS 2026-09-17 13:30): tortuosity/density delta-r >= -0.05,AT-RISK,runs/pivot/fives/seed2/cfloss/pred_fid/bio.csv
delta_bias_sigma,fives,fives,cfloss,continued,2,fid,tortuosity,pvbm,0.1280794655527635,,,0.25,pre-registered (DECISIONS 2026-09-17 13:30): |delta bias| <= 0.25 sigma,ok,runs/pivot/fives/seed2/cfloss/pred_fid/bio.csv
delta_r,fives,fives,reliseg,continued,0,fid,tortuosity,pvbm,0.0671833497711712,-0.021995992435466075,0.16589915676508724,-0.05,pre-registered (DECISIONS 2026-09-17 13:30): tortuosity/density delta-r >= -0.05,ok,runs/pivot/fives/seed0/reliseg/pred_fid/bio.csv
delta_bias_sigma,fives,fives,reliseg,continued,0,fid,tortuosity,pvbm,0.7105609911519133,,,0.25,pre-registered (DECISIONS 2026-09-17 13:30): |delta bias| <= 0.25 sigma,BREACH,runs/pivot/fives/seed0/reliseg/pred_fid/bio.csv
delta_r,fives,fives,reliseg,continued,1,fid,tortuosity,pvbm,0.1678503623721741,-0.13880408323750715,0.3177410446663987,-0.05,pre-registered (DECISIONS 2026-09-17 13:30): tortuosity/density delta-r >= -0.05,AT-RISK,runs/pivot/fives/seed1/reliseg/pred_fid/bio.csv
delta_bias_sigma,fives,fives,reliseg,continued,1,fid,tortuosity,pvbm,3.7651444608928877,,,0.25,pre-registered (DECISIONS 2026-09-17 13:30): |delta bias| <= 0.25 sigma,BREACH,runs/pivot/fives/seed1/reliseg/pred_fid/bio.csv
delta_r,fives,fives,reliseg,continued,2,fid,tortuosity,pvbm,0.2531544057290983,-0.326001687301918,0.4763303911400415,-0.05,pre-registered (DECISIONS 2026-09-17 13:30): tortuosity/density delta-r >= -0.05,AT-RISK,runs/pivot/fives/seed2/reliseg/pred_fid/bio.csv
delta_bias_sigma,fives,fives,reliseg,continued,2,fid,tortuosity,pvbm,2.249976306367634,,,0.25,pre-registered (DECISIONS 2026-09-17 13:30): |delta bias| <= 0.25 sigma,BREACH,runs/pivot/fives/seed2/reliseg/pred_fid/bio.csv
delta_r,fives,fives,reliseg,continued,3,fid,tortuosity,pvbm,-0.15872410291528768,-0.29387998442407093,0.09095426408259188,-0.05,pre-registered (DECISIONS 2026-09-17 13:30): tortuosity/density delta-r >= -0.05,BREACH,runs/pivot/fives/seed3/reliseg/pred_fid/bio.csv
delta_bias_sigma,fives,fives,reliseg,continued,3,fid,tortuosity,pvbm,0.37149740644337914,,,0.25,pre-registered (DECISIONS 2026-09-17 13:30): |delta bias| <= 0.25 sigma,BREACH,runs/pivot/fives/seed3/reliseg/pred_fid/bio.csv
delta_r,fives,fives,reliseg,continued,4,fid,tortuosity,pvbm,0.11790754140519978,-0.044722295611296724,0.2109968178043168,-0.05,pre-registered (DECISIONS 2026-09-17 13:30): tortuosity/density delta-r >= -0.05,ok,runs/pivot/fives/seed4/reliseg/pred_fid/bio.csv
delta_bias_sigma,fives,fives,reliseg,continued,4,fid,tortuosity,pvbm,0.2978047722222914,,,0.25,pre-registered (DECISIONS 2026-09-17 13:30): |delta bias| <= 0.25 sigma,BREACH,runs/pivot/fives/seed4/reliseg/pred_fid/bio.csv
delta_r,fives,fives,reliseg,continued,5,fid,tortuosity,pvbm,0.07069604792365468,-0.10125018681981851,0.1877047945109799,-0.05,pre-registered (DECISIONS 2026-09-17 13:30): tortuosity/density delta-r >= -0.05,AT-RISK,runs/pivot/fives/seed5/reliseg/pred_fid/bio.csv
delta_bias_sigma,fives,fives,reliseg,continued,5,fid,tortuosity,pvbm,0.755150729719212,,,0.25,pre-registered (DECISIONS 2026-09-17 13:30): |delta bias| <= 0.25 sigma,BREACH,runs/pivot/fives/seed5/reliseg/pred_fid/bio.csv
delta_r,fives,fives,reliseg_nocl,continued,0,fid,tortuosity,pvbm,0.07595304559243185,-0.14427990303381152,0.16925514745504916,-0.05,pre-registered (DECISIONS 2026-09-17 13:30): tortuosity/density delta-r >= -0.05,AT-RISK,runs/pivot/fives/seed0/reliseg_nocl/pred_fid/bio.csv
delta_bias_sigma,fives,fives,reliseg_nocl,continued,0,fid,tortuosity,pvbm,0.43255268140601644,,,0.25,pre-registered (DECISIONS 2026-09-17 13:30): |delta bias| <= 0.25 sigma,BREACH,runs/pivot/fives/seed0/reliseg_nocl/pred_fid/bio.csv
delta_r,fives,fives,reliseg_nocl,continued,1,fid,tortuosity,pvbm,0.13417746733874492,0.03457546620639736,0.25886623734943937,-0.05,pre-registered (DECISIONS 2026-09-17 13:30): tortuosity/density delta-r >= -0.05,ok,runs/pivot/fives/seed1/reliseg_nocl/pred_fid/bio.csv
delta_bias_sigma,fives,fives,reliseg_nocl,continued,1,fid,tortuosity,pvbm,0.23207617128881397,,,0.25,pre-registered (DECISIONS 2026-09-17 13:30): |delta bias| <= 0.25 sigma,ok,runs/pivot/fives/seed1/reliseg_nocl/pred_fid/bio.csv
delta_r,fives,fives,reliseg_nocl,continued,2,fid,tortuosity,pvbm,0.2662955921964736,-0.09271642795351136,0.4196151613371194,-0.05,pre-registered (DECISIONS 2026-09-17 13:30): tortuosity/density delta-r >= -0.05,AT-RISK,runs/pivot/fives/seed2/reliseg_nocl/pred_fid/bio.csv
delta_bias_sigma,fives,fives,reliseg_nocl,continued,2,fid,tortuosity,pvbm,0.25189659849365165,,,0.25,pre-registered (DECISIONS 2026-09-17 13:30): |delta bias| <= 0.25 sigma,BREACH,runs/pivot/fives/seed2/reliseg_nocl/pred_fid/bio.csv
delta_r,fives,fives,cfloss,continued,"pooled(0,1,2)",fid,tortuosity,pvbm,0.15001904632492835,-0.04451231345786302,0.23780581009960844,-0.05,pre-registered (DECISIONS 2026-09-17 13:30): tortuosity/density delta-r >= -0.05,ok,"runs/pivot/fives/seed{0,1,2}/cfloss/pred_fid/bio.csv"
delta_bias_sigma,fives,fives,cfloss,continued,"pooled(0,1,2)",fid,tortuosity,pvbm,0.08516172862368292,,,0.25,pre-registered (DECISIONS 2026-09-17 13:30): |delta bias| <= 0.25 sigma,ok,"runs/pivot/fives/seed{0,1,2}/cfloss/pred_fid/bio.csv"
delta_r,fives,fives,reliseg,continued,"pooled(0,1,2,3,4,5)",fid,tortuosity,pvbm,0.08634460071433507,-0.07327165284567078,0.1542945033534115,-0.05,pre-registered (DECISIONS 2026-09-17 13:30): tortuosity/density delta-r >= -0.05,AT-RISK,"runs/pivot/fives/seed{0,1,2,3,4,5}/reliseg/pred_fid/bio.csv"
delta_bias_sigma,fives,fives,reliseg,continued,"pooled(0,1,2,3,4,5)",fid,tortuosity,pvbm,1.358355777799553,,,0.25,pre-registered (DECISIONS 2026-09-17 13:30): |delta bias| <= 0.25 sigma,BREACH,"runs/pivot/fives/seed{0,1,2,3,4,5}/reliseg/pred_fid/bio.csv"
delta_r,fives,fives,reliseg_nocl,continued,"pooled(0,1,2)",fid,tortuosity,pvbm,0.1588087017092168,-0.017602225080351475,0.24675682282553635,-0.05,pre-registered (DECISIONS 2026-09-17 13:30): tortuosity/density delta-r >= -0.05,ok,"runs/pivot/fives/seed{0,1,2}/reliseg_nocl/pred_fid/bio.csv"
delta_bias_sigma,fives,fives,reliseg_nocl,continued,"pooled(0,1,2)",fid,tortuosity,pvbm,0.305508483729494,,,0.25,pre-registered (DECISIONS 2026-09-17 13:30): |delta bias| <= 0.25 sigma,BREACH,"runs/pivot/fives/seed{0,1,2}/reliseg_nocl/pred_fid/bio.csv"
delta_r,fives,fives,cfloss,baseline,0,fid,tortuosity,skan,0.11009072352975924,-0.06436799861844662,0.27941170287038986,-0.05,pre-registered (DECISIONS 2026-09-17 13:30): tortuosity/density delta-r >= -0.05,AT-RISK,runs/pivot/fives/seed0/cfloss/pred_fid/bio.csv
delta_bias_sigma,fives,fives,cfloss,baseline,0,fid,tortuosity,skan,0.09375748658970134,,,0.25,pre-registered (DECISIONS 2026-09-17 13:30): |delta bias| <= 0.25 sigma,ok,runs/pivot/fives/seed0/cfloss/pred_fid/bio.csv
delta_r,fives,fives,cfloss,baseline,1,fid,tortuosity,skan,-0.006819710789643718,-0.20260158724756033,0.13929312735659455,-0.05,pre-registered (DECISIONS 2026-09-17 13:30): tortuosity/density delta-r >= -0.05,AT-RISK,runs/pivot/fives/seed1/cfloss/pred_fid/bio.csv
delta_bias_sigma,fives,fives,cfloss,baseline,1,fid,tortuosity,skan,-0.031745958078627276,,,0.25,pre-registered (DECISIONS 2026-09-17 13:30): |delta bias| <= 0.25 sigma,ok,runs/pivot/fives/seed1/cfloss/pred_fid/bio.csv
delta_r,fives,fives,cfloss,baseline,2,fid,tortuosity,skan,-0.051171871349344145,-0.21838811135800726,0.07790012382282666,-0.05,pre-registered (DECISIONS 2026-09-17 13:30): tortuosity/density delta-r >= -0.05,BREACH,runs/pivot/fives/seed2/cfloss/pred_fid/bio.csv
delta_bias_sigma,fives,fives,cfloss,baseline,2,fid,tortuosity,skan,-0.0899816138671114,,,0.25,pre-registered (DECISIONS 2026-09-17 13:30): |delta bias| <= 0.25 sigma,ok,runs/pivot/fives/seed2/cfloss/pred_fid/bio.csv
delta_r,fives,fives,continued,baseline,0,fid,tortuosity,skan,0.05662200826772712,-0.005906424844798831,0.12028503336078873,-0.05,pre-registered (DECISIONS 2026-09-17 13:30): tortuosity/density delta-r >= -0.05,ok,runs/pivot/fives/seed0/continued/pred_fid/bio.csv
delta_bias_sigma,fives,fives,continued,baseline,0,fid,tortuosity,skan,-0.020250539912830934,,,0.25,pre-registered (DECISIONS 2026-09-17 13:30): |delta bias| <= 0.25 sigma,ok,runs/pivot/fives/seed0/continued/pred_fid/bio.csv
delta_r,fives,fives,continued,baseline,1,fid,tortuosity,skan,-0.38585681731655597,-0.6248978804646892,0.005243707434302828,-0.05,pre-registered (DECISIONS 2026-09-17 13:30): tortuosity/density delta-r >= -0.05,BREACH,runs/pivot/fives/seed1/continued/pred_fid/bio.csv
delta_bias_sigma,fives,fives,continued,baseline,1,fid,tortuosity,skan,0.2796445156262576,,,0.25,pre-registered (DECISIONS 2026-09-17 13:30): |delta bias| <= 0.25 sigma,BREACH,runs/pivot/fives/seed1/continued/pred_fid/bio.csv
delta_r,fives,fives,continued,baseline,2,fid,tortuosity,skan,-0.09888720467796697,-0.27781504808733054,0.04444356599665131,-0.05,pre-registered (DECISIONS 2026-09-17 13:30): tortuosity/density delta-r >= -0.05,BREACH,runs/pivot/fives/seed2/continued/pred_fid/bio.csv
delta_bias_sigma,fives,fives,continued,baseline,2,fid,tortuosity,skan,-0.05155527164576573,,,0.25,pre-registered (DECISIONS 2026-09-17 13:30): |delta bias| <= 0.25 sigma,ok,runs/pivot/fives/seed2/continued/pred_fid/bio.csv
delta_r,fives,fives,continued,baseline,3,fid,tortuosity,skan,0.11096091459173663,-0.06611527140652876,0.31616318512038494,-0.05,pre-registered (DECISIONS 2026-09-17 13:30): tortuosity/density delta-r >= -0.05,AT-RISK,runs/pivot/fives/seed3/continued/pred_fid/bio.csv
delta_bias_sigma,fives,fives,continued,baseline,3,fid,tortuosity,skan,0.009365358646691205,,,0.25,pre-registered (DECISIONS 2026-09-17 13:30): |delta bias| <= 0.25 sigma,ok,runs/pivot/fives/seed3/continued/pred_fid/bio.csv
delta_r,fives,fives,continued,baseline,4,fid,tortuosity,skan,-0.04712558216952756,-0.15925031198283848,0.04915688649748204,-0.05,pre-registered (DECISIONS 2026-09-17 13:30): tortuosity/density delta-r >= -0.05,AT-RISK,runs/pivot/fives/seed4/continued/pred_fid/bio.csv
delta_bias_sigma,fives,fives,continued,baseline,4,fid,tortuosity,skan,-0.03714482116434894,,,0.25,pre-registered (DECISIONS 2026-09-17 13:30): |delta bias| <= 0.25 sigma,ok,runs/pivot/fives/seed4/continued/pred_fid/bio.csv
delta_r,fives,fives,continued,baseline,5,fid,tortuosity,skan,0.00020875335321202115,-0.046738109942430384,0.05897825174891079,-0.05,pre-registered (DECISIONS 2026-09-17 13:30): tortuosity/density delta-r >= -0.05,ok,runs/pivot/fives/seed5/continued/pred_fid/bio.csv
delta_bias_sigma,fives,fives,continued,baseline,5,fid,tortuosity,skan,0.009291851176091583,,,0.25,pre-registered (DECISIONS 2026-09-17 13:30): |delta bias| <= 0.25 sigma,ok,runs/pivot/fives/seed5/continued/pred_fid/bio.csv
delta_r,fives,fives,reliseg,baseline,0,fid,tortuosity,skan,0.046659514554732384,-0.0019042110523638728,0.09546421113168303,-0.05,pre-registered (DECISIONS 2026-09-17 13:30): tortuosity/density delta-r >= -0.05,ok,runs/pivot/fives/seed0/reliseg/pred_fid/bio.csv
delta_bias_sigma,fives,fives,reliseg,baseline,0,fid,tortuosity,skan,0.01615736697729553,,,0.25,pre-registered (DECISIONS 2026-09-17 13:30): |delta bias| <= 0.25 sigma,ok,runs/pivot/fives/seed0/reliseg/pred_fid/bio.csv
delta_r,fives,fives,reliseg,baseline,1,fid,tortuosity,skan,0.053960874266778536,-0.09986137785298756,0.19850096405417014,-0.05,pre-registered (DECISIONS 2026-09-17 13:30): tortuosity/density delta-r >= -0.05,AT-RISK,runs/pivot/fives/seed1/reliseg/pred_fid/bio.csv
delta_bias_sigma,fives,fives,reliseg,baseline,1,fid,tortuosity,skan,0.10771606742543577,,,0.25,pre-registered (DECISIONS 2026-09-17 13:30): |delta bias| <= 0.25 sigma,ok,runs/pivot/fives/seed1/reliseg/pred_fid/bio.csv
delta_r,fives,fives,reliseg,baseline,2,fid,tortuosity,skan,-0.08526683600278068,-0.2564435265431548,0.0445039866709605,-0.05,pre-registered (DECISIONS 2026-09-17 13:30): tortuosity/density delta-r >= -0.05,BREACH,runs/pivot/fives/seed2/reliseg/pred_fid/bio.csv
delta_bias_sigma,fives,fives,reliseg,baseline,2,fid,tortuosity,skan,-0.08813315404530919,,,0.25,pre-registered (DECISIONS 2026-09-17 13:30): |delta bias| <= 0.25 sigma,ok,runs/pivot/fives/seed2/reliseg/pred_fid/bio.csv
delta_r,fives,fives,reliseg,baseline,3,fid,tortuosity,skan,0.10403703046055057,-0.1265911859508723,0.3281324925111599,-0.05,pre-registered (DECISIONS 2026-09-17 13:30): tortuosity/density delta-r >= -0.05,AT-RISK,runs/pivot/fives/seed3/reliseg/pred_fid/bio.csv
delta_bias_sigma,fives,fives,reliseg,baseline,3,fid,tortuosity,skan,-0.09854014172279321,,,0.25,pre-registered (DECISIONS 2026-09-17 13:30): |delta bias| <= 0.25 sigma,ok,runs/pivot/fives/seed3/reliseg/pred_fid/bio.csv
delta_r,fives,fives,reliseg,baseline,4,fid,tortuosity,skan,0.109673322135451,-0.0007530959620477478,0.23153959088797027,-0.05,pre-registered (DECISIONS 2026-09-17 13:30): tortuosity/density delta-r >= -0.05,ok,runs/pivot/fives/seed4/reliseg/pred_fid/bio.csv
delta_bias_sigma,fives,fives,reliseg,baseline,4,fid,tortuosity,skan,-0.02600800930946858,,,0.25,pre-registered (DECISIONS 2026-09-17 13:30): |delta bias| <= 0.25 sigma,ok,runs/pivot/fives/seed4/reliseg/pred_fid/bio.csv
delta_r,fives,fives,reliseg,baseline,5,fid,tortuosity,skan,-0.09389112843441355,-0.19905075274483425,0.02737545921066055,-0.05,pre-registered (DECISIONS 2026-09-17 13:30): tortuosity/density delta-r >= -0.05,BREACH,runs/pivot/fives/seed5/reliseg/pred_fid/bio.csv
delta_bias_sigma,fives,fives,reliseg,baseline,5,fid,tortuosity,skan,0.04576014437774033,,,0.25,pre-registered (DECISIONS 2026-09-17 13:30): |delta bias| <= 0.25 sigma,ok,runs/pivot/fives/seed5/reliseg/pred_fid/bio.csv
delta_r,fives,fives,reliseg_nocl,baseline,0,fid,tortuosity,skan,0.032797023095136046,-0.0358802507402693,0.08834138699431805,-0.05,pre-registered (DECISIONS 2026-09-17 13:30): tortuosity/density delta-r >= -0.05,ok,runs/pivot/fives/seed0/reliseg_nocl/pred_fid/bio.csv
delta_bias_sigma,fives,fives,reliseg_nocl,baseline,0,fid,tortuosity,skan,-0.08007324332503116,,,0.25,pre-registered (DECISIONS 2026-09-17 13:30): |delta bias| <= 0.25 sigma,ok,runs/pivot/fives/seed0/reliseg_nocl/pred_fid/bio.csv
delta_r,fives,fives,reliseg_nocl,baseline,1,fid,tortuosity,skan,-0.07077989362201381,-0.23456146707985184,0.06850830329863976,-0.05,pre-registered (DECISIONS 2026-09-17 13:30): tortuosity/density delta-r >= -0.05,BREACH,runs/pivot/fives/seed1/reliseg_nocl/pred_fid/bio.csv
delta_bias_sigma,fives,fives,reliseg_nocl,baseline,1,fid,tortuosity,skan,-0.01505028427142982,,,0.25,pre-registered (DECISIONS 2026-09-17 13:30): |delta bias| <= 0.25 sigma,ok,runs/pivot/fives/seed1/reliseg_nocl/pred_fid/bio.csv
delta_r,fives,fives,reliseg_nocl,baseline,2,fid,tortuosity,skan,-0.0642166704943587,-0.2346784148032174,0.07098562143853533,-0.05,pre-registered (DECISIONS 2026-09-17 13:30): tortuosity/density delta-r >= -0.05,BREACH,runs/pivot/fives/seed2/reliseg_nocl/pred_fid/bio.csv
delta_bias_sigma,fives,fives,reliseg_nocl,baseline,2,fid,tortuosity,skan,-0.11226401585074396,,,0.25,pre-registered (DECISIONS 2026-09-17 13:30): |delta bias| <= 0.25 sigma,ok,runs/pivot/fives/seed2/reliseg_nocl/pred_fid/bio.csv
delta_r,fives,fives,cfloss,baseline,"pooled(0,1,2)",fid,tortuosity,skan,0.01736638046359046,-0.06486052521819749,0.08656602542935789,-0.05,pre-registered (DECISIONS 2026-09-17 13:30): tortuosity/density delta-r >= -0.05,AT-RISK,"runs/pivot/fives/seed{0,1,2}/cfloss/pred_fid/bio.csv"
delta_bias_sigma,fives,fives,cfloss,baseline,"pooled(0,1,2)",fid,tortuosity,skan,-0.009323361785345777,,,0.25,pre-registered (DECISIONS 2026-09-17 13:30): |delta bias| <= 0.25 sigma,ok,"runs/pivot/fives/seed{0,1,2}/cfloss/pred_fid/bio.csv"
delta_r,fives,fives,continued,baseline,"pooled(0,1,2,3,4,5)",fid,tortuosity,skan,-0.060679654658562454,-0.12798082091034751,0.048647797216282936,-0.05,pre-registered (DECISIONS 2026-09-17 13:30): tortuosity/density delta-r >= -0.05,BREACH,"runs/pivot/fives/seed{0,1,2,3,4,5}/continued/pred_fid/bio.csv"
delta_bias_sigma,fives,fives,continued,baseline,"pooled(0,1,2,3,4,5)",fid,tortuosity,skan,0.03155851545434912,,,0.25,pre-registered (DECISIONS 2026-09-17 13:30): |delta bias| <= 0.25 sigma,ok,"runs/pivot/fives/seed{0,1,2,3,4,5}/continued/pred_fid/bio.csv"
delta_r,fives,fives,reliseg,baseline,"pooled(0,1,2,3,4,5)",fid,tortuosity,skan,0.022528796163386378,-0.043483685833393855,0.08374656156442103,-0.05,pre-registered (DECISIONS 2026-09-17 13:30): tortuosity/density delta-r >= -0.05,ok,"runs/pivot/fives/seed{0,1,2,3,4,5}/reliseg/pred_fid/bio.csv"
delta_bias_sigma,fives,fives,reliseg,baseline,"pooled(0,1,2,3,4,5)",fid,tortuosity,skan,-0.007174621049516561,,,0.25,pre-registered (DECISIONS 2026-09-17 13:30): |delta bias| <= 0.25 sigma,ok,"runs/pivot/fives/seed{0,1,2,3,4,5}/reliseg/pred_fid/bio.csv"
delta_r,fives,fives,reliseg_nocl,baseline,"pooled(0,1,2)",fid,tortuosity,skan,-0.03406651367374549,-0.15165724118638504,0.05204153873726076,-0.05,pre-registered (DECISIONS 2026-09-17 13:30): tortuosity/density delta-r >= -0.05,AT-RISK,"runs/pivot/fives/seed{0,1,2}/reliseg_nocl/pred_fid/bio.csv"
delta_bias_sigma,fives,fives,reliseg_nocl,baseline,"pooled(0,1,2)",fid,tortuosity,skan,-0.06912918114906831,,,0.25,pre-registered (DECISIONS 2026-09-17 13:30): |delta bias| <= 0.25 sigma,ok,"runs/pivot/fives/seed{0,1,2}/reliseg_nocl/pred_fid/bio.csv"
delta_r,fives,fives,cfloss,continued,0,fid,tortuosity,skan,0.05346871526203212,-0.11838739795067806,0.24147045950895327,-0.05,pre-registered (DECISIONS 2026-09-17 13:30): tortuosity/density delta-r >= -0.05,AT-RISK,runs/pivot/fives/seed0/cfloss/pred_fid/bio.csv
delta_bias_sigma,fives,fives,cfloss,continued,0,fid,tortuosity,skan,0.11400802650253228,,,0.25,pre-registered (DECISIONS 2026-09-17 13:30): |delta bias| <= 0.25 sigma,ok,runs/pivot/fives/seed0/cfloss/pred_fid/bio.csv
delta_r,fives,fives,cfloss,continued,1,fid,tortuosity,skan,0.37903710652691225,-0.12117491473296599,0.6198737589029973,-0.05,pre-registered (DECISIONS 2026-09-17 13:30): tortuosity/density delta-r >= -0.05,AT-RISK,runs/pivot/fives/seed1/cfloss/pred_fid/bio.csv
delta_bias_sigma,fives,fives,cfloss,continued,1,fid,tortuosity,skan,-0.3113904737048849,,,0.25,pre-registered (DECISIONS 2026-09-17 13:30): |delta bias| <= 0.25 sigma,BREACH,runs/pivot/fives/seed1/cfloss/pred_fid/bio.csv
delta_r,fives,fives,cfloss,continued,2,fid,tortuosity,skan,0.04771533332862282,-0.009147226285806064,0.11618886914877426,-0.05,pre-registered (DECISIONS 2026-09-17 13:30): tortuosity/density delta-r >= -0.05,ok,runs/pivot/fives/seed2/cfloss/pred_fid/bio.csv
delta_bias_sigma,fives,fives,cfloss,continued,2,fid,tortuosity,skan,-0.038426342221345666,,,0.25,pre-registered (DECISIONS 2026-09-17 13:30): |delta bias| <= 0.25 sigma,ok,runs/pivot/fives/seed2/cfloss/pred_fid/bio.csv
delta_r,fives,fives,reliseg,continued,0,fid,tortuosity,skan,-0.009962493712994736,-0.0806003366685104,0.05033263987811756,-0.05,pre-registered (DECISIONS 2026-09-17 13:30): tortuosity/density delta-r >= -0.05,AT-RISK,runs/pivot/fives/seed0/reliseg/pred_fid/bio.csv
delta_bias_sigma,fives,fives,reliseg,continued,0,fid,tortuosity,skan,0.03640790689012646,,,0.25,pre-registered (DECISIONS 2026-09-17 13:30): |delta bias| <= 0.25 sigma,ok,runs/pivot/fives/seed0/reliseg/pred_fid/bio.csv
delta_r,fives,fives,reliseg,continued,1,fid,tortuosity,skan,0.4398176915833345,-0.029362466141648044,0.6294332216086321,-0.05,pre-registered (DECISIONS 2026-09-17 13:30): tortuosity/density delta-r >= -0.05,ok,runs/pivot/fives/seed1/reliseg/pred_fid/bio.csv
delta_bias_sigma,fives,fives,reliseg,continued,1,fid,tortuosity,skan,-0.17192844820082182,,,0.25,pre-registered (DECISIONS 2026-09-17 13:30): |delta bias| <= 0.25 sigma,ok,runs/pivot/fives/seed1/reliseg/pred_fid/bio.csv
delta_r,fives,fives,reliseg,continued,2,fid,tortuosity,skan,0.01362036867518629,-0.04328151262703316,0.07899024918884483,-0.05,pre-registered (DECISIONS 2026-09-17 13:30): tortuosity/density delta-r >= -0.05,ok,runs/pivot/fives/seed2/reliseg/pred_fid/bio.csv
delta_bias_sigma,fives,fives,reliseg,continued,2,fid,tortuosity,skan,-0.03657788239954346,,,0.25,pre-registered (DECISIONS 2026-09-17 13:30): |delta bias| <= 0.25 sigma,ok,runs/pivot/fives/seed2/reliseg/pred_fid/bio.csv
delta_r,fives,fives,reliseg,continued,3,fid,tortuosity,skan,-0.006923884131186053,-0.12951271425802796,0.10733718039014761,-0.05,pre-registered (DECISIONS 2026-09-17 13:30): tortuosity/density delta-r >= -0.05,AT-RISK,runs/pivot/fives/seed3/reliseg/pred_fid/bio.csv
delta_bias_sigma,fives,fives,reliseg,continued,3,fid,tortuosity,skan,-0.10790550036948443,,,0.25,pre-registered (DECISIONS 2026-09-17 13:30): |delta bias| <= 0.25 sigma,ok,runs/pivot/fives/seed3/reliseg/pred_fid/bio.csv
delta_r,fives,fives,reliseg,continued,4,fid,tortuosity,skan,0.15679890430497856,-0.02798808819813844,0.3541094045931846,-0.05,pre-registered (DECISIONS 2026-09-17 13:30): tortuosity/density delta-r >= -0.05,ok,runs/pivot/fives/seed4/reliseg/pred_fid/bio.csv
delta_bias_sigma,fives,fives,reliseg,continued,4,fid,tortuosity,skan,0.011136811854880357,,,0.25,pre-registered (DECISIONS 2026-09-17 13:30): |delta bias| <= 0.25 sigma,ok,runs/pivot/fives/seed4/reliseg/pred_fid/bio.csv
delta_r,fives,fives,reliseg,continued,5,fid,tortuosity,skan,-0.09409988178762557,-0.2064058660100689,0.020134766000701364,-0.05,pre-registered (DECISIONS 2026-09-17 13:30): tortuosity/density delta-r >= -0.05,BREACH,runs/pivot/fives/seed5/reliseg/pred_fid/bio.csv
delta_bias_sigma,fives,fives,reliseg,continued,5,fid,tortuosity,skan,0.036468293201648745,,,0.25,pre-registered (DECISIONS 2026-09-17 13:30): |delta bias| <= 0.25 sigma,ok,runs/pivot/fives/seed5/reliseg/pred_fid/bio.csv
delta_r,fives,fives,reliseg_nocl,continued,0,fid,tortuosity,skan,-0.023824985172591073,-0.09412333323532375,0.029912693963031808,-0.05,pre-registered (DECISIONS 2026-09-17 13:30): tortuosity/density delta-r >= -0.05,AT-RISK,runs/pivot/fives/seed0/reliseg_nocl/pred_fid/bio.csv
delta_bias_sigma,fives,fives,reliseg_nocl,continued,0,fid,tortuosity,skan,-0.05982270341220022,,,0.25,pre-registered (DECISIONS 2026-09-17 13:30): |delta bias| <= 0.25 sigma,ok,runs/pivot/fives/seed0/reliseg_nocl/pred_fid/bio.csv
delta_r,fives,fives,reliseg_nocl,continued,1,fid,tortuosity,skan,0.31507692369454215,-0.14980847304557732,0.5906951096087616,-0.05,pre-registered (DECISIONS 2026-09-17 13:30): tortuosity/density delta-r >= -0.05,AT-RISK,runs/pivot/fives/seed1/reliseg_nocl/pred_fid/bio.csv
delta_bias_sigma,fives,fives,reliseg_nocl,continued,1,fid,tortuosity,skan,-0.29469479989768743,,,0.25,pre-registered (DECISIONS 2026-09-17 13:30): |delta bias| <= 0.25 sigma,BREACH,runs/pivot/fives/seed1/reliseg_nocl/pred_fid/bio.csv
delta_r,fives,fives,reliseg_nocl,continued,2,fid,tortuosity,skan,0.03467053418360827,-0.031819602915131744,0.11438651875144747,-0.05,pre-registered (DECISIONS 2026-09-17 13:30): tortuosity/density delta-r >= -0.05,ok,runs/pivot/fives/seed2/reliseg_nocl/pred_fid/bio.csv
delta_bias_sigma,fives,fives,reliseg_nocl,continued,2,fid,tortuosity,skan,-0.060708744204978224,,,0.25,pre-registered (DECISIONS 2026-09-17 13:30): |delta bias| <= 0.25 sigma,ok,runs/pivot/fives/seed2/reliseg_nocl/pred_fid/bio.csv
delta_r,fives,fives,cfloss,continued,"pooled(0,1,2)",fid,tortuosity,skan,0.1600737183725224,0.002102127609494628,0.2275447257864451,-0.05,pre-registered (DECISIONS 2026-09-17 13:30): tortuosity/density delta-r >= -0.05,ok,"runs/pivot/fives/seed{0,1,2}/cfloss/pred_fid/bio.csv"
delta_bias_sigma,fives,fives,cfloss,continued,"pooled(0,1,2)",fid,tortuosity,skan,-0.07860292980789942,,,0.25,pre-registered (DECISIONS 2026-09-17 13:30): |delta bias| <= 0.25 sigma,ok,"runs/pivot/fives/seed{0,1,2}/cfloss/pred_fid/bio.csv"
delta_r,fives,fives,reliseg,continued,"pooled(0,1,2,3,4,5)",fid,tortuosity,skan,0.08320845082194882,-0.014523480028303167,0.13152116078561163,-0.05,pre-registered (DECISIONS 2026-09-17 13:30): tortuosity/density delta-r >= -0.05,ok,"runs/pivot/fives/seed{0,1,2,3,4,5}/reliseg/pred_fid/bio.csv"
delta_bias_sigma,fives,fives,reliseg,continued,"pooled(0,1,2,3,4,5)",fid,tortuosity,skan,-0.038733136503865694,,,0.25,pre-registered (DECISIONS 2026-09-17 13:30): |delta bias| <= 0.25 sigma,ok,"runs/pivot/fives/seed{0,1,2,3,4,5}/reliseg/pred_fid/bio.csv"
delta_r,fives,fives,reliseg_nocl,continued,"pooled(0,1,2)",fid,tortuosity,skan,0.10864082423518645,-0.05202140609204326,0.2066261755146345,-0.05,pre-registered (DECISIONS 2026-09-17 13:30): tortuosity/density delta-r >= -0.05,AT-RISK,"runs/pivot/fives/seed{0,1,2}/reliseg_nocl/pred_fid/bio.csv"
delta_bias_sigma,fives,fives,reliseg_nocl,continued,"pooled(0,1,2)",fid,tortuosity,skan,-0.13840874917162196,,,0.25,pre-registered (DECISIONS 2026-09-17 13:30): |delta bias| <= 0.25 sigma,ok,"runs/pivot/fives/seed{0,1,2}/reliseg_nocl/pred_fid/bio.csv"
delta_r,fives,fives,cfloss,baseline,0,fid,density,pvbm,-0.0013893082572904447,-0.004180102320274137,0.0009182184229324014,-0.05,pre-registered (DECISIONS 2026-09-17 13:30): tortuosity/density delta-r >= -0.05,ok,runs/pivot/fives/seed0/cfloss/pred_fid/bio.csv
delta_bias_sigma,fives,fives,cfloss,baseline,0,fid,density,pvbm,-0.1752244370146937,,,0.25,pre-registered (DECISIONS 2026-09-17 13:30): |delta bias| <= 0.25 sigma,ok,runs/pivot/fives/seed0/cfloss/pred_fid/bio.csv
delta_r,fives,fives,cfloss,baseline,1,fid,density,pvbm,-0.001249916214565161,-0.0031797270508528595,0.00020629685808978425,-0.05,pre-registered (DECISIONS 2026-09-17 13:30): tortuosity/density delta-r >= -0.05,ok,runs/pivot/fives/seed1/cfloss/pred_fid/bio.csv
delta_bias_sigma,fives,fives,cfloss,baseline,1,fid,density,pvbm,-0.17626569783412396,,,0.25,pre-registered (DECISIONS 2026-09-17 13:30): |delta bias| <= 0.25 sigma,ok,runs/pivot/fives/seed1/cfloss/pred_fid/bio.csv
delta_r,fives,fives,cfloss,baseline,2,fid,density,pvbm,-0.0005665915414012623,-0.0012982871874330031,4.68313784160094e-05,-0.05,pre-registered (DECISIONS 2026-09-17 13:30): tortuosity/density delta-r >= -0.05,ok,runs/pivot/fives/seed2/cfloss/pred_fid/bio.csv
delta_bias_sigma,fives,fives,cfloss,baseline,2,fid,density,pvbm,0.004180063737070999,,,0.25,pre-registered (DECISIONS 2026-09-17 13:30): |delta bias| <= 0.25 sigma,ok,runs/pivot/fives/seed2/cfloss/pred_fid/bio.csv
delta_r,fives,fives,continued,baseline,0,fid,density,pvbm,0.000115666093909228,-0.0006153605171126453,0.0009178589788585103,-0.05,pre-registered (DECISIONS 2026-09-17 13:30): tortuosity/density delta-r >= -0.05,ok,runs/pivot/fives/seed0/continued/pred_fid/bio.csv
delta_bias_sigma,fives,fives,continued,baseline,0,fid,density,pvbm,0.0430429568292712,,,0.25,pre-registered (DECISIONS 2026-09-17 13:30): |delta bias| <= 0.25 sigma,ok,runs/pivot/fives/seed0/continued/pred_fid/bio.csv
delta_r,fives,fives,continued,baseline,1,fid,density,pvbm,0.0009128275410507092,-0.0003541438198904984,0.0022243754211652977,-0.05,pre-registered (DECISIONS 2026-09-17 13:30): tortuosity/density delta-r >= -0.05,ok,runs/pivot/fives/seed1/continued/pred_fid/bio.csv
delta_bias_sigma,fives,fives,continued,baseline,1,fid,density,pvbm,-0.038405682124689894,,,0.25,pre-registered (DECISIONS 2026-09-17 13:30): |delta bias| <= 0.25 sigma,ok,runs/pivot/fives/seed1/continued/pred_fid/bio.csv
delta_r,fives,fives,continued,baseline,2,fid,density,pvbm,0.0007154010055978599,-0.0004919885599013824,0.002311921720772472,-0.05,pre-registered (DECISIONS 2026-09-17 13:30): tortuosity/density delta-r >= -0.05,ok,runs/pivot/fives/seed2/continued/pred_fid/bio.csv
delta_bias_sigma,fives,fives,continued,baseline,2,fid,density,pvbm,0.12513622033944552,,,0.25,pre-registered (DECISIONS 2026-09-17 13:30): |delta bias| <= 0.25 sigma,ok,runs/pivot/fives/seed2/continued/pred_fid/bio.csv
delta_r,fives,fives,continued,baseline,3,fid,density,pvbm,-0.0001103147648888747,-0.0007616013720422171,0.0005398925738270998,-0.05,pre-registered (DECISIONS 2026-09-17 13:30): tortuosity/density delta-r >= -0.05,ok,runs/pivot/fives/seed3/continued/pred_fid/bio.csv
delta_bias_sigma,fives,fives,continued,baseline,3,fid,density,pvbm,0.10738758824824284,,,0.25,pre-registered (DECISIONS 2026-09-17 13:30): |delta bias| <= 0.25 sigma,ok,runs/pivot/fives/seed3/continued/pred_fid/bio.csv
delta_r,fives,fives,continued,baseline,4,fid,density,pvbm,-0.0005500286438476776,-0.0014760765850518082,0.00019398500815510485,-0.05,pre-registered (DECISIONS 2026-09-17 13:30): tortuosity/density delta-r >= -0.05,ok,runs/pivot/fives/seed4/continued/pred_fid/bio.csv
delta_bias_sigma,fives,fives,continued,baseline,4,fid,density,pvbm,-0.10541712077283659,,,0.25,pre-registered (DECISIONS 2026-09-17 13:30): |delta bias| <= 0.25 sigma,ok,runs/pivot/fives/seed4/continued/pred_fid/bio.csv
delta_r,fives,fives,continued,baseline,5,fid,density,pvbm,-0.000484884775508565,-0.0021097344301479635,0.0007620557468823698,-0.05,pre-registered (DECISIONS 2026-09-17 13:30): tortuosity/density delta-r >= -0.05,ok,runs/pivot/fives/seed5/continued/pred_fid/bio.csv
delta_bias_sigma,fives,fives,continued,baseline,5,fid,density,pvbm,-0.04040126644801337,,,0.25,pre-registered (DECISIONS 2026-09-17 13:30): |delta bias| <= 0.25 sigma,ok,runs/pivot/fives/seed5/continued/pred_fid/bio.csv
delta_r,fives,fives,reliseg,baseline,0,fid,density,pvbm,-0.0011620309261931583,-0.00335103348812002,0.00032325851430656136,-0.05,pre-registered (DECISIONS 2026-09-17 13:30): tortuosity/density delta-r >= -0.05,ok,runs/pivot/fives/seed0/reliseg/pred_fid/bio.csv
delta_bias_sigma,fives,fives,reliseg,baseline,0,fid,density,pvbm,0.012060665109757519,,,0.25,pre-registered (DECISIONS 2026-09-17 13:30): |delta bias| <= 0.25 sigma,ok,runs/pivot/fives/seed0/reliseg/pred_fid/bio.csv
delta_r,fives,fives,reliseg,baseline,1,fid,density,pvbm,0.0009998239849512425,-0.0003963948068034906,0.0025181248625679186,-0.05,pre-registered (DECISIONS 2026-09-17 13:30): tortuosity/density delta-r >= -0.05,ok,runs/pivot/fives/seed1/reliseg/pred_fid/bio.csv
delta_bias_sigma,fives,fives,reliseg,baseline,1,fid,density,pvbm,0.01924083880247927,,,0.25,pre-registered (DECISIONS 2026-09-17 13:30): |delta bias| <= 0.25 sigma,ok,runs/pivot/fives/seed1/reliseg/pred_fid/bio.csv
delta_r,fives,fives,reliseg,baseline,2,fid,density,pvbm,0.0007932191490518381,-0.0008727595644355074,0.0028239932344605607,-0.05,pre-registered (DECISIONS 2026-09-17 13:30): tortuosity/density delta-r >= -0.05,ok,runs/pivot/fives/seed2/reliseg/pred_fid/bio.csv
delta_bias_sigma,fives,fives,reliseg,baseline,2,fid,density,pvbm,0.078404043278405,,,0.25,pre-registered (DECISIONS 2026-09-17 13:30): |delta bias| <= 0.25 sigma,ok,runs/pivot/fives/seed2/reliseg/pred_fid/bio.csv
delta_r,fives,fives,reliseg,baseline,3,fid,density,pvbm,0.0004063391880937406,-0.0004634598835113801,0.0012862250383432776,-0.05,pre-registered (DECISIONS 2026-09-17 13:30): tortuosity/density delta-r >= -0.05,ok,runs/pivot/fives/seed3/reliseg/pred_fid/bio.csv
delta_bias_sigma,fives,fives,reliseg,baseline,3,fid,density,pvbm,0.08101570694444454,,,0.25,pre-registered (DECISIONS 2026-09-17 13:30): |delta bias| <= 0.25 sigma,ok,runs/pivot/fives/seed3/reliseg/pred_fid/bio.csv
delta_r,fives,fives,reliseg,baseline,4,fid,density,pvbm,0.0003371868773620612,-0.0005128169883259898,0.0012563756506267314,-0.05,pre-registered (DECISIONS 2026-09-17 13:30): tortuosity/density delta-r >= -0.05,ok,runs/pivot/fives/seed4/reliseg/pred_fid/bio.csv
delta_bias_sigma,fives,fives,reliseg,baseline,4,fid,density,pvbm,-0.003874674564226896,,,0.25,pre-registered (DECISIONS 2026-09-17 13:30): |delta bias| <= 0.25 sigma,ok,runs/pivot/fives/seed4/reliseg/pred_fid/bio.csv
delta_r,fives,fives,reliseg,baseline,5,fid,density,pvbm,0.0008992568866230677,2.5513636130533592e-05,0.001810897025649696,-0.05,pre-registered (DECISIONS 2026-09-17 13:30): tortuosity/density delta-r >= -0.05,ok,runs/pivot/fives/seed5/reliseg/pred_fid/bio.csv
delta_bias_sigma,fives,fives,reliseg,baseline,5,fid,density,pvbm,0.07573817519900011,,,0.25,pre-registered (DECISIONS 2026-09-17 13:30): |delta bias| <= 0.25 sigma,ok,runs/pivot/fives/seed5/reliseg/pred_fid/bio.csv
delta_r,fives,fives,reliseg_nocl,baseline,0,fid,density,pvbm,-0.0005597595859800908,-0.0018982788934717692,0.0003656140620207443,-0.05,pre-registered (DECISIONS 2026-09-17 13:30): tortuosity/density delta-r >= -0.05,ok,runs/pivot/fives/seed0/reliseg_nocl/pred_fid/bio.csv
delta_bias_sigma,fives,fives,reliseg_nocl,baseline,0,fid,density,pvbm,0.07429440634911334,,,0.25,pre-registered (DECISIONS 2026-09-17 13:30): |delta bias| <= 0.25 sigma,ok,runs/pivot/fives/seed0/reliseg_nocl/pred_fid/bio.csv
delta_r,fives,fives,reliseg_nocl,baseline,1,fid,density,pvbm,-0.0008964579521894,-0.003160837809382494,0.0007482393494983805,-0.05,pre-registered (DECISIONS 2026-09-17 13:30): tortuosity/density delta-r >= -0.05,ok,runs/pivot/fives/seed1/reliseg_nocl/pred_fid/bio.csv
delta_bias_sigma,fives,fives,reliseg_nocl,baseline,1,fid,density,pvbm,-0.06441496533281327,,,0.25,pre-registered (DECISIONS 2026-09-17 13:30): |delta bias| <= 0.25 sigma,ok,runs/pivot/fives/seed1/reliseg_nocl/pred_fid/bio.csv
delta_r,fives,fives,reliseg_nocl,baseline,2,fid,density,pvbm,-0.0011276191298380533,-0.002286620751929519,-9.798313235894577e-05,-0.05,pre-registered (DECISIONS 2026-09-17 13:30): tortuosity/density delta-r >= -0.05,ok,runs/pivot/fives/seed2/reliseg_nocl/pred_fid/bio.csv
delta_bias_sigma,fives,fives,reliseg_nocl,baseline,2,fid,density,pvbm,0.037523470398217684,,,0.25,pre-registered (DECISIONS 2026-09-17 13:30): |delta bias| <= 0.25 sigma,ok,runs/pivot/fives/seed2/reliseg_nocl/pred_fid/bio.csv
delta_r,fives,fives,cfloss,baseline,"pooled(0,1,2)",fid,density,pvbm,-0.0010686053377522893,-0.002761259956351484,0.00024957283737969503,-0.05,pre-registered (DECISIONS 2026-09-17 13:30): tortuosity/density delta-r >= -0.05,ok,"runs/pivot/fives/seed{0,1,2}/cfloss/pred_fid/bio.csv"
delta_bias_sigma,fives,fives,cfloss,baseline,"pooled(0,1,2)",fid,density,pvbm,-0.11577002370391554,,,0.25,pre-registered (DECISIONS 2026-09-17 13:30): |delta bias| <= 0.25 sigma,ok,"runs/pivot/fives/seed{0,1,2}/cfloss/pred_fid/bio.csv"
delta_r,fives,fives,continued,baseline,"pooled(0,1,2,3,4,5)",fid,density,pvbm,9.977774271877997e-05,-0.00033268209869361795,0.0005026153527854332,-0.05,pre-registered (DECISIONS 2026-09-17 13:30): tortuosity/density delta-r >= -0.05,ok,"runs/pivot/fives/seed{0,1,2,3,4,5}/continued/pred_fid/bio.csv"
delta_bias_sigma,fives,fives,continued,baseline,"pooled(0,1,2,3,4,5)",fid,density,pvbm,0.015223782678569947,,,0.25,pre-registered (DECISIONS 2026-09-17 13:30): |delta bias| <= 0.25 sigma,ok,"runs/pivot/fives/seed{0,1,2,3,4,5}/continued/pred_fid/bio.csv"
delta_r,fives,fives,reliseg,baseline,"pooled(0,1,2,3,4,5)",fid,density,pvbm,0.0003789658599814653,-0.00038545997740764977,0.001197701538422289,-0.05,pre-registered (DECISIONS 2026-09-17 13:30): tortuosity/density delta-r >= -0.05,ok,"runs/pivot/fives/seed{0,1,2,3,4,5}/reliseg/pred_fid/bio.csv"
delta_bias_sigma,fives,fives,reliseg,baseline,"pooled(0,1,2,3,4,5)",fid,density,pvbm,0.04376412579497659,,,0.25,pre-registered (DECISIONS 2026-09-17 13:30): |delta bias| <= 0.25 sigma,ok,"runs/pivot/fives/seed{0,1,2,3,4,5}/reliseg/pred_fid/bio.csv"
delta_r,fives,fives,reliseg_nocl,baseline,"pooled(0,1,2)",fid,density,pvbm,-0.0008612788893358481,-0.0022074486360554343,0.00016032039098624575,-0.05,pre-registered (DECISIONS 2026-09-17 13:30): tortuosity/density delta-r >= -0.05,ok,"runs/pivot/fives/seed{0,1,2}/reliseg_nocl/pred_fid/bio.csv"
delta_bias_sigma,fives,fives,reliseg_nocl,baseline,"pooled(0,1,2)",fid,density,pvbm,0.01580097047150592,,,0.25,pre-registered (DECISIONS 2026-09-17 13:30): |delta bias| <= 0.25 sigma,ok,"runs/pivot/fives/seed{0,1,2}/reliseg_nocl/pred_fid/bio.csv"
delta_r,fives,fives,cfloss,continued,0,fid,density,pvbm,-0.0015049743511996727,-0.00394380575858172,0.0003444826689422942,-0.05,pre-registered (DECISIONS 2026-09-17 13:30): tortuosity/density delta-r >= -0.05,ok,runs/pivot/fives/seed0/cfloss/pred_fid/bio.csv
delta_bias_sigma,fives,fives,cfloss,continued,0,fid,density,pvbm,-0.2182673938439649,,,0.25,pre-registered (DECISIONS 2026-09-17 13:30): |delta bias| <= 0.25 sigma,ok,runs/pivot/fives/seed0/cfloss/pred_fid/bio.csv
delta_r,fives,fives,cfloss,continued,1,fid,density,pvbm,-0.00216274375561587,-0.005082327076058801,1.4200317602612588e-05,-0.05,pre-registered (DECISIONS 2026-09-17 13:30): tortuosity/density delta-r >= -0.05,ok,runs/pivot/fives/seed1/cfloss/pred_fid/bio.csv
delta_bias_sigma,fives,fives,cfloss,continued,1,fid,density,pvbm,-0.13786001570943407,,,0.25,pre-registered (DECISIONS 2026-09-17 13:30): |delta bias| <= 0.25 sigma,ok,runs/pivot/fives/seed1/cfloss/pred_fid/bio.csv
delta_r,fives,fives,cfloss,continued,2,fid,density,pvbm,-0.0012819925469991222,-0.0034045662731219035,0.00028076147769550086,-0.05,pre-registered (DECISIONS 2026-09-17 13:30): tortuosity/density delta-r >= -0.05,ok,runs/pivot/fives/seed2/cfloss/pred_fid/bio.csv
delta_bias_sigma,fives,fives,cfloss,continued,2,fid,density,pvbm,-0.12095615660237452,,,0.25,pre-registered (DECISIONS 2026-09-17 13:30): |delta bias| <= 0.25 sigma,ok,runs/pivot/fives/seed2/cfloss/pred_fid/bio.csv
delta_r,fives,fives,reliseg,continued,0,fid,density,pvbm,-0.0012776970201023863,-0.003349205472166189,0.00015766789751510643,-0.05,pre-registered (DECISIONS 2026-09-17 13:30): tortuosity/density delta-r >= -0.05,ok,runs/pivot/fives/seed0/reliseg/pred_fid/bio.csv
delta_bias_sigma,fives,fives,reliseg,continued,0,fid,density,pvbm,-0.030982291719513687,,,0.25,pre-registered (DECISIONS 2026-09-17 13:30): |delta bias| <= 0.25 sigma,ok,runs/pivot/fives/seed0/reliseg/pred_fid/bio.csv
delta_r,fives,fives,reliseg,continued,1,fid,density,pvbm,8.69964439005333e-05,-0.0010354757057196046,0.0012251289159433277,-0.05,pre-registered (DECISIONS 2026-09-17 13:30): tortuosity/density delta-r >= -0.05,ok,runs/pivot/fives/seed1/reliseg/pred_fid/bio.csv
delta_bias_sigma,fives,fives,reliseg,continued,1,fid,density,pvbm,0.05764652092716917,,,0.25,pre-registered (DECISIONS 2026-09-17 13:30): |delta bias| <= 0.25 sigma,ok,runs/pivot/fives/seed1/reliseg/pred_fid/bio.csv
delta_r,fives,fives,reliseg,continued,2,fid,density,pvbm,7.78181434539782e-05,-0.0009682034697913233,0.0010874788635153692,-0.05,pre-registered (DECISIONS 2026-09-17 13:30): tortuosity/density delta-r >= -0.05,ok,runs/pivot/fives/seed2/reliseg/pred_fid/bio.csv
delta_bias_sigma,fives,fives,reliseg,continued,2,fid,density,pvbm,-0.046732177061040533,,,0.25,pre-registered (DECISIONS 2026-09-17 13:30): |delta bias| <= 0.25 sigma,ok,runs/pivot/fives/seed2/reliseg/pred_fid/bio.csv
delta_r,fives,fives,reliseg,continued,3,fid,density,pvbm,0.0005166539529826153,-0.00010081395818509752,0.0012322128901077478,-0.05,pre-registered (DECISIONS 2026-09-17 13:30): tortuosity/density delta-r >= -0.05,ok,runs/pivot/fives/seed3/reliseg/pred_fid/bio.csv
delta_bias_sigma,fives,fives,reliseg,continued,3,fid,density,pvbm,-0.026371881303798292,,,0.25,pre-registered (DECISIONS 2026-09-17 13:30): |delta bias| <= 0.25 sigma,ok,runs/pivot/fives/seed3/reliseg/pred_fid/bio.csv
delta_r,fives,fives,reliseg,continued,4,fid,density,pvbm,0.0008872155212097388,-4.437690715893283e-05,0.0020847986185918667,-0.05,pre-registered (DECISIONS 2026-09-17 13:30): tortuosity/density delta-r >= -0.05,ok,runs/pivot/fives/seed4/reliseg/pred_fid/bio.csv
delta_bias_sigma,fives,fives,reliseg,continued,4,fid,density,pvbm,0.1015424462086097,,,0.25,pre-registered (DECISIONS 2026-09-17 13:30): |delta bias| <= 0.25 sigma,ok,runs/pivot/fives/seed4/reliseg/pred_fid/bio.csv
delta_r,fives,fives,reliseg,continued,5,fid,density,pvbm,0.0013841416621316327,4.439145342347295e-05,0.002981402402357411,-0.05,pre-registered (DECISIONS 2026-09-17 13:30): tortuosity/density delta-r >= -0.05,ok,runs/pivot/fives/seed5/reliseg/pred_fid/bio.csv
delta_bias_sigma,fives,fives,reliseg,continued,5,fid,density,pvbm,0.11613944164701348,,,0.25,pre-registered (DECISIONS 2026-09-17 13:30): |delta bias| <= 0.25 sigma,ok,runs/pivot/fives/seed5/reliseg/pred_fid/bio.csv
delta_r,fives,fives,reliseg_nocl,continued,0,fid,density,pvbm,-0.0006754256798893188,-0.00208064093851682,0.0003969515796864828,-0.05,pre-registered (DECISIONS 2026-09-17 13:30): tortuosity/density delta-r >= -0.05,ok,runs/pivot/fives/seed0/reliseg_nocl/pred_fid/bio.csv
delta_bias_sigma,fives,fives,reliseg_nocl,continued,0,fid,density,pvbm,0.031251449519842135,,,0.25,pre-registered (DECISIONS 2026-09-17 13:30): |delta bias| <= 0.25 sigma,ok,runs/pivot/fives/seed0/reliseg_nocl/pred_fid/bio.csv
delta_r,fives,fives,reliseg_nocl,continued,1,fid,density,pvbm,-0.0018092854932401092,-0.004704374161875557,0.0002467723120842638,-0.05,pre-registered (DECISIONS 2026-09-17 13:30): tortuosity/density delta-r >= -0.05,ok,runs/pivot/fives/seed1/reliseg_nocl/pred_fid/bio.csv
delta_bias_sigma,fives,fives,reliseg_nocl,continued,1,fid,density,pvbm,-0.026009283208123367,,,0.25,pre-registered (DECISIONS 2026-09-17 13:30): |delta bias| <= 0.25 sigma,ok,runs/pivot/fives/seed1/reliseg_nocl/pred_fid/bio.csv
delta_r,fives,fives,reliseg_nocl,continued,2,fid,density,pvbm,-0.0018430201354359133,-0.003805908227053892,-0.0003356118415363493,-0.05,pre-registered (DECISIONS 2026-09-17 13:30): tortuosity/density delta-r >= -0.05,ok,runs/pivot/fives/seed2/reliseg_nocl/pred_fid/bio.csv
delta_bias_sigma,fives,fives,reliseg_nocl,continued,2,fid,density,pvbm,-0.08761274994122784,,,0.25,pre-registered (DECISIONS 2026-09-17 13:30): |delta bias| <= 0.25 sigma,ok,runs/pivot/fives/seed2/reliseg_nocl/pred_fid/bio.csv
delta_r,fives,fives,cfloss,continued,"pooled(0,1,2)",fid,density,pvbm,-0.001649903551271555,-0.004004595517707092,0.00010410992233993757,-0.05,pre-registered (DECISIONS 2026-09-17 13:30): tortuosity/density delta-r >= -0.05,ok,"runs/pivot/fives/seed{0,1,2}/cfloss/pred_fid/bio.csv"
delta_bias_sigma,fives,fives,cfloss,continued,"pooled(0,1,2)",fid,density,pvbm,-0.15902785538525782,,,0.25,pre-registered (DECISIONS 2026-09-17 13:30): |delta bias| <= 0.25 sigma,ok,"runs/pivot/fives/seed{0,1,2}/cfloss/pred_fid/bio.csv"
delta_r,fives,fives,reliseg,continued,"pooled(0,1,2,3,4,5)",fid,density,pvbm,0.00027918811726268533,-0.0003798733388399344,0.0010230946166629444,-0.05,pre-registered (DECISIONS 2026-09-17 13:30): tortuosity/density delta-r >= -0.05,ok,"runs/pivot/fives/seed{0,1,2,3,4,5}/reliseg/pred_fid/bio.csv"
delta_bias_sigma,fives,fives,reliseg,continued,"pooled(0,1,2,3,4,5)",fid,density,pvbm,0.02854034311640664,,,0.25,pre-registered (DECISIONS 2026-09-17 13:30): |delta bias| <= 0.25 sigma,ok,"runs/pivot/fives/seed{0,1,2,3,4,5}/reliseg/pred_fid/bio.csv"
delta_r,fives,fives,reliseg_nocl,continued,"pooled(0,1,2)",fid,density,pvbm,-0.0014425771028551138,-0.003270365098767237,-0.00013659889857329851,-0.05,pre-registered (DECISIONS 2026-09-17 13:30): tortuosity/density delta-r >= -0.05,ok,"runs/pivot/fives/seed{0,1,2}/reliseg_nocl/pred_fid/bio.csv"
delta_bias_sigma,fives,fives,reliseg_nocl,continued,"pooled(0,1,2)",fid,density,pvbm,-0.027456861209836356,,,0.25,pre-registered (DECISIONS 2026-09-17 13:30): |delta bias| <= 0.25 sigma,ok,"runs/pivot/fives/seed{0,1,2}/reliseg_nocl/pred_fid/bio.csv"
delta_r,fives,fives,cfloss,baseline,0,fid,density,skan,-0.0013893082572904447,-0.004180102320274137,0.0009182184229324014,-0.05,pre-registered (DECISIONS 2026-09-17 13:30): tortuosity/density delta-r >= -0.05,ok,runs/pivot/fives/seed0/cfloss/pred_fid/bio.csv
delta_bias_sigma,fives,fives,cfloss,baseline,0,fid,density,skan,-0.1752244370146937,,,0.25,pre-registered (DECISIONS 2026-09-17 13:30): |delta bias| <= 0.25 sigma,ok,runs/pivot/fives/seed0/cfloss/pred_fid/bio.csv
delta_r,fives,fives,cfloss,baseline,1,fid,density,skan,-0.001249916214565161,-0.0031797270508528595,0.00020629685808978425,-0.05,pre-registered (DECISIONS 2026-09-17 13:30): tortuosity/density delta-r >= -0.05,ok,runs/pivot/fives/seed1/cfloss/pred_fid/bio.csv
delta_bias_sigma,fives,fives,cfloss,baseline,1,fid,density,skan,-0.17626569783412396,,,0.25,pre-registered (DECISIONS 2026-09-17 13:30): |delta bias| <= 0.25 sigma,ok,runs/pivot/fives/seed1/cfloss/pred_fid/bio.csv
delta_r,fives,fives,cfloss,baseline,2,fid,density,skan,-0.0005665915414012623,-0.0012982871874330031,4.68313784160094e-05,-0.05,pre-registered (DECISIONS 2026-09-17 13:30): tortuosity/density delta-r >= -0.05,ok,runs/pivot/fives/seed2/cfloss/pred_fid/bio.csv
delta_bias_sigma,fives,fives,cfloss,baseline,2,fid,density,skan,0.004180063737070999,,,0.25,pre-registered (DECISIONS 2026-09-17 13:30): |delta bias| <= 0.25 sigma,ok,runs/pivot/fives/seed2/cfloss/pred_fid/bio.csv
delta_r,fives,fives,continued,baseline,0,fid,density,skan,0.000115666093909228,-0.0006153605171126453,0.0009178589788585103,-0.05,pre-registered (DECISIONS 2026-09-17 13:30): tortuosity/density delta-r >= -0.05,ok,runs/pivot/fives/seed0/continued/pred_fid/bio.csv
delta_bias_sigma,fives,fives,continued,baseline,0,fid,density,skan,0.0430429568292712,,,0.25,pre-registered (DECISIONS 2026-09-17 13:30): |delta bias| <= 0.25 sigma,ok,runs/pivot/fives/seed0/continued/pred_fid/bio.csv
delta_r,fives,fives,continued,baseline,1,fid,density,skan,0.0009128275410507092,-0.0003541438198904984,0.0022243754211652977,-0.05,pre-registered (DECISIONS 2026-09-17 13:30): tortuosity/density delta-r >= -0.05,ok,runs/pivot/fives/seed1/continued/pred_fid/bio.csv
delta_bias_sigma,fives,fives,continued,baseline,1,fid,density,skan,-0.038405682124689894,,,0.25,pre-registered (DECISIONS 2026-09-17 13:30): |delta bias| <= 0.25 sigma,ok,runs/pivot/fives/seed1/continued/pred_fid/bio.csv
delta_r,fives,fives,continued,baseline,2,fid,density,skan,0.0007154010055978599,-0.0004919885599013824,0.002311921720772472,-0.05,pre-registered (DECISIONS 2026-09-17 13:30): tortuosity/density delta-r >= -0.05,ok,runs/pivot/fives/seed2/continued/pred_fid/bio.csv
delta_bias_sigma,fives,fives,continued,baseline,2,fid,density,skan,0.12513622033944552,,,0.25,pre-registered (DECISIONS 2026-09-17 13:30): |delta bias| <= 0.25 sigma,ok,runs/pivot/fives/seed2/continued/pred_fid/bio.csv
delta_r,fives,fives,continued,baseline,3,fid,density,skan,-0.0001103147648888747,-0.0007616013720422171,0.0005398925738270998,-0.05,pre-registered (DECISIONS 2026-09-17 13:30): tortuosity/density delta-r >= -0.05,ok,runs/pivot/fives/seed3/continued/pred_fid/bio.csv
delta_bias_sigma,fives,fives,continued,baseline,3,fid,density,skan,0.10738758824824284,,,0.25,pre-registered (DECISIONS 2026-09-17 13:30): |delta bias| <= 0.25 sigma,ok,runs/pivot/fives/seed3/continued/pred_fid/bio.csv
delta_r,fives,fives,continued,baseline,4,fid,density,skan,-0.0005500286438476776,-0.0014760765850518082,0.00019398500815510485,-0.05,pre-registered (DECISIONS 2026-09-17 13:30): tortuosity/density delta-r >= -0.05,ok,runs/pivot/fives/seed4/continued/pred_fid/bio.csv
delta_bias_sigma,fives,fives,continued,baseline,4,fid,density,skan,-0.10541712077283659,,,0.25,pre-registered (DECISIONS 2026-09-17 13:30): |delta bias| <= 0.25 sigma,ok,runs/pivot/fives/seed4/continued/pred_fid/bio.csv
delta_r,fives,fives,continued,baseline,5,fid,density,skan,-0.000484884775508565,-0.0021097344301479635,0.0007620557468823698,-0.05,pre-registered (DECISIONS 2026-09-17 13:30): tortuosity/density delta-r >= -0.05,ok,runs/pivot/fives/seed5/continued/pred_fid/bio.csv
delta_bias_sigma,fives,fives,continued,baseline,5,fid,density,skan,-0.04040126644801337,,,0.25,pre-registered (DECISIONS 2026-09-17 13:30): |delta bias| <= 0.25 sigma,ok,runs/pivot/fives/seed5/continued/pred_fid/bio.csv
delta_r,fives,fives,reliseg,baseline,0,fid,density,skan,-0.0011620309261931583,-0.00335103348812002,0.00032325851430656136,-0.05,pre-registered (DECISIONS 2026-09-17 13:30): tortuosity/density delta-r >= -0.05,ok,runs/pivot/fives/seed0/reliseg/pred_fid/bio.csv
delta_bias_sigma,fives,fives,reliseg,baseline,0,fid,density,skan,0.012060665109757519,,,0.25,pre-registered (DECISIONS 2026-09-17 13:30): |delta bias| <= 0.25 sigma,ok,runs/pivot/fives/seed0/reliseg/pred_fid/bio.csv
delta_r,fives,fives,reliseg,baseline,1,fid,density,skan,0.0009998239849512425,-0.0003963948068034906,0.0025181248625679186,-0.05,pre-registered (DECISIONS 2026-09-17 13:30): tortuosity/density delta-r >= -0.05,ok,runs/pivot/fives/seed1/reliseg/pred_fid/bio.csv
delta_bias_sigma,fives,fives,reliseg,baseline,1,fid,density,skan,0.01924083880247927,,,0.25,pre-registered (DECISIONS 2026-09-17 13:30): |delta bias| <= 0.25 sigma,ok,runs/pivot/fives/seed1/reliseg/pred_fid/bio.csv
delta_r,fives,fives,reliseg,baseline,2,fid,density,skan,0.0007932191490518381,-0.0008727595644355074,0.0028239932344605607,-0.05,pre-registered (DECISIONS 2026-09-17 13:30): tortuosity/density delta-r >= -0.05,ok,runs/pivot/fives/seed2/reliseg/pred_fid/bio.csv
delta_bias_sigma,fives,fives,reliseg,baseline,2,fid,density,skan,0.078404043278405,,,0.25,pre-registered (DECISIONS 2026-09-17 13:30): |delta bias| <= 0.25 sigma,ok,runs/pivot/fives/seed2/reliseg/pred_fid/bio.csv
delta_r,fives,fives,reliseg,baseline,3,fid,density,skan,0.0004063391880937406,-0.0004634598835113801,0.0012862250383432776,-0.05,pre-registered (DECISIONS 2026-09-17 13:30): tortuosity/density delta-r >= -0.05,ok,runs/pivot/fives/seed3/reliseg/pred_fid/bio.csv
delta_bias_sigma,fives,fives,reliseg,baseline,3,fid,density,skan,0.08101570694444454,,,0.25,pre-registered (DECISIONS 2026-09-17 13:30): |delta bias| <= 0.25 sigma,ok,runs/pivot/fives/seed3/reliseg/pred_fid/bio.csv
delta_r,fives,fives,reliseg,baseline,4,fid,density,skan,0.0003371868773620612,-0.0005128169883259898,0.0012563756506267314,-0.05,pre-registered (DECISIONS 2026-09-17 13:30): tortuosity/density delta-r >= -0.05,ok,runs/pivot/fives/seed4/reliseg/pred_fid/bio.csv
delta_bias_sigma,fives,fives,reliseg,baseline,4,fid,density,skan,-0.003874674564226896,,,0.25,pre-registered (DECISIONS 2026-09-17 13:30): |delta bias| <= 0.25 sigma,ok,runs/pivot/fives/seed4/reliseg/pred_fid/bio.csv
delta_r,fives,fives,reliseg,baseline,5,fid,density,skan,0.0008992568866230677,2.5513636130533592e-05,0.001810897025649696,-0.05,pre-registered (DECISIONS 2026-09-17 13:30): tortuosity/density delta-r >= -0.05,ok,runs/pivot/fives/seed5/reliseg/pred_fid/bio.csv
delta_bias_sigma,fives,fives,reliseg,baseline,5,fid,density,skan,0.07573817519900011,,,0.25,pre-registered (DECISIONS 2026-09-17 13:30): |delta bias| <= 0.25 sigma,ok,runs/pivot/fives/seed5/reliseg/pred_fid/bio.csv
delta_r,fives,fives,reliseg_nocl,baseline,0,fid,density,skan,-0.0005597595859800908,-0.0018982788934717692,0.0003656140620207443,-0.05,pre-registered (DECISIONS 2026-09-17 13:30): tortuosity/density delta-r >= -0.05,ok,runs/pivot/fives/seed0/reliseg_nocl/pred_fid/bio.csv
delta_bias_sigma,fives,fives,reliseg_nocl,baseline,0,fid,density,skan,0.07429440634911334,,,0.25,pre-registered (DECISIONS 2026-09-17 13:30): |delta bias| <= 0.25 sigma,ok,runs/pivot/fives/seed0/reliseg_nocl/pred_fid/bio.csv
delta_r,fives,fives,reliseg_nocl,baseline,1,fid,density,skan,-0.0008964579521894,-0.003160837809382494,0.0007482393494983805,-0.05,pre-registered (DECISIONS 2026-09-17 13:30): tortuosity/density delta-r >= -0.05,ok,runs/pivot/fives/seed1/reliseg_nocl/pred_fid/bio.csv
delta_bias_sigma,fives,fives,reliseg_nocl,baseline,1,fid,density,skan,-0.06441496533281327,,,0.25,pre-registered (DECISIONS 2026-09-17 13:30): |delta bias| <= 0.25 sigma,ok,runs/pivot/fives/seed1/reliseg_nocl/pred_fid/bio.csv
delta_r,fives,fives,reliseg_nocl,baseline,2,fid,density,skan,-0.0011276191298380533,-0.002286620751929519,-9.798313235894577e-05,-0.05,pre-registered (DECISIONS 2026-09-17 13:30): tortuosity/density delta-r >= -0.05,ok,runs/pivot/fives/seed2/reliseg_nocl/pred_fid/bio.csv
delta_bias_sigma,fives,fives,reliseg_nocl,baseline,2,fid,density,skan,0.037523470398217684,,,0.25,pre-registered (DECISIONS 2026-09-17 13:30): |delta bias| <= 0.25 sigma,ok,runs/pivot/fives/seed2/reliseg_nocl/pred_fid/bio.csv
delta_r,fives,fives,cfloss,baseline,"pooled(0,1,2)",fid,density,skan,-0.0010686053377522893,-0.002761259956351484,0.00024957283737969503,-0.05,pre-registered (DECISIONS 2026-09-17 13:30): tortuosity/density delta-r >= -0.05,ok,"runs/pivot/fives/seed{0,1,2}/cfloss/pred_fid/bio.csv"
delta_bias_sigma,fives,fives,cfloss,baseline,"pooled(0,1,2)",fid,density,skan,-0.11577002370391554,,,0.25,pre-registered (DECISIONS 2026-09-17 13:30): |delta bias| <= 0.25 sigma,ok,"runs/pivot/fives/seed{0,1,2}/cfloss/pred_fid/bio.csv"
delta_r,fives,fives,continued,baseline,"pooled(0,1,2,3,4,5)",fid,density,skan,9.977774271877997e-05,-0.00033268209869361795,0.0005026153527854332,-0.05,pre-registered (DECISIONS 2026-09-17 13:30): tortuosity/density delta-r >= -0.05,ok,"runs/pivot/fives/seed{0,1,2,3,4,5}/continued/pred_fid/bio.csv"
delta_bias_sigma,fives,fives,continued,baseline,"pooled(0,1,2,3,4,5)",fid,density,skan,0.015223782678569947,,,0.25,pre-registered (DECISIONS 2026-09-17 13:30): |delta bias| <= 0.25 sigma,ok,"runs/pivot/fives/seed{0,1,2,3,4,5}/continued/pred_fid/bio.csv"
delta_r,fives,fives,reliseg,baseline,"pooled(0,1,2,3,4,5)",fid,density,skan,0.0003789658599814653,-0.00038545997740764977,0.001197701538422289,-0.05,pre-registered (DECISIONS 2026-09-17 13:30): tortuosity/density delta-r >= -0.05,ok,"runs/pivot/fives/seed{0,1,2,3,4,5}/reliseg/pred_fid/bio.csv"
delta_bias_sigma,fives,fives,reliseg,baseline,"pooled(0,1,2,3,4,5)",fid,density,skan,0.04376412579497659,,,0.25,pre-registered (DECISIONS 2026-09-17 13:30): |delta bias| <= 0.25 sigma,ok,"runs/pivot/fives/seed{0,1,2,3,4,5}/reliseg/pred_fid/bio.csv"
delta_r,fives,fives,reliseg_nocl,baseline,"pooled(0,1,2)",fid,density,skan,-0.0008612788893358481,-0.0022074486360554343,0.00016032039098624575,-0.05,pre-registered (DECISIONS 2026-09-17 13:30): tortuosity/density delta-r >= -0.05,ok,"runs/pivot/fives/seed{0,1,2}/reliseg_nocl/pred_fid/bio.csv"
delta_bias_sigma,fives,fives,reliseg_nocl,baseline,"pooled(0,1,2)",fid,density,skan,0.01580097047150592,,,0.25,pre-registered (DECISIONS 2026-09-17 13:30): |delta bias| <= 0.25 sigma,ok,"runs/pivot/fives/seed{0,1,2}/reliseg_nocl/pred_fid/bio.csv"
delta_r,fives,fives,cfloss,continued,0,fid,density,skan,-0.0015049743511996727,-0.00394380575858172,0.0003444826689422942,-0.05,pre-registered (DECISIONS 2026-09-17 13:30): tortuosity/density delta-r >= -0.05,ok,runs/pivot/fives/seed0/cfloss/pred_fid/bio.csv
delta_bias_sigma,fives,fives,cfloss,continued,0,fid,density,skan,-0.2182673938439649,,,0.25,pre-registered (DECISIONS 2026-09-17 13:30): |delta bias| <= 0.25 sigma,ok,runs/pivot/fives/seed0/cfloss/pred_fid/bio.csv
delta_r,fives,fives,cfloss,continued,1,fid,density,skan,-0.00216274375561587,-0.005082327076058801,1.4200317602612588e-05,-0.05,pre-registered (DECISIONS 2026-09-17 13:30): tortuosity/density delta-r >= -0.05,ok,runs/pivot/fives/seed1/cfloss/pred_fid/bio.csv
delta_bias_sigma,fives,fives,cfloss,continued,1,fid,density,skan,-0.13786001570943407,,,0.25,pre-registered (DECISIONS 2026-09-17 13:30): |delta bias| <= 0.25 sigma,ok,runs/pivot/fives/seed1/cfloss/pred_fid/bio.csv
delta_r,fives,fives,cfloss,continued,2,fid,density,skan,-0.0012819925469991222,-0.0034045662731219035,0.00028076147769550086,-0.05,pre-registered (DECISIONS 2026-09-17 13:30): tortuosity/density delta-r >= -0.05,ok,runs/pivot/fives/seed2/cfloss/pred_fid/bio.csv
delta_bias_sigma,fives,fives,cfloss,continued,2,fid,density,skan,-0.12095615660237452,,,0.25,pre-registered (DECISIONS 2026-09-17 13:30): |delta bias| <= 0.25 sigma,ok,runs/pivot/fives/seed2/cfloss/pred_fid/bio.csv
delta_r,fives,fives,reliseg,continued,0,fid,density,skan,-0.0012776970201023863,-0.003349205472166189,0.00015766789751510643,-0.05,pre-registered (DECISIONS 2026-09-17 13:30): tortuosity/density delta-r >= -0.05,ok,runs/pivot/fives/seed0/reliseg/pred_fid/bio.csv
delta_bias_sigma,fives,fives,reliseg,continued,0,fid,density,skan,-0.030982291719513687,,,0.25,pre-registered (DECISIONS 2026-09-17 13:30): |delta bias| <= 0.25 sigma,ok,runs/pivot/fives/seed0/reliseg/pred_fid/bio.csv
delta_r,fives,fives,reliseg,continued,1,fid,density,skan,8.69964439005333e-05,-0.0010354757057196046,0.0012251289159433277,-0.05,pre-registered (DECISIONS 2026-09-17 13:30): tortuosity/density delta-r >= -0.05,ok,runs/pivot/fives/seed1/reliseg/pred_fid/bio.csv
delta_bias_sigma,fives,fives,reliseg,continued,1,fid,density,skan,0.05764652092716917,,,0.25,pre-registered (DECISIONS 2026-09-17 13:30): |delta bias| <= 0.25 sigma,ok,runs/pivot/fives/seed1/reliseg/pred_fid/bio.csv
delta_r,fives,fives,reliseg,continued,2,fid,density,skan,7.78181434539782e-05,-0.0009682034697913233,0.0010874788635153692,-0.05,pre-registered (DECISIONS 2026-09-17 13:30): tortuosity/density delta-r >= -0.05,ok,runs/pivot/fives/seed2/reliseg/pred_fid/bio.csv
delta_bias_sigma,fives,fives,reliseg,continued,2,fid,density,skan,-0.046732177061040533,,,0.25,pre-registered (DECISIONS 2026-09-17 13:30): |delta bias| <= 0.25 sigma,ok,runs/pivot/fives/seed2/reliseg/pred_fid/bio.csv
delta_r,fives,fives,reliseg,continued,3,fid,density,skan,0.0005166539529826153,-0.00010081395818509752,0.0012322128901077478,-0.05,pre-registered (DECISIONS 2026-09-17 13:30): tortuosity/density delta-r >= -0.05,ok,runs/pivot/fives/seed3/reliseg/pred_fid/bio.csv
delta_bias_sigma,fives,fives,reliseg,continued,3,fid,density,skan,-0.026371881303798292,,,0.25,pre-registered (DECISIONS 2026-09-17 13:30): |delta bias| <= 0.25 sigma,ok,runs/pivot/fives/seed3/reliseg/pred_fid/bio.csv
delta_r,fives,fives,reliseg,continued,4,fid,density,skan,0.0008872155212097388,-4.437690715893283e-05,0.0020847986185918667,-0.05,pre-registered (DECISIONS 2026-09-17 13:30): tortuosity/density delta-r >= -0.05,ok,runs/pivot/fives/seed4/reliseg/pred_fid/bio.csv
delta_bias_sigma,fives,fives,reliseg,continued,4,fid,density,skan,0.1015424462086097,,,0.25,pre-registered (DECISIONS 2026-09-17 13:30): |delta bias| <= 0.25 sigma,ok,runs/pivot/fives/seed4/reliseg/pred_fid/bio.csv
delta_r,fives,fives,reliseg,continued,5,fid,density,skan,0.0013841416621316327,4.439145342347295e-05,0.002981402402357411,-0.05,pre-registered (DECISIONS 2026-09-17 13:30): tortuosity/density delta-r >= -0.05,ok,runs/pivot/fives/seed5/reliseg/pred_fid/bio.csv
delta_bias_sigma,fives,fives,reliseg,continued,5,fid,density,skan,0.11613944164701348,,,0.25,pre-registered (DECISIONS 2026-09-17 13:30): |delta bias| <= 0.25 sigma,ok,runs/pivot/fives/seed5/reliseg/pred_fid/bio.csv
delta_r,fives,fives,reliseg_nocl,continued,0,fid,density,skan,-0.0006754256798893188,-0.00208064093851682,0.0003969515796864828,-0.05,pre-registered (DECISIONS 2026-09-17 13:30): tortuosity/density delta-r >= -0.05,ok,runs/pivot/fives/seed0/reliseg_nocl/pred_fid/bio.csv
delta_bias_sigma,fives,fives,reliseg_nocl,continued,0,fid,density,skan,0.031251449519842135,,,0.25,pre-registered (DECISIONS 2026-09-17 13:30): |delta bias| <= 0.25 sigma,ok,runs/pivot/fives/seed0/reliseg_nocl/pred_fid/bio.csv
delta_r,fives,fives,reliseg_nocl,continued,1,fid,density,skan,-0.0018092854932401092,-0.004704374161875557,0.0002467723120842638,-0.05,pre-registered (DECISIONS 2026-09-17 13:30): tortuosity/density delta-r >= -0.05,ok,runs/pivot/fives/seed1/reliseg_nocl/pred_fid/bio.csv
delta_bias_sigma,fives,fives,reliseg_nocl,continued,1,fid,density,skan,-0.026009283208123367,,,0.25,pre-registered (DECISIONS 2026-09-17 13:30): |delta bias| <= 0.25 sigma,ok,runs/pivot/fives/seed1/reliseg_nocl/pred_fid/bio.csv
delta_r,fives,fives,reliseg_nocl,continued,2,fid,density,skan,-0.0018430201354359133,-0.003805908227053892,-0.0003356118415363493,-0.05,pre-registered (DECISIONS 2026-09-17 13:30): tortuosity/density delta-r >= -0.05,ok,runs/pivot/fives/seed2/reliseg_nocl/pred_fid/bio.csv
delta_bias_sigma,fives,fives,reliseg_nocl,continued,2,fid,density,skan,-0.08761274994122784,,,0.25,pre-registered (DECISIONS 2026-09-17 13:30): |delta bias| <= 0.25 sigma,ok,runs/pivot/fives/seed2/reliseg_nocl/pred_fid/bio.csv
delta_r,fives,fives,cfloss,continued,"pooled(0,1,2)",fid,density,skan,-0.001649903551271555,-0.004004595517707092,0.00010410992233993757,-0.05,pre-registered (DECISIONS 2026-09-17 13:30): tortuosity/density delta-r >= -0.05,ok,"runs/pivot/fives/seed{0,1,2}/cfloss/pred_fid/bio.csv"
delta_bias_sigma,fives,fives,cfloss,continued,"pooled(0,1,2)",fid,density,skan,-0.15902785538525782,,,0.25,pre-registered (DECISIONS 2026-09-17 13:30): |delta bias| <= 0.25 sigma,ok,"runs/pivot/fives/seed{0,1,2}/cfloss/pred_fid/bio.csv"
delta_r,fives,fives,reliseg,continued,"pooled(0,1,2,3,4,5)",fid,density,skan,0.00027918811726268533,-0.0003798733388399344,0.0010230946166629444,-0.05,pre-registered (DECISIONS 2026-09-17 13:30): tortuosity/density delta-r >= -0.05,ok,"runs/pivot/fives/seed{0,1,2,3,4,5}/reliseg/pred_fid/bio.csv"
delta_bias_sigma,fives,fives,reliseg,continued,"pooled(0,1,2,3,4,5)",fid,density,skan,0.02854034311640664,,,0.25,pre-registered (DECISIONS 2026-09-17 13:30): |delta bias| <= 0.25 sigma,ok,"runs/pivot/fives/seed{0,1,2,3,4,5}/reliseg/pred_fid/bio.csv"
delta_r,fives,fives,reliseg_nocl,continued,"pooled(0,1,2)",fid,density,skan,-0.0014425771028551138,-0.003270365098767237,-0.00013659889857329851,-0.05,pre-registered (DECISIONS 2026-09-17 13:30): tortuosity/density delta-r >= -0.05,ok,"runs/pivot/fives/seed{0,1,2}/reliseg_nocl/pred_fid/bio.csv"
delta_bias_sigma,fives,fives,reliseg_nocl,continued,"pooled(0,1,2)",fid,density,skan,-0.027456861209836356,,,0.25,pre-registered (DECISIONS 2026-09-17 13:30): |delta bias| <= 0.25 sigma,ok,"runs/pivot/fives/seed{0,1,2}/reliseg_nocl/pred_fid/bio.csv"
delta_r,fives,fives,cfloss,baseline,0,last,tortuosity,pvbm,0.10769909090057324,-0.06956201640182584,0.21170284099710798,-0.05,pre-registered (DECISIONS 2026-09-17 13:30): tortuosity/density delta-r >= -0.05,AT-RISK,runs/pivot/fives/seed0/cfloss/pred/bio.csv
delta_bias_sigma,fives,fives,cfloss,baseline,0,last,tortuosity,pvbm,-0.043960190886294326,,,0.25,pre-registered (DECISIONS 2026-09-17 13:30): |delta bias| <= 0.25 sigma,ok,runs/pivot/fives/seed0/cfloss/pred/bio.csv
delta_r,fives,fives,cfloss,baseline,1,last,tortuosity,pvbm,0.04057635187886554,-0.10207026162536938,0.09383903891102156,-0.05,pre-registered (DECISIONS 2026-09-17 13:30): tortuosity/density delta-r >= -0.05,AT-RISK,runs/pivot/fives/seed1/cfloss/pred/bio.csv
delta_bias_sigma,fives,fives,cfloss,baseline,1,last,tortuosity,pvbm,-0.019243667002379672,,,0.25,pre-registered (DECISIONS 2026-09-17 13:30): |delta bias| <= 0.25 sigma,ok,runs/pivot/fives/seed1/cfloss/pred/bio.csv
delta_r,fives,fives,cfloss,baseline,2,last,tortuosity,pvbm,0.024056697581636283,-0.08256692642530096,0.08782874141876752,-0.05,pre-registered (DECISIONS 2026-09-17 13:30): tortuosity/density delta-r >= -0.05,AT-RISK,runs/pivot/fives/seed2/cfloss/pred/bio.csv
delta_bias_sigma,fives,fives,cfloss,baseline,2,last,tortuosity,pvbm,0.04795910550447391,,,0.25,pre-registered (DECISIONS 2026-09-17 13:30): |delta bias| <= 0.25 sigma,ok,runs/pivot/fives/seed2/cfloss/pred/bio.csv
delta_r,fives,fives,continued,baseline,0,last,tortuosity,pvbm,-0.03726178940541716,-0.1094169873339415,-0.011183476842785048,-0.05,pre-registered (DECISIONS 2026-09-17 13:30): tortuosity/density delta-r >= -0.05,AT-RISK,runs/pivot/fives/seed0/continued/pred/bio.csv
delta_bias_sigma,fives,fives,continued,baseline,0,last,tortuosity,pvbm,-0.08150960390262818,,,0.25,pre-registered (DECISIONS 2026-09-17 13:30): |delta bias| <= 0.25 sigma,ok,runs/pivot/fives/seed0/continued/pred/bio.csv
delta_r,fives,fives,continued,baseline,1,last,tortuosity,pvbm,0.022441328419460366,-0.028298394709850204,0.0636008889530626,-0.05,pre-registered (DECISIONS 2026-09-17 13:30): tortuosity/density delta-r >= -0.05,ok,runs/pivot/fives/seed1/continued/pred/bio.csv
delta_bias_sigma,fives,fives,continued,baseline,1,last,tortuosity,pvbm,-0.06655785587199681,,,0.25,pre-registered (DECISIONS 2026-09-17 13:30): |delta bias| <= 0.25 sigma,ok,runs/pivot/fives/seed1/continued/pred/bio.csv
delta_r,fives,fives,continued,baseline,2,last,tortuosity,pvbm,-0.0851732003649277,-0.1749447887707479,0.14071705794293538,-0.05,pre-registered (DECISIONS 2026-09-17 13:30): tortuosity/density delta-r >= -0.05,BREACH,runs/pivot/fives/seed2/continued/pred/bio.csv
delta_bias_sigma,fives,fives,continued,baseline,2,last,tortuosity,pvbm,-0.01961816231230662,,,0.25,pre-registered (DECISIONS 2026-09-17 13:30): |delta bias| <= 0.25 sigma,ok,runs/pivot/fives/seed2/continued/pred/bio.csv
delta_r,fives,fives,continued,baseline,3,last,tortuosity,pvbm,-0.136289159176521,-0.2781870314247848,0.1454088781903215,-0.05,pre-registered (DECISIONS 2026-09-17 13:30): tortuosity/density delta-r >= -0.05,BREACH,runs/pivot/fives/seed3/continued/pred/bio.csv
delta_bias_sigma,fives,fives,continued,baseline,3,last,tortuosity,pvbm,-0.11632852353477563,,,0.25,pre-registered (DECISIONS 2026-09-17 13:30): |delta bias| <= 0.25 sigma,ok,runs/pivot/fives/seed3/continued/pred/bio.csv
delta_r,fives,fives,continued,baseline,4,last,tortuosity,pvbm,0.14640226527394806,-0.03876610280104053,0.27654967714253004,-0.05,pre-registered (DECISIONS 2026-09-17 13:30): tortuosity/density delta-r >= -0.05,ok,runs/pivot/fives/seed4/continued/pred/bio.csv
delta_bias_sigma,fives,fives,continued,baseline,4,last,tortuosity,pvbm,0.03962387878661788,,,0.25,pre-registered (DECISIONS 2026-09-17 13:30): |delta bias| <= 0.25 sigma,ok,runs/pivot/fives/seed4/continued/pred/bio.csv
delta_r,fives,fives,continued,baseline,5,last,tortuosity,pvbm,-0.04723369574491536,-0.14202268922745281,0.19020554962314268,-0.05,pre-registered (DECISIONS 2026-09-17 13:30): tortuosity/density delta-r >= -0.05,AT-RISK,runs/pivot/fives/seed5/continued/pred/bio.csv
delta_bias_sigma,fives,fives,continued,baseline,5,last,tortuosity,pvbm,-0.08276744303675021,,,0.25,pre-registered (DECISIONS 2026-09-17 13:30): |delta bias| <= 0.25 sigma,ok,runs/pivot/fives/seed5/continued/pred/bio.csv
delta_r,fives,fives,reliseg,baseline,0,last,tortuosity,pvbm,0.02382404317750457,-0.16306154385178376,0.13219921539678456,-0.05,pre-registered (DECISIONS 2026-09-17 13:30): tortuosity/density delta-r >= -0.05,AT-RISK,runs/pivot/fives/seed0/reliseg/pred/bio.csv
delta_bias_sigma,fives,fives,reliseg,baseline,0,last,tortuosity,pvbm,0.8971922162837291,,,0.25,pre-registered (DECISIONS 2026-09-17 13:30): |delta bias| <= 0.25 sigma,BREACH,runs/pivot/fives/seed0/reliseg/pred/bio.csv
delta_r,fives,fives,reliseg,baseline,1,last,tortuosity,pvbm,-0.06180760885933157,-0.2394259937809232,0.13748009030479766,-0.05,pre-registered (DECISIONS 2026-09-17 13:30): tortuosity/density delta-r >= -0.05,BREACH,runs/pivot/fives/seed1/reliseg/pred/bio.csv
delta_bias_sigma,fives,fives,reliseg,baseline,1,last,tortuosity,pvbm,1.9717146697564227,,,0.25,pre-registered (DECISIONS 2026-09-17 13:30): |delta bias| <= 0.25 sigma,BREACH,runs/pivot/fives/seed1/reliseg/pred/bio.csv
delta_r,fives,fives,reliseg,baseline,2,last,tortuosity,pvbm,-0.023749148629934762,-0.1427308937478386,0.0680297881407136,-0.05,pre-registered (DECISIONS 2026-09-17 13:30): tortuosity/density delta-r >= -0.05,AT-RISK,runs/pivot/fives/seed2/reliseg/pred/bio.csv
delta_bias_sigma,fives,fives,reliseg,baseline,2,last,tortuosity,pvbm,0.44370368186541576,,,0.25,pre-registered (DECISIONS 2026-09-17 13:30): |delta bias| <= 0.25 sigma,BREACH,runs/pivot/fives/seed2/reliseg/pred/bio.csv
delta_r,fives,fives,reliseg,baseline,3,last,tortuosity,pvbm,-0.10013498093465073,-0.2705374596411743,0.07406925388870403,-0.05,pre-registered (DECISIONS 2026-09-17 13:30): tortuosity/density delta-r >= -0.05,BREACH,runs/pivot/fives/seed3/reliseg/pred/bio.csv
delta_bias_sigma,fives,fives,reliseg,baseline,3,last,tortuosity,pvbm,0.6141513899398272,,,0.25,pre-registered (DECISIONS 2026-09-17 13:30): |delta bias| <= 0.25 sigma,BREACH,runs/pivot/fives/seed3/reliseg/pred/bio.csv
delta_r,fives,fives,reliseg,baseline,4,last,tortuosity,pvbm,0.10400549893091385,-0.05477720960776537,0.21344140889208074,-0.05,pre-registered (DECISIONS 2026-09-17 13:30): tortuosity/density delta-r >= -0.05,AT-RISK,runs/pivot/fives/seed4/reliseg/pred/bio.csv
delta_bias_sigma,fives,fives,reliseg,baseline,4,last,tortuosity,pvbm,0.4922045971400181,,,0.25,pre-registered (DECISIONS 2026-09-17 13:30): |delta bias| <= 0.25 sigma,BREACH,runs/pivot/fives/seed4/reliseg/pred/bio.csv
delta_r,fives,fives,reliseg,baseline,5,last,tortuosity,pvbm,-0.02283603926940904,-0.10479186345988961,0.17874636672442032,-0.05,pre-registered (DECISIONS 2026-09-17 13:30): tortuosity/density delta-r >= -0.05,AT-RISK,runs/pivot/fives/seed5/reliseg/pred/bio.csv
delta_bias_sigma,fives,fives,reliseg,baseline,5,last,tortuosity,pvbm,0.676418929440669,,,0.25,pre-registered (DECISIONS 2026-09-17 13:30): |delta bias| <= 0.25 sigma,BREACH,runs/pivot/fives/seed5/reliseg/pred/bio.csv
delta_r,fives,fives,reliseg_nocl,baseline,0,last,tortuosity,pvbm,0.004227764788272276,-0.221951393419147,0.06668106531740094,-0.05,pre-registered (DECISIONS 2026-09-17 13:30): tortuosity/density delta-r >= -0.05,AT-RISK,runs/pivot/fives/seed0/reliseg_nocl/pred/bio.csv
delta_bias_sigma,fives,fives,reliseg_nocl,baseline,0,last,tortuosity,pvbm,0.23728548645465175,,,0.25,pre-registered (DECISIONS 2026-09-17 13:30): |delta bias| <= 0.25 sigma,ok,runs/pivot/fives/seed0/reliseg_nocl/pred/bio.csv
delta_r,fives,fives,reliseg_nocl,baseline,1,last,tortuosity,pvbm,0.030389500825784906,-0.024520685241787125,0.13623773029774336,-0.05,pre-registered (DECISIONS 2026-09-17 13:30): tortuosity/density delta-r >= -0.05,ok,runs/pivot/fives/seed1/reliseg_nocl/pred/bio.csv
delta_bias_sigma,fives,fives,reliseg_nocl,baseline,1,last,tortuosity,pvbm,0.18001984402659887,,,0.25,pre-registered (DECISIONS 2026-09-17 13:30): |delta bias| <= 0.25 sigma,ok,runs/pivot/fives/seed1/reliseg_nocl/pred/bio.csv
delta_r,fives,fives,reliseg_nocl,baseline,2,last,tortuosity,pvbm,-0.04323001700133457,-0.12194346310647412,0.16982173054143654,-0.05,pre-registered (DECISIONS 2026-09-17 13:30): tortuosity/density delta-r >= -0.05,AT-RISK,runs/pivot/fives/seed2/reliseg_nocl/pred/bio.csv
delta_bias_sigma,fives,fives,reliseg_nocl,baseline,2,last,tortuosity,pvbm,0.22219707247409137,,,0.25,pre-registered (DECISIONS 2026-09-17 13:30): |delta bias| <= 0.25 sigma,ok,runs/pivot/fives/seed2/reliseg_nocl/pred/bio.csv
delta_r,fives,fives,cfloss,baseline,"pooled(0,1,2)",last,tortuosity,pvbm,0.05744404678702502,-0.053173407255915406,0.11525137391096252,-0.05,pre-registered (DECISIONS 2026-09-17 13:30): tortuosity/density delta-r >= -0.05,AT-RISK,"runs/pivot/fives/seed{0,1,2}/cfloss/pred/bio.csv"
delta_bias_sigma,fives,fives,cfloss,baseline,"pooled(0,1,2)",last,tortuosity,pvbm,-0.005081584128066696,,,0.25,pre-registered (DECISIONS 2026-09-17 13:30): |delta bias| <= 0.25 sigma,ok,"runs/pivot/fives/seed{0,1,2}/cfloss/pred/bio.csv"
delta_r,fives,fives,continued,baseline,"pooled(0,1,2,3,4,5)",last,tortuosity,pvbm,-0.02285237516639547,-0.05144864475463862,0.05489513839437947,-0.05,pre-registered (DECISIONS 2026-09-17 13:30): tortuosity/density delta-r >= -0.05,AT-RISK,"runs/pivot/fives/seed{0,1,2,3,4,5}/continued/pred/bio.csv"
delta_bias_sigma,fives,fives,continued,baseline,"pooled(0,1,2,3,4,5)",last,tortuosity,pvbm,-0.05452628497863993,,,0.25,pre-registered (DECISIONS 2026-09-17 13:30): |delta bias| <= 0.25 sigma,ok,"runs/pivot/fives/seed{0,1,2,3,4,5}/continued/pred/bio.csv"
delta_r,fives,fives,reliseg,baseline,"pooled(0,1,2,3,4,5)",last,tortuosity,pvbm,-0.013449705930817945,-0.08494010898418086,0.054540848158515995,-0.05,pre-registered (DECISIONS 2026-09-17 13:30): tortuosity/density delta-r >= -0.05,AT-RISK,"runs/pivot/fives/seed{0,1,2,3,4,5}/reliseg/pred/bio.csv"
delta_bias_sigma,fives,fives,reliseg,baseline,"pooled(0,1,2,3,4,5)",last,tortuosity,pvbm,0.8492309140710138,,,0.25,pre-registered (DECISIONS 2026-09-17 13:30): |delta bias| <= 0.25 sigma,BREACH,"runs/pivot/fives/seed{0,1,2,3,4,5}/reliseg/pred/bio.csv"
delta_r,fives,fives,reliseg_nocl,baseline,"pooled(0,1,2)",last,tortuosity,pvbm,-0.0028709171290924617,-0.04793816881422623,0.07474174169584076,-0.05,pre-registered (DECISIONS 2026-09-17 13:30): tortuosity/density delta-r >= -0.05,ok,"runs/pivot/fives/seed{0,1,2}/reliseg_nocl/pred/bio.csv"
delta_bias_sigma,fives,fives,reliseg_nocl,baseline,"pooled(0,1,2)",last,tortuosity,pvbm,0.21316746765178066,,,0.25,pre-registered (DECISIONS 2026-09-17 13:30): |delta bias| <= 0.25 sigma,ok,"runs/pivot/fives/seed{0,1,2}/reliseg_nocl/pred/bio.csv"
delta_r,fives,fives,cfloss,continued,0,last,tortuosity,pvbm,0.1449608803059904,-0.019873862547499514,0.2527922871732151,-0.05,pre-registered (DECISIONS 2026-09-17 13:30): tortuosity/density delta-r >= -0.05,ok,runs/pivot/fives/seed0/cfloss/pred/bio.csv
delta_bias_sigma,fives,fives,cfloss,continued,0,last,tortuosity,pvbm,0.037549413016333855,,,0.25,pre-registered (DECISIONS 2026-09-17 13:30): |delta bias| <= 0.25 sigma,ok,runs/pivot/fives/seed0/cfloss/pred/bio.csv
delta_r,fives,fives,cfloss,continued,1,last,tortuosity,pvbm,0.018135023459405174,-0.1429709321611934,0.07400944316693968,-0.05,pre-registered (DECISIONS 2026-09-17 13:30): tortuosity/density delta-r >= -0.05,AT-RISK,runs/pivot/fives/seed1/cfloss/pred/bio.csv
delta_bias_sigma,fives,fives,cfloss,continued,1,last,tortuosity,pvbm,0.047314188869617135,,,0.25,pre-registered (DECISIONS 2026-09-17 13:30): |delta bias| <= 0.25 sigma,ok,runs/pivot/fives/seed1/cfloss/pred/bio.csv
delta_r,fives,fives,cfloss,continued,2,last,tortuosity,pvbm,0.10922989794656399,-0.15972843332889616,0.23441709204964734,-0.05,pre-registered (DECISIONS 2026-09-17 13:30): tortuosity/density delta-r >= -0.05,AT-RISK,runs/pivot/fives/seed2/cfloss/pred/bio.csv
delta_bias_sigma,fives,fives,cfloss,continued,2,last,tortuosity,pvbm,0.06757726781678053,,,0.25,pre-registered (DECISIONS 2026-09-17 13:30): |delta bias| <= 0.25 sigma,ok,runs/pivot/fives/seed2/cfloss/pred/bio.csv
delta_r,fives,fives,reliseg,continued,0,last,tortuosity,pvbm,0.06108583258292173,-0.10375830740856776,0.18662789855741713,-0.05,pre-registered (DECISIONS 2026-09-17 13:30): tortuosity/density delta-r >= -0.05,AT-RISK,runs/pivot/fives/seed0/reliseg/pred/bio.csv
delta_bias_sigma,fives,fives,reliseg,continued,0,last,tortuosity,pvbm,0.9787018201863573,,,0.25,pre-registered (DECISIONS 2026-09-17 13:30): |delta bias| <= 0.25 sigma,BREACH,runs/pivot/fives/seed0/reliseg/pred/bio.csv
delta_r,fives,fives,reliseg,continued,1,last,tortuosity,pvbm,-0.08424893727879193,-0.2849400657575881,0.14892792066606939,-0.05,pre-registered (DECISIONS 2026-09-17 13:30): tortuosity/density delta-r >= -0.05,BREACH,runs/pivot/fives/seed1/reliseg/pred/bio.csv
delta_bias_sigma,fives,fives,reliseg,continued,1,last,tortuosity,pvbm,2.0382725256284195,,,0.25,pre-registered (DECISIONS 2026-09-17 13:30): |delta bias| <= 0.25 sigma,BREACH,runs/pivot/fives/seed1/reliseg/pred/bio.csv
delta_r,fives,fives,reliseg,continued,2,last,tortuosity,pvbm,0.06142405173499295,-0.19920047975399202,0.17356635997387304,-0.05,pre-registered (DECISIONS 2026-09-17 13:30): tortuosity/density delta-r >= -0.05,AT-RISK,runs/pivot/fives/seed2/reliseg/pred/bio.csv
delta_bias_sigma,fives,fives,reliseg,continued,2,last,tortuosity,pvbm,0.4633218441777224,,,0.25,pre-registered (DECISIONS 2026-09-17 13:30): |delta bias| <= 0.25 sigma,BREACH,runs/pivot/fives/seed2/reliseg/pred/bio.csv
delta_r,fives,fives,reliseg,continued,3,last,tortuosity,pvbm,0.03615417824187026,-0.16081017382494137,0.12677622648349784,-0.05,pre-registered (DECISIONS 2026-09-17 13:30): tortuosity/density delta-r >= -0.05,AT-RISK,runs/pivot/fives/seed3/reliseg/pred/bio.csv
delta_bias_sigma,fives,fives,reliseg,continued,3,last,tortuosity,pvbm,0.7304799134746027,,,0.25,pre-registered (DECISIONS 2026-09-17 13:30): |delta bias| <= 0.25 sigma,BREACH,runs/pivot/fives/seed3/reliseg/pred/bio.csv
delta_r,fives,fives,reliseg,continued,4,last,tortuosity,pvbm,-0.0423967663430342,-0.0907082942889836,0.07734884475804865,-0.05,pre-registered (DECISIONS 2026-09-17 13:30): tortuosity/density delta-r >= -0.05,AT-RISK,runs/pivot/fives/seed4/reliseg/pred/bio.csv
delta_bias_sigma,fives,fives,reliseg,continued,4,last,tortuosity,pvbm,0.4525807183534002,,,0.25,pre-registered (DECISIONS 2026-09-17 13:30): |delta bias| <= 0.25 sigma,BREACH,runs/pivot/fives/seed4/reliseg/pred/bio.csv
delta_r,fives,fives,reliseg,continued,5,last,tortuosity,pvbm,0.02439765647550632,-0.1560574049792505,0.09263831517975099,-0.05,pre-registered (DECISIONS 2026-09-17 13:30): tortuosity/density delta-r >= -0.05,AT-RISK,runs/pivot/fives/seed5/reliseg/pred/bio.csv
delta_bias_sigma,fives,fives,reliseg,continued,5,last,tortuosity,pvbm,0.7591863724774192,,,0.25,pre-registered (DECISIONS 2026-09-17 13:30): |delta bias| <= 0.25 sigma,BREACH,runs/pivot/fives/seed5/reliseg/pred/bio.csv
delta_r,fives,fives,reliseg_nocl,continued,0,last,tortuosity,pvbm,0.04148955419368944,-0.15957755114341354,0.10597859453706934,-0.05,pre-registered (DECISIONS 2026-09-17 13:30): tortuosity/density delta-r >= -0.05,AT-RISK,runs/pivot/fives/seed0/reliseg_nocl/pred/bio.csv
delta_bias_sigma,fives,fives,reliseg_nocl,continued,0,last,tortuosity,pvbm,0.31879509035727993,,,0.25,pre-registered (DECISIONS 2026-09-17 13:30): |delta bias| <= 0.25 sigma,BREACH,runs/pivot/fives/seed0/reliseg_nocl/pred/bio.csv
delta_r,fives,fives,reliseg_nocl,continued,1,last,tortuosity,pvbm,0.00794817240632454,-0.05707983783602943,0.12801545264032746,-0.05,pre-registered (DECISIONS 2026-09-17 13:30): tortuosity/density delta-r >= -0.05,AT-RISK,runs/pivot/fives/seed1/reliseg_nocl/pred/bio.csv
delta_bias_sigma,fives,fives,reliseg_nocl,continued,1,last,tortuosity,pvbm,0.24657769989859568,,,0.25,pre-registered (DECISIONS 2026-09-17 13:30): |delta bias| <= 0.25 sigma,ok,runs/pivot/fives/seed1/reliseg_nocl/pred/bio.csv
delta_r,fives,fives,reliseg_nocl,continued,2,last,tortuosity,pvbm,0.041943183363593144,-0.07545611960180354,0.15123776177248516,-0.05,pre-registered (DECISIONS 2026-09-17 13:30): tortuosity/density delta-r >= -0.05,AT-RISK,runs/pivot/fives/seed2/reliseg_nocl/pred/bio.csv
delta_bias_sigma,fives,fives,reliseg_nocl,continued,2,last,tortuosity,pvbm,0.241815234786398,,,0.25,pre-registered (DECISIONS 2026-09-17 13:30): |delta bias| <= 0.25 sigma,ok,runs/pivot/fives/seed2/reliseg_nocl/pred/bio.csv
delta_r,fives,fives,cfloss,continued,"pooled(0,1,2)",last,tortuosity,pvbm,0.09077526723731986,-0.08600528296021341,0.1747164634286627,-0.05,pre-registered (DECISIONS 2026-09-17 13:30): tortuosity/density delta-r >= -0.05,AT-RISK,"runs/pivot/fives/seed{0,1,2}/cfloss/pred/bio.csv"
delta_bias_sigma,fives,fives,cfloss,continued,"pooled(0,1,2)",last,tortuosity,pvbm,0.05081362323424384,,,0.25,pre-registered (DECISIONS 2026-09-17 13:30): |delta bias| <= 0.25 sigma,ok,"runs/pivot/fives/seed{0,1,2}/cfloss/pred/bio.csv"
delta_r,fives,fives,reliseg,continued,"pooled(0,1,2,3,4,5)",last,tortuosity,pvbm,0.00940266923557752,-0.11100098079457456,0.06090053132276556,-0.05,pre-registered (DECISIONS 2026-09-17 13:30): tortuosity/density delta-r >= -0.05,AT-RISK,"runs/pivot/fives/seed{0,1,2,3,4,5}/reliseg/pred/bio.csv"
delta_bias_sigma,fives,fives,reliseg,continued,"pooled(0,1,2,3,4,5)",last,tortuosity,pvbm,0.9037571990496537,,,0.25,pre-registered (DECISIONS 2026-09-17 13:30): |delta bias| <= 0.25 sigma,BREACH,"runs/pivot/fives/seed{0,1,2,3,4,5}/reliseg/pred/bio.csv"
delta_r,fives,fives,reliseg_nocl,continued,"pooled(0,1,2)",last,tortuosity,pvbm,0.030460303321202375,-0.04418479011249573,0.0787568476778303,-0.05,pre-registered (DECISIONS 2026-09-17 13:30): tortuosity/density delta-r >= -0.05,ok,"runs/pivot/fives/seed{0,1,2}/reliseg_nocl/pred/bio.csv"
delta_bias_sigma,fives,fives,reliseg_nocl,continued,"pooled(0,1,2)",last,tortuosity,pvbm,0.2690626750140912,,,0.25,pre-registered (DECISIONS 2026-09-17 13:30): |delta bias| <= 0.25 sigma,BREACH,"runs/pivot/fives/seed{0,1,2}/reliseg_nocl/pred/bio.csv"
delta_r,fives,fives,cfloss,baseline,0,last,tortuosity,skan,0.06989921257568721,-0.050154404589011034,0.2474710394512901,-0.05,pre-registered (DECISIONS 2026-09-17 13:30): tortuosity/density delta-r >= -0.05,AT-RISK,runs/pivot/fives/seed0/cfloss/pred/bio.csv
delta_bias_sigma,fives,fives,cfloss,baseline,0,last,tortuosity,skan,0.0015641568252031252,,,0.25,pre-registered (DECISIONS 2026-09-17 13:30): |delta bias| <= 0.25 sigma,ok,runs/pivot/fives/seed0/cfloss/pred/bio.csv
delta_r,fives,fives,cfloss,baseline,1,last,tortuosity,skan,0.0116889507017367,-0.034442425960320856,0.05870408541730599,-0.05,pre-registered (DECISIONS 2026-09-17 13:30): tortuosity/density delta-r >= -0.05,ok,runs/pivot/fives/seed1/cfloss/pred/bio.csv
delta_bias_sigma,fives,fives,cfloss,baseline,1,last,tortuosity,skan,0.0363838229277602,,,0.25,pre-registered (DECISIONS 2026-09-17 13:30): |delta bias| <= 0.25 sigma,ok,runs/pivot/fives/seed1/cfloss/pred/bio.csv
delta_r,fives,fives,cfloss,baseline,2,last,tortuosity,skan,-0.10135445233151219,-0.26997869437519023,0.06282286342559004,-0.05,pre-registered (DECISIONS 2026-09-17 13:30): tortuosity/density delta-r >= -0.05,BREACH,runs/pivot/fives/seed2/cfloss/pred/bio.csv
delta_bias_sigma,fives,fives,cfloss,baseline,2,last,tortuosity,skan,-0.11527527640409886,,,0.25,pre-registered (DECISIONS 2026-09-17 13:30): |delta bias| <= 0.25 sigma,ok,runs/pivot/fives/seed2/cfloss/pred/bio.csv
delta_r,fives,fives,continued,baseline,0,last,tortuosity,skan,0.04346653457414307,-0.006039125193091952,0.09160989083504985,-0.05,pre-registered (DECISIONS 2026-09-17 13:30): tortuosity/density delta-r >= -0.05,ok,runs/pivot/fives/seed0/continued/pred/bio.csv
delta_bias_sigma,fives,fives,continued,baseline,0,last,tortuosity,skan,0.01644375513555464,,,0.25,pre-registered (DECISIONS 2026-09-17 13:30): |delta bias| <= 0.25 sigma,ok,runs/pivot/fives/seed0/continued/pred/bio.csv
delta_r,fives,fives,continued,baseline,1,last,tortuosity,skan,-0.10885172068228954,-0.3172939931537997,0.043455952294970755,-0.05,pre-registered (DECISIONS 2026-09-17 13:30): tortuosity/density delta-r >= -0.05,BREACH,runs/pivot/fives/seed1/continued/pred/bio.csv
delta_bias_sigma,fives,fives,continued,baseline,1,last,tortuosity,skan,-0.017748069441285402,,,0.25,pre-registered (DECISIONS 2026-09-17 13:30): |delta bias| <= 0.25 sigma,ok,runs/pivot/fives/seed1/continued/pred/bio.csv
delta_r,fives,fives,continued,baseline,2,last,tortuosity,skan,-0.12553561649025835,-0.28998908489926223,0.02755627195379608,-0.05,pre-registered (DECISIONS 2026-09-17 13:30): tortuosity/density delta-r >= -0.05,BREACH,runs/pivot/fives/seed2/continued/pred/bio.csv
delta_bias_sigma,fives,fives,continued,baseline,2,last,tortuosity,skan,-0.08568738903055431,,,0.25,pre-registered (DECISIONS 2026-09-17 13:30): |delta bias| <= 0.25 sigma,ok,runs/pivot/fives/seed2/continued/pred/bio.csv
delta_r,fives,fives,continued,baseline,3,last,tortuosity,skan,0.07089611959136105,-0.1367327101269181,0.3205048109064485,-0.05,pre-registered (DECISIONS 2026-09-17 13:30): tortuosity/density delta-r >= -0.05,AT-RISK,runs/pivot/fives/seed3/continued/pred/bio.csv
delta_bias_sigma,fives,fives,continued,baseline,3,last,tortuosity,skan,-0.028371001243392254,,,0.25,pre-registered (DECISIONS 2026-09-17 13:30): |delta bias| <= 0.25 sigma,ok,runs/pivot/fives/seed3/continued/pred/bio.csv
delta_r,fives,fives,continued,baseline,4,last,tortuosity,skan,0.020419453942975063,-0.1461237645166163,0.21694977769140644,-0.05,pre-registered (DECISIONS 2026-09-17 13:30): tortuosity/density delta-r >= -0.05,AT-RISK,runs/pivot/fives/seed4/continued/pred/bio.csv
delta_bias_sigma,fives,fives,continued,baseline,4,last,tortuosity,skan,0.06414089011781898,,,0.25,pre-registered (DECISIONS 2026-09-17 13:30): |delta bias| <= 0.25 sigma,ok,runs/pivot/fives/seed4/continued/pred/bio.csv
delta_r,fives,fives,continued,baseline,5,last,tortuosity,skan,-0.00015634983324885887,-0.0916870680169717,0.07012407355450445,-0.05,pre-registered (DECISIONS 2026-09-17 13:30): tortuosity/density delta-r >= -0.05,AT-RISK,runs/pivot/fives/seed5/continued/pred/bio.csv
delta_bias_sigma,fives,fives,continued,baseline,5,last,tortuosity,skan,0.020791265248148248,,,0.25,pre-registered (DECISIONS 2026-09-17 13:30): |delta bias| <= 0.25 sigma,ok,runs/pivot/fives/seed5/continued/pred/bio.csv
delta_r,fives,fives,reliseg,baseline,0,last,tortuosity,skan,0.03320457582067998,-0.1353319236061489,0.1991671355255979,-0.05,pre-registered (DECISIONS 2026-09-17 13:30): tortuosity/density delta-r >= -0.05,AT-RISK,runs/pivot/fives/seed0/reliseg/pred/bio.csv
delta_bias_sigma,fives,fives,reliseg,baseline,0,last,tortuosity,skan,0.03972671647054349,,,0.25,pre-registered (DECISIONS 2026-09-17 13:30): |delta bias| <= 0.25 sigma,ok,runs/pivot/fives/seed0/reliseg/pred/bio.csv
delta_r,fives,fives,reliseg,baseline,1,last,tortuosity,skan,0.011588452243642133,-0.09048481811574731,0.10461041318035673,-0.05,pre-registered (DECISIONS 2026-09-17 13:30): tortuosity/density delta-r >= -0.05,AT-RISK,runs/pivot/fives/seed1/reliseg/pred/bio.csv
delta_bias_sigma,fives,fives,reliseg,baseline,1,last,tortuosity,skan,0.035255306532110654,,,0.25,pre-registered (DECISIONS 2026-09-17 13:30): |delta bias| <= 0.25 sigma,ok,runs/pivot/fives/seed1/reliseg/pred/bio.csv
delta_r,fives,fives,reliseg,baseline,2,last,tortuosity,skan,-0.13313061704339157,-0.29333029362198265,0.002418988548573583,-0.05,pre-registered (DECISIONS 2026-09-17 13:30): tortuosity/density delta-r >= -0.05,BREACH,runs/pivot/fives/seed2/reliseg/pred/bio.csv
delta_bias_sigma,fives,fives,reliseg,baseline,2,last,tortuosity,skan,-0.060812121327712146,,,0.25,pre-registered (DECISIONS 2026-09-17 13:30): |delta bias| <= 0.25 sigma,ok,runs/pivot/fives/seed2/reliseg/pred/bio.csv
delta_r,fives,fives,reliseg,baseline,3,last,tortuosity,skan,0.10485905519683225,-0.10318027593236173,0.3366771554075659,-0.05,pre-registered (DECISIONS 2026-09-17 13:30): tortuosity/density delta-r >= -0.05,AT-RISK,runs/pivot/fives/seed3/reliseg/pred/bio.csv
delta_bias_sigma,fives,fives,reliseg,baseline,3,last,tortuosity,skan,-0.13315573319650217,,,0.25,pre-registered (DECISIONS 2026-09-17 13:30): |delta bias| <= 0.25 sigma,ok,runs/pivot/fives/seed3/reliseg/pred/bio.csv
delta_r,fives,fives,reliseg,baseline,4,last,tortuosity,skan,-0.0127065775302454,-0.07580268471672941,0.042552288637879056,-0.05,pre-registered (DECISIONS 2026-09-17 13:30): tortuosity/density delta-r >= -0.05,AT-RISK,runs/pivot/fives/seed4/reliseg/pred/bio.csv
delta_bias_sigma,fives,fives,reliseg,baseline,4,last,tortuosity,skan,-0.05509827654759313,,,0.25,pre-registered (DECISIONS 2026-09-17 13:30): |delta bias| <= 0.25 sigma,ok,runs/pivot/fives/seed4/reliseg/pred/bio.csv
delta_r,fives,fives,reliseg,baseline,5,last,tortuosity,skan,0.003307795580606787,-0.04264363086417436,0.05577202393311016,-0.05,pre-registered (DECISIONS 2026-09-17 13:30): tortuosity/density delta-r >= -0.05,ok,runs/pivot/fives/seed5/reliseg/pred/bio.csv
delta_bias_sigma,fives,fives,reliseg,baseline,5,last,tortuosity,skan,-0.0031858446956910327,,,0.25,pre-registered (DECISIONS 2026-09-17 13:30): |delta bias| <= 0.25 sigma,ok,runs/pivot/fives/seed5/reliseg/pred/bio.csv
delta_r,fives,fives,reliseg_nocl,baseline,0,last,tortuosity,skan,0.05066698915289425,-0.04843478697013841,0.14750960550903042,-0.05,pre-registered (DECISIONS 2026-09-17 13:30): tortuosity/density delta-r >= -0.05,ok,runs/pivot/fives/seed0/reliseg_nocl/pred/bio.csv
delta_bias_sigma,fives,fives,reliseg_nocl,baseline,0,last,tortuosity,skan,-0.06007436324610321,,,0.25,pre-registered (DECISIONS 2026-09-17 13:30): |delta bias| <= 0.25 sigma,ok,runs/pivot/fives/seed0/reliseg_nocl/pred/bio.csv
delta_r,fives,fives,reliseg_nocl,baseline,1,last,tortuosity,skan,0.03865066806284889,-0.007923094686541413,0.08516708824932392,-0.05,pre-registered (DECISIONS 2026-09-17 13:30): tortuosity/density delta-r >= -0.05,ok,runs/pivot/fives/seed1/reliseg_nocl/pred/bio.csv
delta_bias_sigma,fives,fives,reliseg_nocl,baseline,1,last,tortuosity,skan,-0.009530420443315993,,,0.25,pre-registered (DECISIONS 2026-09-17 13:30): |delta bias| <= 0.25 sigma,ok,runs/pivot/fives/seed1/reliseg_nocl/pred/bio.csv
delta_r,fives,fives,reliseg_nocl,baseline,2,last,tortuosity,skan,-0.06716980907444492,-0.24207956883789,0.08708200671695282,-0.05,pre-registered (DECISIONS 2026-09-17 13:30): tortuosity/density delta-r >= -0.05,BREACH,runs/pivot/fives/seed2/reliseg_nocl/pred/bio.csv
delta_bias_sigma,fives,fives,reliseg_nocl,baseline,2,last,tortuosity,skan,-0.10826019735748012,,,0.25,pre-registered (DECISIONS 2026-09-17 13:30): |delta bias| <= 0.25 sigma,ok,runs/pivot/fives/seed2/reliseg_nocl/pred/bio.csv
delta_r,fives,fives,cfloss,baseline,"pooled(0,1,2)",last,tortuosity,skan,-0.006588763018029427,-0.044793305230548114,0.03140039027447414,-0.05,pre-registered (DECISIONS 2026-09-17 13:30): tortuosity/density delta-r >= -0.05,ok,"runs/pivot/fives/seed{0,1,2}/cfloss/pred/bio.csv"
delta_bias_sigma,fives,fives,cfloss,baseline,"pooled(0,1,2)",last,tortuosity,skan,-0.025775765550378513,,,0.25,pre-registered (DECISIONS 2026-09-17 13:30): |delta bias| <= 0.25 sigma,ok,"runs/pivot/fives/seed{0,1,2}/cfloss/pred/bio.csv"
delta_r,fives,fives,continued,baseline,"pooled(0,1,2,3,4,5)",last,tortuosity,skan,-0.016626929816219594,-0.09026590314249858,0.06022967418572103,-0.05,pre-registered (DECISIONS 2026-09-17 13:30): tortuosity/density delta-r >= -0.05,AT-RISK,"runs/pivot/fives/seed{0,1,2,3,4,5}/continued/pred/bio.csv"
delta_bias_sigma,fives,fives,continued,baseline,"pooled(0,1,2,3,4,5)",last,tortuosity,skan,-0.005071758202285017,,,0.25,pre-registered (DECISIONS 2026-09-17 13:30): |delta bias| <= 0.25 sigma,ok,"runs/pivot/fives/seed{0,1,2,3,4,5}/continued/pred/bio.csv"
delta_r,fives,fives,reliseg,baseline,"pooled(0,1,2,3,4,5)",last,tortuosity,skan,0.0011871140446873634,-0.06319785230616978,0.06362322567592127,-0.05,pre-registered (DECISIONS 2026-09-17 13:30): tortuosity/density delta-r >= -0.05,AT-RISK,"runs/pivot/fives/seed{0,1,2,3,4,5}/reliseg/pred/bio.csv"
delta_bias_sigma,fives,fives,reliseg,baseline,"pooled(0,1,2,3,4,5)",last,tortuosity,skan,-0.029544992127474055,,,0.25,pre-registered (DECISIONS 2026-09-17 13:30): |delta bias| <= 0.25 sigma,ok,"runs/pivot/fives/seed{0,1,2,3,4,5}/reliseg/pred/bio.csv"
delta_r,fives,fives,reliseg_nocl,baseline,"pooled(0,1,2)",last,tortuosity,skan,0.007382616047099407,-0.0719188299253261,0.06622256041685694,-0.05,pre-registered (DECISIONS 2026-09-17 13:30): tortuosity/density delta-r >= -0.05,AT-RISK,"runs/pivot/fives/seed{0,1,2}/reliseg_nocl/pred/bio.csv"
delta_bias_sigma,fives,fives,reliseg_nocl,baseline,"pooled(0,1,2)",last,tortuosity,skan,-0.05928832701563311,,,0.25,pre-registered (DECISIONS 2026-09-17 13:30): |delta bias| <= 0.25 sigma,ok,"runs/pivot/fives/seed{0,1,2}/reliseg_nocl/pred/bio.csv"
delta_r,fives,fives,cfloss,continued,0,last,tortuosity,skan,0.02643267800154414,-0.11202190387873386,0.22620619497010838,-0.05,pre-registered (DECISIONS 2026-09-17 13:30): tortuosity/density delta-r >= -0.05,AT-RISK,runs/pivot/fives/seed0/cfloss/pred/bio.csv
delta_bias_sigma,fives,fives,cfloss,continued,0,last,tortuosity,skan,-0.014879598310351516,,,0.25,pre-registered (DECISIONS 2026-09-17 13:30): |delta bias| <= 0.25 sigma,ok,runs/pivot/fives/seed0/cfloss/pred/bio.csv
delta_r,fives,fives,cfloss,continued,1,last,tortuosity,skan,0.12054067138402624,-0.0358567059186641,0.32498153323947504,-0.05,pre-registered (DECISIONS 2026-09-17 13:30): tortuosity/density delta-r >= -0.05,ok,runs/pivot/fives/seed1/cfloss/pred/bio.csv
delta_bias_sigma,fives,fives,cfloss,continued,1,last,tortuosity,skan,0.0541318923690456,,,0.25,pre-registered (DECISIONS 2026-09-17 13:30): |delta bias| <= 0.25 sigma,ok,runs/pivot/fives/seed1/cfloss/pred/bio.csv
delta_r,fives,fives,cfloss,continued,2,last,tortuosity,skan,0.02418116415874616,-0.027658881082641893,0.08544441336043235,-0.05,pre-registered (DECISIONS 2026-09-17 13:30): tortuosity/density delta-r >= -0.05,ok,runs/pivot/fives/seed2/cfloss/pred/bio.csv
delta_bias_sigma,fives,fives,cfloss,continued,2,last,tortuosity,skan,-0.02958788737354455,,,0.25,pre-registered (DECISIONS 2026-09-17 13:30): |delta bias| <= 0.25 sigma,ok,runs/pivot/fives/seed2/cfloss/pred/bio.csv
delta_r,fives,fives,reliseg,continued,0,last,tortuosity,skan,-0.010261958753463085,-0.16813338556390045,0.15463852380578422,-0.05,pre-registered (DECISIONS 2026-09-17 13:30): tortuosity/density delta-r >= -0.05,AT-RISK,runs/pivot/fives/seed0/reliseg/pred/bio.csv
delta_bias_sigma,fives,fives,reliseg,continued,0,last,tortuosity,skan,0.023282961334988847,,,0.25,pre-registered (DECISIONS 2026-09-17 13:30): |delta bias| <= 0.25 sigma,ok,runs/pivot/fives/seed0/reliseg/pred/bio.csv
delta_r,fives,fives,reliseg,continued,1,last,tortuosity,skan,0.12044017292593168,-0.010167736521943513,0.2544762490730404,-0.05,pre-registered (DECISIONS 2026-09-17 13:30): tortuosity/density delta-r >= -0.05,ok,runs/pivot/fives/seed1/reliseg/pred/bio.csv
delta_bias_sigma,fives,fives,reliseg,continued,1,last,tortuosity,skan,0.05300337597339606,,,0.25,pre-registered (DECISIONS 2026-09-17 13:30): |delta bias| <= 0.25 sigma,ok,runs/pivot/fives/seed1/reliseg/pred/bio.csv
delta_r,fives,fives,reliseg,continued,2,last,tortuosity,skan,-0.007595000553133224,-0.10271440291935247,0.06447313493872625,-0.05,pre-registered (DECISIONS 2026-09-17 13:30): tortuosity/density delta-r >= -0.05,AT-RISK,runs/pivot/fives/seed2/reliseg/pred/bio.csv
delta_bias_sigma,fives,fives,reliseg,continued,2,last,tortuosity,skan,0.024875267702842166,,,0.25,pre-registered (DECISIONS 2026-09-17 13:30): |delta bias| <= 0.25 sigma,ok,runs/pivot/fives/seed2/reliseg/pred/bio.csv
delta_r,fives,fives,reliseg,continued,3,last,tortuosity,skan,0.0339629356054712,-0.053458520272678785,0.13231168964552373,-0.05,pre-registered (DECISIONS 2026-09-17 13:30): tortuosity/density delta-r >= -0.05,AT-RISK,runs/pivot/fives/seed3/reliseg/pred/bio.csv
delta_bias_sigma,fives,fives,reliseg,continued,3,last,tortuosity,skan,-0.10478473195310993,,,0.25,pre-registered (DECISIONS 2026-09-17 13:30): |delta bias| <= 0.25 sigma,ok,runs/pivot/fives/seed3/reliseg/pred/bio.csv
delta_r,fives,fives,reliseg,continued,4,last,tortuosity,skan,-0.03312603147322046,-0.20604315450646782,0.10299682233460485,-0.05,pre-registered (DECISIONS 2026-09-17 13:30): tortuosity/density delta-r >= -0.05,AT-RISK,runs/pivot/fives/seed4/reliseg/pred/bio.csv
delta_bias_sigma,fives,fives,reliseg,continued,4,last,tortuosity,skan,-0.11923916666541211,,,0.25,pre-registered (DECISIONS 2026-09-17 13:30): |delta bias| <= 0.25 sigma,ok,runs/pivot/fives/seed4/reliseg/pred/bio.csv
delta_r,fives,fives,reliseg,continued,5,last,tortuosity,skan,0.003464145413855646,-0.06459911567768192,0.09267887253456007,-0.05,pre-registered (DECISIONS 2026-09-17 13:30): tortuosity/density delta-r >= -0.05,AT-RISK,runs/pivot/fives/seed5/reliseg/pred/bio.csv
delta_bias_sigma,fives,fives,reliseg,continued,5,last,tortuosity,skan,-0.02397710994383928,,,0.25,pre-registered (DECISIONS 2026-09-17 13:30): |delta bias| <= 0.25 sigma,ok,runs/pivot/fives/seed5/reliseg/pred/bio.csv
delta_r,fives,fives,reliseg_nocl,continued,0,last,tortuosity,skan,0.007200454578751181,-0.07751624672926564,0.09714177277900865,-0.05,pre-registered (DECISIONS 2026-09-17 13:30): tortuosity/density delta-r >= -0.05,AT-RISK,runs/pivot/fives/seed0/reliseg_nocl/pred/bio.csv
delta_bias_sigma,fives,fives,reliseg_nocl,continued,0,last,tortuosity,skan,-0.07651811838165785,,,0.25,pre-registered (DECISIONS 2026-09-17 13:30): |delta bias| <= 0.25 sigma,ok,runs/pivot/fives/seed0/reliseg_nocl/pred/bio.csv
delta_r,fives,fives,reliseg_nocl,continued,1,last,tortuosity,skan,0.14750238874513844,-0.01829353907736867,0.3460833241391091,-0.05,pre-registered (DECISIONS 2026-09-17 13:30): tortuosity/density delta-r >= -0.05,ok,runs/pivot/fives/seed1/reliseg_nocl/pred/bio.csv
delta_bias_sigma,fives,fives,reliseg_nocl,continued,1,last,tortuosity,skan,0.00821764899796941,,,0.25,pre-registered (DECISIONS 2026-09-17 13:30): |delta bias| <= 0.25 sigma,ok,runs/pivot/fives/seed1/reliseg_nocl/pred/bio.csv
delta_r,fives,fives,reliseg_nocl,continued,2,last,tortuosity,skan,0.05836580741581343,-0.01102874188180623,0.1249951525750969,-0.05,pre-registered (DECISIONS 2026-09-17 13:30): tortuosity/density delta-r >= -0.05,ok,runs/pivot/fives/seed2/reliseg_nocl/pred/bio.csv
delta_bias_sigma,fives,fives,reliseg_nocl,continued,2,last,tortuosity,skan,-0.022572808326925806,,,0.25,pre-registered (DECISIONS 2026-09-17 13:30): |delta bias| <= 0.25 sigma,ok,runs/pivot/fives/seed2/reliseg_nocl/pred/bio.csv
delta_r,fives,fives,cfloss,continued,"pooled(0,1,2)",last,tortuosity,skan,0.05705150451477218,-0.02278959270187963,0.18977637451757368,-0.05,pre-registered (DECISIONS 2026-09-17 13:30): tortuosity/density delta-r >= -0.05,ok,"runs/pivot/fives/seed{0,1,2}/cfloss/pred/bio.csv"
delta_bias_sigma,fives,fives,cfloss,continued,"pooled(0,1,2)",last,tortuosity,skan,0.003221468895049845,,,0.25,pre-registered (DECISIONS 2026-09-17 13:30): |delta bias| <= 0.25 sigma,ok,"runs/pivot/fives/seed{0,1,2}/cfloss/pred/bio.csv"
delta_r,fives,fives,reliseg,continued,"pooled(0,1,2,3,4,5)",last,tortuosity,skan,0.01781404386090696,-0.03328569887554913,0.07447024275522823,-0.05,pre-registered (DECISIONS 2026-09-17 13:30): tortuosity/density delta-r >= -0.05,ok,"runs/pivot/fives/seed{0,1,2,3,4,5}/reliseg/pred/bio.csv"
delta_bias_sigma,fives,fives,reliseg,continued,"pooled(0,1,2,3,4,5)",last,tortuosity,skan,-0.024473233925189037,,,0.25,pre-registered (DECISIONS 2026-09-17 13:30): |delta bias| <= 0.25 sigma,ok,"runs/pivot/fives/seed{0,1,2,3,4,5}/reliseg/pred/bio.csv"
delta_r,fives,fives,reliseg_nocl,continued,"pooled(0,1,2)",last,tortuosity,skan,0.07102288357990101,-0.007952488187449888,0.1450151812317797,-0.05,pre-registered (DECISIONS 2026-09-17 13:30): tortuosity/density delta-r >= -0.05,ok,"runs/pivot/fives/seed{0,1,2}/reliseg_nocl/pred/bio.csv"
delta_bias_sigma,fives,fives,reliseg_nocl,continued,"pooled(0,1,2)",last,tortuosity,skan,-0.03029109257020475,,,0.25,pre-registered (DECISIONS 2026-09-17 13:30): |delta bias| <= 0.25 sigma,ok,"runs/pivot/fives/seed{0,1,2}/reliseg_nocl/pred/bio.csv"
delta_r,fives,fives,cfloss,baseline,0,last,density,pvbm,-0.0014659647175098156,-0.004170010057870313,0.0007628163930225024,-0.05,pre-registered (DECISIONS 2026-09-17 13:30): tortuosity/density delta-r >= -0.05,ok,runs/pivot/fives/seed0/cfloss/pred/bio.csv
delta_bias_sigma,fives,fives,cfloss,baseline,0,last,density,pvbm,-0.07127408852138736,,,0.25,pre-registered (DECISIONS 2026-09-17 13:30): |delta bias| <= 0.25 sigma,ok,runs/pivot/fives/seed0/cfloss/pred/bio.csv
delta_r,fives,fives,cfloss,baseline,1,last,density,pvbm,-0.0004310168612424725,-0.0016723467873022008,0.0005956657178910467,-0.05,pre-registered (DECISIONS 2026-09-17 13:30): tortuosity/density delta-r >= -0.05,ok,runs/pivot/fives/seed1/cfloss/pred/bio.csv
delta_bias_sigma,fives,fives,cfloss,baseline,1,last,density,pvbm,-0.07679552679156412,,,0.25,pre-registered (DECISIONS 2026-09-17 13:30): |delta bias| <= 0.25 sigma,ok,runs/pivot/fives/seed1/cfloss/pred/bio.csv
delta_r,fives,fives,cfloss,baseline,2,last,density,pvbm,-0.00046277178084008774,-0.001089770425087447,9.152549697502252e-05,-0.05,pre-registered (DECISIONS 2026-09-17 13:30): tortuosity/density delta-r >= -0.05,ok,runs/pivot/fives/seed2/cfloss/pred/bio.csv
delta_bias_sigma,fives,fives,cfloss,baseline,2,last,density,pvbm,0.014132341290052308,,,0.25,pre-registered (DECISIONS 2026-09-17 13:30): |delta bias| <= 0.25 sigma,ok,runs/pivot/fives/seed2/cfloss/pred/bio.csv
delta_r,fives,fives,continued,baseline,0,last,density,pvbm,0.00022759111346282168,-0.0003477424723681677,0.0008488276217835792,-0.05,pre-registered (DECISIONS 2026-09-17 13:30): tortuosity/density delta-r >= -0.05,ok,runs/pivot/fives/seed0/continued/pred/bio.csv
delta_bias_sigma,fives,fives,continued,baseline,0,last,density,pvbm,0.05044762153519816,,,0.25,pre-registered (DECISIONS 2026-09-17 13:30): |delta bias| <= 0.25 sigma,ok,runs/pivot/fives/seed0/continued/pred/bio.csv
delta_r,fives,fives,continued,baseline,1,last,density,pvbm,0.000556012077031709,-0.0003860795049952431,0.001541227644809375,-0.05,pre-registered (DECISIONS 2026-09-17 13:30): tortuosity/density delta-r >= -0.05,ok,runs/pivot/fives/seed1/continued/pred/bio.csv
delta_bias_sigma,fives,fives,continued,baseline,1,last,density,pvbm,0.007683834246916639,,,0.25,pre-registered (DECISIONS 2026-09-17 13:30): |delta bias| <= 0.25 sigma,ok,runs/pivot/fives/seed1/continued/pred/bio.csv
delta_r,fives,fives,continued,baseline,2,last,density,pvbm,0.0009856479722002431,-0.00039722125671878274,0.002805533395488488,-0.05,pre-registered (DECISIONS 2026-09-17 13:30): tortuosity/density delta-r >= -0.05,ok,runs/pivot/fives/seed2/continued/pred/bio.csv
delta_bias_sigma,fives,fives,continued,baseline,2,last,density,pvbm,0.1339815533159051,,,0.25,pre-registered (DECISIONS 2026-09-17 13:30): |delta bias| <= 0.25 sigma,ok,runs/pivot/fives/seed2/continued/pred/bio.csv
delta_r,fives,fives,continued,baseline,3,last,density,pvbm,0.0016687914438932028,0.00048007911203314655,0.003424024334800263,-0.05,pre-registered (DECISIONS 2026-09-17 13:30): tortuosity/density delta-r >= -0.05,ok,runs/pivot/fives/seed3/continued/pred/bio.csv
delta_bias_sigma,fives,fives,continued,baseline,3,last,density,pvbm,0.07609589506198318,,,0.25,pre-registered (DECISIONS 2026-09-17 13:30): |delta bias| <= 0.25 sigma,ok,runs/pivot/fives/seed3/continued/pred/bio.csv
delta_r,fives,fives,continued,baseline,4,last,density,pvbm,0.0013215065632790068,0.000200611535278733,0.0029446059034923056,-0.05,pre-registered (DECISIONS 2026-09-17 13:30): tortuosity/density delta-r >= -0.05,ok,runs/pivot/fives/seed4/continued/pred/bio.csv
delta_bias_sigma,fives,fives,continued,baseline,4,last,density,pvbm,0.02763727894574486,,,0.25,pre-registered (DECISIONS 2026-09-17 13:30): |delta bias| <= 0.25 sigma,ok,runs/pivot/fives/seed4/continued/pred/bio.csv
delta_r,fives,fives,continued,baseline,5,last,density,pvbm,0.000936009835196927,0.000337794575798675,0.0016577817978810387,-0.05,pre-registered (DECISIONS 2026-09-17 13:30): tortuosity/density delta-r >= -0.05,ok,runs/pivot/fives/seed5/continued/pred/bio.csv
delta_bias_sigma,fives,fives,continued,baseline,5,last,density,pvbm,0.012346042063443419,,,0.25,pre-registered (DECISIONS 2026-09-17 13:30): |delta bias| <= 0.25 sigma,ok,runs/pivot/fives/seed5/continued/pred/bio.csv
delta_r,fives,fives,reliseg,baseline,0,last,density,pvbm,0.00011898183325464995,-0.00044023184532703815,0.000674406793519208,-0.05,pre-registered (DECISIONS 2026-09-17 13:30): tortuosity/density delta-r >= -0.05,ok,runs/pivot/fives/seed0/reliseg/pred/bio.csv
delta_bias_sigma,fives,fives,reliseg,baseline,0,last,density,pvbm,0.0708670841803282,,,0.25,pre-registered (DECISIONS 2026-09-17 13:30): |delta bias| <= 0.25 sigma,ok,runs/pivot/fives/seed0/reliseg/pred/bio.csv
delta_r,fives,fives,reliseg,baseline,1,last,density,pvbm,0.000684663687417264,-0.00024131194899082719,0.0018773099088595412,-0.05,pre-registered (DECISIONS 2026-09-17 13:30): tortuosity/density delta-r >= -0.05,ok,runs/pivot/fives/seed1/reliseg/pred/bio.csv
delta_bias_sigma,fives,fives,reliseg,baseline,1,last,density,pvbm,0.06330885839340329,,,0.25,pre-registered (DECISIONS 2026-09-17 13:30): |delta bias| <= 0.25 sigma,ok,runs/pivot/fives/seed1/reliseg/pred/bio.csv
delta_r,fives,fives,reliseg,baseline,2,last,density,pvbm,0.0006627616494020439,-0.0013752726541088694,0.002817695825295371,-0.05,pre-registered (DECISIONS 2026-09-17 13:30): tortuosity/density delta-r >= -0.05,ok,runs/pivot/fives/seed2/reliseg/pred/bio.csv
delta_bias_sigma,fives,fives,reliseg,baseline,2,last,density,pvbm,0.13008453781544285,,,0.25,pre-registered (DECISIONS 2026-09-17 13:30): |delta bias| <= 0.25 sigma,ok,runs/pivot/fives/seed2/reliseg/pred/bio.csv
delta_r,fives,fives,reliseg,baseline,3,last,density,pvbm,0.0020475203968993716,0.0006109534114145859,0.0041226802179939095,-0.05,pre-registered (DECISIONS 2026-09-17 13:30): tortuosity/density delta-r >= -0.05,ok,runs/pivot/fives/seed3/reliseg/pred/bio.csv
delta_bias_sigma,fives,fives,reliseg,baseline,3,last,density,pvbm,0.12675211323659452,,,0.25,pre-registered (DECISIONS 2026-09-17 13:30): |delta bias| <= 0.25 sigma,ok,runs/pivot/fives/seed3/reliseg/pred/bio.csv
delta_r,fives,fives,reliseg,baseline,4,last,density,pvbm,0.0015802226575489797,0.0003813995359437272,0.003295618948463033,-0.05,pre-registered (DECISIONS 2026-09-17 13:30): tortuosity/density delta-r >= -0.05,ok,runs/pivot/fives/seed4/reliseg/pred/bio.csv
delta_bias_sigma,fives,fives,reliseg,baseline,4,last,density,pvbm,0.06432125006983627,,,0.25,pre-registered (DECISIONS 2026-09-17 13:30): |delta bias| <= 0.25 sigma,ok,runs/pivot/fives/seed4/reliseg/pred/bio.csv
delta_r,fives,fives,reliseg,baseline,5,last,density,pvbm,0.0004230383623505807,-0.00045911383324823694,0.001394525361754339,-0.05,pre-registered (DECISIONS 2026-09-17 13:30): tortuosity/density delta-r >= -0.05,ok,runs/pivot/fives/seed5/reliseg/pred/bio.csv
delta_bias_sigma,fives,fives,reliseg,baseline,5,last,density,pvbm,0.03337773267760519,,,0.25,pre-registered (DECISIONS 2026-09-17 13:30): |delta bias| <= 0.25 sigma,ok,runs/pivot/fives/seed5/reliseg/pred/bio.csv
delta_r,fives,fives,reliseg_nocl,baseline,0,last,density,pvbm,-0.00019828916896491577,-0.001491116478653401,0.0008847386909834898,-0.05,pre-registered (DECISIONS 2026-09-17 13:30): tortuosity/density delta-r >= -0.05,ok,runs/pivot/fives/seed0/reliseg_nocl/pred/bio.csv
delta_bias_sigma,fives,fives,reliseg_nocl,baseline,0,last,density,pvbm,0.02806216443285207,,,0.25,pre-registered (DECISIONS 2026-09-17 13:30): |delta bias| <= 0.25 sigma,ok,runs/pivot/fives/seed0/reliseg_nocl/pred/bio.csv
delta_r,fives,fives,reliseg_nocl,baseline,1,last,density,pvbm,0.0003588819910201879,-0.000745396569163001,0.001619129824993989,-0.05,pre-registered (DECISIONS 2026-09-17 13:30): tortuosity/density delta-r >= -0.05,ok,runs/pivot/fives/seed1/reliseg_nocl/pred/bio.csv
delta_bias_sigma,fives,fives,reliseg_nocl,baseline,1,last,density,pvbm,0.02166870767362781,,,0.25,pre-registered (DECISIONS 2026-09-17 13:30): |delta bias| <= 0.25 sigma,ok,runs/pivot/fives/seed1/reliseg_nocl/pred/bio.csv
delta_r,fives,fives,reliseg_nocl,baseline,2,last,density,pvbm,0.00099808840196014,-0.00024306838880741032,0.002605295878678844,-0.05,pre-registered (DECISIONS 2026-09-17 13:30): tortuosity/density delta-r >= -0.05,ok,runs/pivot/fives/seed2/reliseg_nocl/pred/bio.csv
delta_bias_sigma,fives,fives,reliseg_nocl,baseline,2,last,density,pvbm,0.10628952675342637,,,0.25,pre-registered (DECISIONS 2026-09-17 13:30): |delta bias| <= 0.25 sigma,ok,runs/pivot/fives/seed2/reliseg_nocl/pred/bio.csv
delta_r,fives,fives,cfloss,baseline,"pooled(0,1,2)",last,density,pvbm,-0.0007865844531974586,-0.002181269253017306,0.0003543227225923314,-0.05,pre-registered (DECISIONS 2026-09-17 13:30): tortuosity/density delta-r >= -0.05,ok,"runs/pivot/fives/seed{0,1,2}/cfloss/pred/bio.csv"
delta_bias_sigma,fives,fives,cfloss,baseline,"pooled(0,1,2)",last,density,pvbm,-0.04464575800763306,,,0.25,pre-registered (DECISIONS 2026-09-17 13:30): |delta bias| <= 0.25 sigma,ok,"runs/pivot/fives/seed{0,1,2}/cfloss/pred/bio.csv"
delta_r,fives,fives,continued,baseline,"pooled(0,1,2,3,4,5)",last,density,pvbm,0.0009492598341773184,0.0002495360934640904,0.00200260050530951,-0.05,pre-registered (DECISIONS 2026-09-17 13:30): tortuosity/density delta-r >= -0.05,ok,"runs/pivot/fives/seed{0,1,2,3,4,5}/continued/pred/bio.csv"
delta_bias_sigma,fives,fives,continued,baseline,"pooled(0,1,2,3,4,5)",last,density,pvbm,0.051365370861531895,,,0.25,pre-registered (DECISIONS 2026-09-17 13:30): |delta bias| <= 0.25 sigma,ok,"runs/pivot/fives/seed{0,1,2,3,4,5}/continued/pred/bio.csv"
delta_r,fives,fives,reliseg,baseline,"pooled(0,1,2,3,4,5)",last,density,pvbm,0.0009195314311454816,6.00688813462665e-05,0.0021568983845129414,-0.05,pre-registered (DECISIONS 2026-09-17 13:30): tortuosity/density delta-r >= -0.05,ok,"runs/pivot/fives/seed{0,1,2,3,4,5}/reliseg/pred/bio.csv"
delta_bias_sigma,fives,fives,reliseg,baseline,"pooled(0,1,2,3,4,5)",last,density,pvbm,0.08145192939553506,,,0.25,pre-registered (DECISIONS 2026-09-17 13:30): |delta bias| <= 0.25 sigma,ok,"runs/pivot/fives/seed{0,1,2,3,4,5}/reliseg/pred/bio.csv"
delta_r,fives,fives,reliseg_nocl,baseline,"pooled(0,1,2)",last,density,pvbm,0.000386227074671804,-0.00021817269487927338,0.001215177734541561,-0.05,pre-registered (DECISIONS 2026-09-17 13:30): tortuosity/density delta-r >= -0.05,ok,"runs/pivot/fives/seed{0,1,2}/reliseg_nocl/pred/bio.csv"
delta_bias_sigma,fives,fives,reliseg_nocl,baseline,"pooled(0,1,2)",last,density,pvbm,0.052006799619968756,,,0.25,pre-registered (DECISIONS 2026-09-17 13:30): |delta bias| <= 0.25 sigma,ok,"runs/pivot/fives/seed{0,1,2}/reliseg_nocl/pred/bio.csv"
delta_r,fives,fives,cfloss,continued,0,last,density,pvbm,-0.0016935558309726373,-0.004167207994517833,0.00021048314871230638,-0.05,pre-registered (DECISIONS 2026-09-17 13:30): tortuosity/density delta-r >= -0.05,ok,runs/pivot/fives/seed0/cfloss/pred/bio.csv
delta_bias_sigma,fives,fives,cfloss,continued,0,last,density,pvbm,-0.12172171005658552,,,0.25,pre-registered (DECISIONS 2026-09-17 13:30): |delta bias| <= 0.25 sigma,ok,runs/pivot/fives/seed0/cfloss/pred/bio.csv
delta_r,fives,fives,cfloss,continued,1,last,density,pvbm,-0.0009870289382741815,-0.0029998614176758144,0.0007195970192691211,-0.05,pre-registered (DECISIONS 2026-09-17 13:30): tortuosity/density delta-r >= -0.05,ok,runs/pivot/fives/seed1/cfloss/pred/bio.csv
delta_bias_sigma,fives,fives,cfloss,continued,1,last,density,pvbm,-0.08447936103848075,,,0.25,pre-registered (DECISIONS 2026-09-17 13:30): |delta bias| <= 0.25 sigma,ok,runs/pivot/fives/seed1/cfloss/pred/bio.csv
delta_r,fives,fives,cfloss,continued,2,last,density,pvbm,-0.0014484197530403309,-0.003593424074393181,8.014524257679593e-05,-0.05,pre-registered (DECISIONS 2026-09-17 13:30): tortuosity/density delta-r >= -0.05,ok,runs/pivot/fives/seed2/cfloss/pred/bio.csv
delta_bias_sigma,fives,fives,cfloss,continued,2,last,density,pvbm,-0.1198492120258528,,,0.25,pre-registered (DECISIONS 2026-09-17 13:30): |delta bias| <= 0.25 sigma,ok,runs/pivot/fives/seed2/cfloss/pred/bio.csv
delta_r,fives,fives,reliseg,continued,0,last,density,pvbm,-0.00010860928020817173,-0.0007035049575431329,0.0005079485962011048,-0.05,pre-registered (DECISIONS 2026-09-17 13:30): tortuosity/density delta-r >= -0.05,ok,runs/pivot/fives/seed0/reliseg/pred/bio.csv
delta_bias_sigma,fives,fives,reliseg,continued,0,last,density,pvbm,0.020419462645130032,,,0.25,pre-registered (DECISIONS 2026-09-17 13:30): |delta bias| <= 0.25 sigma,ok,runs/pivot/fives/seed0/reliseg/pred/bio.csv
delta_r,fives,fives,reliseg,continued,1,last,density,pvbm,0.00012865161038555506,-0.0003832808601941379,0.000700917381996149,-0.05,pre-registered (DECISIONS 2026-09-17 13:30): tortuosity/density delta-r >= -0.05,ok,runs/pivot/fives/seed1/reliseg/pred/bio.csv
delta_bias_sigma,fives,fives,reliseg,continued,1,last,density,pvbm,0.05562502414648666,,,0.25,pre-registered (DECISIONS 2026-09-17 13:30): |delta bias| <= 0.25 sigma,ok,runs/pivot/fives/seed1/reliseg/pred/bio.csv
delta_r,fives,fives,reliseg,continued,2,last,density,pvbm,-0.0003228863227981993,-0.0012767931325820187,0.0004961179534825131,-0.05,pre-registered (DECISIONS 2026-09-17 13:30): tortuosity/density delta-r >= -0.05,ok,runs/pivot/fives/seed2/reliseg/pred/bio.csv
delta_bias_sigma,fives,fives,reliseg,continued,2,last,density,pvbm,-0.0038970155004622448,,,0.25,pre-registered (DECISIONS 2026-09-17 13:30): |delta bias| <= 0.25 sigma,ok,runs/pivot/fives/seed2/reliseg/pred/bio.csv
delta_r,fives,fives,reliseg,continued,3,last,density,pvbm,0.0003787289530061688,-9.958582982660668e-05,0.0009424393784132067,-0.05,pre-registered (DECISIONS 2026-09-17 13:30): tortuosity/density delta-r >= -0.05,ok,runs/pivot/fives/seed3/reliseg/pred/bio.csv
delta_bias_sigma,fives,fives,reliseg,continued,3,last,density,pvbm,0.05065621817461133,,,0.25,pre-registered (DECISIONS 2026-09-17 13:30): |delta bias| <= 0.25 sigma,ok,runs/pivot/fives/seed3/reliseg/pred/bio.csv
delta_r,fives,fives,reliseg,continued,4,last,density,pvbm,0.0002587160942699729,-0.00017449014277377828,0.0007471026811874197,-0.05,pre-registered (DECISIONS 2026-09-17 13:30): tortuosity/density delta-r >= -0.05,ok,runs/pivot/fives/seed4/reliseg/pred/bio.csv
delta_bias_sigma,fives,fives,reliseg,continued,4,last,density,pvbm,0.03668397112409142,,,0.25,pre-registered (DECISIONS 2026-09-17 13:30): |delta bias| <= 0.25 sigma,ok,runs/pivot/fives/seed4/reliseg/pred/bio.csv
delta_r,fives,fives,reliseg,continued,5,last,density,pvbm,-0.0005129714728463464,-0.0014137748556959455,0.0002368581073440812,-0.05,pre-registered (DECISIONS 2026-09-17 13:30): tortuosity/density delta-r >= -0.05,ok,runs/pivot/fives/seed5/reliseg/pred/bio.csv
delta_bias_sigma,fives,fives,reliseg,continued,5,last,density,pvbm,0.02103169061416177,,,0.25,pre-registered (DECISIONS 2026-09-17 13:30): |delta bias| <= 0.25 sigma,ok,runs/pivot/fives/seed5/reliseg/pred/bio.csv
delta_r,fives,fives,reliseg_nocl,continued,0,last,density,pvbm,-0.00042588028242773746,-0.001403453522475187,0.00036693807097903914,-0.05,pre-registered (DECISIONS 2026-09-17 13:30): tortuosity/density delta-r >= -0.05,ok,runs/pivot/fives/seed0/reliseg_nocl/pred/bio.csv
delta_bias_sigma,fives,fives,reliseg_nocl,continued,0,last,density,pvbm,-0.022385457102346094,,,0.25,pre-registered (DECISIONS 2026-09-17 13:30): |delta bias| <= 0.25 sigma,ok,runs/pivot/fives/seed0/reliseg_nocl/pred/bio.csv
delta_r,fives,fives,reliseg_nocl,continued,1,last,density,pvbm,-0.00019713008601152104,-0.0010736590242410749,0.0006200689051798062,-0.05,pre-registered (DECISIONS 2026-09-17 13:30): tortuosity/density delta-r >= -0.05,ok,runs/pivot/fives/seed1/reliseg_nocl/pred/bio.csv
delta_bias_sigma,fives,fives,reliseg_nocl,continued,1,last,density,pvbm,0.013984873426711168,,,0.25,pre-registered (DECISIONS 2026-09-17 13:30): |delta bias| <= 0.25 sigma,ok,runs/pivot/fives/seed1/reliseg_nocl/pred/bio.csv
delta_r,fives,fives,reliseg_nocl,continued,2,last,density,pvbm,1.2440429759896787e-05,-0.0006451961704958181,0.000607790324391255,-0.05,pre-registered (DECISIONS 2026-09-17 13:30): tortuosity/density delta-r >= -0.05,ok,runs/pivot/fives/seed2/reliseg_nocl/pred/bio.csv
delta_bias_sigma,fives,fives,reliseg_nocl,continued,2,last,density,pvbm,-0.02769202656247874,,,0.25,pre-registered (DECISIONS 2026-09-17 13:30): |delta bias| <= 0.25 sigma,ok,runs/pivot/fives/seed2/reliseg_nocl/pred/bio.csv
delta_r,fives,fives,cfloss,continued,"pooled(0,1,2)",last,density,pvbm,-0.0013763348407623832,-0.0035765698145484885,0.00026221884612830093,-0.05,pre-registered (DECISIONS 2026-09-17 13:30): tortuosity/density delta-r >= -0.05,ok,"runs/pivot/fives/seed{0,1,2}/cfloss/pred/bio.csv"
delta_bias_sigma,fives,fives,cfloss,continued,"pooled(0,1,2)",last,density,pvbm,-0.10868342770697303,,,0.25,pre-registered (DECISIONS 2026-09-17 13:30): |delta bias| <= 0.25 sigma,ok,"runs/pivot/fives/seed{0,1,2}/cfloss/pred/bio.csv"
delta_r,fives,fives,reliseg,continued,"pooled(0,1,2,3,4,5)",last,density,pvbm,-2.972840303183677e-05,-0.0004808501939632369,0.00042492115377484207,-0.05,pre-registered (DECISIONS 2026-09-17 13:30): tortuosity/density delta-r >= -0.05,ok,"runs/pivot/fives/seed{0,1,2,3,4,5}/reliseg/pred/bio.csv"
delta_bias_sigma,fives,fives,reliseg,continued,"pooled(0,1,2,3,4,5)",last,density,pvbm,0.03008655853400316,,,0.25,pre-registered (DECISIONS 2026-09-17 13:30): |delta bias| <= 0.25 sigma,ok,"runs/pivot/fives/seed{0,1,2,3,4,5}/reliseg/pred/bio.csv"
delta_r,fives,fives,reliseg_nocl,continued,"pooled(0,1,2)",last,density,pvbm,-0.00020352331289312056,-0.0009542676577421111,0.0003937221380521365,-0.05,pre-registered (DECISIONS 2026-09-17 13:30): tortuosity/density delta-r >= -0.05,ok,"runs/pivot/fives/seed{0,1,2}/reliseg_nocl/pred/bio.csv"
delta_bias_sigma,fives,fives,reliseg_nocl,continued,"pooled(0,1,2)",last,density,pvbm,-0.012030870079371222,,,0.25,pre-registered (DECISIONS 2026-09-17 13:30): |delta bias| <= 0.25 sigma,ok,"runs/pivot/fives/seed{0,1,2}/reliseg_nocl/pred/bio.csv"
delta_r,fives,fives,cfloss,baseline,0,last,density,skan,-0.0014659647175098156,-0.004170010057870313,0.0007628163930225024,-0.05,pre-registered (DECISIONS 2026-09-17 13:30): tortuosity/density delta-r >= -0.05,ok,runs/pivot/fives/seed0/cfloss/pred/bio.csv
delta_bias_sigma,fives,fives,cfloss,baseline,0,last,density,skan,-0.07127408852138736,,,0.25,pre-registered (DECISIONS 2026-09-17 13:30): |delta bias| <= 0.25 sigma,ok,runs/pivot/fives/seed0/cfloss/pred/bio.csv
delta_r,fives,fives,cfloss,baseline,1,last,density,skan,-0.0004310168612424725,-0.0016723467873022008,0.0005956657178910467,-0.05,pre-registered (DECISIONS 2026-09-17 13:30): tortuosity/density delta-r >= -0.05,ok,runs/pivot/fives/seed1/cfloss/pred/bio.csv
delta_bias_sigma,fives,fives,cfloss,baseline,1,last,density,skan,-0.07679552679156412,,,0.25,pre-registered (DECISIONS 2026-09-17 13:30): |delta bias| <= 0.25 sigma,ok,runs/pivot/fives/seed1/cfloss/pred/bio.csv
delta_r,fives,fives,cfloss,baseline,2,last,density,skan,-0.00046277178084008774,-0.001089770425087447,9.152549697502252e-05,-0.05,pre-registered (DECISIONS 2026-09-17 13:30): tortuosity/density delta-r >= -0.05,ok,runs/pivot/fives/seed2/cfloss/pred/bio.csv
delta_bias_sigma,fives,fives,cfloss,baseline,2,last,density,skan,0.014132341290052308,,,0.25,pre-registered (DECISIONS 2026-09-17 13:30): |delta bias| <= 0.25 sigma,ok,runs/pivot/fives/seed2/cfloss/pred/bio.csv
delta_r,fives,fives,continued,baseline,0,last,density,skan,0.00022759111346282168,-0.0003477424723681677,0.0008488276217835792,-0.05,pre-registered (DECISIONS 2026-09-17 13:30): tortuosity/density delta-r >= -0.05,ok,runs/pivot/fives/seed0/continued/pred/bio.csv
delta_bias_sigma,fives,fives,continued,baseline,0,last,density,skan,0.05044762153519816,,,0.25,pre-registered (DECISIONS 2026-09-17 13:30): |delta bias| <= 0.25 sigma,ok,runs/pivot/fives/seed0/continued/pred/bio.csv
delta_r,fives,fives,continued,baseline,1,last,density,skan,0.000556012077031709,-0.0003860795049952431,0.001541227644809375,-0.05,pre-registered (DECISIONS 2026-09-17 13:30): tortuosity/density delta-r >= -0.05,ok,runs/pivot/fives/seed1/continued/pred/bio.csv
delta_bias_sigma,fives,fives,continued,baseline,1,last,density,skan,0.007683834246916639,,,0.25,pre-registered (DECISIONS 2026-09-17 13:30): |delta bias| <= 0.25 sigma,ok,runs/pivot/fives/seed1/continued/pred/bio.csv
delta_r,fives,fives,continued,baseline,2,last,density,skan,0.0009856479722002431,-0.00039722125671878274,0.002805533395488488,-0.05,pre-registered (DECISIONS 2026-09-17 13:30): tortuosity/density delta-r >= -0.05,ok,runs/pivot/fives/seed2/continued/pred/bio.csv
delta_bias_sigma,fives,fives,continued,baseline,2,last,density,skan,0.1339815533159051,,,0.25,pre-registered (DECISIONS 2026-09-17 13:30): |delta bias| <= 0.25 sigma,ok,runs/pivot/fives/seed2/continued/pred/bio.csv
delta_r,fives,fives,continued,baseline,3,last,density,skan,0.0016687914438932028,0.00048007911203314655,0.003424024334800263,-0.05,pre-registered (DECISIONS 2026-09-17 13:30): tortuosity/density delta-r >= -0.05,ok,runs/pivot/fives/seed3/continued/pred/bio.csv
delta_bias_sigma,fives,fives,continued,baseline,3,last,density,skan,0.07609589506198318,,,0.25,pre-registered (DECISIONS 2026-09-17 13:30): |delta bias| <= 0.25 sigma,ok,runs/pivot/fives/seed3/continued/pred/bio.csv
delta_r,fives,fives,continued,baseline,4,last,density,skan,0.0013215065632790068,0.000200611535278733,0.0029446059034923056,-0.05,pre-registered (DECISIONS 2026-09-17 13:30): tortuosity/density delta-r >= -0.05,ok,runs/pivot/fives/seed4/continued/pred/bio.csv
delta_bias_sigma,fives,fives,continued,baseline,4,last,density,skan,0.02763727894574486,,,0.25,pre-registered (DECISIONS 2026-09-17 13:30): |delta bias| <= 0.25 sigma,ok,runs/pivot/fives/seed4/continued/pred/bio.csv
delta_r,fives,fives,continued,baseline,5,last,density,skan,0.000936009835196927,0.000337794575798675,0.0016577817978810387,-0.05,pre-registered (DECISIONS 2026-09-17 13:30): tortuosity/density delta-r >= -0.05,ok,runs/pivot/fives/seed5/continued/pred/bio.csv
delta_bias_sigma,fives,fives,continued,baseline,5,last,density,skan,0.012346042063443419,,,0.25,pre-registered (DECISIONS 2026-09-17 13:30): |delta bias| <= 0.25 sigma,ok,runs/pivot/fives/seed5/continued/pred/bio.csv
delta_r,fives,fives,reliseg,baseline,0,last,density,skan,0.00011898183325464995,-0.00044023184532703815,0.000674406793519208,-0.05,pre-registered (DECISIONS 2026-09-17 13:30): tortuosity/density delta-r >= -0.05,ok,runs/pivot/fives/seed0/reliseg/pred/bio.csv
delta_bias_sigma,fives,fives,reliseg,baseline,0,last,density,skan,0.0708670841803282,,,0.25,pre-registered (DECISIONS 2026-09-17 13:30): |delta bias| <= 0.25 sigma,ok,runs/pivot/fives/seed0/reliseg/pred/bio.csv
delta_r,fives,fives,reliseg,baseline,1,last,density,skan,0.000684663687417264,-0.00024131194899082719,0.0018773099088595412,-0.05,pre-registered (DECISIONS 2026-09-17 13:30): tortuosity/density delta-r >= -0.05,ok,runs/pivot/fives/seed1/reliseg/pred/bio.csv
delta_bias_sigma,fives,fives,reliseg,baseline,1,last,density,skan,0.06330885839340329,,,0.25,pre-registered (DECISIONS 2026-09-17 13:30): |delta bias| <= 0.25 sigma,ok,runs/pivot/fives/seed1/reliseg/pred/bio.csv
delta_r,fives,fives,reliseg,baseline,2,last,density,skan,0.0006627616494020439,-0.0013752726541088694,0.002817695825295371,-0.05,pre-registered (DECISIONS 2026-09-17 13:30): tortuosity/density delta-r >= -0.05,ok,runs/pivot/fives/seed2/reliseg/pred/bio.csv
delta_bias_sigma,fives,fives,reliseg,baseline,2,last,density,skan,0.13008453781544285,,,0.25,pre-registered (DECISIONS 2026-09-17 13:30): |delta bias| <= 0.25 sigma,ok,runs/pivot/fives/seed2/reliseg/pred/bio.csv
delta_r,fives,fives,reliseg,baseline,3,last,density,skan,0.0020475203968993716,0.0006109534114145859,0.0041226802179939095,-0.05,pre-registered (DECISIONS 2026-09-17 13:30): tortuosity/density delta-r >= -0.05,ok,runs/pivot/fives/seed3/reliseg/pred/bio.csv
delta_bias_sigma,fives,fives,reliseg,baseline,3,last,density,skan,0.12675211323659452,,,0.25,pre-registered (DECISIONS 2026-09-17 13:30): |delta bias| <= 0.25 sigma,ok,runs/pivot/fives/seed3/reliseg/pred/bio.csv
delta_r,fives,fives,reliseg,baseline,4,last,density,skan,0.0015802226575489797,0.0003813995359437272,0.003295618948463033,-0.05,pre-registered (DECISIONS 2026-09-17 13:30): tortuosity/density delta-r >= -0.05,ok,runs/pivot/fives/seed4/reliseg/pred/bio.csv
delta_bias_sigma,fives,fives,reliseg,baseline,4,last,density,skan,0.06432125006983627,,,0.25,pre-registered (DECISIONS 2026-09-17 13:30): |delta bias| <= 0.25 sigma,ok,runs/pivot/fives/seed4/reliseg/pred/bio.csv
delta_r,fives,fives,reliseg,baseline,5,last,density,skan,0.0004230383623505807,-0.00045911383324823694,0.001394525361754339,-0.05,pre-registered (DECISIONS 2026-09-17 13:30): tortuosity/density delta-r >= -0.05,ok,runs/pivot/fives/seed5/reliseg/pred/bio.csv
delta_bias_sigma,fives,fives,reliseg,baseline,5,last,density,skan,0.03337773267760519,,,0.25,pre-registered (DECISIONS 2026-09-17 13:30): |delta bias| <= 0.25 sigma,ok,runs/pivot/fives/seed5/reliseg/pred/bio.csv
delta_r,fives,fives,reliseg_nocl,baseline,0,last,density,skan,-0.00019828916896491577,-0.001491116478653401,0.0008847386909834898,-0.05,pre-registered (DECISIONS 2026-09-17 13:30): tortuosity/density delta-r >= -0.05,ok,runs/pivot/fives/seed0/reliseg_nocl/pred/bio.csv
delta_bias_sigma,fives,fives,reliseg_nocl,baseline,0,last,density,skan,0.02806216443285207,,,0.25,pre-registered (DECISIONS 2026-09-17 13:30): |delta bias| <= 0.25 sigma,ok,runs/pivot/fives/seed0/reliseg_nocl/pred/bio.csv
delta_r,fives,fives,reliseg_nocl,baseline,1,last,density,skan,0.0003588819910201879,-0.000745396569163001,0.001619129824993989,-0.05,pre-registered (DECISIONS 2026-09-17 13:30): tortuosity/density delta-r >= -0.05,ok,runs/pivot/fives/seed1/reliseg_nocl/pred/bio.csv
delta_bias_sigma,fives,fives,reliseg_nocl,baseline,1,last,density,skan,0.02166870767362781,,,0.25,pre-registered (DECISIONS 2026-09-17 13:30): |delta bias| <= 0.25 sigma,ok,runs/pivot/fives/seed1/reliseg_nocl/pred/bio.csv
delta_r,fives,fives,reliseg_nocl,baseline,2,last,density,skan,0.00099808840196014,-0.00024306838880741032,0.002605295878678844,-0.05,pre-registered (DECISIONS 2026-09-17 13:30): tortuosity/density delta-r >= -0.05,ok,runs/pivot/fives/seed2/reliseg_nocl/pred/bio.csv
delta_bias_sigma,fives,fives,reliseg_nocl,baseline,2,last,density,skan,0.10628952675342637,,,0.25,pre-registered (DECISIONS 2026-09-17 13:30): |delta bias| <= 0.25 sigma,ok,runs/pivot/fives/seed2/reliseg_nocl/pred/bio.csv
delta_r,fives,fives,cfloss,baseline,"pooled(0,1,2)",last,density,skan,-0.0007865844531974586,-0.002181269253017306,0.0003543227225923314,-0.05,pre-registered (DECISIONS 2026-09-17 13:30): tortuosity/density delta-r >= -0.05,ok,"runs/pivot/fives/seed{0,1,2}/cfloss/pred/bio.csv"
delta_bias_sigma,fives,fives,cfloss,baseline,"pooled(0,1,2)",last,density,skan,-0.04464575800763306,,,0.25,pre-registered (DECISIONS 2026-09-17 13:30): |delta bias| <= 0.25 sigma,ok,"runs/pivot/fives/seed{0,1,2}/cfloss/pred/bio.csv"
delta_r,fives,fives,continued,baseline,"pooled(0,1,2,3,4,5)",last,density,skan,0.0009492598341773184,0.0002495360934640904,0.00200260050530951,-0.05,pre-registered (DECISIONS 2026-09-17 13:30): tortuosity/density delta-r >= -0.05,ok,"runs/pivot/fives/seed{0,1,2,3,4,5}/continued/pred/bio.csv"
delta_bias_sigma,fives,fives,continued,baseline,"pooled(0,1,2,3,4,5)",last,density,skan,0.051365370861531895,,,0.25,pre-registered (DECISIONS 2026-09-17 13:30): |delta bias| <= 0.25 sigma,ok,"runs/pivot/fives/seed{0,1,2,3,4,5}/continued/pred/bio.csv"
delta_r,fives,fives,reliseg,baseline,"pooled(0,1,2,3,4,5)",last,density,skan,0.0009195314311454816,6.00688813462665e-05,0.0021568983845129414,-0.05,pre-registered (DECISIONS 2026-09-17 13:30): tortuosity/density delta-r >= -0.05,ok,"runs/pivot/fives/seed{0,1,2,3,4,5}/reliseg/pred/bio.csv"
delta_bias_sigma,fives,fives,reliseg,baseline,"pooled(0,1,2,3,4,5)",last,density,skan,0.08145192939553506,,,0.25,pre-registered (DECISIONS 2026-09-17 13:30): |delta bias| <= 0.25 sigma,ok,"runs/pivot/fives/seed{0,1,2,3,4,5}/reliseg/pred/bio.csv"
delta_r,fives,fives,reliseg_nocl,baseline,"pooled(0,1,2)",last,density,skan,0.000386227074671804,-0.00021817269487927338,0.001215177734541561,-0.05,pre-registered (DECISIONS 2026-09-17 13:30): tortuosity/density delta-r >= -0.05,ok,"runs/pivot/fives/seed{0,1,2}/reliseg_nocl/pred/bio.csv"
delta_bias_sigma,fives,fives,reliseg_nocl,baseline,"pooled(0,1,2)",last,density,skan,0.052006799619968756,,,0.25,pre-registered (DECISIONS 2026-09-17 13:30): |delta bias| <= 0.25 sigma,ok,"runs/pivot/fives/seed{0,1,2}/reliseg_nocl/pred/bio.csv"
delta_r,fives,fives,cfloss,continued,0,last,density,skan,-0.0016935558309726373,-0.004167207994517833,0.00021048314871230638,-0.05,pre-registered (DECISIONS 2026-09-17 13:30): tortuosity/density delta-r >= -0.05,ok,runs/pivot/fives/seed0/cfloss/pred/bio.csv
delta_bias_sigma,fives,fives,cfloss,continued,0,last,density,skan,-0.12172171005658552,,,0.25,pre-registered (DECISIONS 2026-09-17 13:30): |delta bias| <= 0.25 sigma,ok,runs/pivot/fives/seed0/cfloss/pred/bio.csv
delta_r,fives,fives,cfloss,continued,1,last,density,skan,-0.0009870289382741815,-0.0029998614176758144,0.0007195970192691211,-0.05,pre-registered (DECISIONS 2026-09-17 13:30): tortuosity/density delta-r >= -0.05,ok,runs/pivot/fives/seed1/cfloss/pred/bio.csv
delta_bias_sigma,fives,fives,cfloss,continued,1,last,density,skan,-0.08447936103848075,,,0.25,pre-registered (DECISIONS 2026-09-17 13:30): |delta bias| <= 0.25 sigma,ok,runs/pivot/fives/seed1/cfloss/pred/bio.csv
delta_r,fives,fives,cfloss,continued,2,last,density,skan,-0.0014484197530403309,-0.003593424074393181,8.014524257679593e-05,-0.05,pre-registered (DECISIONS 2026-09-17 13:30): tortuosity/density delta-r >= -0.05,ok,runs/pivot/fives/seed2/cfloss/pred/bio.csv
delta_bias_sigma,fives,fives,cfloss,continued,2,last,density,skan,-0.1198492120258528,,,0.25,pre-registered (DECISIONS 2026-09-17 13:30): |delta bias| <= 0.25 sigma,ok,runs/pivot/fives/seed2/cfloss/pred/bio.csv
delta_r,fives,fives,reliseg,continued,0,last,density,skan,-0.00010860928020817173,-0.0007035049575431329,0.0005079485962011048,-0.05,pre-registered (DECISIONS 2026-09-17 13:30): tortuosity/density delta-r >= -0.05,ok,runs/pivot/fives/seed0/reliseg/pred/bio.csv
delta_bias_sigma,fives,fives,reliseg,continued,0,last,density,skan,0.020419462645130032,,,0.25,pre-registered (DECISIONS 2026-09-17 13:30): |delta bias| <= 0.25 sigma,ok,runs/pivot/fives/seed0/reliseg/pred/bio.csv
delta_r,fives,fives,reliseg,continued,1,last,density,skan,0.00012865161038555506,-0.0003832808601941379,0.000700917381996149,-0.05,pre-registered (DECISIONS 2026-09-17 13:30): tortuosity/density delta-r >= -0.05,ok,runs/pivot/fives/seed1/reliseg/pred/bio.csv
delta_bias_sigma,fives,fives,reliseg,continued,1,last,density,skan,0.05562502414648666,,,0.25,pre-registered (DECISIONS 2026-09-17 13:30): |delta bias| <= 0.25 sigma,ok,runs/pivot/fives/seed1/reliseg/pred/bio.csv
delta_r,fives,fives,reliseg,continued,2,last,density,skan,-0.0003228863227981993,-0.0012767931325820187,0.0004961179534825131,-0.05,pre-registered (DECISIONS 2026-09-17 13:30): tortuosity/density delta-r >= -0.05,ok,runs/pivot/fives/seed2/reliseg/pred/bio.csv
delta_bias_sigma,fives,fives,reliseg,continued,2,last,density,skan,-0.0038970155004622448,,,0.25,pre-registered (DECISIONS 2026-09-17 13:30): |delta bias| <= 0.25 sigma,ok,runs/pivot/fives/seed2/reliseg/pred/bio.csv
delta_r,fives,fives,reliseg,continued,3,last,density,skan,0.0003787289530061688,-9.958582982660668e-05,0.0009424393784132067,-0.05,pre-registered (DECISIONS 2026-09-17 13:30): tortuosity/density delta-r >= -0.05,ok,runs/pivot/fives/seed3/reliseg/pred/bio.csv
delta_bias_sigma,fives,fives,reliseg,continued,3,last,density,skan,0.05065621817461133,,,0.25,pre-registered (DECISIONS 2026-09-17 13:30): |delta bias| <= 0.25 sigma,ok,runs/pivot/fives/seed3/reliseg/pred/bio.csv
delta_r,fives,fives,reliseg,continued,4,last,density,skan,0.0002587160942699729,-0.00017449014277377828,0.0007471026811874197,-0.05,pre-registered (DECISIONS 2026-09-17 13:30): tortuosity/density delta-r >= -0.05,ok,runs/pivot/fives/seed4/reliseg/pred/bio.csv
delta_bias_sigma,fives,fives,reliseg,continued,4,last,density,skan,0.03668397112409142,,,0.25,pre-registered (DECISIONS 2026-09-17 13:30): |delta bias| <= 0.25 sigma,ok,runs/pivot/fives/seed4/reliseg/pred/bio.csv
delta_r,fives,fives,reliseg,continued,5,last,density,skan,-0.0005129714728463464,-0.0014137748556959455,0.0002368581073440812,-0.05,pre-registered (DECISIONS 2026-09-17 13:30): tortuosity/density delta-r >= -0.05,ok,runs/pivot/fives/seed5/reliseg/pred/bio.csv
delta_bias_sigma,fives,fives,reliseg,continued,5,last,density,skan,0.02103169061416177,,,0.25,pre-registered (DECISIONS 2026-09-17 13:30): |delta bias| <= 0.25 sigma,ok,runs/pivot/fives/seed5/reliseg/pred/bio.csv
delta_r,fives,fives,reliseg_nocl,continued,0,last,density,skan,-0.00042588028242773746,-0.001403453522475187,0.00036693807097903914,-0.05,pre-registered (DECISIONS 2026-09-17 13:30): tortuosity/density delta-r >= -0.05,ok,runs/pivot/fives/seed0/reliseg_nocl/pred/bio.csv
delta_bias_sigma,fives,fives,reliseg_nocl,continued,0,last,density,skan,-0.022385457102346094,,,0.25,pre-registered (DECISIONS 2026-09-17 13:30): |delta bias| <= 0.25 sigma,ok,runs/pivot/fives/seed0/reliseg_nocl/pred/bio.csv
delta_r,fives,fives,reliseg_nocl,continued,1,last,density,skan,-0.00019713008601152104,-0.0010736590242410749,0.0006200689051798062,-0.05,pre-registered (DECISIONS 2026-09-17 13:30): tortuosity/density delta-r >= -0.05,ok,runs/pivot/fives/seed1/reliseg_nocl/pred/bio.csv
delta_bias_sigma,fives,fives,reliseg_nocl,continued,1,last,density,skan,0.013984873426711168,,,0.25,pre-registered (DECISIONS 2026-09-17 13:30): |delta bias| <= 0.25 sigma,ok,runs/pivot/fives/seed1/reliseg_nocl/pred/bio.csv
delta_r,fives,fives,reliseg_nocl,continued,2,last,density,skan,1.2440429759896787e-05,-0.0006451961704958181,0.000607790324391255,-0.05,pre-registered (DECISIONS 2026-09-17 13:30): tortuosity/density delta-r >= -0.05,ok,runs/pivot/fives/seed2/reliseg_nocl/pred/bio.csv
delta_bias_sigma,fives,fives,reliseg_nocl,continued,2,last,density,skan,-0.02769202656247874,,,0.25,pre-registered (DECISIONS 2026-09-17 13:30): |delta bias| <= 0.25 sigma,ok,runs/pivot/fives/seed2/reliseg_nocl/pred/bio.csv
delta_r,fives,fives,cfloss,continued,"pooled(0,1,2)",last,density,skan,-0.0013763348407623832,-0.0035765698145484885,0.00026221884612830093,-0.05,pre-registered (DECISIONS 2026-09-17 13:30): tortuosity/density delta-r >= -0.05,ok,"runs/pivot/fives/seed{0,1,2}/cfloss/pred/bio.csv"
delta_bias_sigma,fives,fives,cfloss,continued,"pooled(0,1,2)",last,density,skan,-0.10868342770697303,,,0.25,pre-registered (DECISIONS 2026-09-17 13:30): |delta bias| <= 0.25 sigma,ok,"runs/pivot/fives/seed{0,1,2}/cfloss/pred/bio.csv"
delta_r,fives,fives,reliseg,continued,"pooled(0,1,2,3,4,5)",last,density,skan,-2.972840303183677e-05,-0.0004808501939632369,0.00042492115377484207,-0.05,pre-registered (DECISIONS 2026-09-17 13:30): tortuosity/density delta-r >= -0.05,ok,"runs/pivot/fives/seed{0,1,2,3,4,5}/reliseg/pred/bio.csv"
delta_bias_sigma,fives,fives,reliseg,continued,"pooled(0,1,2,3,4,5)",last,density,skan,0.03008655853400316,,,0.25,pre-registered (DECISIONS 2026-09-17 13:30): |delta bias| <= 0.25 sigma,ok,"runs/pivot/fives/seed{0,1,2,3,4,5}/reliseg/pred/bio.csv"
delta_r,fives,fives,reliseg_nocl,continued,"pooled(0,1,2)",last,density,skan,-0.00020352331289312056,-0.0009542676577421111,0.0003937221380521365,-0.05,pre-registered (DECISIONS 2026-09-17 13:30): tortuosity/density delta-r >= -0.05,ok,"runs/pivot/fives/seed{0,1,2}/reliseg_nocl/pred/bio.csv"
delta_bias_sigma,fives,fives,reliseg_nocl,continued,"pooled(0,1,2)",last,density,skan,-0.012030870079371222,,,0.25,pre-registered (DECISIONS 2026-09-17 13:30): |delta bias| <= 0.25 sigma,ok,"runs/pivot/fives/seed{0,1,2}/reliseg_nocl/pred/bio.csv"
delta_r,hrf,hrf,abl_cf_matched,baseline,0,fid,tortuosity,pvbm,-0.024746622409395957,-0.09916481434503908,0.022329691275134397,-0.05,pre-registered (DECISIONS 2026-09-17 13:30): tortuosity/density delta-r >= -0.05,AT-RISK,runs/pivot/hrf/seed0/abl_cf_matched/pred_fid/bio.csv
delta_bias_sigma,hrf,hrf,abl_cf_matched,baseline,0,fid,tortuosity,pvbm,0.2087271850392729,,,0.25,pre-registered (DECISIONS 2026-09-17 13:30): |delta bias| <= 0.25 sigma,ok,runs/pivot/hrf/seed0/abl_cf_matched/pred_fid/bio.csv
delta_r,hrf,hrf,abl_cf_on_base,baseline,0,fid,tortuosity,pvbm,0.005000421420111145,-0.057784839264324483,0.09455841159656506,-0.05,pre-registered (DECISIONS 2026-09-17 13:30): tortuosity/density delta-r >= -0.05,AT-RISK,runs/pivot/hrf/seed0/abl_cf_on_base/pred_fid/bio.csv
delta_bias_sigma,hrf,hrf,abl_cf_on_base,baseline,0,fid,tortuosity,pvbm,0.022689116555907773,,,0.25,pre-registered (DECISIONS 2026-09-17 13:30): |delta bias| <= 0.25 sigma,ok,runs/pivot/hrf/seed0/abl_cf_on_base/pred_fid/bio.csv
delta_r,hrf,hrf,abl_density_only,baseline,0,fid,tortuosity,pvbm,0.0032730904273828854,-0.049602737226582885,0.08450774822665827,-0.05,pre-registered (DECISIONS 2026-09-17 13:30): tortuosity/density delta-r >= -0.05,ok,runs/pivot/hrf/seed0/abl_density_only/pred_fid/bio.csv
delta_bias_sigma,hrf,hrf,abl_density_only,baseline,0,fid,tortuosity,pvbm,0.19571821277650425,,,0.25,pre-registered (DECISIONS 2026-09-17 13:30): |delta bias| <= 0.25 sigma,ok,runs/pivot/hrf/seed0/abl_density_only/pred_fid/bio.csv
delta_r,hrf,hrf,abl_fd_only,baseline,0,fid,tortuosity,pvbm,0.013455681644493622,-0.03761291300662738,0.08867671487263278,-0.05,pre-registered (DECISIONS 2026-09-17 13:30): tortuosity/density delta-r >= -0.05,ok,runs/pivot/hrf/seed0/abl_fd_only/pred_fid/bio.csv
delta_bias_sigma,hrf,hrf,abl_fd_only,baseline,0,fid,tortuosity,pvbm,0.06925929446758694,,,0.25,pre-registered (DECISIONS 2026-09-17 13:30): |delta bias| <= 0.25 sigma,ok,runs/pivot/hrf/seed0/abl_fd_only/pred_fid/bio.csv
delta_r,hrf,hrf,abl_fixed_ladder,baseline,0,fid,tortuosity,pvbm,-0.5780822943592502,-0.9762021269932611,-0.26706442753600695,-0.05,pre-registered (DECISIONS 2026-09-17 13:30): tortuosity/density delta-r >= -0.05,BREACH,runs/pivot/hrf/seed0/abl_fixed_ladder/pred_fid/bio.csv
delta_bias_sigma,hrf,hrf,abl_fixed_ladder,baseline,0,fid,tortuosity,pvbm,10.187064698759157,,,0.25,pre-registered (DECISIONS 2026-09-17 13:30): |delta bias| <= 0.25 sigma,BREACH,runs/pivot/hrf/seed0/abl_fixed_ladder/pred_fid/bio.csv
delta_r,hrf,hrf,abl_length_only,baseline,0,fid,tortuosity,pvbm,-0.055247082821849425,-0.27990320048860734,0.08167014027980785,-0.05,pre-registered (DECISIONS 2026-09-17 13:30): tortuosity/density delta-r >= -0.05,BREACH,runs/pivot/hrf/seed0/abl_length_only/pred_fid/bio.csv
delta_bias_sigma,hrf,hrf,abl_length_only,baseline,0,fid,tortuosity,pvbm,1.5513412974805425,,,0.25,pre-registered (DECISIONS 2026-09-17 13:30): |delta bias| <= 0.25 sigma,BREACH,runs/pivot/hrf/seed0/abl_length_only/pred_fid/bio.csv
delta_r,hrf,hrf,abl_no_density,baseline,0,fid,tortuosity,pvbm,-0.5415448253252633,-0.9236121711402924,-0.24632662784109424,-0.05,pre-registered (DECISIONS 2026-09-17 13:30): tortuosity/density delta-r >= -0.05,BREACH,runs/pivot/hrf/seed0/abl_no_density/pred_fid/bio.csv
delta_bias_sigma,hrf,hrf,abl_no_density,baseline,0,fid,tortuosity,pvbm,8.486609062782373,,,0.25,pre-registered (DECISIONS 2026-09-17 13:30): |delta bias| <= 0.25 sigma,BREACH,runs/pivot/hrf/seed0/abl_no_density/pred_fid/bio.csv
delta_r,hrf,hrf,abl_no_fd,baseline,0,fid,tortuosity,pvbm,-0.06527619023915043,-0.2915384038198751,0.07725360280976248,-0.05,pre-registered (DECISIONS 2026-09-17 13:30): tortuosity/density delta-r >= -0.05,BREACH,runs/pivot/hrf/seed0/abl_no_fd/pred_fid/bio.csv
delta_bias_sigma,hrf,hrf,abl_no_fd,baseline,0,fid,tortuosity,pvbm,2.722855934381228,,,0.25,pre-registered (DECISIONS 2026-09-17 13:30): |delta bias| <= 0.25 sigma,BREACH,runs/pivot/hrf/seed0/abl_no_fd/pred_fid/bio.csv
delta_r,hrf,hrf,abl_no_length,baseline,0,fid,tortuosity,pvbm,0.0,0.0,0.0,-0.05,pre-registered (DECISIONS 2026-09-17 13:30): tortuosity/density delta-r >= -0.05,ok,runs/pivot/hrf/seed0/abl_no_length/pred_fid/bio.csv
delta_bias_sigma,hrf,hrf,abl_no_length,baseline,0,fid,tortuosity,pvbm,0.0,,,0.25,pre-registered (DECISIONS 2026-09-17 13:30): |delta bias| <= 0.25 sigma,ok,runs/pivot/hrf/seed0/abl_no_length/pred_fid/bio.csv
delta_r,hrf,hrf,cfloss,baseline,0,fid,tortuosity,pvbm,0.0,0.0,0.0,-0.05,pre-registered (DECISIONS 2026-09-17 13:30): tortuosity/density delta-r >= -0.05,ok,runs/pivot/hrf/seed0/cfloss/pred_fid/bio.csv
delta_bias_sigma,hrf,hrf,cfloss,baseline,0,fid,tortuosity,pvbm,0.0,,,0.25,pre-registered (DECISIONS 2026-09-17 13:30): |delta bias| <= 0.25 sigma,ok,runs/pivot/hrf/seed0/cfloss/pred_fid/bio.csv
delta_r,hrf,hrf,cfloss,baseline,1,fid,tortuosity,pvbm,0.0,0.0,0.0,-0.05,pre-registered (DECISIONS 2026-09-17 13:30): tortuosity/density delta-r >= -0.05,ok,runs/pivot/hrf/seed1/cfloss/pred_fid/bio.csv
delta_bias_sigma,hrf,hrf,cfloss,baseline,1,fid,tortuosity,pvbm,0.0,,,0.25,pre-registered (DECISIONS 2026-09-17 13:30): |delta bias| <= 0.25 sigma,ok,runs/pivot/hrf/seed1/cfloss/pred_fid/bio.csv
delta_r,hrf,hrf,cfloss,baseline,2,fid,tortuosity,pvbm,0.0,0.0,0.0,-0.05,pre-registered (DECISIONS 2026-09-17 13:30): tortuosity/density delta-r >= -0.05,ok,runs/pivot/hrf/seed2/cfloss/pred_fid/bio.csv
delta_bias_sigma,hrf,hrf,cfloss,baseline,2,fid,tortuosity,pvbm,0.0,,,0.25,pre-registered (DECISIONS 2026-09-17 13:30): |delta bias| <= 0.25 sigma,ok,runs/pivot/hrf/seed2/cfloss/pred_fid/bio.csv
delta_r,hrf,hrf,continued,baseline,0,fid,tortuosity,pvbm,0.013743651599325002,-0.030991963297005518,0.10772102101022446,-0.05,pre-registered (DECISIONS 2026-09-17 13:30): tortuosity/density delta-r >= -0.05,ok,runs/pivot/hrf/seed0/continued/pred_fid/bio.csv
delta_bias_sigma,hrf,hrf,continued,baseline,0,fid,tortuosity,pvbm,0.2498522012339488,,,0.25,pre-registered (DECISIONS 2026-09-17 13:30): |delta bias| <= 0.25 sigma,ok,runs/pivot/hrf/seed0/continued/pred_fid/bio.csv
delta_r,hrf,hrf,continued,baseline,1,fid,tortuosity,pvbm,0.04070444457463673,-0.015539982098110394,0.15395879269215743,-0.05,pre-registered (DECISIONS 2026-09-17 13:30): tortuosity/density delta-r >= -0.05,ok,runs/pivot/hrf/seed1/continued/pred_fid/bio.csv
delta_bias_sigma,hrf,hrf,continued,baseline,1,fid,tortuosity,pvbm,-0.07245879450286052,,,0.25,pre-registered (DECISIONS 2026-09-17 13:30): |delta bias| <= 0.25 sigma,ok,runs/pivot/hrf/seed1/continued/pred_fid/bio.csv
delta_r,hrf,hrf,continued,baseline,2,fid,tortuosity,pvbm,0.012113081727599395,-0.04886646002900477,0.1044914908878949,-0.05,pre-registered (DECISIONS 2026-09-17 13:30): tortuosity/density delta-r >= -0.05,ok,runs/pivot/hrf/seed2/continued/pred_fid/bio.csv
delta_bias_sigma,hrf,hrf,continued,baseline,2,fid,tortuosity,pvbm,-0.04892567518722535,,,0.25,pre-registered (DECISIONS 2026-09-17 13:30): |delta bias| <= 0.25 sigma,ok,runs/pivot/hrf/seed2/continued/pred_fid/bio.csv
delta_r,hrf,hrf,reliseg,baseline,0,fid,tortuosity,pvbm,-0.25464677127660773,-0.6228558484442542,-0.07669031619041021,-0.05,pre-registered (DECISIONS 2026-09-17 13:30): tortuosity/density delta-r >= -0.05,BREACH,runs/pivot/hrf/seed0/reliseg/pred_fid/bio.csv
delta_bias_sigma,hrf,hrf,reliseg,baseline,0,fid,tortuosity,pvbm,4.804566563252567,,,0.25,pre-registered (DECISIONS 2026-09-17 13:30): |delta bias| <= 0.25 sigma,BREACH,runs/pivot/hrf/seed0/reliseg/pred_fid/bio.csv
delta_r,hrf,hrf,reliseg,baseline,1,fid,tortuosity,pvbm,0.04058023659916077,-0.03161505010961959,0.1940495501919433,-0.05,pre-registered (DECISIONS 2026-09-17 13:30): tortuosity/density delta-r >= -0.05,ok,runs/pivot/hrf/seed1/reliseg/pred_fid/bio.csv
delta_bias_sigma,hrf,hrf,reliseg,baseline,1,fid,tortuosity,pvbm,0.5016113827573081,,,0.25,pre-registered (DECISIONS 2026-09-17 13:30): |delta bias| <= 0.25 sigma,BREACH,runs/pivot/hrf/seed1/reliseg/pred_fid/bio.csv
delta_r,hrf,hrf,reliseg,baseline,2,fid,tortuosity,pvbm,-0.029314791811384522,-0.13942946510557613,0.03840973592156236,-0.05,pre-registered (DECISIONS 2026-09-17 13:30): tortuosity/density delta-r >= -0.05,AT-RISK,runs/pivot/hrf/seed2/reliseg/pred_fid/bio.csv
delta_bias_sigma,hrf,hrf,reliseg,baseline,2,fid,tortuosity,pvbm,1.8341966782649801,,,0.25,pre-registered (DECISIONS 2026-09-17 13:30): |delta bias| <= 0.25 sigma,BREACH,runs/pivot/hrf/seed2/reliseg/pred_fid/bio.csv
delta_r,hrf,hrf,reliseg_nocl,baseline,0,fid,tortuosity,pvbm,-0.010580935799670677,-0.11757257687063252,0.08984560946049915,-0.05,pre-registered (DECISIONS 2026-09-17 13:30): tortuosity/density delta-r >= -0.05,AT-RISK,runs/pivot/hrf/seed0/reliseg_nocl/pred_fid/bio.csv
delta_bias_sigma,hrf,hrf,reliseg_nocl,baseline,0,fid,tortuosity,pvbm,0.6372363610248439,,,0.25,pre-registered (DECISIONS 2026-09-17 13:30): |delta bias| <= 0.25 sigma,BREACH,runs/pivot/hrf/seed0/reliseg_nocl/pred_fid/bio.csv
delta_r,hrf,hrf,reliseg_nocl,baseline,1,fid,tortuosity,pvbm,-0.0102865657095208,-0.18409789268081697,0.12842608959763838,-0.05,pre-registered (DECISIONS 2026-09-17 13:30): tortuosity/density delta-r >= -0.05,AT-RISK,runs/pivot/hrf/seed1/reliseg_nocl/pred_fid/bio.csv
delta_bias_sigma,hrf,hrf,reliseg_nocl,baseline,1,fid,tortuosity,pvbm,0.4979795494852741,,,0.25,pre-registered (DECISIONS 2026-09-17 13:30): |delta bias| <= 0.25 sigma,BREACH,runs/pivot/hrf/seed1/reliseg_nocl/pred_fid/bio.csv
delta_r,hrf,hrf,reliseg_nocl,baseline,2,fid,tortuosity,pvbm,-0.02025904319052796,-0.11932857208998537,0.08548351439649535,-0.05,pre-registered (DECISIONS 2026-09-17 13:30): tortuosity/density delta-r >= -0.05,AT-RISK,runs/pivot/hrf/seed2/reliseg_nocl/pred_fid/bio.csv
delta_bias_sigma,hrf,hrf,reliseg_nocl,baseline,2,fid,tortuosity,pvbm,0.43721518408052784,,,0.25,pre-registered (DECISIONS 2026-09-17 13:30): |delta bias| <= 0.25 sigma,BREACH,runs/pivot/hrf/seed2/reliseg_nocl/pred_fid/bio.csv
delta_r,hrf,hrf,cfloss,baseline,"pooled(0,1,2)",fid,tortuosity,pvbm,0.0,0.0,0.0,-0.05,pre-registered (DECISIONS 2026-09-17 13:30): tortuosity/density delta-r >= -0.05,ok,"runs/pivot/hrf/seed{0,1,2}/cfloss/pred_fid/bio.csv"
delta_bias_sigma,hrf,hrf,cfloss,baseline,"pooled(0,1,2)",fid,tortuosity,pvbm,0.0,,,0.25,pre-registered (DECISIONS 2026-09-17 13:30): |delta bias| <= 0.25 sigma,ok,"runs/pivot/hrf/seed{0,1,2}/cfloss/pred_fid/bio.csv"
delta_r,hrf,hrf,continued,baseline,"pooled(0,1,2)",fid,tortuosity,pvbm,0.022187059300520378,-0.0006365084769335347,0.09107565659963064,-0.05,pre-registered (DECISIONS 2026-09-17 13:30): tortuosity/density delta-r >= -0.05,ok,"runs/pivot/hrf/seed{0,1,2}/continued/pred_fid/bio.csv"
delta_bias_sigma,hrf,hrf,continued,baseline,"pooled(0,1,2)",fid,tortuosity,pvbm,0.042822577181287645,,,0.25,pre-registered (DECISIONS 2026-09-17 13:30): |delta bias| <= 0.25 sigma,ok,"runs/pivot/hrf/seed{0,1,2}/continued/pred_fid/bio.csv"
delta_r,hrf,hrf,reliseg,baseline,"pooled(0,1,2)",fid,tortuosity,pvbm,-0.0811271088296105,-0.21435389322960907,-0.004881298817529299,-0.05,pre-registered (DECISIONS 2026-09-17 13:30): tortuosity/density delta-r >= -0.05,BREACH,"runs/pivot/hrf/seed{0,1,2}/reliseg/pred_fid/bio.csv"
delta_bias_sigma,hrf,hrf,reliseg,baseline,"pooled(0,1,2)",fid,tortuosity,pvbm,2.3801248747582853,,,0.25,pre-registered (DECISIONS 2026-09-17 13:30): |delta bias| <= 0.25 sigma,BREACH,"runs/pivot/hrf/seed{0,1,2}/reliseg/pred_fid/bio.csv"
delta_r,hrf,hrf,reliseg_nocl,baseline,"pooled(0,1,2)",fid,tortuosity,pvbm,-0.013708848233239812,-0.09525900035405009,0.06126173454904027,-0.05,pre-registered (DECISIONS 2026-09-17 13:30): tortuosity/density delta-r >= -0.05,AT-RISK,"runs/pivot/hrf/seed{0,1,2}/reliseg_nocl/pred_fid/bio.csv"
delta_bias_sigma,hrf,hrf,reliseg_nocl,baseline,"pooled(0,1,2)",fid,tortuosity,pvbm,0.524143698196882,,,0.25,pre-registered (DECISIONS 2026-09-17 13:30): |delta bias| <= 0.25 sigma,BREACH,"runs/pivot/hrf/seed{0,1,2}/reliseg_nocl/pred_fid/bio.csv"
delta_r,hrf,hrf,abl_cf_matched,continued,0,fid,tortuosity,pvbm,-0.03849027400872096,-0.1795945098962007,-0.004669444491023596,-0.05,pre-registered (DECISIONS 2026-09-17 13:30): tortuosity/density delta-r >= -0.05,AT-RISK,runs/pivot/hrf/seed0/abl_cf_matched/pred_fid/bio.csv
delta_bias_sigma,hrf,hrf,abl_cf_matched,continued,0,fid,tortuosity,pvbm,-0.0411250161946759,,,0.25,pre-registered (DECISIONS 2026-09-17 13:30): |delta bias| <= 0.25 sigma,ok,runs/pivot/hrf/seed0/abl_cf_matched/pred_fid/bio.csv
delta_r,hrf,hrf,abl_cf_on_base,continued,0,fid,tortuosity,pvbm,-0.008743230179213857,-0.09900386948487189,0.03712869000407473,-0.05,pre-registered (DECISIONS 2026-09-17 13:30): tortuosity/density delta-r >= -0.05,AT-RISK,runs/pivot/hrf/seed0/abl_cf_on_base/pred_fid/bio.csv
delta_bias_sigma,hrf,hrf,abl_cf_on_base,continued,0,fid,tortuosity,pvbm,-0.22716308467804103,,,0.25,pre-registered (DECISIONS 2026-09-17 13:30): |delta bias| <= 0.25 sigma,ok,runs/pivot/hrf/seed0/abl_cf_on_base/pred_fid/bio.csv
delta_r,hrf,hrf,abl_density_only,continued,0,fid,tortuosity,pvbm,-0.010470561171942117,-0.07222617737526608,0.0213284484328883,-0.05,pre-registered (DECISIONS 2026-09-17 13:30): tortuosity/density delta-r >= -0.05,AT-RISK,runs/pivot/hrf/seed0/abl_density_only/pred_fid/bio.csv
delta_bias_sigma,hrf,hrf,abl_density_only,continued,0,fid,tortuosity,pvbm,-0.05413398845744455,,,0.25,pre-registered (DECISIONS 2026-09-17 13:30): |delta bias| <= 0.25 sigma,ok,runs/pivot/hrf/seed0/abl_density_only/pred_fid/bio.csv
delta_r,hrf,hrf,abl_fd_only,continued,0,fid,tortuosity,pvbm,-0.00028796995483137966,-0.08420213363421386,0.0375895955209852,-0.05,pre-registered (DECISIONS 2026-09-17 13:30): tortuosity/density delta-r >= -0.05,AT-RISK,runs/pivot/hrf/seed0/abl_fd_only/pred_fid/bio.csv
delta_bias_sigma,hrf,hrf,abl_fd_only,continued,0,fid,tortuosity,pvbm,-0.18059290676636186,,,0.25,pre-registered (DECISIONS 2026-09-17 13:30): |delta bias| <= 0.25 sigma,ok,runs/pivot/hrf/seed0/abl_fd_only/pred_fid/bio.csv
delta_r,hrf,hrf,abl_fixed_ladder,continued,0,fid,tortuosity,pvbm,-0.5918259459585752,-1.0159747079480828,-0.295303201811271,-0.05,pre-registered (DECISIONS 2026-09-17 13:30): tortuosity/density delta-r >= -0.05,BREACH,runs/pivot/hrf/seed0/abl_fixed_ladder/pred_fid/bio.csv
delta_bias_sigma,hrf,hrf,abl_fixed_ladder,continued,0,fid,tortuosity,pvbm,9.937212497525207,,,0.25,pre-registered (DECISIONS 2026-09-17 13:30): |delta bias| <= 0.25 sigma,BREACH,runs/pivot/hrf/seed0/abl_fixed_ladder/pred_fid/bio.csv
delta_r,hrf,hrf,abl_length_only,continued,0,fid,tortuosity,pvbm,-0.06899073442117443,-0.3066462265878851,0.024519325331021823,-0.05,pre-registered (DECISIONS 2026-09-17 13:30): tortuosity/density delta-r >= -0.05,BREACH,runs/pivot/hrf/seed0/abl_length_only/pred_fid/bio.csv
delta_bias_sigma,hrf,hrf,abl_length_only,continued,0,fid,tortuosity,pvbm,1.3014890962465937,,,0.25,pre-registered (DECISIONS 2026-09-17 13:30): |delta bias| <= 0.25 sigma,BREACH,runs/pivot/hrf/seed0/abl_length_only/pred_fid/bio.csv
delta_r,hrf,hrf,abl_no_density,continued,0,fid,tortuosity,pvbm,-0.5552884769245883,-0.9591753927016606,-0.2809386395285214,-0.05,pre-registered (DECISIONS 2026-09-17 13:30): tortuosity/density delta-r >= -0.05,BREACH,runs/pivot/hrf/seed0/abl_no_density/pred_fid/bio.csv
delta_bias_sigma,hrf,hrf,abl_no_density,continued,0,fid,tortuosity,pvbm,8.236756861548425,,,0.25,pre-registered (DECISIONS 2026-09-17 13:30): |delta bias| <= 0.25 sigma,BREACH,runs/pivot/hrf/seed0/abl_no_density/pred_fid/bio.csv
delta_r,hrf,hrf,abl_no_fd,continued,0,fid,tortuosity,pvbm,-0.07901984183847544,-0.3179697466601565,0.021900581822099356,-0.05,pre-registered (DECISIONS 2026-09-17 13:30): tortuosity/density delta-r >= -0.05,BREACH,runs/pivot/hrf/seed0/abl_no_fd/pred_fid/bio.csv
delta_bias_sigma,hrf,hrf,abl_no_fd,continued,0,fid,tortuosity,pvbm,2.473003733147279,,,0.25,pre-registered (DECISIONS 2026-09-17 13:30): |delta bias| <= 0.25 sigma,BREACH,runs/pivot/hrf/seed0/abl_no_fd/pred_fid/bio.csv
delta_r,hrf,hrf,abl_no_length,continued,0,fid,tortuosity,pvbm,-0.013743651599325002,-0.10772102101022452,0.030991963297005442,-0.05,pre-registered (DECISIONS 2026-09-17 13:30): tortuosity/density delta-r >= -0.05,AT-RISK,runs/pivot/hrf/seed0/abl_no_length/pred_fid/bio.csv
delta_bias_sigma,hrf,hrf,abl_no_length,continued,0,fid,tortuosity,pvbm,-0.2498522012339488,,,0.25,pre-registered (DECISIONS 2026-09-17 13:30): |delta bias| <= 0.25 sigma,ok,runs/pivot/hrf/seed0/abl_no_length/pred_fid/bio.csv
delta_r,hrf,hrf,cfloss,continued,0,fid,tortuosity,pvbm,-0.013743651599325002,-0.10772102101022452,0.030991963297005442,-0.05,pre-registered (DECISIONS 2026-09-17 13:30): tortuosity/density delta-r >= -0.05,AT-RISK,runs/pivot/hrf/seed0/cfloss/pred_fid/bio.csv
delta_bias_sigma,hrf,hrf,cfloss,continued,0,fid,tortuosity,pvbm,-0.2498522012339488,,,0.25,pre-registered (DECISIONS 2026-09-17 13:30): |delta bias| <= 0.25 sigma,ok,runs/pivot/hrf/seed0/cfloss/pred_fid/bio.csv
delta_r,hrf,hrf,cfloss,continued,1,fid,tortuosity,pvbm,-0.04070444457463673,-0.1539587926921578,0.015539982098110394,-0.05,pre-registered (DECISIONS 2026-09-17 13:30): tortuosity/density delta-r >= -0.05,AT-RISK,runs/pivot/hrf/seed1/cfloss/pred_fid/bio.csv
delta_bias_sigma,hrf,hrf,cfloss,continued,1,fid,tortuosity,pvbm,0.07245879450286052,,,0.25,pre-registered (DECISIONS 2026-09-17 13:30): |delta bias| <= 0.25 sigma,ok,runs/pivot/hrf/seed1/cfloss/pred_fid/bio.csv
delta_r,hrf,hrf,cfloss,continued,2,fid,tortuosity,pvbm,-0.012113081727599395,-0.10449149088789497,0.04886646002900472,-0.05,pre-registered (DECISIONS 2026-09-17 13:30): tortuosity/density delta-r >= -0.05,AT-RISK,runs/pivot/hrf/seed2/cfloss/pred_fid/bio.csv
delta_bias_sigma,hrf,hrf,cfloss,continued,2,fid,tortuosity,pvbm,0.04892567518722535,,,0.25,pre-registered (DECISIONS 2026-09-17 13:30): |delta bias| <= 0.25 sigma,ok,runs/pivot/hrf/seed2/cfloss/pred_fid/bio.csv
delta_r,hrf,hrf,reliseg,continued,0,fid,tortuosity,pvbm,-0.26839042287593273,-0.6648654364011736,-0.09600480833730114,-0.05,pre-registered (DECISIONS 2026-09-17 13:30): tortuosity/density delta-r >= -0.05,BREACH,runs/pivot/hrf/seed0/reliseg/pred_fid/bio.csv
delta_bias_sigma,hrf,hrf,reliseg,continued,0,fid,tortuosity,pvbm,4.554714362018618,,,0.25,pre-registered (DECISIONS 2026-09-17 13:30): |delta bias| <= 0.25 sigma,BREACH,runs/pivot/hrf/seed0/reliseg/pred_fid/bio.csv
delta_r,hrf,hrf,reliseg,continued,1,fid,tortuosity,pvbm,-0.00012420797547596507,-0.07593644064843601,0.10183566521348288,-0.05,pre-registered (DECISIONS 2026-09-17 13:30): tortuosity/density delta-r >= -0.05,AT-RISK,runs/pivot/hrf/seed1/reliseg/pred_fid/bio.csv
delta_bias_sigma,hrf,hrf,reliseg,continued,1,fid,tortuosity,pvbm,0.5740701772601686,,,0.25,pre-registered (DECISIONS 2026-09-17 13:30): |delta bias| <= 0.25 sigma,BREACH,runs/pivot/hrf/seed1/reliseg/pred_fid/bio.csv
delta_r,hrf,hrf,reliseg,continued,2,fid,tortuosity,pvbm,-0.04142787353898392,-0.1950408048169535,0.06045227942474048,-0.05,pre-registered (DECISIONS 2026-09-17 13:30): tortuosity/density delta-r >= -0.05,AT-RISK,runs/pivot/hrf/seed2/reliseg/pred_fid/bio.csv
delta_bias_sigma,hrf,hrf,reliseg,continued,2,fid,tortuosity,pvbm,1.8831223534522055,,,0.25,pre-registered (DECISIONS 2026-09-17 13:30): |delta bias| <= 0.25 sigma,BREACH,runs/pivot/hrf/seed2/reliseg/pred_fid/bio.csv
delta_r,hrf,hrf,reliseg_nocl,continued,0,fid,tortuosity,pvbm,-0.02432458739899568,-0.16076153456652062,0.032114693184402375,-0.05,pre-registered (DECISIONS 2026-09-17 13:30): tortuosity/density delta-r >= -0.05,AT-RISK,runs/pivot/hrf/seed0/reliseg_nocl/pred_fid/bio.csv
delta_bias_sigma,hrf,hrf,reliseg_nocl,continued,0,fid,tortuosity,pvbm,0.38738415979089513,,,0.25,pre-registered (DECISIONS 2026-09-17 13:30): |delta bias| <= 0.25 sigma,BREACH,runs/pivot/hrf/seed0/reliseg_nocl/pred_fid/bio.csv
delta_r,hrf,hrf,reliseg_nocl,continued,1,fid,tortuosity,pvbm,-0.050991010284157534,-0.25664443582876373,0.07764595242627911,-0.05,pre-registered (DECISIONS 2026-09-17 13:30): tortuosity/density delta-r >= -0.05,BREACH,runs/pivot/hrf/seed1/reliseg_nocl/pred_fid/bio.csv
delta_bias_sigma,hrf,hrf,reliseg_nocl,continued,1,fid,tortuosity,pvbm,0.5704383439881346,,,0.25,pre-registered (DECISIONS 2026-09-17 13:30): |delta bias| <= 0.25 sigma,BREACH,runs/pivot/hrf/seed1/reliseg_nocl/pred_fid/bio.csv
delta_r,hrf,hrf,reliseg_nocl,continued,2,fid,tortuosity,pvbm,-0.032372124918127354,-0.15979051724914342,0.08015519973028747,-0.05,pre-registered (DECISIONS 2026-09-17 13:30): tortuosity/density delta-r >= -0.05,AT-RISK,runs/pivot/hrf/seed2/reliseg_nocl/pred_fid/bio.csv
delta_bias_sigma,hrf,hrf,reliseg_nocl,continued,2,fid,tortuosity,pvbm,0.4861408592677532,,,0.25,pre-registered (DECISIONS 2026-09-17 13:30): |delta bias| <= 0.25 sigma,BREACH,runs/pivot/hrf/seed2/reliseg_nocl/pred_fid/bio.csv
delta_r,hrf,hrf,cfloss,continued,"pooled(0,1,2)",fid,tortuosity,pvbm,-0.022187059300520378,-0.09107565659963068,0.0006365084769335272,-0.05,pre-registered (DECISIONS 2026-09-17 13:30): tortuosity/density delta-r >= -0.05,AT-RISK,"runs/pivot/hrf/seed{0,1,2}/cfloss/pred_fid/bio.csv"
delta_bias_sigma,hrf,hrf,cfloss,continued,"pooled(0,1,2)",fid,tortuosity,pvbm,-0.042822577181287645,,,0.25,pre-registered (DECISIONS 2026-09-17 13:30): |delta bias| <= 0.25 sigma,ok,"runs/pivot/hrf/seed{0,1,2}/cfloss/pred_fid/bio.csv"
delta_r,hrf,hrf,reliseg,continued,"pooled(0,1,2)",fid,tortuosity,pvbm,-0.10331416813013088,-0.2577731433051137,-0.02998153977811806,-0.05,pre-registered (DECISIONS 2026-09-17 13:30): tortuosity/density delta-r >= -0.05,BREACH,"runs/pivot/hrf/seed{0,1,2}/reliseg/pred_fid/bio.csv"
delta_bias_sigma,hrf,hrf,reliseg,continued,"pooled(0,1,2)",fid,tortuosity,pvbm,2.3373022975769975,,,0.25,pre-registered (DECISIONS 2026-09-17 13:30): |delta bias| <= 0.25 sigma,BREACH,"runs/pivot/hrf/seed{0,1,2}/reliseg/pred_fid/bio.csv"
delta_r,hrf,hrf,reliseg_nocl,continued,"pooled(0,1,2)",fid,tortuosity,pvbm,-0.03589590753376019,-0.14966046821163798,0.018791304425854864,-0.05,pre-registered (DECISIONS 2026-09-17 13:30): tortuosity/density delta-r >= -0.05,AT-RISK,"runs/pivot/hrf/seed{0,1,2}/reliseg_nocl/pred_fid/bio.csv"
delta_bias_sigma,hrf,hrf,reliseg_nocl,continued,"pooled(0,1,2)",fid,tortuosity,pvbm,0.4813211210155943,,,0.25,pre-registered (DECISIONS 2026-09-17 13:30): |delta bias| <= 0.25 sigma,BREACH,"runs/pivot/hrf/seed{0,1,2}/reliseg_nocl/pred_fid/bio.csv"
delta_r,hrf,hrf,abl_cf_matched,baseline,0,fid,tortuosity,skan,-0.006421563956720555,-0.09294004817212626,0.06521729813474876,-0.05,pre-registered (DECISIONS 2026-09-17 13:30): tortuosity/density delta-r >= -0.05,AT-RISK,runs/pivot/hrf/seed0/abl_cf_matched/pred_fid/bio.csv
delta_bias_sigma,hrf,hrf,abl_cf_matched,baseline,0,fid,tortuosity,skan,0.15063658931660528,,,0.25,pre-registered (DECISIONS 2026-09-17 13:30): |delta bias| <= 0.25 sigma,ok,runs/pivot/hrf/seed0/abl_cf_matched/pred_fid/bio.csv
delta_r,hrf,hrf,abl_cf_on_base,baseline,0,fid,tortuosity,skan,-0.05312313263145574,-0.18700050405310709,0.0029132578114653075,-0.05,pre-registered (DECISIONS 2026-09-17 13:30): tortuosity/density delta-r >= -0.05,BREACH,runs/pivot/hrf/seed0/abl_cf_on_base/pred_fid/bio.csv
delta_bias_sigma,hrf,hrf,abl_cf_on_base,baseline,0,fid,tortuosity,skan,0.13749734739674313,,,0.25,pre-registered (DECISIONS 2026-09-17 13:30): |delta bias| <= 0.25 sigma,ok,runs/pivot/hrf/seed0/abl_cf_on_base/pred_fid/bio.csv
delta_r,hrf,hrf,abl_density_only,baseline,0,fid,tortuosity,skan,0.01524714071666411,-0.0803976697221626,0.12903719789948945,-0.05,pre-registered (DECISIONS 2026-09-17 13:30): tortuosity/density delta-r >= -0.05,AT-RISK,runs/pivot/hrf/seed0/abl_density_only/pred_fid/bio.csv
delta_bias_sigma,hrf,hrf,abl_density_only,baseline,0,fid,tortuosity,skan,0.15377525915077905,,,0.25,pre-registered (DECISIONS 2026-09-17 13:30): |delta bias| <= 0.25 sigma,ok,runs/pivot/hrf/seed0/abl_density_only/pred_fid/bio.csv
delta_r,hrf,hrf,abl_fd_only,baseline,0,fid,tortuosity,skan,-0.00966415674433474,-0.12079011473508122,0.08790418336225714,-0.05,pre-registered (DECISIONS 2026-09-17 13:30): tortuosity/density delta-r >= -0.05,AT-RISK,runs/pivot/hrf/seed0/abl_fd_only/pred_fid/bio.csv
delta_bias_sigma,hrf,hrf,abl_fd_only,baseline,0,fid,tortuosity,skan,0.18134950082681778,,,0.25,pre-registered (DECISIONS 2026-09-17 13:30): |delta bias| <= 0.25 sigma,ok,runs/pivot/hrf/seed0/abl_fd_only/pred_fid/bio.csv
delta_r,hrf,hrf,abl_fixed_ladder,baseline,0,fid,tortuosity,skan,-0.005014088720037391,-0.3275873026095791,0.23982813588169122,-0.05,pre-registered (DECISIONS 2026-09-17 13:30): tortuosity/density delta-r >= -0.05,AT-RISK,runs/pivot/hrf/seed0/abl_fixed_ladder/pred_fid/bio.csv
delta_bias_sigma,hrf,hrf,abl_fixed_ladder,baseline,0,fid,tortuosity,skan,2.8502961495480745,,,0.25,pre-registered (DECISIONS 2026-09-17 13:30): |delta bias| <= 0.25 sigma,BREACH,runs/pivot/hrf/seed0/abl_fixed_ladder/pred_fid/bio.csv
delta_r,hrf,hrf,abl_length_only,baseline,0,fid,tortuosity,skan,-0.012211836178449897,-0.11942009682834533,0.06665138030222875,-0.05,pre-registered (DECISIONS 2026-09-17 13:30): tortuosity/density delta-r >= -0.05,AT-RISK,runs/pivot/hrf/seed0/abl_length_only/pred_fid/bio.csv
delta_bias_sigma,hrf,hrf,abl_length_only,baseline,0,fid,tortuosity,skan,0.7494833303127983,,,0.25,pre-registered (DECISIONS 2026-09-17 13:30): |delta bias| <= 0.25 sigma,BREACH,runs/pivot/hrf/seed0/abl_length_only/pred_fid/bio.csv
delta_r,hrf,hrf,abl_no_density,baseline,0,fid,tortuosity,skan,-0.027571492951763976,-0.20103866561715095,0.06271165477793886,-0.05,pre-registered (DECISIONS 2026-09-17 13:30): tortuosity/density delta-r >= -0.05,AT-RISK,runs/pivot/hrf/seed0/abl_no_density/pred_fid/bio.csv
delta_bias_sigma,hrf,hrf,abl_no_density,baseline,0,fid,tortuosity,skan,1.7374504915589761,,,0.25,pre-registered (DECISIONS 2026-09-17 13:30): |delta bias| <= 0.25 sigma,BREACH,runs/pivot/hrf/seed0/abl_no_density/pred_fid/bio.csv
delta_r,hrf,hrf,abl_no_fd,baseline,0,fid,tortuosity,skan,0.07812620784947089,-0.015320097169512376,0.23276283728331928,-0.05,pre-registered (DECISIONS 2026-09-17 13:30): tortuosity/density delta-r >= -0.05,ok,runs/pivot/hrf/seed0/abl_no_fd/pred_fid/bio.csv
delta_bias_sigma,hrf,hrf,abl_no_fd,baseline,0,fid,tortuosity,skan,1.411585824426601,,,0.25,pre-registered (DECISIONS 2026-09-17 13:30): |delta bias| <= 0.25 sigma,BREACH,runs/pivot/hrf/seed0/abl_no_fd/pred_fid/bio.csv
delta_r,hrf,hrf,abl_no_length,baseline,0,fid,tortuosity,skan,0.0,0.0,0.0,-0.05,pre-registered (DECISIONS 2026-09-17 13:30): tortuosity/density delta-r >= -0.05,ok,runs/pivot/hrf/seed0/abl_no_length/pred_fid/bio.csv
delta_bias_sigma,hrf,hrf,abl_no_length,baseline,0,fid,tortuosity,skan,0.0,,,0.25,pre-registered (DECISIONS 2026-09-17 13:30): |delta bias| <= 0.25 sigma,ok,runs/pivot/hrf/seed0/abl_no_length/pred_fid/bio.csv
delta_r,hrf,hrf,cfloss,baseline,0,fid,tortuosity,skan,0.0,0.0,0.0,-0.05,pre-registered (DECISIONS 2026-09-17 13:30): tortuosity/density delta-r >= -0.05,ok,runs/pivot/hrf/seed0/cfloss/pred_fid/bio.csv
delta_bias_sigma,hrf,hrf,cfloss,baseline,0,fid,tortuosity,skan,0.0,,,0.25,pre-registered (DECISIONS 2026-09-17 13:30): |delta bias| <= 0.25 sigma,ok,runs/pivot/hrf/seed0/cfloss/pred_fid/bio.csv
delta_r,hrf,hrf,cfloss,baseline,1,fid,tortuosity,skan,0.0,0.0,0.0,-0.05,pre-registered (DECISIONS 2026-09-17 13:30): tortuosity/density delta-r >= -0.05,ok,runs/pivot/hrf/seed1/cfloss/pred_fid/bio.csv
delta_bias_sigma,hrf,hrf,cfloss,baseline,1,fid,tortuosity,skan,0.0,,,0.25,pre-registered (DECISIONS 2026-09-17 13:30): |delta bias| <= 0.25 sigma,ok,runs/pivot/hrf/seed1/cfloss/pred_fid/bio.csv
delta_r,hrf,hrf,cfloss,baseline,2,fid,tortuosity,skan,0.0,0.0,0.0,-0.05,pre-registered (DECISIONS 2026-09-17 13:30): tortuosity/density delta-r >= -0.05,ok,runs/pivot/hrf/seed2/cfloss/pred_fid/bio.csv
delta_bias_sigma,hrf,hrf,cfloss,baseline,2,fid,tortuosity,skan,0.0,,,0.25,pre-registered (DECISIONS 2026-09-17 13:30): |delta bias| <= 0.25 sigma,ok,runs/pivot/hrf/seed2/cfloss/pred_fid/bio.csv
delta_r,hrf,hrf,continued,baseline,0,fid,tortuosity,skan,0.010993447055162031,-0.038270121159588305,0.061813823932390766,-0.05,pre-registered (DECISIONS 2026-09-17 13:30): tortuosity/density delta-r >= -0.05,ok,runs/pivot/hrf/seed0/continued/pred_fid/bio.csv
delta_bias_sigma,hrf,hrf,continued,baseline,0,fid,tortuosity,skan,0.05467029930820422,,,0.25,pre-registered (DECISIONS 2026-09-17 13:30): |delta bias| <= 0.25 sigma,ok,runs/pivot/hrf/seed0/continued/pred_fid/bio.csv
delta_r,hrf,hrf,continued,baseline,1,fid,tortuosity,skan,0.11134465924046799,-0.011457542147861294,0.2697133366129054,-0.05,pre-registered (DECISIONS 2026-09-17 13:30): tortuosity/density delta-r >= -0.05,ok,runs/pivot/hrf/seed1/continued/pred_fid/bio.csv
delta_bias_sigma,hrf,hrf,continued,baseline,1,fid,tortuosity,skan,-0.3876224051144026,,,0.25,pre-registered (DECISIONS 2026-09-17 13:30): |delta bias| <= 0.25 sigma,BREACH,runs/pivot/hrf/seed1/continued/pred_fid/bio.csv
delta_r,hrf,hrf,continued,baseline,2,fid,tortuosity,skan,-0.10693400181465484,-0.2202543170924223,0.010979902745318753,-0.05,pre-registered (DECISIONS 2026-09-17 13:30): tortuosity/density delta-r >= -0.05,BREACH,runs/pivot/hrf/seed2/continued/pred_fid/bio.csv
delta_bias_sigma,hrf,hrf,continued,baseline,2,fid,tortuosity,skan,-0.1851557149995786,,,0.25,pre-registered (DECISIONS 2026-09-17 13:30): |delta bias| <= 0.25 sigma,ok,runs/pivot/hrf/seed2/continued/pred_fid/bio.csv
delta_r,hrf,hrf,reliseg,baseline,0,fid,tortuosity,skan,0.044524335666091375,-0.08785787373381455,0.2051264277332075,-0.05,pre-registered (DECISIONS 2026-09-17 13:30): tortuosity/density delta-r >= -0.05,AT-RISK,runs/pivot/hrf/seed0/reliseg/pred_fid/bio.csv
delta_bias_sigma,hrf,hrf,reliseg,baseline,0,fid,tortuosity,skan,1.61714125420391,,,0.25,pre-registered (DECISIONS 2026-09-17 13:30): |delta bias| <= 0.25 sigma,BREACH,runs/pivot/hrf/seed0/reliseg/pred_fid/bio.csv
delta_r,hrf,hrf,reliseg,baseline,1,fid,tortuosity,skan,0.19011373416904498,0.047438836684713666,0.4082321284265834,-0.05,pre-registered (DECISIONS 2026-09-17 13:30): tortuosity/density delta-r >= -0.05,ok,runs/pivot/hrf/seed1/reliseg/pred_fid/bio.csv
delta_bias_sigma,hrf,hrf,reliseg,baseline,1,fid,tortuosity,skan,0.10055210922461733,,,0.25,pre-registered (DECISIONS 2026-09-17 13:30): |delta bias| <= 0.25 sigma,ok,runs/pivot/hrf/seed1/reliseg/pred_fid/bio.csv
delta_r,hrf,hrf,reliseg,baseline,2,fid,tortuosity,skan,-0.1726224745969569,-0.42541723292261185,-0.023768144978056936,-0.05,pre-registered (DECISIONS 2026-09-17 13:30): tortuosity/density delta-r >= -0.05,BREACH,runs/pivot/hrf/seed2/reliseg/pred_fid/bio.csv
delta_bias_sigma,hrf,hrf,reliseg,baseline,2,fid,tortuosity,skan,0.8054808138620955,,,0.25,pre-registered (DECISIONS 2026-09-17 13:30): |delta bias| <= 0.25 sigma,BREACH,runs/pivot/hrf/seed2/reliseg/pred_fid/bio.csv
delta_r,hrf,hrf,reliseg_nocl,baseline,0,fid,tortuosity,skan,0.0635548317003447,-0.043603667084532435,0.23824586057925906,-0.05,pre-registered (DECISIONS 2026-09-17 13:30): tortuosity/density delta-r >= -0.05,ok,runs/pivot/hrf/seed0/reliseg_nocl/pred_fid/bio.csv
delta_bias_sigma,hrf,hrf,reliseg_nocl,baseline,0,fid,tortuosity,skan,0.4581632574624279,,,0.25,pre-registered (DECISIONS 2026-09-17 13:30): |delta bias| <= 0.25 sigma,BREACH,runs/pivot/hrf/seed0/reliseg_nocl/pred_fid/bio.csv
delta_r,hrf,hrf,reliseg_nocl,baseline,1,fid,tortuosity,skan,0.14039367459097196,0.005010383139924574,0.3323049772446788,-0.05,pre-registered (DECISIONS 2026-09-17 13:30): tortuosity/density delta-r >= -0.05,ok,runs/pivot/hrf/seed1/reliseg_nocl/pred_fid/bio.csv
delta_bias_sigma,hrf,hrf,reliseg_nocl,baseline,1,fid,tortuosity,skan,-0.08208713922768363,,,0.25,pre-registered (DECISIONS 2026-09-17 13:30): |delta bias| <= 0.25 sigma,ok,runs/pivot/hrf/seed1/reliseg_nocl/pred_fid/bio.csv
delta_r,hrf,hrf,reliseg_nocl,baseline,2,fid,tortuosity,skan,-0.030899572882628568,-0.1294494214276603,0.031671499097175745,-0.05,pre-registered (DECISIONS 2026-09-17 13:30): tortuosity/density delta-r >= -0.05,AT-RISK,runs/pivot/hrf/seed2/reliseg_nocl/pred_fid/bio.csv
delta_bias_sigma,hrf,hrf,reliseg_nocl,baseline,2,fid,tortuosity,skan,0.08442665885644951,,,0.25,pre-registered (DECISIONS 2026-09-17 13:30): |delta bias| <= 0.25 sigma,ok,runs/pivot/hrf/seed2/reliseg_nocl/pred_fid/bio.csv
delta_r,hrf,hrf,cfloss,baseline,"pooled(0,1,2)",fid,tortuosity,skan,0.0,0.0,0.0,-0.05,pre-registered (DECISIONS 2026-09-17 13:30): tortuosity/density delta-r >= -0.05,ok,"runs/pivot/hrf/seed{0,1,2}/cfloss/pred_fid/bio.csv"
delta_bias_sigma,hrf,hrf,cfloss,baseline,"pooled(0,1,2)",fid,tortuosity,skan,0.0,,,0.25,pre-registered (DECISIONS 2026-09-17 13:30): |delta bias| <= 0.25 sigma,ok,"runs/pivot/hrf/seed{0,1,2}/cfloss/pred_fid/bio.csv"
delta_r,hrf,hrf,continued,baseline,"pooled(0,1,2)",fid,tortuosity,skan,0.005134701493658393,-0.05048173366219466,0.06560959506493019,-0.05,pre-registered (DECISIONS 2026-09-17 13:30): tortuosity/density delta-r >= -0.05,AT-RISK,"runs/pivot/hrf/seed{0,1,2}/continued/pred_fid/bio.csv"
delta_bias_sigma,hrf,hrf,continued,baseline,"pooled(0,1,2)",fid,tortuosity,skan,-0.172702606935259,,,0.25,pre-registered (DECISIONS 2026-09-17 13:30): |delta bias| <= 0.25 sigma,ok,"runs/pivot/hrf/seed{0,1,2}/continued/pred_fid/bio.csv"
delta_r,hrf,hrf,reliseg,baseline,"pooled(0,1,2)",fid,tortuosity,skan,0.020671865079393153,-0.02674298771757991,0.08470838748701656,-0.05,pre-registered (DECISIONS 2026-09-17 13:30): tortuosity/density delta-r >= -0.05,ok,"runs/pivot/hrf/seed{0,1,2}/reliseg/pred_fid/bio.csv"
delta_bias_sigma,hrf,hrf,reliseg,baseline,"pooled(0,1,2)",fid,tortuosity,skan,0.8410580590968744,,,0.25,pre-registered (DECISIONS 2026-09-17 13:30): |delta bias| <= 0.25 sigma,BREACH,"runs/pivot/hrf/seed{0,1,2}/reliseg/pred_fid/bio.csv"
delta_r,hrf,hrf,reliseg_nocl,baseline,"pooled(0,1,2)",fid,tortuosity,skan,0.05768297780289603,-0.009222262151223206,0.1611123289468637,-0.05,pre-registered (DECISIONS 2026-09-17 13:30): tortuosity/density delta-r >= -0.05,ok,"runs/pivot/hrf/seed{0,1,2}/reliseg_nocl/pred_fid/bio.csv"
delta_bias_sigma,hrf,hrf,reliseg_nocl,baseline,"pooled(0,1,2)",fid,tortuosity,skan,0.1535009256970646,,,0.25,pre-registered (DECISIONS 2026-09-17 13:30): |delta bias| <= 0.25 sigma,ok,"runs/pivot/hrf/seed{0,1,2}/reliseg_nocl/pred_fid/bio.csv"
delta_r,hrf,hrf,abl_cf_matched,continued,0,fid,tortuosity,skan,-0.017415011011882586,-0.11214499546577175,0.06656816849457906,-0.05,pre-registered (DECISIONS 2026-09-17 13:30): tortuosity/density delta-r >= -0.05,AT-RISK,runs/pivot/hrf/seed0/abl_cf_matched/pred_fid/bio.csv
delta_bias_sigma,hrf,hrf,abl_cf_matched,continued,0,fid,tortuosity,skan,0.09596629000840107,,,0.25,pre-registered (DECISIONS 2026-09-17 13:30): |delta bias| <= 0.25 sigma,ok,runs/pivot/hrf/seed0/abl_cf_matched/pred_fid/bio.csv
delta_r,hrf,hrf,abl_cf_on_base,continued,0,fid,tortuosity,skan,-0.06411657968661777,-0.20425860890716477,-0.001738160646998265,-0.05,pre-registered (DECISIONS 2026-09-17 13:30): tortuosity/density delta-r >= -0.05,BREACH,runs/pivot/hrf/seed0/abl_cf_on_base/pred_fid/bio.csv
delta_bias_sigma,hrf,hrf,abl_cf_on_base,continued,0,fid,tortuosity,skan,0.08282704808853891,,,0.25,pre-registered (DECISIONS 2026-09-17 13:30): |delta bias| <= 0.25 sigma,ok,runs/pivot/hrf/seed0/abl_cf_on_base/pred_fid/bio.csv
delta_r,hrf,hrf,abl_density_only,continued,0,fid,tortuosity,skan,0.004253693661502078,-0.07544258589278534,0.09222858023430332,-0.05,pre-registered (DECISIONS 2026-09-17 13:30): tortuosity/density delta-r >= -0.05,AT-RISK,runs/pivot/hrf/seed0/abl_density_only/pred_fid/bio.csv
delta_bias_sigma,hrf,hrf,abl_density_only,continued,0,fid,tortuosity,skan,0.09910495984257484,,,0.25,pre-registered (DECISIONS 2026-09-17 13:30): |delta bias| <= 0.25 sigma,ok,runs/pivot/hrf/seed0/abl_density_only/pred_fid/bio.csv
delta_r,hrf,hrf,abl_fd_only,continued,0,fid,tortuosity,skan,-0.02065760379949677,-0.1328824758418021,0.05801723940361335,-0.05,pre-registered (DECISIONS 2026-09-17 13:30): tortuosity/density delta-r >= -0.05,AT-RISK,runs/pivot/hrf/seed0/abl_fd_only/pred_fid/bio.csv
delta_bias_sigma,hrf,hrf,abl_fd_only,continued,0,fid,tortuosity,skan,0.12667920151861356,,,0.25,pre-registered (DECISIONS 2026-09-17 13:30): |delta bias| <= 0.25 sigma,ok,runs/pivot/hrf/seed0/abl_fd_only/pred_fid/bio.csv
delta_r,hrf,hrf,abl_fixed_ladder,continued,0,fid,tortuosity,skan,-0.016007535775199422,-0.34207116795621173,0.23511753276291145,-0.05,pre-registered (DECISIONS 2026-09-17 13:30): tortuosity/density delta-r >= -0.05,AT-RISK,runs/pivot/hrf/seed0/abl_fixed_ladder/pred_fid/bio.csv
delta_bias_sigma,hrf,hrf,abl_fixed_ladder,continued,0,fid,tortuosity,skan,2.7956258502398703,,,0.25,pre-registered (DECISIONS 2026-09-17 13:30): |delta bias| <= 0.25 sigma,BREACH,runs/pivot/hrf/seed0/abl_fixed_ladder/pred_fid/bio.csv
delta_r,hrf,hrf,abl_length_only,continued,0,fid,tortuosity,skan,-0.02320528323361193,-0.13697824949929632,0.06774591592136536,-0.05,pre-registered (DECISIONS 2026-09-17 13:30): tortuosity/density delta-r >= -0.05,AT-RISK,runs/pivot/hrf/seed0/abl_length_only/pred_fid/bio.csv
delta_bias_sigma,hrf,hrf,abl_length_only,continued,0,fid,tortuosity,skan,0.6948130310045941,,,0.25,pre-registered (DECISIONS 2026-09-17 13:30): |delta bias| <= 0.25 sigma,BREACH,runs/pivot/hrf/seed0/abl_length_only/pred_fid/bio.csv
delta_r,hrf,hrf,abl_no_density,continued,0,fid,tortuosity,skan,-0.03856494000692601,-0.22013499119084462,0.07425793782342348,-0.05,pre-registered (DECISIONS 2026-09-17 13:30): tortuosity/density delta-r >= -0.05,AT-RISK,runs/pivot/hrf/seed0/abl_no_density/pred_fid/bio.csv
delta_bias_sigma,hrf,hrf,abl_no_density,continued,0,fid,tortuosity,skan,1.682780192250772,,,0.25,pre-registered (DECISIONS 2026-09-17 13:30): |delta bias| <= 0.25 sigma,BREACH,runs/pivot/hrf/seed0/abl_no_density/pred_fid/bio.csv
delta_r,hrf,hrf,abl_no_fd,continued,0,fid,tortuosity,skan,0.06713276079430885,-0.018815149587698265,0.20830485721853662,-0.05,pre-registered (DECISIONS 2026-09-17 13:30): tortuosity/density delta-r >= -0.05,ok,runs/pivot/hrf/seed0/abl_no_fd/pred_fid/bio.csv
delta_bias_sigma,hrf,hrf,abl_no_fd,continued,0,fid,tortuosity,skan,1.3569155251183969,,,0.25,pre-registered (DECISIONS 2026-09-17 13:30): |delta bias| <= 0.25 sigma,BREACH,runs/pivot/hrf/seed0/abl_no_fd/pred_fid/bio.csv
delta_r,hrf,hrf,abl_no_length,continued,0,fid,tortuosity,skan,-0.010993447055162031,-0.06181382393239081,0.038270121159588256,-0.05,pre-registered (DECISIONS 2026-09-17 13:30): tortuosity/density delta-r >= -0.05,AT-RISK,runs/pivot/hrf/seed0/abl_no_length/pred_fid/bio.csv
delta_bias_sigma,hrf,hrf,abl_no_length,continued,0,fid,tortuosity,skan,-0.05467029930820422,,,0.25,pre-registered (DECISIONS 2026-09-17 13:30): |delta bias| <= 0.25 sigma,ok,runs/pivot/hrf/seed0/abl_no_length/pred_fid/bio.csv
delta_r,hrf,hrf,cfloss,continued,0,fid,tortuosity,skan,-0.010993447055162031,-0.06181382393239081,0.038270121159588256,-0.05,pre-registered (DECISIONS 2026-09-17 13:30): tortuosity/density delta-r >= -0.05,AT-RISK,runs/pivot/hrf/seed0/cfloss/pred_fid/bio.csv
delta_bias_sigma,hrf,hrf,cfloss,continued,0,fid,tortuosity,skan,-0.05467029930820422,,,0.25,pre-registered (DECISIONS 2026-09-17 13:30): |delta bias| <= 0.25 sigma,ok,runs/pivot/hrf/seed0/cfloss/pred_fid/bio.csv
delta_r,hrf,hrf,cfloss,continued,1,fid,tortuosity,skan,-0.11134465924046799,-0.2697133366129054,0.011457542147861276,-0.05,pre-registered (DECISIONS 2026-09-17 13:30): tortuosity/density delta-r >= -0.05,BREACH,runs/pivot/hrf/seed1/cfloss/pred_fid/bio.csv
delta_bias_sigma,hrf,hrf,cfloss,continued,1,fid,tortuosity,skan,0.3876224051144026,,,0.25,pre-registered (DECISIONS 2026-09-17 13:30): |delta bias| <= 0.25 sigma,BREACH,runs/pivot/hrf/seed1/cfloss/pred_fid/bio.csv
delta_r,hrf,hrf,cfloss,continued,2,fid,tortuosity,skan,0.10693400181465484,-0.010979902745318789,0.22025431709242227,-0.05,pre-registered (DECISIONS 2026-09-17 13:30): tortuosity/density delta-r >= -0.05,ok,runs/pivot/hrf/seed2/cfloss/pred_fid/bio.csv
delta_bias_sigma,hrf,hrf,cfloss,continued,2,fid,tortuosity,skan,0.1851557149995786,,,0.25,pre-registered (DECISIONS 2026-09-17 13:30): |delta bias| <= 0.25 sigma,ok,runs/pivot/hrf/seed2/cfloss/pred_fid/bio.csv
delta_r,hrf,hrf,reliseg,continued,0,fid,tortuosity,skan,0.033530888610929344,-0.0851460376082678,0.17953111807054384,-0.05,pre-registered (DECISIONS 2026-09-17 13:30): tortuosity/density delta-r >= -0.05,AT-RISK,runs/pivot/hrf/seed0/reliseg/pred_fid/bio.csv
delta_bias_sigma,hrf,hrf,reliseg,continued,0,fid,tortuosity,skan,1.5624709548957059,,,0.25,pre-registered (DECISIONS 2026-09-17 13:30): |delta bias| <= 0.25 sigma,BREACH,runs/pivot/hrf/seed0/reliseg/pred_fid/bio.csv
delta_r,hrf,hrf,reliseg,continued,1,fid,tortuosity,skan,0.07876907492857699,-0.010079514263753975,0.19422424654931392,-0.05,pre-registered (DECISIONS 2026-09-17 13:30): tortuosity/density delta-r >= -0.05,ok,runs/pivot/hrf/seed1/reliseg/pred_fid/bio.csv
delta_bias_sigma,hrf,hrf,reliseg,continued,1,fid,tortuosity,skan,0.4881745143390199,,,0.25,pre-registered (DECISIONS 2026-09-17 13:30): |delta bias| <= 0.25 sigma,BREACH,runs/pivot/hrf/seed1/reliseg/pred_fid/bio.csv
delta_r,hrf,hrf,reliseg,continued,2,fid,tortuosity,skan,-0.06568847278230205,-0.2627782834386845,0.09263246288877675,-0.05,pre-registered (DECISIONS 2026-09-17 13:30): tortuosity/density delta-r >= -0.05,BREACH,runs/pivot/hrf/seed2/reliseg/pred_fid/bio.csv
delta_bias_sigma,hrf,hrf,reliseg,continued,2,fid,tortuosity,skan,0.9906365288616741,,,0.25,pre-registered (DECISIONS 2026-09-17 13:30): |delta bias| <= 0.25 sigma,BREACH,runs/pivot/hrf/seed2/reliseg/pred_fid/bio.csv
delta_r,hrf,hrf,reliseg_nocl,continued,0,fid,tortuosity,skan,0.052561384645182674,-0.056082805003235835,0.2366341084685345,-0.05,pre-registered (DECISIONS 2026-09-17 13:30): tortuosity/density delta-r >= -0.05,AT-RISK,runs/pivot/hrf/seed0/reliseg_nocl/pred_fid/bio.csv
delta_bias_sigma,hrf,hrf,reliseg_nocl,continued,0,fid,tortuosity,skan,0.4034929581542237,,,0.25,pre-registered (DECISIONS 2026-09-17 13:30): |delta bias| <= 0.25 sigma,BREACH,runs/pivot/hrf/seed0/reliseg_nocl/pred_fid/bio.csv
delta_r,hrf,hrf,reliseg_nocl,continued,1,fid,tortuosity,skan,0.02904901535050397,-0.04644602226929967,0.12164435937128049,-0.05,pre-registered (DECISIONS 2026-09-17 13:30): tortuosity/density delta-r >= -0.05,ok,runs/pivot/hrf/seed1/reliseg_nocl/pred_fid/bio.csv
delta_bias_sigma,hrf,hrf,reliseg_nocl,continued,1,fid,tortuosity,skan,0.305535265886719,,,0.25,pre-registered (DECISIONS 2026-09-17 13:30): |delta bias| <= 0.25 sigma,BREACH,runs/pivot/hrf/seed1/reliseg_nocl/pred_fid/bio.csv
delta_r,hrf,hrf,reliseg_nocl,continued,2,fid,tortuosity,skan,0.07603442893202628,-0.051617663766094446,0.21191547412885625,-0.05,pre-registered (DECISIONS 2026-09-17 13:30): tortuosity/density delta-r >= -0.05,AT-RISK,runs/pivot/hrf/seed2/reliseg_nocl/pred_fid/bio.csv
delta_bias_sigma,hrf,hrf,reliseg_nocl,continued,2,fid,tortuosity,skan,0.2695823738560281,,,0.25,pre-registered (DECISIONS 2026-09-17 13:30): |delta bias| <= 0.25 sigma,BREACH,runs/pivot/hrf/seed2/reliseg_nocl/pred_fid/bio.csv
delta_r,hrf,hrf,cfloss,continued,"pooled(0,1,2)",fid,tortuosity,skan,-0.005134701493658393,-0.06560959506493019,0.05048173366219463,-0.05,pre-registered (DECISIONS 2026-09-17 13:30): tortuosity/density delta-r >= -0.05,AT-RISK,"runs/pivot/hrf/seed{0,1,2}/cfloss/pred_fid/bio.csv"
delta_bias_sigma,hrf,hrf,cfloss,continued,"pooled(0,1,2)",fid,tortuosity,skan,0.172702606935259,,,0.25,pre-registered (DECISIONS 2026-09-17 13:30): |delta bias| <= 0.25 sigma,ok,"runs/pivot/hrf/seed{0,1,2}/cfloss/pred_fid/bio.csv"
delta_r,hrf,hrf,reliseg,continued,"pooled(0,1,2)",fid,tortuosity,skan,0.015537163585734759,-0.063034615780985,0.10346305459333159,-0.05,pre-registered (DECISIONS 2026-09-17 13:30): tortuosity/density delta-r >= -0.05,AT-RISK,"runs/pivot/hrf/seed{0,1,2}/reliseg/pred_fid/bio.csv"
delta_bias_sigma,hrf,hrf,reliseg,continued,"pooled(0,1,2)",fid,tortuosity,skan,1.0137606660321332,,,0.25,pre-registered (DECISIONS 2026-09-17 13:30): |delta bias| <= 0.25 sigma,BREACH,"runs/pivot/hrf/seed{0,1,2}/reliseg/pred_fid/bio.csv"
delta_r,hrf,hrf,reliseg_nocl,continued,"pooled(0,1,2)",fid,tortuosity,skan,0.05254827630923764,-0.028388903186604687,0.14578197618933778,-0.05,pre-registered (DECISIONS 2026-09-17 13:30): tortuosity/density delta-r >= -0.05,ok,"runs/pivot/hrf/seed{0,1,2}/reliseg_nocl/pred_fid/bio.csv"
delta_bias_sigma,hrf,hrf,reliseg_nocl,continued,"pooled(0,1,2)",fid,tortuosity,skan,0.3262035326323236,,,0.25,pre-registered (DECISIONS 2026-09-17 13:30): |delta bias| <= 0.25 sigma,BREACH,"runs/pivot/hrf/seed{0,1,2}/reliseg_nocl/pred_fid/bio.csv"
delta_r,hrf,hrf,abl_cf_matched,baseline,0,fid,density,pvbm,-0.008865204396328319,-0.03104704388738074,0.011326392166032321,-0.05,pre-registered (DECISIONS 2026-09-17 13:30): tortuosity/density delta-r >= -0.05,ok,runs/pivot/hrf/seed0/abl_cf_matched/pred_fid/bio.csv
delta_bias_sigma,hrf,hrf,abl_cf_matched,baseline,0,fid,density,pvbm,-0.13461882088146143,,,0.25,pre-registered (DECISIONS 2026-09-17 13:30): |delta bias| <= 0.25 sigma,ok,runs/pivot/hrf/seed0/abl_cf_matched/pred_fid/bio.csv
delta_r,hrf,hrf,abl_cf_on_base,baseline,0,fid,density,pvbm,0.005655127402661608,-0.01983722255959605,0.03299981052179254,-0.05,pre-registered (DECISIONS 2026-09-17 13:30): tortuosity/density delta-r >= -0.05,ok,runs/pivot/hrf/seed0/abl_cf_on_base/pred_fid/bio.csv
delta_bias_sigma,hrf,hrf,abl_cf_on_base,baseline,0,fid,density,pvbm,0.05604431915869795,,,0.25,pre-registered (DECISIONS 2026-09-17 13:30): |delta bias| <= 0.25 sigma,ok,runs/pivot/hrf/seed0/abl_cf_on_base/pred_fid/bio.csv
delta_r,hrf,hrf,abl_density_only,baseline,0,fid,density,pvbm,-0.044298581933156944,-0.0773538180669379,-0.0010107470679209464,-0.05,pre-registered (DECISIONS 2026-09-17 13:30): tortuosity/density delta-r >= -0.05,AT-RISK,runs/pivot/hrf/seed0/abl_density_only/pred_fid/bio.csv
delta_bias_sigma,hrf,hrf,abl_density_only,baseline,0,fid,density,pvbm,0.012025178029914207,,,0.25,pre-registered (DECISIONS 2026-09-17 13:30): |delta bias| <= 0.25 sigma,ok,runs/pivot/hrf/seed0/abl_density_only/pred_fid/bio.csv
delta_r,hrf,hrf,abl_fd_only,baseline,0,fid,density,pvbm,-0.021532179868659074,-0.05559833247808134,0.011237838013286547,-0.05,pre-registered (DECISIONS 2026-09-17 13:30): tortuosity/density delta-r >= -0.05,AT-RISK,runs/pivot/hrf/seed0/abl_fd_only/pred_fid/bio.csv
delta_bias_sigma,hrf,hrf,abl_fd_only,baseline,0,fid,density,pvbm,-0.010301782885837718,,,0.25,pre-registered (DECISIONS 2026-09-17 13:30): |delta bias| <= 0.25 sigma,ok,runs/pivot/hrf/seed0/abl_fd_only/pred_fid/bio.csv
delta_r,hrf,hrf,abl_fixed_ladder,baseline,0,fid,density,pvbm,-0.019236821535387194,-0.06614851865739718,0.03581425073797023,-0.05,pre-registered (DECISIONS 2026-09-17 13:30): tortuosity/density delta-r >= -0.05,AT-RISK,runs/pivot/hrf/seed0/abl_fixed_ladder/pred_fid/bio.csv
delta_bias_sigma,hrf,hrf,abl_fixed_ladder,baseline,0,fid,density,pvbm,-0.2460326716878392,,,0.25,pre-registered (DECISIONS 2026-09-17 13:30): |delta bias| <= 0.25 sigma,ok,runs/pivot/hrf/seed0/abl_fixed_ladder/pred_fid/bio.csv
delta_r,hrf,hrf,abl_length_only,baseline,0,fid,density,pvbm,0.00034709238265340225,-0.05831243635847868,0.07267955489996597,-0.05,pre-registered (DECISIONS 2026-09-17 13:30): tortuosity/density delta-r >= -0.05,AT-RISK,runs/pivot/hrf/seed0/abl_length_only/pred_fid/bio.csv
delta_bias_sigma,hrf,hrf,abl_length_only,baseline,0,fid,density,pvbm,0.15249371242316523,,,0.25,pre-registered (DECISIONS 2026-09-17 13:30): |delta bias| <= 0.25 sigma,ok,runs/pivot/hrf/seed0/abl_length_only/pred_fid/bio.csv
delta_r,hrf,hrf,abl_no_density,baseline,0,fid,density,pvbm,-0.013652167591712061,-0.06153816696590955,0.04152755927918047,-0.05,pre-registered (DECISIONS 2026-09-17 13:30): tortuosity/density delta-r >= -0.05,AT-RISK,runs/pivot/hrf/seed0/abl_no_density/pred_fid/bio.csv
delta_bias_sigma,hrf,hrf,abl_no_density,baseline,0,fid,density,pvbm,0.08293934291788774,,,0.25,pre-registered (DECISIONS 2026-09-17 13:30): |delta bias| <= 0.25 sigma,ok,runs/pivot/hrf/seed0/abl_no_density/pred_fid/bio.csv
delta_r,hrf,hrf,abl_no_fd,baseline,0,fid,density,pvbm,-0.009322517108645734,-0.051450071669136746,0.037384459663295656,-0.05,pre-registered (DECISIONS 2026-09-17 13:30): tortuosity/density delta-r >= -0.05,AT-RISK,runs/pivot/hrf/seed0/abl_no_fd/pred_fid/bio.csv
delta_bias_sigma,hrf,hrf,abl_no_fd,baseline,0,fid,density,pvbm,-0.24980700820528232,,,0.25,pre-registered (DECISIONS 2026-09-17 13:30): |delta bias| <= 0.25 sigma,ok,runs/pivot/hrf/seed0/abl_no_fd/pred_fid/bio.csv
delta_r,hrf,hrf,abl_no_length,baseline,0,fid,density,pvbm,0.0,0.0,0.0,-0.05,pre-registered (DECISIONS 2026-09-17 13:30): tortuosity/density delta-r >= -0.05,ok,runs/pivot/hrf/seed0/abl_no_length/pred_fid/bio.csv
delta_bias_sigma,hrf,hrf,abl_no_length,baseline,0,fid,density,pvbm,0.0,,,0.25,pre-registered (DECISIONS 2026-09-17 13:30): |delta bias| <= 0.25 sigma,ok,runs/pivot/hrf/seed0/abl_no_length/pred_fid/bio.csv
delta_r,hrf,hrf,cfloss,baseline,0,fid,density,pvbm,0.0,0.0,0.0,-0.05,pre-registered (DECISIONS 2026-09-17 13:30): tortuosity/density delta-r >= -0.05,ok,runs/pivot/hrf/seed0/cfloss/pred_fid/bio.csv
delta_bias_sigma,hrf,hrf,cfloss,baseline,0,fid,density,pvbm,0.0,,,0.25,pre-registered (DECISIONS 2026-09-17 13:30): |delta bias| <= 0.25 sigma,ok,runs/pivot/hrf/seed0/cfloss/pred_fid/bio.csv
delta_r,hrf,hrf,cfloss,baseline,1,fid,density,pvbm,0.0,0.0,0.0,-0.05,pre-registered (DECISIONS 2026-09-17 13:30): tortuosity/density delta-r >= -0.05,ok,runs/pivot/hrf/seed1/cfloss/pred_fid/bio.csv
delta_bias_sigma,hrf,hrf,cfloss,baseline,1,fid,density,pvbm,0.0,,,0.25,pre-registered (DECISIONS 2026-09-17 13:30): |delta bias| <= 0.25 sigma,ok,runs/pivot/hrf/seed1/cfloss/pred_fid/bio.csv
delta_r,hrf,hrf,cfloss,baseline,2,fid,density,pvbm,0.0,0.0,0.0,-0.05,pre-registered (DECISIONS 2026-09-17 13:30): tortuosity/density delta-r >= -0.05,ok,runs/pivot/hrf/seed2/cfloss/pred_fid/bio.csv
delta_bias_sigma,hrf,hrf,cfloss,baseline,2,fid,density,pvbm,0.0,,,0.25,pre-registered (DECISIONS 2026-09-17 13:30): |delta bias| <= 0.25 sigma,ok,runs/pivot/hrf/seed2/cfloss/pred_fid/bio.csv
delta_r,hrf,hrf,continued,baseline,0,fid,density,pvbm,-0.024677195101041494,-0.05622695865342541,0.008437661007344322,-0.05,pre-registered (DECISIONS 2026-09-17 13:30): tortuosity/density delta-r >= -0.05,AT-RISK,runs/pivot/hrf/seed0/continued/pred_fid/bio.csv
delta_bias_sigma,hrf,hrf,continued,baseline,0,fid,density,pvbm,0.0992912090977014,,,0.25,pre-registered (DECISIONS 2026-09-17 13:30): |delta bias| <= 0.25 sigma,ok,runs/pivot/hrf/seed0/continued/pred_fid/bio.csv
delta_r,hrf,hrf,continued,baseline,1,fid,density,pvbm,0.029164126849063665,-0.024896635363205723,0.08186945005767177,-0.05,pre-registered (DECISIONS 2026-09-17 13:30): tortuosity/density delta-r >= -0.05,ok,runs/pivot/hrf/seed1/continued/pred_fid/bio.csv
delta_bias_sigma,hrf,hrf,continued,baseline,1,fid,density,pvbm,0.25903143537788054,,,0.25,pre-registered (DECISIONS 2026-09-17 13:30): |delta bias| <= 0.25 sigma,BREACH,runs/pivot/hrf/seed1/continued/pred_fid/bio.csv
delta_r,hrf,hrf,continued,baseline,2,fid,density,pvbm,-0.008196548226574452,-0.04816236568221114,0.027003936406125098,-0.05,pre-registered (DECISIONS 2026-09-17 13:30): tortuosity/density delta-r >= -0.05,ok,runs/pivot/hrf/seed2/continued/pred_fid/bio.csv
delta_bias_sigma,hrf,hrf,continued,baseline,2,fid,density,pvbm,-0.019745467504009157,,,0.25,pre-registered (DECISIONS 2026-09-17 13:30): |delta bias| <= 0.25 sigma,ok,runs/pivot/hrf/seed2/continued/pred_fid/bio.csv
delta_r,hrf,hrf,reliseg,baseline,0,fid,density,pvbm,-0.024284993439992908,-0.056106877181249695,0.01961642986245842,-0.05,pre-registered (DECISIONS 2026-09-17 13:30): tortuosity/density delta-r >= -0.05,AT-RISK,runs/pivot/hrf/seed0/reliseg/pred_fid/bio.csv
delta_bias_sigma,hrf,hrf,reliseg,baseline,0,fid,density,pvbm,-0.039561592203515517,,,0.25,pre-registered (DECISIONS 2026-09-17 13:30): |delta bias| <= 0.25 sigma,ok,runs/pivot/hrf/seed0/reliseg/pred_fid/bio.csv
delta_r,hrf,hrf,reliseg,baseline,1,fid,density,pvbm,0.03827960776368089,-0.033449185361706844,0.10472776338549951,-0.05,pre-registered (DECISIONS 2026-09-17 13:30): tortuosity/density delta-r >= -0.05,ok,runs/pivot/hrf/seed1/reliseg/pred_fid/bio.csv
delta_bias_sigma,hrf,hrf,reliseg,baseline,1,fid,density,pvbm,0.0628392100913498,,,0.25,pre-registered (DECISIONS 2026-09-17 13:30): |delta bias| <= 0.25 sigma,ok,runs/pivot/hrf/seed1/reliseg/pred_fid/bio.csv
delta_r,hrf,hrf,reliseg,baseline,2,fid,density,pvbm,0.01582543450077145,-0.0404157602666309,0.07963584676482968,-0.05,pre-registered (DECISIONS 2026-09-17 13:30): tortuosity/density delta-r >= -0.05,ok,runs/pivot/hrf/seed2/reliseg/pred_fid/bio.csv
delta_bias_sigma,hrf,hrf,reliseg,baseline,2,fid,density,pvbm,0.01068134667714371,,,0.25,pre-registered (DECISIONS 2026-09-17 13:30): |delta bias| <= 0.25 sigma,ok,runs/pivot/hrf/seed2/reliseg/pred_fid/bio.csv
delta_r,hrf,hrf,reliseg_nocl,baseline,0,fid,density,pvbm,-0.03715916517810747,-0.08109886692836087,0.0030988458302056154,-0.05,pre-registered (DECISIONS 2026-09-17 13:30): tortuosity/density delta-r >= -0.05,AT-RISK,runs/pivot/hrf/seed0/reliseg_nocl/pred_fid/bio.csv
delta_bias_sigma,hrf,hrf,reliseg_nocl,baseline,0,fid,density,pvbm,-0.04987721469239825,,,0.25,pre-registered (DECISIONS 2026-09-17 13:30): |delta bias| <= 0.25 sigma,ok,runs/pivot/hrf/seed0/reliseg_nocl/pred_fid/bio.csv
delta_r,hrf,hrf,reliseg_nocl,baseline,1,fid,density,pvbm,0.01954997463489383,-0.03750499008261567,0.0723760900524325,-0.05,pre-registered (DECISIONS 2026-09-17 13:30): tortuosity/density delta-r >= -0.05,ok,runs/pivot/hrf/seed1/reliseg_nocl/pred_fid/bio.csv
delta_bias_sigma,hrf,hrf,reliseg_nocl,baseline,1,fid,density,pvbm,-0.08680000820706435,,,0.25,pre-registered (DECISIONS 2026-09-17 13:30): |delta bias| <= 0.25 sigma,ok,runs/pivot/hrf/seed1/reliseg_nocl/pred_fid/bio.csv
delta_r,hrf,hrf,reliseg_nocl,baseline,2,fid,density,pvbm,0.0023292129747209955,-0.05857366965747511,0.06983402791585652,-0.05,pre-registered (DECISIONS 2026-09-17 13:30): tortuosity/density delta-r >= -0.05,AT-RISK,runs/pivot/hrf/seed2/reliseg_nocl/pred_fid/bio.csv
delta_bias_sigma,hrf,hrf,reliseg_nocl,baseline,2,fid,density,pvbm,-0.13748497357916806,,,0.25,pre-registered (DECISIONS 2026-09-17 13:30): |delta bias| <= 0.25 sigma,ok,runs/pivot/hrf/seed2/reliseg_nocl/pred_fid/bio.csv
delta_r,hrf,hrf,cfloss,baseline,"pooled(0,1,2)",fid,density,pvbm,0.0,0.0,0.0,-0.05,pre-registered (DECISIONS 2026-09-17 13:30): tortuosity/density delta-r >= -0.05,ok,"runs/pivot/hrf/seed{0,1,2}/cfloss/pred_fid/bio.csv"
delta_bias_sigma,hrf,hrf,cfloss,baseline,"pooled(0,1,2)",fid,density,pvbm,0.0,,,0.25,pre-registered (DECISIONS 2026-09-17 13:30): |delta bias| <= 0.25 sigma,ok,"runs/pivot/hrf/seed{0,1,2}/cfloss/pred_fid/bio.csv"
delta_r,hrf,hrf,continued,baseline,"pooled(0,1,2)",fid,density,pvbm,-0.0012365388261840933,-0.02724598427990896,0.0268389416355422,-0.05,pre-registered (DECISIONS 2026-09-17 13:30): tortuosity/density delta-r >= -0.05,ok,"runs/pivot/hrf/seed{0,1,2}/continued/pred_fid/bio.csv"
delta_bias_sigma,hrf,hrf,continued,baseline,"pooled(0,1,2)",fid,density,pvbm,0.11285905899052424,,,0.25,pre-registered (DECISIONS 2026-09-17 13:30): |delta bias| <= 0.25 sigma,ok,"runs/pivot/hrf/seed{0,1,2}/continued/pred_fid/bio.csv"
delta_r,hrf,hrf,reliseg,baseline,"pooled(0,1,2)",fid,density,pvbm,0.00994001627481981,-0.0221177715483266,0.048557807440036176,-0.05,pre-registered (DECISIONS 2026-09-17 13:30): tortuosity/density delta-r >= -0.05,ok,"runs/pivot/hrf/seed{0,1,2}/reliseg/pred_fid/bio.csv"
delta_bias_sigma,hrf,hrf,reliseg,baseline,"pooled(0,1,2)",fid,density,pvbm,0.011319654854992664,,,0.25,pre-registered (DECISIONS 2026-09-17 13:30): |delta bias| <= 0.25 sigma,ok,"runs/pivot/hrf/seed{0,1,2}/reliseg/pred_fid/bio.csv"
delta_r,hrf,hrf,reliseg_nocl,baseline,"pooled(0,1,2)",fid,density,pvbm,-0.005093325856164214,-0.03983616039185271,0.02903042942048933,-0.05,pre-registered (DECISIONS 2026-09-17 13:30): tortuosity/density delta-r >= -0.05,ok,"runs/pivot/hrf/seed{0,1,2}/reliseg_nocl/pred_fid/bio.csv"
delta_bias_sigma,hrf,hrf,reliseg_nocl,baseline,"pooled(0,1,2)",fid,density,pvbm,-0.09138739882621022,,,0.25,pre-registered (DECISIONS 2026-09-17 13:30): |delta bias| <= 0.25 sigma,ok,"runs/pivot/hrf/seed{0,1,2}/reliseg_nocl/pred_fid/bio.csv"
delta_r,hrf,hrf,abl_cf_matched,continued,0,fid,density,pvbm,0.015811990704713175,-0.012014993421287123,0.0383517718058592,-0.05,pre-registered (DECISIONS 2026-09-17 13:30): tortuosity/density delta-r >= -0.05,ok,runs/pivot/hrf/seed0/abl_cf_matched/pred_fid/bio.csv
delta_bias_sigma,hrf,hrf,abl_cf_matched,continued,0,fid,density,pvbm,-0.23391002997916283,,,0.25,pre-registered (DECISIONS 2026-09-17 13:30): |delta bias| <= 0.25 sigma,ok,runs/pivot/hrf/seed0/abl_cf_matched/pred_fid/bio.csv
delta_r,hrf,hrf,abl_cf_on_base,continued,0,fid,density,pvbm,0.030332322503703102,-0.0035649109437668326,0.062449585225073254,-0.05,pre-registered (DECISIONS 2026-09-17 13:30): tortuosity/density delta-r >= -0.05,ok,runs/pivot/hrf/seed0/abl_cf_on_base/pred_fid/bio.csv
delta_bias_sigma,hrf,hrf,abl_cf_on_base,continued,0,fid,density,pvbm,-0.04324688993900344,,,0.25,pre-registered (DECISIONS 2026-09-17 13:30): |delta bias| <= 0.25 sigma,ok,runs/pivot/hrf/seed0/abl_cf_on_base/pred_fid/bio.csv
delta_r,hrf,hrf,abl_density_only,continued,0,fid,density,pvbm,-0.01962138683211545,-0.04652143804723805,0.012199357843040532,-0.05,pre-registered (DECISIONS 2026-09-17 13:30): tortuosity/density delta-r >= -0.05,ok,runs/pivot/hrf/seed0/abl_density_only/pred_fid/bio.csv
delta_bias_sigma,hrf,hrf,abl_density_only,continued,0,fid,density,pvbm,-0.08726603106778719,,,0.25,pre-registered (DECISIONS 2026-09-17 13:30): |delta bias| <= 0.25 sigma,ok,runs/pivot/hrf/seed0/abl_density_only/pred_fid/bio.csv
delta_r,hrf,hrf,abl_fd_only,continued,0,fid,density,pvbm,0.00314501523238242,-0.02235362582049196,0.025362771443408056,-0.05,pre-registered (DECISIONS 2026-09-17 13:30): tortuosity/density delta-r >= -0.05,ok,runs/pivot/hrf/seed0/abl_fd_only/pred_fid/bio.csv
delta_bias_sigma,hrf,hrf,abl_fd_only,continued,0,fid,density,pvbm,-0.10959299198353911,,,0.25,pre-registered (DECISIONS 2026-09-17 13:30): |delta bias| <= 0.25 sigma,ok,runs/pivot/hrf/seed0/abl_fd_only/pred_fid/bio.csv
delta_r,hrf,hrf,abl_fixed_ladder,continued,0,fid,density,pvbm,0.0054403735656542995,-0.024774988648650232,0.03852674365476775,-0.05,pre-registered (DECISIONS 2026-09-17 13:30): tortuosity/density delta-r >= -0.05,ok,runs/pivot/hrf/seed0/abl_fixed_ladder/pred_fid/bio.csv
delta_bias_sigma,hrf,hrf,abl_fixed_ladder,continued,0,fid,density,pvbm,-0.3453238807855406,,,0.25,pre-registered (DECISIONS 2026-09-17 13:30): |delta bias| <= 0.25 sigma,BREACH,runs/pivot/hrf/seed0/abl_fixed_ladder/pred_fid/bio.csv
delta_r,hrf,hrf,abl_length_only,continued,0,fid,density,pvbm,0.025024287483694896,-0.017073384950235946,0.0749213166207778,-0.05,pre-registered (DECISIONS 2026-09-17 13:30): tortuosity/density delta-r >= -0.05,ok,runs/pivot/hrf/seed0/abl_length_only/pred_fid/bio.csv
delta_bias_sigma,hrf,hrf,abl_length_only,continued,0,fid,density,pvbm,0.053202503325463835,,,0.25,pre-registered (DECISIONS 2026-09-17 13:30): |delta bias| <= 0.25 sigma,ok,runs/pivot/hrf/seed0/abl_length_only/pred_fid/bio.csv
delta_r,hrf,hrf,abl_no_density,continued,0,fid,density,pvbm,0.011025027509329433,-0.02749238992601079,0.04938418954828871,-0.05,pre-registered (DECISIONS 2026-09-17 13:30): tortuosity/density delta-r >= -0.05,ok,runs/pivot/hrf/seed0/abl_no_density/pred_fid/bio.csv
delta_bias_sigma,hrf,hrf,abl_no_density,continued,0,fid,density,pvbm,-0.016351866179813657,,,0.25,pre-registered (DECISIONS 2026-09-17 13:30): |delta bias| <= 0.25 sigma,ok,runs/pivot/hrf/seed0/abl_no_density/pred_fid/bio.csv
delta_r,hrf,hrf,abl_no_fd,continued,0,fid,density,pvbm,0.01535467799239576,-0.01739910367843602,0.04644379469039369,-0.05,pre-registered (DECISIONS 2026-09-17 13:30): tortuosity/density delta-r >= -0.05,ok,runs/pivot/hrf/seed0/abl_no_fd/pred_fid/bio.csv
delta_bias_sigma,hrf,hrf,abl_no_fd,continued,0,fid,density,pvbm,-0.34909821730298374,,,0.25,pre-registered (DECISIONS 2026-09-17 13:30): |delta bias| <= 0.25 sigma,BREACH,runs/pivot/hrf/seed0/abl_no_fd/pred_fid/bio.csv
delta_r,hrf,hrf,abl_no_length,continued,0,fid,density,pvbm,0.024677195101041494,-0.008437661007344341,0.05622695865342539,-0.05,pre-registered (DECISIONS 2026-09-17 13:30): tortuosity/density delta-r >= -0.05,ok,runs/pivot/hrf/seed0/abl_no_length/pred_fid/bio.csv
delta_bias_sigma,hrf,hrf,abl_no_length,continued,0,fid,density,pvbm,-0.0992912090977014,,,0.25,pre-registered (DECISIONS 2026-09-17 13:30): |delta bias| <= 0.25 sigma,ok,runs/pivot/hrf/seed0/abl_no_length/pred_fid/bio.csv
delta_r,hrf,hrf,cfloss,continued,0,fid,density,pvbm,0.024677195101041494,-0.008437661007344341,0.05622695865342539,-0.05,pre-registered (DECISIONS 2026-09-17 13:30): tortuosity/density delta-r >= -0.05,ok,runs/pivot/hrf/seed0/cfloss/pred_fid/bio.csv
delta_bias_sigma,hrf,hrf,cfloss,continued,0,fid,density,pvbm,-0.0992912090977014,,,0.25,pre-registered (DECISIONS 2026-09-17 13:30): |delta bias| <= 0.25 sigma,ok,runs/pivot/hrf/seed0/cfloss/pred_fid/bio.csv
delta_r,hrf,hrf,cfloss,continued,1,fid,density,pvbm,-0.029164126849063665,-0.08186945005767186,0.024896635363205712,-0.05,pre-registered (DECISIONS 2026-09-17 13:30): tortuosity/density delta-r >= -0.05,AT-RISK,runs/pivot/hrf/seed1/cfloss/pred_fid/bio.csv
delta_bias_sigma,hrf,hrf,cfloss,continued,1,fid,density,pvbm,-0.25903143537788054,,,0.25,pre-registered (DECISIONS 2026-09-17 13:30): |delta bias| <= 0.25 sigma,BREACH,runs/pivot/hrf/seed1/cfloss/pred_fid/bio.csv
delta_r,hrf,hrf,cfloss,continued,2,fid,density,pvbm,0.008196548226574452,-0.0270039364061251,0.048162365682211127,-0.05,pre-registered (DECISIONS 2026-09-17 13:30): tortuosity/density delta-r >= -0.05,ok,runs/pivot/hrf/seed2/cfloss/pred_fid/bio.csv
delta_bias_sigma,hrf,hrf,cfloss,continued,2,fid,density,pvbm,0.019745467504009157,,,0.25,pre-registered (DECISIONS 2026-09-17 13:30): |delta bias| <= 0.25 sigma,ok,runs/pivot/hrf/seed2/cfloss/pred_fid/bio.csv
delta_r,hrf,hrf,reliseg,continued,0,fid,density,pvbm,0.00039220166104858567,-0.03123722519830177,0.03546729181414099,-0.05,pre-registered (DECISIONS 2026-09-17 13:30): tortuosity/density delta-r >= -0.05,ok,runs/pivot/hrf/seed0/reliseg/pred_fid/bio.csv
delta_bias_sigma,hrf,hrf,reliseg,continued,0,fid,density,pvbm,-0.1388528013012169,,,0.25,pre-registered (DECISIONS 2026-09-17 13:30): |delta bias| <= 0.25 sigma,ok,runs/pivot/hrf/seed0/reliseg/pred_fid/bio.csv
delta_r,hrf,hrf,reliseg,continued,1,fid,density,pvbm,0.009115480914617224,-0.02086128782250094,0.040023476879944085,-0.05,pre-registered (DECISIONS 2026-09-17 13:30): tortuosity/density delta-r >= -0.05,ok,runs/pivot/hrf/seed1/reliseg/pred_fid/bio.csv
delta_bias_sigma,hrf,hrf,reliseg,continued,1,fid,density,pvbm,-0.1961922252865307,,,0.25,pre-registered (DECISIONS 2026-09-17 13:30): |delta bias| <= 0.25 sigma,ok,runs/pivot/hrf/seed1/reliseg/pred_fid/bio.csv
delta_r,hrf,hrf,reliseg,continued,2,fid,density,pvbm,0.024021982727345903,-0.024719892978232193,0.07756127215593103,-0.05,pre-registered (DECISIONS 2026-09-17 13:30): tortuosity/density delta-r >= -0.05,ok,runs/pivot/hrf/seed2/reliseg/pred_fid/bio.csv
delta_bias_sigma,hrf,hrf,reliseg,continued,2,fid,density,pvbm,0.030426814181152867,,,0.25,pre-registered (DECISIONS 2026-09-17 13:30): |delta bias| <= 0.25 sigma,ok,runs/pivot/hrf/seed2/reliseg/pred_fid/bio.csv
delta_r,hrf,hrf,reliseg_nocl,continued,0,fid,density,pvbm,-0.012481970077065974,-0.052235333885387994,0.020583387110791284,-0.05,pre-registered (DECISIONS 2026-09-17 13:30): tortuosity/density delta-r >= -0.05,AT-RISK,runs/pivot/hrf/seed0/reliseg_nocl/pred_fid/bio.csv
delta_bias_sigma,hrf,hrf,reliseg_nocl,continued,0,fid,density,pvbm,-0.14916842379009965,,,0.25,pre-registered (DECISIONS 2026-09-17 13:30): |delta bias| <= 0.25 sigma,ok,runs/pivot/hrf/seed0/reliseg_nocl/pred_fid/bio.csv
delta_r,hrf,hrf,reliseg_nocl,continued,1,fid,density,pvbm,-0.009614152214169835,-0.037712246189648746,0.014054244995729883,-0.05,pre-registered (DECISIONS 2026-09-17 13:30): tortuosity/density delta-r >= -0.05,ok,runs/pivot/hrf/seed1/reliseg_nocl/pred_fid/bio.csv
delta_bias_sigma,hrf,hrf,reliseg_nocl,continued,1,fid,density,pvbm,-0.34583144358494483,,,0.25,pre-registered (DECISIONS 2026-09-17 13:30): |delta bias| <= 0.25 sigma,BREACH,runs/pivot/hrf/seed1/reliseg_nocl/pred_fid/bio.csv
delta_r,hrf,hrf,reliseg_nocl,continued,2,fid,density,pvbm,0.010525761201295447,-0.03640009306988629,0.059979106648075244,-0.05,pre-registered (DECISIONS 2026-09-17 13:30): tortuosity/density delta-r >= -0.05,ok,runs/pivot/hrf/seed2/reliseg_nocl/pred_fid/bio.csv
delta_bias_sigma,hrf,hrf,reliseg_nocl,continued,2,fid,density,pvbm,-0.11773950607515889,,,0.25,pre-registered (DECISIONS 2026-09-17 13:30): |delta bias| <= 0.25 sigma,ok,runs/pivot/hrf/seed2/reliseg_nocl/pred_fid/bio.csv
delta_r,hrf,hrf,cfloss,continued,"pooled(0,1,2)",fid,density,pvbm,0.0012365388261840933,-0.026838941635542225,0.027245984279908955,-0.05,pre-registered (DECISIONS 2026-09-17 13:30): tortuosity/density delta-r >= -0.05,ok,"runs/pivot/hrf/seed{0,1,2}/cfloss/pred_fid/bio.csv"
delta_bias_sigma,hrf,hrf,cfloss,continued,"pooled(0,1,2)",fid,density,pvbm,-0.11285905899052424,,,0.25,pre-registered (DECISIONS 2026-09-17 13:30): |delta bias| <= 0.25 sigma,ok,"runs/pivot/hrf/seed{0,1,2}/cfloss/pred_fid/bio.csv"
delta_r,hrf,hrf,reliseg,continued,"pooled(0,1,2)",fid,density,pvbm,0.011176555101003904,-0.011462702009659398,0.03523923390226329,-0.05,pre-registered (DECISIONS 2026-09-17 13:30): tortuosity/density delta-r >= -0.05,ok,"runs/pivot/hrf/seed{0,1,2}/reliseg/pred_fid/bio.csv"
delta_bias_sigma,hrf,hrf,reliseg,continued,"pooled(0,1,2)",fid,density,pvbm,-0.10153940413553157,,,0.25,pre-registered (DECISIONS 2026-09-17 13:30): |delta bias| <= 0.25 sigma,ok,"runs/pivot/hrf/seed{0,1,2}/reliseg/pred_fid/bio.csv"
delta_r,hrf,hrf,reliseg_nocl,continued,"pooled(0,1,2)",fid,density,pvbm,-0.003856787029980121,-0.027563043648046848,0.015064370259006908,-0.05,pre-registered (DECISIONS 2026-09-17 13:30): tortuosity/density delta-r >= -0.05,ok,"runs/pivot/hrf/seed{0,1,2}/reliseg_nocl/pred_fid/bio.csv"
delta_bias_sigma,hrf,hrf,reliseg_nocl,continued,"pooled(0,1,2)",fid,density,pvbm,-0.20424645781673445,,,0.25,pre-registered (DECISIONS 2026-09-17 13:30): |delta bias| <= 0.25 sigma,ok,"runs/pivot/hrf/seed{0,1,2}/reliseg_nocl/pred_fid/bio.csv"
delta_r,hrf,hrf,abl_cf_matched,baseline,0,fid,density,skan,-0.008865204396328319,-0.03104704388738074,0.011326392166032321,-0.05,pre-registered (DECISIONS 2026-09-17 13:30): tortuosity/density delta-r >= -0.05,ok,runs/pivot/hrf/seed0/abl_cf_matched/pred_fid/bio.csv
delta_bias_sigma,hrf,hrf,abl_cf_matched,baseline,0,fid,density,skan,-0.13461882088146143,,,0.25,pre-registered (DECISIONS 2026-09-17 13:30): |delta bias| <= 0.25 sigma,ok,runs/pivot/hrf/seed0/abl_cf_matched/pred_fid/bio.csv
delta_r,hrf,hrf,abl_cf_on_base,baseline,0,fid,density,skan,0.005655127402661608,-0.01983722255959605,0.03299981052179254,-0.05,pre-registered (DECISIONS 2026-09-17 13:30): tortuosity/density delta-r >= -0.05,ok,runs/pivot/hrf/seed0/abl_cf_on_base/pred_fid/bio.csv
delta_bias_sigma,hrf,hrf,abl_cf_on_base,baseline,0,fid,density,skan,0.05604431915869795,,,0.25,pre-registered (DECISIONS 2026-09-17 13:30): |delta bias| <= 0.25 sigma,ok,runs/pivot/hrf/seed0/abl_cf_on_base/pred_fid/bio.csv
delta_r,hrf,hrf,abl_density_only,baseline,0,fid,density,skan,-0.044298581933156944,-0.0773538180669379,-0.0010107470679209464,-0.05,pre-registered (DECISIONS 2026-09-17 13:30): tortuosity/density delta-r >= -0.05,AT-RISK,runs/pivot/hrf/seed0/abl_density_only/pred_fid/bio.csv
delta_bias_sigma,hrf,hrf,abl_density_only,baseline,0,fid,density,skan,0.012025178029914207,,,0.25,pre-registered (DECISIONS 2026-09-17 13:30): |delta bias| <= 0.25 sigma,ok,runs/pivot/hrf/seed0/abl_density_only/pred_fid/bio.csv
delta_r,hrf,hrf,abl_fd_only,baseline,0,fid,density,skan,-0.021532179868659074,-0.05559833247808134,0.011237838013286547,-0.05,pre-registered (DECISIONS 2026-09-17 13:30): tortuosity/density delta-r >= -0.05,AT-RISK,runs/pivot/hrf/seed0/abl_fd_only/pred_fid/bio.csv
delta_bias_sigma,hrf,hrf,abl_fd_only,baseline,0,fid,density,skan,-0.010301782885837718,,,0.25,pre-registered (DECISIONS 2026-09-17 13:30): |delta bias| <= 0.25 sigma,ok,runs/pivot/hrf/seed0/abl_fd_only/pred_fid/bio.csv
delta_r,hrf,hrf,abl_fixed_ladder,baseline,0,fid,density,skan,-0.019236821535387194,-0.06614851865739718,0.03581425073797023,-0.05,pre-registered (DECISIONS 2026-09-17 13:30): tortuosity/density delta-r >= -0.05,AT-RISK,runs/pivot/hrf/seed0/abl_fixed_ladder/pred_fid/bio.csv
delta_bias_sigma,hrf,hrf,abl_fixed_ladder,baseline,0,fid,density,skan,-0.2460326716878392,,,0.25,pre-registered (DECISIONS 2026-09-17 13:30): |delta bias| <= 0.25 sigma,ok,runs/pivot/hrf/seed0/abl_fixed_ladder/pred_fid/bio.csv
delta_r,hrf,hrf,abl_length_only,baseline,0,fid,density,skan,0.00034709238265340225,-0.05831243635847868,0.07267955489996597,-0.05,pre-registered (DECISIONS 2026-09-17 13:30): tortuosity/density delta-r >= -0.05,AT-RISK,runs/pivot/hrf/seed0/abl_length_only/pred_fid/bio.csv
delta_bias_sigma,hrf,hrf,abl_length_only,baseline,0,fid,density,skan,0.15249371242316523,,,0.25,pre-registered (DECISIONS 2026-09-17 13:30): |delta bias| <= 0.25 sigma,ok,runs/pivot/hrf/seed0/abl_length_only/pred_fid/bio.csv
delta_r,hrf,hrf,abl_no_density,baseline,0,fid,density,skan,-0.013652167591712061,-0.06153816696590955,0.04152755927918047,-0.05,pre-registered (DECISIONS 2026-09-17 13:30): tortuosity/density delta-r >= -0.05,AT-RISK,runs/pivot/hrf/seed0/abl_no_density/pred_fid/bio.csv
delta_bias_sigma,hrf,hrf,abl_no_density,baseline,0,fid,density,skan,0.08293934291788774,,,0.25,pre-registered (DECISIONS 2026-09-17 13:30): |delta bias| <= 0.25 sigma,ok,runs/pivot/hrf/seed0/abl_no_density/pred_fid/bio.csv
delta_r,hrf,hrf,abl_no_fd,baseline,0,fid,density,skan,-0.009322517108645734,-0.051450071669136746,0.037384459663295656,-0.05,pre-registered (DECISIONS 2026-09-17 13:30): tortuosity/density delta-r >= -0.05,AT-RISK,runs/pivot/hrf/seed0/abl_no_fd/pred_fid/bio.csv
delta_bias_sigma,hrf,hrf,abl_no_fd,baseline,0,fid,density,skan,-0.24980700820528232,,,0.25,pre-registered (DECISIONS 2026-09-17 13:30): |delta bias| <= 0.25 sigma,ok,runs/pivot/hrf/seed0/abl_no_fd/pred_fid/bio.csv
delta_r,hrf,hrf,abl_no_length,baseline,0,fid,density,skan,0.0,0.0,0.0,-0.05,pre-registered (DECISIONS 2026-09-17 13:30): tortuosity/density delta-r >= -0.05,ok,runs/pivot/hrf/seed0/abl_no_length/pred_fid/bio.csv
delta_bias_sigma,hrf,hrf,abl_no_length,baseline,0,fid,density,skan,0.0,,,0.25,pre-registered (DECISIONS 2026-09-17 13:30): |delta bias| <= 0.25 sigma,ok,runs/pivot/hrf/seed0/abl_no_length/pred_fid/bio.csv
delta_r,hrf,hrf,cfloss,baseline,0,fid,density,skan,0.0,0.0,0.0,-0.05,pre-registered (DECISIONS 2026-09-17 13:30): tortuosity/density delta-r >= -0.05,ok,runs/pivot/hrf/seed0/cfloss/pred_fid/bio.csv
delta_bias_sigma,hrf,hrf,cfloss,baseline,0,fid,density,skan,0.0,,,0.25,pre-registered (DECISIONS 2026-09-17 13:30): |delta bias| <= 0.25 sigma,ok,runs/pivot/hrf/seed0/cfloss/pred_fid/bio.csv
delta_r,hrf,hrf,cfloss,baseline,1,fid,density,skan,0.0,0.0,0.0,-0.05,pre-registered (DECISIONS 2026-09-17 13:30): tortuosity/density delta-r >= -0.05,ok,runs/pivot/hrf/seed1/cfloss/pred_fid/bio.csv
delta_bias_sigma,hrf,hrf,cfloss,baseline,1,fid,density,skan,0.0,,,0.25,pre-registered (DECISIONS 2026-09-17 13:30): |delta bias| <= 0.25 sigma,ok,runs/pivot/hrf/seed1/cfloss/pred_fid/bio.csv
delta_r,hrf,hrf,cfloss,baseline,2,fid,density,skan,0.0,0.0,0.0,-0.05,pre-registered (DECISIONS 2026-09-17 13:30): tortuosity/density delta-r >= -0.05,ok,runs/pivot/hrf/seed2/cfloss/pred_fid/bio.csv
delta_bias_sigma,hrf,hrf,cfloss,baseline,2,fid,density,skan,0.0,,,0.25,pre-registered (DECISIONS 2026-09-17 13:30): |delta bias| <= 0.25 sigma,ok,runs/pivot/hrf/seed2/cfloss/pred_fid/bio.csv
delta_r,hrf,hrf,continued,baseline,0,fid,density,skan,-0.024677195101041494,-0.05622695865342541,0.008437661007344322,-0.05,pre-registered (DECISIONS 2026-09-17 13:30): tortuosity/density delta-r >= -0.05,AT-RISK,runs/pivot/hrf/seed0/continued/pred_fid/bio.csv
delta_bias_sigma,hrf,hrf,continued,baseline,0,fid,density,skan,0.0992912090977014,,,0.25,pre-registered (DECISIONS 2026-09-17 13:30): |delta bias| <= 0.25 sigma,ok,runs/pivot/hrf/seed0/continued/pred_fid/bio.csv
delta_r,hrf,hrf,continued,baseline,1,fid,density,skan,0.029164126849063665,-0.024896635363205723,0.08186945005767177,-0.05,pre-registered (DECISIONS 2026-09-17 13:30): tortuosity/density delta-r >= -0.05,ok,runs/pivot/hrf/seed1/continued/pred_fid/bio.csv
delta_bias_sigma,hrf,hrf,continued,baseline,1,fid,density,skan,0.25903143537788054,,,0.25,pre-registered (DECISIONS 2026-09-17 13:30): |delta bias| <= 0.25 sigma,BREACH,runs/pivot/hrf/seed1/continued/pred_fid/bio.csv
delta_r,hrf,hrf,continued,baseline,2,fid,density,skan,-0.008196548226574452,-0.04816236568221114,0.027003936406125098,-0.05,pre-registered (DECISIONS 2026-09-17 13:30): tortuosity/density delta-r >= -0.05,ok,runs/pivot/hrf/seed2/continued/pred_fid/bio.csv
delta_bias_sigma,hrf,hrf,continued,baseline,2,fid,density,skan,-0.019745467504009157,,,0.25,pre-registered (DECISIONS 2026-09-17 13:30): |delta bias| <= 0.25 sigma,ok,runs/pivot/hrf/seed2/continued/pred_fid/bio.csv
delta_r,hrf,hrf,reliseg,baseline,0,fid,density,skan,-0.024284993439992908,-0.056106877181249695,0.01961642986245842,-0.05,pre-registered (DECISIONS 2026-09-17 13:30): tortuosity/density delta-r >= -0.05,AT-RISK,runs/pivot/hrf/seed0/reliseg/pred_fid/bio.csv
delta_bias_sigma,hrf,hrf,reliseg,baseline,0,fid,density,skan,-0.039561592203515517,,,0.25,pre-registered (DECISIONS 2026-09-17 13:30): |delta bias| <= 0.25 sigma,ok,runs/pivot/hrf/seed0/reliseg/pred_fid/bio.csv
delta_r,hrf,hrf,reliseg,baseline,1,fid,density,skan,0.03827960776368089,-0.033449185361706844,0.10472776338549951,-0.05,pre-registered (DECISIONS 2026-09-17 13:30): tortuosity/density delta-r >= -0.05,ok,runs/pivot/hrf/seed1/reliseg/pred_fid/bio.csv
delta_bias_sigma,hrf,hrf,reliseg,baseline,1,fid,density,skan,0.0628392100913498,,,0.25,pre-registered (DECISIONS 2026-09-17 13:30): |delta bias| <= 0.25 sigma,ok,runs/pivot/hrf/seed1/reliseg/pred_fid/bio.csv
delta_r,hrf,hrf,reliseg,baseline,2,fid,density,skan,0.01582543450077145,-0.0404157602666309,0.07963584676482968,-0.05,pre-registered (DECISIONS 2026-09-17 13:30): tortuosity/density delta-r >= -0.05,ok,runs/pivot/hrf/seed2/reliseg/pred_fid/bio.csv
delta_bias_sigma,hrf,hrf,reliseg,baseline,2,fid,density,skan,0.01068134667714371,,,0.25,pre-registered (DECISIONS 2026-09-17 13:30): |delta bias| <= 0.25 sigma,ok,runs/pivot/hrf/seed2/reliseg/pred_fid/bio.csv
delta_r,hrf,hrf,reliseg_nocl,baseline,0,fid,density,skan,-0.03715916517810747,-0.08109886692836087,0.0030988458302056154,-0.05,pre-registered (DECISIONS 2026-09-17 13:30): tortuosity/density delta-r >= -0.05,AT-RISK,runs/pivot/hrf/seed0/reliseg_nocl/pred_fid/bio.csv
delta_bias_sigma,hrf,hrf,reliseg_nocl,baseline,0,fid,density,skan,-0.04987721469239825,,,0.25,pre-registered (DECISIONS 2026-09-17 13:30): |delta bias| <= 0.25 sigma,ok,runs/pivot/hrf/seed0/reliseg_nocl/pred_fid/bio.csv
delta_r,hrf,hrf,reliseg_nocl,baseline,1,fid,density,skan,0.01954997463489383,-0.03750499008261567,0.0723760900524325,-0.05,pre-registered (DECISIONS 2026-09-17 13:30): tortuosity/density delta-r >= -0.05,ok,runs/pivot/hrf/seed1/reliseg_nocl/pred_fid/bio.csv
delta_bias_sigma,hrf,hrf,reliseg_nocl,baseline,1,fid,density,skan,-0.08680000820706435,,,0.25,pre-registered (DECISIONS 2026-09-17 13:30): |delta bias| <= 0.25 sigma,ok,runs/pivot/hrf/seed1/reliseg_nocl/pred_fid/bio.csv
delta_r,hrf,hrf,reliseg_nocl,baseline,2,fid,density,skan,0.0023292129747209955,-0.05857366965747511,0.06983402791585652,-0.05,pre-registered (DECISIONS 2026-09-17 13:30): tortuosity/density delta-r >= -0.05,AT-RISK,runs/pivot/hrf/seed2/reliseg_nocl/pred_fid/bio.csv
delta_bias_sigma,hrf,hrf,reliseg_nocl,baseline,2,fid,density,skan,-0.13748497357916806,,,0.25,pre-registered (DECISIONS 2026-09-17 13:30): |delta bias| <= 0.25 sigma,ok,runs/pivot/hrf/seed2/reliseg_nocl/pred_fid/bio.csv
delta_r,hrf,hrf,cfloss,baseline,"pooled(0,1,2)",fid,density,skan,0.0,0.0,0.0,-0.05,pre-registered (DECISIONS 2026-09-17 13:30): tortuosity/density delta-r >= -0.05,ok,"runs/pivot/hrf/seed{0,1,2}/cfloss/pred_fid/bio.csv"
delta_bias_sigma,hrf,hrf,cfloss,baseline,"pooled(0,1,2)",fid,density,skan,0.0,,,0.25,pre-registered (DECISIONS 2026-09-17 13:30): |delta bias| <= 0.25 sigma,ok,"runs/pivot/hrf/seed{0,1,2}/cfloss/pred_fid/bio.csv"
delta_r,hrf,hrf,continued,baseline,"pooled(0,1,2)",fid,density,skan,-0.0012365388261840933,-0.02724598427990896,0.0268389416355422,-0.05,pre-registered (DECISIONS 2026-09-17 13:30): tortuosity/density delta-r >= -0.05,ok,"runs/pivot/hrf/seed{0,1,2}/continued/pred_fid/bio.csv"
delta_bias_sigma,hrf,hrf,continued,baseline,"pooled(0,1,2)",fid,density,skan,0.11285905899052424,,,0.25,pre-registered (DECISIONS 2026-09-17 13:30): |delta bias| <= 0.25 sigma,ok,"runs/pivot/hrf/seed{0,1,2}/continued/pred_fid/bio.csv"
delta_r,hrf,hrf,reliseg,baseline,"pooled(0,1,2)",fid,density,skan,0.00994001627481981,-0.0221177715483266,0.048557807440036176,-0.05,pre-registered (DECISIONS 2026-09-17 13:30): tortuosity/density delta-r >= -0.05,ok,"runs/pivot/hrf/seed{0,1,2}/reliseg/pred_fid/bio.csv"
delta_bias_sigma,hrf,hrf,reliseg,baseline,"pooled(0,1,2)",fid,density,skan,0.011319654854992664,,,0.25,pre-registered (DECISIONS 2026-09-17 13:30): |delta bias| <= 0.25 sigma,ok,"runs/pivot/hrf/seed{0,1,2}/reliseg/pred_fid/bio.csv"
delta_r,hrf,hrf,reliseg_nocl,baseline,"pooled(0,1,2)",fid,density,skan,-0.005093325856164214,-0.03983616039185271,0.02903042942048933,-0.05,pre-registered (DECISIONS 2026-09-17 13:30): tortuosity/density delta-r >= -0.05,ok,"runs/pivot/hrf/seed{0,1,2}/reliseg_nocl/pred_fid/bio.csv"
delta_bias_sigma,hrf,hrf,reliseg_nocl,baseline,"pooled(0,1,2)",fid,density,skan,-0.09138739882621022,,,0.25,pre-registered (DECISIONS 2026-09-17 13:30): |delta bias| <= 0.25 sigma,ok,"runs/pivot/hrf/seed{0,1,2}/reliseg_nocl/pred_fid/bio.csv"
delta_r,hrf,hrf,abl_cf_matched,continued,0,fid,density,skan,0.015811990704713175,-0.012014993421287123,0.0383517718058592,-0.05,pre-registered (DECISIONS 2026-09-17 13:30): tortuosity/density delta-r >= -0.05,ok,runs/pivot/hrf/seed0/abl_cf_matched/pred_fid/bio.csv
delta_bias_sigma,hrf,hrf,abl_cf_matched,continued,0,fid,density,skan,-0.23391002997916283,,,0.25,pre-registered (DECISIONS 2026-09-17 13:30): |delta bias| <= 0.25 sigma,ok,runs/pivot/hrf/seed0/abl_cf_matched/pred_fid/bio.csv
delta_r,hrf,hrf,abl_cf_on_base,continued,0,fid,density,skan,0.030332322503703102,-0.0035649109437668326,0.062449585225073254,-0.05,pre-registered (DECISIONS 2026-09-17 13:30): tortuosity/density delta-r >= -0.05,ok,runs/pivot/hrf/seed0/abl_cf_on_base/pred_fid/bio.csv
delta_bias_sigma,hrf,hrf,abl_cf_on_base,continued,0,fid,density,skan,-0.04324688993900344,,,0.25,pre-registered (DECISIONS 2026-09-17 13:30): |delta bias| <= 0.25 sigma,ok,runs/pivot/hrf/seed0/abl_cf_on_base/pred_fid/bio.csv
delta_r,hrf,hrf,abl_density_only,continued,0,fid,density,skan,-0.01962138683211545,-0.04652143804723805,0.012199357843040532,-0.05,pre-registered (DECISIONS 2026-09-17 13:30): tortuosity/density delta-r >= -0.05,ok,runs/pivot/hrf/seed0/abl_density_only/pred_fid/bio.csv
delta_bias_sigma,hrf,hrf,abl_density_only,continued,0,fid,density,skan,-0.08726603106778719,,,0.25,pre-registered (DECISIONS 2026-09-17 13:30): |delta bias| <= 0.25 sigma,ok,runs/pivot/hrf/seed0/abl_density_only/pred_fid/bio.csv
delta_r,hrf,hrf,abl_fd_only,continued,0,fid,density,skan,0.00314501523238242,-0.02235362582049196,0.025362771443408056,-0.05,pre-registered (DECISIONS 2026-09-17 13:30): tortuosity/density delta-r >= -0.05,ok,runs/pivot/hrf/seed0/abl_fd_only/pred_fid/bio.csv
delta_bias_sigma,hrf,hrf,abl_fd_only,continued,0,fid,density,skan,-0.10959299198353911,,,0.25,pre-registered (DECISIONS 2026-09-17 13:30): |delta bias| <= 0.25 sigma,ok,runs/pivot/hrf/seed0/abl_fd_only/pred_fid/bio.csv
delta_r,hrf,hrf,abl_fixed_ladder,continued,0,fid,density,skan,0.0054403735656542995,-0.024774988648650232,0.03852674365476775,-0.05,pre-registered (DECISIONS 2026-09-17 13:30): tortuosity/density delta-r >= -0.05,ok,runs/pivot/hrf/seed0/abl_fixed_ladder/pred_fid/bio.csv
delta_bias_sigma,hrf,hrf,abl_fixed_ladder,continued,0,fid,density,skan,-0.3453238807855406,,,0.25,pre-registered (DECISIONS 2026-09-17 13:30): |delta bias| <= 0.25 sigma,BREACH,runs/pivot/hrf/seed0/abl_fixed_ladder/pred_fid/bio.csv
delta_r,hrf,hrf,abl_length_only,continued,0,fid,density,skan,0.025024287483694896,-0.017073384950235946,0.0749213166207778,-0.05,pre-registered (DECISIONS 2026-09-17 13:30): tortuosity/density delta-r >= -0.05,ok,runs/pivot/hrf/seed0/abl_length_only/pred_fid/bio.csv
delta_bias_sigma,hrf,hrf,abl_length_only,continued,0,fid,density,skan,0.053202503325463835,,,0.25,pre-registered (DECISIONS 2026-09-17 13:30): |delta bias| <= 0.25 sigma,ok,runs/pivot/hrf/seed0/abl_length_only/pred_fid/bio.csv
delta_r,hrf,hrf,abl_no_density,continued,0,fid,density,skan,0.011025027509329433,-0.02749238992601079,0.04938418954828871,-0.05,pre-registered (DECISIONS 2026-09-17 13:30): tortuosity/density delta-r >= -0.05,ok,runs/pivot/hrf/seed0/abl_no_density/pred_fid/bio.csv
delta_bias_sigma,hrf,hrf,abl_no_density,continued,0,fid,density,skan,-0.016351866179813657,,,0.25,pre-registered (DECISIONS 2026-09-17 13:30): |delta bias| <= 0.25 sigma,ok,runs/pivot/hrf/seed0/abl_no_density/pred_fid/bio.csv
delta_r,hrf,hrf,abl_no_fd,continued,0,fid,density,skan,0.01535467799239576,-0.01739910367843602,0.04644379469039369,-0.05,pre-registered (DECISIONS 2026-09-17 13:30): tortuosity/density delta-r >= -0.05,ok,runs/pivot/hrf/seed0/abl_no_fd/pred_fid/bio.csv
delta_bias_sigma,hrf,hrf,abl_no_fd,continued,0,fid,density,skan,-0.34909821730298374,,,0.25,pre-registered (DECISIONS 2026-09-17 13:30): |delta bias| <= 0.25 sigma,BREACH,runs/pivot/hrf/seed0/abl_no_fd/pred_fid/bio.csv
delta_r,hrf,hrf,abl_no_length,continued,0,fid,density,skan,0.024677195101041494,-0.008437661007344341,0.05622695865342539,-0.05,pre-registered (DECISIONS 2026-09-17 13:30): tortuosity/density delta-r >= -0.05,ok,runs/pivot/hrf/seed0/abl_no_length/pred_fid/bio.csv
delta_bias_sigma,hrf,hrf,abl_no_length,continued,0,fid,density,skan,-0.0992912090977014,,,0.25,pre-registered (DECISIONS 2026-09-17 13:30): |delta bias| <= 0.25 sigma,ok,runs/pivot/hrf/seed0/abl_no_length/pred_fid/bio.csv
delta_r,hrf,hrf,cfloss,continued,0,fid,density,skan,0.024677195101041494,-0.008437661007344341,0.05622695865342539,-0.05,pre-registered (DECISIONS 2026-09-17 13:30): tortuosity/density delta-r >= -0.05,ok,runs/pivot/hrf/seed0/cfloss/pred_fid/bio.csv
delta_bias_sigma,hrf,hrf,cfloss,continued,0,fid,density,skan,-0.0992912090977014,,,0.25,pre-registered (DECISIONS 2026-09-17 13:30): |delta bias| <= 0.25 sigma,ok,runs/pivot/hrf/seed0/cfloss/pred_fid/bio.csv
delta_r,hrf,hrf,cfloss,continued,1,fid,density,skan,-0.029164126849063665,-0.08186945005767186,0.024896635363205712,-0.05,pre-registered (DECISIONS 2026-09-17 13:30): tortuosity/density delta-r >= -0.05,AT-RISK,runs/pivot/hrf/seed1/cfloss/pred_fid/bio.csv
delta_bias_sigma,hrf,hrf,cfloss,continued,1,fid,density,skan,-0.25903143537788054,,,0.25,pre-registered (DECISIONS 2026-09-17 13:30): |delta bias| <= 0.25 sigma,BREACH,runs/pivot/hrf/seed1/cfloss/pred_fid/bio.csv
delta_r,hrf,hrf,cfloss,continued,2,fid,density,skan,0.008196548226574452,-0.0270039364061251,0.048162365682211127,-0.05,pre-registered (DECISIONS 2026-09-17 13:30): tortuosity/density delta-r >= -0.05,ok,runs/pivot/hrf/seed2/cfloss/pred_fid/bio.csv
delta_bias_sigma,hrf,hrf,cfloss,continued,2,fid,density,skan,0.019745467504009157,,,0.25,pre-registered (DECISIONS 2026-09-17 13:30): |delta bias| <= 0.25 sigma,ok,runs/pivot/hrf/seed2/cfloss/pred_fid/bio.csv
delta_r,hrf,hrf,reliseg,continued,0,fid,density,skan,0.00039220166104858567,-0.03123722519830177,0.03546729181414099,-0.05,pre-registered (DECISIONS 2026-09-17 13:30): tortuosity/density delta-r >= -0.05,ok,runs/pivot/hrf/seed0/reliseg/pred_fid/bio.csv
delta_bias_sigma,hrf,hrf,reliseg,continued,0,fid,density,skan,-0.1388528013012169,,,0.25,pre-registered (DECISIONS 2026-09-17 13:30): |delta bias| <= 0.25 sigma,ok,runs/pivot/hrf/seed0/reliseg/pred_fid/bio.csv
delta_r,hrf,hrf,reliseg,continued,1,fid,density,skan,0.009115480914617224,-0.02086128782250094,0.040023476879944085,-0.05,pre-registered (DECISIONS 2026-09-17 13:30): tortuosity/density delta-r >= -0.05,ok,runs/pivot/hrf/seed1/reliseg/pred_fid/bio.csv
delta_bias_sigma,hrf,hrf,reliseg,continued,1,fid,density,skan,-0.1961922252865307,,,0.25,pre-registered (DECISIONS 2026-09-17 13:30): |delta bias| <= 0.25 sigma,ok,runs/pivot/hrf/seed1/reliseg/pred_fid/bio.csv
delta_r,hrf,hrf,reliseg,continued,2,fid,density,skan,0.024021982727345903,-0.024719892978232193,0.07756127215593103,-0.05,pre-registered (DECISIONS 2026-09-17 13:30): tortuosity/density delta-r >= -0.05,ok,runs/pivot/hrf/seed2/reliseg/pred_fid/bio.csv
delta_bias_sigma,hrf,hrf,reliseg,continued,2,fid,density,skan,0.030426814181152867,,,0.25,pre-registered (DECISIONS 2026-09-17 13:30): |delta bias| <= 0.25 sigma,ok,runs/pivot/hrf/seed2/reliseg/pred_fid/bio.csv
delta_r,hrf,hrf,reliseg_nocl,continued,0,fid,density,skan,-0.012481970077065974,-0.052235333885387994,0.020583387110791284,-0.05,pre-registered (DECISIONS 2026-09-17 13:30): tortuosity/density delta-r >= -0.05,AT-RISK,runs/pivot/hrf/seed0/reliseg_nocl/pred_fid/bio.csv
delta_bias_sigma,hrf,hrf,reliseg_nocl,continued,0,fid,density,skan,-0.14916842379009965,,,0.25,pre-registered (DECISIONS 2026-09-17 13:30): |delta bias| <= 0.25 sigma,ok,runs/pivot/hrf/seed0/reliseg_nocl/pred_fid/bio.csv
delta_r,hrf,hrf,reliseg_nocl,continued,1,fid,density,skan,-0.009614152214169835,-0.037712246189648746,0.014054244995729883,-0.05,pre-registered (DECISIONS 2026-09-17 13:30): tortuosity/density delta-r >= -0.05,ok,runs/pivot/hrf/seed1/reliseg_nocl/pred_fid/bio.csv
delta_bias_sigma,hrf,hrf,reliseg_nocl,continued,1,fid,density,skan,-0.34583144358494483,,,0.25,pre-registered (DECISIONS 2026-09-17 13:30): |delta bias| <= 0.25 sigma,BREACH,runs/pivot/hrf/seed1/reliseg_nocl/pred_fid/bio.csv
delta_r,hrf,hrf,reliseg_nocl,continued,2,fid,density,skan,0.010525761201295447,-0.03640009306988629,0.059979106648075244,-0.05,pre-registered (DECISIONS 2026-09-17 13:30): tortuosity/density delta-r >= -0.05,ok,runs/pivot/hrf/seed2/reliseg_nocl/pred_fid/bio.csv
delta_bias_sigma,hrf,hrf,reliseg_nocl,continued,2,fid,density,skan,-0.11773950607515889,,,0.25,pre-registered (DECISIONS 2026-09-17 13:30): |delta bias| <= 0.25 sigma,ok,runs/pivot/hrf/seed2/reliseg_nocl/pred_fid/bio.csv
delta_r,hrf,hrf,cfloss,continued,"pooled(0,1,2)",fid,density,skan,0.0012365388261840933,-0.026838941635542225,0.027245984279908955,-0.05,pre-registered (DECISIONS 2026-09-17 13:30): tortuosity/density delta-r >= -0.05,ok,"runs/pivot/hrf/seed{0,1,2}/cfloss/pred_fid/bio.csv"
delta_bias_sigma,hrf,hrf,cfloss,continued,"pooled(0,1,2)",fid,density,skan,-0.11285905899052424,,,0.25,pre-registered (DECISIONS 2026-09-17 13:30): |delta bias| <= 0.25 sigma,ok,"runs/pivot/hrf/seed{0,1,2}/cfloss/pred_fid/bio.csv"
delta_r,hrf,hrf,reliseg,continued,"pooled(0,1,2)",fid,density,skan,0.011176555101003904,-0.011462702009659398,0.03523923390226329,-0.05,pre-registered (DECISIONS 2026-09-17 13:30): tortuosity/density delta-r >= -0.05,ok,"runs/pivot/hrf/seed{0,1,2}/reliseg/pred_fid/bio.csv"
delta_bias_sigma,hrf,hrf,reliseg,continued,"pooled(0,1,2)",fid,density,skan,-0.10153940413553157,,,0.25,pre-registered (DECISIONS 2026-09-17 13:30): |delta bias| <= 0.25 sigma,ok,"runs/pivot/hrf/seed{0,1,2}/reliseg/pred_fid/bio.csv"
delta_r,hrf,hrf,reliseg_nocl,continued,"pooled(0,1,2)",fid,density,skan,-0.003856787029980121,-0.027563043648046848,0.015064370259006908,-0.05,pre-registered (DECISIONS 2026-09-17 13:30): tortuosity/density delta-r >= -0.05,ok,"runs/pivot/hrf/seed{0,1,2}/reliseg_nocl/pred_fid/bio.csv"
delta_bias_sigma,hrf,hrf,reliseg_nocl,continued,"pooled(0,1,2)",fid,density,skan,-0.20424645781673445,,,0.25,pre-registered (DECISIONS 2026-09-17 13:30): |delta bias| <= 0.25 sigma,ok,"runs/pivot/hrf/seed{0,1,2}/reliseg_nocl/pred_fid/bio.csv"
delta_r,hrf,hrf,abl_cf_matched,baseline,0,last,tortuosity,pvbm,-0.03624895416930429,-0.16465082808066508,0.048541823198767514,-0.05,pre-registered (DECISIONS 2026-09-17 13:30): tortuosity/density delta-r >= -0.05,AT-RISK,runs/pivot/hrf/seed0/abl_cf_matched/pred/bio.csv
delta_bias_sigma,hrf,hrf,abl_cf_matched,baseline,0,last,tortuosity,pvbm,0.02862771187427482,,,0.25,pre-registered (DECISIONS 2026-09-17 13:30): |delta bias| <= 0.25 sigma,ok,runs/pivot/hrf/seed0/abl_cf_matched/pred/bio.csv
delta_r,hrf,hrf,abl_cf_on_base,baseline,0,last,tortuosity,pvbm,-0.03745441285418005,-0.15378530201910545,0.015796640258676407,-0.05,pre-registered (DECISIONS 2026-09-17 13:30): tortuosity/density delta-r >= -0.05,AT-RISK,runs/pivot/hrf/seed0/abl_cf_on_base/pred/bio.csv
delta_bias_sigma,hrf,hrf,abl_cf_on_base,baseline,0,last,tortuosity,pvbm,-0.02752726873993705,,,0.25,pre-registered (DECISIONS 2026-09-17 13:30): |delta bias| <= 0.25 sigma,ok,runs/pivot/hrf/seed0/abl_cf_on_base/pred/bio.csv
delta_r,hrf,hrf,abl_density_only,baseline,0,last,tortuosity,pvbm,-0.0012427663560039548,-0.0926027928381985,0.0971813637410043,-0.05,pre-registered (DECISIONS 2026-09-17 13:30): tortuosity/density delta-r >= -0.05,AT-RISK,runs/pivot/hrf/seed0/abl_density_only/pred/bio.csv
delta_bias_sigma,hrf,hrf,abl_density_only,baseline,0,last,tortuosity,pvbm,0.04405149076788195,,,0.25,pre-registered (DECISIONS 2026-09-17 13:30): |delta bias| <= 0.25 sigma,ok,runs/pivot/hrf/seed0/abl_density_only/pred/bio.csv
delta_r,hrf,hrf,abl_fd_only,baseline,0,last,tortuosity,pvbm,0.005307235468573035,-0.06581133441644083,0.10282839394607493,-0.05,pre-registered (DECISIONS 2026-09-17 13:30): tortuosity/density delta-r >= -0.05,AT-RISK,runs/pivot/hrf/seed0/abl_fd_only/pred/bio.csv
delta_bias_sigma,hrf,hrf,abl_fd_only,baseline,0,last,tortuosity,pvbm,0.2250994091019498,,,0.25,pre-registered (DECISIONS 2026-09-17 13:30): |delta bias| <= 0.25 sigma,ok,runs/pivot/hrf/seed0/abl_fd_only/pred/bio.csv
delta_r,hrf,hrf,abl_fixed_ladder,baseline,0,last,tortuosity,pvbm,-0.6496778360816494,-1.0140325901155076,-0.33111923324166115,-0.05,pre-registered (DECISIONS 2026-09-17 13:30): tortuosity/density delta-r >= -0.05,BREACH,runs/pivot/hrf/seed0/abl_fixed_ladder/pred/bio.csv
delta_bias_sigma,hrf,hrf,abl_fixed_ladder,baseline,0,last,tortuosity,pvbm,10.84426332220252,,,0.25,pre-registered (DECISIONS 2026-09-17 13:30): |delta bias| <= 0.25 sigma,BREACH,runs/pivot/hrf/seed0/abl_fixed_ladder/pred/bio.csv
delta_r,hrf,hrf,abl_length_only,baseline,0,last,tortuosity,pvbm,-0.07016506100844033,-0.3249533218861915,0.06487131315334327,-0.05,pre-registered (DECISIONS 2026-09-17 13:30): tortuosity/density delta-r >= -0.05,BREACH,runs/pivot/hrf/seed0/abl_length_only/pred/bio.csv
delta_bias_sigma,hrf,hrf,abl_length_only,baseline,0,last,tortuosity,pvbm,1.6237846002907539,,,0.25,pre-registered (DECISIONS 2026-09-17 13:30): |delta bias| <= 0.25 sigma,BREACH,runs/pivot/hrf/seed0/abl_length_only/pred/bio.csv
delta_r,hrf,hrf,abl_no_density,baseline,0,last,tortuosity,pvbm,-0.6605730391746966,-0.9568802565743478,-0.33796092353675294,-0.05,pre-registered (DECISIONS 2026-09-17 13:30): tortuosity/density delta-r >= -0.05,BREACH,runs/pivot/hrf/seed0/abl_no_density/pred/bio.csv
delta_bias_sigma,hrf,hrf,abl_no_density,baseline,0,last,tortuosity,pvbm,11.28452598024538,,,0.25,pre-registered (DECISIONS 2026-09-17 13:30): |delta bias| <= 0.25 sigma,BREACH,runs/pivot/hrf/seed0/abl_no_density/pred/bio.csv
delta_r,hrf,hrf,abl_no_fd,baseline,0,last,tortuosity,pvbm,-0.04459511861231358,-0.24165078067419932,0.07629950322788187,-0.05,pre-registered (DECISIONS 2026-09-17 13:30): tortuosity/density delta-r >= -0.05,AT-RISK,runs/pivot/hrf/seed0/abl_no_fd/pred/bio.csv
delta_bias_sigma,hrf,hrf,abl_no_fd,baseline,0,last,tortuosity,pvbm,2.884760006400191,,,0.25,pre-registered (DECISIONS 2026-09-17 13:30): |delta bias| <= 0.25 sigma,BREACH,runs/pivot/hrf/seed0/abl_no_fd/pred/bio.csv
delta_r,hrf,hrf,abl_no_length,baseline,0,last,tortuosity,pvbm,0.017947231303557576,-0.045589646840548836,0.11772991966064081,-0.05,pre-registered (DECISIONS 2026-09-17 13:30): tortuosity/density delta-r >= -0.05,ok,runs/pivot/hrf/seed0/abl_no_length/pred/bio.csv
delta_bias_sigma,hrf,hrf,abl_no_length,baseline,0,last,tortuosity,pvbm,0.2167356792652413,,,0.25,pre-registered (DECISIONS 2026-09-17 13:30): |delta bias| <= 0.25 sigma,ok,runs/pivot/hrf/seed0/abl_no_length/pred/bio.csv
delta_r,hrf,hrf,cfloss,baseline,0,last,tortuosity,pvbm,-0.07699712411438642,-0.2167290787534506,0.006652814075843213,-0.05,pre-registered (DECISIONS 2026-09-17 13:30): tortuosity/density delta-r >= -0.05,BREACH,runs/pivot/hrf/seed0/cfloss/pred/bio.csv
delta_bias_sigma,hrf,hrf,cfloss,baseline,0,last,tortuosity,pvbm,-0.0916854653038035,,,0.25,pre-registered (DECISIONS 2026-09-17 13:30): |delta bias| <= 0.25 sigma,ok,runs/pivot/hrf/seed0/cfloss/pred/bio.csv
delta_r,hrf,hrf,cfloss,baseline,1,last,tortuosity,pvbm,-0.089497030079846,-0.30968162138511357,0.0008319019645466053,-0.05,pre-registered (DECISIONS 2026-09-17 13:30): tortuosity/density delta-r >= -0.05,BREACH,runs/pivot/hrf/seed1/cfloss/pred/bio.csv
delta_bias_sigma,hrf,hrf,cfloss,baseline,1,last,tortuosity,pvbm,-0.025623397760089706,,,0.25,pre-registered (DECISIONS 2026-09-17 13:30): |delta bias| <= 0.25 sigma,ok,runs/pivot/hrf/seed1/cfloss/pred/bio.csv
delta_r,hrf,hrf,cfloss,baseline,2,last,tortuosity,pvbm,-0.04387321443994374,-0.16847073531751627,0.021110426445841095,-0.05,pre-registered (DECISIONS 2026-09-17 13:30): tortuosity/density delta-r >= -0.05,AT-RISK,runs/pivot/hrf/seed2/cfloss/pred/bio.csv
delta_bias_sigma,hrf,hrf,cfloss,baseline,2,last,tortuosity,pvbm,-0.06782524344339924,,,0.25,pre-registered (DECISIONS 2026-09-17 13:30): |delta bias| <= 0.25 sigma,ok,runs/pivot/hrf/seed2/cfloss/pred/bio.csv
delta_r,hrf,hrf,continued,baseline,0,last,tortuosity,pvbm,-0.04927282346302331,-0.2025534675551387,0.016903424137583993,-0.05,pre-registered (DECISIONS 2026-09-17 13:30): tortuosity/density delta-r >= -0.05,AT-RISK,runs/pivot/hrf/seed0/continued/pred/bio.csv
delta_bias_sigma,hrf,hrf,continued,baseline,0,last,tortuosity,pvbm,0.13550177964243337,,,0.25,pre-registered (DECISIONS 2026-09-17 13:30): |delta bias| <= 0.25 sigma,ok,runs/pivot/hrf/seed0/continued/pred/bio.csv
delta_r,hrf,hrf,continued,baseline,1,last,tortuosity,pvbm,0.014543392680720801,-0.05824488851102214,0.1344978184685061,-0.05,pre-registered (DECISIONS 2026-09-17 13:30): tortuosity/density delta-r >= -0.05,AT-RISK,runs/pivot/hrf/seed1/continued/pred/bio.csv
delta_bias_sigma,hrf,hrf,continued,baseline,1,last,tortuosity,pvbm,-0.08251748979602702,,,0.25,pre-registered (DECISIONS 2026-09-17 13:30): |delta bias| <= 0.25 sigma,ok,runs/pivot/hrf/seed1/continued/pred/bio.csv
delta_r,hrf,hrf,continued,baseline,2,last,tortuosity,pvbm,0.018531285623412774,-0.10662896419934027,0.1709161998021438,-0.05,pre-registered (DECISIONS 2026-09-17 13:30): tortuosity/density delta-r >= -0.05,AT-RISK,runs/pivot/hrf/seed2/continued/pred/bio.csv
delta_bias_sigma,hrf,hrf,continued,baseline,2,last,tortuosity,pvbm,-0.155016426341549,,,0.25,pre-registered (DECISIONS 2026-09-17 13:30): |delta bias| <= 0.25 sigma,ok,runs/pivot/hrf/seed2/continued/pred/bio.csv
delta_r,hrf,hrf,reliseg,baseline,0,last,tortuosity,pvbm,-0.7403147425829458,-1.0314855417977213,-0.408314344344397,-0.05,pre-registered (DECISIONS 2026-09-17 13:30): tortuosity/density delta-r >= -0.05,BREACH,runs/pivot/hrf/seed0/reliseg/pred/bio.csv
delta_bias_sigma,hrf,hrf,reliseg,baseline,0,last,tortuosity,pvbm,14.460149381395144,,,0.25,pre-registered (DECISIONS 2026-09-17 13:30): |delta bias| <= 0.25 sigma,BREACH,runs/pivot/hrf/seed0/reliseg/pred/bio.csv
delta_r,hrf,hrf,reliseg,baseline,1,last,tortuosity,pvbm,-0.012054928490712657,-0.16664600080462624,0.09461428300739198,-0.05,pre-registered (DECISIONS 2026-09-17 13:30): tortuosity/density delta-r >= -0.05,AT-RISK,runs/pivot/hrf/seed1/reliseg/pred/bio.csv
delta_bias_sigma,hrf,hrf,reliseg,baseline,1,last,tortuosity,pvbm,2.333843468254462,,,0.25,pre-registered (DECISIONS 2026-09-17 13:30): |delta bias| <= 0.25 sigma,BREACH,runs/pivot/hrf/seed1/reliseg/pred/bio.csv
delta_r,hrf,hrf,reliseg,baseline,2,last,tortuosity,pvbm,0.004675577327337699,-0.09369443874830646,0.13409990140644984,-0.05,pre-registered (DECISIONS 2026-09-17 13:30): tortuosity/density delta-r >= -0.05,AT-RISK,runs/pivot/hrf/seed2/reliseg/pred/bio.csv
delta_bias_sigma,hrf,hrf,reliseg,baseline,2,last,tortuosity,pvbm,2.9405356250064263,,,0.25,pre-registered (DECISIONS 2026-09-17 13:30): |delta bias| <= 0.25 sigma,BREACH,runs/pivot/hrf/seed2/reliseg/pred/bio.csv
delta_r,hrf,hrf,reliseg_nocl,baseline,0,last,tortuosity,pvbm,-0.11914879958453639,-0.3398870038694251,0.0014594498341332547,-0.05,pre-registered (DECISIONS 2026-09-17 13:30): tortuosity/density delta-r >= -0.05,BREACH,runs/pivot/hrf/seed0/reliseg_nocl/pred/bio.csv
delta_bias_sigma,hrf,hrf,reliseg_nocl,baseline,0,last,tortuosity,pvbm,4.3088620153322275,,,0.25,pre-registered (DECISIONS 2026-09-17 13:30): |delta bias| <= 0.25 sigma,BREACH,runs/pivot/hrf/seed0/reliseg_nocl/pred/bio.csv
delta_r,hrf,hrf,reliseg_nocl,baseline,1,last,tortuosity,pvbm,0.016611096936631653,-0.06466301892948872,0.13882997262390206,-0.05,pre-registered (DECISIONS 2026-09-17 13:30): tortuosity/density delta-r >= -0.05,AT-RISK,runs/pivot/hrf/seed1/reliseg_nocl/pred/bio.csv
delta_bias_sigma,hrf,hrf,reliseg_nocl,baseline,1,last,tortuosity,pvbm,1.1328194397830325,,,0.25,pre-registered (DECISIONS 2026-09-17 13:30): |delta bias| <= 0.25 sigma,BREACH,runs/pivot/hrf/seed1/reliseg_nocl/pred/bio.csv
delta_r,hrf,hrf,reliseg_nocl,baseline,2,last,tortuosity,pvbm,-0.01414169776281049,-0.14895120287741875,0.09584856428042497,-0.05,pre-registered (DECISIONS 2026-09-17 13:30): tortuosity/density delta-r >= -0.05,AT-RISK,runs/pivot/hrf/seed2/reliseg_nocl/pred/bio.csv
delta_bias_sigma,hrf,hrf,reliseg_nocl,baseline,2,last,tortuosity,pvbm,1.6402177198151042,,,0.25,pre-registered (DECISIONS 2026-09-17 13:30): |delta bias| <= 0.25 sigma,BREACH,runs/pivot/hrf/seed2/reliseg_nocl/pred/bio.csv
delta_r,hrf,hrf,cfloss,baseline,"pooled(0,1,2)",last,tortuosity,pvbm,-0.07012245621139206,-0.19144475751883666,-0.016406461701430272,-0.05,pre-registered (DECISIONS 2026-09-17 13:30): tortuosity/density delta-r >= -0.05,BREACH,"runs/pivot/hrf/seed{0,1,2}/cfloss/pred/bio.csv"
delta_bias_sigma,hrf,hrf,cfloss,baseline,"pooled(0,1,2)",last,tortuosity,pvbm,-0.06171136883576415,,,0.25,pre-registered (DECISIONS 2026-09-17 13:30): |delta bias| <= 0.25 sigma,ok,"runs/pivot/hrf/seed{0,1,2}/cfloss/pred/bio.csv"
delta_r,hrf,hrf,continued,baseline,"pooled(0,1,2)",last,tortuosity,pvbm,-0.00539938171962991,-0.06771658140429353,0.047441887524624304,-0.05,pre-registered (DECISIONS 2026-09-17 13:30): tortuosity/density delta-r >= -0.05,AT-RISK,"runs/pivot/hrf/seed{0,1,2}/continued/pred/bio.csv"
delta_bias_sigma,hrf,hrf,continued,baseline,"pooled(0,1,2)",last,tortuosity,pvbm,-0.03401071216504755,,,0.25,pre-registered (DECISIONS 2026-09-17 13:30): |delta bias| <= 0.25 sigma,ok,"runs/pivot/hrf/seed{0,1,2}/continued/pred/bio.csv"
delta_r,hrf,hrf,reliseg,baseline,"pooled(0,1,2)",last,tortuosity,pvbm,-0.24923136458210693,-0.39566490195426585,-0.10263166694730388,-0.05,pre-registered (DECISIONS 2026-09-17 13:30): tortuosity/density delta-r >= -0.05,BREACH,"runs/pivot/hrf/seed{0,1,2}/reliseg/pred/bio.csv"
delta_bias_sigma,hrf,hrf,reliseg,baseline,"pooled(0,1,2)",last,tortuosity,pvbm,6.578176158218677,,,0.25,pre-registered (DECISIONS 2026-09-17 13:30): |delta bias| <= 0.25 sigma,BREACH,"runs/pivot/hrf/seed{0,1,2}/reliseg/pred/bio.csv"
delta_r,hrf,hrf,reliseg_nocl,baseline,"pooled(0,1,2)",last,tortuosity,pvbm,-0.03889313347023841,-0.13756820628415492,0.027338980247030284,-0.05,pre-registered (DECISIONS 2026-09-17 13:30): tortuosity/density delta-r >= -0.05,AT-RISK,"runs/pivot/hrf/seed{0,1,2}/reliseg_nocl/pred/bio.csv"
delta_bias_sigma,hrf,hrf,reliseg_nocl,baseline,"pooled(0,1,2)",last,tortuosity,pvbm,2.3606330583101216,,,0.25,pre-registered (DECISIONS 2026-09-17 13:30): |delta bias| <= 0.25 sigma,BREACH,"runs/pivot/hrf/seed{0,1,2}/reliseg_nocl/pred/bio.csv"
delta_r,hrf,hrf,abl_cf_matched,continued,0,last,tortuosity,pvbm,0.013023869293719015,-0.05559610171100503,0.12876103098630073,-0.05,pre-registered (DECISIONS 2026-09-17 13:30): tortuosity/density delta-r >= -0.05,AT-RISK,runs/pivot/hrf/seed0/abl_cf_matched/pred/bio.csv
delta_bias_sigma,hrf,hrf,abl_cf_matched,continued,0,last,tortuosity,pvbm,-0.10687406776815855,,,0.25,pre-registered (DECISIONS 2026-09-17 13:30): |delta bias| <= 0.25 sigma,ok,runs/pivot/hrf/seed0/abl_cf_matched/pred/bio.csv
delta_r,hrf,hrf,abl_cf_on_base,continued,0,last,tortuosity,pvbm,0.011818410608843255,-0.0599075258329929,0.1033819551806456,-0.05,pre-registered (DECISIONS 2026-09-17 13:30): tortuosity/density delta-r >= -0.05,AT-RISK,runs/pivot/hrf/seed0/abl_cf_on_base/pred/bio.csv
delta_bias_sigma,hrf,hrf,abl_cf_on_base,continued,0,last,tortuosity,pvbm,-0.16302904838237042,,,0.25,pre-registered (DECISIONS 2026-09-17 13:30): |delta bias| <= 0.25 sigma,ok,runs/pivot/hrf/seed0/abl_cf_on_base/pred/bio.csv
delta_r,hrf,hrf,abl_density_only,continued,0,last,tortuosity,pvbm,0.04803005710701935,-0.008217004872013439,0.21958828440352532,-0.05,pre-registered (DECISIONS 2026-09-17 13:30): tortuosity/density delta-r >= -0.05,ok,runs/pivot/hrf/seed0/abl_density_only/pred/bio.csv
delta_bias_sigma,hrf,hrf,abl_density_only,continued,0,last,tortuosity,pvbm,-0.09145028887455142,,,0.25,pre-registered (DECISIONS 2026-09-17 13:30): |delta bias| <= 0.25 sigma,ok,runs/pivot/hrf/seed0/abl_density_only/pred/bio.csv
delta_r,hrf,hrf,abl_fd_only,continued,0,last,tortuosity,pvbm,0.05458005893159634,0.0073185387480241065,0.19663650413286754,-0.05,pre-registered (DECISIONS 2026-09-17 13:30): tortuosity/density delta-r >= -0.05,ok,runs/pivot/hrf/seed0/abl_fd_only/pred/bio.csv
delta_bias_sigma,hrf,hrf,abl_fd_only,continued,0,last,tortuosity,pvbm,0.08959762945951644,,,0.25,pre-registered (DECISIONS 2026-09-17 13:30): |delta bias| <= 0.25 sigma,ok,runs/pivot/hrf/seed0/abl_fd_only/pred/bio.csv
delta_r,hrf,hrf,abl_fixed_ladder,continued,0,last,tortuosity,pvbm,-0.6004050126186261,-0.9132766996760819,-0.2774181672295513,-0.05,pre-registered (DECISIONS 2026-09-17 13:30): tortuosity/density delta-r >= -0.05,BREACH,runs/pivot/hrf/seed0/abl_fixed_ladder/pred/bio.csv
delta_bias_sigma,hrf,hrf,abl_fixed_ladder,continued,0,last,tortuosity,pvbm,10.708761542560087,,,0.25,pre-registered (DECISIONS 2026-09-17 13:30): |delta bias| <= 0.25 sigma,BREACH,runs/pivot/hrf/seed0/abl_fixed_ladder/pred/bio.csv
delta_r,hrf,hrf,abl_length_only,continued,0,last,tortuosity,pvbm,-0.020892237545417025,-0.19355900597886996,0.11690228342930206,-0.05,pre-registered (DECISIONS 2026-09-17 13:30): tortuosity/density delta-r >= -0.05,AT-RISK,runs/pivot/hrf/seed0/abl_length_only/pred/bio.csv
delta_bias_sigma,hrf,hrf,abl_length_only,continued,0,last,tortuosity,pvbm,1.4882828206483205,,,0.25,pre-registered (DECISIONS 2026-09-17 13:30): |delta bias| <= 0.25 sigma,BREACH,runs/pivot/hrf/seed0/abl_length_only/pred/bio.csv
delta_r,hrf,hrf,abl_no_density,continued,0,last,tortuosity,pvbm,-0.6113002157116733,-0.8728849078084382,-0.2638819819025319,-0.05,pre-registered (DECISIONS 2026-09-17 13:30): tortuosity/density delta-r >= -0.05,BREACH,runs/pivot/hrf/seed0/abl_no_density/pred/bio.csv
delta_bias_sigma,hrf,hrf,abl_no_density,continued,0,last,tortuosity,pvbm,11.149024200602947,,,0.25,pre-registered (DECISIONS 2026-09-17 13:30): |delta bias| <= 0.25 sigma,BREACH,runs/pivot/hrf/seed0/abl_no_density/pred/bio.csv
delta_r,hrf,hrf,abl_no_fd,continued,0,last,tortuosity,pvbm,0.00467770485070973,-0.12981811658743236,0.18214774743209855,-0.05,pre-registered (DECISIONS 2026-09-17 13:30): tortuosity/density delta-r >= -0.05,AT-RISK,runs/pivot/hrf/seed0/abl_no_fd/pred/bio.csv
delta_bias_sigma,hrf,hrf,abl_no_fd,continued,0,last,tortuosity,pvbm,2.7492582267577577,,,0.25,pre-registered (DECISIONS 2026-09-17 13:30): |delta bias| <= 0.25 sigma,BREACH,runs/pivot/hrf/seed0/abl_no_fd/pred/bio.csv
delta_r,hrf,hrf,abl_no_length,continued,0,last,tortuosity,pvbm,0.06722005476658088,0.0027419426985364147,0.2616343101446085,-0.05,pre-registered (DECISIONS 2026-09-17 13:30): tortuosity/density delta-r >= -0.05,ok,runs/pivot/hrf/seed0/abl_no_length/pred/bio.csv
delta_bias_sigma,hrf,hrf,abl_no_length,continued,0,last,tortuosity,pvbm,0.08123389962280791,,,0.25,pre-registered (DECISIONS 2026-09-17 13:30): |delta bias| <= 0.25 sigma,ok,runs/pivot/hrf/seed0/abl_no_length/pred/bio.csv
delta_r,hrf,hrf,cfloss,continued,0,last,tortuosity,pvbm,-0.02772430065136311,-0.12667657445492275,0.09851306727407384,-0.05,pre-registered (DECISIONS 2026-09-17 13:30): tortuosity/density delta-r >= -0.05,AT-RISK,runs/pivot/hrf/seed0/cfloss/pred/bio.csv
delta_bias_sigma,hrf,hrf,cfloss,continued,0,last,tortuosity,pvbm,-0.22718724494623688,,,0.25,pre-registered (DECISIONS 2026-09-17 13:30): |delta bias| <= 0.25 sigma,ok,runs/pivot/hrf/seed0/cfloss/pred/bio.csv
delta_r,hrf,hrf,cfloss,continued,1,last,tortuosity,pvbm,-0.1040404227605668,-0.336541033810855,-0.020307647140829988,-0.05,pre-registered (DECISIONS 2026-09-17 13:30): tortuosity/density delta-r >= -0.05,BREACH,runs/pivot/hrf/seed1/cfloss/pred/bio.csv
delta_bias_sigma,hrf,hrf,cfloss,continued,1,last,tortuosity,pvbm,0.056894092035937316,,,0.25,pre-registered (DECISIONS 2026-09-17 13:30): |delta bias| <= 0.25 sigma,ok,runs/pivot/hrf/seed1/cfloss/pred/bio.csv
delta_r,hrf,hrf,cfloss,continued,2,last,tortuosity,pvbm,-0.062404500063356516,-0.2578687778770616,0.05655039999743841,-0.05,pre-registered (DECISIONS 2026-09-17 13:30): tortuosity/density delta-r >= -0.05,BREACH,runs/pivot/hrf/seed2/cfloss/pred/bio.csv
delta_bias_sigma,hrf,hrf,cfloss,continued,2,last,tortuosity,pvbm,0.08719118289814975,,,0.25,pre-registered (DECISIONS 2026-09-17 13:30): |delta bias| <= 0.25 sigma,ok,runs/pivot/hrf/seed2/cfloss/pred/bio.csv
delta_r,hrf,hrf,reliseg,continued,0,last,tortuosity,pvbm,-0.6910419191199225,-0.953865578233853,-0.34833384980815063,-0.05,pre-registered (DECISIONS 2026-09-17 13:30): tortuosity/density delta-r >= -0.05,BREACH,runs/pivot/hrf/seed0/reliseg/pred/bio.csv
delta_bias_sigma,hrf,hrf,reliseg,continued,0,last,tortuosity,pvbm,14.32464760175271,,,0.25,pre-registered (DECISIONS 2026-09-17 13:30): |delta bias| <= 0.25 sigma,BREACH,runs/pivot/hrf/seed0/reliseg/pred/bio.csv
delta_r,hrf,hrf,reliseg,continued,1,last,tortuosity,pvbm,-0.02659832117143346,-0.14592755295037338,0.01755563055118818,-0.05,pre-registered (DECISIONS 2026-09-17 13:30): tortuosity/density delta-r >= -0.05,AT-RISK,runs/pivot/hrf/seed1/reliseg/pred/bio.csv
delta_bias_sigma,hrf,hrf,reliseg,continued,1,last,tortuosity,pvbm,2.4163609580504892,,,0.25,pre-registered (DECISIONS 2026-09-17 13:30): |delta bias| <= 0.25 sigma,BREACH,runs/pivot/hrf/seed1/reliseg/pred/bio.csv
delta_r,hrf,hrf,reliseg,continued,2,last,tortuosity,pvbm,-0.013855708296075075,-0.15763999152446498,0.14406445198308018,-0.05,pre-registered (DECISIONS 2026-09-17 13:30): tortuosity/density delta-r >= -0.05,AT-RISK,runs/pivot/hrf/seed2/reliseg/pred/bio.csv
delta_bias_sigma,hrf,hrf,reliseg,continued,2,last,tortuosity,pvbm,3.0955520513479753,,,0.25,pre-registered (DECISIONS 2026-09-17 13:30): |delta bias| <= 0.25 sigma,BREACH,runs/pivot/hrf/seed2/reliseg/pred/bio.csv
delta_r,hrf,hrf,reliseg_nocl,continued,0,last,tortuosity,pvbm,-0.06987597612151308,-0.22591253902864272,0.06033222748439582,-0.05,pre-registered (DECISIONS 2026-09-17 13:30): tortuosity/density delta-r >= -0.05,BREACH,runs/pivot/hrf/seed0/reliseg_nocl/pred/bio.csv
delta_bias_sigma,hrf,hrf,reliseg_nocl,continued,0,last,tortuosity,pvbm,4.173360235689794,,,0.25,pre-registered (DECISIONS 2026-09-17 13:30): |delta bias| <= 0.25 sigma,BREACH,runs/pivot/hrf/seed0/reliseg_nocl/pred/bio.csv
delta_r,hrf,hrf,reliseg_nocl,continued,1,last,tortuosity,pvbm,0.0020677042559108516,-0.08009735050263184,0.07313991818711404,-0.05,pre-registered (DECISIONS 2026-09-17 13:30): tortuosity/density delta-r >= -0.05,AT-RISK,runs/pivot/hrf/seed1/reliseg_nocl/pred/bio.csv
delta_bias_sigma,hrf,hrf,reliseg_nocl,continued,1,last,tortuosity,pvbm,1.2153369295790595,,,0.25,pre-registered (DECISIONS 2026-09-17 13:30): |delta bias| <= 0.25 sigma,BREACH,runs/pivot/hrf/seed1/reliseg_nocl/pred/bio.csv
delta_r,hrf,hrf,reliseg_nocl,continued,2,last,tortuosity,pvbm,-0.032672983386223264,-0.1899300278546813,0.08341179649827599,-0.05,pre-registered (DECISIONS 2026-09-17 13:30): tortuosity/density delta-r >= -0.05,AT-RISK,runs/pivot/hrf/seed2/reliseg_nocl/pred/bio.csv
delta_bias_sigma,hrf,hrf,reliseg_nocl,continued,2,last,tortuosity,pvbm,1.7952341461566532,,,0.25,pre-registered (DECISIONS 2026-09-17 13:30): |delta bias| <= 0.25 sigma,BREACH,runs/pivot/hrf/seed2/reliseg_nocl/pred/bio.csv
delta_r,hrf,hrf,cfloss,continued,"pooled(0,1,2)",last,tortuosity,pvbm,-0.06472307449176214,-0.18165583353515308,-0.010530461409836834,-0.05,pre-registered (DECISIONS 2026-09-17 13:30): tortuosity/density delta-r >= -0.05,BREACH,"runs/pivot/hrf/seed{0,1,2}/cfloss/pred/bio.csv"
delta_bias_sigma,hrf,hrf,cfloss,continued,"pooled(0,1,2)",last,tortuosity,pvbm,-0.0277006566707166,,,0.25,pre-registered (DECISIONS 2026-09-17 13:30): |delta bias| <= 0.25 sigma,ok,"runs/pivot/hrf/seed{0,1,2}/cfloss/pred/bio.csv"
delta_r,hrf,hrf,reliseg,continued,"pooled(0,1,2)",last,tortuosity,pvbm,-0.243831982862477,-0.3745275924282458,-0.10307085927366158,-0.05,pre-registered (DECISIONS 2026-09-17 13:30): tortuosity/density delta-r >= -0.05,BREACH,"runs/pivot/hrf/seed{0,1,2}/reliseg/pred/bio.csv"
delta_bias_sigma,hrf,hrf,reliseg,continued,"pooled(0,1,2)",last,tortuosity,pvbm,6.6121868703837245,,,0.25,pre-registered (DECISIONS 2026-09-17 13:30): |delta bias| <= 0.25 sigma,BREACH,"runs/pivot/hrf/seed{0,1,2}/reliseg/pred/bio.csv"
delta_r,hrf,hrf,reliseg_nocl,continued,"pooled(0,1,2)",last,tortuosity,pvbm,-0.0334937517506085,-0.11853392557143598,0.025001712989190295,-0.05,pre-registered (DECISIONS 2026-09-17 13:30): tortuosity/density delta-r >= -0.05,AT-RISK,"runs/pivot/hrf/seed{0,1,2}/reliseg_nocl/pred/bio.csv"
delta_bias_sigma,hrf,hrf,reliseg_nocl,continued,"pooled(0,1,2)",last,tortuosity,pvbm,2.394643770475169,,,0.25,pre-registered (DECISIONS 2026-09-17 13:30): |delta bias| <= 0.25 sigma,BREACH,"runs/pivot/hrf/seed{0,1,2}/reliseg_nocl/pred/bio.csv"
delta_r,hrf,hrf,abl_cf_matched,baseline,0,last,tortuosity,skan,-0.03431615153093048,-0.16474983577377805,0.024816285108218636,-0.05,pre-registered (DECISIONS 2026-09-17 13:30): tortuosity/density delta-r >= -0.05,AT-RISK,runs/pivot/hrf/seed0/abl_cf_matched/pred/bio.csv
delta_bias_sigma,hrf,hrf,abl_cf_matched,baseline,0,last,tortuosity,skan,0.14721479801834647,,,0.25,pre-registered (DECISIONS 2026-09-17 13:30): |delta bias| <= 0.25 sigma,ok,runs/pivot/hrf/seed0/abl_cf_matched/pred/bio.csv
delta_r,hrf,hrf,abl_cf_on_base,baseline,0,last,tortuosity,skan,0.011419719056425137,-0.11555071566747967,0.1530658448501358,-0.05,pre-registered (DECISIONS 2026-09-17 13:30): tortuosity/density delta-r >= -0.05,AT-RISK,runs/pivot/hrf/seed0/abl_cf_on_base/pred/bio.csv
delta_bias_sigma,hrf,hrf,abl_cf_on_base,baseline,0,last,tortuosity,skan,0.2661626292045751,,,0.25,pre-registered (DECISIONS 2026-09-17 13:30): |delta bias| <= 0.25 sigma,BREACH,runs/pivot/hrf/seed0/abl_cf_on_base/pred/bio.csv
delta_r,hrf,hrf,abl_density_only,baseline,0,last,tortuosity,skan,0.010247428278534199,-0.13077065792159936,0.14281576139346952,-0.05,pre-registered (DECISIONS 2026-09-17 13:30): tortuosity/density delta-r >= -0.05,AT-RISK,runs/pivot/hrf/seed0/abl_density_only/pred/bio.csv
delta_bias_sigma,hrf,hrf,abl_density_only,baseline,0,last,tortuosity,skan,0.2850149384125378,,,0.25,pre-registered (DECISIONS 2026-09-17 13:30): |delta bias| <= 0.25 sigma,BREACH,runs/pivot/hrf/seed0/abl_density_only/pred/bio.csv
delta_r,hrf,hrf,abl_fd_only,baseline,0,last,tortuosity,skan,0.040951913982976706,-0.05938619139407088,0.21910122816095148,-0.05,pre-registered (DECISIONS 2026-09-17 13:30): tortuosity/density delta-r >= -0.05,AT-RISK,runs/pivot/hrf/seed0/abl_fd_only/pred/bio.csv
delta_bias_sigma,hrf,hrf,abl_fd_only,baseline,0,last,tortuosity,skan,0.1710601427831273,,,0.25,pre-registered (DECISIONS 2026-09-17 13:30): |delta bias| <= 0.25 sigma,ok,runs/pivot/hrf/seed0/abl_fd_only/pred/bio.csv
delta_r,hrf,hrf,abl_fixed_ladder,baseline,0,last,tortuosity,skan,-0.08209734851556705,-0.2524062795221029,-0.00299924413809176,-0.05,pre-registered (DECISIONS 2026-09-17 13:30): tortuosity/density delta-r >= -0.05,BREACH,runs/pivot/hrf/seed0/abl_fixed_ladder/pred/bio.csv
delta_bias_sigma,hrf,hrf,abl_fixed_ladder,baseline,0,last,tortuosity,skan,3.1789063025279027,,,0.25,pre-registered (DECISIONS 2026-09-17 13:30): |delta bias| <= 0.25 sigma,BREACH,runs/pivot/hrf/seed0/abl_fixed_ladder/pred/bio.csv
delta_r,hrf,hrf,abl_length_only,baseline,0,last,tortuosity,skan,-0.014470151163667344,-0.12556602769678032,0.06268881800684731,-0.05,pre-registered (DECISIONS 2026-09-17 13:30): tortuosity/density delta-r >= -0.05,AT-RISK,runs/pivot/hrf/seed0/abl_length_only/pred/bio.csv
delta_bias_sigma,hrf,hrf,abl_length_only,baseline,0,last,tortuosity,skan,0.7464612161957853,,,0.25,pre-registered (DECISIONS 2026-09-17 13:30): |delta bias| <= 0.25 sigma,BREACH,runs/pivot/hrf/seed0/abl_length_only/pred/bio.csv
delta_r,hrf,hrf,abl_no_density,baseline,0,last,tortuosity,skan,-0.09277071714036844,-0.3015030920253152,0.02403755005750241,-0.05,pre-registered (DECISIONS 2026-09-17 13:30): tortuosity/density delta-r >= -0.05,BREACH,runs/pivot/hrf/seed0/abl_no_density/pred/bio.csv
delta_bias_sigma,hrf,hrf,abl_no_density,baseline,0,last,tortuosity,skan,2.5471754664956574,,,0.25,pre-registered (DECISIONS 2026-09-17 13:30): |delta bias| <= 0.25 sigma,BREACH,runs/pivot/hrf/seed0/abl_no_density/pred/bio.csv
delta_r,hrf,hrf,abl_no_fd,baseline,0,last,tortuosity,skan,-0.02374839675124374,-0.2537515823823659,0.18966916180104523,-0.05,pre-registered (DECISIONS 2026-09-17 13:30): tortuosity/density delta-r >= -0.05,AT-RISK,runs/pivot/hrf/seed0/abl_no_fd/pred/bio.csv
delta_bias_sigma,hrf,hrf,abl_no_fd,baseline,0,last,tortuosity,skan,1.690966697205475,,,0.25,pre-registered (DECISIONS 2026-09-17 13:30): |delta bias| <= 0.25 sigma,BREACH,runs/pivot/hrf/seed0/abl_no_fd/pred/bio.csv
delta_r,hrf,hrf,abl_no_length,baseline,0,last,tortuosity,skan,0.005001814122334913,-0.14496051692484782,0.15575525719435368,-0.05,pre-registered (DECISIONS 2026-09-17 13:30): tortuosity/density delta-r >= -0.05,AT-RISK,runs/pivot/hrf/seed0/abl_no_length/pred/bio.csv
delta_bias_sigma,hrf,hrf,abl_no_length,baseline,0,last,tortuosity,skan,0.28499380932636864,,,0.25,pre-registered (DECISIONS 2026-09-17 13:30): |delta bias| <= 0.25 sigma,BREACH,runs/pivot/hrf/seed0/abl_no_length/pred/bio.csv
delta_r,hrf,hrf,cfloss,baseline,0,last,tortuosity,skan,0.03425948123900702,-0.15355924606635427,0.18023650624298157,-0.05,pre-registered (DECISIONS 2026-09-17 13:30): tortuosity/density delta-r >= -0.05,AT-RISK,runs/pivot/hrf/seed0/cfloss/pred/bio.csv
delta_bias_sigma,hrf,hrf,cfloss,baseline,0,last,tortuosity,skan,0.263615053319203,,,0.25,pre-registered (DECISIONS 2026-09-17 13:30): |delta bias| <= 0.25 sigma,BREACH,runs/pivot/hrf/seed0/cfloss/pred/bio.csv
delta_r,hrf,hrf,cfloss,baseline,1,last,tortuosity,skan,-0.009195600070440513,-0.19687745739310303,0.13788512205891654,-0.05,pre-registered (DECISIONS 2026-09-17 13:30): tortuosity/density delta-r >= -0.05,AT-RISK,runs/pivot/hrf/seed1/cfloss/pred/bio.csv
delta_bias_sigma,hrf,hrf,cfloss,baseline,1,last,tortuosity,skan,-0.10389683087574997,,,0.25,pre-registered (DECISIONS 2026-09-17 13:30): |delta bias| <= 0.25 sigma,ok,runs/pivot/hrf/seed1/cfloss/pred/bio.csv
delta_r,hrf,hrf,cfloss,baseline,2,last,tortuosity,skan,-0.17997207874322552,-0.37652979891027955,-0.036042951058233685,-0.05,pre-registered (DECISIONS 2026-09-17 13:30): tortuosity/density delta-r >= -0.05,BREACH,runs/pivot/hrf/seed2/cfloss/pred/bio.csv
delta_bias_sigma,hrf,hrf,cfloss,baseline,2,last,tortuosity,skan,-0.09613689011481519,,,0.25,pre-registered (DECISIONS 2026-09-17 13:30): |delta bias| <= 0.25 sigma,ok,runs/pivot/hrf/seed2/cfloss/pred/bio.csv
delta_r,hrf,hrf,continued,baseline,0,last,tortuosity,skan,-0.05233837321352253,-0.1979958326835261,0.040378390256226714,-0.05,pre-registered (DECISIONS 2026-09-17 13:30): tortuosity/density delta-r >= -0.05,BREACH,runs/pivot/hrf/seed0/continued/pred/bio.csv
delta_bias_sigma,hrf,hrf,continued,baseline,0,last,tortuosity,skan,0.17826486699516675,,,0.25,pre-registered (DECISIONS 2026-09-17 13:30): |delta bias| <= 0.25 sigma,ok,runs/pivot/hrf/seed0/continued/pred/bio.csv
delta_r,hrf,hrf,continued,baseline,1,last,tortuosity,skan,0.04352668479268562,-0.05499332999042139,0.1689870320083638,-0.05,pre-registered (DECISIONS 2026-09-17 13:30): tortuosity/density delta-r >= -0.05,AT-RISK,runs/pivot/hrf/seed1/continued/pred/bio.csv
delta_bias_sigma,hrf,hrf,continued,baseline,1,last,tortuosity,skan,-0.15403198390163575,,,0.25,pre-registered (DECISIONS 2026-09-17 13:30): |delta bias| <= 0.25 sigma,ok,runs/pivot/hrf/seed1/continued/pred/bio.csv
delta_r,hrf,hrf,continued,baseline,2,last,tortuosity,skan,-0.16269729687041534,-0.36781440000945753,-0.0011950348242131502,-0.05,pre-registered (DECISIONS 2026-09-17 13:30): tortuosity/density delta-r >= -0.05,BREACH,runs/pivot/hrf/seed2/continued/pred/bio.csv
delta_bias_sigma,hrf,hrf,continued,baseline,2,last,tortuosity,skan,-0.1536234447107896,,,0.25,pre-registered (DECISIONS 2026-09-17 13:30): |delta bias| <= 0.25 sigma,ok,runs/pivot/hrf/seed2/continued/pred/bio.csv
delta_r,hrf,hrf,reliseg,baseline,0,last,tortuosity,skan,-0.03578990336720134,-0.2666341599841796,0.13028793143839712,-0.05,pre-registered (DECISIONS 2026-09-17 13:30): tortuosity/density delta-r >= -0.05,AT-RISK,runs/pivot/hrf/seed0/reliseg/pred/bio.csv
delta_bias_sigma,hrf,hrf,reliseg,baseline,0,last,tortuosity,skan,2.9172076627332277,,,0.25,pre-registered (DECISIONS 2026-09-17 13:30): |delta bias| <= 0.25 sigma,BREACH,runs/pivot/hrf/seed0/reliseg/pred/bio.csv
delta_r,hrf,hrf,reliseg,baseline,1,last,tortuosity,skan,0.07402996815737428,0.003095249071169984,0.22286435964011914,-0.05,pre-registered (DECISIONS 2026-09-17 13:30): tortuosity/density delta-r >= -0.05,ok,runs/pivot/hrf/seed1/reliseg/pred/bio.csv
delta_bias_sigma,hrf,hrf,reliseg,baseline,1,last,tortuosity,skan,0.7710877274931371,,,0.25,pre-registered (DECISIONS 2026-09-17 13:30): |delta bias| <= 0.25 sigma,BREACH,runs/pivot/hrf/seed1/reliseg/pred/bio.csv
delta_r,hrf,hrf,reliseg,baseline,2,last,tortuosity,skan,-0.13237806206640612,-0.3090603347768697,-0.02685469705542974,-0.05,pre-registered (DECISIONS 2026-09-17 13:30): tortuosity/density delta-r >= -0.05,BREACH,runs/pivot/hrf/seed2/reliseg/pred/bio.csv
delta_bias_sigma,hrf,hrf,reliseg,baseline,2,last,tortuosity,skan,1.040305456470709,,,0.25,pre-registered (DECISIONS 2026-09-17 13:30): |delta bias| <= 0.25 sigma,BREACH,runs/pivot/hrf/seed2/reliseg/pred/bio.csv
delta_r,hrf,hrf,reliseg_nocl,baseline,0,last,tortuosity,skan,-0.08374722412635938,-0.26714787277616137,-0.012138353501258853,-0.05,pre-registered (DECISIONS 2026-09-17 13:30): tortuosity/density delta-r >= -0.05,BREACH,runs/pivot/hrf/seed0/reliseg_nocl/pred/bio.csv
delta_bias_sigma,hrf,hrf,reliseg_nocl,baseline,0,last,tortuosity,skan,0.7960087720275546,,,0.25,pre-registered (DECISIONS 2026-09-17 13:30): |delta bias| <= 0.25 sigma,BREACH,runs/pivot/hrf/seed0/reliseg_nocl/pred/bio.csv
delta_r,hrf,hrf,reliseg_nocl,baseline,1,last,tortuosity,skan,0.1198510405958777,-0.02591124934575691,0.29932226632256675,-0.05,pre-registered (DECISIONS 2026-09-17 13:30): tortuosity/density delta-r >= -0.05,ok,runs/pivot/hrf/seed1/reliseg_nocl/pred/bio.csv
delta_bias_sigma,hrf,hrf,reliseg_nocl,baseline,1,last,tortuosity,skan,0.042260788399096194,,,0.25,pre-registered (DECISIONS 2026-09-17 13:30): |delta bias| <= 0.25 sigma,ok,runs/pivot/hrf/seed1/reliseg_nocl/pred/bio.csv
delta_r,hrf,hrf,reliseg_nocl,baseline,2,last,tortuosity,skan,-0.1560108997510663,-0.4165535179055839,-0.020663866789919993,-0.05,pre-registered (DECISIONS 2026-09-17 13:30): tortuosity/density delta-r >= -0.05,BREACH,runs/pivot/hrf/seed2/reliseg_nocl/pred/bio.csv
delta_bias_sigma,hrf,hrf,reliseg_nocl,baseline,2,last,tortuosity,skan,0.41571504226178746,,,0.25,pre-registered (DECISIONS 2026-09-17 13:30): |delta bias| <= 0.25 sigma,BREACH,runs/pivot/hrf/seed2/reliseg_nocl/pred/bio.csv
delta_r,hrf,hrf,cfloss,baseline,"pooled(0,1,2)",last,tortuosity,skan,-0.05163606585821967,-0.16456947776794126,0.01652396067766243,-0.05,pre-registered (DECISIONS 2026-09-17 13:30): tortuosity/density delta-r >= -0.05,BREACH,"runs/pivot/hrf/seed{0,1,2}/cfloss/pred/bio.csv"
delta_bias_sigma,hrf,hrf,cfloss,baseline,"pooled(0,1,2)",last,tortuosity,skan,0.021193777442879275,,,0.25,pre-registered (DECISIONS 2026-09-17 13:30): |delta bias| <= 0.25 sigma,ok,"runs/pivot/hrf/seed{0,1,2}/cfloss/pred/bio.csv"
delta_r,hrf,hrf,continued,baseline,"pooled(0,1,2)",last,tortuosity,skan,-0.05716966176375075,-0.1787270480267877,0.03285276161082034,-0.05,pre-registered (DECISIONS 2026-09-17 13:30): tortuosity/density delta-r >= -0.05,BREACH,"runs/pivot/hrf/seed{0,1,2}/continued/pred/bio.csv"
delta_bias_sigma,hrf,hrf,continued,baseline,"pooled(0,1,2)",last,tortuosity,skan,-0.043130187205752867,,,0.25,pre-registered (DECISIONS 2026-09-17 13:30): |delta bias| <= 0.25 sigma,ok,"runs/pivot/hrf/seed{0,1,2}/continued/pred/bio.csv"
delta_r,hrf,hrf,reliseg,baseline,"pooled(0,1,2)",last,tortuosity,skan,-0.031379332425411056,-0.13012576037575813,0.02538358811899098,-0.05,pre-registered (DECISIONS 2026-09-17 13:30): tortuosity/density delta-r >= -0.05,AT-RISK,"runs/pivot/hrf/seed{0,1,2}/reliseg/pred/bio.csv"
delta_bias_sigma,hrf,hrf,reliseg,baseline,"pooled(0,1,2)",last,tortuosity,skan,1.5762002822323582,,,0.25,pre-registered (DECISIONS 2026-09-17 13:30): |delta bias| <= 0.25 sigma,BREACH,"runs/pivot/hrf/seed{0,1,2}/reliseg/pred/bio.csv"
delta_r,hrf,hrf,reliseg_nocl,baseline,"pooled(0,1,2)",last,tortuosity,skan,-0.039969027760515995,-0.16425192738902833,0.029802909818022073,-0.05,pre-registered (DECISIONS 2026-09-17 13:30): tortuosity/density delta-r >= -0.05,AT-RISK,"runs/pivot/hrf/seed{0,1,2}/reliseg_nocl/pred/bio.csv"
delta_bias_sigma,hrf,hrf,reliseg_nocl,baseline,"pooled(0,1,2)",last,tortuosity,skan,0.41799486756281273,,,0.25,pre-registered (DECISIONS 2026-09-17 13:30): |delta bias| <= 0.25 sigma,BREACH,"runs/pivot/hrf/seed{0,1,2}/reliseg_nocl/pred/bio.csv"
delta_r,hrf,hrf,abl_cf_matched,continued,0,last,tortuosity,skan,0.018022221682592043,-0.11712592913888975,0.13738010494137523,-0.05,pre-registered (DECISIONS 2026-09-17 13:30): tortuosity/density delta-r >= -0.05,AT-RISK,runs/pivot/hrf/seed0/abl_cf_matched/pred/bio.csv
delta_bias_sigma,hrf,hrf,abl_cf_matched,continued,0,last,tortuosity,skan,-0.031050068976820278,,,0.25,pre-registered (DECISIONS 2026-09-17 13:30): |delta bias| <= 0.25 sigma,ok,runs/pivot/hrf/seed0/abl_cf_matched/pred/bio.csv
delta_r,hrf,hrf,abl_cf_on_base,continued,0,last,tortuosity,skan,0.06375809226994766,-0.02497563359419743,0.2723772144803071,-0.05,pre-registered (DECISIONS 2026-09-17 13:30): tortuosity/density delta-r >= -0.05,ok,runs/pivot/hrf/seed0/abl_cf_on_base/pred/bio.csv
delta_bias_sigma,hrf,hrf,abl_cf_on_base,continued,0,last,tortuosity,skan,0.08789776220940837,,,0.25,pre-registered (DECISIONS 2026-09-17 13:30): |delta bias| <= 0.25 sigma,ok,runs/pivot/hrf/seed0/abl_cf_on_base/pred/bio.csv
delta_r,hrf,hrf,abl_density_only,continued,0,last,tortuosity,skan,0.06258580149205673,-0.12017990509459181,0.2656007320556516,-0.05,pre-registered (DECISIONS 2026-09-17 13:30): tortuosity/density delta-r >= -0.05,AT-RISK,runs/pivot/hrf/seed0/abl_density_only/pred/bio.csv
delta_bias_sigma,hrf,hrf,abl_density_only,continued,0,last,tortuosity,skan,0.10675007141737103,,,0.25,pre-registered (DECISIONS 2026-09-17 13:30): |delta bias| <= 0.25 sigma,ok,runs/pivot/hrf/seed0/abl_density_only/pred/bio.csv
delta_r,hrf,hrf,abl_fd_only,continued,0,last,tortuosity,skan,0.09329028719649923,-0.07330290833045225,0.37466878152147853,-0.05,pre-registered (DECISIONS 2026-09-17 13:30): tortuosity/density delta-r >= -0.05,AT-RISK,runs/pivot/hrf/seed0/abl_fd_only/pred/bio.csv
delta_bias_sigma,hrf,hrf,abl_fd_only,continued,0,last,tortuosity,skan,-0.007204724212039437,,,0.25,pre-registered (DECISIONS 2026-09-17 13:30): |delta bias| <= 0.25 sigma,ok,runs/pivot/hrf/seed0/abl_fd_only/pred/bio.csv
delta_r,hrf,hrf,abl_fixed_ladder,continued,0,last,tortuosity,skan,-0.02975897530204452,-0.18624791036986396,0.07301005950721193,-0.05,pre-registered (DECISIONS 2026-09-17 13:30): tortuosity/density delta-r >= -0.05,AT-RISK,runs/pivot/hrf/seed0/abl_fixed_ladder/pred/bio.csv
delta_bias_sigma,hrf,hrf,abl_fixed_ladder,continued,0,last,tortuosity,skan,3.000641435532736,,,0.25,pre-registered (DECISIONS 2026-09-17 13:30): |delta bias| <= 0.25 sigma,BREACH,runs/pivot/hrf/seed0/abl_fixed_ladder/pred/bio.csv
delta_r,hrf,hrf,abl_length_only,continued,0,last,tortuosity,skan,0.03786822204985518,-0.06638566636231756,0.17889649642349298,-0.05,pre-registered (DECISIONS 2026-09-17 13:30): tortuosity/density delta-r >= -0.05,AT-RISK,runs/pivot/hrf/seed0/abl_length_only/pred/bio.csv
delta_bias_sigma,hrf,hrf,abl_length_only,continued,0,last,tortuosity,skan,0.5681963492006186,,,0.25,pre-registered (DECISIONS 2026-09-17 13:30): |delta bias| <= 0.25 sigma,BREACH,runs/pivot/hrf/seed0/abl_length_only/pred/bio.csv
delta_r,hrf,hrf,abl_no_density,continued,0,last,tortuosity,skan,-0.040432343926845915,-0.25024922369291047,0.13796363280506735,-0.05,pre-registered (DECISIONS 2026-09-17 13:30): tortuosity/density delta-r >= -0.05,AT-RISK,runs/pivot/hrf/seed0/abl_no_density/pred/bio.csv
delta_bias_sigma,hrf,hrf,abl_no_density,continued,0,last,tortuosity,skan,2.3689105995004907,,,0.25,pre-registered (DECISIONS 2026-09-17 13:30): |delta bias| <= 0.25 sigma,BREACH,runs/pivot/hrf/seed0/abl_no_density/pred/bio.csv
delta_r,hrf,hrf,abl_no_fd,continued,0,last,tortuosity,skan,0.028589976462278788,-0.25309261058921007,0.3264792554726593,-0.05,pre-registered (DECISIONS 2026-09-17 13:30): tortuosity/density delta-r >= -0.05,AT-RISK,runs/pivot/hrf/seed0/abl_no_fd/pred/bio.csv
delta_bias_sigma,hrf,hrf,abl_no_fd,continued,0,last,tortuosity,skan,1.5127018302103084,,,0.25,pre-registered (DECISIONS 2026-09-17 13:30): |delta bias| <= 0.25 sigma,BREACH,runs/pivot/hrf/seed0/abl_no_fd/pred/bio.csv
delta_r,hrf,hrf,abl_no_length,continued,0,last,tortuosity,skan,0.05734018733585744,-0.1318170068152769,0.28301410304070723,-0.05,pre-registered (DECISIONS 2026-09-17 13:30): tortuosity/density delta-r >= -0.05,AT-RISK,runs/pivot/hrf/seed0/abl_no_length/pred/bio.csv
delta_bias_sigma,hrf,hrf,abl_no_length,continued,0,last,tortuosity,skan,0.10672894233120189,,,0.25,pre-registered (DECISIONS 2026-09-17 13:30): |delta bias| <= 0.25 sigma,ok,runs/pivot/hrf/seed0/abl_no_length/pred/bio.csv
delta_r,hrf,hrf,cfloss,continued,0,last,tortuosity,skan,0.08659785445252954,-0.16803368275681985,0.32785612795050556,-0.05,pre-registered (DECISIONS 2026-09-17 13:30): tortuosity/density delta-r >= -0.05,AT-RISK,runs/pivot/hrf/seed0/cfloss/pred/bio.csv
delta_bias_sigma,hrf,hrf,cfloss,continued,0,last,tortuosity,skan,0.08535018632403624,,,0.25,pre-registered (DECISIONS 2026-09-17 13:30): |delta bias| <= 0.25 sigma,ok,runs/pivot/hrf/seed0/cfloss/pred/bio.csv
delta_r,hrf,hrf,cfloss,continued,1,last,tortuosity,skan,-0.052722284863126134,-0.20759441483471203,0.07478393324955697,-0.05,pre-registered (DECISIONS 2026-09-17 13:30): tortuosity/density delta-r >= -0.05,BREACH,runs/pivot/hrf/seed1/cfloss/pred/bio.csv
delta_bias_sigma,hrf,hrf,cfloss,continued,1,last,tortuosity,skan,0.05013515302588578,,,0.25,pre-registered (DECISIONS 2026-09-17 13:30): |delta bias| <= 0.25 sigma,ok,runs/pivot/hrf/seed1/cfloss/pred/bio.csv
delta_r,hrf,hrf,cfloss,continued,2,last,tortuosity,skan,-0.017274781872810174,-0.080047884784731,0.032089401659994535,-0.05,pre-registered (DECISIONS 2026-09-17 13:30): tortuosity/density delta-r >= -0.05,AT-RISK,runs/pivot/hrf/seed2/cfloss/pred/bio.csv
delta_bias_sigma,hrf,hrf,cfloss,continued,2,last,tortuosity,skan,0.057486554595974404,,,0.25,pre-registered (DECISIONS 2026-09-17 13:30): |delta bias| <= 0.25 sigma,ok,runs/pivot/hrf/seed2/cfloss/pred/bio.csv
delta_r,hrf,hrf,reliseg,continued,0,last,tortuosity,skan,0.01654846984632119,-0.2681338559218416,0.2882478690529664,-0.05,pre-registered (DECISIONS 2026-09-17 13:30): tortuosity/density delta-r >= -0.05,AT-RISK,runs/pivot/hrf/seed0/reliseg/pred/bio.csv
delta_bias_sigma,hrf,hrf,reliseg,continued,0,last,tortuosity,skan,2.738942795738061,,,0.25,pre-registered (DECISIONS 2026-09-17 13:30): |delta bias| <= 0.25 sigma,BREACH,runs/pivot/hrf/seed0/reliseg/pred/bio.csv
delta_r,hrf,hrf,reliseg,continued,1,last,tortuosity,skan,0.03050328336468866,-0.1307498845710911,0.23971274582128133,-0.05,pre-registered (DECISIONS 2026-09-17 13:30): tortuosity/density delta-r >= -0.05,AT-RISK,runs/pivot/hrf/seed1/reliseg/pred/bio.csv
delta_bias_sigma,hrf,hrf,reliseg,continued,1,last,tortuosity,skan,0.9251197113947729,,,0.25,pre-registered (DECISIONS 2026-09-17 13:30): |delta bias| <= 0.25 sigma,BREACH,runs/pivot/hrf/seed1/reliseg/pred/bio.csv
delta_r,hrf,hrf,reliseg,continued,2,last,tortuosity,skan,0.03031923480400922,-0.07438905620414352,0.126351178592265,-0.05,pre-registered (DECISIONS 2026-09-17 13:30): tortuosity/density delta-r >= -0.05,AT-RISK,runs/pivot/hrf/seed2/reliseg/pred/bio.csv
delta_bias_sigma,hrf,hrf,reliseg,continued,2,last,tortuosity,skan,1.1939289011814986,,,0.25,pre-registered (DECISIONS 2026-09-17 13:30): |delta bias| <= 0.25 sigma,BREACH,runs/pivot/hrf/seed2/reliseg/pred/bio.csv
delta_r,hrf,hrf,reliseg_nocl,continued,0,last,tortuosity,skan,-0.03140885091283685,-0.17432852997991657,0.0360335849783351,-0.05,pre-registered (DECISIONS 2026-09-17 13:30): tortuosity/density delta-r >= -0.05,AT-RISK,runs/pivot/hrf/seed0/reliseg_nocl/pred/bio.csv
delta_bias_sigma,hrf,hrf,reliseg_nocl,continued,0,last,tortuosity,skan,0.6177439050323879,,,0.25,pre-registered (DECISIONS 2026-09-17 13:30): |delta bias| <= 0.25 sigma,BREACH,runs/pivot/hrf/seed0/reliseg_nocl/pred/bio.csv
delta_r,hrf,hrf,reliseg_nocl,continued,1,last,tortuosity,skan,0.07632435580319208,-0.029612004511859396,0.24719581254360962,-0.05,pre-registered (DECISIONS 2026-09-17 13:30): tortuosity/density delta-r >= -0.05,ok,runs/pivot/hrf/seed1/reliseg_nocl/pred/bio.csv
delta_bias_sigma,hrf,hrf,reliseg_nocl,continued,1,last,tortuosity,skan,0.19629277230073194,,,0.25,pre-registered (DECISIONS 2026-09-17 13:30): |delta bias| <= 0.25 sigma,ok,runs/pivot/hrf/seed1/reliseg_nocl/pred/bio.csv
delta_r,hrf,hrf,reliseg_nocl,continued,2,last,tortuosity,skan,0.006686397119349041,-0.12483173272652869,0.14831493632821802,-0.05,pre-registered (DECISIONS 2026-09-17 13:30): tortuosity/density delta-r >= -0.05,AT-RISK,runs/pivot/hrf/seed2/reliseg_nocl/pred/bio.csv
delta_bias_sigma,hrf,hrf,reliseg_nocl,continued,2,last,tortuosity,skan,0.569338486972577,,,0.25,pre-registered (DECISIONS 2026-09-17 13:30): |delta bias| <= 0.25 sigma,BREACH,runs/pivot/hrf/seed2/reliseg_nocl/pred/bio.csv
delta_r,hrf,hrf,cfloss,continued,"pooled(0,1,2)",last,tortuosity,skan,0.005533595905531079,-0.09392440610081622,0.08661070629256251,-0.05,pre-registered (DECISIONS 2026-09-17 13:30): tortuosity/density delta-r >= -0.05,AT-RISK,"runs/pivot/hrf/seed{0,1,2}/cfloss/pred/bio.csv"
delta_bias_sigma,hrf,hrf,cfloss,continued,"pooled(0,1,2)",last,tortuosity,skan,0.06432396464863215,,,0.25,pre-registered (DECISIONS 2026-09-17 13:30): |delta bias| <= 0.25 sigma,ok,"runs/pivot/hrf/seed{0,1,2}/cfloss/pred/bio.csv"
delta_r,hrf,hrf,reliseg,continued,"pooled(0,1,2)",last,tortuosity,skan,0.02579032933833969,-0.09936584609985101,0.14879980561779138,-0.05,pre-registered (DECISIONS 2026-09-17 13:30): tortuosity/density delta-r >= -0.05,AT-RISK,"runs/pivot/hrf/seed{0,1,2}/reliseg/pred/bio.csv"
delta_bias_sigma,hrf,hrf,reliseg,continued,"pooled(0,1,2)",last,tortuosity,skan,1.619330469438111,,,0.25,pre-registered (DECISIONS 2026-09-17 13:30): |delta bias| <= 0.25 sigma,BREACH,"runs/pivot/hrf/seed{0,1,2}/reliseg/pred/bio.csv"
delta_r,hrf,hrf,reliseg_nocl,continued,"pooled(0,1,2)",last,tortuosity,skan,0.017200634003234756,-0.05995804580551413,0.085731239846027,-0.05,pre-registered (DECISIONS 2026-09-17 13:30): tortuosity/density delta-r >= -0.05,AT-RISK,"runs/pivot/hrf/seed{0,1,2}/reliseg_nocl/pred/bio.csv"
delta_bias_sigma,hrf,hrf,reliseg_nocl,continued,"pooled(0,1,2)",last,tortuosity,skan,0.46112505476856563,,,0.25,pre-registered (DECISIONS 2026-09-17 13:30): |delta bias| <= 0.25 sigma,BREACH,"runs/pivot/hrf/seed{0,1,2}/reliseg_nocl/pred/bio.csv"
delta_r,hrf,hrf,abl_cf_matched,baseline,0,last,density,pvbm,-0.04408986402000015,-0.0844653299584114,0.0033503225337368843,-0.05,pre-registered (DECISIONS 2026-09-17 13:30): tortuosity/density delta-r >= -0.05,AT-RISK,runs/pivot/hrf/seed0/abl_cf_matched/pred/bio.csv
delta_bias_sigma,hrf,hrf,abl_cf_matched,baseline,0,last,density,pvbm,-0.3323490143987138,,,0.25,pre-registered (DECISIONS 2026-09-17 13:30): |delta bias| <= 0.25 sigma,BREACH,runs/pivot/hrf/seed0/abl_cf_matched/pred/bio.csv
delta_r,hrf,hrf,abl_cf_on_base,baseline,0,last,density,pvbm,-0.012578714695738236,-0.060571522396131776,0.04264755431823996,-0.05,pre-registered (DECISIONS 2026-09-17 13:30): tortuosity/density delta-r >= -0.05,AT-RISK,runs/pivot/hrf/seed0/abl_cf_on_base/pred/bio.csv
delta_bias_sigma,hrf,hrf,abl_cf_on_base,baseline,0,last,density,pvbm,-0.19195352275972674,,,0.25,pre-registered (DECISIONS 2026-09-17 13:30): |delta bias| <= 0.25 sigma,ok,runs/pivot/hrf/seed0/abl_cf_on_base/pred/bio.csv
delta_r,hrf,hrf,abl_density_only,baseline,0,last,density,pvbm,-0.02289109683720658,-0.07673561241462305,0.041629810744128394,-0.05,pre-registered (DECISIONS 2026-09-17 13:30): tortuosity/density delta-r >= -0.05,AT-RISK,runs/pivot/hrf/seed0/abl_density_only/pred/bio.csv
delta_bias_sigma,hrf,hrf,abl_density_only,baseline,0,last,density,pvbm,-0.3715474965331528,,,0.25,pre-registered (DECISIONS 2026-09-17 13:30): |delta bias| <= 0.25 sigma,BREACH,runs/pivot/hrf/seed0/abl_density_only/pred/bio.csv
delta_r,hrf,hrf,abl_fd_only,baseline,0,last,density,pvbm,-0.011921937639613023,-0.06604505058458668,0.05202390927329504,-0.05,pre-registered (DECISIONS 2026-09-17 13:30): tortuosity/density delta-r >= -0.05,AT-RISK,runs/pivot/hrf/seed0/abl_fd_only/pred/bio.csv
delta_bias_sigma,hrf,hrf,abl_fd_only,baseline,0,last,density,pvbm,0.03274647954706378,,,0.25,pre-registered (DECISIONS 2026-09-17 13:30): |delta bias| <= 0.25 sigma,ok,runs/pivot/hrf/seed0/abl_fd_only/pred/bio.csv
delta_r,hrf,hrf,abl_fixed_ladder,baseline,0,last,density,pvbm,-0.041674056940559034,-0.08776552121282027,0.01686140842086418,-0.05,pre-registered (DECISIONS 2026-09-17 13:30): tortuosity/density delta-r >= -0.05,AT-RISK,runs/pivot/hrf/seed0/abl_fixed_ladder/pred/bio.csv
delta_bias_sigma,hrf,hrf,abl_fixed_ladder,baseline,0,last,density,pvbm,-0.3398389458412174,,,0.25,pre-registered (DECISIONS 2026-09-17 13:30): |delta bias| <= 0.25 sigma,BREACH,runs/pivot/hrf/seed0/abl_fixed_ladder/pred/bio.csv
delta_r,hrf,hrf,abl_length_only,baseline,0,last,density,pvbm,0.00010029103576048026,-0.058366906867062,0.07251907911620853,-0.05,pre-registered (DECISIONS 2026-09-17 13:30): tortuosity/density delta-r >= -0.05,AT-RISK,runs/pivot/hrf/seed0/abl_length_only/pred/bio.csv
delta_bias_sigma,hrf,hrf,abl_length_only,baseline,0,last,density,pvbm,0.1552735685742923,,,0.25,pre-registered (DECISIONS 2026-09-17 13:30): |delta bias| <= 0.25 sigma,ok,runs/pivot/hrf/seed0/abl_length_only/pred/bio.csv
delta_r,hrf,hrf,abl_no_density,baseline,0,last,density,pvbm,-0.018480390051164197,-0.07248907798120485,0.04614776806098389,-0.05,pre-registered (DECISIONS 2026-09-17 13:30): tortuosity/density delta-r >= -0.05,AT-RISK,runs/pivot/hrf/seed0/abl_no_density/pred/bio.csv
delta_bias_sigma,hrf,hrf,abl_no_density,baseline,0,last,density,pvbm,0.13669472045429398,,,0.25,pre-registered (DECISIONS 2026-09-17 13:30): |delta bias| <= 0.25 sigma,ok,runs/pivot/hrf/seed0/abl_no_density/pred/bio.csv
delta_r,hrf,hrf,abl_no_fd,baseline,0,last,density,pvbm,-0.022540620901895347,-0.07365885959440706,0.03577463005088336,-0.05,pre-registered (DECISIONS 2026-09-17 13:30): tortuosity/density delta-r >= -0.05,AT-RISK,runs/pivot/hrf/seed0/abl_no_fd/pred/bio.csv
delta_bias_sigma,hrf,hrf,abl_no_fd,baseline,0,last,density,pvbm,-0.37374652659510627,,,0.25,pre-registered (DECISIONS 2026-09-17 13:30): |delta bias| <= 0.25 sigma,BREACH,runs/pivot/hrf/seed0/abl_no_fd/pred/bio.csv
delta_r,hrf,hrf,abl_no_length,baseline,0,last,density,pvbm,-0.02912158699803935,-0.08876299745696625,0.045082989661672346,-0.05,pre-registered (DECISIONS 2026-09-17 13:30): tortuosity/density delta-r >= -0.05,AT-RISK,runs/pivot/hrf/seed0/abl_no_length/pred/bio.csv
delta_bias_sigma,hrf,hrf,abl_no_length,baseline,0,last,density,pvbm,-0.3919773711744337,,,0.25,pre-registered (DECISIONS 2026-09-17 13:30): |delta bias| <= 0.25 sigma,BREACH,runs/pivot/hrf/seed0/abl_no_length/pred/bio.csv
delta_r,hrf,hrf,cfloss,baseline,0,last,density,pvbm,-0.046842610937557594,-0.0917986849555848,-0.0006277714247745938,-0.05,pre-registered (DECISIONS 2026-09-17 13:30): tortuosity/density delta-r >= -0.05,AT-RISK,runs/pivot/hrf/seed0/cfloss/pred/bio.csv
delta_bias_sigma,hrf,hrf,cfloss,baseline,0,last,density,pvbm,-0.828574841232619,,,0.25,pre-registered (DECISIONS 2026-09-17 13:30): |delta bias| <= 0.25 sigma,BREACH,runs/pivot/hrf/seed0/cfloss/pred/bio.csv
delta_r,hrf,hrf,cfloss,baseline,1,last,density,pvbm,0.003584596932355133,-0.0810108385575506,0.07822748886766584,-0.05,pre-registered (DECISIONS 2026-09-17 13:30): tortuosity/density delta-r >= -0.05,AT-RISK,runs/pivot/hrf/seed1/cfloss/pred/bio.csv
delta_bias_sigma,hrf,hrf,cfloss,baseline,1,last,density,pvbm,-0.5527691438381928,,,0.25,pre-registered (DECISIONS 2026-09-17 13:30): |delta bias| <= 0.25 sigma,BREACH,runs/pivot/hrf/seed1/cfloss/pred/bio.csv
delta_r,hrf,hrf,cfloss,baseline,2,last,density,pvbm,-0.01760025731259618,-0.07937950029595582,0.037508769771827086,-0.05,pre-registered (DECISIONS 2026-09-17 13:30): tortuosity/density delta-r >= -0.05,AT-RISK,runs/pivot/hrf/seed2/cfloss/pred/bio.csv
delta_bias_sigma,hrf,hrf,cfloss,baseline,2,last,density,pvbm,-0.599122863366543,,,0.25,pre-registered (DECISIONS 2026-09-17 13:30): |delta bias| <= 0.25 sigma,BREACH,runs/pivot/hrf/seed2/cfloss/pred/bio.csv
delta_r,hrf,hrf,continued,baseline,0,last,density,pvbm,-0.004454777487774897,-0.060007650265341966,0.06060259730145494,-0.05,pre-registered (DECISIONS 2026-09-17 13:30): tortuosity/density delta-r >= -0.05,AT-RISK,runs/pivot/hrf/seed0/continued/pred/bio.csv
delta_bias_sigma,hrf,hrf,continued,baseline,0,last,density,pvbm,-0.047700499372997085,,,0.25,pre-registered (DECISIONS 2026-09-17 13:30): |delta bias| <= 0.25 sigma,ok,runs/pivot/hrf/seed0/continued/pred/bio.csv
delta_r,hrf,hrf,continued,baseline,1,last,density,pvbm,0.03282235770231423,-0.02593741915887572,0.09147090220596599,-0.05,pre-registered (DECISIONS 2026-09-17 13:30): tortuosity/density delta-r >= -0.05,ok,runs/pivot/hrf/seed1/continued/pred/bio.csv
delta_bias_sigma,hrf,hrf,continued,baseline,1,last,density,pvbm,0.1889219150395743,,,0.25,pre-registered (DECISIONS 2026-09-17 13:30): |delta bias| <= 0.25 sigma,ok,runs/pivot/hrf/seed1/continued/pred/bio.csv
delta_r,hrf,hrf,continued,baseline,2,last,density,pvbm,0.02047619466192785,-0.03828010654663367,0.07777220614716085,-0.05,pre-registered (DECISIONS 2026-09-17 13:30): tortuosity/density delta-r >= -0.05,ok,runs/pivot/hrf/seed2/continued/pred/bio.csv
delta_bias_sigma,hrf,hrf,continued,baseline,2,last,density,pvbm,0.08964783637068574,,,0.25,pre-registered (DECISIONS 2026-09-17 13:30): |delta bias| <= 0.25 sigma,ok,runs/pivot/hrf/seed2/continued/pred/bio.csv
delta_r,hrf,hrf,reliseg,baseline,0,last,density,pvbm,-0.02773090874023243,-0.07274043396332917,0.029502223928904146,-0.05,pre-registered (DECISIONS 2026-09-17 13:30): tortuosity/density delta-r >= -0.05,AT-RISK,runs/pivot/hrf/seed0/reliseg/pred/bio.csv
delta_bias_sigma,hrf,hrf,reliseg,baseline,0,last,density,pvbm,-0.35692163620924633,,,0.25,pre-registered (DECISIONS 2026-09-17 13:30): |delta bias| <= 0.25 sigma,BREACH,runs/pivot/hrf/seed0/reliseg/pred/bio.csv
delta_r,hrf,hrf,reliseg,baseline,1,last,density,pvbm,0.03301604041892847,-0.03283962597878629,0.09834859348734237,-0.05,pre-registered (DECISIONS 2026-09-17 13:30): tortuosity/density delta-r >= -0.05,ok,runs/pivot/hrf/seed1/reliseg/pred/bio.csv
delta_bias_sigma,hrf,hrf,reliseg,baseline,1,last,density,pvbm,-0.08850998393697279,,,0.25,pre-registered (DECISIONS 2026-09-17 13:30): |delta bias| <= 0.25 sigma,ok,runs/pivot/hrf/seed1/reliseg/pred/bio.csv
delta_r,hrf,hrf,reliseg,baseline,2,last,density,pvbm,0.01468709303340765,-0.060246529272241604,0.09224826597711783,-0.05,pre-registered (DECISIONS 2026-09-17 13:30): tortuosity/density delta-r >= -0.05,AT-RISK,runs/pivot/hrf/seed2/reliseg/pred/bio.csv
delta_bias_sigma,hrf,hrf,reliseg,baseline,2,last,density,pvbm,-0.15738459619479933,,,0.25,pre-registered (DECISIONS 2026-09-17 13:30): |delta bias| <= 0.25 sigma,ok,runs/pivot/hrf/seed2/reliseg/pred/bio.csv
delta_r,hrf,hrf,reliseg_nocl,baseline,0,last,density,pvbm,-0.024353420002472426,-0.07550530962436158,0.0364917009422287,-0.05,pre-registered (DECISIONS 2026-09-17 13:30): tortuosity/density delta-r >= -0.05,AT-RISK,runs/pivot/hrf/seed0/reliseg_nocl/pred/bio.csv
delta_bias_sigma,hrf,hrf,reliseg_nocl,baseline,0,last,density,pvbm,-0.4530548267534358,,,0.25,pre-registered (DECISIONS 2026-09-17 13:30): |delta bias| <= 0.25 sigma,BREACH,runs/pivot/hrf/seed0/reliseg_nocl/pred/bio.csv
delta_r,hrf,hrf,reliseg_nocl,baseline,1,last,density,pvbm,0.029438124956483014,-0.03179291366991291,0.08814945944917714,-0.05,pre-registered (DECISIONS 2026-09-17 13:30): tortuosity/density delta-r >= -0.05,ok,runs/pivot/hrf/seed1/reliseg_nocl/pred/bio.csv
delta_bias_sigma,hrf,hrf,reliseg_nocl,baseline,1,last,density,pvbm,-0.2477142735568434,,,0.25,pre-registered (DECISIONS 2026-09-17 13:30): |delta bias| <= 0.25 sigma,ok,runs/pivot/hrf/seed1/reliseg_nocl/pred/bio.csv
delta_r,hrf,hrf,reliseg_nocl,baseline,2,last,density,pvbm,0.003281125243097871,-0.07725840668977696,0.08481334299282949,-0.05,pre-registered (DECISIONS 2026-09-17 13:30): tortuosity/density delta-r >= -0.05,AT-RISK,runs/pivot/hrf/seed2/reliseg_nocl/pred/bio.csv
delta_bias_sigma,hrf,hrf,reliseg_nocl,baseline,2,last,density,pvbm,-0.3390105124897292,,,0.25,pre-registered (DECISIONS 2026-09-17 13:30): |delta bias| <= 0.25 sigma,BREACH,runs/pivot/hrf/seed2/reliseg_nocl/pred/bio.csv
delta_r,hrf,hrf,cfloss,baseline,"pooled(0,1,2)",last,density,pvbm,-0.020286090439266213,-0.061068117719924306,0.017737797652847248,-0.05,pre-registered (DECISIONS 2026-09-17 13:30): tortuosity/density delta-r >= -0.05,AT-RISK,"runs/pivot/hrf/seed{0,1,2}/cfloss/pred/bio.csv"
delta_bias_sigma,hrf,hrf,cfloss,baseline,"pooled(0,1,2)",last,density,pvbm,-0.660155616145785,,,0.25,pre-registered (DECISIONS 2026-09-17 13:30): |delta bias| <= 0.25 sigma,BREACH,"runs/pivot/hrf/seed{0,1,2}/cfloss/pred/bio.csv"
delta_r,hrf,hrf,continued,baseline,"pooled(0,1,2)",last,density,pvbm,0.016281258292155727,-0.018442755358101092,0.05282701184548447,-0.05,pre-registered (DECISIONS 2026-09-17 13:30): tortuosity/density delta-r >= -0.05,ok,"runs/pivot/hrf/seed{0,1,2}/continued/pred/bio.csv"
delta_bias_sigma,hrf,hrf,continued,baseline,"pooled(0,1,2)",last,density,pvbm,0.07695641734575433,,,0.25,pre-registered (DECISIONS 2026-09-17 13:30): |delta bias| <= 0.25 sigma,ok,"runs/pivot/hrf/seed{0,1,2}/continued/pred/bio.csv"
delta_r,hrf,hrf,reliseg,baseline,"pooled(0,1,2)",last,density,pvbm,0.006657408237367897,-0.030728727236890328,0.04868173542419126,-0.05,pre-registered (DECISIONS 2026-09-17 13:30): tortuosity/density delta-r >= -0.05,ok,"runs/pivot/hrf/seed{0,1,2}/reliseg/pred/bio.csv"
delta_bias_sigma,hrf,hrf,reliseg,baseline,"pooled(0,1,2)",last,density,pvbm,-0.2009387387803395,,,0.25,pre-registered (DECISIONS 2026-09-17 13:30): |delta bias| <= 0.25 sigma,ok,"runs/pivot/hrf/seed{0,1,2}/reliseg/pred/bio.csv"
delta_r,hrf,hrf,reliseg_nocl,baseline,"pooled(0,1,2)",last,density,pvbm,0.00278861006570282,-0.04219584164896042,0.04954020501643363,-0.05,pre-registered (DECISIONS 2026-09-17 13:30): tortuosity/density delta-r >= -0.05,ok,"runs/pivot/hrf/seed{0,1,2}/reliseg_nocl/pred/bio.csv"
delta_bias_sigma,hrf,hrf,reliseg_nocl,baseline,"pooled(0,1,2)",last,density,pvbm,-0.34659320426666945,,,0.25,pre-registered (DECISIONS 2026-09-17 13:30): |delta bias| <= 0.25 sigma,BREACH,"runs/pivot/hrf/seed{0,1,2}/reliseg_nocl/pred/bio.csv"
delta_r,hrf,hrf,abl_cf_matched,continued,0,last,density,pvbm,-0.03963508653222525,-0.08238224667589582,-0.004245171041734199,-0.05,pre-registered (DECISIONS 2026-09-17 13:30): tortuosity/density delta-r >= -0.05,AT-RISK,runs/pivot/hrf/seed0/abl_cf_matched/pred/bio.csv
delta_bias_sigma,hrf,hrf,abl_cf_matched,continued,0,last,density,pvbm,-0.28464851502571675,,,0.25,pre-registered (DECISIONS 2026-09-17 13:30): |delta bias| <= 0.25 sigma,BREACH,runs/pivot/hrf/seed0/abl_cf_matched/pred/bio.csv
delta_r,hrf,hrf,abl_cf_on_base,continued,0,last,density,pvbm,-0.008123937207963339,-0.024673413047658514,0.006509385138615105,-0.05,pre-registered (DECISIONS 2026-09-17 13:30): tortuosity/density delta-r >= -0.05,ok,runs/pivot/hrf/seed0/abl_cf_on_base/pred/bio.csv
delta_bias_sigma,hrf,hrf,abl_cf_on_base,continued,0,last,density,pvbm,-0.14425302338672966,,,0.25,pre-registered (DECISIONS 2026-09-17 13:30): |delta bias| <= 0.25 sigma,ok,runs/pivot/hrf/seed0/abl_cf_on_base/pred/bio.csv
delta_r,hrf,hrf,abl_density_only,continued,0,last,density,pvbm,-0.018436319349431685,-0.036038393118354925,-0.0006318018201584113,-0.05,pre-registered (DECISIONS 2026-09-17 13:30): tortuosity/density delta-r >= -0.05,ok,runs/pivot/hrf/seed0/abl_density_only/pred/bio.csv
delta_bias_sigma,hrf,hrf,abl_density_only,continued,0,last,density,pvbm,-0.3238469971601557,,,0.25,pre-registered (DECISIONS 2026-09-17 13:30): |delta bias| <= 0.25 sigma,BREACH,runs/pivot/hrf/seed0/abl_density_only/pred/bio.csv
delta_r,hrf,hrf,abl_fd_only,continued,0,last,density,pvbm,-0.007467160151838126,-0.013702007453688127,-0.0010493138548654593,-0.05,pre-registered (DECISIONS 2026-09-17 13:30): tortuosity/density delta-r >= -0.05,ok,runs/pivot/hrf/seed0/abl_fd_only/pred/bio.csv
delta_bias_sigma,hrf,hrf,abl_fd_only,continued,0,last,density,pvbm,0.08044697892006086,,,0.25,pre-registered (DECISIONS 2026-09-17 13:30): |delta bias| <= 0.25 sigma,ok,runs/pivot/hrf/seed0/abl_fd_only/pred/bio.csv
delta_r,hrf,hrf,abl_fixed_ladder,continued,0,last,density,pvbm,-0.03721927945278414,-0.06767323082558754,-0.00662754613999786,-0.05,pre-registered (DECISIONS 2026-09-17 13:30): tortuosity/density delta-r >= -0.05,AT-RISK,runs/pivot/hrf/seed0/abl_fixed_ladder/pred/bio.csv
delta_bias_sigma,hrf,hrf,abl_fixed_ladder,continued,0,last,density,pvbm,-0.2921384464682203,,,0.25,pre-registered (DECISIONS 2026-09-17 13:30): |delta bias| <= 0.25 sigma,BREACH,runs/pivot/hrf/seed0/abl_fixed_ladder/pred/bio.csv
delta_r,hrf,hrf,abl_length_only,continued,0,last,density,pvbm,0.004555068523535377,-0.01586355140562994,0.029220241883136915,-0.05,pre-registered (DECISIONS 2026-09-17 13:30): tortuosity/density delta-r >= -0.05,ok,runs/pivot/hrf/seed0/abl_length_only/pred/bio.csv
delta_bias_sigma,hrf,hrf,abl_length_only,continued,0,last,density,pvbm,0.2029740679472894,,,0.25,pre-registered (DECISIONS 2026-09-17 13:30): |delta bias| <= 0.25 sigma,ok,runs/pivot/hrf/seed0/abl_length_only/pred/bio.csv
delta_r,hrf,hrf,abl_no_density,continued,0,last,density,pvbm,-0.0140256125633893,-0.041825505399566636,0.015770692499500395,-0.05,pre-registered (DECISIONS 2026-09-17 13:30): tortuosity/density delta-r >= -0.05,ok,runs/pivot/hrf/seed0/abl_no_density/pred/bio.csv
delta_bias_sigma,hrf,hrf,abl_no_density,continued,0,last,density,pvbm,0.18439521982729107,,,0.25,pre-registered (DECISIONS 2026-09-17 13:30): |delta bias| <= 0.25 sigma,ok,runs/pivot/hrf/seed0/abl_no_density/pred/bio.csv
delta_r,hrf,hrf,abl_no_fd,continued,0,last,density,pvbm,-0.01808584341412045,-0.04073555172112459,0.003791106739793498,-0.05,pre-registered (DECISIONS 2026-09-17 13:30): tortuosity/density delta-r >= -0.05,ok,runs/pivot/hrf/seed0/abl_no_fd/pred/bio.csv
delta_bias_sigma,hrf,hrf,abl_no_fd,continued,0,last,density,pvbm,-0.3260460272221092,,,0.25,pre-registered (DECISIONS 2026-09-17 13:30): |delta bias| <= 0.25 sigma,BREACH,runs/pivot/hrf/seed0/abl_no_fd/pred/bio.csv
delta_r,hrf,hrf,abl_no_length,continued,0,last,density,pvbm,-0.024666809510264454,-0.04396011556082424,-0.003654819463355635,-0.05,pre-registered (DECISIONS 2026-09-17 13:30): tortuosity/density delta-r >= -0.05,ok,runs/pivot/hrf/seed0/abl_no_length/pred/bio.csv
delta_bias_sigma,hrf,hrf,abl_no_length,continued,0,last,density,pvbm,-0.3442768718014366,,,0.25,pre-registered (DECISIONS 2026-09-17 13:30): |delta bias| <= 0.25 sigma,BREACH,runs/pivot/hrf/seed0/abl_no_length/pred/bio.csv
delta_r,hrf,hrf,cfloss,continued,0,last,density,pvbm,-0.0423878334497827,-0.07880704076980806,-0.009113659862870233,-0.05,pre-registered (DECISIONS 2026-09-17 13:30): tortuosity/density delta-r >= -0.05,AT-RISK,runs/pivot/hrf/seed0/cfloss/pred/bio.csv
delta_bias_sigma,hrf,hrf,cfloss,continued,0,last,density,pvbm,-0.780874341859622,,,0.25,pre-registered (DECISIONS 2026-09-17 13:30): |delta bias| <= 0.25 sigma,BREACH,runs/pivot/hrf/seed0/cfloss/pred/bio.csv
delta_r,hrf,hrf,cfloss,continued,1,last,density,pvbm,-0.029237760769959098,-0.08238312738113918,0.018741048498201976,-0.05,pre-registered (DECISIONS 2026-09-17 13:30): tortuosity/density delta-r >= -0.05,AT-RISK,runs/pivot/hrf/seed1/cfloss/pred/bio.csv
delta_bias_sigma,hrf,hrf,cfloss,continued,1,last,density,pvbm,-0.7416910588777671,,,0.25,pre-registered (DECISIONS 2026-09-17 13:30): |delta bias| <= 0.25 sigma,BREACH,runs/pivot/hrf/seed1/cfloss/pred/bio.csv
delta_r,hrf,hrf,cfloss,continued,2,last,density,pvbm,-0.03807645197452403,-0.07506509017665708,-0.006874069296550816,-0.05,pre-registered (DECISIONS 2026-09-17 13:30): tortuosity/density delta-r >= -0.05,AT-RISK,runs/pivot/hrf/seed2/cfloss/pred/bio.csv
delta_bias_sigma,hrf,hrf,cfloss,continued,2,last,density,pvbm,-0.6887706997372287,,,0.25,pre-registered (DECISIONS 2026-09-17 13:30): |delta bias| <= 0.25 sigma,BREACH,runs/pivot/hrf/seed2/cfloss/pred/bio.csv
delta_r,hrf,hrf,reliseg,continued,0,last,density,pvbm,-0.023276131252457533,-0.044292164204391714,-0.00041161932856440187,-0.05,pre-registered (DECISIONS 2026-09-17 13:30): tortuosity/density delta-r >= -0.05,ok,runs/pivot/hrf/seed0/reliseg/pred/bio.csv
delta_bias_sigma,hrf,hrf,reliseg,continued,0,last,density,pvbm,-0.30922113683624924,,,0.25,pre-registered (DECISIONS 2026-09-17 13:30): |delta bias| <= 0.25 sigma,BREACH,runs/pivot/hrf/seed0/reliseg/pred/bio.csv
delta_r,hrf,hrf,reliseg,continued,1,last,density,pvbm,0.00019368271661424075,-0.016381789550895566,0.01389352181194506,-0.05,pre-registered (DECISIONS 2026-09-17 13:30): tortuosity/density delta-r >= -0.05,ok,runs/pivot/hrf/seed1/reliseg/pred/bio.csv
delta_bias_sigma,hrf,hrf,reliseg,continued,1,last,density,pvbm,-0.2774318989765471,,,0.25,pre-registered (DECISIONS 2026-09-17 13:30): |delta bias| <= 0.25 sigma,BREACH,runs/pivot/hrf/seed1/reliseg/pred/bio.csv
delta_r,hrf,hrf,reliseg,continued,2,last,density,pvbm,-0.005789101628520199,-0.03095820814494681,0.019935753981224363,-0.05,pre-registered (DECISIONS 2026-09-17 13:30): tortuosity/density delta-r >= -0.05,ok,runs/pivot/hrf/seed2/reliseg/pred/bio.csv
delta_bias_sigma,hrf,hrf,reliseg,continued,2,last,density,pvbm,-0.24703243256548507,,,0.25,pre-registered (DECISIONS 2026-09-17 13:30): |delta bias| <= 0.25 sigma,ok,runs/pivot/hrf/seed2/reliseg/pred/bio.csv
delta_r,hrf,hrf,reliseg_nocl,continued,0,last,density,pvbm,-0.01989864251469753,-0.045821417337987044,0.0092130162804327,-0.05,pre-registered (DECISIONS 2026-09-17 13:30): tortuosity/density delta-r >= -0.05,ok,runs/pivot/hrf/seed0/reliseg_nocl/pred/bio.csv
delta_bias_sigma,hrf,hrf,reliseg_nocl,continued,0,last,density,pvbm,-0.4053543273804387,,,0.25,pre-registered (DECISIONS 2026-09-17 13:30): |delta bias| <= 0.25 sigma,BREACH,runs/pivot/hrf/seed0/reliseg_nocl/pred/bio.csv
delta_r,hrf,hrf,reliseg_nocl,continued,1,last,density,pvbm,-0.003384232745831217,-0.025253766007726244,0.011896741733573359,-0.05,pre-registered (DECISIONS 2026-09-17 13:30): tortuosity/density delta-r >= -0.05,ok,runs/pivot/hrf/seed1/reliseg_nocl/pred/bio.csv
delta_bias_sigma,hrf,hrf,reliseg_nocl,continued,1,last,density,pvbm,-0.43663618859641773,,,0.25,pre-registered (DECISIONS 2026-09-17 13:30): |delta bias| <= 0.25 sigma,BREACH,runs/pivot/hrf/seed1/reliseg_nocl/pred/bio.csv
delta_r,hrf,hrf,reliseg_nocl,continued,2,last,density,pvbm,-0.017195069418829978,-0.04912790048471874,0.015132471709325065,-0.05,pre-registered (DECISIONS 2026-09-17 13:30): tortuosity/density delta-r >= -0.05,ok,runs/pivot/hrf/seed2/reliseg_nocl/pred/bio.csv
delta_bias_sigma,hrf,hrf,reliseg_nocl,continued,2,last,density,pvbm,-0.42865834886041493,,,0.25,pre-registered (DECISIONS 2026-09-17 13:30): |delta bias| <= 0.25 sigma,BREACH,runs/pivot/hrf/seed2/reliseg_nocl/pred/bio.csv
delta_r,hrf,hrf,cfloss,continued,"pooled(0,1,2)",last,density,pvbm,-0.03656734873142194,-0.07382095393541566,-0.001966493549628029,-0.05,pre-registered (DECISIONS 2026-09-17 13:30): tortuosity/density delta-r >= -0.05,AT-RISK,"runs/pivot/hrf/seed{0,1,2}/cfloss/pred/bio.csv"
delta_bias_sigma,hrf,hrf,cfloss,continued,"pooled(0,1,2)",last,density,pvbm,-0.7371120334915394,,,0.25,pre-registered (DECISIONS 2026-09-17 13:30): |delta bias| <= 0.25 sigma,BREACH,"runs/pivot/hrf/seed{0,1,2}/cfloss/pred/bio.csv"
delta_r,hrf,hrf,reliseg,continued,"pooled(0,1,2)",last,density,pvbm,-0.00962385005478783,-0.023400165947281955,0.005911343835254663,-0.05,pre-registered (DECISIONS 2026-09-17 13:30): tortuosity/density delta-r >= -0.05,ok,"runs/pivot/hrf/seed{0,1,2}/reliseg/pred/bio.csv"
delta_bias_sigma,hrf,hrf,reliseg,continued,"pooled(0,1,2)",last,density,pvbm,-0.27789515612609383,,,0.25,pre-registered (DECISIONS 2026-09-17 13:30): |delta bias| <= 0.25 sigma,BREACH,"runs/pivot/hrf/seed{0,1,2}/reliseg/pred/bio.csv"
delta_r,hrf,hrf,reliseg_nocl,continued,"pooled(0,1,2)",last,density,pvbm,-0.013492648226452908,-0.03174078574977046,0.005386223883505328,-0.05,pre-registered (DECISIONS 2026-09-17 13:30): tortuosity/density delta-r >= -0.05,ok,"runs/pivot/hrf/seed{0,1,2}/reliseg_nocl/pred/bio.csv"
delta_bias_sigma,hrf,hrf,reliseg_nocl,continued,"pooled(0,1,2)",last,density,pvbm,-0.42354962161242377,,,0.25,pre-registered (DECISIONS 2026-09-17 13:30): |delta bias| <= 0.25 sigma,BREACH,"runs/pivot/hrf/seed{0,1,2}/reliseg_nocl/pred/bio.csv"
delta_r,hrf,hrf,abl_cf_matched,baseline,0,last,density,skan,-0.04408986402000015,-0.0844653299584114,0.0033503225337368843,-0.05,pre-registered (DECISIONS 2026-09-17 13:30): tortuosity/density delta-r >= -0.05,AT-RISK,runs/pivot/hrf/seed0/abl_cf_matched/pred/bio.csv
delta_bias_sigma,hrf,hrf,abl_cf_matched,baseline,0,last,density,skan,-0.3323490143987138,,,0.25,pre-registered (DECISIONS 2026-09-17 13:30): |delta bias| <= 0.25 sigma,BREACH,runs/pivot/hrf/seed0/abl_cf_matched/pred/bio.csv
delta_r,hrf,hrf,abl_cf_on_base,baseline,0,last,density,skan,-0.012578714695738236,-0.060571522396131776,0.04264755431823996,-0.05,pre-registered (DECISIONS 2026-09-17 13:30): tortuosity/density delta-r >= -0.05,AT-RISK,runs/pivot/hrf/seed0/abl_cf_on_base/pred/bio.csv
delta_bias_sigma,hrf,hrf,abl_cf_on_base,baseline,0,last,density,skan,-0.19195352275972674,,,0.25,pre-registered (DECISIONS 2026-09-17 13:30): |delta bias| <= 0.25 sigma,ok,runs/pivot/hrf/seed0/abl_cf_on_base/pred/bio.csv
delta_r,hrf,hrf,abl_density_only,baseline,0,last,density,skan,-0.02289109683720658,-0.07673561241462305,0.041629810744128394,-0.05,pre-registered (DECISIONS 2026-09-17 13:30): tortuosity/density delta-r >= -0.05,AT-RISK,runs/pivot/hrf/seed0/abl_density_only/pred/bio.csv
delta_bias_sigma,hrf,hrf,abl_density_only,baseline,0,last,density,skan,-0.3715474965331528,,,0.25,pre-registered (DECISIONS 2026-09-17 13:30): |delta bias| <= 0.25 sigma,BREACH,runs/pivot/hrf/seed0/abl_density_only/pred/bio.csv
delta_r,hrf,hrf,abl_fd_only,baseline,0,last,density,skan,-0.011921937639613023,-0.06604505058458668,0.05202390927329504,-0.05,pre-registered (DECISIONS 2026-09-17 13:30): tortuosity/density delta-r >= -0.05,AT-RISK,runs/pivot/hrf/seed0/abl_fd_only/pred/bio.csv
delta_bias_sigma,hrf,hrf,abl_fd_only,baseline,0,last,density,skan,0.03274647954706378,,,0.25,pre-registered (DECISIONS 2026-09-17 13:30): |delta bias| <= 0.25 sigma,ok,runs/pivot/hrf/seed0/abl_fd_only/pred/bio.csv
delta_r,hrf,hrf,abl_fixed_ladder,baseline,0,last,density,skan,-0.041674056940559034,-0.08776552121282027,0.01686140842086418,-0.05,pre-registered (DECISIONS 2026-09-17 13:30): tortuosity/density delta-r >= -0.05,AT-RISK,runs/pivot/hrf/seed0/abl_fixed_ladder/pred/bio.csv
delta_bias_sigma,hrf,hrf,abl_fixed_ladder,baseline,0,last,density,skan,-0.3398389458412174,,,0.25,pre-registered (DECISIONS 2026-09-17 13:30): |delta bias| <= 0.25 sigma,BREACH,runs/pivot/hrf/seed0/abl_fixed_ladder/pred/bio.csv
delta_r,hrf,hrf,abl_length_only,baseline,0,last,density,skan,0.00010029103576048026,-0.058366906867062,0.07251907911620853,-0.05,pre-registered (DECISIONS 2026-09-17 13:30): tortuosity/density delta-r >= -0.05,AT-RISK,runs/pivot/hrf/seed0/abl_length_only/pred/bio.csv
delta_bias_sigma,hrf,hrf,abl_length_only,baseline,0,last,density,skan,0.1552735685742923,,,0.25,pre-registered (DECISIONS 2026-09-17 13:30): |delta bias| <= 0.25 sigma,ok,runs/pivot/hrf/seed0/abl_length_only/pred/bio.csv
delta_r,hrf,hrf,abl_no_density,baseline,0,last,density,skan,-0.018480390051164197,-0.07248907798120485,0.04614776806098389,-0.05,pre-registered (DECISIONS 2026-09-17 13:30): tortuosity/density delta-r >= -0.05,AT-RISK,runs/pivot/hrf/seed0/abl_no_density/pred/bio.csv
delta_bias_sigma,hrf,hrf,abl_no_density,baseline,0,last,density,skan,0.13669472045429398,,,0.25,pre-registered (DECISIONS 2026-09-17 13:30): |delta bias| <= 0.25 sigma,ok,runs/pivot/hrf/seed0/abl_no_density/pred/bio.csv
delta_r,hrf,hrf,abl_no_fd,baseline,0,last,density,skan,-0.022540620901895347,-0.07365885959440706,0.03577463005088336,-0.05,pre-registered (DECISIONS 2026-09-17 13:30): tortuosity/density delta-r >= -0.05,AT-RISK,runs/pivot/hrf/seed0/abl_no_fd/pred/bio.csv
delta_bias_sigma,hrf,hrf,abl_no_fd,baseline,0,last,density,skan,-0.37374652659510627,,,0.25,pre-registered (DECISIONS 2026-09-17 13:30): |delta bias| <= 0.25 sigma,BREACH,runs/pivot/hrf/seed0/abl_no_fd/pred/bio.csv
delta_r,hrf,hrf,abl_no_length,baseline,0,last,density,skan,-0.02912158699803935,-0.08876299745696625,0.045082989661672346,-0.05,pre-registered (DECISIONS 2026-09-17 13:30): tortuosity/density delta-r >= -0.05,AT-RISK,runs/pivot/hrf/seed0/abl_no_length/pred/bio.csv
delta_bias_sigma,hrf,hrf,abl_no_length,baseline,0,last,density,skan,-0.3919773711744337,,,0.25,pre-registered (DECISIONS 2026-09-17 13:30): |delta bias| <= 0.25 sigma,BREACH,runs/pivot/hrf/seed0/abl_no_length/pred/bio.csv
delta_r,hrf,hrf,cfloss,baseline,0,last,density,skan,-0.046842610937557594,-0.0917986849555848,-0.0006277714247745938,-0.05,pre-registered (DECISIONS 2026-09-17 13:30): tortuosity/density delta-r >= -0.05,AT-RISK,runs/pivot/hrf/seed0/cfloss/pred/bio.csv
delta_bias_sigma,hrf,hrf,cfloss,baseline,0,last,density,skan,-0.828574841232619,,,0.25,pre-registered (DECISIONS 2026-09-17 13:30): |delta bias| <= 0.25 sigma,BREACH,runs/pivot/hrf/seed0/cfloss/pred/bio.csv
delta_r,hrf,hrf,cfloss,baseline,1,last,density,skan,0.003584596932355133,-0.0810108385575506,0.07822748886766584,-0.05,pre-registered (DECISIONS 2026-09-17 13:30): tortuosity/density delta-r >= -0.05,AT-RISK,runs/pivot/hrf/seed1/cfloss/pred/bio.csv
delta_bias_sigma,hrf,hrf,cfloss,baseline,1,last,density,skan,-0.5527691438381928,,,0.25,pre-registered (DECISIONS 2026-09-17 13:30): |delta bias| <= 0.25 sigma,BREACH,runs/pivot/hrf/seed1/cfloss/pred/bio.csv
delta_r,hrf,hrf,cfloss,baseline,2,last,density,skan,-0.01760025731259618,-0.07937950029595582,0.037508769771827086,-0.05,pre-registered (DECISIONS 2026-09-17 13:30): tortuosity/density delta-r >= -0.05,AT-RISK,runs/pivot/hrf/seed2/cfloss/pred/bio.csv
delta_bias_sigma,hrf,hrf,cfloss,baseline,2,last,density,skan,-0.599122863366543,,,0.25,pre-registered (DECISIONS 2026-09-17 13:30): |delta bias| <= 0.25 sigma,BREACH,runs/pivot/hrf/seed2/cfloss/pred/bio.csv
delta_r,hrf,hrf,continued,baseline,0,last,density,skan,-0.004454777487774897,-0.060007650265341966,0.06060259730145494,-0.05,pre-registered (DECISIONS 2026-09-17 13:30): tortuosity/density delta-r >= -0.05,AT-RISK,runs/pivot/hrf/seed0/continued/pred/bio.csv
delta_bias_sigma,hrf,hrf,continued,baseline,0,last,density,skan,-0.047700499372997085,,,0.25,pre-registered (DECISIONS 2026-09-17 13:30): |delta bias| <= 0.25 sigma,ok,runs/pivot/hrf/seed0/continued/pred/bio.csv
delta_r,hrf,hrf,continued,baseline,1,last,density,skan,0.03282235770231423,-0.02593741915887572,0.09147090220596599,-0.05,pre-registered (DECISIONS 2026-09-17 13:30): tortuosity/density delta-r >= -0.05,ok,runs/pivot/hrf/seed1/continued/pred/bio.csv
delta_bias_sigma,hrf,hrf,continued,baseline,1,last,density,skan,0.1889219150395743,,,0.25,pre-registered (DECISIONS 2026-09-17 13:30): |delta bias| <= 0.25 sigma,ok,runs/pivot/hrf/seed1/continued/pred/bio.csv
delta_r,hrf,hrf,continued,baseline,2,last,density,skan,0.02047619466192785,-0.03828010654663367,0.07777220614716085,-0.05,pre-registered (DECISIONS 2026-09-17 13:30): tortuosity/density delta-r >= -0.05,ok,runs/pivot/hrf/seed2/continued/pred/bio.csv
delta_bias_sigma,hrf,hrf,continued,baseline,2,last,density,skan,0.08964783637068574,,,0.25,pre-registered (DECISIONS 2026-09-17 13:30): |delta bias| <= 0.25 sigma,ok,runs/pivot/hrf/seed2/continued/pred/bio.csv
delta_r,hrf,hrf,reliseg,baseline,0,last,density,skan,-0.02773090874023243,-0.07274043396332917,0.029502223928904146,-0.05,pre-registered (DECISIONS 2026-09-17 13:30): tortuosity/density delta-r >= -0.05,AT-RISK,runs/pivot/hrf/seed0/reliseg/pred/bio.csv
delta_bias_sigma,hrf,hrf,reliseg,baseline,0,last,density,skan,-0.35692163620924633,,,0.25,pre-registered (DECISIONS 2026-09-17 13:30): |delta bias| <= 0.25 sigma,BREACH,runs/pivot/hrf/seed0/reliseg/pred/bio.csv
delta_r,hrf,hrf,reliseg,baseline,1,last,density,skan,0.03301604041892847,-0.03283962597878629,0.09834859348734237,-0.05,pre-registered (DECISIONS 2026-09-17 13:30): tortuosity/density delta-r >= -0.05,ok,runs/pivot/hrf/seed1/reliseg/pred/bio.csv
delta_bias_sigma,hrf,hrf,reliseg,baseline,1,last,density,skan,-0.08850998393697279,,,0.25,pre-registered (DECISIONS 2026-09-17 13:30): |delta bias| <= 0.25 sigma,ok,runs/pivot/hrf/seed1/reliseg/pred/bio.csv
delta_r,hrf,hrf,reliseg,baseline,2,last,density,skan,0.01468709303340765,-0.060246529272241604,0.09224826597711783,-0.05,pre-registered (DECISIONS 2026-09-17 13:30): tortuosity/density delta-r >= -0.05,AT-RISK,runs/pivot/hrf/seed2/reliseg/pred/bio.csv
delta_bias_sigma,hrf,hrf,reliseg,baseline,2,last,density,skan,-0.15738459619479933,,,0.25,pre-registered (DECISIONS 2026-09-17 13:30): |delta bias| <= 0.25 sigma,ok,runs/pivot/hrf/seed2/reliseg/pred/bio.csv
delta_r,hrf,hrf,reliseg_nocl,baseline,0,last,density,skan,-0.024353420002472426,-0.07550530962436158,0.0364917009422287,-0.05,pre-registered (DECISIONS 2026-09-17 13:30): tortuosity/density delta-r >= -0.05,AT-RISK,runs/pivot/hrf/seed0/reliseg_nocl/pred/bio.csv
delta_bias_sigma,hrf,hrf,reliseg_nocl,baseline,0,last,density,skan,-0.4530548267534358,,,0.25,pre-registered (DECISIONS 2026-09-17 13:30): |delta bias| <= 0.25 sigma,BREACH,runs/pivot/hrf/seed0/reliseg_nocl/pred/bio.csv
delta_r,hrf,hrf,reliseg_nocl,baseline,1,last,density,skan,0.029438124956483014,-0.03179291366991291,0.08814945944917714,-0.05,pre-registered (DECISIONS 2026-09-17 13:30): tortuosity/density delta-r >= -0.05,ok,runs/pivot/hrf/seed1/reliseg_nocl/pred/bio.csv
delta_bias_sigma,hrf,hrf,reliseg_nocl,baseline,1,last,density,skan,-0.2477142735568434,,,0.25,pre-registered (DECISIONS 2026-09-17 13:30): |delta bias| <= 0.25 sigma,ok,runs/pivot/hrf/seed1/reliseg_nocl/pred/bio.csv
delta_r,hrf,hrf,reliseg_nocl,baseline,2,last,density,skan,0.003281125243097871,-0.07725840668977696,0.08481334299282949,-0.05,pre-registered (DECISIONS 2026-09-17 13:30): tortuosity/density delta-r >= -0.05,AT-RISK,runs/pivot/hrf/seed2/reliseg_nocl/pred/bio.csv
delta_bias_sigma,hrf,hrf,reliseg_nocl,baseline,2,last,density,skan,-0.3390105124897292,,,0.25,pre-registered (DECISIONS 2026-09-17 13:30): |delta bias| <= 0.25 sigma,BREACH,runs/pivot/hrf/seed2/reliseg_nocl/pred/bio.csv
delta_r,hrf,hrf,cfloss,baseline,"pooled(0,1,2)",last,density,skan,-0.020286090439266213,-0.061068117719924306,0.017737797652847248,-0.05,pre-registered (DECISIONS 2026-09-17 13:30): tortuosity/density delta-r >= -0.05,AT-RISK,"runs/pivot/hrf/seed{0,1,2}/cfloss/pred/bio.csv"
delta_bias_sigma,hrf,hrf,cfloss,baseline,"pooled(0,1,2)",last,density,skan,-0.660155616145785,,,0.25,pre-registered (DECISIONS 2026-09-17 13:30): |delta bias| <= 0.25 sigma,BREACH,"runs/pivot/hrf/seed{0,1,2}/cfloss/pred/bio.csv"
delta_r,hrf,hrf,continued,baseline,"pooled(0,1,2)",last,density,skan,0.016281258292155727,-0.018442755358101092,0.05282701184548447,-0.05,pre-registered (DECISIONS 2026-09-17 13:30): tortuosity/density delta-r >= -0.05,ok,"runs/pivot/hrf/seed{0,1,2}/continued/pred/bio.csv"
delta_bias_sigma,hrf,hrf,continued,baseline,"pooled(0,1,2)",last,density,skan,0.07695641734575433,,,0.25,pre-registered (DECISIONS 2026-09-17 13:30): |delta bias| <= 0.25 sigma,ok,"runs/pivot/hrf/seed{0,1,2}/continued/pred/bio.csv"
delta_r,hrf,hrf,reliseg,baseline,"pooled(0,1,2)",last,density,skan,0.006657408237367897,-0.030728727236890328,0.04868173542419126,-0.05,pre-registered (DECISIONS 2026-09-17 13:30): tortuosity/density delta-r >= -0.05,ok,"runs/pivot/hrf/seed{0,1,2}/reliseg/pred/bio.csv"
delta_bias_sigma,hrf,hrf,reliseg,baseline,"pooled(0,1,2)",last,density,skan,-0.2009387387803395,,,0.25,pre-registered (DECISIONS 2026-09-17 13:30): |delta bias| <= 0.25 sigma,ok,"runs/pivot/hrf/seed{0,1,2}/reliseg/pred/bio.csv"
delta_r,hrf,hrf,reliseg_nocl,baseline,"pooled(0,1,2)",last,density,skan,0.00278861006570282,-0.04219584164896042,0.04954020501643363,-0.05,pre-registered (DECISIONS 2026-09-17 13:30): tortuosity/density delta-r >= -0.05,ok,"runs/pivot/hrf/seed{0,1,2}/reliseg_nocl/pred/bio.csv"
delta_bias_sigma,hrf,hrf,reliseg_nocl,baseline,"pooled(0,1,2)",last,density,skan,-0.34659320426666945,,,0.25,pre-registered (DECISIONS 2026-09-17 13:30): |delta bias| <= 0.25 sigma,BREACH,"runs/pivot/hrf/seed{0,1,2}/reliseg_nocl/pred/bio.csv"
delta_r,hrf,hrf,abl_cf_matched,continued,0,last,density,skan,-0.03963508653222525,-0.08238224667589582,-0.004245171041734199,-0.05,pre-registered (DECISIONS 2026-09-17 13:30): tortuosity/density delta-r >= -0.05,AT-RISK,runs/pivot/hrf/seed0/abl_cf_matched/pred/bio.csv
delta_bias_sigma,hrf,hrf,abl_cf_matched,continued,0,last,density,skan,-0.28464851502571675,,,0.25,pre-registered (DECISIONS 2026-09-17 13:30): |delta bias| <= 0.25 sigma,BREACH,runs/pivot/hrf/seed0/abl_cf_matched/pred/bio.csv
delta_r,hrf,hrf,abl_cf_on_base,continued,0,last,density,skan,-0.008123937207963339,-0.024673413047658514,0.006509385138615105,-0.05,pre-registered (DECISIONS 2026-09-17 13:30): tortuosity/density delta-r >= -0.05,ok,runs/pivot/hrf/seed0/abl_cf_on_base/pred/bio.csv
delta_bias_sigma,hrf,hrf,abl_cf_on_base,continued,0,last,density,skan,-0.14425302338672966,,,0.25,pre-registered (DECISIONS 2026-09-17 13:30): |delta bias| <= 0.25 sigma,ok,runs/pivot/hrf/seed0/abl_cf_on_base/pred/bio.csv
delta_r,hrf,hrf,abl_density_only,continued,0,last,density,skan,-0.018436319349431685,-0.036038393118354925,-0.0006318018201584113,-0.05,pre-registered (DECISIONS 2026-09-17 13:30): tortuosity/density delta-r >= -0.05,ok,runs/pivot/hrf/seed0/abl_density_only/pred/bio.csv
delta_bias_sigma,hrf,hrf,abl_density_only,continued,0,last,density,skan,-0.3238469971601557,,,0.25,pre-registered (DECISIONS 2026-09-17 13:30): |delta bias| <= 0.25 sigma,BREACH,runs/pivot/hrf/seed0/abl_density_only/pred/bio.csv
delta_r,hrf,hrf,abl_fd_only,continued,0,last,density,skan,-0.007467160151838126,-0.013702007453688127,-0.0010493138548654593,-0.05,pre-registered (DECISIONS 2026-09-17 13:30): tortuosity/density delta-r >= -0.05,ok,runs/pivot/hrf/seed0/abl_fd_only/pred/bio.csv
delta_bias_sigma,hrf,hrf,abl_fd_only,continued,0,last,density,skan,0.08044697892006086,,,0.25,pre-registered (DECISIONS 2026-09-17 13:30): |delta bias| <= 0.25 sigma,ok,runs/pivot/hrf/seed0/abl_fd_only/pred/bio.csv
delta_r,hrf,hrf,abl_fixed_ladder,continued,0,last,density,skan,-0.03721927945278414,-0.06767323082558754,-0.00662754613999786,-0.05,pre-registered (DECISIONS 2026-09-17 13:30): tortuosity/density delta-r >= -0.05,AT-RISK,runs/pivot/hrf/seed0/abl_fixed_ladder/pred/bio.csv
delta_bias_sigma,hrf,hrf,abl_fixed_ladder,continued,0,last,density,skan,-0.2921384464682203,,,0.25,pre-registered (DECISIONS 2026-09-17 13:30): |delta bias| <= 0.25 sigma,BREACH,runs/pivot/hrf/seed0/abl_fixed_ladder/pred/bio.csv
delta_r,hrf,hrf,abl_length_only,continued,0,last,density,skan,0.004555068523535377,-0.01586355140562994,0.029220241883136915,-0.05,pre-registered (DECISIONS 2026-09-17 13:30): tortuosity/density delta-r >= -0.05,ok,runs/pivot/hrf/seed0/abl_length_only/pred/bio.csv
delta_bias_sigma,hrf,hrf,abl_length_only,continued,0,last,density,skan,0.2029740679472894,,,0.25,pre-registered (DECISIONS 2026-09-17 13:30): |delta bias| <= 0.25 sigma,ok,runs/pivot/hrf/seed0/abl_length_only/pred/bio.csv
delta_r,hrf,hrf,abl_no_density,continued,0,last,density,skan,-0.0140256125633893,-0.041825505399566636,0.015770692499500395,-0.05,pre-registered (DECISIONS 2026-09-17 13:30): tortuosity/density delta-r >= -0.05,ok,runs/pivot/hrf/seed0/abl_no_density/pred/bio.csv
delta_bias_sigma,hrf,hrf,abl_no_density,continued,0,last,density,skan,0.18439521982729107,,,0.25,pre-registered (DECISIONS 2026-09-17 13:30): |delta bias| <= 0.25 sigma,ok,runs/pivot/hrf/seed0/abl_no_density/pred/bio.csv
delta_r,hrf,hrf,abl_no_fd,continued,0,last,density,skan,-0.01808584341412045,-0.04073555172112459,0.003791106739793498,-0.05,pre-registered (DECISIONS 2026-09-17 13:30): tortuosity/density delta-r >= -0.05,ok,runs/pivot/hrf/seed0/abl_no_fd/pred/bio.csv
delta_bias_sigma,hrf,hrf,abl_no_fd,continued,0,last,density,skan,-0.3260460272221092,,,0.25,pre-registered (DECISIONS 2026-09-17 13:30): |delta bias| <= 0.25 sigma,BREACH,runs/pivot/hrf/seed0/abl_no_fd/pred/bio.csv
delta_r,hrf,hrf,abl_no_length,continued,0,last,density,skan,-0.024666809510264454,-0.04396011556082424,-0.003654819463355635,-0.05,pre-registered (DECISIONS 2026-09-17 13:30): tortuosity/density delta-r >= -0.05,ok,runs/pivot/hrf/seed0/abl_no_length/pred/bio.csv
delta_bias_sigma,hrf,hrf,abl_no_length,continued,0,last,density,skan,-0.3442768718014366,,,0.25,pre-registered (DECISIONS 2026-09-17 13:30): |delta bias| <= 0.25 sigma,BREACH,runs/pivot/hrf/seed0/abl_no_length/pred/bio.csv
delta_r,hrf,hrf,cfloss,continued,0,last,density,skan,-0.0423878334497827,-0.07880704076980806,-0.009113659862870233,-0.05,pre-registered (DECISIONS 2026-09-17 13:30): tortuosity/density delta-r >= -0.05,AT-RISK,runs/pivot/hrf/seed0/cfloss/pred/bio.csv
delta_bias_sigma,hrf,hrf,cfloss,continued,0,last,density,skan,-0.780874341859622,,,0.25,pre-registered (DECISIONS 2026-09-17 13:30): |delta bias| <= 0.25 sigma,BREACH,runs/pivot/hrf/seed0/cfloss/pred/bio.csv
delta_r,hrf,hrf,cfloss,continued,1,last,density,skan,-0.029237760769959098,-0.08238312738113918,0.018741048498201976,-0.05,pre-registered (DECISIONS 2026-09-17 13:30): tortuosity/density delta-r >= -0.05,AT-RISK,runs/pivot/hrf/seed1/cfloss/pred/bio.csv
delta_bias_sigma,hrf,hrf,cfloss,continued,1,last,density,skan,-0.7416910588777671,,,0.25,pre-registered (DECISIONS 2026-09-17 13:30): |delta bias| <= 0.25 sigma,BREACH,runs/pivot/hrf/seed1/cfloss/pred/bio.csv
delta_r,hrf,hrf,cfloss,continued,2,last,density,skan,-0.03807645197452403,-0.07506509017665708,-0.006874069296550816,-0.05,pre-registered (DECISIONS 2026-09-17 13:30): tortuosity/density delta-r >= -0.05,AT-RISK,runs/pivot/hrf/seed2/cfloss/pred/bio.csv
delta_bias_sigma,hrf,hrf,cfloss,continued,2,last,density,skan,-0.6887706997372287,,,0.25,pre-registered (DECISIONS 2026-09-17 13:30): |delta bias| <= 0.25 sigma,BREACH,runs/pivot/hrf/seed2/cfloss/pred/bio.csv
delta_r,hrf,hrf,reliseg,continued,0,last,density,skan,-0.023276131252457533,-0.044292164204391714,-0.00041161932856440187,-0.05,pre-registered (DECISIONS 2026-09-17 13:30): tortuosity/density delta-r >= -0.05,ok,runs/pivot/hrf/seed0/reliseg/pred/bio.csv
delta_bias_sigma,hrf,hrf,reliseg,continued,0,last,density,skan,-0.30922113683624924,,,0.25,pre-registered (DECISIONS 2026-09-17 13:30): |delta bias| <= 0.25 sigma,BREACH,runs/pivot/hrf/seed0/reliseg/pred/bio.csv
delta_r,hrf,hrf,reliseg,continued,1,last,density,skan,0.00019368271661424075,-0.016381789550895566,0.01389352181194506,-0.05,pre-registered (DECISIONS 2026-09-17 13:30): tortuosity/density delta-r >= -0.05,ok,runs/pivot/hrf/seed1/reliseg/pred/bio.csv
delta_bias_sigma,hrf,hrf,reliseg,continued,1,last,density,skan,-0.2774318989765471,,,0.25,pre-registered (DECISIONS 2026-09-17 13:30): |delta bias| <= 0.25 sigma,BREACH,runs/pivot/hrf/seed1/reliseg/pred/bio.csv
delta_r,hrf,hrf,reliseg,continued,2,last,density,skan,-0.005789101628520199,-0.03095820814494681,0.019935753981224363,-0.05,pre-registered (DECISIONS 2026-09-17 13:30): tortuosity/density delta-r >= -0.05,ok,runs/pivot/hrf/seed2/reliseg/pred/bio.csv
delta_bias_sigma,hrf,hrf,reliseg,continued,2,last,density,skan,-0.24703243256548507,,,0.25,pre-registered (DECISIONS 2026-09-17 13:30): |delta bias| <= 0.25 sigma,ok,runs/pivot/hrf/seed2/reliseg/pred/bio.csv
delta_r,hrf,hrf,reliseg_nocl,continued,0,last,density,skan,-0.01989864251469753,-0.045821417337987044,0.0092130162804327,-0.05,pre-registered (DECISIONS 2026-09-17 13:30): tortuosity/density delta-r >= -0.05,ok,runs/pivot/hrf/seed0/reliseg_nocl/pred/bio.csv
delta_bias_sigma,hrf,hrf,reliseg_nocl,continued,0,last,density,skan,-0.4053543273804387,,,0.25,pre-registered (DECISIONS 2026-09-17 13:30): |delta bias| <= 0.25 sigma,BREACH,runs/pivot/hrf/seed0/reliseg_nocl/pred/bio.csv
delta_r,hrf,hrf,reliseg_nocl,continued,1,last,density,skan,-0.003384232745831217,-0.025253766007726244,0.011896741733573359,-0.05,pre-registered (DECISIONS 2026-09-17 13:30): tortuosity/density delta-r >= -0.05,ok,runs/pivot/hrf/seed1/reliseg_nocl/pred/bio.csv
delta_bias_sigma,hrf,hrf,reliseg_nocl,continued,1,last,density,skan,-0.43663618859641773,,,0.25,pre-registered (DECISIONS 2026-09-17 13:30): |delta bias| <= 0.25 sigma,BREACH,runs/pivot/hrf/seed1/reliseg_nocl/pred/bio.csv
delta_r,hrf,hrf,reliseg_nocl,continued,2,last,density,skan,-0.017195069418829978,-0.04912790048471874,0.015132471709325065,-0.05,pre-registered (DECISIONS 2026-09-17 13:30): tortuosity/density delta-r >= -0.05,ok,runs/pivot/hrf/seed2/reliseg_nocl/pred/bio.csv
delta_bias_sigma,hrf,hrf,reliseg_nocl,continued,2,last,density,skan,-0.42865834886041493,,,0.25,pre-registered (DECISIONS 2026-09-17 13:30): |delta bias| <= 0.25 sigma,BREACH,runs/pivot/hrf/seed2/reliseg_nocl/pred/bio.csv
delta_r,hrf,hrf,cfloss,continued,"pooled(0,1,2)",last,density,skan,-0.03656734873142194,-0.07382095393541566,-0.001966493549628029,-0.05,pre-registered (DECISIONS 2026-09-17 13:30): tortuosity/density delta-r >= -0.05,AT-RISK,"runs/pivot/hrf/seed{0,1,2}/cfloss/pred/bio.csv"
delta_bias_sigma,hrf,hrf,cfloss,continued,"pooled(0,1,2)",last,density,skan,-0.7371120334915394,,,0.25,pre-registered (DECISIONS 2026-09-17 13:30): |delta bias| <= 0.25 sigma,BREACH,"runs/pivot/hrf/seed{0,1,2}/cfloss/pred/bio.csv"
delta_r,hrf,hrf,reliseg,continued,"pooled(0,1,2)",last,density,skan,-0.00962385005478783,-0.023400165947281955,0.005911343835254663,-0.05,pre-registered (DECISIONS 2026-09-17 13:30): tortuosity/density delta-r >= -0.05,ok,"runs/pivot/hrf/seed{0,1,2}/reliseg/pred/bio.csv"
delta_bias_sigma,hrf,hrf,reliseg,continued,"pooled(0,1,2)",last,density,skan,-0.27789515612609383,,,0.25,pre-registered (DECISIONS 2026-09-17 13:30): |delta bias| <= 0.25 sigma,BREACH,"runs/pivot/hrf/seed{0,1,2}/reliseg/pred/bio.csv"
delta_r,hrf,hrf,reliseg_nocl,continued,"pooled(0,1,2)",last,density,skan,-0.013492648226452908,-0.03174078574977046,0.005386223883505328,-0.05,pre-registered (DECISIONS 2026-09-17 13:30): tortuosity/density delta-r >= -0.05,ok,"runs/pivot/hrf/seed{0,1,2}/reliseg_nocl/pred/bio.csv"
delta_bias_sigma,hrf,hrf,reliseg_nocl,continued,"pooled(0,1,2)",last,density,skan,-0.42354962161242377,,,0.25,pre-registered (DECISIONS 2026-09-17 13:30): |delta bias| <= 0.25 sigma,BREACH,"runs/pivot/hrf/seed{0,1,2}/reliseg_nocl/pred/bio.csv"
delta_dice,fives,fives,continued,baseline,0,last,pixel,-,-1.3599159009474587e-05,-0.00038486488564297726,0.0003874165012330893,-0.01,pre-registered non-inferiority: the drop may not exceed 0.01 absolute (proposal v4 安全终点; DECISIONS 2026-09-17 13:30),ok,runs/pivot/fives/seed0/continued/pred/pixel_metrics.csv
delta_cldice,fives,fives,continued,baseline,0,last,pixel,-,0.002396501102549772,0.0019483386227766208,0.0029099999912213783,-0.01,pre-registered non-inferiority: the drop may not exceed 0.01 absolute (proposal v4 安全终点; DECISIONS 2026-09-17 13:30),ok,runs/pivot/fives/seed0/continued/pred/pixel_metrics.csv
delta_dice,fives,fives,continued,baseline,0,fid,pixel,-,-0.00015848919801609977,-0.0005339163601459512,0.00026401953991764677,-0.01,pre-registered non-inferiority: the drop may not exceed 0.01 absolute (proposal v4 安全终点; DECISIONS 2026-09-17 13:30),ok,runs/pivot/fives/seed0/continued/pred_fid/pixel_metrics.csv
delta_cldice,fives,fives,continued,baseline,0,fid,pixel,-,0.0020991213352159433,0.0016703431096581271,0.0025454989253962746,-0.01,pre-registered non-inferiority: the drop may not exceed 0.01 absolute (proposal v4 安全终点; DECISIONS 2026-09-17 13:30),ok,runs/pivot/fives/seed0/continued/pred_fid/pixel_metrics.csv
delta_dice,fives,fives,continued,baseline,1,last,pixel,-,0.0011050518902557258,0.00038968629969770934,0.0020895389340194284,-0.01,pre-registered non-inferiority: the drop may not exceed 0.01 absolute (proposal v4 安全终点; DECISIONS 2026-09-17 13:30),ok,runs/pivot/fives/seed1/continued/pred/pixel_metrics.csv
delta_cldice,fives,fives,continued,baseline,1,last,pixel,-,0.003064728116442554,0.002302878065970169,0.004020066982027046,-0.01,pre-registered non-inferiority: the drop may not exceed 0.01 absolute (proposal v4 安全终点; DECISIONS 2026-09-17 13:30),ok,runs/pivot/fives/seed1/continued/pred/pixel_metrics.csv
delta_dice,fives,fives,continued,baseline,1,fid,pixel,-,0.00010915617958189446,-0.000501543024989125,0.0007801110974328356,-0.01,pre-registered non-inferiority: the drop may not exceed 0.01 absolute (proposal v4 安全终点; DECISIONS 2026-09-17 13:30),ok,runs/pivot/fives/seed1/continued/pred_fid/pixel_metrics.csv
delta_cldice,fives,fives,continued,baseline,1,fid,pixel,-,0.0017175247135234788,0.0011029843585973803,0.0023749184023181408,-0.01,pre-registered non-inferiority: the drop may not exceed 0.01 absolute (proposal v4 安全终点; DECISIONS 2026-09-17 13:30),ok,runs/pivot/fives/seed1/continued/pred_fid/pixel_metrics.csv
delta_dice,fives,fives,continued,baseline,2,last,pixel,-,0.00039127035792382555,-0.0005610364314276861,0.0015116542407415997,-0.01,pre-registered non-inferiority: the drop may not exceed 0.01 absolute (proposal v4 安全终点; DECISIONS 2026-09-17 13:30),ok,runs/pivot/fives/seed2/continued/pred/pixel_metrics.csv
delta_cldice,fives,fives,continued,baseline,2,last,pixel,-,0.003961681922079877,0.002857389457374518,0.0052692601342910475,-0.01,pre-registered non-inferiority: the drop may not exceed 0.01 absolute (proposal v4 安全终点; DECISIONS 2026-09-17 13:30),ok,runs/pivot/fives/seed2/continued/pred/pixel_metrics.csv
delta_dice,fives,fives,continued,baseline,2,fid,pixel,-,-0.0015827800560805987,-0.0025121757848689925,-0.0005706579580554362,-0.01,pre-registered non-inferiority: the drop may not exceed 0.01 absolute (proposal v4 安全终点; DECISIONS 2026-09-17 13:30),ok,runs/pivot/fives/seed2/continued/pred_fid/pixel_metrics.csv
delta_cldice,fives,fives,continued,baseline,2,fid,pixel,-,0.0017929166716883294,0.0008033948618959144,0.002830211901429456,-0.01,pre-registered non-inferiority: the drop may not exceed 0.01 absolute (proposal v4 安全终点; DECISIONS 2026-09-17 13:30),ok,runs/pivot/fives/seed2/continued/pred_fid/pixel_metrics.csv
delta_dice,fives,fives,continued,baseline,3,last,pixel,-,0.0032271852715609907,0.002447067068619898,0.004070039082675407,-0.01,pre-registered non-inferiority: the drop may not exceed 0.01 absolute (proposal v4 安全终点; DECISIONS 2026-09-17 13:30),ok,runs/pivot/fives/seed3/continued/pred/pixel_metrics.csv
delta_cldice,fives,fives,continued,baseline,3,last,pixel,-,0.006203281529096538,0.005144169962327877,0.007392710523256368,-0.01,pre-registered non-inferiority: the drop may not exceed 0.01 absolute (proposal v4 安全终点; DECISIONS 2026-09-17 13:30),ok,runs/pivot/fives/seed3/continued/pred/pixel_metrics.csv
delta_dice,fives,fives,continued,baseline,3,fid,pixel,-,0.0005828969619892976,1.367032140164425e-05,0.0012088352798907268,-0.01,pre-registered non-inferiority: the drop may not exceed 0.01 absolute (proposal v4 安全终点; DECISIONS 2026-09-17 13:30),ok,runs/pivot/fives/seed3/continued/pred_fid/pixel_metrics.csv
delta_cldice,fives,fives,continued,baseline,3,fid,pixel,-,0.00407885975241796,0.003472654058127701,0.004731414330560531,-0.01,pre-registered non-inferiority: the drop may not exceed 0.01 absolute (proposal v4 安全终点; DECISIONS 2026-09-17 13:30),ok,runs/pivot/fives/seed3/continued/pred_fid/pixel_metrics.csv
delta_dice,fives,fives,continued,baseline,4,last,pixel,-,0.0012053867297100733,0.0004071658628406907,0.002189149699585979,-0.01,pre-registered non-inferiority: the drop may not exceed 0.01 absolute (proposal v4 安全终点; DECISIONS 2026-09-17 13:30),ok,runs/pivot/fives/seed4/continued/pred/pixel_metrics.csv
delta_cldice,fives,fives,continued,baseline,4,last,pixel,-,0.0029074508854618746,0.0020451021561569984,0.003979233715112088,-0.01,pre-registered non-inferiority: the drop may not exceed 0.01 absolute (proposal v4 安全终点; DECISIONS 2026-09-17 13:30),ok,runs/pivot/fives/seed4/continued/pred/pixel_metrics.csv
delta_dice,fives,fives,continued,baseline,4,fid,pixel,-,0.0008712089229546472,4.513682864483427e-05,0.0018798688664206616,-0.01,pre-registered non-inferiority: the drop may not exceed 0.01 absolute (proposal v4 安全终点; DECISIONS 2026-09-17 13:30),ok,runs/pivot/fives/seed4/continued/pred_fid/pixel_metrics.csv
delta_cldice,fives,fives,continued,baseline,4,fid,pixel,-,0.0009494929091931028,-7.449564153899618e-06,0.00200434219886535,-0.01,pre-registered non-inferiority: the drop may not exceed 0.01 absolute (proposal v4 安全终点; DECISIONS 2026-09-17 13:30),ok,runs/pivot/fives/seed4/continued/pred_fid/pixel_metrics.csv
delta_dice,fives,fives,continued,baseline,5,last,pixel,-,0.001350986614631034,0.001026597931736069,0.0017189617159708967,-0.01,pre-registered non-inferiority: the drop may not exceed 0.01 absolute (proposal v4 安全终点; DECISIONS 2026-09-17 13:30),ok,runs/pivot/fives/seed5/continued/pred/pixel_metrics.csv
delta_cldice,fives,fives,continued,baseline,5,last,pixel,-,0.003880883096054821,0.0033203120384377766,0.004479833789417128,-0.01,pre-registered non-inferiority: the drop may not exceed 0.01 absolute (proposal v4 安全终点; DECISIONS 2026-09-17 13:30),ok,runs/pivot/fives/seed5/continued/pred/pixel_metrics.csv
delta_dice,fives,fives,continued,baseline,5,fid,pixel,-,0.0003460213322217377,-0.000265926423127791,0.0009501646788146009,-0.01,pre-registered non-inferiority: the drop may not exceed 0.01 absolute (proposal v4 安全终点; DECISIONS 2026-09-17 13:30),ok,runs/pivot/fives/seed5/continued/pred_fid/pixel_metrics.csv
delta_cldice,fives,fives,continued,baseline,5,fid,pixel,-,0.0022530790150938392,0.0014546849705084832,0.003079420581012325,-0.01,pre-registered non-inferiority: the drop may not exceed 0.01 absolute (proposal v4 安全终点; DECISIONS 2026-09-17 13:30),ok,runs/pivot/fives/seed5/continued/pred_fid/pixel_metrics.csv
delta_dice,fives,fives,reliseg,baseline,0,last,pixel,-,-0.0014461261614766403,-0.001976452323991978,-0.0008450177450043129,-0.01,pre-registered non-inferiority: the drop may not exceed 0.01 absolute (proposal v4 安全终点; DECISIONS 2026-09-17 13:30),ok,runs/pivot/fives/seed0/reliseg/pred/pixel_metrics.csv
delta_cldice,fives,fives,reliseg,baseline,0,last,pixel,-,0.00015141333932050015,-0.0004667186599766108,0.0007699902339933778,-0.01,pre-registered non-inferiority: the drop may not exceed 0.01 absolute (proposal v4 安全终点; DECISIONS 2026-09-17 13:30),ok,runs/pivot/fives/seed0/reliseg/pred/pixel_metrics.csv
delta_dice,fives,fives,reliseg,baseline,0,fid,pixel,-,-0.002669436491820164,-0.003287166459621507,-0.002132153947740951,-0.01,pre-registered non-inferiority: the drop may not exceed 0.01 absolute (proposal v4 安全终点; DECISIONS 2026-09-17 13:30),ok,runs/pivot/fives/seed0/reliseg/pred_fid/pixel_metrics.csv
delta_cldice,fives,fives,reliseg,baseline,0,fid,pixel,-,-0.0025848080393102535,-0.003337051888672855,-0.0018372374586776616,-0.01,pre-registered non-inferiority: the drop may not exceed 0.01 absolute (proposal v4 安全终点; DECISIONS 2026-09-17 13:30),ok,runs/pivot/fives/seed0/reliseg/pred_fid/pixel_metrics.csv
delta_dice,fives,fives,reliseg,baseline,1,last,pixel,-,-0.0014197351711381964,-0.0020500443143011584,-0.0006775374875902884,-0.01,pre-registered non-inferiority: the drop may not exceed 0.01 absolute (proposal v4 安全终点; DECISIONS 2026-09-17 13:30),ok,runs/pivot/fives/seed1/reliseg/pred/pixel_metrics.csv
delta_cldice,fives,fives,reliseg,baseline,1,last,pixel,-,0.0008565068614016641,8.41118027983321e-05,0.0016700037128425595,-0.01,pre-registered non-inferiority: the drop may not exceed 0.01 absolute (proposal v4 安全终点; DECISIONS 2026-09-17 13:30),ok,runs/pivot/fives/seed1/reliseg/pred/pixel_metrics.csv
delta_dice,fives,fives,reliseg,baseline,1,fid,pixel,-,-0.0012837753049139058,-0.002223014992175473,-6.24345348307006e-05,-0.01,pre-registered non-inferiority: the drop may not exceed 0.01 absolute (proposal v4 安全终点; DECISIONS 2026-09-17 13:30),ok,runs/pivot/fives/seed1/reliseg/pred_fid/pixel_metrics.csv
delta_cldice,fives,fives,reliseg,baseline,1,fid,pixel,-,0.00029648398217091686,-0.000720247806511416,0.001536514068284589,-0.01,pre-registered non-inferiority: the drop may not exceed 0.01 absolute (proposal v4 安全终点; DECISIONS 2026-09-17 13:30),ok,runs/pivot/fives/seed1/reliseg/pred_fid/pixel_metrics.csv
delta_dice,fives,fives,reliseg,baseline,2,last,pixel,-,-0.0009357136873966696,-0.001844776922527347,0.00015104542914235733,-0.01,pre-registered non-inferiority: the drop may not exceed 0.01 absolute (proposal v4 安全终点; DECISIONS 2026-09-17 13:30),ok,runs/pivot/fives/seed2/reliseg/pred/pixel_metrics.csv
delta_cldice,fives,fives,reliseg,baseline,2,last,pixel,-,0.0014701409000860768,0.00035062133699409785,0.0029211779659983933,-0.01,pre-registered non-inferiority: the drop may not exceed 0.01 absolute (proposal v4 安全终点; DECISIONS 2026-09-17 13:30),ok,runs/pivot/fives/seed2/reliseg/pred/pixel_metrics.csv
delta_dice,fives,fives,reliseg,baseline,2,fid,pixel,-,-0.0018578057190970882,-0.002749488957283396,-0.0007786377525035904,-0.01,pre-registered non-inferiority: the drop may not exceed 0.01 absolute (proposal v4 安全终点; DECISIONS 2026-09-17 13:30),ok,runs/pivot/fives/seed2/reliseg/pred_fid/pixel_metrics.csv
delta_cldice,fives,fives,reliseg,baseline,2,fid,pixel,-,-0.0011867284316395294,-0.0023963660839080524,0.00024500856962246536,-0.01,pre-registered non-inferiority: the drop may not exceed 0.01 absolute (proposal v4 安全终点; DECISIONS 2026-09-17 13:30),ok,runs/pivot/fives/seed2/reliseg/pred_fid/pixel_metrics.csv
delta_dice,fives,fives,reliseg,baseline,3,last,pixel,-,0.001346662863888054,0.0003864506931994439,0.0024363997588870505,-0.01,pre-registered non-inferiority: the drop may not exceed 0.01 absolute (proposal v4 安全终点; DECISIONS 2026-09-17 13:30),ok,runs/pivot/fives/seed3/reliseg/pred/pixel_metrics.csv
delta_cldice,fives,fives,reliseg,baseline,3,last,pixel,-,0.0035232614854209953,0.002306564857567388,0.004921163802192923,-0.01,pre-registered non-inferiority: the drop may not exceed 0.01 absolute (proposal v4 安全终点; DECISIONS 2026-09-17 13:30),ok,runs/pivot/fives/seed3/reliseg/pred/pixel_metrics.csv
delta_dice,fives,fives,reliseg,baseline,3,fid,pixel,-,-3.903382813093704e-05,-0.0007036896801950603,0.0006608990844704333,-0.01,pre-registered non-inferiority: the drop may not exceed 0.01 absolute (proposal v4 安全终点; DECISIONS 2026-09-17 13:30),ok,runs/pivot/fives/seed3/reliseg/pred_fid/pixel_metrics.csv
delta_cldice,fives,fives,reliseg,baseline,3,fid,pixel,-,0.001687376575718404,0.0007927900529314656,0.0026556116174947927,-0.01,pre-registered non-inferiority: the drop may not exceed 0.01 absolute (proposal v4 安全终点; DECISIONS 2026-09-17 13:30),ok,runs/pivot/fives/seed3/reliseg/pred_fid/pixel_metrics.csv
delta_dice,fives,fives,reliseg,baseline,4,last,pixel,-,-0.00040086281071211684,-0.0011740785973613577,0.0005778497343194768,-0.01,pre-registered non-inferiority: the drop may not exceed 0.01 absolute (proposal v4 安全终点; DECISIONS 2026-09-17 13:30),ok,runs/pivot/fives/seed4/reliseg/pred/pixel_metrics.csv
delta_cldice,fives,fives,reliseg,baseline,4,last,pixel,-,0.00034468662337436436,-0.0006257552323818221,0.0014487915090140985,-0.01,pre-registered non-inferiority: the drop may not exceed 0.01 absolute (proposal v4 安全终点; DECISIONS 2026-09-17 13:30),ok,runs/pivot/fives/seed4/reliseg/pred/pixel_metrics.csv
delta_dice,fives,fives,reliseg,baseline,4,fid,pixel,-,-0.000704952074388491,-0.0012072211405302754,-0.00012447989986607,-0.01,pre-registered non-inferiority: the drop may not exceed 0.01 absolute (proposal v4 安全终点; DECISIONS 2026-09-17 13:30),ok,runs/pivot/fives/seed4/reliseg/pred_fid/pixel_metrics.csv
delta_cldice,fives,fives,reliseg,baseline,4,fid,pixel,-,-0.0005963708418392232,-0.0011763924620782286,-4.97292741631959e-06,-0.01,pre-registered non-inferiority: the drop may not exceed 0.01 absolute (proposal v4 安全终点; DECISIONS 2026-09-17 13:30),ok,runs/pivot/fives/seed4/reliseg/pred_fid/pixel_metrics.csv
delta_dice,fives,fives,reliseg,baseline,5,last,pixel,-,-0.0002610183843966779,-0.0007478125141038405,0.00019820970499154664,-0.01,pre-registered non-inferiority: the drop may not exceed 0.01 absolute (proposal v4 安全终点; DECISIONS 2026-09-17 13:30),ok,runs/pivot/fives/seed5/reliseg/pred/pixel_metrics.csv
delta_cldice,fives,fives,reliseg,baseline,5,last,pixel,-,0.001120564747446076,0.0004903500641797798,0.001751150595910989,-0.01,pre-registered non-inferiority: the drop may not exceed 0.01 absolute (proposal v4 安全终点; DECISIONS 2026-09-17 13:30),ok,runs/pivot/fives/seed5/reliseg/pred/pixel_metrics.csv
delta_dice,fives,fives,reliseg,baseline,5,fid,pixel,-,-0.002125956858366547,-0.0025533113011232313,-0.0016822421196137278,-0.01,pre-registered non-inferiority: the drop may not exceed 0.01 absolute (proposal v4 安全终点; DECISIONS 2026-09-17 13:30),ok,runs/pivot/fives/seed5/reliseg/pred_fid/pixel_metrics.csv
delta_cldice,fives,fives,reliseg,baseline,5,fid,pixel,-,-0.0011186432898772883,-0.0017423536938465437,-0.00048784034571324494,-0.01,pre-registered non-inferiority: the drop may not exceed 0.01 absolute (proposal v4 安全终点; DECISIONS 2026-09-17 13:30),ok,runs/pivot/fives/seed5/reliseg/pred_fid/pixel_metrics.csv
delta_dice,fives,fives,reliseg_nocl,baseline,0,last,pixel,-,-0.0011887467869543275,-0.0016835094905683567,-0.0007617600553222227,-0.01,pre-registered non-inferiority: the drop may not exceed 0.01 absolute (proposal v4 安全终点; DECISIONS 2026-09-17 13:30),ok,runs/pivot/fives/seed0/reliseg_nocl/pred/pixel_metrics.csv
delta_cldice,fives,fives,reliseg_nocl,baseline,0,last,pixel,-,-0.0037693201694592804,-0.0044043309813060335,-0.003145156038047328,-0.01,pre-registered non-inferiority: the drop may not exceed 0.01 absolute (proposal v4 安全终点; DECISIONS 2026-09-17 13:30),ok,runs/pivot/fives/seed0/reliseg_nocl/pred/pixel_metrics.csv
delta_dice,fives,fives,reliseg_nocl,baseline,0,fid,pixel,-,-0.0024793215760062406,-0.0029052186216112184,-0.002063702459950028,-0.01,pre-registered non-inferiority: the drop may not exceed 0.01 absolute (proposal v4 安全终点; DECISIONS 2026-09-17 13:30),ok,runs/pivot/fives/seed0/reliseg_nocl/pred_fid/pixel_metrics.csv
delta_cldice,fives,fives,reliseg_nocl,baseline,0,fid,pixel,-,-0.004871693988848669,-0.0054902221083596965,-0.004231131765838315,-0.01,pre-registered non-inferiority: the drop may not exceed 0.01 absolute (proposal v4 安全终点; DECISIONS 2026-09-17 13:30),ok,runs/pivot/fives/seed0/reliseg_nocl/pred_fid/pixel_metrics.csv
delta_dice,fives,fives,reliseg_nocl,baseline,1,last,pixel,-,-0.0009136580172657016,-0.0013275870300932652,-0.0005170369127411954,-0.01,pre-registered non-inferiority: the drop may not exceed 0.01 absolute (proposal v4 安全终点; DECISIONS 2026-09-17 13:30),ok,runs/pivot/fives/seed1/reliseg_nocl/pred/pixel_metrics.csv
delta_cldice,fives,fives,reliseg_nocl,baseline,1,last,pixel,-,-0.0023196747457026644,-0.0028856522159365484,-0.001746964541076444,-0.01,pre-registered non-inferiority: the drop may not exceed 0.01 absolute (proposal v4 安全终点; DECISIONS 2026-09-17 13:30),ok,runs/pivot/fives/seed1/reliseg_nocl/pred/pixel_metrics.csv
delta_dice,fives,fives,reliseg_nocl,baseline,1,fid,pixel,-,-0.0014740250037359758,-0.0022297382435970798,-0.0008077268136637085,-0.01,pre-registered non-inferiority: the drop may not exceed 0.01 absolute (proposal v4 安全终点; DECISIONS 2026-09-17 13:30),ok,runs/pivot/fives/seed1/reliseg_nocl/pred_fid/pixel_metrics.csv
delta_cldice,fives,fives,reliseg_nocl,baseline,1,fid,pixel,-,-0.0034108133350898573,-0.004280507531617099,-0.002588730656319855,-0.01,pre-registered non-inferiority: the drop may not exceed 0.01 absolute (proposal v4 安全终点; DECISIONS 2026-09-17 13:30),ok,runs/pivot/fives/seed1/reliseg_nocl/pred_fid/pixel_metrics.csv
delta_dice,fives,fives,reliseg_nocl,baseline,2,last,pixel,-,-0.0008650877783773948,-0.0014647255884600344,-0.00015354879442256139,-0.01,pre-registered non-inferiority: the drop may not exceed 0.01 absolute (proposal v4 安全终点; DECISIONS 2026-09-17 13:30),ok,runs/pivot/fives/seed2/reliseg_nocl/pred/pixel_metrics.csv
delta_cldice,fives,fives,reliseg_nocl,baseline,2,last,pixel,-,-0.0022641218890055216,-0.003117399128494251,-0.001288085753514014,-0.01,pre-registered non-inferiority: the drop may not exceed 0.01 absolute (proposal v4 安全终点; DECISIONS 2026-09-17 13:30),ok,runs/pivot/fives/seed2/reliseg_nocl/pred/pixel_metrics.csv
delta_dice,fives,fives,reliseg_nocl,baseline,2,fid,pixel,-,-0.002721169261264432,-0.003457910230728667,-0.002063085204202406,-0.01,pre-registered non-inferiority: the drop may not exceed 0.01 absolute (proposal v4 安全终点; DECISIONS 2026-09-17 13:30),ok,runs/pivot/fives/seed2/reliseg_nocl/pred_fid/pixel_metrics.csv
delta_cldice,fives,fives,reliseg_nocl,baseline,2,fid,pixel,-,-0.0038390873551292287,-0.004831091141006689,-0.0028778927387877254,-0.01,pre-registered non-inferiority: the drop may not exceed 0.01 absolute (proposal v4 安全终点; DECISIONS 2026-09-17 13:30),ok,runs/pivot/fives/seed2/reliseg_nocl/pred_fid/pixel_metrics.csv
delta_dice,fives,fives,cfloss,baseline,0,last,pixel,-,0.0003519033303358384,-0.0008260101978583013,0.0014164683012659138,-0.01,pre-registered non-inferiority: the drop may not exceed 0.01 absolute (proposal v4 安全终点; DECISIONS 2026-09-17 13:30),ok,runs/pivot/fives/seed0/cfloss/pred/pixel_metrics.csv
delta_cldice,fives,fives,cfloss,baseline,0,last,pixel,-,-0.0016074024330853865,-0.00284031816354215,-0.0004928172395206794,-0.01,pre-registered non-inferiority: the drop may not exceed 0.01 absolute (proposal v4 安全终点; DECISIONS 2026-09-17 13:30),ok,runs/pivot/fives/seed0/cfloss/pred/pixel_metrics.csv
delta_dice,fives,fives,cfloss,baseline,0,fid,pixel,-,-0.0006469404048290881,-0.001943691369702309,0.0005421310448393297,-0.01,pre-registered non-inferiority: the drop may not exceed 0.01 absolute (proposal v4 安全终点; DECISIONS 2026-09-17 13:30),ok,runs/pivot/fives/seed0/cfloss/pred_fid/pixel_metrics.csv
delta_cldice,fives,fives,cfloss,baseline,0,fid,pixel,-,-0.002997389356570911,-0.00429595279631448,-0.0017695474862870172,-0.01,pre-registered non-inferiority: the drop may not exceed 0.01 absolute (proposal v4 安全终点; DECISIONS 2026-09-17 13:30),ok,runs/pivot/fives/seed0/cfloss/pred_fid/pixel_metrics.csv
delta_dice,fives,fives,cfloss,baseline,1,last,pixel,-,0.0006916756432078688,-9.253409577956873e-05,0.0013897334506893318,-0.01,pre-registered non-inferiority: the drop may not exceed 0.01 absolute (proposal v4 安全终点; DECISIONS 2026-09-17 13:30),ok,runs/pivot/fives/seed1/cfloss/pred/pixel_metrics.csv
delta_cldice,fives,fives,cfloss,baseline,1,last,pixel,-,-0.0006167109387471548,-0.0014600556268530927,0.00019041567475834624,-0.01,pre-registered non-inferiority: the drop may not exceed 0.01 absolute (proposal v4 安全终点; DECISIONS 2026-09-17 13:30),ok,runs/pivot/fives/seed1/cfloss/pred/pixel_metrics.csv
delta_dice,fives,fives,cfloss,baseline,1,fid,pixel,-,-0.0011013219674541519,-0.002560622830289093,0.0001830616421650392,-0.01,pre-registered non-inferiority: the drop may not exceed 0.01 absolute (proposal v4 安全终点; DECISIONS 2026-09-17 13:30),ok,runs/pivot/fives/seed1/cfloss/pred_fid/pixel_metrics.csv
delta_cldice,fives,fives,cfloss,baseline,1,fid,pixel,-,-0.0026841272235595924,-0.004149194491500034,-0.0012618246557717422,-0.01,pre-registered non-inferiority: the drop may not exceed 0.01 absolute (proposal v4 安全终点; DECISIONS 2026-09-17 13:30),ok,runs/pivot/fives/seed1/cfloss/pred_fid/pixel_metrics.csv
delta_dice,fives,fives,cfloss,baseline,2,last,pixel,-,0.0012484874946825388,0.0007538840394682802,0.0017266430721421284,-0.01,pre-registered non-inferiority: the drop may not exceed 0.01 absolute (proposal v4 安全终点; DECISIONS 2026-09-17 13:30),ok,runs/pivot/fives/seed2/cfloss/pred/pixel_metrics.csv
delta_cldice,fives,fives,cfloss,baseline,2,last,pixel,-,0.00018571293854553444,-0.00039743182408995747,0.0007658285642766843,-0.01,pre-registered non-inferiority: the drop may not exceed 0.01 absolute (proposal v4 安全终点; DECISIONS 2026-09-17 13:30),ok,runs/pivot/fives/seed2/cfloss/pred/pixel_metrics.csv
delta_dice,fives,fives,cfloss,baseline,2,fid,pixel,-,0.0012236203460771339,0.0007034421446089278,0.0017147812824854787,-0.01,pre-registered non-inferiority: the drop may not exceed 0.01 absolute (proposal v4 安全终点; DECISIONS 2026-09-17 13:30),ok,runs/pivot/fives/seed2/cfloss/pred_fid/pixel_metrics.csv
delta_cldice,fives,fives,cfloss,baseline,2,fid,pixel,-,2.0929890553967567e-05,-0.0005998235530320612,0.0006102747394812035,-0.01,pre-registered non-inferiority: the drop may not exceed 0.01 absolute (proposal v4 安全终点; DECISIONS 2026-09-17 13:30),ok,runs/pivot/fives/seed2/cfloss/pred_fid/pixel_metrics.csv
delta_dice,hrf,hrf,continued,baseline,0,last,pixel,-,-0.0005522813884860534,-0.002697388936746598,0.0013831342939742348,-0.01,pre-registered non-inferiority: the drop may not exceed 0.01 absolute (proposal v4 安全终点; DECISIONS 2026-09-17 13:30),ok,runs/pivot/hrf/seed0/continued/pred/pixel_metrics.csv
delta_cldice,hrf,hrf,continued,baseline,0,last,pixel,-,0.009844881684719793,0.007855159946068167,0.011592351858548048,-0.01,pre-registered non-inferiority: the drop may not exceed 0.01 absolute (proposal v4 安全终点; DECISIONS 2026-09-17 13:30),ok,runs/pivot/hrf/seed0/continued/pred/pixel_metrics.csv
delta_dice,hrf,hrf,continued,baseline,0,fid,pixel,-,-0.001309293582781501,-0.002434022489187047,3.467333826510656e-05,-0.01,pre-registered non-inferiority: the drop may not exceed 0.01 absolute (proposal v4 安全终点; DECISIONS 2026-09-17 13:30),ok,runs/pivot/hrf/seed0/continued/pred_fid/pixel_metrics.csv
delta_cldice,hrf,hrf,continued,baseline,0,fid,pixel,-,0.00913235254339958,0.007385466514707138,0.010846782397371335,-0.01,pre-registered non-inferiority: the drop may not exceed 0.01 absolute (proposal v4 安全终点; DECISIONS 2026-09-17 13:30),ok,runs/pivot/hrf/seed0/continued/pred_fid/pixel_metrics.csv
delta_dice,hrf,hrf,continued,baseline,1,last,pixel,-,-0.0012734533407404269,-0.0027204578055917638,0.00035610955697362164,-0.01,pre-registered non-inferiority: the drop may not exceed 0.01 absolute (proposal v4 安全终点; DECISIONS 2026-09-17 13:30),ok,runs/pivot/hrf/seed1/continued/pred/pixel_metrics.csv
delta_cldice,hrf,hrf,continued,baseline,1,last,pixel,-,0.012464123083469189,0.010308888624656128,0.014576891262014632,-0.01,pre-registered non-inferiority: the drop may not exceed 0.01 absolute (proposal v4 安全终点; DECISIONS 2026-09-17 13:30),ok,runs/pivot/hrf/seed1/continued/pred/pixel_metrics.csv
delta_dice,hrf,hrf,continued,baseline,1,fid,pixel,-,-0.0006014787800720918,-0.002259326801833722,0.001295912823378871,-0.01,pre-registered non-inferiority: the drop may not exceed 0.01 absolute (proposal v4 安全终点; DECISIONS 2026-09-17 13:30),ok,runs/pivot/hrf/seed1/continued/pred_fid/pixel_metrics.csv
delta_cldice,hrf,hrf,continued,baseline,1,fid,pixel,-,0.01170866323460867,0.009487674195618922,0.013829258111440493,-0.01,pre-registered non-inferiority: the drop may not exceed 0.01 absolute (proposal v4 安全终点; DECISIONS 2026-09-17 13:30),ok,runs/pivot/hrf/seed1/continued/pred_fid/pixel_metrics.csv
delta_dice,hrf,hrf,continued,baseline,2,last,pixel,-,-0.0015702104271083169,-0.0028366852186253537,-0.0002227821762294774,-0.01,pre-registered non-inferiority: the drop may not exceed 0.01 absolute (proposal v4 安全终点; DECISIONS 2026-09-17 13:30),ok,runs/pivot/hrf/seed2/continued/pred/pixel_metrics.csv
delta_cldice,hrf,hrf,continued,baseline,2,last,pixel,-,0.00950560808694643,0.007732498666209166,0.011221049537691246,-0.01,pre-registered non-inferiority: the drop may not exceed 0.01 absolute (proposal v4 安全终点; DECISIONS 2026-09-17 13:30),ok,runs/pivot/hrf/seed2/continued/pred/pixel_metrics.csv
delta_dice,hrf,hrf,continued,baseline,2,fid,pixel,-,-0.001980037099698177,-0.0033300938077465356,-0.000619234926087686,-0.01,pre-registered non-inferiority: the drop may not exceed 0.01 absolute (proposal v4 安全终点; DECISIONS 2026-09-17 13:30),ok,runs/pivot/hrf/seed2/continued/pred_fid/pixel_metrics.csv
delta_cldice,hrf,hrf,continued,baseline,2,fid,pixel,-,0.004564940957179938,0.0032825567363121756,0.005869950987323615,-0.01,pre-registered non-inferiority: the drop may not exceed 0.01 absolute (proposal v4 安全终点; DECISIONS 2026-09-17 13:30),ok,runs/pivot/hrf/seed2/continued/pred_fid/pixel_metrics.csv
delta_dice,hrf,hrf,reliseg,baseline,0,last,pixel,-,-0.005893117810308764,-0.00960909145497428,-0.0023181414401638187,-0.01,pre-registered non-inferiority: the drop may not exceed 0.01 absolute (proposal v4 安全终点; DECISIONS 2026-09-17 13:30),ok,runs/pivot/hrf/seed0/reliseg/pred/pixel_metrics.csv
delta_cldice,hrf,hrf,reliseg,baseline,0,last,pixel,-,-0.0037671118860306235,-0.005324575262673034,-0.0022176034456398673,-0.01,pre-registered non-inferiority: the drop may not exceed 0.01 absolute (proposal v4 安全终点; DECISIONS 2026-09-17 13:30),ok,runs/pivot/hrf/seed0/reliseg/pred/pixel_metrics.csv
delta_dice,hrf,hrf,reliseg,baseline,0,fid,pixel,-,-0.004837260294674091,-0.006466646843010346,-0.0032362873979651964,-0.01,pre-registered non-inferiority: the drop may not exceed 0.01 absolute (proposal v4 安全终点; DECISIONS 2026-09-17 13:30),ok,runs/pivot/hrf/seed0/reliseg/pred_fid/pixel_metrics.csv
delta_cldice,hrf,hrf,reliseg,baseline,0,fid,pixel,-,-0.0012414105624800238,-0.0034934832266769896,0.0010159314131784564,-0.01,pre-registered non-inferiority: the drop may not exceed 0.01 absolute (proposal v4 安全终点; DECISIONS 2026-09-17 13:30),ok,runs/pivot/hrf/seed0/reliseg/pred_fid/pixel_metrics.csv
delta_dice,hrf,hrf,reliseg,baseline,1,last,pixel,-,-0.006439176267184051,-0.008405710911619124,-0.00453702161349837,-0.01,pre-registered non-inferiority: the drop may not exceed 0.01 absolute (proposal v4 安全终点; DECISIONS 2026-09-17 13:30),ok,runs/pivot/hrf/seed1/reliseg/pred/pixel_metrics.csv
delta_cldice,hrf,hrf,reliseg,baseline,1,last,pixel,-,-0.005197278172146532,-0.009451019189260047,-0.0010444685623790038,-0.01,pre-registered non-inferiority: the drop may not exceed 0.01 absolute (proposal v4 安全终点; DECISIONS 2026-09-17 13:30),ok,runs/pivot/hrf/seed1/reliseg/pred/pixel_metrics.csv
delta_dice,hrf,hrf,reliseg,baseline,1,fid,pixel,-,-0.0032168350702220755,-0.004847770404468413,-0.0014401668111351925,-0.01,pre-registered non-inferiority: the drop may not exceed 0.01 absolute (proposal v4 安全终点; DECISIONS 2026-09-17 13:30),ok,runs/pivot/hrf/seed1/reliseg/pred_fid/pixel_metrics.csv
delta_cldice,hrf,hrf,reliseg,baseline,1,fid,pixel,-,-0.000981455284655249,-0.0058649251079072985,0.004034291052253902,-0.01,pre-registered non-inferiority: the drop may not exceed 0.01 absolute (proposal v4 安全终点; DECISIONS 2026-09-17 13:30),ok,runs/pivot/hrf/seed1/reliseg/pred_fid/pixel_metrics.csv
delta_dice,hrf,hrf,reliseg,baseline,2,last,pixel,-,-0.00605598669026598,-0.008650179825398651,-0.0036144698449003987,-0.01,pre-registered non-inferiority: the drop may not exceed 0.01 absolute (proposal v4 安全终点; DECISIONS 2026-09-17 13:30),ok,runs/pivot/hrf/seed2/reliseg/pred/pixel_metrics.csv
delta_cldice,hrf,hrf,reliseg,baseline,2,last,pixel,-,-0.005360748456359029,-0.008632652705371507,-0.002077431071326216,-0.01,pre-registered non-inferiority: the drop may not exceed 0.01 absolute (proposal v4 安全终点; DECISIONS 2026-09-17 13:30),ok,runs/pivot/hrf/seed2/reliseg/pred/pixel_metrics.csv
delta_dice,hrf,hrf,reliseg,baseline,2,fid,pixel,-,-0.004373294087349015,-0.006035065885227366,-0.0028225360371031496,-0.01,pre-registered non-inferiority: the drop may not exceed 0.01 absolute (proposal v4 安全终点; DECISIONS 2026-09-17 13:30),ok,runs/pivot/hrf/seed2/reliseg/pred_fid/pixel_metrics.csv
delta_cldice,hrf,hrf,reliseg,baseline,2,fid,pixel,-,-0.001276321930922897,-0.004921582996551071,0.0024438920038650984,-0.01,pre-registered non-inferiority: the drop may not exceed 0.01 absolute (proposal v4 安全终点; DECISIONS 2026-09-17 13:30),ok,runs/pivot/hrf/seed2/reliseg/pred_fid/pixel_metrics.csv
delta_dice,hrf,hrf,reliseg_nocl,baseline,0,last,pixel,-,-0.006000645778186238,-0.00984620520934402,-0.0022099151054914014,-0.01,pre-registered non-inferiority: the drop may not exceed 0.01 absolute (proposal v4 安全终点; DECISIONS 2026-09-17 13:30),ok,runs/pivot/hrf/seed0/reliseg_nocl/pred/pixel_metrics.csv
delta_cldice,hrf,hrf,reliseg_nocl,baseline,0,last,pixel,-,-0.018267936773557446,-0.020426640716649933,-0.016243007797042918,-0.01,pre-registered non-inferiority: the drop may not exceed 0.01 absolute (proposal v4 安全终点; DECISIONS 2026-09-17 13:30),BREACH,runs/pivot/hrf/seed0/reliseg_nocl/pred/pixel_metrics.csv
delta_dice,hrf,hrf,reliseg_nocl,baseline,0,fid,pixel,-,-0.006215620090587111,-0.00783663412116524,-0.004632553389535869,-0.01,pre-registered non-inferiority: the drop may not exceed 0.01 absolute (proposal v4 安全终点; DECISIONS 2026-09-17 13:30),ok,runs/pivot/hrf/seed0/reliseg_nocl/pred_fid/pixel_metrics.csv
delta_cldice,hrf,hrf,reliseg_nocl,baseline,0,fid,pixel,-,-0.0205177816625215,-0.02606133841277671,-0.015087648839588052,-0.01,pre-registered non-inferiority: the drop may not exceed 0.01 absolute (proposal v4 安全终点; DECISIONS 2026-09-17 13:30),BREACH,runs/pivot/hrf/seed0/reliseg_nocl/pred_fid/pixel_metrics.csv
delta_dice,hrf,hrf,reliseg_nocl,baseline,1,last,pixel,-,-0.00622314647929415,-0.008764140171318862,-0.0037574941941621396,-0.01,pre-registered non-inferiority: the drop may not exceed 0.01 absolute (proposal v4 安全终点; DECISIONS 2026-09-17 13:30),ok,runs/pivot/hrf/seed1/reliseg_nocl/pred/pixel_metrics.csv
delta_cldice,hrf,hrf,reliseg_nocl,baseline,1,last,pixel,-,-0.018247690823602093,-0.022899178476973224,-0.013464079145977194,-0.01,pre-registered non-inferiority: the drop may not exceed 0.01 absolute (proposal v4 安全终点; DECISIONS 2026-09-17 13:30),BREACH,runs/pivot/hrf/seed1/reliseg_nocl/pred/pixel_metrics.csv
delta_dice,hrf,hrf,reliseg_nocl,baseline,1,fid,pixel,-,-0.002803900750414005,-0.004357112102535128,-0.001341802039818178,-0.01,pre-registered non-inferiority: the drop may not exceed 0.01 absolute (proposal v4 安全终点; DECISIONS 2026-09-17 13:30),ok,runs/pivot/hrf/seed1/reliseg_nocl/pred_fid/pixel_metrics.csv
delta_cldice,hrf,hrf,reliseg_nocl,baseline,1,fid,pixel,-,-0.01224253928047192,-0.016734617815753194,-0.007931772006512421,-0.01,pre-registered non-inferiority: the drop may not exceed 0.01 absolute (proposal v4 安全终点; DECISIONS 2026-09-17 13:30),BREACH,runs/pivot/hrf/seed1/reliseg_nocl/pred_fid/pixel_metrics.csv
delta_dice,hrf,hrf,reliseg_nocl,baseline,2,last,pixel,-,-0.006008500127912105,-0.009507695435048173,-0.00280387882476181,-0.01,pre-registered non-inferiority: the drop may not exceed 0.01 absolute (proposal v4 安全终点; DECISIONS 2026-09-17 13:30),ok,runs/pivot/hrf/seed2/reliseg_nocl/pred/pixel_metrics.csv
delta_cldice,hrf,hrf,reliseg_nocl,baseline,2,last,pixel,-,-0.016910184098097903,-0.02063350418838441,-0.013236861225964259,-0.01,pre-registered non-inferiority: the drop may not exceed 0.01 absolute (proposal v4 安全终点; DECISIONS 2026-09-17 13:30),BREACH,runs/pivot/hrf/seed2/reliseg_nocl/pred/pixel_metrics.csv
delta_dice,hrf,hrf,reliseg_nocl,baseline,2,fid,pixel,-,-0.003692854268953875,-0.005682741963108982,-0.0018424178163021026,-0.01,pre-registered non-inferiority: the drop may not exceed 0.01 absolute (proposal v4 安全终点; DECISIONS 2026-09-17 13:30),ok,runs/pivot/hrf/seed2/reliseg_nocl/pred_fid/pixel_metrics.csv
delta_cldice,hrf,hrf,reliseg_nocl,baseline,2,fid,pixel,-,-0.014897330463458128,-0.019307168638798566,-0.010203645992934796,-0.01,pre-registered non-inferiority: the drop may not exceed 0.01 absolute (proposal v4 安全终点; DECISIONS 2026-09-17 13:30),BREACH,runs/pivot/hrf/seed2/reliseg_nocl/pred_fid/pixel_metrics.csv
delta_dice,hrf,hrf,cfloss,baseline,0,last,pixel,-,-0.005457798870024966,-0.011756475964295311,0.00073992971597762,-0.01,pre-registered non-inferiority: the drop may not exceed 0.01 absolute (proposal v4 安全终点; DECISIONS 2026-09-17 13:30),ok,runs/pivot/hrf/seed0/cfloss/pred/pixel_metrics.csv
delta_cldice,hrf,hrf,cfloss,baseline,0,last,pixel,-,-0.025389664048434877,-0.0318491004332769,-0.018649073574384663,-0.01,pre-registered non-inferiority: the drop may not exceed 0.01 absolute (proposal v4 安全终点; DECISIONS 2026-09-17 13:30),BREACH,runs/pivot/hrf/seed0/cfloss/pred/pixel_metrics.csv
delta_dice,hrf,hrf,cfloss,baseline,0,fid,pixel,-,0.0,0.0,0.0,-0.01,pre-registered non-inferiority: the drop may not exceed 0.01 absolute (proposal v4 安全终点; DECISIONS 2026-09-17 13:30),ok,runs/pivot/hrf/seed0/cfloss/pred_fid/pixel_metrics.csv
delta_cldice,hrf,hrf,cfloss,baseline,0,fid,pixel,-,0.0,0.0,0.0,-0.01,pre-registered non-inferiority: the drop may not exceed 0.01 absolute (proposal v4 安全终点; DECISIONS 2026-09-17 13:30),ok,runs/pivot/hrf/seed0/cfloss/pred_fid/pixel_metrics.csv
delta_dice,hrf,hrf,cfloss,baseline,1,last,pixel,-,-0.007103470052409004,-0.011929103363476913,-0.002481178134246907,-0.01,pre-registered non-inferiority: the drop may not exceed 0.01 absolute (proposal v4 安全终点; DECISIONS 2026-09-17 13:30),ok,runs/pivot/hrf/seed1/cfloss/pred/pixel_metrics.csv
delta_cldice,hrf,hrf,cfloss,baseline,1,last,pixel,-,-0.023090235792776158,-0.029857154849769377,-0.016323321617286172,-0.01,pre-registered non-inferiority: the drop may not exceed 0.01 absolute (proposal v4 安全终点; DECISIONS 2026-09-17 13:30),BREACH,runs/pivot/hrf/seed1/cfloss/pred/pixel_metrics.csv
delta_dice,hrf,hrf,cfloss,baseline,1,fid,pixel,-,0.0,0.0,0.0,-0.01,pre-registered non-inferiority: the drop may not exceed 0.01 absolute (proposal v4 安全终点; DECISIONS 2026-09-17 13:30),ok,runs/pivot/hrf/seed1/cfloss/pred_fid/pixel_metrics.csv
delta_cldice,hrf,hrf,cfloss,baseline,1,fid,pixel,-,0.0,0.0,0.0,-0.01,pre-registered non-inferiority: the drop may not exceed 0.01 absolute (proposal v4 安全终点; DECISIONS 2026-09-17 13:30),ok,runs/pivot/hrf/seed1/cfloss/pred_fid/pixel_metrics.csv
delta_dice,hrf,hrf,cfloss,baseline,2,last,pixel,-,-0.005234489397970081,-0.009668925544005473,-0.0009122234956316564,-0.01,pre-registered non-inferiority: the drop may not exceed 0.01 absolute (proposal v4 安全终点; DECISIONS 2026-09-17 13:30),ok,runs/pivot/hrf/seed2/cfloss/pred/pixel_metrics.csv
delta_cldice,hrf,hrf,cfloss,baseline,2,last,pixel,-,-0.021371454702512314,-0.026935213750701372,-0.01571776394745702,-0.01,pre-registered non-inferiority: the drop may not exceed 0.01 absolute (proposal v4 安全终点; DECISIONS 2026-09-17 13:30),BREACH,runs/pivot/hrf/seed2/cfloss/pred/pixel_metrics.csv
delta_dice,hrf,hrf,cfloss,baseline,2,fid,pixel,-,0.0,0.0,0.0,-0.01,pre-registered non-inferiority: the drop may not exceed 0.01 absolute (proposal v4 安全终点; DECISIONS 2026-09-17 13:30),ok,runs/pivot/hrf/seed2/cfloss/pred_fid/pixel_metrics.csv
delta_cldice,hrf,hrf,cfloss,baseline,2,fid,pixel,-,0.0,0.0,0.0,-0.01,pre-registered non-inferiority: the drop may not exceed 0.01 absolute (proposal v4 安全终点; DECISIONS 2026-09-17 13:30),ok,runs/pivot/hrf/seed2/cfloss/pred_fid/pixel_metrics.csv
delta_dice,hrf,hrf,abl_no_density,baseline,0,last,pixel,-,-0.00610606543553233,-0.0077499175113364275,-0.004500243144217165,-0.01,pre-registered non-inferiority: the drop may not exceed 0.01 absolute (proposal v4 安全终点; DECISIONS 2026-09-17 13:30),ok,runs/pivot/hrf/seed0/abl_no_density/pred/pixel_metrics.csv
delta_cldice,hrf,hrf,abl_no_density,baseline,0,last,pixel,-,0.00807511921316829,0.0046342256065730145,0.011200006546512575,-0.01,pre-registered non-inferiority: the drop may not exceed 0.01 absolute (proposal v4 安全终点; DECISIONS 2026-09-17 13:30),ok,runs/pivot/hrf/seed0/abl_no_density/pred/pixel_metrics.csv
delta_dice,hrf,hrf,abl_no_density,baseline,0,fid,pixel,-,-0.004925290852109876,-0.006494067779717499,-0.0033180902447945315,-0.01,pre-registered non-inferiority: the drop may not exceed 0.01 absolute (proposal v4 安全终点; DECISIONS 2026-09-17 13:30),ok,runs/pivot/hrf/seed0/abl_no_density/pred_fid/pixel_metrics.csv
delta_cldice,hrf,hrf,abl_no_density,baseline,0,fid,pixel,-,0.007312531068665784,0.004486333008496395,0.009910962133186055,-0.01,pre-registered non-inferiority: the drop may not exceed 0.01 absolute (proposal v4 安全终点; DECISIONS 2026-09-17 13:30),ok,runs/pivot/hrf/seed0/abl_no_density/pred_fid/pixel_metrics.csv
delta_dice,hrf,hrf,abl_no_length,baseline,0,last,pixel,-,-0.00046487163786774756,-0.0044726669260188225,0.003322039268539547,-0.01,pre-registered non-inferiority: the drop may not exceed 0.01 absolute (proposal v4 安全终点; DECISIONS 2026-09-17 13:30),ok,runs/pivot/hrf/seed0/abl_no_length/pred/pixel_metrics.csv
delta_cldice,hrf,hrf,abl_no_length,baseline,0,last,pixel,-,0.0015982202017328251,-0.0005545950072080837,0.0035137923811751357,-0.01,pre-registered non-inferiority: the drop may not exceed 0.01 absolute (proposal v4 安全终点; DECISIONS 2026-09-17 13:30),ok,runs/pivot/hrf/seed0/abl_no_length/pred/pixel_metrics.csv
delta_dice,hrf,hrf,abl_no_length,baseline,0,fid,pixel,-,0.0,0.0,0.0,-0.01,pre-registered non-inferiority: the drop may not exceed 0.01 absolute (proposal v4 安全终点; DECISIONS 2026-09-17 13:30),ok,runs/pivot/hrf/seed0/abl_no_length/pred_fid/pixel_metrics.csv
delta_cldice,hrf,hrf,abl_no_length,baseline,0,fid,pixel,-,0.0,0.0,0.0,-0.01,pre-registered non-inferiority: the drop may not exceed 0.01 absolute (proposal v4 安全终点; DECISIONS 2026-09-17 13:30),ok,runs/pivot/hrf/seed0/abl_no_length/pred_fid/pixel_metrics.csv
delta_dice,hrf,hrf,abl_no_fd,baseline,0,last,pixel,-,-0.005878864502597747,-0.00975127198564144,-0.002221604842278683,-0.01,pre-registered non-inferiority: the drop may not exceed 0.01 absolute (proposal v4 安全终点; DECISIONS 2026-09-17 13:30),ok,runs/pivot/hrf/seed0/abl_no_fd/pred/pixel_metrics.csv
delta_cldice,hrf,hrf,abl_no_fd,baseline,0,last,pixel,-,-0.004309174770695986,-0.005774030108020193,-0.002877154741970234,-0.01,pre-registered non-inferiority: the drop may not exceed 0.01 absolute (proposal v4 安全终点; DECISIONS 2026-09-17 13:30),ok,runs/pivot/hrf/seed0/abl_no_fd/pred/pixel_metrics.csv
delta_dice,hrf,hrf,abl_no_fd,baseline,0,fid,pixel,-,-0.004446083512757408,-0.007254663220046813,-0.0016389166445474914,-0.01,pre-registered non-inferiority: the drop may not exceed 0.01 absolute (proposal v4 安全终点; DECISIONS 2026-09-17 13:30),ok,runs/pivot/hrf/seed0/abl_no_fd/pred_fid/pixel_metrics.csv
delta_cldice,hrf,hrf,abl_no_fd,baseline,0,fid,pixel,-,-0.002139974121762474,-0.003593770791772108,-0.0007005911229856406,-0.01,pre-registered non-inferiority: the drop may not exceed 0.01 absolute (proposal v4 安全终点; DECISIONS 2026-09-17 13:30),ok,runs/pivot/hrf/seed0/abl_no_fd/pred_fid/pixel_metrics.csv
delta_dice,hrf,hrf,abl_density_only,baseline,0,last,pixel,-,-0.0002609116706353813,-0.00401447384331928,0.0032862352002680814,-0.01,pre-registered non-inferiority: the drop may not exceed 0.01 absolute (proposal v4 安全终点; DECISIONS 2026-09-17 13:30),ok,runs/pivot/hrf/seed0/abl_density_only/pred/pixel_metrics.csv
delta_cldice,hrf,hrf,abl_density_only,baseline,0,last,pixel,-,0.0013709866390060035,-0.0013099695130912423,0.0038431437907418295,-0.01,pre-registered non-inferiority: the drop may not exceed 0.01 absolute (proposal v4 安全终点; DECISIONS 2026-09-17 13:30),ok,runs/pivot/hrf/seed0/abl_density_only/pred/pixel_metrics.csv
delta_dice,hrf,hrf,abl_density_only,baseline,0,fid,pixel,-,-0.0012973699790490788,-0.00251719509886093,-8.735371423870718e-06,-0.01,pre-registered non-inferiority: the drop may not exceed 0.01 absolute (proposal v4 安全终点; DECISIONS 2026-09-17 13:30),ok,runs/pivot/hrf/seed0/abl_density_only/pred_fid/pixel_metrics.csv
delta_cldice,hrf,hrf,abl_density_only,baseline,0,fid,pixel,-,0.005882574964567514,0.004294818389669713,0.007451336569144829,-0.01,pre-registered non-inferiority: the drop may not exceed 0.01 absolute (proposal v4 安全终点; DECISIONS 2026-09-17 13:30),ok,runs/pivot/hrf/seed0/abl_density_only/pred_fid/pixel_metrics.csv
delta_dice,hrf,hrf,abl_length_only,baseline,0,last,pixel,-,-0.006140879011742598,-0.007929263594084971,-0.00439286665731603,-0.01,pre-registered non-inferiority: the drop may not exceed 0.01 absolute (proposal v4 安全终点; DECISIONS 2026-09-17 13:30),ok,runs/pivot/hrf/seed0/abl_length_only/pred/pixel_metrics.csv
delta_cldice,hrf,hrf,abl_length_only,baseline,0,last,pixel,-,0.010181913446039718,0.006931992760634556,0.013205848491373628,-0.01,pre-registered non-inferiority: the drop may not exceed 0.01 absolute (proposal v4 安全终点; DECISIONS 2026-09-17 13:30),ok,runs/pivot/hrf/seed0/abl_length_only/pred/pixel_metrics.csv
delta_dice,hrf,hrf,abl_length_only,baseline,0,fid,pixel,-,-0.006278155902252795,-0.00807553170038802,-0.004511624170179575,-0.01,pre-registered non-inferiority: the drop may not exceed 0.01 absolute (proposal v4 安全终点; DECISIONS 2026-09-17 13:30),ok,runs/pivot/hrf/seed0/abl_length_only/pred_fid/pixel_metrics.csv
delta_cldice,hrf,hrf,abl_length_only,baseline,0,fid,pixel,-,0.010157029297571403,0.006966770606761815,0.0131408479947249,-0.01,pre-registered non-inferiority: the drop may not exceed 0.01 absolute (proposal v4 安全终点; DECISIONS 2026-09-17 13:30),ok,runs/pivot/hrf/seed0/abl_length_only/pred_fid/pixel_metrics.csv
delta_dice,hrf,hrf,abl_fd_only,baseline,0,last,pixel,-,-0.0006989877833757707,-0.002436841047067762,0.0008857755365278121,-0.01,pre-registered non-inferiority: the drop may not exceed 0.01 absolute (proposal v4 安全终点; DECISIONS 2026-09-17 13:30),ok,runs/pivot/hrf/seed0/abl_fd_only/pred/pixel_metrics.csv
delta_cldice,hrf,hrf,abl_fd_only,baseline,0,last,pixel,-,0.011422517854230667,0.009708925075270465,0.013033561516097844,-0.01,pre-registered non-inferiority: the drop may not exceed 0.01 absolute (proposal v4 安全终点; DECISIONS 2026-09-17 13:30),ok,runs/pivot/hrf/seed0/abl_fd_only/pred/pixel_metrics.csv
delta_dice,hrf,hrf,abl_fd_only,baseline,0,fid,pixel,-,-0.00012064155351716824,-0.0015231901115079032,0.001315946482286222,-0.01,pre-registered non-inferiority: the drop may not exceed 0.01 absolute (proposal v4 安全终点; DECISIONS 2026-09-17 13:30),ok,runs/pivot/hrf/seed0/abl_fd_only/pred_fid/pixel_metrics.csv
delta_cldice,hrf,hrf,abl_fd_only,baseline,0,fid,pixel,-,0.007619873293866097,0.006208876516609213,0.009164190868988745,-0.01,pre-registered non-inferiority: the drop may not exceed 0.01 absolute (proposal v4 安全终点; DECISIONS 2026-09-17 13:30),ok,runs/pivot/hrf/seed0/abl_fd_only/pred_fid/pixel_metrics.csv
delta_dice,hrf,hrf,abl_fixed_ladder,baseline,0,last,pixel,-,-0.005442132981317101,-0.009058320486802777,-0.0019366511700092924,-0.01,pre-registered non-inferiority: the drop may not exceed 0.01 absolute (proposal v4 安全终点; DECISIONS 2026-09-17 13:30),ok,runs/pivot/hrf/seed0/abl_fixed_ladder/pred/pixel_metrics.csv
delta_cldice,hrf,hrf,abl_fixed_ladder,baseline,0,last,pixel,-,-0.002594651757253678,-0.00400671731407322,-0.0012215153434350704,-0.01,pre-registered non-inferiority: the drop may not exceed 0.01 absolute (proposal v4 安全终点; DECISIONS 2026-09-17 13:30),ok,runs/pivot/hrf/seed0/abl_fixed_ladder/pred/pixel_metrics.csv
delta_dice,hrf,hrf,abl_fixed_ladder,baseline,0,fid,pixel,-,-0.004431488713276314,-0.007192387162325914,-0.0017260612297738125,-0.01,pre-registered non-inferiority: the drop may not exceed 0.01 absolute (proposal v4 安全终点; DECISIONS 2026-09-17 13:30),ok,runs/pivot/hrf/seed0/abl_fixed_ladder/pred_fid/pixel_metrics.csv
delta_cldice,hrf,hrf,abl_fixed_ladder,baseline,0,fid,pixel,-,-0.0017815802530941763,-0.003078559695183678,-0.0004536460780314802,-0.01,pre-registered non-inferiority: the drop may not exceed 0.01 absolute (proposal v4 安全终点; DECISIONS 2026-09-17 13:30),ok,runs/pivot/hrf/seed0/abl_fixed_ladder/pred_fid/pixel_metrics.csv
delta_dice,hrf,hrf,abl_cf_on_base,baseline,0,last,pixel,-,-5.1489234728966754e-05,-0.0027644356473536984,0.0024638458783382807,-0.01,pre-registered non-inferiority: the drop may not exceed 0.01 absolute (proposal v4 安全终点; DECISIONS 2026-09-17 13:30),ok,runs/pivot/hrf/seed0/abl_cf_on_base/pred/pixel_metrics.csv
delta_cldice,hrf,hrf,abl_cf_on_base,baseline,0,last,pixel,-,0.0061631093782073655,0.0038568681299635983,0.008113159713002107,-0.01,pre-registered non-inferiority: the drop may not exceed 0.01 absolute (proposal v4 安全终点; DECISIONS 2026-09-17 13:30),ok,runs/pivot/hrf/seed0/abl_cf_on_base/pred/pixel_metrics.csv
delta_dice,hrf,hrf,abl_cf_on_base,baseline,0,fid,pixel,-,0.00039620627136636907,-0.0002701839790852081,0.0011007098334340152,-0.01,pre-registered non-inferiority: the drop may not exceed 0.01 absolute (proposal v4 安全终点; DECISIONS 2026-09-17 13:30),ok,runs/pivot/hrf/seed0/abl_cf_on_base/pred_fid/pixel_metrics.csv
delta_cldice,hrf,hrf,abl_cf_on_base,baseline,0,fid,pixel,-,0.008079585633300563,0.006920827993139371,0.00934739090023497,-0.01,pre-registered non-inferiority: the drop may not exceed 0.01 absolute (proposal v4 安全终点; DECISIONS 2026-09-17 13:30),ok,runs/pivot/hrf/seed0/abl_cf_on_base/pred_fid/pixel_metrics.csv
delta_dice,hrf,hrf,abl_cf_matched,baseline,0,last,pixel,-,-4.995752509612631e-05,-0.003467791248204556,0.003125977005542727,-0.01,pre-registered non-inferiority: the drop may not exceed 0.01 absolute (proposal v4 安全终点; DECISIONS 2026-09-17 13:30),ok,runs/pivot/hrf/seed0/abl_cf_matched/pred/pixel_metrics.csv
delta_cldice,hrf,hrf,abl_cf_matched,baseline,0,last,pixel,-,0.000647117043222926,-0.002389564910989145,0.0033457759167363327,-0.01,pre-registered non-inferiority: the drop may not exceed 0.01 absolute (proposal v4 安全终点; DECISIONS 2026-09-17 13:30),ok,runs/pivot/hrf/seed0/abl_cf_matched/pred/pixel_metrics.csv
delta_dice,hrf,hrf,abl_cf_matched,baseline,0,fid,pixel,-,0.0001083773454366647,-0.0014369852787380981,0.0016907015583974094,-0.01,pre-registered non-inferiority: the drop may not exceed 0.01 absolute (proposal v4 安全终点; DECISIONS 2026-09-17 13:30),ok,runs/pivot/hrf/seed0/abl_cf_matched/pred_fid/pixel_metrics.csv
delta_cldice,hrf,hrf,abl_cf_matched,baseline,0,fid,pixel,-,0.0009459492562192658,-0.0005485325600805834,0.0023923529257300815,-0.01,pre-registered non-inferiority: the drop may not exceed 0.01 absolute (proposal v4 安全终点; DECISIONS 2026-09-17 13:30),ok,runs/pivot/hrf/seed0/abl_cf_matched/pred_fid/pixel_metrics.csv
