dataset,target,config,seed,checkpoint,biomarker,pipeline,n,sigma,r_pearson,r_spearman,bias_const_sigma,resid_sd_sigma,mae_sigma,pred_path,gt_path,sigma_source,d_r_vs_baseline,d_r_vs_baseline_lo,d_r_vs_baseline_hi,d_r_vs_continued,d_r_vs_continued_lo,d_r_vs_continued_hi
fives,chasedb1,baseline,0,last,FD,pvbm,8,0.0186864339974062,0.8485307349784732,0.8095238095238096,0.26047994690862475,0.8702001011130499,0.7498698464120299,runs/pivot/fives/seed0/baseline/pred_chasedb1/bio.csv,results/pivot/e2_gt_chasedb1.csv,results/gateA_biomarker_scales_train.csv,,,,,,
fives,chasedb1,baseline,1,last,FD,pvbm,8,0.0186864339974062,0.9033434994907356,0.9047619047619048,0.25862493538661513,0.7494717555365066,0.6618903614731558,runs/pivot/fives/seed1/baseline/pred_chasedb1/bio.csv,results/pivot/e2_gt_chasedb1.csv,results/gateA_biomarker_scales_train.csv,,,,,,
fives,chasedb1,baseline,2,last,FD,pvbm,8,0.0186864339974062,0.8302905089368785,0.8095238095238096,0.1182635977828904,0.9428937412440621,0.7827131335070037,runs/pivot/fives/seed2/baseline/pred_chasedb1/bio.csv,results/pivot/e2_gt_chasedb1.csv,results/gateA_biomarker_scales_train.csv,,,,,,
fives,chasedb1,cfloss,0,last,FD,pvbm,8,0.0186864339974062,0.858168388348985,0.8095238095238096,0.09797453356550043,0.8422315970744467,0.7036759267523667,runs/pivot/fives/seed0/cfloss/pred_chasedb1/bio.csv,results/pivot/e2_gt_chasedb1.csv,results/gateA_biomarker_scales_train.csv,0.009637653370511812,-0.015990825077057715,0.09176133094490108,0.040180196152499015,-0.00015396141219006787,0.2291094115733368
fives,chasedb1,cfloss,1,last,FD,pvbm,8,0.0186864339974062,0.8962381546765018,0.880952380952381,0.1590054675232938,0.7453608250920484,0.6537992671020282,runs/pivot/fives/seed1/cfloss/pred_chasedb1/bio.csv,results/pivot/e2_gt_chasedb1.csv,results/gateA_biomarker_scales_train.csv,-0.007105344814233749,-0.10537421805075138,0.05100320296722227,-0.001192488374003875,-0.06908404631964571,0.03736343545529937
fives,chasedb1,cfloss,2,last,FD,pvbm,8,0.0186864339974062,0.8488942135357972,0.7857142857142858,0.20963778101582706,0.9025197612941621,0.7628853451562332,runs/pivot/fives/seed2/cfloss/pred_chasedb1/bio.csv,results/pivot/e2_gt_chasedb1.csv,results/gateA_biomarker_scales_train.csv,0.01860370459891869,-0.00493172909639121,0.12740207358117117,-0.004052063680201279,-0.08517917053733437,0.042331996211819926
fives,chasedb1,continued,0,last,FD,pvbm,8,0.0186864339974062,0.817988192196486,0.7380952380952381,0.2060491068272551,0.9479839024858498,0.8212583019892039,runs/pivot/fives/seed0/continued/pred_chasedb1/bio.csv,results/pivot/e2_gt_chasedb1.csv,results/gateA_biomarker_scales_train.csv,-0.030542542781987203,-0.16587289701796262,0.004663130996181655,,,
fives,chasedb1,continued,1,last,FD,pvbm,8,0.0186864339974062,0.8974306430505057,0.880952380952381,0.08777280556070537,0.7544312099053548,0.6465109984558348,runs/pivot/fives/seed1/continued/pred_chasedb1/bio.csv,results/pivot/e2_gt_chasedb1.csv,results/gateA_biomarker_scales_train.csv,-0.0059128564402298744,-0.06162227700330922,0.02584807467938662,,,
fives,chasedb1,continued,2,last,FD,pvbm,8,0.0186864339974062,0.8529462772159985,0.9047619047619048,0.2845451180877303,0.8993703706810581,0.780130223851732,runs/pivot/fives/seed2/continued/pred_chasedb1/bio.csv,results/pivot/e2_gt_chasedb1.csv,results/gateA_biomarker_scales_train.csv,0.02265576827911997,-0.02260296101917167,0.18830599015896843,,,
fives,chasedb1,reliseg,0,last,FD,pvbm,8,0.0186864339974062,0.8008014317487351,0.8095238095238096,0.31189214209050864,0.9811696689037274,0.8732211352042212,runs/pivot/fives/seed0/reliseg/pred_chasedb1/bio.csv,results/pivot/e2_gt_chasedb1.csv,results/gateA_biomarker_scales_train.csv,-0.04772930322973812,-0.15258977546535335,0.000542860570459125,-0.017186760447750915,-0.0617581174038221,0.07560171688113004
fives,chasedb1,reliseg,1,last,FD,pvbm,8,0.0186864339974062,0.8950176668998702,0.9285714285714287,0.18595447063605036,0.7752157493491187,0.6531369777856458,runs/pivot/fives/seed1/reliseg/pred_chasedb1/bio.csv,results/pivot/e2_gt_chasedb1.csv,results/gateA_biomarker_scales_train.csv,-0.00832583259086539,-0.05151195203641623,0.06070407068657351,-0.002412976150635515,-0.0256929282921037,0.071924915222072
fives,chasedb1,reliseg,2,last,FD,pvbm,8,0.0186864339974062,0.8701567982601208,0.8333333333333335,0.28971583783282906,0.8840262079760618,0.7543142962343804,runs/pivot/fives/seed2/reliseg/pred_chasedb1/bio.csv,results/pivot/e2_gt_chasedb1.csv,results/gateA_biomarker_scales_train.csv,0.03986628932324232,-0.020264491015692884,0.2200632625124305,0.01721052104412235,-0.03503524010767507,0.07506149731663175
fives,chasedb1,reliseg_nocl,0,last,FD,pvbm,8,0.0186864339974062,0.8384198990800789,0.8095238095238096,0.27351126753165045,0.9025292057092537,0.7871149536243958,runs/pivot/fives/seed0/reliseg_nocl/pred_chasedb1/bio.csv,results/pivot/e2_gt_chasedb1.csv,results/gateA_biomarker_scales_train.csv,-0.010110835898394344,-0.08047477611902927,0.012228507894551618,0.02043170688359286,-0.016021988629659267,0.12320140361561947
fives,chasedb1,reliseg_nocl,1,last,FD,pvbm,8,0.0186864339974062,0.8643819907268776,0.7857142857142858,0.3184186492922848,0.8574332316418172,0.7500114216779079,runs/pivot/fives/seed1/reliseg_nocl/pred_chasedb1/bio.csv,results/pivot/e2_gt_chasedb1.csv,results/gateA_biomarker_scales_train.csv,-0.038961508763857955,-0.21382892468503878,4.839667199830991e-07,-0.03304865232362808,-0.20682079607619955,0.037340257291576986
fives,chasedb1,reliseg_nocl,2,last,FD,pvbm,8,0.0186864339974062,0.8005596048905538,0.7857142857142858,0.47315922985119047,1.001241961832213,0.8989476904382439,runs/pivot/fives/seed2/reliseg_nocl/pred_chasedb1/bio.csv,results/pivot/e2_gt_chasedb1.csv,results/gateA_biomarker_scales_train.csv,-0.029730904046324724,-0.23844610209641243,0.004326928031108868,-0.052386672325444694,-0.4051744303067508,0.015500184881704977
fives,chasedb1,baseline,0,last,FD,skan,8,0.0233801328199158,0.8891131421160204,0.8333333333333335,-0.378714408097157,0.42341256155915563,0.4701056660128786,runs/pivot/fives/seed0/baseline/pred_chasedb1/bio.csv,results/pivot/e2_gt_chasedb1.csv,results/gateA_biomarker_scales_train.csv,,,,,,
fives,chasedb1,baseline,1,last,FD,skan,8,0.0233801328199158,0.9478890180939264,0.9761904761904763,-0.268133429094793,0.299608512650994,0.3118824868248321,runs/pivot/fives/seed1/baseline/pred_chasedb1/bio.csv,results/pivot/e2_gt_chasedb1.csv,results/gateA_biomarker_scales_train.csv,,,,,,
fives,chasedb1,baseline,2,last,FD,skan,8,0.0233801328199158,0.8665932692232902,0.9523809523809524,-0.5372416093200398,0.4482148116489135,0.5372416093200398,runs/pivot/fives/seed2/baseline/pred_chasedb1/bio.csv,results/pivot/e2_gt_chasedb1.csv,results/gateA_biomarker_scales_train.csv,,,,,,
fives,chasedb1,cfloss,0,last,FD,skan,8,0.0233801328199158,0.9057735418664243,0.9523809523809524,-0.37883501862451613,0.3877203284583117,0.39328650017810857,runs/pivot/fives/seed0/cfloss/pred_chasedb1/bio.csv,results/pivot/e2_gt_chasedb1.csv,results/gateA_biomarker_scales_train.csv,0.016660399750403898,-0.08505068032005113,0.1689805581443005,0.034994925287766376,-0.0009571843889120163,0.17577487268832026
fives,chasedb1,cfloss,1,last,FD,skan,8,0.0233801328199158,0.9578885697696875,0.9761904761904763,-0.3210675847032025,0.2523222893876525,0.3306902355424483,runs/pivot/fives/seed1/cfloss/pred_chasedb1/bio.csv,results/pivot/e2_gt_chasedb1.csv,results/gateA_biomarker_scales_train.csv,0.009999551675761054,-0.008889325790184269,0.02618752004085029,0.012191427607747829,-0.023528723457336143,0.04164469861284297
fives,chasedb1,cfloss,2,last,FD,skan,8,0.0233801328199158,0.8815351064356843,0.9523809523809524,-0.3529263821871188,0.44800350274718925,0.43011601153188184,runs/pivot/fives/seed2/cfloss/pred_chasedb1/bio.csv,results/pivot/e2_gt_chasedb1.csv,results/gateA_biomarker_scales_train.csv,0.014941837212394171,-0.13860088292549033,0.11283972352243599,-0.004911078389025714,-0.06674861584788361,0.0331601301322324
fives,chasedb1,continued,0,last,FD,skan,8,0.0233801328199158,0.870778616578658,0.8571428571428572,-0.4208185173979703,0.45288217992221597,0.4736748225457092,runs/pivot/fives/seed0/continued/pred_chasedb1/bio.csv,results/pivot/e2_gt_chasedb1.csv,results/gateA_biomarker_scales_train.csv,-0.018334525537362478,-0.11112629155866527,0.04564917664314361,,,
fives,chasedb1,continued,1,last,FD,skan,8,0.0233801328199158,0.9456971421619397,0.9761904761904763,-0.40616269700179064,0.2945520348166324,0.40616269700179064,runs/pivot/fives/seed1/continued/pred_chasedb1/bio.csv,results/pivot/e2_gt_chasedb1.csv,results/gateA_biomarker_scales_train.csv,-0.0021918759319867753,-0.03725752022896312,0.04658676376697884,,,
fives,chasedb1,continued,2,last,FD,skan,8,0.0233801328199158,0.88644618482471,0.9523809523809524,-0.45797963207376285,0.4127823235125282,0.48199850269362343,runs/pivot/fives/seed2/continued/pred_chasedb1/bio.csv,results/pivot/e2_gt_chasedb1.csv,results/gateA_biomarker_scales_train.csv,0.019852915601419885,-0.10440384885501086,0.12651805509171027,,,
fives,chasedb1,reliseg,0,last,FD,skan,8,0.0233801328199158,0.8759225329600007,0.8333333333333335,-0.3158737476796926,0.4603778396018382,0.3961335375351955,runs/pivot/fives/seed0/reliseg/pred_chasedb1/bio.csv,results/pivot/e2_gt_chasedb1.csv,results/gateA_biomarker_scales_train.csv,-0.013190609156019772,-0.1820810369373609,0.09812534397769082,0.005143916381342706,-0.08044695496326486,0.06398080409058186
fives,chasedb1,reliseg,1,last,FD,skan,8,0.0233801328199158,0.9487080146740647,0.9761904761904763,-0.28890165819175717,0.2962200371725319,0.32817025825220403,runs/pivot/fives/seed1/reliseg/pred_chasedb1/bio.csv,results/pivot/e2_gt_chasedb1.csv,results/gateA_biomarker_scales_train.csv,0.000818996580138287,-0.011052670034775617,0.03105995077628526,0.0030108725121250624,-0.01883190971168888,0.03186290886800755
fives,chasedb1,reliseg,2,last,FD,skan,8,0.0233801328199158,0.8860002135003855,0.9523809523809524,-0.3946689175675434,0.4153536630718317,0.39587184462426417,runs/pivot/fives/seed2/reliseg/pred_chasedb1/bio.csv,results/pivot/e2_gt_chasedb1.csv,results/gateA_biomarker_scales_train.csv,0.019406944277095328,-0.021214014109030767,0.07524277026725237,-0.00044597132432455666,-0.08907854654634774,0.15865120164096727
fives,chasedb1,reliseg_nocl,0,last,FD,skan,8,0.0233801328199158,0.8983084956830654,0.8333333333333335,-0.2788524082981729,0.38621481962729,0.36768102129085634,runs/pivot/fives/seed0/reliseg_nocl/pred_chasedb1/bio.csv,results/pivot/e2_gt_chasedb1.csv,results/gateA_biomarker_scales_train.csv,0.009195353567044928,-0.07603334590355752,0.12317808620669399,0.027529879104407406,-0.028351095464422087,0.11122359530786899
fives,chasedb1,reliseg_nocl,1,last,FD,skan,8,0.0233801328199158,0.9032346941841447,0.9523809523809524,-0.20724050464356736,0.3797840874468157,0.3365818802956422,runs/pivot/fives/seed1/reliseg_nocl/pred_chasedb1/bio.csv,results/pivot/e2_gt_chasedb1.csv,results/gateA_biomarker_scales_train.csv,-0.044654323909781746,-0.16311291066444517,-0.0037406121703359337,-0.04246244797779497,-0.20996007315805687,0.018195400228620977
fives,chasedb1,reliseg_nocl,2,last,FD,skan,8,0.0233801328199158,0.8586855463511969,0.8333333333333335,-0.28665299695133417,0.5169599338334907,0.4864176251718295,runs/pivot/fives/seed2/reliseg_nocl/pred_chasedb1/bio.csv,results/pivot/e2_gt_chasedb1.csv,results/gateA_biomarker_scales_train.csv,-0.007907722872093292,-0.26020711646510714,0.12380152207922811,-0.027760638473513177,-0.21860234759106748,0.10817542894049999
fives,chasedb1,baseline,0,last,tortuosity,pvbm,8,0.0073323195004892,0.06314952130548404,-0.14285714285714288,-0.11067043404671364,0.7963274157456989,0.6357637196462784,runs/pivot/fives/seed0/baseline/pred_chasedb1/bio.csv,results/pivot/e2_gt_chasedb1.csv,results/gateA_biomarker_scales_train.csv,,,,,,
fives,chasedb1,baseline,1,last,tortuosity,pvbm,8,0.0073323195004892,0.19497463864077208,0.04761904761904763,-0.14029547313591073,0.7682372536542422,0.5548943644591969,runs/pivot/fives/seed1/baseline/pred_chasedb1/bio.csv,results/pivot/e2_gt_chasedb1.csv,results/gateA_biomarker_scales_train.csv,,,,,,
fives,chasedb1,baseline,2,last,tortuosity,pvbm,8,0.0073323195004892,0.13273620010376003,0.0,0.07648468962405744,0.8019862935268411,0.5743998538469753,runs/pivot/fives/seed2/baseline/pred_chasedb1/bio.csv,results/pivot/e2_gt_chasedb1.csv,results/gateA_biomarker_scales_train.csv,,,,,,
fives,chasedb1,cfloss,0,last,tortuosity,pvbm,8,0.0073323195004892,0.12625991662484015,0.2142857142857143,-0.021815082481762713,0.6382683137006706,0.461747493004974,runs/pivot/fives/seed0/cfloss/pred_chasedb1/bio.csv,results/pivot/e2_gt_chasedb1.csv,results/gateA_biomarker_scales_train.csv,0.06311039531935611,-0.41363718594585736,0.8302527412827427,-0.0783976602357904,-0.35933157004844174,0.5042100166198834
fives,chasedb1,cfloss,1,last,tortuosity,pvbm,8,0.0073323195004892,0.3705211311124802,0.4285714285714286,-0.05630574414905952,0.6580525244574915,0.4423946701574948,runs/pivot/fives/seed1/cfloss/pred_chasedb1/bio.csv,results/pivot/e2_gt_chasedb1.csv,results/gateA_biomarker_scales_train.csv,0.17554649247170812,-0.39264452598830174,0.6891583455935719,-0.07621574436612272,-0.7489017802374724,0.2819799992693051
fives,chasedb1,cfloss,2,last,tortuosity,pvbm,8,0.0073323195004892,-0.24991422351522688,-0.2142857142857143,-0.08076726488064276,0.7661436675173982,0.6240329316519686,runs/pivot/fives/seed2/cfloss/pred_chasedb1/bio.csv,results/pivot/e2_gt_chasedb1.csv,results/gateA_biomarker_scales_train.csv,-0.38265042361898693,-0.7311536573471382,0.26834963573272175,-0.4762840188128975,-0.7506772910677627,-0.055226031344733986
fives,chasedb1,continued,0,last,tortuosity,pvbm,8,0.0073323195004892,0.20465757686063055,0.11904761904761905,-0.1882524459538824,0.9361388839770247,0.7417399268538372,runs/pivot/fives/seed0/continued/pred_chasedb1/bio.csv,results/pivot/e2_gt_chasedb1.csv,results/gateA_biomarker_scales_train.csv,0.1415080555551465,-0.2611047282132121,0.6357805469725772,,,
fives,chasedb1,continued,1,last,tortuosity,pvbm,8,0.0073323195004892,0.4467368754786029,0.30952380952380953,-0.15261527481815684,0.5233621793388219,0.35742364549055217,runs/pivot/fives/seed1/continued/pred_chasedb1/bio.csv,results/pivot/e2_gt_chasedb1.csv,results/gateA_biomarker_scales_train.csv,0.25176223683783083,-0.027596117045437768,0.6122108951261829,,,
fives,chasedb1,continued,2,last,tortuosity,pvbm,8,0.0073323195004892,0.22636979529767065,-0.023809523809523815,-0.2643949684919719,0.6749474180366205,0.5639074458133033,runs/pivot/fives/seed2/continued/pred_chasedb1/bio.csv,results/pivot/e2_gt_chasedb1.csv,results/gateA_biomarker_scales_train.csv,0.09363359519391062,-0.12190102022395294,0.49552172661041083,,,
fives,chasedb1,reliseg,0,last,tortuosity,pvbm,8,0.0073323195004892,0.21269628840569646,0.09523809523809526,0.14373432476906395,0.8383016942399228,0.6163346171351008,runs/pivot/fives/seed0/reliseg/pred_chasedb1/bio.csv,results/pivot/e2_gt_chasedb1.csv,results/gateA_biomarker_scales_train.csv,0.14954676710021242,-0.2212754088046874,0.5716642882304688,0.008038711545065913,-0.481152568663751,0.3009161814462848
fives,chasedb1,reliseg,1,last,tortuosity,pvbm,8,0.0073323195004892,-0.011476236635999221,0.0,0.29897427495030304,0.7843859356905121,0.7205318036662933,runs/pivot/fives/seed1/reliseg/pred_chasedb1/bio.csv,results/pivot/e2_gt_chasedb1.csv,results/gateA_biomarker_scales_train.csv,-0.2064508752767713,-0.5961785622471456,0.31099385624966075,-0.45821311211460214,-1.0132258876082223,-0.014994494918079979
fives,chasedb1,reliseg,2,last,tortuosity,pvbm,8,0.0073323195004892,0.40701190573350654,0.2380952380952381,-0.18930643390202495,0.5732557581166497,0.43027343073872526,runs/pivot/fives/seed2/reliseg/pred_chasedb1/bio.csv,results/pivot/e2_gt_chasedb1.csv,results/gateA_biomarker_scales_train.csv,0.2742757056297465,-0.05379938829097552,0.5571867720359865,0.1806421104358359,-0.45222961772044157,0.36669983347298085
fives,chasedb1,reliseg_nocl,0,last,tortuosity,pvbm,8,0.0073323195004892,0.10004988070333477,-0.09523809523809526,0.022238552240779738,0.9348362444397617,0.6967181969490418,runs/pivot/fives/seed0/reliseg_nocl/pred_chasedb1/bio.csv,results/pivot/e2_gt_chasedb1.csv,results/gateA_biomarker_scales_train.csv,0.03690035939785073,-0.3285074477049537,0.5320949519702057,-0.10460769615729577,-0.5096621648438913,0.1816654482251483
fives,chasedb1,reliseg_nocl,1,last,tortuosity,pvbm,8,0.0073323195004892,0.2623453897847169,0.14285714285714288,0.01649463727886999,0.7099432083977931,0.5434286717209693,runs/pivot/fives/seed1/reliseg_nocl/pred_chasedb1/bio.csv,results/pivot/e2_gt_chasedb1.csv,results/gateA_biomarker_scales_train.csv,0.06737075114394481,-0.6216371844176225,0.4907692875799624,-0.18439148569388603,-1.0501612431942458,0.2511631979916574
fives,chasedb1,reliseg_nocl,2,last,tortuosity,pvbm,8,0.0073323195004892,-0.1530811824214351,-0.09523809523809526,0.001535902477851403,0.8287615972293847,0.6763978849031973,runs/pivot/fives/seed2/reliseg_nocl/pred_chasedb1/bio.csv,results/pivot/e2_gt_chasedb1.csv,results/gateA_biomarker_scales_train.csv,-0.2858173825251951,-0.6186792268779852,0.18955495746522008,-0.37945097771910574,-0.7996531540578126,0.2617839545561692
fives,chasedb1,baseline,0,last,tortuosity,skan,8,0.0110679345896438,0.1859351450095594,0.523809523809524,-1.3184729630496768,2.1837743355709143,1.556059521917729,runs/pivot/fives/seed0/baseline/pred_chasedb1/bio.csv,results/pivot/e2_gt_chasedb1.csv,results/gateA_biomarker_scales_train.csv,,,,,,
fives,chasedb1,baseline,1,last,tortuosity,skan,8,0.0110679345896438,0.2129558713182903,0.5714285714285715,-1.332078736728029,2.170283834699033,1.5631815499148551,runs/pivot/fives/seed1/baseline/pred_chasedb1/bio.csv,results/pivot/e2_gt_chasedb1.csv,results/gateA_biomarker_scales_train.csv,,,,,,
fives,chasedb1,baseline,2,last,tortuosity,skan,8,0.0110679345896438,0.21538513738762144,0.523809523809524,-1.3436737874386986,2.1250795638112008,1.3886913332680335,runs/pivot/fives/seed2/baseline/pred_chasedb1/bio.csv,results/pivot/e2_gt_chasedb1.csv,results/gateA_biomarker_scales_train.csv,,,,,,
fives,chasedb1,cfloss,0,last,tortuosity,skan,8,0.0110679345896438,0.8040997729276053,0.8095238095238096,-1.314202590367267,1.4629565044359987,1.3253602029278557,runs/pivot/fives/seed0/cfloss/pred_chasedb1/bio.csv,results/pivot/e2_gt_chasedb1.csv,results/gateA_biomarker_scales_train.csv,0.6181646279180458,-0.24287473483809313,1.1884861160701083,0.6510050992903849,-0.21065522473204812,1.16536472708049
fives,chasedb1,cfloss,1,last,tortuosity,skan,8,0.0110679345896438,0.16899393288309666,0.5476190476190477,-1.492038104423921,2.1858808421268328,1.6330246250365656,runs/pivot/fives/seed1/cfloss/pred_chasedb1/bio.csv,results/pivot/e2_gt_chasedb1.csv,results/gateA_biomarker_scales_train.csv,-0.04396193843519364,-0.3648283682856288,0.3584143663011703,-0.005241832248479905,-0.353920549479861,0.4129210277082182
fives,chasedb1,cfloss,2,last,tortuosity,skan,8,0.0110679345896438,0.09030355189146295,0.5952380952380953,-1.2550011276061444,2.2564031113198486,1.3773865907649505,runs/pivot/fives/seed2/cfloss/pred_chasedb1/bio.csv,results/pivot/e2_gt_chasedb1.csv,results/gateA_biomarker_scales_train.csv,-0.1250815854961585,-0.3383788464067585,0.22062653594843473,-0.27421783892885393,-0.6447635186489323,0.07788050881471498
fives,chasedb1,continued,0,last,tortuosity,skan,8,0.0110679345896438,0.15309467363722035,0.523809523809524,-1.2493802401800256,2.2169626319398765,1.5448080800746535,runs/pivot/fives/seed0/continued/pred_chasedb1/bio.csv,results/pivot/e2_gt_chasedb1.csv,results/gateA_biomarker_scales_train.csv,-0.03284047137233906,-0.27131408412196223,0.12038715916043485,,,
fives,chasedb1,continued,1,last,tortuosity,skan,8,0.0110679345896438,0.17423576513157657,0.4285714285714286,-1.3555350644697413,2.155630766917961,1.4217059242550232,runs/pivot/fives/seed1/continued/pred_chasedb1/bio.csv,results/pivot/e2_gt_chasedb1.csv,results/gateA_biomarker_scales_train.csv,-0.03872010618671373,-0.20701657718365107,0.1054909645141407,,,
fives,chasedb1,continued,2,last,tortuosity,skan,8,0.0110679345896438,0.36452139082031687,0.6428571428571429,-1.418154282901836,1.9909477468171228,1.5049798238402805,runs/pivot/fives/seed2/continued/pred_chasedb1/bio.csv,results/pivot/e2_gt_chasedb1.csv,results/gateA_biomarker_scales_train.csv,0.14913625343269543,-0.03716252966347933,0.5690691086375943,,,
fives,chasedb1,reliseg,0,last,tortuosity,skan,8,0.0110679345896438,0.2710779282571888,0.6190476190476191,-1.3584649798925836,2.1254006973165485,1.619722427107495,runs/pivot/fives/seed0/reliseg/pred_chasedb1/bio.csv,results/pivot/e2_gt_chasedb1.csv,results/gateA_biomarker_scales_train.csv,0.08514278324762939,-0.026875801739541842,0.22023915463131713,0.11798325461996845,-0.009409438647348011,0.34163499351352516
fives,chasedb1,reliseg,1,last,tortuosity,skan,8,0.0110679345896438,0.11931730820087731,0.4523809523809524,-1.098713561452042,2.2488822475529453,1.329182928288894,runs/pivot/fives/seed1/reliseg/pred_chasedb1/bio.csv,results/pivot/e2_gt_chasedb1.csv,results/gateA_biomarker_scales_train.csv,-0.09363856311741299,-0.3302398498984437,0.23436365978205653,-0.05491845693069926,-0.26066625363000684,0.20897639819024644
fives,chasedb1,reliseg,2,last,tortuosity,skan,8,0.0110679345896438,0.2051548052681032,0.38095238095238104,-1.3021487518544281,2.1608407993961163,1.4617577956504264,runs/pivot/fives/seed2/reliseg/pred_chasedb1/bio.csv,results/pivot/e2_gt_chasedb1.csv,results/gateA_biomarker_scales_train.csv,-0.010230332119518237,-0.1270702372435145,0.0971525555730548,-0.15936658555221367,-0.6114419721843344,0.04489302727546948
fives,chasedb1,reliseg_nocl,0,last,tortuosity,skan,8,0.0110679345896438,0.8522772742756223,0.8333333333333335,-1.4803968068292237,1.3752478329981779,1.4803968068292237,runs/pivot/fives/seed0/reliseg_nocl/pred_chasedb1/bio.csv,results/pivot/e2_gt_chasedb1.csv,results/gateA_biomarker_scales_train.csv,0.6663421292660628,-0.22619550394556628,1.2233589029579455,0.6991826006384019,-0.2047188679280163,1.1981562173998304
fives,chasedb1,reliseg_nocl,1,last,tortuosity,skan,8,0.0110679345896438,0.27537445549212547,0.5714285714285715,-1.560547427996327,2.053563022507671,1.572720438924698,runs/pivot/fives/seed1/reliseg_nocl/pred_chasedb1/bio.csv,results/pivot/e2_gt_chasedb1.csv,results/gateA_biomarker_scales_train.csv,0.06241858417383517,-0.30110008289159795,0.3426224869645734,0.1011386903605489,-0.29817607632558213,0.40143103533257896
fives,chasedb1,reliseg_nocl,2,last,tortuosity,skan,8,0.0110679345896438,0.2256466220873021,0.4047619047619048,-1.4349678336245655,2.119395744916228,1.4958213228171444,runs/pivot/fives/seed2/reliseg_nocl/pred_chasedb1/bio.csv,results/pivot/e2_gt_chasedb1.csv,results/gateA_biomarker_scales_train.csv,0.010261484699680662,-0.11712993889080948,0.11492634223511336,-0.13887476873301477,-0.5182845631892017,0.001254596407432364
fives,chasedb1,baseline,0,last,density,pvbm,8,0.0063018545612913,0.904040008823177,0.9523809523809524,5.0839249550731545,0.9039809259075767,5.0839249550731545,runs/pivot/fives/seed0/baseline/pred_chasedb1/bio.csv,results/pivot/e2_gt_chasedb1.csv,results/gateA_biomarker_scales_train.csv,,,,,,
fives,chasedb1,baseline,1,last,density,pvbm,8,0.0063018545612913,0.9263535454060584,0.9761904761904763,5.277822755830858,0.8956655493099703,5.277822755830858,runs/pivot/fives/seed1/baseline/pred_chasedb1/bio.csv,results/pivot/e2_gt_chasedb1.csv,results/gateA_biomarker_scales_train.csv,,,,,,
fives,chasedb1,baseline,2,last,density,pvbm,8,0.0063018545612913,0.9135109154521892,0.9761904761904763,4.7936310240154105,0.8881725900630426,4.7936310240154105,runs/pivot/fives/seed2/baseline/pred_chasedb1/bio.csv,results/pivot/e2_gt_chasedb1.csv,results/gateA_biomarker_scales_train.csv,,,,,,
fives,chasedb1,cfloss,0,last,density,pvbm,8,0.0063018545612913,0.913869497636357,0.9761904761904763,4.824828279810568,0.9068604220381705,4.824828279810568,runs/pivot/fives/seed0/cfloss/pred_chasedb1/bio.csv,results/pivot/e2_gt_chasedb1.csv,results/gateA_biomarker_scales_train.csv,0.00982948881318002,-0.01269150667633516,0.046585890040267364,0.0026725681290843406,-0.023427168006513188,0.02866877494867131
fives,chasedb1,cfloss,1,last,density,pvbm,8,0.0063018545612913,0.9302541547146584,1.0,5.0819887910656005,0.874455435929298,5.0819887910656005,runs/pivot/fives/seed1/cfloss/pred_chasedb1/bio.csv,results/pivot/e2_gt_chasedb1.csv,results/gateA_biomarker_scales_train.csv,0.0039006093086000337,-0.007579885517992493,0.02746750679521827,0.003092411923787952,-0.0087238302368221,0.01953958576459303
fives,chasedb1,cfloss,2,last,density,pvbm,8,0.0063018545612913,0.9195660279377882,0.9285714285714287,4.887823796527732,0.9611474617620629,4.887823796527732,runs/pivot/fives/seed2/cfloss/pred_chasedb1/bio.csv,results/pivot/e2_gt_chasedb1.csv,results/gateA_biomarker_scales_train.csv,0.006055112485598979,-0.04622495929013185,0.03603586860348778,-0.004743182822775638,-0.018256424283503478,-5.126311449166199e-05
fives,chasedb1,continued,0,last,density,pvbm,8,0.0063018545612913,0.9111969295072727,0.9523809523809524,5.25916269765852,0.8953830246675231,5.25916269765852,runs/pivot/fives/seed0/continued/pred_chasedb1/bio.csv,results/pivot/e2_gt_chasedb1.csv,results/gateA_biomarker_scales_train.csv,0.00715692068409568,-0.0004295288432218519,0.02282559046955901,,,
fives,chasedb1,continued,1,last,density,pvbm,8,0.0063018545612913,0.9271617427908705,0.9761904761904763,5.2123403950008385,0.8644543893240673,5.2123403950008385,runs/pivot/fives/seed1/continued/pred_chasedb1/bio.csv,results/pivot/e2_gt_chasedb1.csv,results/gateA_biomarker_scales_train.csv,0.0008081973848120816,-0.004493820200325516,0.014829894990620577,,,
fives,chasedb1,continued,2,last,density,pvbm,8,0.0063018545612913,0.9243092107605638,0.9285714285714287,5.284108536181785,0.9317670931799727,5.284108536181785,runs/pivot/fives/seed2/continued/pred_chasedb1/bio.csv,results/pivot/e2_gt_chasedb1.csv,results/gateA_biomarker_scales_train.csv,0.010798295308374617,-0.032793015497043394,0.04542789360672026,,,
fives,chasedb1,reliseg,0,last,density,pvbm,8,0.0063018545612913,0.9070753620676628,0.9523809523809524,5.325406670071269,0.9002124927706281,5.325406670071269,runs/pivot/fives/seed0/reliseg/pred_chasedb1/bio.csv,results/pivot/e2_gt_chasedb1.csv,results/gateA_biomarker_scales_train.csv,0.0030353532444857834,-0.009725474598764565,0.01799214709377308,-0.004121567439609897,-0.025912872937440115,0.0023867160288282485
fives,chasedb1,reliseg,1,last,density,pvbm,8,0.0063018545612913,0.9275943781042896,1.0,5.412828859988929,0.8715018244519712,5.412828859988929,runs/pivot/fives/seed1/reliseg/pred_chasedb1/bio.csv,results/pivot/e2_gt_chasedb1.csv,results/gateA_biomarker_scales_train.csv,0.0012408326982311646,-0.004096689731867894,0.021521741379771468,0.000432635313419083,-0.003688213763525966,0.010874847507385588
fives,chasedb1,reliseg,2,last,density,pvbm,8,0.0063018545612913,0.9220307134305102,0.9285714285714287,5.198487712025078,0.9001108668499923,5.198487712025078,runs/pivot/fives/seed2/reliseg/pred_chasedb1/bio.csv,results/pivot/e2_gt_chasedb1.csv,results/gateA_biomarker_scales_train.csv,0.008519797978321031,-0.029117064816957073,0.023429880152370946,-0.002278497330053586,-0.031505943008847764,0.013909115983955403
fives,chasedb1,reliseg_nocl,0,last,density,pvbm,8,0.0063018545612913,0.9079173608707723,0.880952380952381,5.197134069986809,0.8955825735883829,5.197134069986809,runs/pivot/fives/seed0/reliseg_nocl/pred_chasedb1/bio.csv,results/pivot/e2_gt_chasedb1.csv,results/gateA_biomarker_scales_train.csv,0.003877352047595317,-0.026690454650842216,0.030782806556095457,-0.003279568636500363,-0.03733293190200446,0.01388126915478837
fives,chasedb1,reliseg_nocl,1,last,density,pvbm,8,0.0063018545612913,0.9121272783912967,0.9761904761904763,5.4010817100689,0.9151886562770494,5.4010817100689,runs/pivot/fives/seed1/reliseg_nocl/pred_chasedb1/bio.csv,results/pivot/e2_gt_chasedb1.csv,results/gateA_biomarker_scales_train.csv,-0.014226267014761707,-0.04429571139690813,0.003774068988630716,-0.015034464399573788,-0.052849466176349114,0.0021167680337808264
fives,chasedb1,reliseg_nocl,2,last,density,pvbm,8,0.0063018545612913,0.9173565248216229,0.9761904761904763,5.257459102170985,0.9357317387950914,5.257459102170985,runs/pivot/fives/seed2/reliseg_nocl/pred_chasedb1/bio.csv,results/pivot/e2_gt_chasedb1.csv,results/gateA_biomarker_scales_train.csv,0.003845609369433678,-0.012839859004244433,0.01028581282394848,-0.006952685938940939,-0.04866616608772276,0.03142907539972296
fives,chasedb1,baseline,0,last,density,skan,8,0.0063018545612913,0.904040008823177,0.9523809523809524,5.0839249550731545,0.9039809259075767,5.0839249550731545,runs/pivot/fives/seed0/baseline/pred_chasedb1/bio.csv,results/pivot/e2_gt_chasedb1.csv,results/gateA_biomarker_scales_train.csv,,,,,,
fives,chasedb1,baseline,1,last,density,skan,8,0.0063018545612913,0.9263535454060584,0.9761904761904763,5.277822755830858,0.8956655493099703,5.277822755830858,runs/pivot/fives/seed1/baseline/pred_chasedb1/bio.csv,results/pivot/e2_gt_chasedb1.csv,results/gateA_biomarker_scales_train.csv,,,,,,
fives,chasedb1,baseline,2,last,density,skan,8,0.0063018545612913,0.9135109154521892,0.9761904761904763,4.7936310240154105,0.8881725900630426,4.7936310240154105,runs/pivot/fives/seed2/baseline/pred_chasedb1/bio.csv,results/pivot/e2_gt_chasedb1.csv,results/gateA_biomarker_scales_train.csv,,,,,,
fives,chasedb1,cfloss,0,last,density,skan,8,0.0063018545612913,0.913869497636357,0.9761904761904763,4.824828279810568,0.9068604220381705,4.824828279810568,runs/pivot/fives/seed0/cfloss/pred_chasedb1/bio.csv,results/pivot/e2_gt_chasedb1.csv,results/gateA_biomarker_scales_train.csv,0.00982948881318002,-0.01269150667633516,0.046585890040267364,0.0026725681290843406,-0.023427168006513188,0.02866877494867131
fives,chasedb1,cfloss,1,last,density,skan,8,0.0063018545612913,0.9302541547146584,1.0,5.0819887910656005,0.874455435929298,5.0819887910656005,runs/pivot/fives/seed1/cfloss/pred_chasedb1/bio.csv,results/pivot/e2_gt_chasedb1.csv,results/gateA_biomarker_scales_train.csv,0.0039006093086000337,-0.007579885517992493,0.02746750679521827,0.003092411923787952,-0.0087238302368221,0.01953958576459303
fives,chasedb1,cfloss,2,last,density,skan,8,0.0063018545612913,0.9195660279377882,0.9285714285714287,4.887823796527732,0.9611474617620629,4.887823796527732,runs/pivot/fives/seed2/cfloss/pred_chasedb1/bio.csv,results/pivot/e2_gt_chasedb1.csv,results/gateA_biomarker_scales_train.csv,0.006055112485598979,-0.04622495929013185,0.03603586860348778,-0.004743182822775638,-0.018256424283503478,-5.126311449166199e-05
fives,chasedb1,continued,0,last,density,skan,8,0.0063018545612913,0.9111969295072727,0.9523809523809524,5.25916269765852,0.8953830246675231,5.25916269765852,runs/pivot/fives/seed0/continued/pred_chasedb1/bio.csv,results/pivot/e2_gt_chasedb1.csv,results/gateA_biomarker_scales_train.csv,0.00715692068409568,-0.0004295288432218519,0.02282559046955901,,,
fives,chasedb1,continued,1,last,density,skan,8,0.0063018545612913,0.9271617427908705,0.9761904761904763,5.2123403950008385,0.8644543893240673,5.2123403950008385,runs/pivot/fives/seed1/continued/pred_chasedb1/bio.csv,results/pivot/e2_gt_chasedb1.csv,results/gateA_biomarker_scales_train.csv,0.0008081973848120816,-0.004493820200325516,0.014829894990620577,,,
fives,chasedb1,continued,2,last,density,skan,8,0.0063018545612913,0.9243092107605638,0.9285714285714287,5.284108536181785,0.9317670931799727,5.284108536181785,runs/pivot/fives/seed2/continued/pred_chasedb1/bio.csv,results/pivot/e2_gt_chasedb1.csv,results/gateA_biomarker_scales_train.csv,0.010798295308374617,-0.032793015497043394,0.04542789360672026,,,
fives,chasedb1,reliseg,0,last,density,skan,8,0.0063018545612913,0.9070753620676628,0.9523809523809524,5.325406670071269,0.9002124927706281,5.325406670071269,runs/pivot/fives/seed0/reliseg/pred_chasedb1/bio.csv,results/pivot/e2_gt_chasedb1.csv,results/gateA_biomarker_scales_train.csv,0.0030353532444857834,-0.009725474598764565,0.01799214709377308,-0.004121567439609897,-0.025912872937440115,0.0023867160288282485
fives,chasedb1,reliseg,1,last,density,skan,8,0.0063018545612913,0.9275943781042896,1.0,5.412828859988929,0.8715018244519712,5.412828859988929,runs/pivot/fives/seed1/reliseg/pred_chasedb1/bio.csv,results/pivot/e2_gt_chasedb1.csv,results/gateA_biomarker_scales_train.csv,0.0012408326982311646,-0.004096689731867894,0.021521741379771468,0.000432635313419083,-0.003688213763525966,0.010874847507385588
fives,chasedb1,reliseg,2,last,density,skan,8,0.0063018545612913,0.9220307134305102,0.9285714285714287,5.198487712025078,0.9001108668499923,5.198487712025078,runs/pivot/fives/seed2/reliseg/pred_chasedb1/bio.csv,results/pivot/e2_gt_chasedb1.csv,results/gateA_biomarker_scales_train.csv,0.008519797978321031,-0.029117064816957073,0.023429880152370946,-0.002278497330053586,-0.031505943008847764,0.013909115983955403
fives,chasedb1,reliseg_nocl,0,last,density,skan,8,0.0063018545612913,0.9079173608707723,0.880952380952381,5.197134069986809,0.8955825735883829,5.197134069986809,runs/pivot/fives/seed0/reliseg_nocl/pred_chasedb1/bio.csv,results/pivot/e2_gt_chasedb1.csv,results/gateA_biomarker_scales_train.csv,0.003877352047595317,-0.026690454650842216,0.030782806556095457,-0.003279568636500363,-0.03733293190200446,0.01388126915478837
fives,chasedb1,reliseg_nocl,1,last,density,skan,8,0.0063018545612913,0.9121272783912967,0.9761904761904763,5.4010817100689,0.9151886562770494,5.4010817100689,runs/pivot/fives/seed1/reliseg_nocl/pred_chasedb1/bio.csv,results/pivot/e2_gt_chasedb1.csv,results/gateA_biomarker_scales_train.csv,-0.014226267014761707,-0.04429571139690813,0.003774068988630716,-0.015034464399573788,-0.052849466176349114,0.0021167680337808264
fives,chasedb1,reliseg_nocl,2,last,density,skan,8,0.0063018545612913,0.9173565248216229,0.9761904761904763,5.257459102170985,0.9357317387950914,5.257459102170985,runs/pivot/fives/seed2/reliseg_nocl/pred_chasedb1/bio.csv,results/pivot/e2_gt_chasedb1.csv,results/gateA_biomarker_scales_train.csv,0.003845609369433678,-0.012839859004244433,0.01028581282394848,-0.006952685938940939,-0.04866616608772276,0.03142907539972296
fives,chasedb1,baseline,0,last,total_length,pvbm,8,1319.4335583567454,0.9196372358132525,0.9523809523809524,-0.5074119098446832,0.41966548488222843,0.5122988264754844,runs/pivot/fives/seed0/baseline/pred_chasedb1/bio.csv,results/pivot/e2_gt_chasedb1.csv,results/gateA_biomarker_scales_train.csv,,,,,,
fives,chasedb1,baseline,1,last,total_length,pvbm,8,1319.4335583567454,0.9325848409394901,0.9523809523809524,-0.47415370657188727,0.38179647421377727,0.47415370657188727,runs/pivot/fives/seed1/baseline/pred_chasedb1/bio.csv,results/pivot/e2_gt_chasedb1.csv,results/gateA_biomarker_scales_train.csv,,,,,,
fives,chasedb1,baseline,2,last,total_length,pvbm,8,1319.4335583567454,0.9200318253033148,0.9047619047619048,-0.5813870929383194,0.4284359038658308,0.5845339131986163,runs/pivot/fives/seed2/baseline/pred_chasedb1/bio.csv,results/pivot/e2_gt_chasedb1.csv,results/gateA_biomarker_scales_train.csv,,,,,,
fives,chasedb1,cfloss,0,last,total_length,pvbm,8,1319.4335583567454,0.9162091065503557,0.9761904761904763,-0.5297370017489982,0.4248475023190577,0.5337438700986156,runs/pivot/fives/seed0/cfloss/pred_chasedb1/bio.csv,results/pivot/e2_gt_chasedb1.csv,results/gateA_biomarker_scales_train.csv,-0.0034281292628968174,-0.0449858892633861,0.04322933886749891,0.012340803606929907,-0.020561559420639555,0.1188237048219655
fives,chasedb1,cfloss,1,last,total_length,pvbm,8,1319.4335583567454,0.9230378910300655,0.9523809523809524,-0.5199844059394176,0.4059467365401538,0.5199844059394176,runs/pivot/fives/seed1/cfloss/pred_chasedb1/bio.csv,results/pivot/e2_gt_chasedb1.csv,results/gateA_biomarker_scales_train.csv,-0.009546949909424618,-0.054694704535519056,0.0023940491476451575,-0.007145669207155203,-0.06046892242761992,0.01621668981376733
fives,chasedb1,cfloss,2,last,total_length,pvbm,8,1319.4335583567454,0.9269910091296342,0.9047619047619048,-0.555693477003284,0.3970707038871378,0.5611297761547607,runs/pivot/fives/seed2/cfloss/pred_chasedb1/bio.csv,results/pivot/e2_gt_chasedb1.csv,results/gateA_biomarker_scales_train.csv,0.006959183826319326,-0.008211161627854477,0.05080706126129606,0.02509394854280289,0.004950922522131779,0.08757490315378402
fives,chasedb1,continued,0,last,total_length,pvbm,8,1319.4335583567454,0.9038683029434258,0.9047619047619048,-0.5472999149340443,0.45870268948698734,0.5615249810562163,runs/pivot/fives/seed0/continued/pred_chasedb1/bio.csv,results/pivot/e2_gt_chasedb1.csv,results/gateA_biomarker_scales_train.csv,-0.015768932869826724,-0.1133297895956251,0.009410657810029366,,,
fives,chasedb1,continued,1,last,total_length,pvbm,8,1319.4335583567454,0.9301835602372207,0.9523809523809524,-0.5297042947410012,0.3909915340418348,0.5297042947410012,runs/pivot/fives/seed1/continued/pred_chasedb1/bio.csv,results/pivot/e2_gt_chasedb1.csv,results/gateA_biomarker_scales_train.csv,-0.002401280702269415,-0.020470559137839038,0.015860741460542765,,,
fives,chasedb1,continued,2,last,total_length,pvbm,8,1319.4335583567454,0.9018970605868313,0.9047619047619048,-0.5130780810173612,0.4701749577599617,0.5683342580243272,runs/pivot/fives/seed2/continued/pred_chasedb1/bio.csv,results/pivot/e2_gt_chasedb1.csv,results/gateA_biomarker_scales_train.csv,-0.018134764716483565,-0.07355894441384969,0.003468578306409122,,,
fives,chasedb1,reliseg,0,last,total_length,pvbm,8,1319.4335583567454,0.916202021655095,0.9523809523809524,-0.4419445481508377,0.42270082771901946,0.4548350031899457,runs/pivot/fives/seed0/reliseg/pred_chasedb1/bio.csv,results/pivot/e2_gt_chasedb1.csv,results/gateA_biomarker_scales_train.csv,-0.003435214158157507,-0.029889887460598986,0.003555770998428526,0.012333718711669217,-0.008337134998142176,0.08239723357943722
fives,chasedb1,reliseg,1,last,total_length,pvbm,8,1319.4335583567454,0.9387601164177509,0.9523809523809524,-0.41087224121465526,0.36334478709593676,0.41401579417464074,runs/pivot/fives/seed1/reliseg/pred_chasedb1/bio.csv,results/pivot/e2_gt_chasedb1.csv,results/gateA_biomarker_scales_train.csv,0.0061752754782608,-0.013649656519272654,0.052314198708251956,0.008576556180530215,-0.0022519793206192654,0.04801317793399399
fives,chasedb1,reliseg,2,last,total_length,pvbm,8,1319.4335583567454,0.9318245605359826,0.9047619047619048,-0.46559807892270344,0.403644972305821,0.49510331213436254,runs/pivot/fives/seed2/reliseg/pred_chasedb1/bio.csv,results/pivot/e2_gt_chasedb1.csv,results/gateA_biomarker_scales_train.csv,0.011792735232667773,-0.006136804911045404,0.043005431456891424,0.029927499949151337,-0.005103129788595442,0.09716494398776458
fives,chasedb1,reliseg_nocl,0,last,total_length,pvbm,8,1319.4335583567454,0.9193087879323083,0.9761904761904763,-0.429562484273687,0.4210059090019607,0.4577302354919677,runs/pivot/fives/seed0/reliseg_nocl/pred_chasedb1/bio.csv,results/pivot/e2_gt_chasedb1.csv,results/gateA_biomarker_scales_train.csv,-0.00032844788094421595,-0.032821950530763304,0.03282459584449597,0.015440484988882508,-0.007758071140780728,0.1185075272951409
fives,chasedb1,reliseg_nocl,1,last,total_length,pvbm,8,1319.4335583567454,0.9334658370853408,0.9523809523809524,-0.36800956363592713,0.38070632430364276,0.4158256109266113,runs/pivot/fives/seed1/reliseg_nocl/pred_chasedb1/bio.csv,results/pivot/e2_gt_chasedb1.csv,results/gateA_biomarker_scales_train.csv,0.0008809961458506876,-0.021342535713604876,0.050719017784599196,0.0032822768481201026,-0.023314946642158295,0.048414063913063354
fives,chasedb1,reliseg_nocl,2,last,total_length,pvbm,8,1319.4335583567454,0.9097022273636478,0.9047619047619048,-0.3825654937136056,0.44909305048261466,0.4856906234061159,runs/pivot/fives/seed2/reliseg_nocl/pred_chasedb1/bio.csv,results/pivot/e2_gt_chasedb1.csv,results/gateA_biomarker_scales_train.csv,-0.010329597939667035,-0.0768529904557923,0.005390341220084207,0.00780516677681653,-0.029128360345242247,0.02694469077320707
fives,chasedb1,baseline,0,last,total_length,skan,8,1309.573145146277,0.9066636221511949,0.880952380952381,0.0457521951080133,0.49765644900070044,0.4091930340437102,runs/pivot/fives/seed0/baseline/pred_chasedb1/bio.csv,results/pivot/e2_gt_chasedb1.csv,results/gateA_biomarker_scales_train.csv,,,,,,
fives,chasedb1,baseline,1,last,total_length,skan,8,1309.573145146277,0.9308983594756582,0.9285714285714287,0.10148402789691965,0.4287316500490606,0.3671251354602246,runs/pivot/fives/seed1/baseline/pred_chasedb1/bio.csv,results/pivot/e2_gt_chasedb1.csv,results/gateA_biomarker_scales_train.csv,,,,,,
fives,chasedb1,baseline,2,last,total_length,skan,8,1309.573145146277,0.9061131024971362,0.880952380952381,-0.03312769812749202,0.5083085221938587,0.409813423858152,runs/pivot/fives/seed2/baseline/pred_chasedb1/bio.csv,results/pivot/e2_gt_chasedb1.csv,results/gateA_biomarker_scales_train.csv,,,,,,
fives,chasedb1,cfloss,0,last,total_length,skan,8,1309.573145146277,0.9181478386184485,0.9047619047619048,-0.015651262860487618,0.46604458619447814,0.39497646221179505,runs/pivot/fives/seed0/cfloss/pred_chasedb1/bio.csv,results/pivot/e2_gt_chasedb1.csv,results/gateA_biomarker_scales_train.csv,0.011484216467253616,-0.013729087595345626,0.09745468736947002,0.02695297122356166,0.0013506774708395008,0.17395532251882076
fives,chasedb1,cfloss,1,last,total_length,skan,8,1309.573145146277,0.9393564910676054,0.9285714285714287,0.039023825995013625,0.4053736525445308,0.34373102373152786,runs/pivot/fives/seed1/cfloss/pred_chasedb1/bio.csv,results/pivot/e2_gt_chasedb1.csv,results/gateA_biomarker_scales_train.csv,0.008458131591947193,-0.009799347565603722,0.09216136907236308,0.004653297403951928,-0.024455718168140236,0.052527567394802646
fives,chasedb1,cfloss,2,last,total_length,skan,8,1309.573145146277,0.9022932960988503,0.880952380952381,0.012754464442393913,0.505003353739779,0.42189993134212,runs/pivot/fives/seed2/cfloss/pred_chasedb1/bio.csv,results/pivot/e2_gt_chasedb1.csv,results/gateA_biomarker_scales_train.csv,-0.00381980639828583,-0.04275148235280025,0.025318688800287904,0.0022377923577192593,-0.050165987239102115,0.019255930800423798
fives,chasedb1,continued,0,last,total_length,skan,8,1309.573145146277,0.8911948673948868,0.880952380952381,-0.037974863988247384,0.5338854033065803,0.4345920977973983,runs/pivot/fives/seed0/continued/pred_chasedb1/bio.csv,results/pivot/e2_gt_chasedb1.csv,results/gateA_biomarker_scales_train.csv,-0.015468754756308045,-0.09706017873976103,0.004833614269501152,,,
fives,chasedb1,continued,1,last,total_length,skan,8,1309.573145146277,0.9347031936636535,0.9761904761904763,-0.06150841950842078,0.42314649205645855,0.35978829756231023,runs/pivot/fives/seed1/continued/pred_chasedb1/bio.csv,results/pivot/e2_gt_chasedb1.csv,results/gateA_biomarker_scales_train.csv,0.003804834187995265,-0.007228895868267257,0.05800733349542737,,,
fives,chasedb1,continued,2,last,total_length,skan,8,1309.573145146277,0.9000555037411311,0.880952380952381,-0.011840290775492042,0.5149859904276775,0.4250944872891832,runs/pivot/fives/seed2/continued/pred_chasedb1/bio.csv,results/pivot/e2_gt_chasedb1.csv,results/gateA_biomarker_scales_train.csv,-0.006057598756005089,-0.01514461925589947,0.02345034559204862,,,
fives,chasedb1,reliseg,0,last,total_length,skan,8,1309.573145146277,0.9054600489350102,0.8095238095238096,0.1411873667662008,0.49868064558723835,0.4137051987625975,runs/pivot/fives/seed0/reliseg/pred_chasedb1/bio.csv,results/pivot/e2_gt_chasedb1.csv,results/gateA_biomarker_scales_train.csv,-0.0012035732161846946,-0.05591368952432641,0.01370492653943143,0.01426518154012335,-0.012589250785258299,0.06936172139326255
fives,chasedb1,reliseg,1,last,total_length,skan,8,1309.573145146277,0.9345072540113867,0.9761904761904763,0.09983800178603633,0.4188529306814741,0.3595138657436653,runs/pivot/fives/seed1/reliseg/pred_chasedb1/bio.csv,results/pivot/e2_gt_chasedb1.csv,results/gateA_biomarker_scales_train.csv,0.003608894535728435,-0.010000788391671848,0.04874469940868443,-0.00019593965226682997,-0.02963537183274468,0.011179421120317461
fives,chasedb1,reliseg,2,last,total_length,skan,8,1309.573145146277,0.9266012657349412,0.9761904761904763,0.06132233848763104,0.45936743895633125,0.36551535452571665,runs/pivot/fives/seed2/reliseg/pred_chasedb1/bio.csv,results/pivot/e2_gt_chasedb1.csv,results/gateA_biomarker_scales_train.csv,0.020488163237805,0.0018155680781829777,0.11453836854679875,0.02654576199381009,0.0021696150609916975,0.10723749869825705
fives,chasedb1,reliseg_nocl,0,last,total_length,skan,8,1309.573145146277,0.9159293163593992,0.9047619047619048,0.12208505617134913,0.47740189232082353,0.41010238683262223,runs/pivot/fives/seed0/reliseg_nocl/pred_chasedb1/bio.csv,results/pivot/e2_gt_chasedb1.csv,results/gateA_biomarker_scales_train.csv,0.009265694208204334,-0.03004462203291949,0.07290359645454846,0.02473444896451238,-0.0020697806237173987,0.13959301730331047
fives,chasedb1,reliseg_nocl,1,last,total_length,skan,8,1309.573145146277,0.9176929271985331,0.9047619047619048,0.2567494041659688,0.4662368566019129,0.3808635710827805,runs/pivot/fives/seed1/reliseg_nocl/pred_chasedb1/bio.csv,results/pivot/e2_gt_chasedb1.csv,results/gateA_biomarker_scales_train.csv,-0.013205432277125118,-0.11715238074397957,0.021276662559822027,-0.017010266465120383,-0.17269116698966724,0.019668007583262592
fives,chasedb1,reliseg_nocl,2,last,total_length,skan,8,1309.573145146277,0.8908943106735521,0.8095238095238096,0.24104699985959743,0.5332241464980018,0.43663000309735944,runs/pivot/fives/seed2/reliseg_nocl/pred_chasedb1/bio.csv,results/pivot/e2_gt_chasedb1.csv,results/gateA_biomarker_scales_train.csv,-0.015218791823584099,-0.16043412711354155,0.009333658214816803,-0.00916119306757901,-0.18320268677037577,0.020407705613027686
hrf,chasedb1,baseline,0,last,FD,pvbm,8,0.0186864339974062,-0.12729922758474552,0.14285714285714288,1.9388887475563341,2.4790730819209585,2.6802320743697656,runs/pivot/hrf/seed0/baseline/pred_chasedb1/bio.csv,results/pivot/e2_gt_chasedb1.csv,results/gateA_biomarker_scales_train.csv,,,,,,
hrf,chasedb1,baseline,1,last,FD,pvbm,8,0.0186864339974062,0.2585819447789876,0.38095238095238104,0.19214225898129567,1.8184094308368486,1.4024076023834935,runs/pivot/hrf/seed1/baseline/pred_chasedb1/bio.csv,results/pivot/e2_gt_chasedb1.csv,results/gateA_biomarker_scales_train.csv,,,,,,
hrf,chasedb1,baseline,2,last,FD,pvbm,8,0.0186864339974062,0.1341789677277504,0.38095238095238104,0.9235796253928296,2.0531003694470558,1.755904222801385,runs/pivot/hrf/seed2/baseline/pred_chasedb1/bio.csv,results/pivot/e2_gt_chasedb1.csv,results/gateA_biomarker_scales_train.csv,,,,,,
hrf,chasedb1,cfloss,0,last,FD,pvbm,8,0.0186864339974062,0.060208786347922316,0.14285714285714288,0.7345016169567478,2.085657438884878,1.6125703648585201,runs/pivot/hrf/seed0/cfloss/pred_chasedb1/bio.csv,results/pivot/e2_gt_chasedb1.csv,results/gateA_biomarker_scales_train.csv,0.18750801393266783,-0.027651103006640858,0.38262345006548937,0.02601398001287012,-0.25953063724845893,0.14262886092857188
hrf,chasedb1,cfloss,1,last,FD,pvbm,8,0.0186864339974062,0.38208641676604,0.3333333333333334,0.18658500099036407,1.7039598082953185,1.235453097167677,runs/pivot/hrf/seed1/cfloss/pred_chasedb1/bio.csv,results/pivot/e2_gt_chasedb1.csv,results/gateA_biomarker_scales_train.csv,0.12350447198705239,-0.10254991192990608,0.3026730721442093,0.026229539530260138,-0.2194402310067718,0.2593316471866104
hrf,chasedb1,cfloss,2,last,FD,pvbm,8,0.0186864339974062,-0.05526536185010083,0.09523809523809526,0.7872356475998641,2.1957260461018264,1.8219469001362354,runs/pivot/hrf/seed2/cfloss/pred_chasedb1/bio.csv,results/pivot/e2_gt_chasedb1.csv,results/gateA_biomarker_scales_train.csv,-0.18944432957785123,-0.8684346010290217,0.15597826308763033,0.03850767674376828,-0.15562379604124404,0.17796661108136103
hrf,chasedb1,continued,0,last,FD,pvbm,8,0.0186864339974062,0.034194806335052196,0.28571428571428575,1.4247709927588352,2.1286419968043337,2.1298237810315275,runs/pivot/hrf/seed0/continued/pred_chasedb1/bio.csv,results/pivot/e2_gt_chasedb1.csv,results/gateA_biomarker_scales_train.csv,0.16149403391979772,-0.047881083797225533,0.5383482603467019,,,
hrf,chasedb1,continued,1,last,FD,pvbm,8,0.0186864339974062,0.35585687723577986,0.4523809523809524,0.9489406303685058,1.6719897106901562,1.4655450240820924,runs/pivot/hrf/seed1/continued/pred_chasedb1/bio.csv,results/pivot/e2_gt_chasedb1.csv,results/gateA_biomarker_scales_train.csv,0.09727493245679225,-0.2916392929468563,0.47486431896036196,,,
hrf,chasedb1,continued,2,last,FD,pvbm,8,0.0186864339974062,-0.09377303859386911,-0.09523809523809526,1.4246433013614808,2.1770410336958896,2.099897783780334,runs/pivot/hrf/seed2/continued/pred_chasedb1/bio.csv,results/pivot/e2_gt_chasedb1.csv,results/gateA_biomarker_scales_train.csv,-0.2279520063216195,-0.7983147735967819,0.0562393889644649,,,
hrf,chasedb1,reliseg,0,last,FD,pvbm,8,0.0186864339974062,-0.01208656516097256,0.07142857142857144,3.0901526429113506,2.0257663521714697,3.1484233780308077,runs/pivot/hrf/seed0/reliseg/pred_chasedb1/bio.csv,results/pivot/e2_gt_chasedb1.csv,results/gateA_biomarker_scales_train.csv,0.11521266242377295,-0.2201953566412777,0.2882821805782669,-0.04628137149602476,-0.5828685089976607,0.22588959405500358
hrf,chasedb1,reliseg,1,last,FD,pvbm,8,0.0186864339974062,-0.01816607145726388,0.07142857142857144,2.814649467451581,2.0557920532366665,2.9819094628100222,runs/pivot/hrf/seed1/reliseg/pred_chasedb1/bio.csv,results/pivot/e2_gt_chasedb1.csv,results/gateA_biomarker_scales_train.csv,-0.2767480162362515,-0.9107465977984702,0.2091123557861026,-0.37402294869304376,-0.6480518339518259,-0.025524974220690808
hrf,chasedb1,reliseg,2,last,FD,pvbm,8,0.0186864339974062,0.25783912996134034,0.261904761904762,3.8430462162008174,1.5857600562820937,3.8430462162008174,runs/pivot/hrf/seed2/reliseg/pred_chasedb1/bio.csv,results/pivot/e2_gt_chasedb1.csv,results/gateA_biomarker_scales_train.csv,0.12366016223358994,-0.4849734859720905,0.5220978688749759,0.35161216855520944,-0.1921778332357137,0.8423093757841023
hrf,chasedb1,reliseg_nocl,0,last,FD,pvbm,8,0.0186864339974062,-0.004176183326211832,0.14285714285714288,3.6529084779141963,2.075135722117043,3.6529084779141963,runs/pivot/hrf/seed0/reliseg_nocl/pred_chasedb1/bio.csv,results/pivot/e2_gt_chasedb1.csv,results/gateA_biomarker_scales_train.csv,0.12312304425853368,-0.21091450516471805,0.3656639861354932,-0.038370989661264024,-0.6352055691637791,0.3191534255432892
hrf,chasedb1,reliseg_nocl,1,last,FD,pvbm,8,0.0186864339974062,0.13591516220055158,0.4047619047619048,1.9356382855554601,2.00050464742638,2.390110087875385,runs/pivot/hrf/seed1/reliseg_nocl/pred_chasedb1/bio.csv,results/pivot/e2_gt_chasedb1.csv,results/gateA_biomarker_scales_train.csv,-0.12266678257843602,-0.3389623300487355,0.028845280751039624,-0.21994171503522827,-0.49645791705184605,0.20695585341172873
hrf,chasedb1,reliseg_nocl,2,last,FD,pvbm,8,0.0186864339974062,0.15161090076960443,0.28571428571428575,3.212678221760302,1.7276772179505555,3.212678221760302,runs/pivot/hrf/seed2/reliseg_nocl/pred_chasedb1/bio.csv,results/pivot/e2_gt_chasedb1.csv,results/gateA_biomarker_scales_train.csv,0.01743193304185403,-0.4132067525017414,0.3715848429490733,0.24538393936347352,-0.0007218192572660675,0.5946072003463292
hrf,chasedb1,baseline,0,last,FD,skan,8,0.0233801328199158,-0.011528540584437138,0.261904761904762,2.0980749153696676,2.1461738075796633,2.6323932243268104,runs/pivot/hrf/seed0/baseline/pred_chasedb1/bio.csv,results/pivot/e2_gt_chasedb1.csv,results/gateA_biomarker_scales_train.csv,,,,,,
hrf,chasedb1,baseline,1,last,FD,skan,8,0.0233801328199158,0.36535391173030696,0.3571428571428572,0.09312137572586154,1.490281548915394,1.1133811154166018,runs/pivot/hrf/seed1/baseline/pred_chasedb1/bio.csv,results/pivot/e2_gt_chasedb1.csv,results/gateA_biomarker_scales_train.csv,,,,,,
hrf,chasedb1,baseline,2,last,FD,skan,8,0.0233801328199158,-0.1312526069441981,-0.07142857142857144,1.3083364942426703,2.1494830703289316,2.0296224085895105,runs/pivot/hrf/seed2/baseline/pred_chasedb1/bio.csv,results/pivot/e2_gt_chasedb1.csv,results/gateA_biomarker_scales_train.csv,,,,,,
hrf,chasedb1,cfloss,0,last,FD,skan,8,0.0233801328199158,0.10370078667647296,0.3333333333333334,0.4260829038465774,1.9889055197925283,1.6328146994820463,runs/pivot/hrf/seed0/cfloss/pred_chasedb1/bio.csv,results/pivot/e2_gt_chasedb1.csv,results/gateA_biomarker_scales_train.csv,0.1152293272609101,-0.009593633179258692,0.28841126298482417,-0.018430816135122374,-0.10282913101696303,0.04566743720914925
hrf,chasedb1,cfloss,1,last,FD,skan,8,0.0233801328199158,0.2361943634195802,0.2142857142857143,-0.3945770050143976,2.0522001001249377,1.5800861484896855,runs/pivot/hrf/seed1/cfloss/pred_chasedb1/bio.csv,results/pivot/e2_gt_chasedb1.csv,results/gateA_biomarker_scales_train.csv,-0.12915954831072676,-0.3381868805959053,0.03522636909488159,-0.14725089285014656,-0.32384874349493054,0.025675468946605315
hrf,chasedb1,cfloss,2,last,FD,skan,8,0.0233801328199158,-0.08070339468153301,-0.09523809523809526,0.8401534002115687,2.008726226833972,1.7324573207688476,runs/pivot/hrf/seed2/cfloss/pred_chasedb1/bio.csv,results/pivot/e2_gt_chasedb1.csv,results/gateA_biomarker_scales_train.csv,0.050549212262665094,-0.06013706943230943,0.19993965576433112,-0.027802444581871123,-0.1628250037280262,0.1066857448492209
hrf,chasedb1,continued,0,last,FD,skan,8,0.0233801328199158,0.12213160281159534,0.3333333333333334,0.8331414862935647,1.7530398747776028,1.6126254157986908,runs/pivot/hrf/seed0/continued/pred_chasedb1/bio.csv,results/pivot/e2_gt_chasedb1.csv,results/gateA_biomarker_scales_train.csv,0.13366014339603247,-0.00894715782797824,0.33795948168022133,,,
hrf,chasedb1,continued,1,last,FD,skan,8,0.0233801328199158,0.38344525626972675,0.38095238095238104,0.574839655386461,1.49728294184556,1.2699292483818279,runs/pivot/hrf/seed1/continued/pred_chasedb1/bio.csv,results/pivot/e2_gt_chasedb1.csv,results/gateA_biomarker_scales_train.csv,0.018091344539419796,-0.07627261244857798,0.11787903525935743,,,
hrf,chasedb1,continued,2,last,FD,skan,8,0.0233801328199158,-0.052900950099661885,0.0,1.1167116107040769,1.915630774074388,1.7645370145251096,runs/pivot/hrf/seed2/continued/pred_chasedb1/bio.csv,results/pivot/e2_gt_chasedb1.csv,results/gateA_biomarker_scales_train.csv,0.07835165684453621,-0.002508214253589394,0.23313563210736307,,,
hrf,chasedb1,reliseg,0,last,FD,skan,8,0.0233801328199158,0.06013098900392693,0.09523809523809526,3.1851003833243445,1.7690370235415085,3.1851003833243445,runs/pivot/hrf/seed0/reliseg/pred_chasedb1/bio.csv,results/pivot/e2_gt_chasedb1.csv,results/gateA_biomarker_scales_train.csv,0.07165952958836407,-0.22507880211664053,0.2510441501536858,-0.06200061380766841,-0.42036363446392505,0.14688526087956194
hrf,chasedb1,reliseg,1,last,FD,skan,8,0.0233801328199158,0.18255762996385697,0.4285714285714286,3.032108790305111,1.7632167391078477,3.1098697012873537,runs/pivot/hrf/seed1/reliseg/pred_chasedb1/bio.csv,results/pivot/e2_gt_chasedb1.csv,results/gateA_biomarker_scales_train.csv,-0.18279628176645,-0.40483727310353845,0.15457379706346067,-0.2008876263058698,-0.35725123591326763,0.08135104696355376
hrf,chasedb1,reliseg,2,last,FD,skan,8,0.0233801328199158,0.008538591631703955,0.04761904761904763,4.310558833753622,1.538622023730168,4.310558833753622,runs/pivot/hrf/seed2/reliseg/pred_chasedb1/bio.csv,results/pivot/e2_gt_chasedb1.csv,results/gateA_biomarker_scales_train.csv,0.13979119857590205,-0.1836333858635695,0.5841473972258557,0.06143954173136584,-0.26998835521547804,0.45781648561034993
hrf,chasedb1,reliseg_nocl,0,last,FD,skan,8,0.0233801328199158,0.05350105537378853,0.1666666666666667,3.766088493711483,1.8746283150428296,3.766088493711483,runs/pivot/hrf/seed0/reliseg_nocl/pred_chasedb1/bio.csv,results/pivot/e2_gt_chasedb1.csv,results/gateA_biomarker_scales_train.csv,0.06502959595822566,-0.18101474939677367,0.24948529603797542,-0.0686305474378068,-0.4019151531040804,0.18134925641159913
hrf,chasedb1,reliseg_nocl,1,last,FD,skan,8,0.0233801328199158,0.03567511850111901,0.2142857142857143,2.0080225630946793,2.1117310916198546,2.522359461451064,runs/pivot/hrf/seed1/reliseg_nocl/pred_chasedb1/bio.csv,results/pivot/e2_gt_chasedb1.csv,results/gateA_biomarker_scales_train.csv,-0.3296787932291879,-0.585396215163963,-0.007512663284055212,-0.34777013776860777,-0.5751668463294681,-0.022401553247262916
hrf,chasedb1,reliseg_nocl,2,last,FD,skan,8,0.0233801328199158,0.05160417962216363,0.0,3.5233766527330017,1.5715677075744923,3.5233766527330017,runs/pivot/hrf/seed2/reliseg_nocl/pred_chasedb1/bio.csv,results/pivot/e2_gt_chasedb1.csv,results/gateA_biomarker_scales_train.csv,0.18285678656636173,-0.10292767470007869,0.46575341415420074,0.10450512972182552,-0.1558790299040913,0.3401274381301226
hrf,chasedb1,baseline,0,last,tortuosity,pvbm,8,0.0073323195004892,0.8299665078258869,0.8571428571428572,4.179620212076236,0.5322126854124727,4.179620212076236,runs/pivot/hrf/seed0/baseline/pred_chasedb1/bio.csv,results/pivot/e2_gt_chasedb1.csv,results/gateA_biomarker_scales_train.csv,,,,,,
hrf,chasedb1,baseline,1,last,tortuosity,pvbm,8,0.0073323195004892,0.24693559179771735,0.3333333333333334,3.306585172699665,0.832649066155192,3.306585172699665,runs/pivot/hrf/seed1/baseline/pred_chasedb1/bio.csv,results/pivot/e2_gt_chasedb1.csv,results/gateA_biomarker_scales_train.csv,,,,,,
hrf,chasedb1,baseline,2,last,tortuosity,pvbm,8,0.0073323195004892,0.3402155142126886,0.3333333333333334,3.588848461145811,0.7907287665630884,3.588848461145811,runs/pivot/hrf/seed2/baseline/pred_chasedb1/bio.csv,results/pivot/e2_gt_chasedb1.csv,results/gateA_biomarker_scales_train.csv,,,,,,
hrf,chasedb1,cfloss,0,last,tortuosity,pvbm,8,0.0073323195004892,0.16947263456055486,0.07142857142857144,3.3716184853064477,0.8691504503100598,3.3716184853064477,runs/pivot/hrf/seed0/cfloss/pred_chasedb1/bio.csv,results/pivot/e2_gt_chasedb1.csv,results/gateA_biomarker_scales_train.csv,-0.660493873265332,-1.3355284339084963,-0.14023276008231209,0.26248576540982904,-1.0938108277790477,1.485978073432382
hrf,chasedb1,cfloss,1,last,tortuosity,pvbm,8,0.0073323195004892,-0.046702253398956055,-0.023809523809523815,3.6646402775559057,1.2961480429634964,3.6646402775559057,runs/pivot/hrf/seed1/cfloss/pred_chasedb1/bio.csv,results/pivot/e2_gt_chasedb1.csv,results/gateA_biomarker_scales_train.csv,-0.2936378451966734,-1.19945225443885,0.8483071832380664,0.1819437927910636,-0.4335349242320983,0.7687279571815129
hrf,chasedb1,cfloss,2,last,tortuosity,pvbm,8,0.0073323195004892,-0.3296670138448236,-0.3571428571428572,3.4676257526023013,1.3694872198777888,3.4676257526023013,runs/pivot/hrf/seed2/cfloss/pred_chasedb1/bio.csv,results/pivot/e2_gt_chasedb1.csv,results/gateA_biomarker_scales_train.csv,-0.6698825280575122,-1.566655548198787,0.08802282755904557,-0.22205634170808725,-0.9198671505152045,0.4701983549565666
hrf,chasedb1,continued,0,last,tortuosity,pvbm,8,0.0073323195004892,-0.09301313084927418,-0.1666666666666667,3.4693650392739634,1.0768919308451859,3.4693650392739634,runs/pivot/hrf/seed0/continued/pred_chasedb1/bio.csv,results/pivot/e2_gt_chasedb1.csv,results/gateA_biomarker_scales_train.csv,-0.9229796386751611,-1.9115343107534835,-0.018750566569920465,,,
hrf,chasedb1,continued,1,last,tortuosity,pvbm,8,0.0073323195004892,-0.22864604619001966,-0.1666666666666667,3.6953236569388466,1.5204760369444614,3.6953236569388466,runs/pivot/hrf/seed1/continued/pred_chasedb1/bio.csv,results/pivot/e2_gt_chasedb1.csv,results/gateA_biomarker_scales_train.csv,-0.475581637987737,-1.0853956090118617,0.4366803407927372,,,
hrf,chasedb1,continued,2,last,tortuosity,pvbm,8,0.0073323195004892,-0.10761067213673636,0.07142857142857144,3.6912080007557395,1.2768442090499936,3.6912080007557395,runs/pivot/hrf/seed2/continued/pred_chasedb1/bio.csv,results/pivot/e2_gt_chasedb1.csv,results/gateA_biomarker_scales_train.csv,-0.44782618634942495,-1.1574812287206755,0.351931497203583,,,
hrf,chasedb1,reliseg,0,last,tortuosity,pvbm,8,0.0073323195004892,0.7471485801484339,0.7619047619047621,4.733606499547426,1.397216639124063,4.733606499547426,runs/pivot/hrf/seed0/reliseg/pred_chasedb1/bio.csv,results/pivot/e2_gt_chasedb1.csv,results/gateA_biomarker_scales_train.csv,-0.082817927677453,-0.45980123209259516,0.3637788394488696,0.8401617109977081,0.1273393953371677,1.8511701030030727
hrf,chasedb1,reliseg,1,last,tortuosity,pvbm,8,0.0073323195004892,0.07143258730611107,-0.04761904761904763,5.103169484448622,0.969550519816175,5.103169484448622,runs/pivot/hrf/seed1/reliseg/pred_chasedb1/bio.csv,results/pivot/e2_gt_chasedb1.csv,results/gateA_biomarker_scales_train.csv,-0.17550300449160627,-0.8850649474839117,0.8481255405360042,0.30007863349613073,-0.14951792839851022,0.6494746216399969
hrf,chasedb1,reliseg,2,last,tortuosity,pvbm,8,0.0073323195004892,0.30520725867076187,0.261904761904762,4.923365339418437,1.1476532130209842,4.923365339418437,runs/pivot/hrf/seed2/reliseg/pred_chasedb1/bio.csv,results/pivot/e2_gt_chasedb1.csv,results/gateA_biomarker_scales_train.csv,-0.035008255541926714,-0.5628175210252936,0.6981681623094451,0.41281793080749823,-0.02240991902981493,0.9735714061302136
hrf,chasedb1,reliseg_nocl,0,last,tortuosity,pvbm,8,0.0073323195004892,0.5304795117851641,0.3571428571428572,4.383427574273205,0.8175023768367656,4.383427574273205,runs/pivot/hrf/seed0/reliseg_nocl/pred_chasedb1/bio.csv,results/pivot/e2_gt_chasedb1.csv,results/gateA_biomarker_scales_train.csv,-0.2994869960407228,-0.9758726703074355,0.0895146429964476,0.6234926426344383,-0.41475823128723005,1.6710235789679377
hrf,chasedb1,reliseg_nocl,1,last,tortuosity,pvbm,8,0.0073323195004892,0.21392061014669095,0.11904761904761905,4.306897444491534,1.4430163078647018,4.306897444491534,runs/pivot/hrf/seed1/reliseg_nocl/pred_chasedb1/bio.csv,results/pivot/e2_gt_chasedb1.csv,results/gateA_biomarker_scales_train.csv,-0.0330149816510264,-1.0463767577239522,1.069030575661725,0.4425666563367106,-0.35597243528561723,1.0355991302813743
hrf,chasedb1,reliseg_nocl,2,last,tortuosity,pvbm,8,0.0073323195004892,-0.09732113318890587,-0.04761904761904763,4.116737368700944,1.6595540229297865,4.116737368700944,runs/pivot/hrf/seed2/reliseg_nocl/pred_chasedb1/bio.csv,results/pivot/e2_gt_chasedb1.csv,results/gateA_biomarker_scales_train.csv,-0.4375366474015945,-1.2020939110796893,0.4772194307128775,0.010289538947830495,-0.23301204625802324,0.4494254266746128
hrf,chasedb1,baseline,0,last,tortuosity,skan,8,0.0110679345896438,-0.016922546975746224,0.2142857142857143,-2.387598718214151,2.1519883338029904,2.387598718214151,runs/pivot/hrf/seed0/baseline/pred_chasedb1/bio.csv,results/pivot/e2_gt_chasedb1.csv,results/gateA_biomarker_scales_train.csv,,,,,,
hrf,chasedb1,baseline,1,last,tortuosity,skan,8,0.0110679345896438,0.0042913717309858235,-0.09523809523809526,-2.471738094596942,2.1753848224295926,2.471738094596942,runs/pivot/hrf/seed1/baseline/pred_chasedb1/bio.csv,results/pivot/e2_gt_chasedb1.csv,results/gateA_biomarker_scales_train.csv,,,,,,
hrf,chasedb1,baseline,2,last,tortuosity,skan,8,0.0110679345896438,-0.24711944433005528,-0.2380952380952381,-2.432467074439049,2.3629273435113767,2.432467074439049,runs/pivot/hrf/seed2/baseline/pred_chasedb1/bio.csv,results/pivot/e2_gt_chasedb1.csv,results/gateA_biomarker_scales_train.csv,,,,,,
hrf,chasedb1,cfloss,0,last,tortuosity,skan,8,0.0110679345896438,-0.41492613660458777,-0.3571428571428572,-2.5790201820611234,2.31953416612981,2.5790201820611234,runs/pivot/hrf/seed0/cfloss/pred_chasedb1/bio.csv,results/pivot/e2_gt_chasedb1.csv,results/gateA_biomarker_scales_train.csv,-0.3980035896288415,-1.1663850172733614,0.23349110757416738,-0.2633025464291061,-0.7658795906202644,0.1150610280154214
hrf,chasedb1,cfloss,1,last,tortuosity,skan,8,0.0110679345896438,0.0765027619408636,0.04761904761904763,-2.388226199799646,2.1576741552509375,2.388226199799646,runs/pivot/hrf/seed1/cfloss/pred_chasedb1/bio.csv,results/pivot/e2_gt_chasedb1.csv,results/gateA_biomarker_scales_train.csv,0.07221139020987777,-0.12156913866755954,0.5864576324108358,-0.02103206409979204,-0.38298958959784707,0.2331810280118793
hrf,chasedb1,cfloss,2,last,tortuosity,skan,8,0.0110679345896438,-0.07177807467145618,-0.11904761904761905,-2.4153027976461985,2.228729718004739,2.4153027976461985,runs/pivot/hrf/seed2/cfloss/pred_chasedb1/bio.csv,results/pivot/e2_gt_chasedb1.csv,results/gateA_biomarker_scales_train.csv,0.1753413696585991,-0.046044730266227615,0.47201081673411605,-0.1577841915891956,-0.9323875327096001,0.2242184277917975
hrf,chasedb1,continued,0,last,tortuosity,skan,8,0.0110679345896438,-0.15162359017548166,0.14285714285714288,-2.417799328551698,2.223069657174215,2.417799328551698,runs/pivot/hrf/seed0/continued/pred_chasedb1/bio.csv,results/pivot/e2_gt_chasedb1.csv,results/gateA_biomarker_scales_train.csv,-0.13470104319973544,-0.46886664028713915,0.2899387335319351,,,
hrf,chasedb1,continued,1,last,tortuosity,skan,8,0.0110679345896438,0.09753482604065564,-0.04761904761904763,-2.2529160937730537,2.149882403507398,2.2529160937730537,runs/pivot/hrf/seed1/continued/pred_chasedb1/bio.csv,results/pivot/e2_gt_chasedb1.csv,results/gateA_biomarker_scales_train.csv,0.09324345430966981,-0.2471147531050133,0.574859103009693,,,
hrf,chasedb1,continued,2,last,tortuosity,skan,8,0.0110679345896438,0.0860061169177394,0.3333333333333334,-2.204655210977964,2.1515182004884448,2.204655210977964,runs/pivot/hrf/seed2/continued/pred_chasedb1/bio.csv,results/pivot/e2_gt_chasedb1.csv,results/gateA_biomarker_scales_train.csv,0.3331255612477947,-0.17145326711787903,1.1847584762630716,,,
hrf,chasedb1,reliseg,0,last,tortuosity,skan,8,0.0110679345896438,-0.13281894462830388,0.261904761904762,-2.3894446472642925,2.307618369028937,2.3894446472642925,runs/pivot/hrf/seed0/reliseg/pred_chasedb1/bio.csv,results/pivot/e2_gt_chasedb1.csv,results/gateA_biomarker_scales_train.csv,-0.11589639765255766,-0.5554769764107539,0.7914956810850515,0.018804645547177784,-0.2801860608085791,0.8658353384958658
hrf,chasedb1,reliseg,1,last,tortuosity,skan,8,0.0110679345896438,-0.03434301008998681,0.3333333333333334,-2.5254444601592914,2.201884320152987,2.5254444601592914,runs/pivot/hrf/seed1/reliseg/pred_chasedb1/bio.csv,results/pivot/e2_gt_chasedb1.csv,results/gateA_biomarker_scales_train.csv,-0.03863438182097263,-0.7002815235573018,0.9745572749392479,-0.13187783613064244,-0.8027860745063435,0.6999534742532352
hrf,chasedb1,reliseg,2,last,tortuosity,skan,8,0.0110679345896438,-0.06865800390957733,0.14285714285714288,-2.5265749184691284,2.267193594020862,2.5265749184691284,runs/pivot/hrf/seed2/reliseg/pred_chasedb1/bio.csv,results/pivot/e2_gt_chasedb1.csv,results/gateA_biomarker_scales_train.csv,0.17846144042047796,-0.10529577771607446,0.6525690744756758,-0.15466412082731673,-0.6828593440654949,0.2195764746881377
hrf,chasedb1,reliseg_nocl,0,last,tortuosity,skan,8,0.0110679345896438,-0.1944334532881013,0.11904761904761905,-2.604172672031663,2.2352695385039136,2.604172672031663,runs/pivot/hrf/seed0/reliseg_nocl/pred_chasedb1/bio.csv,results/pivot/e2_gt_chasedb1.csv,results/gateA_biomarker_scales_train.csv,-0.17751090631235508,-0.8807561738606361,0.4391679899409264,-0.04280986311261964,-0.4904408530982358,0.2623856228613984
hrf,chasedb1,reliseg_nocl,1,last,tortuosity,skan,8,0.0110679345896438,-0.03715043273428729,0.2380952380952381,-2.516809629128052,2.196269430948355,2.516809629128052,runs/pivot/hrf/seed1/reliseg_nocl/pred_chasedb1/bio.csv,results/pivot/e2_gt_chasedb1.csv,results/gateA_biomarker_scales_train.csv,-0.04144180446527311,-0.6138044078625067,0.991587479904325,-0.13468525877494292,-0.7317986206034195,0.6918257660596628
hrf,chasedb1,reliseg_nocl,2,last,tortuosity,skan,8,0.0110679345896438,-0.18729715752504775,-0.19047619047619052,-2.6628547962496043,2.2822783303108247,2.6628547962496043,runs/pivot/hrf/seed2/reliseg_nocl/pred_chasedb1/bio.csv,results/pivot/e2_gt_chasedb1.csv,results/gateA_biomarker_scales_train.csv,0.059822286805007535,-0.05987388157258487,0.28260745214640753,-0.2733032744427871,-1.1244705983623964,0.31647299581031435
hrf,chasedb1,baseline,0,last,density,pvbm,8,0.0063018545612913,0.3187542597165638,0.523809523809524,-0.3049294736077154,2.7602548438258454,1.9100794972318278,runs/pivot/hrf/seed0/baseline/pred_chasedb1/bio.csv,results/pivot/e2_gt_chasedb1.csv,results/gateA_biomarker_scales_train.csv,,,,,,
hrf,chasedb1,baseline,1,last,density,pvbm,8,0.0063018545612913,0.5831565771997091,0.6190476190476191,-3.567998500629023,1.74372964564096,3.567998500629023,runs/pivot/hrf/seed1/baseline/pred_chasedb1/bio.csv,results/pivot/e2_gt_chasedb1.csv,results/gateA_biomarker_scales_train.csv,,,,,,
hrf,chasedb1,baseline,2,last,density,pvbm,8,0.0063018545612913,0.11174214871944649,0.1666666666666667,-3.0045467159834436,2.7060154124197964,3.4835982700756136,runs/pivot/hrf/seed2/baseline/pred_chasedb1/bio.csv,results/pivot/e2_gt_chasedb1.csv,results/gateA_biomarker_scales_train.csv,,,,,,
hrf,chasedb1,cfloss,0,last,density,pvbm,8,0.0063018545612913,0.41627769470572873,0.4523809523809524,-2.0807201519975087,2.345059720592287,2.4658423631029196,runs/pivot/hrf/seed0/cfloss/pred_chasedb1/bio.csv,results/pivot/e2_gt_chasedb1.csv,results/gateA_biomarker_scales_train.csv,0.09752343498916494,-0.04274559195739617,0.1984163227151044,0.0054729616049675744,-0.03282965278396021,0.07802288774100874
hrf,chasedb1,cfloss,1,last,density,pvbm,8,0.0063018545612913,0.4597921922749762,0.4047619047619048,-4.403678028798864,2.319850712871516,4.403678028798864,runs/pivot/hrf/seed1/cfloss/pred_chasedb1/bio.csv,results/pivot/e2_gt_chasedb1.csv,results/gateA_biomarker_scales_train.csv,-0.12336438492473295,-0.3316079851975116,0.06472146688852565,-0.09275489622200223,-0.18564758156213212,-0.005570639411488198
hrf,chasedb1,cfloss,2,last,density,pvbm,8,0.0063018545612913,0.040297050659361386,0.04761904761904763,-2.9709398251154244,2.7477644264799164,3.6491596818905485,runs/pivot/hrf/seed2/cfloss/pred_chasedb1/bio.csv,results/pivot/e2_gt_chasedb1.csv,results/gateA_biomarker_scales_train.csv,-0.0714450980600851,-0.2960347702618767,0.20152081121955912,-0.11691563382431745,-0.2661528287254951,0.15150351304862772
hrf,chasedb1,continued,0,last,density,pvbm,8,0.0063018545612913,0.41080473310076115,0.4047619047619048,-1.3691016031508003,2.3968999142183365,1.9832297107002153,runs/pivot/hrf/seed0/continued/pred_chasedb1/bio.csv,results/pivot/e2_gt_chasedb1.csv,results/gateA_biomarker_scales_train.csv,0.09205047338419736,-0.06336508947899822,0.17281387496490141,,,
hrf,chasedb1,continued,1,last,density,pvbm,8,0.0063018545612913,0.5525470884969784,0.523809523809524,-2.4417517243030464,2.0062132648928834,2.6264556224576188,runs/pivot/hrf/seed1/continued/pred_chasedb1/bio.csv,results/pivot/e2_gt_chasedb1.csv,results/gateA_biomarker_scales_train.csv,-0.030609488702730725,-0.1718899611785615,0.0897900156394477,,,
hrf,chasedb1,continued,2,last,density,pvbm,8,0.0063018545612913,0.15721268448367884,0.19047619047619052,-2.0287364872148435,2.5201428127006777,2.7262883834457248,runs/pivot/hrf/seed2/continued/pred_chasedb1/bio.csv,results/pivot/e2_gt_chasedb1.csv,results/gateA_biomarker_scales_train.csv,0.04547053576423235,-0.18207568884974756,0.17232749686889756,,,
hrf,chasedb1,reliseg,0,last,density,pvbm,8,0.0063018545612913,0.465868441814716,0.5952380952380953,-0.947859068145426,2.2204538648237166,1.6132731324719038,runs/pivot/hrf/seed0/reliseg/pred_chasedb1/bio.csv,results/pivot/e2_gt_chasedb1.csv,results/gateA_biomarker_scales_train.csv,0.1471141820981522,-0.036570834627916514,0.27233631327242747,0.05506370871395483,-0.09355722871034575,0.18915231236694233
hrf,chasedb1,reliseg,1,last,density,pvbm,8,0.0063018545612913,0.5487348905339834,0.6428571428571429,-1.6337271291817441,2.083692923078098,2.072659306104664,runs/pivot/hrf/seed1/reliseg/pred_chasedb1/bio.csv,results/pivot/e2_gt_chasedb1.csv,results/gateA_biomarker_scales_train.csv,-0.03442168666572576,-0.22617407975017573,0.16949725915224334,-0.0038121979629950342,-0.10311297173917745,0.12681292052183038
hrf,chasedb1,reliseg,2,last,density,pvbm,8,0.0063018545612913,0.07506198859908518,0.1666666666666667,-1.0908730415399917,2.6962946969668113,2.3149662031543845,runs/pivot/hrf/seed2/reliseg/pred_chasedb1/bio.csv,results/pivot/e2_gt_chasedb1.csv,results/gateA_biomarker_scales_train.csv,-0.03668016012036131,-0.31671838962524623,0.27773481063735583,-0.08215069588459366,-0.2627197347016974,0.2799249993491557
hrf,chasedb1,reliseg_nocl,0,last,density,pvbm,8,0.0063018545612913,0.42591382756169055,0.4523809523809524,-0.6917478129270599,2.3368216585795465,1.6304948873522984,runs/pivot/hrf/seed0/reliseg_nocl/pred_chasedb1/bio.csv,results/pivot/e2_gt_chasedb1.csv,results/gateA_biomarker_scales_train.csv,0.10715956784512676,-0.060937684328798744,0.2416978717343679,0.015109094460929395,-0.09375620772614776,0.13654764996233776
hrf,chasedb1,reliseg_nocl,1,last,density,pvbm,8,0.0063018545612913,0.40647496221748586,0.4047619047619048,-2.8807449696880756,2.3842018306622608,3.1751521499241435,runs/pivot/hrf/seed1/reliseg_nocl/pred_chasedb1/bio.csv,results/pivot/e2_gt_chasedb1.csv,results/gateA_biomarker_scales_train.csv,-0.1766816149822233,-0.4048676351041737,0.05630651704660713,-0.14607212627949256,-0.2553022624320229,-0.013906042541723704
hrf,chasedb1,reliseg_nocl,2,last,density,pvbm,8,0.0063018545612913,0.12348510687136542,0.19047619047619052,-2.230945819311364,2.6117747101402387,3.0134522470071454,runs/pivot/hrf/seed2/reliseg_nocl/pred_chasedb1/bio.csv,results/pivot/e2_gt_chasedb1.csv,results/gateA_biomarker_scales_train.csv,0.011742958151918934,-0.2284175987616667,0.22328233128312588,-0.03372757761231342,-0.16041127546602213,0.22476752340453063
hrf,chasedb1,baseline,0,last,density,skan,8,0.0063018545612913,0.3187542597165638,0.523809523809524,-0.3049294736077154,2.7602548438258454,1.9100794972318278,runs/pivot/hrf/seed0/baseline/pred_chasedb1/bio.csv,results/pivot/e2_gt_chasedb1.csv,results/gateA_biomarker_scales_train.csv,,,,,,
hrf,chasedb1,baseline,1,last,density,skan,8,0.0063018545612913,0.5831565771997091,0.6190476190476191,-3.567998500629023,1.74372964564096,3.567998500629023,runs/pivot/hrf/seed1/baseline/pred_chasedb1/bio.csv,results/pivot/e2_gt_chasedb1.csv,results/gateA_biomarker_scales_train.csv,,,,,,
hrf,chasedb1,baseline,2,last,density,skan,8,0.0063018545612913,0.11174214871944649,0.1666666666666667,-3.0045467159834436,2.7060154124197964,3.4835982700756136,runs/pivot/hrf/seed2/baseline/pred_chasedb1/bio.csv,results/pivot/e2_gt_chasedb1.csv,results/gateA_biomarker_scales_train.csv,,,,,,
hrf,chasedb1,cfloss,0,last,density,skan,8,0.0063018545612913,0.41627769470572873,0.4523809523809524,-2.0807201519975087,2.345059720592287,2.4658423631029196,runs/pivot/hrf/seed0/cfloss/pred_chasedb1/bio.csv,results/pivot/e2_gt_chasedb1.csv,results/gateA_biomarker_scales_train.csv,0.09752343498916494,-0.04274559195739617,0.1984163227151044,0.0054729616049675744,-0.03282965278396021,0.07802288774100874
hrf,chasedb1,cfloss,1,last,density,skan,8,0.0063018545612913,0.4597921922749762,0.4047619047619048,-4.403678028798864,2.319850712871516,4.403678028798864,runs/pivot/hrf/seed1/cfloss/pred_chasedb1/bio.csv,results/pivot/e2_gt_chasedb1.csv,results/gateA_biomarker_scales_train.csv,-0.12336438492473295,-0.3316079851975116,0.06472146688852565,-0.09275489622200223,-0.18564758156213212,-0.005570639411488198
hrf,chasedb1,cfloss,2,last,density,skan,8,0.0063018545612913,0.040297050659361386,0.04761904761904763,-2.9709398251154244,2.7477644264799164,3.6491596818905485,runs/pivot/hrf/seed2/cfloss/pred_chasedb1/bio.csv,results/pivot/e2_gt_chasedb1.csv,results/gateA_biomarker_scales_train.csv,-0.0714450980600851,-0.2960347702618767,0.20152081121955912,-0.11691563382431745,-0.2661528287254951,0.15150351304862772
hrf,chasedb1,continued,0,last,density,skan,8,0.0063018545612913,0.41080473310076115,0.4047619047619048,-1.3691016031508003,2.3968999142183365,1.9832297107002153,runs/pivot/hrf/seed0/continued/pred_chasedb1/bio.csv,results/pivot/e2_gt_chasedb1.csv,results/gateA_biomarker_scales_train.csv,0.09205047338419736,-0.06336508947899822,0.17281387496490141,,,
hrf,chasedb1,continued,1,last,density,skan,8,0.0063018545612913,0.5525470884969784,0.523809523809524,-2.4417517243030464,2.0062132648928834,2.6264556224576188,runs/pivot/hrf/seed1/continued/pred_chasedb1/bio.csv,results/pivot/e2_gt_chasedb1.csv,results/gateA_biomarker_scales_train.csv,-0.030609488702730725,-0.1718899611785615,0.0897900156394477,,,
hrf,chasedb1,continued,2,last,density,skan,8,0.0063018545612913,0.15721268448367884,0.19047619047619052,-2.0287364872148435,2.5201428127006777,2.7262883834457248,runs/pivot/hrf/seed2/continued/pred_chasedb1/bio.csv,results/pivot/e2_gt_chasedb1.csv,results/gateA_biomarker_scales_train.csv,0.04547053576423235,-0.18207568884974756,0.17232749686889756,,,
hrf,chasedb1,reliseg,0,last,density,skan,8,0.0063018545612913,0.465868441814716,0.5952380952380953,-0.947859068145426,2.2204538648237166,1.6132731324719038,runs/pivot/hrf/seed0/reliseg/pred_chasedb1/bio.csv,results/pivot/e2_gt_chasedb1.csv,results/gateA_biomarker_scales_train.csv,0.1471141820981522,-0.036570834627916514,0.27233631327242747,0.05506370871395483,-0.09355722871034575,0.18915231236694233
hrf,chasedb1,reliseg,1,last,density,skan,8,0.0063018545612913,0.5487348905339834,0.6428571428571429,-1.6337271291817441,2.083692923078098,2.072659306104664,runs/pivot/hrf/seed1/reliseg/pred_chasedb1/bio.csv,results/pivot/e2_gt_chasedb1.csv,results/gateA_biomarker_scales_train.csv,-0.03442168666572576,-0.22617407975017573,0.16949725915224334,-0.0038121979629950342,-0.10311297173917745,0.12681292052183038
hrf,chasedb1,reliseg,2,last,density,skan,8,0.0063018545612913,0.07506198859908518,0.1666666666666667,-1.0908730415399917,2.6962946969668113,2.3149662031543845,runs/pivot/hrf/seed2/reliseg/pred_chasedb1/bio.csv,results/pivot/e2_gt_chasedb1.csv,results/gateA_biomarker_scales_train.csv,-0.03668016012036131,-0.31671838962524623,0.27773481063735583,-0.08215069588459366,-0.2627197347016974,0.2799249993491557
hrf,chasedb1,reliseg_nocl,0,last,density,skan,8,0.0063018545612913,0.42591382756169055,0.4523809523809524,-0.6917478129270599,2.3368216585795465,1.6304948873522984,runs/pivot/hrf/seed0/reliseg_nocl/pred_chasedb1/bio.csv,results/pivot/e2_gt_chasedb1.csv,results/gateA_biomarker_scales_train.csv,0.10715956784512676,-0.060937684328798744,0.2416978717343679,0.015109094460929395,-0.09375620772614776,0.13654764996233776
hrf,chasedb1,reliseg_nocl,1,last,density,skan,8,0.0063018545612913,0.40647496221748586,0.4047619047619048,-2.8807449696880756,2.3842018306622608,3.1751521499241435,runs/pivot/hrf/seed1/reliseg_nocl/pred_chasedb1/bio.csv,results/pivot/e2_gt_chasedb1.csv,results/gateA_biomarker_scales_train.csv,-0.1766816149822233,-0.4048676351041737,0.05630651704660713,-0.14607212627949256,-0.2553022624320229,-0.013906042541723704
hrf,chasedb1,reliseg_nocl,2,last,density,skan,8,0.0063018545612913,0.12348510687136542,0.19047619047619052,-2.230945819311364,2.6117747101402387,3.0134522470071454,runs/pivot/hrf/seed2/reliseg_nocl/pred_chasedb1/bio.csv,results/pivot/e2_gt_chasedb1.csv,results/gateA_biomarker_scales_train.csv,0.011742958151918934,-0.2284175987616667,0.22328233128312588,-0.03372757761231342,-0.16041127546602213,0.22476752340453063
hrf,chasedb1,baseline,0,last,total_length,pvbm,8,1319.4335583567454,0.13055607679198405,0.023809523809523815,-1.142344475036984,2.6860281256945777,1.9955625054998944,runs/pivot/hrf/seed0/baseline/pred_chasedb1/bio.csv,results/pivot/e2_gt_chasedb1.csv,results/gateA_biomarker_scales_train.csv,,,,,,
hrf,chasedb1,baseline,1,last,total_length,pvbm,8,1319.4335583567454,0.35706599549943613,0.023809523809523815,-2.737142984129701,1.8674585091067466,2.838246593395748,runs/pivot/hrf/seed1/baseline/pred_chasedb1/bio.csv,results/pivot/e2_gt_chasedb1.csv,results/gateA_biomarker_scales_train.csv,,,,,,
hrf,chasedb1,baseline,2,last,total_length,pvbm,8,1319.4335583567454,0.16293952006440213,0.07142857142857144,-1.8378195771242054,2.50071106440218,2.2159154374306453,runs/pivot/hrf/seed2/baseline/pred_chasedb1/bio.csv,results/pivot/e2_gt_chasedb1.csv,results/gateA_biomarker_scales_train.csv,,,,,,
hrf,chasedb1,cfloss,0,last,total_length,pvbm,8,1319.4335583567454,0.35407663267911565,0.0,-2.1155844660107976,2.258804110447765,2.3849842415608427,runs/pivot/hrf/seed0/cfloss/pred_chasedb1/bio.csv,results/pivot/e2_gt_chasedb1.csv,results/gateA_biomarker_scales_train.csv,0.2235205558871316,-7.504263283000374e-06,0.41413510948903803,0.11183843532212631,-0.07503155304500786,0.3098052590585413
hrf,chasedb1,cfloss,1,last,total_length,pvbm,8,1319.4335583567454,0.28417388397557414,0.11904761904761905,-3.1918514175629595,2.091460893672576,3.1918514175629595,runs/pivot/hrf/seed1/cfloss/pred_chasedb1/bio.csv,results/pivot/e2_gt_chasedb1.csv,results/gateA_biomarker_scales_train.csv,-0.07289211152386199,-0.4245520496549418,0.22843897524574996,-0.0991323360100545,-0.38739178294744414,0.12284745144756826
hrf,chasedb1,cfloss,2,last,total_length,pvbm,8,1319.4335583567454,0.3328952887545996,0.2142857142857143,-2.057347840688949,1.9685638113073207,2.0969277708299243,runs/pivot/hrf/seed2/cfloss/pred_chasedb1/bio.csv,results/pivot/e2_gt_chasedb1.csv,results/gateA_biomarker_scales_train.csv,0.1699557686901975,-0.13117733302849013,0.31587666733173686,0.0048585156578557775,-0.19196390280255501,0.13746874100400394
hrf,chasedb1,continued,0,last,total_length,pvbm,8,1319.4335583567454,0.24223819735698934,0.023809523809523815,-1.7635390258023862,2.453712516534066,2.149435319488304,runs/pivot/hrf/seed0/continued/pred_chasedb1/bio.csv,results/pivot/e2_gt_chasedb1.csv,results/gateA_biomarker_scales_train.csv,0.11168212056500529,0.0016556033842508836,0.16396886522377718,,,
hrf,chasedb1,continued,1,last,total_length,pvbm,8,1319.4335583567454,0.38330621998562864,0.28571428571428575,-2.225807425912994,1.8915858706632043,2.373466169753376,runs/pivot/hrf/seed1/continued/pred_chasedb1/bio.csv,results/pivot/e2_gt_chasedb1.csv,results/gateA_biomarker_scales_train.csv,0.02624022448619251,-0.09814091658325066,0.18214276143216301,,,
hrf,chasedb1,continued,2,last,total_length,pvbm,8,1319.4335583567454,0.32803677309674384,0.2380952380952381,-1.6829794207114313,2.0486765059045147,1.8275001892223437,runs/pivot/hrf/seed2/continued/pred_chasedb1/bio.csv,results/pivot/e2_gt_chasedb1.csv,results/gateA_biomarker_scales_train.csv,0.1650972530323417,-0.024595959786563516,0.30109322019832263,,,
hrf,chasedb1,reliseg,0,last,total_length,pvbm,8,1319.4335583567454,0.3234356829248665,0.07142857142857144,-1.183452715778917,2.3173891720675277,1.8868175754289442,runs/pivot/hrf/seed0/reliseg/pred_chasedb1/bio.csv,results/pivot/e2_gt_chasedb1.csv,results/gateA_biomarker_scales_train.csv,0.19287960613288246,-0.08786203112965407,0.43775689813689306,0.08119748556787718,-0.18222459337946628,0.3916701536778393
hrf,chasedb1,reliseg,1,last,total_length,pvbm,8,1319.4335583567454,0.47262062654836956,0.4285714285714286,-0.9151881580635801,2.1275000347807547,1.7693618491145982,runs/pivot/hrf/seed1/reliseg/pred_chasedb1/bio.csv,results/pivot/e2_gt_chasedb1.csv,results/gateA_biomarker_scales_train.csv,0.11555463104893343,-0.22337103848576534,0.8010106961573654,0.08931440656274092,-0.1616045553033387,0.651858994970502
hrf,chasedb1,reliseg,2,last,total_length,pvbm,8,1319.4335583567454,0.2990647451616953,0.07142857142857144,-0.8447938453503199,2.04175008884061,1.5946628481200342,runs/pivot/hrf/seed2/reliseg/pred_chasedb1/bio.csv,results/pivot/e2_gt_chasedb1.csv,results/gateA_biomarker_scales_train.csv,0.13612522509729316,-0.18443622844805982,0.27105597266127096,-0.02897202793504855,-0.2370765139141906,0.07828676510623594
hrf,chasedb1,reliseg_nocl,0,last,total_length,pvbm,8,1319.4335583567454,0.41730464564841635,0.4761904761904762,-1.1300140452896472,2.1999485533677055,1.841217821152663,runs/pivot/hrf/seed0/reliseg_nocl/pred_chasedb1/bio.csv,results/pivot/e2_gt_chasedb1.csv,results/gateA_biomarker_scales_train.csv,0.2867485688564323,-0.011265814183168644,0.862169715435196,0.175066448291427,-0.08062810089096119,0.7814507328528448
hrf,chasedb1,reliseg_nocl,1,last,total_length,pvbm,8,1319.4335583567454,0.38986916150629497,0.09523809523809526,-2.1605366686522425,2.154337363266182,2.426313707588146,runs/pivot/hrf/seed1/reliseg_nocl/pred_chasedb1/bio.csv,results/pivot/e2_gt_chasedb1.csv,results/gateA_biomarker_scales_train.csv,0.03280316600685884,-0.12199589500853449,0.1553114070140103,0.006562941520666332,-0.14261627555484005,0.07030395887798513
hrf,chasedb1,reliseg_nocl,2,last,total_length,pvbm,8,1319.4335583567454,0.3093096958013813,0.07142857142857144,-1.5690128481688657,1.9626265134790635,1.76940937507394,runs/pivot/hrf/seed2/reliseg_nocl/pred_chasedb1/bio.csv,results/pivot/e2_gt_chasedb1.csv,results/gateA_biomarker_scales_train.csv,0.14637017573697916,-0.14390943362907138,0.26357968369345236,-0.01872707729536255,-0.19795288295875468,0.07309293503891597
hrf,chasedb1,baseline,0,last,total_length,skan,8,1309.573145146277,0.19671259941194216,0.3571428571428572,3.1715481364623233,2.096031948546347,3.4032137608689728,runs/pivot/hrf/seed0/baseline/pred_chasedb1/bio.csv,results/pivot/e2_gt_chasedb1.csv,results/gateA_biomarker_scales_train.csv,,,,,,
hrf,chasedb1,baseline,1,last,total_length,skan,8,1309.573145146277,0.5282422456301766,0.4285714285714286,0.9085506191623486,1.4317201557542192,1.3680356633421398,runs/pivot/hrf/seed1/baseline/pred_chasedb1/bio.csv,results/pivot/e2_gt_chasedb1.csv,results/gateA_biomarker_scales_train.csv,,,,,,
hrf,chasedb1,baseline,2,last,total_length,skan,8,1309.573145146277,0.17907604928562848,0.2142857142857143,2.3025399807577203,1.9970896629378747,2.6576803610856827,runs/pivot/hrf/seed2/baseline/pred_chasedb1/bio.csv,results/pivot/e2_gt_chasedb1.csv,results/gateA_biomarker_scales_train.csv,,,,,,
hrf,chasedb1,cfloss,0,last,total_length,skan,8,1309.573145146277,0.3177562793243834,0.38095238095238104,1.5707793818744298,1.883192568697578,2.137735046463683,runs/pivot/hrf/seed0/cfloss/pred_chasedb1/bio.csv,results/pivot/e2_gt_chasedb1.csv,results/gateA_biomarker_scales_train.csv,0.12104367991244122,-0.020951389119824918,0.19639487962408747,-0.025757909560782333,-0.07739603540843946,0.02252819819148208
hrf,chasedb1,cfloss,1,last,total_length,skan,8,1309.573145146277,0.412329353265107,0.38095238095238104,0.5026986507477857,1.9625842406629677,1.569277406554373,runs/pivot/hrf/seed1/cfloss/pred_chasedb1/bio.csv,results/pivot/e2_gt_chasedb1.csv,results/gateA_biomarker_scales_train.csv,-0.11591289236506963,-0.3443806007835222,0.02648254190455296,-0.10210786360506241,-0.30895530521729003,0.06428589472616004
hrf,chasedb1,cfloss,2,last,total_length,skan,8,1309.573145146277,0.2717955067265538,0.2380952380952381,1.7469052049929303,1.7719044442176033,2.0974755783791985,runs/pivot/hrf/seed2/cfloss/pred_chasedb1/bio.csv,results/pivot/e2_gt_chasedb1.csv,results/gateA_biomarker_scales_train.csv,0.0927194574409253,-0.06895201260095887,0.14833465471657806,-0.06311142502409434,-0.25201398277724524,0.04501699448696663
hrf,chasedb1,continued,0,last,total_length,skan,8,1309.573145146277,0.3435141888851657,0.38095238095238104,1.969027828238144,1.735996884755199,2.3530289117944014,runs/pivot/hrf/seed0/continued/pred_chasedb1/bio.csv,results/pivot/e2_gt_chasedb1.csv,results/gateA_biomarker_scales_train.csv,0.14680158947322355,0.011440514789045165,0.21228981863149238,,,
hrf,chasedb1,continued,1,last,total_length,skan,8,1309.573145146277,0.5144372168701694,0.3571428571428572,1.481032611564278,1.5551714978537254,1.8626114586099027,runs/pivot/hrf/seed1/continued/pred_chasedb1/bio.csv,results/pivot/e2_gt_chasedb1.csv,results/gateA_biomarker_scales_train.csv,-0.01380502876000722,-0.17291945158157104,0.09921643334851489,,,
hrf,chasedb1,continued,2,last,total_length,skan,8,1309.573145146277,0.3349069317506481,0.30952380952380953,2.0401240546906427,1.582397072261786,2.3042234159078823,runs/pivot/hrf/seed2/continued/pred_chasedb1/bio.csv,results/pivot/e2_gt_chasedb1.csv,results/gateA_biomarker_scales_train.csv,0.15583088246501964,0.005714721492469227,0.2868759845711282,,,
hrf,chasedb1,reliseg,0,last,total_length,skan,8,1309.573145146277,0.23444760322423783,0.2142857142857143,3.9576328113790975,2.0144358583323387,3.9576328113790975,runs/pivot/hrf/seed0/reliseg/pred_chasedb1/bio.csv,results/pivot/e2_gt_chasedb1.csv,results/gateA_biomarker_scales_train.csv,0.037735003812295664,-0.2681174865266492,0.20797444569852944,-0.10906658566092789,-0.4344148188878869,0.13396881055547877
hrf,chasedb1,reliseg,1,last,total_length,skan,8,1309.573145146277,0.34006252168237605,0.3571428571428572,3.7862866843339016,2.0100508752401356,3.7862866843339016,runs/pivot/hrf/seed1/reliseg/pred_chasedb1/bio.csv,results/pivot/e2_gt_chasedb1.csv,results/gateA_biomarker_scales_train.csv,-0.18817972394780058,-0.4899152625283117,0.11396016961072297,-0.17437469518779336,-0.3577188707383901,0.03153965203197088
hrf,chasedb1,reliseg,2,last,total_length,skan,8,1309.573145146277,0.33344807913726493,0.261904761904762,5.0515437058648684,1.6479592599692063,5.0515437058648684,runs/pivot/hrf/seed2/reliseg/pred_chasedb1/bio.csv,results/pivot/e2_gt_chasedb1.csv,results/gateA_biomarker_scales_train.csv,0.15437202985163645,-0.31439940330199667,0.4604858946892589,-0.001458852613383188,-0.38748272942908624,0.30005688370122585
hrf,chasedb1,reliseg_nocl,0,last,total_length,skan,8,1309.573145146277,0.2503361500343955,0.3571428571428572,4.072068789420003,2.022021240868565,4.072068789420003,runs/pivot/hrf/seed0/reliseg_nocl/pred_chasedb1/bio.csv,results/pivot/e2_gt_chasedb1.csv,results/gateA_biomarker_scales_train.csv,0.05362355062245336,-0.18603774691291897,0.20105074639298634,-0.0931780388507702,-0.3250829118944347,0.10526799432198583
hrf,chasedb1,reliseg_nocl,1,last,total_length,skan,8,1309.573145146277,0.3085730572478208,0.261904761904762,2.5105337496460374,2.037113970153425,2.8811174323667705,runs/pivot/hrf/seed1/reliseg_nocl/pred_chasedb1/bio.csv,results/pivot/e2_gt_chasedb1.csv,results/gateA_biomarker_scales_train.csv,-0.21966918838235583,-0.4713832795316961,0.015171353523819764,-0.2058641596223486,-0.4305975298869298,0.019902198486229646
hrf,chasedb1,reliseg_nocl,2,last,total_length,skan,8,1309.573145146277,0.3386596211796004,0.19047619047619052,3.735371791231197,1.7512827069292234,3.735371791231197,runs/pivot/hrf/seed2/reliseg_nocl/pred_chasedb1/bio.csv,results/pivot/e2_gt_chasedb1.csv,results/gateA_biomarker_scales_train.csv,0.15958357189397193,-0.050900044970344914,0.25398000185826136,0.003752689428952294,-0.15796221002286778,0.11979325715245043
fives,stare,baseline,0,last,FD,pvbm,10,0.0344270271916146,0.9215095627724487,0.9151515151515152,0.41132076377294674,0.6417144524356917,0.5378483393253418,runs/pivot/fives/seed0/baseline/pred_stare/bio.csv,results/pivot/e2_gt_stare.csv,results/gateA_biomarker_scales_train.csv,,,,,,
fives,stare,baseline,1,last,FD,pvbm,10,0.0344270271916146,0.9408657355132107,0.9151515151515152,0.3924865033922985,0.5624078230367253,0.5253237639135058,runs/pivot/fives/seed1/baseline/pred_stare/bio.csv,results/pivot/e2_gt_stare.csv,results/gateA_biomarker_scales_train.csv,,,,,,
fives,stare,baseline,2,last,FD,pvbm,10,0.0344270271916146,0.9363700609131478,0.8666666666666665,0.24227097628667726,0.5955985433593552,0.5023528582799843,runs/pivot/fives/seed2/baseline/pred_stare/bio.csv,results/pivot/e2_gt_stare.csv,results/gateA_biomarker_scales_train.csv,,,,,,
fives,stare,cfloss,0,last,FD,pvbm,10,0.0344270271916146,0.9227997769287424,0.9151515151515152,0.3902071011832393,0.6337896620444837,0.5314468679136441,runs/pivot/fives/seed0/cfloss/pred_stare/bio.csv,results/pivot/e2_gt_stare.csv,results/gateA_biomarker_scales_train.csv,0.001290214156293712,-0.01780346642019936,0.011340346533585849,-0.0033112753308874865,-0.020118802099109847,0.002533631484092871
fives,stare,cfloss,1,last,FD,pvbm,10,0.0344270271916146,0.9367586487152335,0.8666666666666665,0.38442232840705703,0.5808119570343278,0.5296715706726237,runs/pivot/fives/seed1/cfloss/pred_stare/bio.csv,results/pivot/e2_gt_stare.csv,results/gateA_biomarker_scales_train.csv,-0.004107086797977222,-0.010029112804228657,0.0012786679793683573,-0.0032631080536690282,-0.01732165032359765,0.00795067855046388
fives,stare,cfloss,2,last,FD,pvbm,10,0.0344270271916146,0.9401851363530401,0.9151515151515152,0.2544543019758085,0.5725618322189446,0.48503118686137814,runs/pivot/fives/seed2/cfloss/pred_stare/bio.csv,results/pivot/e2_gt_stare.csv,results/gateA_biomarker_scales_train.csv,0.003815075439892346,-0.004190800153113572,0.0262099673145403,-0.0038162942625474816,-0.00998703825630481,0.005875603576574762
fives,stare,continued,0,last,FD,pvbm,10,0.0344270271916146,0.9261110522596299,0.9151515151515152,0.4549736019717958,0.6221977110904089,0.5762580092458888,runs/pivot/fives/seed0/continued/pred_stare/bio.csv,results/pivot/e2_gt_stare.csv,results/gateA_biomarker_scales_train.csv,0.0046014894871811984,-0.005892496333735203,0.01562841445608509,,,
fives,stare,continued,1,last,FD,pvbm,10,0.0344270271916146,0.9400217567689025,0.9151515151515152,0.39617570216301806,0.5674301568639056,0.5348986206326757,runs/pivot/fives/seed1/continued/pred_stare/bio.csv,results/pivot/e2_gt_stare.csv,results/gateA_biomarker_scales_train.csv,-0.0008439787443081936,-0.008925961109809397,0.008366227979220797,,,
fives,stare,continued,2,last,FD,pvbm,10,0.0344270271916146,0.9440014306155876,0.9151515151515152,0.31460809426640257,0.5523426172817529,0.4839060363714317,runs/pivot/fives/seed2/continued/pred_stare/bio.csv,results/pivot/e2_gt_stare.csv,results/gateA_biomarker_scales_train.csv,0.0076313697024398275,-0.0023098407121135475,0.02460280960167619,,,
fives,stare,reliseg,0,last,FD,pvbm,10,0.0344270271916146,0.9331447185886412,0.9151515151515152,0.4470935319141883,0.6044443993135544,0.5570244326326097,runs/pivot/fives/seed0/reliseg/pred_stare/bio.csv,results/pivot/e2_gt_stare.csv,results/gateA_biomarker_scales_train.csv,0.011635155816192566,-0.017719379433259647,0.047192810196869696,0.007033666329011368,-0.01682505129106191,0.033717399298638144
fives,stare,reliseg,1,last,FD,pvbm,10,0.0344270271916146,0.9445719920816033,0.9151515151515152,0.4983862045256274,0.5633519184684336,0.5627028641111183,runs/pivot/fives/seed1/reliseg/pred_stare/bio.csv,results/pivot/e2_gt_stare.csv,results/gateA_biomarker_scales_train.csv,0.0037062565683925186,-0.003395665922756197,0.025438002166560086,0.004550235312700712,-0.004341109778642255,0.01982150929893008
fives,stare,reliseg,2,last,FD,pvbm,10,0.0344270271916146,0.9344937316823958,0.9151515151515152,0.3585939592990128,0.5984520713818681,0.5133797183127131,runs/pivot/fives/seed2/reliseg/pred_stare/bio.csv,results/pivot/e2_gt_stare.csv,results/gateA_biomarker_scales_train.csv,-0.001876329230751983,-0.01694753635474523,0.0260995143252717,-0.00950769893319181,-0.026258306109190728,0.0027775274808603534
fives,stare,reliseg_nocl,0,last,FD,pvbm,10,0.0344270271916146,0.9222777506741519,0.9151515151515152,0.4796283507035593,0.639194472132484,0.5952553995639047,runs/pivot/fives/seed0/reliseg_nocl/pred_stare/bio.csv,results/pivot/e2_gt_stare.csv,results/gateA_biomarker_scales_train.csv,0.0007681879017031878,-0.01216067734607787,0.01467508789749009,-0.0038333015854780106,-0.010229377952245655,0.004985996986498352
fives,stare,reliseg_nocl,1,last,FD,pvbm,10,0.0344270271916146,0.9418503386025473,0.9151515151515152,0.4510506052339249,0.5690273180194273,0.5477732507857693,runs/pivot/fives/seed1/reliseg_nocl/pred_stare/bio.csv,results/pivot/e2_gt_stare.csv,results/gateA_biomarker_scales_train.csv,0.0009846030893365665,-0.008258742228924577,0.009966941928175845,0.0018285818336447601,-0.0072612654094795885,0.005939374940167663
fives,stare,reliseg_nocl,2,last,FD,pvbm,10,0.0344270271916146,0.9253056272532296,0.9151515151515152,0.3860420678349402,0.6350798383413853,0.5586646328367726,runs/pivot/fives/seed2/reliseg_nocl/pred_stare/bio.csv,results/pivot/e2_gt_stare.csv,results/gateA_biomarker_scales_train.csv,-0.01106443365991816,-0.03604298246598722,0.018692207630090597,-0.018695803362357988,-0.04639804846630999,0.003777596082222185
fives,stare,baseline,0,last,FD,skan,10,0.0437821510814291,0.9410752603375995,0.7696969696969697,0.0912369409448994,0.5279990674407076,0.40460309315671583,runs/pivot/fives/seed0/baseline/pred_stare/bio.csv,results/pivot/e2_gt_stare.csv,results/gateA_biomarker_scales_train.csv,,,,,,
fives,stare,baseline,1,last,FD,skan,10,0.0437821510814291,0.9538512354448759,0.8424242424242423,0.14400691665322576,0.5128138627672494,0.4191571461011237,runs/pivot/fives/seed1/baseline/pred_stare/bio.csv,results/pivot/e2_gt_stare.csv,results/gateA_biomarker_scales_train.csv,,,,,,
fives,stare,baseline,2,last,FD,skan,10,0.0437821510814291,0.9538313218477144,0.7696969696969697,-0.031030361769590252,0.5052208453305691,0.42651751121530496,runs/pivot/fives/seed2/baseline/pred_stare/bio.csv,results/pivot/e2_gt_stare.csv,results/gateA_biomarker_scales_train.csv,,,,,,
fives,stare,cfloss,0,last,FD,skan,10,0.0437821510814291,0.9402562652981639,0.8424242424242423,0.12160662209300603,0.5421269637885713,0.43121912815833596,runs/pivot/fives/seed0/cfloss/pred_stare/bio.csv,results/pivot/e2_gt_stare.csv,results/gateA_biomarker_scales_train.csv,-0.0008189950394356105,-0.013341959992694344,0.01471217950967134,0.0014796037167976728,-0.018558467488358932,0.013266519656774898
fives,stare,cfloss,1,last,FD,skan,10,0.0437821510814291,0.9567906423092816,0.8666666666666665,0.1268598298250236,0.4959178816483561,0.398541307666168,runs/pivot/fives/seed1/cfloss/pred_stare/bio.csv,results/pivot/e2_gt_stare.csv,results/gateA_biomarker_scales_train.csv,0.002939406864405636,-0.007226091808354565,0.011039007405681242,-0.005631243557476684,-0.014691561085179898,0.0012665659674902395
fives,stare,cfloss,2,last,FD,skan,10,0.0437821510814291,0.9568683910177489,0.8909090909090909,-0.0006299024853409829,0.4952677454052428,0.40929872825681535,runs/pivot/fives/seed2/cfloss/pred_stare/bio.csv,results/pivot/e2_gt_stare.csv,results/gateA_biomarker_scales_train.csv,0.0030370691700345454,0.0003191361012883143,0.013333691351225398,-0.0025705137582987536,-0.00902895499202748,0.006677005487906586
fives,stare,continued,0,last,FD,skan,10,0.0437821510814291,0.9387766615813662,0.8060606060606059,0.12993604658082664,0.5403616925126123,0.414933763402573,runs/pivot/fives/seed0/continued/pred_stare/bio.csv,results/pivot/e2_gt_stare.csv,results/gateA_biomarker_scales_train.csv,-0.0022985987562332832,-0.013386396747907018,0.012076452981622644,,,
fives,stare,continued,1,last,FD,skan,10,0.0437821510814291,0.9624218858667583,0.8545454545454544,0.10920728862071312,0.47095412150920785,0.3842940491339625,runs/pivot/fives/seed1/continued/pred_stare/bio.csv,results/pivot/e2_gt_stare.csv,results/gateA_biomarker_scales_train.csv,0.00857065042188232,-0.0015226447027093081,0.01835905573469138,,,
fives,stare,continued,2,last,FD,skan,10,0.0437821510814291,0.9594389047760477,0.8787878787878788,0.00827039526745873,0.4696039031962784,0.387732453433394,runs/pivot/fives/seed2/continued/pred_stare/bio.csv,results/pivot/e2_gt_stare.csv,results/gateA_biomarker_scales_train.csv,0.005607582928333299,-0.003336113060620341,0.014766843373203553,,,
fives,stare,reliseg,0,last,FD,skan,10,0.0437821510814291,0.9523105207167873,0.8303030303030302,0.14342395509872102,0.48038136795226855,0.3722874963056505,runs/pivot/fives/seed0/reliseg/pred_stare/bio.csv,results/pivot/e2_gt_stare.csv,results/gateA_biomarker_scales_train.csv,0.011235260379187872,0.00037940427989006654,0.02575798551052637,0.013533859135421156,-0.0009693173151498119,0.03458066690569663
fives,stare,reliseg,1,last,FD,skan,10,0.0437821510814291,0.9620937736345494,0.8666666666666665,0.22202785584916923,0.4798269560150091,0.38089686500987835,runs/pivot/fives/seed1/reliseg/pred_stare/bio.csv,results/pivot/e2_gt_stare.csv,results/gateA_biomarker_scales_train.csv,0.008242538189673465,-0.0024352388249230944,0.014702824347798573,-0.00032811223220885477,-0.006473045810762093,0.0057780098197086896
fives,stare,reliseg,2,last,FD,skan,10,0.0437821510814291,0.9505493101881647,0.8424242424242423,0.08202943132690182,0.5155888556703057,0.40763165004095825,runs/pivot/fives/seed2/reliseg/pred_stare/bio.csv,results/pivot/e2_gt_stare.csv,results/gateA_biomarker_scales_train.csv,-0.0032820116595496662,-0.0242415449250035,0.014429147966217347,-0.008889594587882965,-0.027615472440065056,0.002307475083579046
fives,stare,reliseg_nocl,0,last,FD,skan,10,0.0437821510814291,0.9364345144898659,0.8303030303030302,0.16607195513588277,0.5425036320813801,0.40857155753554436,runs/pivot/fives/seed0/reliseg_nocl/pred_stare/bio.csv,results/pivot/e2_gt_stare.csv,results/gateA_biomarker_scales_train.csv,-0.004640745847733552,-0.011123481867063346,0.003707906414325371,-0.0023421470915002685,-0.015277108324983368,0.008015772477532851
fives,stare,reliseg_nocl,1,last,FD,skan,10,0.0437821510814291,0.959357963921849,0.8181818181818182,0.20085903900957436,0.47662000193542053,0.39020999909474446,runs/pivot/fives/seed1/reliseg_nocl/pred_stare/bio.csv,results/pivot/e2_gt_stare.csv,results/gateA_biomarker_scales_train.csv,0.005506728476973088,-0.006999195271652836,0.013747587547882157,-0.0030639219449092314,-0.012588545989606187,0.003154068305684934
fives,stare,reliseg_nocl,2,last,FD,skan,10,0.0437821510814291,0.9472357196577994,0.8303030303030302,0.10206755913082222,0.5180959772419192,0.3977013884111871,runs/pivot/fives/seed2/reliseg_nocl/pred_stare/bio.csv,results/pivot/e2_gt_stare.csv,results/gateA_biomarker_scales_train.csv,-0.006595602189914951,-0.032182529538183756,0.01769437391009943,-0.01220318511824825,-0.033528704946620747,0.005322111474736315
fives,stare,baseline,0,last,tortuosity,pvbm,10,0.0073680137879709,0.5362917077890186,0.29696969696969694,-0.6651384590825828,1.045771439513524,1.0464388517597036,runs/pivot/fives/seed0/baseline/pred_stare/bio.csv,results/pivot/e2_gt_stare.csv,results/gateA_biomarker_scales_train.csv,,,,,,
fives,stare,baseline,1,last,tortuosity,pvbm,10,0.0073680137879709,0.7807026191694415,0.8545454545454544,-0.727028473585256,0.6838882437548118,0.7274690735768338,runs/pivot/fives/seed1/baseline/pred_stare/bio.csv,results/pivot/e2_gt_stare.csv,results/gateA_biomarker_scales_train.csv,,,,,,
fives,stare,baseline,2,last,tortuosity,pvbm,10,0.0073680137879709,0.9049976518679064,0.7939393939393938,-0.8770337181947644,0.46616284171564176,0.8770337181947644,runs/pivot/fives/seed2/baseline/pred_stare/bio.csv,results/pivot/e2_gt_stare.csv,results/gateA_biomarker_scales_train.csv,,,,,,
fives,stare,cfloss,0,last,tortuosity,pvbm,10,0.0073680137879709,0.8199300821766881,0.7939393939393938,-0.7814406201267523,0.6293445844041764,0.8538992579187228,runs/pivot/fives/seed0/cfloss/pred_stare/bio.csv,results/pivot/e2_gt_stare.csv,results/gateA_biomarker_scales_train.csv,0.2836383743876695,-0.061968473558592065,1.2956354554273786,-0.07532791766611469,-0.26519808759514396,0.009440810041150374
fives,stare,cfloss,1,last,tortuosity,pvbm,10,0.0073680137879709,0.7946593108259703,0.9151515151515152,-0.6483238133710594,0.6862906301117813,0.7534385347057063,runs/pivot/fives/seed1/cfloss/pred_stare/bio.csv,results/pivot/e2_gt_stare.csv,results/gateA_biomarker_scales_train.csv,0.013956691656528797,-0.18052762887909105,0.21729117121152014,-0.008925318271654992,-0.09215327477858064,0.10749128691726934
fives,stare,cfloss,2,last,tortuosity,pvbm,10,0.0073680137879709,0.8381031177763405,0.960490759014502,-0.9847010991886165,0.5949126267129361,0.9847010991886165,runs/pivot/fives/seed2/cfloss/pred_stare/bio.csv,results/pivot/e2_gt_stare.csv,results/gateA_biomarker_scales_train.csv,-0.06689453409156587,-0.21148742403728032,0.06769464365199686,0.02603175808050573,-0.055695765890738325,0.14505318394213684
fives,stare,continued,0,last,tortuosity,pvbm,10,0.0073680137879709,0.8952579998428027,0.8666666666666665,-1.04491671975982,0.4882918733494205,1.04491671975982,runs/pivot/fives/seed0/continued/pred_stare/bio.csv,results/pivot/e2_gt_stare.csv,results/gateA_biomarker_scales_train.csv,0.35896629205378416,-0.051643887923883,1.5139488149595146,,,
fives,stare,continued,1,last,tortuosity,pvbm,10,0.0073680137879709,0.8035846290976253,0.8303030303030302,-0.6781091338737573,0.667062642557434,0.7460474866577579,runs/pivot/fives/seed1/continued/pred_stare/bio.csv,results/pivot/e2_gt_stare.csv,results/gateA_biomarker_scales_train.csv,0.02288200992818379,-0.18605084374431832,0.18556564450750687,,,
fives,stare,continued,2,last,tortuosity,pvbm,10,0.0073680137879709,0.8120713596958348,0.9151515151515152,-0.9768690128980204,0.6373716852602554,0.9867953768580235,runs/pivot/fives/seed2/continued/pred_stare/bio.csv,results/pivot/e2_gt_stare.csv,results/gateA_biomarker_scales_train.csv,-0.0929262921720716,-0.2511906109903406,0.027511838186973142,,,
fives,stare,reliseg,0,last,tortuosity,pvbm,10,0.0073680137879709,0.76937732407467,0.6484848484848483,-0.5178948568004879,0.6971641755792186,0.6941779477772864,runs/pivot/fives/seed0/reliseg/pred_stare/bio.csv,results/pivot/e2_gt_stare.csv,results/gateA_biomarker_scales_train.csv,0.2330856162856514,-0.1161825743543241,1.0919921960955286,-0.12588067576813278,-0.578959633651522,0.06446917583174937
fives,stare,reliseg,1,last,tortuosity,pvbm,10,0.0073680137879709,0.5834514606036948,0.6727272727272726,-0.27986737547819035,0.9682529085702983,0.7879412882507211,runs/pivot/fives/seed1/reliseg/pred_stare/bio.csv,results/pivot/e2_gt_stare.csv,results/gateA_biomarker_scales_train.csv,-0.1972511585657467,-0.5937833126131138,0.002310723653737633,-0.2201331684939305,-0.5605955946327429,0.018289349058203886
fives,stare,reliseg,2,last,tortuosity,pvbm,10,0.0073680137879709,0.8228045397477598,0.8181818181818182,-0.8729386857759813,0.6226062984594832,0.8729386857759813,runs/pivot/fives/seed2/reliseg/pred_stare/bio.csv,results/pivot/e2_gt_stare.csv,results/gateA_biomarker_scales_train.csv,-0.08219311212014657,-0.2178657553208493,0.011185779576996227,0.010733180051925029,-0.09498023795389193,0.11324167786089955
fives,stare,reliseg_nocl,0,last,tortuosity,pvbm,10,0.0073680137879709,0.6039898640102302,0.3939393939393939,-0.5509290577892197,0.8719852163767644,0.8194229009061254,runs/pivot/fives/seed0/reliseg_nocl/pred_stare/bio.csv,results/pivot/e2_gt_stare.csv,results/gateA_biomarker_scales_train.csv,0.06769815622121167,-0.2208757036763704,0.6284683024646164,-0.2912681358325725,-0.9295508701378291,0.010896450396907552
fives,stare,reliseg_nocl,1,last,tortuosity,pvbm,10,0.0073680137879709,0.6138406408592795,0.49090909090909085,-0.5448588554977836,0.937674799238427,0.8900724406394517,runs/pivot/fives/seed1/reliseg_nocl/pred_stare/bio.csv,results/pivot/e2_gt_stare.csv,results/gateA_biomarker_scales_train.csv,-0.16686197831016203,-0.8900469136719483,0.15729657338336708,-0.18974398823834582,-0.8394800273259398,0.10488832501248184
fives,stare,reliseg_nocl,2,last,tortuosity,pvbm,10,0.0073680137879709,0.8460460948979834,0.9515151515151514,-0.9176830108174203,0.5894516459209362,0.9176830108174203,runs/pivot/fives/seed2/reliseg_nocl/pred_stare/bio.csv,results/pivot/e2_gt_stare.csv,results/gateA_biomarker_scales_train.csv,-0.058951556969922936,-0.19782380551665718,0.0951099855441211,0.033974735202148665,-0.05000022072915123,0.1801982431301171
fives,stare,baseline,0,last,tortuosity,skan,10,0.0167325568082854,0.9402769884767537,0.8424242424242423,-0.048773384278893925,0.32398762206911014,0.2509213303444743,runs/pivot/fives/seed0/baseline/pred_stare/bio.csv,results/pivot/e2_gt_stare.csv,results/gateA_biomarker_scales_train.csv,,,,,,
fives,stare,baseline,1,last,tortuosity,skan,10,0.0167325568082854,0.964180492151282,0.8909090909090909,-0.08613430643831929,0.25800047014423644,0.21973284355773376,runs/pivot/fives/seed1/baseline/pred_stare/bio.csv,results/pivot/e2_gt_stare.csv,results/gateA_biomarker_scales_train.csv,,,,,,
fives,stare,baseline,2,last,tortuosity,skan,10,0.0167325568082854,0.8071897228596923,0.8666666666666665,0.06881783592127708,0.5811529613057531,0.3225696036440586,runs/pivot/fives/seed2/baseline/pred_stare/bio.csv,results/pivot/e2_gt_stare.csv,results/gateA_biomarker_scales_train.csv,,,,,,
fives,stare,cfloss,0,last,tortuosity,skan,10,0.0167325568082854,0.6839351437667532,0.8181818181818182,0.19176652905641106,0.756696294434939,0.4295095627287435,runs/pivot/fives/seed0/cfloss/pred_stare/bio.csv,results/pivot/e2_gt_stare.csv,results/gateA_biomarker_scales_train.csv,-0.25634184471000043,-0.7992503675547403,0.059203591054018075,-0.2832544313143971,-0.8626853406784578,-0.0006701247046106398
fives,stare,cfloss,1,last,tortuosity,skan,10,0.0167325568082854,0.9526870482445116,0.8424242424242423,-0.09316962812286415,0.28816485063514924,0.24578157214186117,runs/pivot/fives/seed1/cfloss/pred_stare/bio.csv,results/pivot/e2_gt_stare.csv,results/gateA_biomarker_scales_train.csv,-0.011493443906770429,-0.041820905645694004,-0.0006062244308835309,-0.01002398798919446,-0.039245893926614775,-0.0007585032244450758
fives,stare,cfloss,2,last,tortuosity,skan,10,0.0167325568082854,0.7916902509854172,0.8545454545454544,0.052309462063863055,0.6147318144815189,0.33672125307102413,runs/pivot/fives/seed2/cfloss/pred_stare/bio.csv,results/pivot/e2_gt_stare.csv,results/gateA_biomarker_scales_train.csv,-0.015499471874275028,-0.06381684667546487,0.008590090419127302,0.0988751040967909,-0.07911393879228562,0.5480836772947084
fives,stare,continued,0,last,tortuosity,skan,10,0.0167325568082854,0.9671895750811503,0.9151515151515152,-0.1276303486315983,0.2757146408145862,0.24026497365465355,runs/pivot/fives/seed0/continued/pred_stare/bio.csv,results/pivot/e2_gt_stare.csv,results/gateA_biomarker_scales_train.csv,0.02691258660439666,-0.005876233781796044,0.183595348325274,,,
fives,stare,continued,1,last,tortuosity,skan,10,0.0167325568082854,0.962711036233706,0.8909090909090909,-0.07496628478795608,0.26586536690649415,0.21532227185767255,runs/pivot/fives/seed1/continued/pred_stare/bio.csv,results/pivot/e2_gt_stare.csv,results/gateA_biomarker_scales_train.csv,-0.001469455917575968,-0.00966279249377818,0.00737012161820938,,,
fives,stare,continued,2,last,tortuosity,skan,10,0.0167325568082854,0.6928151468886263,0.6,0.2037861325449885,0.7629572695136654,0.4640194714769571,runs/pivot/fives/seed2/continued/pred_stare/bio.csv,results/pivot/e2_gt_stare.csv,results/gateA_biomarker_scales_train.csv,-0.11437457597106593,-0.5520240565807322,0.05775525283212778,,,
fives,stare,reliseg,0,last,tortuosity,skan,10,0.0167325568082854,0.9021228002035384,0.8545454545454544,-0.08400164094747845,0.41270960947603175,0.3173475446349182,runs/pivot/fives/seed0/reliseg/pred_stare/bio.csv,results/pivot/e2_gt_stare.csv,results/gateA_biomarker_scales_train.csv,-0.03815418827321526,-0.18524004920372386,-0.0008220214877151942,-0.06506677487761192,-0.34719041159318076,-0.0007911411300256938
fives,stare,reliseg,1,last,tortuosity,skan,10,0.0167325568082854,0.968551316901618,0.8909090909090909,-0.059491289364083835,0.24955872918238958,0.19702584286902253,runs/pivot/fives/seed1/reliseg/pred_stare/bio.csv,results/pivot/e2_gt_stare.csv,results/gateA_biomarker_scales_train.csv,0.004370824750336011,-0.006583196336195871,0.028288611646427056,0.005840280667911979,-0.006213874997537494,0.027529353236344607
fives,stare,reliseg,2,last,tortuosity,skan,10,0.0167325568082854,0.8014967186783564,0.7333333333333332,0.07605505188844981,0.5859296756569315,0.34912100732746054,runs/pivot/fives/seed2/reliseg/pred_stare/bio.csv,results/pivot/e2_gt_stare.csv,results/gateA_biomarker_scales_train.csv,-0.005693004181335892,-0.12283837497947314,0.05219585360116985,0.10868157178973004,-0.035732839484948604,0.4513787682641286
fives,stare,reliseg_nocl,0,last,tortuosity,skan,10,0.0167325568082854,0.9428303442992483,0.8787878787878788,-0.0693892177867431,0.31450174677789816,0.250256723885838,runs/pivot/fives/seed0/reliseg_nocl/pred_stare/bio.csv,results/pivot/e2_gt_stare.csv,results/gateA_biomarker_scales_train.csv,0.0025533558224946074,-0.014310597927817702,0.04843907694349944,-0.024359230781902053,-0.14077808293046548,0.0042780924267191035
fives,stare,reliseg_nocl,1,last,tortuosity,skan,10,0.0167325568082854,0.957769674216896,0.8787878787878788,-0.10069739828522532,0.2727312214252581,0.222855165849054,runs/pivot/fives/seed1/reliseg_nocl/pred_stare/bio.csv,results/pivot/e2_gt_stare.csv,results/gateA_biomarker_scales_train.csv,-0.006410817934386026,-0.0451780437639215,0.003257913071981861,-0.004941362016810058,-0.048895052441906395,0.008722448551972196
fives,stare,reliseg_nocl,2,last,tortuosity,skan,10,0.0167325568082854,0.7856337961237567,0.8666666666666665,0.047211371785686296,0.6153369177652726,0.34598332755551137,runs/pivot/fives/seed2/reliseg_nocl/pred_stare/bio.csv,results/pivot/e2_gt_stare.csv,results/gateA_biomarker_scales_train.csv,-0.021555926735935538,-0.06373107109018558,0.006364904393561565,0.09281864923513039,-0.09155596811854576,0.5527763696645192
fives,stare,baseline,0,last,density,pvbm,10,0.0099029768684763,0.898821930459569,0.8666666666666665,0.7739804372136907,1.0379684420312845,1.0405373215723708,runs/pivot/fives/seed0/baseline/pred_stare/bio.csv,results/pivot/e2_gt_stare.csv,results/gateA_biomarker_scales_train.csv,,,,,,
fives,stare,baseline,1,last,density,pvbm,10,0.0099029768684763,0.9114763605991184,0.8545454545454544,0.5558576877236086,0.9741354241805101,0.9011060462454026,runs/pivot/fives/seed1/baseline/pred_stare/bio.csv,results/pivot/e2_gt_stare.csv,results/gateA_biomarker_scales_train.csv,,,,,,
fives,stare,baseline,2,last,density,pvbm,10,0.0099029768684763,0.9146873128884414,0.8666666666666665,0.5014026957718254,0.9548289836468248,0.8399754775296671,runs/pivot/fives/seed2/baseline/pred_stare/bio.csv,results/pivot/e2_gt_stare.csv,results/gateA_biomarker_scales_train.csv,,,,,,
fives,stare,cfloss,0,last,density,pvbm,10,0.0099029768684763,0.8855300349614603,0.7696969696969697,0.7642750223686635,1.1075638181243144,1.0557740973591374,runs/pivot/fives/seed0/cfloss/pred_stare/bio.csv,results/pivot/e2_gt_stare.csv,results/gateA_biomarker_scales_train.csv,-0.013291895498108719,-0.11033828720077106,0.001320173835310828,-0.01593313248365069,-0.12558049905493293,-0.00022584213597651642
fives,stare,cfloss,1,last,density,pvbm,10,0.0099029768684763,0.9110855624649806,0.8666666666666665,0.4834183883789809,0.9767712257674961,0.8692475479484113,runs/pivot/fives/seed1/cfloss/pred_stare/bio.csv,results/pivot/e2_gt_stare.csv,results/gateA_biomarker_scales_train.csv,-0.00039079813413778197,-0.012742753732276629,0.005136149303545835,0.0013014616624626996,-0.01281547607438595,0.010517577068592836
fives,stare,cfloss,2,last,density,pvbm,10,0.0099029768684763,0.9162464831131234,0.8424242424242423,0.508231915043661,0.9467185631776924,0.83695256232781,runs/pivot/fives/seed2/cfloss/pred_stare/bio.csv,results/pivot/e2_gt_stare.csv,results/gateA_biomarker_scales_train.csv,0.0015591702246819938,-0.009852617153066975,0.011445495491078818,-0.0004343163719481291,-0.016733542360991185,0.00377421554320323
fives,stare,continued,0,last,density,pvbm,10,0.0099029768684763,0.901463167445111,0.8666666666666665,0.9505764520722593,1.0273911817207575,1.1316751188998555,runs/pivot/fives/seed0/continued/pred_stare/bio.csv,results/pivot/e2_gt_stare.csv,results/gateA_biomarker_scales_train.csv,0.0026412369855419726,-0.00020458047931773136,0.01903009142045252,,,
fives,stare,continued,1,last,density,pvbm,10,0.0099029768684763,0.9097841008025179,0.8060606060606059,0.6186647153120715,0.9835087058021384,0.9435808261509807,runs/pivot/fives/seed1/continued/pred_stare/bio.csv,results/pivot/e2_gt_stare.csv,results/gateA_biomarker_scales_train.csv,-0.0016922597966004815,-0.010139655718715864,0.00429536996672857,,,
fives,stare,continued,2,last,density,pvbm,10,0.0099029768684763,0.9166807994850715,0.8303030303030302,0.6914463179038431,0.9456873620897284,0.9437207673907471,runs/pivot/fives/seed2/continued/pred_stare/bio.csv,results/pivot/e2_gt_stare.csv,results/gateA_biomarker_scales_train.csv,0.001993486596630123,-0.004465526790125032,0.019617340515850363,,,
fives,stare,reliseg,0,last,density,pvbm,10,0.0099029768684763,0.9083702875536416,0.8666666666666665,0.9041604610663659,0.9906568774076552,1.0900487998438428,runs/pivot/fives/seed0/reliseg/pred_stare/bio.csv,results/pivot/e2_gt_stare.csv,results/gateA_biomarker_scales_train.csv,0.009548357094072535,0.0016095790597022237,0.06389335454220721,0.006907120108530562,0.0006367139390374033,0.04719407611201359
fives,stare,reliseg,1,last,density,pvbm,10,0.0099029768684763,0.9142381334798798,0.8666666666666665,0.7453070827990091,0.9577438186082714,1.0106726764161877,runs/pivot/fives/seed1/reliseg/pred_stare/bio.csv,results/pivot/e2_gt_stare.csv,results/gateA_biomarker_scales_train.csv,0.002761772880761404,-0.001323105334531885,0.028763393544826155,0.0044540326773618855,7.402481783552467e-05,0.03153473817374623
fives,stare,reliseg,2,last,density,pvbm,10,0.0099029768684763,0.9127619423676155,0.8303030303030302,0.6662732679791032,0.965795547168299,0.9333493183912884,runs/pivot/fives/seed2/reliseg/pred_stare/bio.csv,results/pivot/e2_gt_stare.csv,results/gateA_biomarker_scales_train.csv,-0.0019253705208258642,-0.023276082811464666,0.017768645612491245,-0.003918857117455987,-0.033399225303866624,0.0077544763880136305
fives,stare,reliseg_nocl,0,last,density,pvbm,10,0.0099029768684763,0.9093321922568585,0.8666666666666665,0.8030539378291783,0.9864175650356267,1.0245268788429283,runs/pivot/fives/seed0/reliseg_nocl/pred_stare/bio.csv,results/pivot/e2_gt_stare.csv,results/gateA_biomarker_scales_train.csv,0.010510261797289422,0.002278703537576457,0.06868387142384025,0.00786902481174745,0.0016117887095988882,0.050802658535869516
fives,stare,reliseg_nocl,1,last,density,pvbm,10,0.0099029768684763,0.9137383435019105,0.8545454545454544,0.5884461069053103,0.960986914066836,0.9106504920247177,runs/pivot/fives/seed1/reliseg_nocl/pred_stare/bio.csv,results/pivot/e2_gt_stare.csv,results/gateA_biomarker_scales_train.csv,0.0022619829027921146,0.0003724746584774813,0.016507502607827334,0.003954242699392596,-0.0004549488017511899,0.02239910531439799
fives,stare,reliseg_nocl,2,last,density,pvbm,10,0.0099029768684763,0.9142258756515093,0.8787878787878788,0.6704177836966527,0.9585342519241726,0.9351868254877912,runs/pivot/fives/seed2/reliseg_nocl/pred_stare/bio.csv,results/pivot/e2_gt_stare.csv,results/gateA_biomarker_scales_train.csv,-0.00046143723693214955,-0.03459678863278738,0.040350093147821474,-0.0024549238335622725,-0.04160350437988445,0.029576760756354965
fives,stare,baseline,0,last,density,skan,10,0.0099029768684763,0.898821930459569,0.8666666666666665,0.7739804372136907,1.0379684420312845,1.0405373215723708,runs/pivot/fives/seed0/baseline/pred_stare/bio.csv,results/pivot/e2_gt_stare.csv,results/gateA_biomarker_scales_train.csv,,,,,,
fives,stare,baseline,1,last,density,skan,10,0.0099029768684763,0.9114763605991184,0.8545454545454544,0.5558576877236086,0.9741354241805101,0.9011060462454026,runs/pivot/fives/seed1/baseline/pred_stare/bio.csv,results/pivot/e2_gt_stare.csv,results/gateA_biomarker_scales_train.csv,,,,,,
fives,stare,baseline,2,last,density,skan,10,0.0099029768684763,0.9146873128884414,0.8666666666666665,0.5014026957718254,0.9548289836468248,0.8399754775296671,runs/pivot/fives/seed2/baseline/pred_stare/bio.csv,results/pivot/e2_gt_stare.csv,results/gateA_biomarker_scales_train.csv,,,,,,
fives,stare,cfloss,0,last,density,skan,10,0.0099029768684763,0.8855300349614603,0.7696969696969697,0.7642750223686635,1.1075638181243144,1.0557740973591374,runs/pivot/fives/seed0/cfloss/pred_stare/bio.csv,results/pivot/e2_gt_stare.csv,results/gateA_biomarker_scales_train.csv,-0.013291895498108719,-0.11033828720077106,0.001320173835310828,-0.01593313248365069,-0.12558049905493293,-0.00022584213597651642
fives,stare,cfloss,1,last,density,skan,10,0.0099029768684763,0.9110855624649806,0.8666666666666665,0.4834183883789809,0.9767712257674961,0.8692475479484113,runs/pivot/fives/seed1/cfloss/pred_stare/bio.csv,results/pivot/e2_gt_stare.csv,results/gateA_biomarker_scales_train.csv,-0.00039079813413778197,-0.012742753732276629,0.005136149303545835,0.0013014616624626996,-0.01281547607438595,0.010517577068592836
fives,stare,cfloss,2,last,density,skan,10,0.0099029768684763,0.9162464831131234,0.8424242424242423,0.508231915043661,0.9467185631776924,0.83695256232781,runs/pivot/fives/seed2/cfloss/pred_stare/bio.csv,results/pivot/e2_gt_stare.csv,results/gateA_biomarker_scales_train.csv,0.0015591702246819938,-0.009852617153066975,0.011445495491078818,-0.0004343163719481291,-0.016733542360991185,0.00377421554320323
fives,stare,continued,0,last,density,skan,10,0.0099029768684763,0.901463167445111,0.8666666666666665,0.9505764520722593,1.0273911817207575,1.1316751188998555,runs/pivot/fives/seed0/continued/pred_stare/bio.csv,results/pivot/e2_gt_stare.csv,results/gateA_biomarker_scales_train.csv,0.0026412369855419726,-0.00020458047931773136,0.01903009142045252,,,
fives,stare,continued,1,last,density,skan,10,0.0099029768684763,0.9097841008025179,0.8060606060606059,0.6186647153120715,0.9835087058021384,0.9435808261509807,runs/pivot/fives/seed1/continued/pred_stare/bio.csv,results/pivot/e2_gt_stare.csv,results/gateA_biomarker_scales_train.csv,-0.0016922597966004815,-0.010139655718715864,0.00429536996672857,,,
fives,stare,continued,2,last,density,skan,10,0.0099029768684763,0.9166807994850715,0.8303030303030302,0.6914463179038431,0.9456873620897284,0.9437207673907471,runs/pivot/fives/seed2/continued/pred_stare/bio.csv,results/pivot/e2_gt_stare.csv,results/gateA_biomarker_scales_train.csv,0.001993486596630123,-0.004465526790125032,0.019617340515850363,,,
fives,stare,reliseg,0,last,density,skan,10,0.0099029768684763,0.9083702875536416,0.8666666666666665,0.9041604610663659,0.9906568774076552,1.0900487998438428,runs/pivot/fives/seed0/reliseg/pred_stare/bio.csv,results/pivot/e2_gt_stare.csv,results/gateA_biomarker_scales_train.csv,0.009548357094072535,0.0016095790597022237,0.06389335454220721,0.006907120108530562,0.0006367139390374033,0.04719407611201359
fives,stare,reliseg,1,last,density,skan,10,0.0099029768684763,0.9142381334798798,0.8666666666666665,0.7453070827990091,0.9577438186082714,1.0106726764161877,runs/pivot/fives/seed1/reliseg/pred_stare/bio.csv,results/pivot/e2_gt_stare.csv,results/gateA_biomarker_scales_train.csv,0.002761772880761404,-0.001323105334531885,0.028763393544826155,0.0044540326773618855,7.402481783552467e-05,0.03153473817374623
fives,stare,reliseg,2,last,density,skan,10,0.0099029768684763,0.9127619423676155,0.8303030303030302,0.6662732679791032,0.965795547168299,0.9333493183912884,runs/pivot/fives/seed2/reliseg/pred_stare/bio.csv,results/pivot/e2_gt_stare.csv,results/gateA_biomarker_scales_train.csv,-0.0019253705208258642,-0.023276082811464666,0.017768645612491245,-0.003918857117455987,-0.033399225303866624,0.0077544763880136305
fives,stare,reliseg_nocl,0,last,density,skan,10,0.0099029768684763,0.9093321922568585,0.8666666666666665,0.8030539378291783,0.9864175650356267,1.0245268788429283,runs/pivot/fives/seed0/reliseg_nocl/pred_stare/bio.csv,results/pivot/e2_gt_stare.csv,results/gateA_biomarker_scales_train.csv,0.010510261797289422,0.002278703537576457,0.06868387142384025,0.00786902481174745,0.0016117887095988882,0.050802658535869516
fives,stare,reliseg_nocl,1,last,density,skan,10,0.0099029768684763,0.9137383435019105,0.8545454545454544,0.5884461069053103,0.960986914066836,0.9106504920247177,runs/pivot/fives/seed1/reliseg_nocl/pred_stare/bio.csv,results/pivot/e2_gt_stare.csv,results/gateA_biomarker_scales_train.csv,0.0022619829027921146,0.0003724746584774813,0.016507502607827334,0.003954242699392596,-0.0004549488017511899,0.02239910531439799
fives,stare,reliseg_nocl,2,last,density,skan,10,0.0099029768684763,0.9142258756515093,0.8787878787878788,0.6704177836966527,0.9585342519241726,0.9351868254877912,runs/pivot/fives/seed2/reliseg_nocl/pred_stare/bio.csv,results/pivot/e2_gt_stare.csv,results/gateA_biomarker_scales_train.csv,-0.00046143723693214955,-0.03459678863278738,0.040350093147821474,-0.0024549238335622725,-0.04160350437988445,0.029576760756354965
fives,stare,baseline,0,last,total_length,pvbm,10,1619.9845502953606,0.9787854423243868,0.9393939393939393,-0.06531993148771713,0.3734521385576227,0.30559986705320547,runs/pivot/fives/seed0/baseline/pred_stare/bio.csv,results/pivot/e2_gt_stare.csv,results/gateA_biomarker_scales_train.csv,,,,,,
fives,stare,baseline,1,last,total_length,pvbm,10,1619.9845502953606,0.9854171855966414,0.9636363636363635,-0.05755267055292605,0.31650132061372144,0.24736586614585007,runs/pivot/fives/seed1/baseline/pred_stare/bio.csv,results/pivot/e2_gt_stare.csv,results/gateA_biomarker_scales_train.csv,,,,,,
fives,stare,baseline,2,last,total_length,pvbm,10,1619.9845502953606,0.9827399722430428,0.9636363636363635,-0.15067426744465423,0.3587627493134193,0.3057824841923079,runs/pivot/fives/seed2/baseline/pred_stare/bio.csv,results/pivot/e2_gt_stare.csv,results/gateA_biomarker_scales_train.csv,,,,,,
fives,stare,cfloss,0,last,total_length,pvbm,10,1619.9845502953606,0.9762977129711152,0.9757575757575757,-0.05459814144945796,0.3804586809960612,0.28899721109382126,runs/pivot/fives/seed0/cfloss/pred_stare/bio.csv,results/pivot/e2_gt_stare.csv,results/gateA_biomarker_scales_train.csv,-0.0024877293532715727,-0.011129720378707134,0.00948862713510348,-0.00039131857106688983,-0.01064640693014344,0.011206222641609077
fives,stare,cfloss,1,last,total_length,pvbm,10,1619.9845502953606,0.9846194408962123,0.9393939393939393,-0.06042911648803988,0.31847977043311665,0.24895296017794818,runs/pivot/fives/seed1/cfloss/pred_stare/bio.csv,results/pivot/e2_gt_stare.csv,results/gateA_biomarker_scales_train.csv,-0.0007977447004290372,-0.005745038052750848,0.0009631892660659417,0.006362318540221623,-0.0043589148202476885,0.02238404312891398
fives,stare,cfloss,2,last,total_length,pvbm,10,1619.9845502953606,0.9804768642618662,0.9636363636363635,-0.11106456008773076,0.3702961129970963,0.29966072378063213,runs/pivot/fives/seed2/cfloss/pred_stare/bio.csv,results/pivot/e2_gt_stare.csv,results/gateA_biomarker_scales_train.csv,-0.002263107981176571,-0.007415258194305332,0.0036822652685933473,-0.0005510927801040122,-0.0032886816292033577,0.0007861017765616062
fives,stare,continued,0,last,total_length,pvbm,10,1619.9845502953606,0.9766890315421821,0.9393939393939393,-0.009989450858865689,0.3840368172199763,0.30021296214174525,runs/pivot/fives/seed0/continued/pred_stare/bio.csv,results/pivot/e2_gt_stare.csv,results/gateA_biomarker_scales_train.csv,-0.002096410782204683,-0.00815814697909134,0.0052991503861693325,,,
fives,stare,continued,1,last,total_length,pvbm,10,1619.9845502953606,0.9782571223559907,0.9636363636363635,-0.01946500575159279,0.37032559204954096,0.27228589249901985,runs/pivot/fives/seed1/continued/pred_stare/bio.csv,results/pivot/e2_gt_stare.csv,results/gateA_biomarker_scales_train.csv,-0.00716006324065066,-0.021506752801463806,0.00017784905823006156,,,
fives,stare,continued,2,last,total_length,pvbm,10,1619.9845502953606,0.9810279570419702,0.9636363636363635,-0.08944581402952444,0.36250727616071804,0.29091306763213276,runs/pivot/fives/seed2/continued/pred_stare/bio.csv,results/pivot/e2_gt_stare.csv,results/gateA_biomarker_scales_train.csv,-0.0017120152010725587,-0.006747694917658573,0.005580409927099407,,,
fives,stare,reliseg,0,last,total_length,pvbm,10,1619.9845502953606,0.978405378301007,0.9393939393939393,0.0283079054249602,0.36752939514119903,0.27298534067830166,runs/pivot/fives/seed0/reliseg/pred_stare/bio.csv,results/pivot/e2_gt_stare.csv,results/gateA_biomarker_scales_train.csv,-0.00038006402337975587,-0.006273984993395451,0.009584818356804237,0.001716346758824927,-0.0018054889603560606,0.007728064280124065
fives,stare,reliseg,1,last,total_length,pvbm,10,1619.9845502953606,0.987757768132966,0.9393939393939393,0.031202522676286377,0.293288116330781,0.22217122597324734,runs/pivot/fives/seed1/reliseg/pred_stare/bio.csv,results/pivot/e2_gt_stare.csv,results/gateA_biomarker_scales_train.csv,0.0023405825363246313,-0.0032229753478819705,0.006620721911169424,0.009500645776975292,-0.0010729615158022814,0.027339980252612726
fives,stare,reliseg,2,last,total_length,pvbm,10,1619.9845502953606,0.9728865977289326,0.9636363636363635,-0.045086609186163217,0.4147596038344271,0.31075439308258723,runs/pivot/fives/seed2/reliseg/pred_stare/bio.csv,results/pivot/e2_gt_stare.csv,results/gateA_biomarker_scales_train.csv,-0.00985337451411017,-0.03408588421438287,0.006650463247239207,-0.00814135931303761,-0.02725394944230026,0.002315350623379041
fives,stare,reliseg_nocl,0,last,total_length,pvbm,10,1619.9845502953606,0.9805102959476082,0.9636363636363635,0.009404922881787892,0.34600448833586056,0.26882561777602976,runs/pivot/fives/seed0/reliseg_nocl/pred_stare/bio.csv,results/pivot/e2_gt_stare.csv,results/gateA_biomarker_scales_train.csv,0.0017248536232213896,-0.0016985319618075313,0.00671446073185413,0.0038212644054260725,-0.0013419649753789397,0.010344560884372278
fives,stare,reliseg_nocl,1,last,total_length,pvbm,10,1619.9845502953606,0.9851411566197534,0.9393939393939393,-0.010233356071665489,0.3104755434258502,0.24107057425317713,runs/pivot/fives/seed1/reliseg_nocl/pred_stare/bio.csv,results/pivot/e2_gt_stare.csv,results/gateA_biomarker_scales_train.csv,-0.00027602897688794314,-0.007608487714861706,0.0019122174182386034,0.006884034263762717,-0.0040257035303076175,0.020413991942921025
fives,stare,reliseg_nocl,2,last,total_length,pvbm,10,1619.9845502953606,0.9740440807641116,0.9757575757575757,-0.014714755584593443,0.4076416518747665,0.2868519863956809,runs/pivot/fives/seed2/reliseg_nocl/pred_stare/bio.csv,results/pivot/e2_gt_stare.csv,results/gateA_biomarker_scales_train.csv,-0.008695891478931128,-0.025030236965356886,0.008742117267068373,-0.0069838762778585695,-0.018920532889022613,0.0037733795225574187
fives,stare,baseline,0,last,total_length,skan,10,1677.5334985508516,0.959685209752107,0.9030303030303028,0.06684257374250345,0.46722564665873767,0.37951571451131577,runs/pivot/fives/seed0/baseline/pred_stare/bio.csv,results/pivot/e2_gt_stare.csv,results/gateA_biomarker_scales_train.csv,,,,,,
fives,stare,baseline,1,last,total_length,skan,10,1677.5334985508516,0.9665164376179872,0.8787878787878788,0.06770327787702513,0.4288085969156616,0.3525107548885099,runs/pivot/fives/seed1/baseline/pred_stare/bio.csv,results/pivot/e2_gt_stare.csv,results/gateA_biomarker_scales_train.csv,,,,,,
fives,stare,baseline,2,last,total_length,skan,10,1677.5334985508516,0.9672103302007141,0.9030303030303028,-0.08396157510341322,0.45217010962595877,0.39271185185226526,runs/pivot/fives/seed2/baseline/pred_stare/bio.csv,results/pivot/e2_gt_stare.csv,results/gateA_biomarker_scales_train.csv,,,,,,
fives,stare,cfloss,0,last,total_length,skan,10,1677.5334985508516,0.9592426567063064,0.9030303030303028,0.06609861061144565,0.45612479627206637,0.36717120626158045,runs/pivot/fives/seed0/cfloss/pred_stare/bio.csv,results/pivot/e2_gt_stare.csv,results/gateA_biomarker_scales_train.csv,-0.00044255304580065324,-0.011786542662036631,0.004698612992717828,-0.0019113023451751143,-0.017726125043237843,0.00517957578609144
fives,stare,cfloss,1,last,total_length,skan,10,1677.5334985508516,0.9658532247540897,0.8787878787878788,0.058622201686998554,0.43225281375946173,0.35244267066696,runs/pivot/fives/seed1/cfloss/pred_stare/bio.csv,results/pivot/e2_gt_stare.csv,results/gateA_biomarker_scales_train.csv,-0.0006632128638974777,-0.0031007940232462144,0.0017434245552137015,-0.0033349585553530403,-0.009425009201414213,0.00100839908724111
fives,stare,cfloss,2,last,total_length,skan,10,1677.5334985508516,0.9702982745540911,0.8787878787878788,-0.05590351645273369,0.42568199488358394,0.35961049418827773,runs/pivot/fives/seed2/cfloss/pred_stare/bio.csv,results/pivot/e2_gt_stare.csv,results/gateA_biomarker_scales_train.csv,0.0030879443533770035,-0.0006231949007955955,0.013477149885756805,-0.0022529002439561907,-0.0049914957740652775,0.0009260806225033152
fives,stare,continued,0,last,total_length,skan,10,1677.5334985508516,0.9611539590514815,0.9030303030303028,0.10418510967917913,0.45325346533186056,0.3744775551696493,runs/pivot/fives/seed0/continued/pred_stare/bio.csv,results/pivot/e2_gt_stare.csv,results/gateA_biomarker_scales_train.csv,0.001468749299374461,-0.0014142508805502023,0.006612559871107686,,,
fives,stare,continued,1,last,total_length,skan,10,1677.5334985508516,0.9691881833094428,0.8787878787878788,0.05635346162690837,0.4158797619720792,0.3428928756694135,runs/pivot/fives/seed1/continued/pred_stare/bio.csv,results/pivot/e2_gt_stare.csv,results/gateA_biomarker_scales_train.csv,0.0026717456914555626,-0.0010359317154862518,0.009412152272190007,,,
fives,stare,continued,2,last,total_length,skan,10,1677.5334985508516,0.9725511747980473,0.8787878787878788,-0.02493194767774478,0.40893502224021533,0.3426113390305593,runs/pivot/fives/seed2/continued/pred_stare/bio.csv,results/pivot/e2_gt_stare.csv,results/gateA_biomarker_scales_train.csv,0.005340844597333194,0.00024341180289943478,0.015850969266631515,,,
fives,stare,reliseg,0,last,total_length,skan,10,1677.5334985508516,0.9680850674403131,0.9030303030303028,0.13007627935525093,0.4137803020027098,0.36092708308099364,runs/pivot/fives/seed0/reliseg/pred_stare/bio.csv,results/pivot/e2_gt_stare.csv,results/gateA_biomarker_scales_train.csv,0.008399857688206058,-0.0009908326542096585,0.019257344197475906,0.006931108388831597,-7.740495365470275e-05,0.01629165818041856
fives,stare,reliseg,1,last,total_length,skan,10,1677.5334985508516,0.9725850742878486,0.8909090909090909,0.16514087547918327,0.40083589155416144,0.3447864514797934,runs/pivot/fives/seed1/reliseg/pred_stare/bio.csv,results/pivot/e2_gt_stare.csv,results/gateA_biomarker_scales_train.csv,0.006068636669861349,0.0006591269367482444,0.016151142430128083,0.0033968909784057866,-0.0006528575478266962,0.009754398200283428
fives,stare,reliseg,2,last,total_length,skan,10,1677.5334985508516,0.9679852756939827,0.9030303030303028,0.03354338043852832,0.4357681293192995,0.3535089564754547,runs/pivot/fives/seed2/reliseg/pred_stare/bio.csv,results/pivot/e2_gt_stare.csv,results/gateA_biomarker_scales_train.csv,0.0007749454932686195,-0.009073290667542562,0.017531364356041003,-0.004565899104064575,-0.013858229291305096,0.0027601644121134717
fives,stare,reliseg_nocl,0,last,total_length,skan,10,1677.5334985508516,0.9611677207693985,0.9030303030303028,0.14892265882878516,0.4477363914720663,0.3781268566066916,runs/pivot/fives/seed0/reliseg_nocl/pred_stare/bio.csv,results/pivot/e2_gt_stare.csv,results/gateA_biomarker_scales_train.csv,0.0014825110172914657,-0.005959473186901062,0.004979915561094376,1.3761717917004646e-05,-0.008720045977729768,0.004352287382375317
fives,stare,reliseg_nocl,1,last,total_length,skan,10,1677.5334985508516,0.9679892703814811,0.8909090909090909,0.12909151396761973,0.41497978603315905,0.346647838854257,runs/pivot/fives/seed1/reliseg_nocl/pred_stare/bio.csv,results/pivot/e2_gt_stare.csv,results/gateA_biomarker_scales_train.csv,0.0014728327634938587,-0.002187124384093117,0.0037655769422599173,-0.001198912927961704,-0.008818671424833202,0.002533202983610693
fives,stare,reliseg_nocl,2,last,total_length,skan,10,1677.5334985508516,0.9653084903287971,0.8787878787878788,0.05846176720761378,0.4444485200950831,0.36371828674585754,runs/pivot/fives/seed2/reliseg_nocl/pred_stare/bio.csv,results/pivot/e2_gt_stare.csv,results/gateA_biomarker_scales_train.csv,-0.0019018398719170548,-0.01140130219348831,0.015341330608159365,-0.007242684469250249,-0.016126457369904798,0.002621527797174648
hrf,stare,baseline,0,last,FD,pvbm,10,0.0344270271916146,0.898311342541551,0.7818181818181817,0.7505193226431653,0.7238869915166785,0.8231482280798819,runs/pivot/hrf/seed0/baseline/pred_stare/bio.csv,results/pivot/e2_gt_stare.csv,results/gateA_biomarker_scales_train.csv,,,,,,
hrf,stare,baseline,1,last,FD,pvbm,10,0.0344270271916146,0.9255214371974549,0.7939393939393938,0.4861989286335201,0.6540523154869089,0.6600554915650174,runs/pivot/hrf/seed1/baseline/pred_stare/bio.csv,results/pivot/e2_gt_stare.csv,results/gateA_biomarker_scales_train.csv,,,,,,
hrf,stare,baseline,2,last,FD,pvbm,10,0.0344270271916146,0.9066138556588603,0.8060606060606059,0.5015857840254915,0.6944431573949511,0.6850226524017058,runs/pivot/hrf/seed2/baseline/pred_stare/bio.csv,results/pivot/e2_gt_stare.csv,results/gateA_biomarker_scales_train.csv,,,,,,
hrf,stare,cfloss,0,last,FD,pvbm,10,0.0344270271916146,0.891534140106928,0.7818181818181817,0.3513377211918464,0.7687951804700268,0.6723941490341503,runs/pivot/hrf/seed0/cfloss/pred_stare/bio.csv,results/pivot/e2_gt_stare.csv,results/gateA_biomarker_scales_train.csv,-0.0067772024346229864,-0.07822412093519626,0.04391102326555623,-0.02688343486142364,-0.08403851864880181,0.001904856367741608
hrf,stare,cfloss,1,last,FD,pvbm,10,0.0344270271916146,0.9523249342541276,0.8545454545454544,0.2900633207379837,0.5340810976951064,0.45965435123310616,runs/pivot/hrf/seed1/cfloss/pred_stare/bio.csv,results/pivot/e2_gt_stare.csv,results/gateA_biomarker_scales_train.csv,0.02680349705667262,-0.08220685590256482,0.08970109164513612,0.0356294630006867,-0.07902320867913253,0.09763079581038635
hrf,stare,cfloss,2,last,FD,pvbm,10,0.0344270271916146,0.866664098436325,0.8181818181818182,0.28967944323075134,0.818862116794253,0.6449997424064167,runs/pivot/hrf/seed2/cfloss/pred_stare/bio.csv,results/pivot/e2_gt_stare.csv,results/gateA_biomarker_scales_train.csv,-0.039949757222535354,-0.1585586257852318,0.03703958800266178,-0.020659505065360295,-0.07925378517487269,0.0038092230088642948
hrf,stare,continued,0,last,FD,pvbm,10,0.0344270271916146,0.9184175749683516,0.8666666666666665,0.7378692507948671,0.6519574475184049,0.7938037866010269,runs/pivot/hrf/seed0/continued/pred_stare/bio.csv,results/pivot/e2_gt_stare.csv,results/gateA_biomarker_scales_train.csv,0.020106232426800652,-0.004002617845774275,0.05086026652398024,,,
hrf,stare,continued,1,last,FD,pvbm,10,0.0344270271916146,0.9166954712534409,0.8181818181818182,0.8429508628397715,0.6549308396672009,0.8681318271115845,runs/pivot/hrf/seed1/continued/pred_stare/bio.csv,results/pivot/e2_gt_stare.csv,results/gateA_biomarker_scales_train.csv,-0.00882596594401408,-0.04093474596536609,0.03249429714047773,,,
hrf,stare,continued,2,last,FD,pvbm,10,0.0344270271916146,0.8873236035016853,0.8181818181818182,0.6763564051195556,0.7570094498437112,0.7908427691871605,runs/pivot/hrf/seed2/continued/pred_stare/bio.csv,results/pivot/e2_gt_stare.csv,results/gateA_biomarker_scales_train.csv,-0.01929025215717506,-0.11437900753402377,0.07761626925451728,,,
hrf,stare,reliseg,0,last,FD,pvbm,10,0.0344270271916146,0.8734582238506025,0.7575757575757575,1.3538924971146808,0.8094938528909625,1.3538924971146808,runs/pivot/hrf/seed0/reliseg/pred_stare/bio.csv,results/pivot/e2_gt_stare.csv,results/gateA_biomarker_scales_train.csv,-0.024853118690948528,-0.08281410019333087,0.030750854268333332,-0.04495935111774918,-0.08982741388339359,0.008210100342221598
hrf,stare,reliseg,1,last,FD,pvbm,10,0.0344270271916146,0.902755824378402,0.8303030303030302,1.4150323014780806,0.7154800720129671,1.4150323014780806,runs/pivot/hrf/seed1/reliseg/pred_stare/bio.csv,results/pivot/e2_gt_stare.csv,results/gateA_biomarker_scales_train.csv,-0.022765612819052983,-0.06556609130997294,0.04191424798550035,-0.013939646875038902,-0.029954444529513215,0.019042239357218903
hrf,stare,reliseg,2,last,FD,pvbm,10,0.0344270271916146,0.9109787023712062,0.8666666666666665,1.326404110360715,0.7570693809797381,1.326404110360715,runs/pivot/hrf/seed2/reliseg/pred_stare/bio.csv,results/pivot/e2_gt_stare.csv,results/gateA_biomarker_scales_train.csv,0.004364846712345827,-0.05996055731666173,0.1150782640338044,0.023655098869520885,-0.01669372539072585,0.10025656875871078
hrf,stare,reliseg_nocl,0,last,FD,pvbm,10,0.0344270271916146,0.8553754901486663,0.7939393939393938,1.441938542098533,0.8548805693894246,1.441938542098533,runs/pivot/hrf/seed0/reliseg_nocl/pred_stare/bio.csv,results/pivot/e2_gt_stare.csv,results/gateA_biomarker_scales_train.csv,-0.042935852392884666,-0.16271056346501947,0.04467370710611034,-0.06304208481968532,-0.1646267282535687,0.0067321505695241155
hrf,stare,reliseg_nocl,1,last,FD,pvbm,10,0.0344270271916146,0.9650448144233492,0.8909090909090909,1.2190273658649535,0.42955989518048615,1.2190273658649535,runs/pivot/hrf/seed1/reliseg_nocl/pred_stare/bio.csv,results/pivot/e2_gt_stare.csv,results/gateA_biomarker_scales_train.csv,0.039523377225894274,0.0057952502456044275,0.1008307107952489,0.048349343169908354,0.005927071292611774,0.09098882099754597
hrf,stare,reliseg_nocl,2,last,FD,pvbm,10,0.0344270271916146,0.9372697354345709,0.8666666666666665,1.1052220860869153,0.6420367575745828,1.1052220860869153,runs/pivot/hrf/seed2/reliseg_nocl/pred_stare/bio.csv,results/pivot/e2_gt_stare.csv,results/gateA_biomarker_scales_train.csv,0.030655879775710604,-0.007466777406354172,0.10052343192105154,0.04994613193288566,-0.00883463127141183,0.1573547816820236
hrf,stare,baseline,0,last,FD,skan,10,0.0437821510814291,0.9297863931629828,0.8303030303030302,0.6259428781693799,0.6198633379263321,0.7569537119891712,runs/pivot/hrf/seed0/baseline/pred_stare/bio.csv,results/pivot/e2_gt_stare.csv,results/gateA_biomarker_scales_train.csv,,,,,,
hrf,stare,baseline,1,last,FD,skan,10,0.0437821510814291,0.9292780316373516,0.8424242424242423,0.4828246561996263,0.6695397913466274,0.7020741056453222,runs/pivot/hrf/seed1/baseline/pred_stare/bio.csv,results/pivot/e2_gt_stare.csv,results/gateA_biomarker_scales_train.csv,,,,,,
hrf,stare,baseline,2,last,FD,skan,10,0.0437821510814291,0.9272593434189349,0.8424242424242423,0.40747512044530093,0.6735558829230427,0.648090665773934,runs/pivot/hrf/seed2/baseline/pred_stare/bio.csv,results/pivot/e2_gt_stare.csv,results/gateA_biomarker_scales_train.csv,,,,,,
hrf,stare,cfloss,0,last,FD,skan,10,0.0437821510814291,0.9360736751007634,0.8424242424242423,0.2906712741443958,0.6163261230865177,0.48078777177252563,runs/pivot/hrf/seed0/cfloss/pred_stare/bio.csv,results/pivot/e2_gt_stare.csv,results/gateA_biomarker_scales_train.csv,0.006287281937780609,-0.05861897259831395,0.041417194451285846,-0.010341670776987666,-0.07489596512624246,0.020522579262062926
hrf,stare,cfloss,1,last,FD,skan,10,0.0437821510814291,0.9196551229282486,0.8424242424242423,0.2930943987211125,0.7406139773123935,0.5822191679306463,runs/pivot/hrf/seed1/cfloss/pred_stare/bio.csv,results/pivot/e2_gt_stare.csv,results/gateA_biomarker_scales_train.csv,-0.009622908709102984,-0.08782139705153526,0.024599503283243777,0.014325130494822536,-0.09982436005944038,0.076714697096605
hrf,stare,cfloss,2,last,FD,skan,10,0.0437821510814291,0.9213608420178616,0.8424242424242423,0.1862871665424434,0.6641822231229036,0.5616908028023502,runs/pivot/hrf/seed2/cfloss/pred_stare/bio.csv,results/pivot/e2_gt_stare.csv,results/gateA_biomarker_scales_train.csv,-0.005898501401073286,-0.04194562977935689,0.021312820756091994,-0.0041645048157359366,-0.07062955648881933,0.03259310207734032
hrf,stare,continued,0,last,FD,skan,10,0.0437821510814291,0.9464153458777511,0.8545454545454544,0.5818299019434774,0.6189181746140298,0.7445634878291207,runs/pivot/hrf/seed0/continued/pred_stare/bio.csv,results/pivot/e2_gt_stare.csv,results/gateA_biomarker_scales_train.csv,0.016628952714768275,-0.007456509385857515,0.05630231881149855,,,
hrf,stare,continued,1,last,FD,skan,10,0.0437821510814291,0.905329992433426,0.8424242424242423,0.8742411872754536,0.6971965878475704,1.0250050222119518,runs/pivot/hrf/seed1/continued/pred_stare/bio.csv,results/pivot/e2_gt_stare.csv,results/gateA_biomarker_scales_train.csv,-0.02394803920392552,-0.05442872484670544,0.016188628053296367,,,
hrf,stare,continued,2,last,FD,skan,10,0.0437821510814291,0.9255253468335976,0.8424242424242423,0.6322354641113247,0.6479439506661353,0.7594853950534193,runs/pivot/hrf/seed2/continued/pred_stare/bio.csv,results/pivot/e2_gt_stare.csv,results/gateA_biomarker_scales_train.csv,-0.0017339965853373496,-0.048633178234008555,0.06366611160309367,,,
hrf,stare,reliseg,0,last,FD,skan,10,0.0437821510814291,0.9091162693427078,0.8424242424242423,1.3929956348304624,0.6589768625186007,1.3929956348304624,runs/pivot/hrf/seed0/reliseg/pred_stare/bio.csv,results/pivot/e2_gt_stare.csv,results/gateA_biomarker_scales_train.csv,-0.020670123820275,-0.08037817890300163,0.04083412551400577,-0.037299076535043274,-0.082655916472552,-0.0011521739217096206
hrf,stare,reliseg,1,last,FD,skan,10,0.0437821510814291,0.8603021619810357,0.8666666666666665,1.5869109581199137,0.8162825753797489,1.6335688580830046,runs/pivot/hrf/seed1/reliseg/pred_stare/bio.csv,results/pivot/e2_gt_stare.csv,results/gateA_biomarker_scales_train.csv,-0.06897586965631586,-0.12876844424148043,0.026423402051354277,-0.04502783045239034,-0.07650838238694235,0.012027471976119109
hrf,stare,reliseg,2,last,FD,skan,10,0.0437821510814291,0.866125775329041,0.8181818181818182,1.510726670056807,0.7677916928402099,1.510726670056807,runs/pivot/hrf/seed2/reliseg/pred_stare/bio.csv,results/pivot/e2_gt_stare.csv,results/gateA_biomarker_scales_train.csv,-0.0611335680898939,-0.22912291884223185,0.06871716171090765,-0.05939957150455655,-0.18910912202127406,0.013831031778661077
hrf,stare,reliseg_nocl,0,last,FD,skan,10,0.0437821510814291,0.9088501420989503,0.8545454545454544,1.3999828232938167,0.6757471425211833,1.3999828232938167,runs/pivot/hrf/seed0/reliseg_nocl/pred_stare/bio.csv,results/pivot/e2_gt_stare.csv,results/gateA_biomarker_scales_train.csv,-0.02093625106403252,-0.07999978718324292,0.03469786479179749,-0.03756520377880079,-0.08154906040091525,-0.0022427714395724723
hrf,stare,reliseg_nocl,1,last,FD,skan,10,0.0437821510814291,0.9208463610003266,0.8666666666666665,1.3339721970616694,0.678254185601527,1.415453944156361,runs/pivot/hrf/seed1/reliseg_nocl/pred_stare/bio.csv,results/pivot/e2_gt_stare.csv,results/gateA_biomarker_scales_train.csv,-0.00843167063702499,-0.02787387573957015,0.048346282905152936,0.015516368566900529,-0.0005256443159777495,0.03888882041680854
hrf,stare,reliseg_nocl,2,last,FD,skan,10,0.0437821510814291,0.9146639446367946,0.8424242424242423,1.140575645200192,0.6446406153685196,1.140575645200192,runs/pivot/hrf/seed2/reliseg_nocl/pred_stare/bio.csv,results/pivot/e2_gt_stare.csv,results/gateA_biomarker_scales_train.csv,-0.012595398782140332,-0.0909001142341078,0.07280885144984352,-0.010861402196802983,-0.0455247676357429,0.015565890622984635
hrf,stare,baseline,0,last,tortuosity,pvbm,10,0.0073680137879709,0.41621402341354824,0.3939393939393939,0.5572943118472228,1.4887128443783375,1.1595881493856481,runs/pivot/hrf/seed0/baseline/pred_stare/bio.csv,results/pivot/e2_gt_stare.csv,results/gateA_biomarker_scales_train.csv,,,,,,
hrf,stare,baseline,1,last,tortuosity,pvbm,10,0.0073680137879709,0.2678515714263728,0.05454545454545454,0.25220849907887205,1.6507088359800297,1.2597870917656695,runs/pivot/hrf/seed1/baseline/pred_stare/bio.csv,results/pivot/e2_gt_stare.csv,results/gateA_biomarker_scales_train.csv,,,,,,
hrf,stare,baseline,2,last,tortuosity,pvbm,10,0.0073680137879709,0.4465752886645395,0.2606060606060606,0.19275297004168893,1.1417355194081213,0.6640786848416866,runs/pivot/hrf/seed2/baseline/pred_stare/bio.csv,results/pivot/e2_gt_stare.csv,results/gateA_biomarker_scales_train.csv,,,,,,
hrf,stare,cfloss,0,last,tortuosity,pvbm,10,0.0073680137879709,0.6414337367055852,0.6121212121212121,0.2534198172950014,0.9168055885629204,0.7336313146918045,runs/pivot/hrf/seed0/cfloss/pred_stare/bio.csv,results/pivot/e2_gt_stare.csv,results/gateA_biomarker_scales_train.csv,0.225219713292037,-0.23753054167068519,0.4747083111671212,0.254528473265744,-0.19184052767798712,1.0017662442739594
hrf,stare,cfloss,1,last,tortuosity,pvbm,10,0.0073680137879709,0.16870595525457294,0.09090909090909088,-0.18191889688690233,1.3309492420925655,0.9278602610282496,runs/pivot/hrf/seed1/cfloss/pred_stare/bio.csv,results/pivot/e2_gt_stare.csv,results/gateA_biomarker_scales_train.csv,-0.09914561617179984,-0.537509286390747,0.5195755861256574,-0.23410499269582785,-0.5588570030351354,0.3044337426509291
hrf,stare,cfloss,2,last,tortuosity,pvbm,10,0.0073680137879709,-0.013593128265873522,0.01818181818181818,0.43876027682849505,1.787738227548825,1.092360362906232,runs/pivot/hrf/seed2/cfloss/pred_stare/bio.csv,results/pivot/e2_gt_stare.csv,results/gateA_biomarker_scales_train.csv,-0.460168416930413,-0.6883642441566491,0.15811343408081532,-0.08937796823306066,-0.5027735618553753,0.09412205164901287
hrf,stare,continued,0,last,tortuosity,pvbm,10,0.0073680137879709,0.3869052634398412,0.34545454545454546,0.20196746421551923,1.070307134711118,0.754935407011836,runs/pivot/hrf/seed0/continued/pred_stare/bio.csv,results/pivot/e2_gt_stare.csv,results/gateA_biomarker_scales_train.csv,-0.02930875997370702,-0.7597094597011813,0.3903126804645168,,,
hrf,stare,continued,1,last,tortuosity,pvbm,10,0.0073680137879709,0.4028109479504008,0.2727272727272727,0.4982171044412624,1.1447754603339666,0.9049371490956947,runs/pivot/hrf/seed1/continued/pred_stare/bio.csv,results/pivot/e2_gt_stare.csv,results/gateA_biomarker_scales_train.csv,0.134959376524028,-0.14470847200305564,0.33309100472031367,,,
hrf,stare,continued,2,last,tortuosity,pvbm,10,0.0073680137879709,0.07578483996718713,0.309090909090909,0.5455840844469709,1.6613560851662583,0.8788239893771899,runs/pivot/hrf/seed2/continued/pred_stare/bio.csv,results/pivot/e2_gt_stare.csv,results/gateA_biomarker_scales_train.csv,-0.37079044869735234,-0.6731830786064346,0.6290102767065506,,,
hrf,stare,reliseg,0,last,tortuosity,pvbm,10,0.0073680137879709,0.06061253857136091,0.2606060606060606,0.9429710076349724,2.05279997334994,1.4358893083527586,runs/pivot/hrf/seed0/reliseg/pred_stare/bio.csv,results/pivot/e2_gt_stare.csv,results/gateA_biomarker_scales_train.csv,-0.35560148484218734,-0.9803768942609866,0.27364385115951845,-0.3262927248684803,-0.4893584470306664,0.102455286833986
hrf,stare,reliseg,1,last,tortuosity,pvbm,10,0.0073680137879709,0.3947696465870264,0.28484848484848485,0.37935406108289904,1.4997901485726939,1.1659268069460693,runs/pivot/hrf/seed1/reliseg/pred_stare/bio.csv,results/pivot/e2_gt_stare.csv,results/gateA_biomarker_scales_train.csv,0.12691807516065362,-0.16497191951325785,0.333516149916451,-0.008041301363374387,-0.14734824772246624,0.15209552098361337
hrf,stare,reliseg,2,last,tortuosity,pvbm,10,0.0073680137879709,0.30793039930094107,0.24848484848484845,1.2499078139568272,1.8648482465667535,1.644644027380225,runs/pivot/hrf/seed2/reliseg/pred_stare/bio.csv,results/pivot/e2_gt_stare.csv,results/gateA_biomarker_scales_train.csv,-0.13864488936359842,-0.3196372254107521,0.23136335453992748,0.23214555933375394,-0.4846069493823388,0.5017663258180151
hrf,stare,reliseg_nocl,0,last,tortuosity,pvbm,10,0.0073680137879709,0.03892653233509334,0.28484848484848485,0.6880568845008144,1.8758716340614392,1.3235089642361877,runs/pivot/hrf/seed0/reliseg_nocl/pred_stare/bio.csv,results/pivot/e2_gt_stare.csv,results/gateA_biomarker_scales_train.csv,-0.3772874910784549,-1.0095019213747298,0.25027690182461315,-0.34797873110474786,-0.4376697719897846,-0.011647473658189154
hrf,stare,reliseg_nocl,1,last,tortuosity,pvbm,10,0.0073680137879709,-0.13422734018720275,0.006060606060606061,0.8256920787586317,1.8561163380749437,1.3823086026449878,runs/pivot/hrf/seed1/reliseg_nocl/pred_stare/bio.csv,results/pivot/e2_gt_stare.csv,results/gateA_biomarker_scales_train.csv,-0.40207891161357556,-0.6868928001306381,0.30192049551677996,-0.5370382881376036,-0.7969449179303971,0.04556467456843335
hrf,stare,reliseg_nocl,2,last,tortuosity,pvbm,10,0.0073680137879709,-0.33030486634108797,-0.006060606060606061,0.7364670833317823,2.29797605977689,1.5084383814380968,runs/pivot/hrf/seed2/reliseg_nocl/pred_stare/bio.csv,results/pivot/e2_gt_stare.csv,results/gateA_biomarker_scales_train.csv,-0.7768801550056275,-0.9678060434477092,0.12470962555246294,-0.4060897063082751,-0.8381459425644004,0.021834499854609737
hrf,stare,baseline,0,last,tortuosity,skan,10,0.0167325568082854,0.861870549418025,0.8181818181818182,-0.4181669665226634,0.554184048323146,0.5135026839435676,runs/pivot/hrf/seed0/baseline/pred_stare/bio.csv,results/pivot/e2_gt_stare.csv,results/gateA_biomarker_scales_train.csv,,,,,,
hrf,stare,baseline,1,last,tortuosity,skan,10,0.0167325568082854,0.7814032344707721,0.7939393939393938,-0.4826742087986896,0.6212051042749289,0.619697705787851,runs/pivot/hrf/seed1/baseline/pred_stare/bio.csv,results/pivot/e2_gt_stare.csv,results/gateA_biomarker_scales_train.csv,,,,,,
hrf,stare,baseline,2,last,tortuosity,skan,10,0.0167325568082854,0.8927650356247882,0.8666666666666665,-0.43577132355577664,0.5151198220901951,0.503816783706238,runs/pivot/hrf/seed2/baseline/pred_stare/bio.csv,results/pivot/e2_gt_stare.csv,results/gateA_biomarker_scales_train.csv,,,,,,
hrf,stare,cfloss,0,last,tortuosity,skan,10,0.0167325568082854,0.8706958609820495,0.9515151515151514,-0.4173548169501059,0.5137401271957419,0.4745288121424573,runs/pivot/hrf/seed0/cfloss/pred_stare/bio.csv,results/pivot/e2_gt_stare.csv,results/gateA_biomarker_scales_train.csv,0.008825311564024552,-0.13079420442785702,0.433623037083801,0.04435743348808785,0.003722013064766694,0.0890093415921059
hrf,stare,cfloss,1,last,tortuosity,skan,10,0.0167325568082854,0.5711817286859854,0.6848484848484848,-0.5035947421795286,0.7752965002957558,0.6795897263111647,runs/pivot/hrf/seed1/cfloss/pred_stare/bio.csv,results/pivot/e2_gt_stare.csv,results/gateA_biomarker_scales_train.csv,-0.2102215057847867,-0.45547291524574546,-0.0009503883853654945,-0.010755358728029685,-0.45452276831400984,0.5758624243087711
hrf,stare,cfloss,2,last,tortuosity,skan,10,0.0167325568082854,0.8874390076523293,0.9151515151515152,-0.4582074712577097,0.5063138381848594,0.5531489312341727,runs/pivot/hrf/seed2/cfloss/pred_stare/bio.csv,results/pivot/e2_gt_stare.csv,results/gateA_biomarker_scales_train.csv,-0.005326027972458847,-0.07518369334784938,0.23419308171690856,-0.058015710535084475,-0.10411888846387021,0.03897570377102466
hrf,stare,continued,0,last,tortuosity,skan,10,0.0167325568082854,0.8263384274939617,0.9272727272727272,-0.4442017162611037,0.5619104981958405,0.5042079112393185,runs/pivot/hrf/seed0/continued/pred_stare/bio.csv,results/pivot/e2_gt_stare.csv,results/gateA_biomarker_scales_train.csv,-0.0355321219240633,-0.2021007775216714,0.4003464365368589,,,
hrf,stare,continued,1,last,tortuosity,skan,10,0.0167325568082854,0.5819370874140151,0.6484848484848483,-0.3666887749775317,0.767266027277977,0.666988342924502,runs/pivot/hrf/seed1/continued/pred_stare/bio.csv,results/pivot/e2_gt_stare.csv,results/gateA_biomarker_scales_train.csv,-0.19946614705675703,-0.8461827182819982,0.16052814524768563,,,
hrf,stare,continued,2,last,tortuosity,skan,10,0.0167325568082854,0.9454547181874138,0.9636363636363635,-0.3822522469954409,0.42898461644679786,0.45040062110126716,runs/pivot/hrf/seed2/continued/pred_stare/bio.csv,results/pivot/e2_gt_stare.csv,results/gateA_biomarker_scales_train.csv,0.05268968256262563,0.00038320838758270086,0.21811713758835785,,,
hrf,stare,reliseg,0,last,tortuosity,skan,10,0.0167325568082854,0.6721543642032275,0.8666666666666665,-0.5358868349635391,0.6990507121582318,0.5902308891867973,runs/pivot/hrf/seed0/reliseg/pred_stare/bio.csv,results/pivot/e2_gt_stare.csv,results/gateA_biomarker_scales_train.csv,-0.1897161852147975,-0.5259398999464876,0.37274472929006847,-0.1541840632907342,-0.4104901409351624,0.04628276857877975
hrf,stare,reliseg,1,last,tortuosity,skan,10,0.0167325568082854,0.659070262476742,0.5878787878787878,-0.4121062446704847,0.718528037087188,0.6984568203322948,runs/pivot/hrf/seed1/reliseg/pred_stare/bio.csv,results/pivot/e2_gt_stare.csv,results/gateA_biomarker_scales_train.csv,-0.12233297199403004,-0.7618918035763823,0.18428902320890694,0.07713317506272699,-0.20526887623816137,0.2283714033620803
hrf,stare,reliseg,2,last,tortuosity,skan,10,0.0167325568082854,0.9339339186925274,0.9878787878787878,-0.5669850885765649,0.4717990124483652,0.5812928421903012,runs/pivot/hrf/seed2/reliseg/pred_stare/bio.csv,results/pivot/e2_gt_stare.csv,results/gateA_biomarker_scales_train.csv,0.04116888306773925,-0.03226663708310749,0.22281596081965235,-0.01152079949488638,-0.07002278994011826,0.04518082167829424
hrf,stare,reliseg_nocl,0,last,tortuosity,skan,10,0.0167325568082854,0.8497694412346877,0.8666666666666665,-0.607778901376365,0.5378381786846267,0.645220198661294,runs/pivot/hrf/seed0/reliseg_nocl/pred_stare/bio.csv,results/pivot/e2_gt_stare.csv,results/gateA_biomarker_scales_train.csv,-0.012101108183337317,-0.1268483397263616,0.334344966058945,0.02343101374072598,-0.08910481542689726,0.09644444242395285
hrf,stare,reliseg_nocl,1,last,tortuosity,skan,10,0.0167325568082854,0.6508806929420259,0.6484848484848483,-0.5348287612259317,0.7242411233186314,0.7062573803550022,runs/pivot/hrf/seed1/reliseg_nocl/pred_stare/bio.csv,results/pivot/e2_gt_stare.csv,results/gateA_biomarker_scales_train.csv,-0.1305225415287462,-0.3849383409283709,0.03193025427458777,0.06894360552801082,-0.25338472483755536,0.5350322612043363
hrf,stare,reliseg_nocl,2,last,tortuosity,skan,10,0.0167325568082854,0.8324857674959021,0.8181818181818182,-0.4714791495274149,0.6068190299436387,0.6068958711529499,runs/pivot/hrf/seed2/reliseg_nocl/pred_stare/bio.csv,results/pivot/e2_gt_stare.csv,results/gateA_biomarker_scales_train.csv,-0.060279268128886065,-0.1543582838262312,0.0621349372963085,-0.1129689506915117,-0.2653070379418884,-0.012843216573171577
hrf,stare,baseline,0,last,density,pvbm,10,0.0099029768684763,0.7081608622258555,0.7939393939393938,-1.5763810482844194,1.8615771736170925,1.8885065535719492,runs/pivot/hrf/seed0/baseline/pred_stare/bio.csv,results/pivot/e2_gt_stare.csv,results/gateA_biomarker_scales_train.csv,,,,,,
hrf,stare,baseline,1,last,density,pvbm,10,0.0099029768684763,0.7254851600375075,0.6727272727272726,-1.705333172752033,1.8812951821401172,2.0880126938471,runs/pivot/hrf/seed1/baseline/pred_stare/bio.csv,results/pivot/e2_gt_stare.csv,results/gateA_biomarker_scales_train.csv,,,,,,
hrf,stare,baseline,2,last,density,pvbm,10,0.0099029768684763,0.6705457838147891,0.6727272727272726,-1.775681756974604,1.919203404075767,2.04325336309783,runs/pivot/hrf/seed2/baseline/pred_stare/bio.csv,results/pivot/e2_gt_stare.csv,results/gateA_biomarker_scales_train.csv,,,,,,
hrf,stare,cfloss,0,last,density,pvbm,10,0.0099029768684763,0.7461542255239905,0.7454545454545454,-2.341933196111682,1.8279029830886298,2.616889083572723,runs/pivot/hrf/seed0/cfloss/pred_stare/bio.csv,results/pivot/e2_gt_stare.csv,results/gateA_biomarker_scales_train.csv,0.03799336329813496,-0.03550246394256956,0.14535949112561397,-0.035124548980821846,-0.059844391913427136,0.015109695561286466
hrf,stare,cfloss,1,last,density,pvbm,10,0.0099029768684763,0.686191326305805,0.6727272727272726,-2.3793318634830496,2.157098306734785,2.7716916189369343,runs/pivot/hrf/seed1/cfloss/pred_stare/bio.csv,results/pivot/e2_gt_stare.csv,results/gateA_biomarker_scales_train.csv,-0.03929383373170248,-0.08424707543728112,0.002741792966923235,0.005815980492388739,-0.04986078493712666,0.07446822490863317
hrf,stare,cfloss,2,last,density,pvbm,10,0.0099029768684763,0.6578167342705208,0.6727272727272726,-2.4391581605114987,2.0203063374885426,2.590132584838447,runs/pivot/hrf/seed2/cfloss/pred_stare/bio.csv,results/pivot/e2_gt_stare.csv,results/gateA_biomarker_scales_train.csv,-0.012729049544268345,-0.07163737798239475,0.06905622373959877,-0.026841347775465207,-0.05398838468521697,0.040035905501261654
hrf,stare,continued,0,last,density,pvbm,10,0.0099029768684763,0.7812787745048123,0.7575757575757575,-1.6669779359143078,1.71227028347924,2.0255809766810327,runs/pivot/hrf/seed0/continued/pred_stare/bio.csv,results/pivot/e2_gt_stare.csv,results/gateA_biomarker_scales_train.csv,0.07311791227895681,-0.0027358530937646947,0.16536661482339873,,,
hrf,stare,continued,1,last,density,pvbm,10,0.0099029768684763,0.6803753458134163,0.6727272727272726,-1.2355920998860752,2.0139273217434055,1.8836598032713177,runs/pivot/hrf/seed1/continued/pred_stare/bio.csv,results/pivot/e2_gt_stare.csv,results/gateA_biomarker_scales_train.csv,-0.045109814224091216,-0.11912470572641747,-0.0038741501902114605,,,
hrf,stare,continued,2,last,density,pvbm,10,0.0099029768684763,0.684658082045986,0.6242424242424242,-1.4692427047654981,1.9274236486297516,1.918697363960837,runs/pivot/hrf/seed2/continued/pred_stare/bio.csv,results/pivot/e2_gt_stare.csv,results/gateA_biomarker_scales_train.csv,0.014112298231196863,-0.05370980753775818,0.06419163238681651,,,
hrf,stare,reliseg,0,last,density,pvbm,10,0.0099029768684763,0.7513185416838009,0.7454545454545454,-1.546343886932375,1.7624121568012936,1.977672790958937,runs/pivot/hrf/seed0/reliseg/pred_stare/bio.csv,results/pivot/e2_gt_stare.csv,results/gateA_biomarker_scales_train.csv,0.04315767945794535,-0.06986229088771069,0.15968673741979053,-0.029960232821011457,-0.10292611535027436,0.020626358633586226
hrf,stare,reliseg,1,last,density,pvbm,10,0.0099029768684763,0.6767764700477212,0.6727272727272726,-1.2464212965723531,2.053490010195484,1.8914415385514558,runs/pivot/hrf/seed1/reliseg/pred_stare/bio.csv,results/pivot/e2_gt_stare.csv,results/gateA_biomarker_scales_train.csv,-0.04870868998978628,-0.11244355215891634,0.02291514597406716,-0.0035988757656950643,-0.026711677375953733,0.06325633084316919
hrf,stare,reliseg,2,last,density,pvbm,10,0.0099029768684763,0.6393923210470787,0.6242424242424242,-1.572608754547804,2.0195708721505437,1.9910670526690666,runs/pivot/hrf/seed2/reliseg/pred_stare/bio.csv,results/pivot/e2_gt_stare.csv,results/gateA_biomarker_scales_train.csv,-0.03115346276771047,-0.12451459972887996,0.02111966285204134,-0.045265760998907334,-0.11509540918666378,0.0002543572839240392
hrf,stare,reliseg_nocl,0,last,density,pvbm,10,0.0099029768684763,0.7491990294766342,0.7454545454545454,-1.6025846325602955,1.8205865466351683,2.0800187553599465,runs/pivot/hrf/seed0/reliseg_nocl/pred_stare/bio.csv,results/pivot/e2_gt_stare.csv,results/gateA_biomarker_scales_train.csv,0.04103816725077869,-0.0712049286354329,0.17172167825367332,-0.03207974502817812,-0.1001215928377485,0.035937809198695714
hrf,stare,reliseg_nocl,1,last,density,pvbm,10,0.0099029768684763,0.69501459530918,0.6727272727272726,-1.5582650699454608,2.0696341755681877,2.1087973727110576,runs/pivot/hrf/seed1/reliseg_nocl/pred_stare/bio.csv,results/pivot/e2_gt_stare.csv,results/gateA_biomarker_scales_train.csv,-0.030470564728327543,-0.08436768992317312,0.01092326550608271,0.014639249495763673,-0.026862407797847557,0.06917221643757061
hrf,stare,reliseg_nocl,2,last,density,pvbm,10,0.0099029768684763,0.6264297963981277,0.6242424242424242,-1.7872595542685474,2.0755469448040937,2.1500077629614394,runs/pivot/hrf/seed2/reliseg_nocl/pred_stare/bio.csv,results/pivot/e2_gt_stare.csv,results/gateA_biomarker_scales_train.csv,-0.04411598741666145,-0.14386378446990306,0.011587000841835813,-0.05822828564785831,-0.11948333914806393,-0.006547089365013539
hrf,stare,baseline,0,last,density,skan,10,0.0099029768684763,0.7081608622258555,0.7939393939393938,-1.5763810482844194,1.8615771736170925,1.8885065535719492,runs/pivot/hrf/seed0/baseline/pred_stare/bio.csv,results/pivot/e2_gt_stare.csv,results/gateA_biomarker_scales_train.csv,,,,,,
hrf,stare,baseline,1,last,density,skan,10,0.0099029768684763,0.7254851600375075,0.6727272727272726,-1.705333172752033,1.8812951821401172,2.0880126938471,runs/pivot/hrf/seed1/baseline/pred_stare/bio.csv,results/pivot/e2_gt_stare.csv,results/gateA_biomarker_scales_train.csv,,,,,,
hrf,stare,baseline,2,last,density,skan,10,0.0099029768684763,0.6705457838147891,0.6727272727272726,-1.775681756974604,1.919203404075767,2.04325336309783,runs/pivot/hrf/seed2/baseline/pred_stare/bio.csv,results/pivot/e2_gt_stare.csv,results/gateA_biomarker_scales_train.csv,,,,,,
hrf,stare,cfloss,0,last,density,skan,10,0.0099029768684763,0.7461542255239905,0.7454545454545454,-2.341933196111682,1.8279029830886298,2.616889083572723,runs/pivot/hrf/seed0/cfloss/pred_stare/bio.csv,results/pivot/e2_gt_stare.csv,results/gateA_biomarker_scales_train.csv,0.03799336329813496,-0.03550246394256956,0.14535949112561397,-0.035124548980821846,-0.059844391913427136,0.015109695561286466
hrf,stare,cfloss,1,last,density,skan,10,0.0099029768684763,0.686191326305805,0.6727272727272726,-2.3793318634830496,2.157098306734785,2.7716916189369343,runs/pivot/hrf/seed1/cfloss/pred_stare/bio.csv,results/pivot/e2_gt_stare.csv,results/gateA_biomarker_scales_train.csv,-0.03929383373170248,-0.08424707543728112,0.002741792966923235,0.005815980492388739,-0.04986078493712666,0.07446822490863317
hrf,stare,cfloss,2,last,density,skan,10,0.0099029768684763,0.6578167342705208,0.6727272727272726,-2.4391581605114987,2.0203063374885426,2.590132584838447,runs/pivot/hrf/seed2/cfloss/pred_stare/bio.csv,results/pivot/e2_gt_stare.csv,results/gateA_biomarker_scales_train.csv,-0.012729049544268345,-0.07163737798239475,0.06905622373959877,-0.026841347775465207,-0.05398838468521697,0.040035905501261654
hrf,stare,continued,0,last,density,skan,10,0.0099029768684763,0.7812787745048123,0.7575757575757575,-1.6669779359143078,1.71227028347924,2.0255809766810327,runs/pivot/hrf/seed0/continued/pred_stare/bio.csv,results/pivot/e2_gt_stare.csv,results/gateA_biomarker_scales_train.csv,0.07311791227895681,-0.0027358530937646947,0.16536661482339873,,,
hrf,stare,continued,1,last,density,skan,10,0.0099029768684763,0.6803753458134163,0.6727272727272726,-1.2355920998860752,2.0139273217434055,1.8836598032713177,runs/pivot/hrf/seed1/continued/pred_stare/bio.csv,results/pivot/e2_gt_stare.csv,results/gateA_biomarker_scales_train.csv,-0.045109814224091216,-0.11912470572641747,-0.0038741501902114605,,,
hrf,stare,continued,2,last,density,skan,10,0.0099029768684763,0.684658082045986,0.6242424242424242,-1.4692427047654981,1.9274236486297516,1.918697363960837,runs/pivot/hrf/seed2/continued/pred_stare/bio.csv,results/pivot/e2_gt_stare.csv,results/gateA_biomarker_scales_train.csv,0.014112298231196863,-0.05370980753775818,0.06419163238681651,,,
hrf,stare,reliseg,0,last,density,skan,10,0.0099029768684763,0.7513185416838009,0.7454545454545454,-1.546343886932375,1.7624121568012936,1.977672790958937,runs/pivot/hrf/seed0/reliseg/pred_stare/bio.csv,results/pivot/e2_gt_stare.csv,results/gateA_biomarker_scales_train.csv,0.04315767945794535,-0.06986229088771069,0.15968673741979053,-0.029960232821011457,-0.10292611535027436,0.020626358633586226
hrf,stare,reliseg,1,last,density,skan,10,0.0099029768684763,0.6767764700477212,0.6727272727272726,-1.2464212965723531,2.053490010195484,1.8914415385514558,runs/pivot/hrf/seed1/reliseg/pred_stare/bio.csv,results/pivot/e2_gt_stare.csv,results/gateA_biomarker_scales_train.csv,-0.04870868998978628,-0.11244355215891634,0.02291514597406716,-0.0035988757656950643,-0.026711677375953733,0.06325633084316919
hrf,stare,reliseg,2,last,density,skan,10,0.0099029768684763,0.6393923210470787,0.6242424242424242,-1.572608754547804,2.0195708721505437,1.9910670526690666,runs/pivot/hrf/seed2/reliseg/pred_stare/bio.csv,results/pivot/e2_gt_stare.csv,results/gateA_biomarker_scales_train.csv,-0.03115346276771047,-0.12451459972887996,0.02111966285204134,-0.045265760998907334,-0.11509540918666378,0.0002543572839240392
hrf,stare,reliseg_nocl,0,last,density,skan,10,0.0099029768684763,0.7491990294766342,0.7454545454545454,-1.6025846325602955,1.8205865466351683,2.0800187553599465,runs/pivot/hrf/seed0/reliseg_nocl/pred_stare/bio.csv,results/pivot/e2_gt_stare.csv,results/gateA_biomarker_scales_train.csv,0.04103816725077869,-0.0712049286354329,0.17172167825367332,-0.03207974502817812,-0.1001215928377485,0.035937809198695714
hrf,stare,reliseg_nocl,1,last,density,skan,10,0.0099029768684763,0.69501459530918,0.6727272727272726,-1.5582650699454608,2.0696341755681877,2.1087973727110576,runs/pivot/hrf/seed1/reliseg_nocl/pred_stare/bio.csv,results/pivot/e2_gt_stare.csv,results/gateA_biomarker_scales_train.csv,-0.030470564728327543,-0.08436768992317312,0.01092326550608271,0.014639249495763673,-0.026862407797847557,0.06917221643757061
hrf,stare,reliseg_nocl,2,last,density,skan,10,0.0099029768684763,0.6264297963981277,0.6242424242424242,-1.7872595542685474,2.0755469448040937,2.1500077629614394,runs/pivot/hrf/seed2/reliseg_nocl/pred_stare/bio.csv,results/pivot/e2_gt_stare.csv,results/gateA_biomarker_scales_train.csv,-0.04411598741666145,-0.14386378446990306,0.011587000841835813,-0.05822828564785831,-0.11948333914806393,-0.006547089365013539
hrf,stare,baseline,0,last,total_length,pvbm,10,1619.9845502953606,0.8995218423464333,0.8909090909090909,-0.0898860137711138,0.8510374477792518,0.6136262176094739,runs/pivot/hrf/seed0/baseline/pred_stare/bio.csv,results/pivot/e2_gt_stare.csv,results/gateA_biomarker_scales_train.csv,,,,,,
hrf,stare,baseline,1,last,total_length,pvbm,10,1619.9845502953606,0.876793516223447,0.8545454545454544,-0.10165688476283079,0.8920491934527026,0.6369670419980251,runs/pivot/hrf/seed1/baseline/pred_stare/bio.csv,results/pivot/e2_gt_stare.csv,results/gateA_biomarker_scales_train.csv,,,,,,
hrf,stare,baseline,2,last,total_length,pvbm,10,1619.9845502953606,0.8700537992126215,0.8909090909090909,-0.18666114703552653,0.9252505826271978,0.7168749486100658,runs/pivot/hrf/seed2/baseline/pred_stare/bio.csv,results/pivot/e2_gt_stare.csv,results/gateA_biomarker_scales_train.csv,,,,,,
hrf,stare,cfloss,0,last,total_length,pvbm,10,1619.9845502953606,0.9036732161679416,0.8545454545454544,-0.4619899310551003,0.8507309957404487,0.7391211346150581,runs/pivot/hrf/seed0/cfloss/pred_stare/bio.csv,results/pivot/e2_gt_stare.csv,results/gateA_biomarker_scales_train.csv,0.00415137382150832,-0.05425775453877145,0.05920005482822145,-0.07342569295523893,-0.18641749823537668,-0.015628014013936518
hrf,stare,cfloss,1,last,total_length,pvbm,10,1619.9845502953606,0.8768381530830468,0.8909090909090909,-0.4387613500738497,0.9411218125357114,0.7741689721094458,runs/pivot/hrf/seed1/cfloss/pred_stare/bio.csv,results/pivot/e2_gt_stare.csv,results/gateA_biomarker_scales_train.csv,4.463685959976704e-05,-0.054479827439472044,0.055038502306510494,-0.07677408579133005,-0.2023441320987568,-0.005727762876544965
hrf,stare,cfloss,2,last,total_length,pvbm,10,1619.9845502953606,0.8593225015058711,0.8787878787878788,-0.5227954963815702,0.9774370770664107,0.7739996449413248,runs/pivot/hrf/seed2/cfloss/pred_stare/bio.csv,results/pivot/e2_gt_stare.csv,results/gateA_biomarker_scales_train.csv,-0.010731297706750409,-0.09465539333693408,0.030250026688647253,-0.08159929127196464,-0.23874704497174448,0.012493119742395559
hrf,stare,continued,0,last,total_length,pvbm,10,1619.9845502953606,0.9770989091231805,0.9393939393939393,0.07776748761092254,0.48466416497764253,0.36917947324615785,runs/pivot/hrf/seed0/continued/pred_stare/bio.csv,results/pivot/e2_gt_stare.csv,results/gateA_biomarker_scales_train.csv,0.07757706677674725,0.006169653753464188,0.20831866883141426,,,
hrf,stare,continued,1,last,total_length,pvbm,10,1619.9845502953606,0.9536122388743768,0.9030303030303028,0.30312899755382144,0.5298216444105376,0.4658416104227081,runs/pivot/hrf/seed1/continued/pred_stare/bio.csv,results/pivot/e2_gt_stare.csv,results/gateA_biomarker_scales_train.csv,0.07681872265092982,0.004442754364673535,0.20573536348429902,,,
hrf,stare,continued,2,last,total_length,pvbm,10,1619.9845502953606,0.9409217927778357,0.9030303030303028,0.1504472643092315,0.6110528821525363,0.5287726702786218,runs/pivot/hrf/seed2/continued/pred_stare/bio.csv,results/pivot/e2_gt_stare.csv,results/gateA_biomarker_scales_train.csv,0.07086799356521423,-0.0017886650577628642,0.19276295714949818,,,
hrf,stare,reliseg,0,last,total_length,pvbm,10,1619.9845502953606,0.9430650162548951,0.8424242424242423,0.19235973892255886,0.6443030728846464,0.4742197209974054,runs/pivot/hrf/seed0/reliseg/pred_stare/bio.csv,results/pivot/e2_gt_stare.csv,results/gateA_biomarker_scales_train.csv,0.04354317390846185,-0.08260939677110779,0.16100571465482708,-0.0340338928682854,-0.15500943490642485,-0.0034572058265235493
hrf,stare,reliseg,1,last,total_length,pvbm,10,1619.9845502953606,0.9286240983143066,0.8545454545454544,0.38925240274128187,0.6702450954620388,0.5765152381103998,runs/pivot/hrf/seed1/reliseg/pred_stare/bio.csv,results/pivot/e2_gt_stare.csv,results/gateA_biomarker_scales_train.csv,0.051830582090859556,-0.02673189628339406,0.19472481813388232,-0.02498814056007026,-0.06421908170269353,0.008339342852612692
hrf,stare,reliseg,2,last,total_length,pvbm,10,1619.9845502953606,0.859519383910644,0.8545454545454544,0.12417314634703573,0.9335472351751155,0.7039891168596125,runs/pivot/hrf/seed2/reliseg/pred_stare/bio.csv,results/pivot/e2_gt_stare.csv,results/gateA_biomarker_scales_train.csv,-0.010534415301977518,-0.05863359713104492,0.01886771566747109,-0.08140240886719174,-0.21619418137080976,0.0020679573306941943
hrf,stare,reliseg_nocl,0,last,total_length,pvbm,10,1619.9845502953606,0.9015540210073456,0.8424242424242423,-0.1634708549578901,0.8368938041687484,0.6311006061471479,runs/pivot/hrf/seed0/reliseg_nocl/pred_stare/bio.csv,results/pivot/e2_gt_stare.csv,results/gateA_biomarker_scales_train.csv,0.0020321786609123205,-0.12379805352842366,0.0623996819520412,-0.07554488811583493,-0.22651087335996895,-0.006049141684087257
hrf,stare,reliseg_nocl,1,last,total_length,pvbm,10,1619.9845502953606,0.8744825081215337,0.8787878787878788,-0.15195686737945766,0.9123114524342761,0.7256046695646419,runs/pivot/hrf/seed1/reliseg_nocl/pred_stare/bio.csv,results/pivot/e2_gt_stare.csv,results/gateA_biomarker_scales_train.csv,-0.0023110081019133144,-0.07466779257402766,0.037792008596651994,-0.07912973075284313,-0.20431939928728193,-0.004499781676527045
hrf,stare,reliseg_nocl,2,last,total_length,pvbm,10,1619.9845502953606,0.840454408709606,0.8545454545454544,-0.1945764996086164,0.9915514661912538,0.7926162290552071,runs/pivot/hrf/seed2/reliseg_nocl/pred_stare/bio.csv,results/pivot/e2_gt_stare.csv,results/gateA_biomarker_scales_train.csv,-0.02959939050301552,-0.07144132377084812,-0.0003494120061435029,-0.10046738406822975,-0.23634226856279875,-0.01485863131150608
hrf,stare,baseline,0,last,total_length,skan,10,1677.5334985508516,0.9318429723218178,0.8787878787878788,0.6565492336574035,0.5670134592496808,0.6816341708555417,runs/pivot/hrf/seed0/baseline/pred_stare/bio.csv,results/pivot/e2_gt_stare.csv,results/gateA_biomarker_scales_train.csv,,,,,,
hrf,stare,baseline,1,last,total_length,skan,10,1677.5334985508516,0.9346506997686937,0.8787878787878788,0.5721819573494222,0.5957253487870412,0.6526808626907722,runs/pivot/hrf/seed1/baseline/pred_stare/bio.csv,results/pivot/e2_gt_stare.csv,results/gateA_biomarker_scales_train.csv,,,,,,
hrf,stare,baseline,2,last,total_length,skan,10,1677.5334985508516,0.9217214585856688,0.8303030303030302,0.5068831621912468,0.6274689726223495,0.5983964259809572,runs/pivot/hrf/seed2/baseline/pred_stare/bio.csv,results/pivot/e2_gt_stare.csv,results/gateA_biomarker_scales_train.csv,,,,,,
hrf,stare,cfloss,0,last,total_length,skan,10,1677.5334985508516,0.9106933483869735,0.7696969696969697,0.24851140391888865,0.6638216440058256,0.5240428765376959,runs/pivot/hrf/seed0/cfloss/pred_stare/bio.csv,results/pivot/e2_gt_stare.csv,results/gateA_biomarker_scales_train.csv,-0.02114962393484432,-0.11669046957143488,0.028559888426599612,-0.043169073912993405,-0.14836569657334364,0.001139037028431533
hrf,stare,cfloss,1,last,total_length,skan,10,1677.5334985508516,0.907214410904202,0.8303030303030302,0.26937373871529424,0.7079223944214725,0.5866223629148776,runs/pivot/hrf/seed1/cfloss/pred_stare/bio.csv,results/pivot/e2_gt_stare.csv,results/gateA_biomarker_scales_train.csv,-0.027436288864491787,-0.11184324078692305,0.005099506240553749,-0.025558111432181452,-0.15595724973360942,0.030021076038832185
hrf,stare,cfloss,2,last,total_length,skan,10,1677.5334985508516,0.9032958278256511,0.8303030303030302,0.19472722064622056,0.6820061007122638,0.5852162064923183,runs/pivot/hrf/seed2/cfloss/pred_stare/bio.csv,results/pivot/e2_gt_stare.csv,results/gateA_biomarker_scales_train.csv,-0.018425630760017686,-0.06580627857843158,0.01499521456996086,-0.03325107844028696,-0.11451116073660567,0.007327145721170573
hrf,stare,continued,0,last,total_length,skan,10,1677.5334985508516,0.9538624222999669,0.8787878787878788,0.6769771670039071,0.5202998488213418,0.7095576394911347,runs/pivot/hrf/seed0/continued/pred_stare/bio.csv,results/pivot/e2_gt_stare.csv,results/gateA_biomarker_scales_train.csv,0.022019449978149086,0.00012975133737065105,0.06541158829023622,,,
hrf,stare,continued,1,last,total_length,skan,10,1677.5334985508516,0.9327725223363834,0.8787878787878788,0.9262343102442575,0.574937604193744,0.9656499311790376,runs/pivot/hrf/seed1/continued/pred_stare/bio.csv,results/pivot/e2_gt_stare.csv,results/gateA_biomarker_scales_train.csv,-0.001878177432310335,-0.030343409162715836,0.04978794127201537,,,
hrf,stare,continued,2,last,total_length,skan,10,1677.5334985508516,0.9365469062659381,0.8787878787878788,0.6885342680653571,0.5614474079063309,0.7050337202796155,runs/pivot/hrf/seed2/continued/pred_stare/bio.csv,results/pivot/e2_gt_stare.csv,results/gateA_biomarker_scales_train.csv,0.014825447680269277,-0.02528201076338111,0.08197711251060542,,,
hrf,stare,reliseg,0,last,total_length,skan,10,1677.5334985508516,0.9192709012939153,0.8303030303030302,1.2511437944652655,0.6339344454794413,1.2511437944652655,runs/pivot/hrf/seed0/reliseg/pred_stare/bio.csv,results/pivot/e2_gt_stare.csv,results/gateA_biomarker_scales_train.csv,-0.012572071027902476,-0.06431140690528452,0.04154979535916825,-0.03459152100605156,-0.0865163641791101,-0.004115075100133506
hrf,stare,reliseg,1,last,total_length,skan,10,1677.5334985508516,0.907399293897239,0.8787878787878788,1.4503810937360933,0.6716563766087125,1.4503810937360933,runs/pivot/hrf/seed1/reliseg/pred_stare/bio.csv,results/pivot/e2_gt_stare.csv,results/gateA_biomarker_scales_train.csv,-0.027251405871454804,-0.062446549441783364,0.047732991932999236,-0.02537322843914447,-0.039718787548653656,0.008954780901930085
hrf,stare,reliseg,2,last,total_length,skan,10,1677.5334985508516,0.8942426139113049,0.8787878787878788,1.2863528555599695,0.6954810848208582,1.2863528555599695,runs/pivot/hrf/seed2/reliseg/pred_stare/bio.csv,results/pivot/e2_gt_stare.csv,results/gateA_biomarker_scales_train.csv,-0.0274788446743639,-0.13274705245690463,0.054864671023500976,-0.04230429235463318,-0.12268461618975329,0.001139608949528114
hrf,stare,reliseg_nocl,0,last,total_length,skan,10,1677.5334985508516,0.9113165648745356,0.7696969696969697,1.0626289646076157,0.6683340113207329,1.0626289646076157,runs/pivot/hrf/seed0/reliseg_nocl/pred_stare/bio.csv,results/pivot/e2_gt_stare.csv,results/gateA_biomarker_scales_train.csv,-0.02052640744728218,-0.10722223461166966,0.037797123933228344,-0.042545857425431266,-0.12888053703704666,-0.003915563714697457
hrf,stare,reliseg_nocl,1,last,total_length,skan,10,1677.5334985508516,0.9337593055782056,0.8303030303030302,1.0705975798602305,0.590112256990052,1.083748871081585,runs/pivot/hrf/seed1/reliseg_nocl/pred_stare/bio.csv,results/pivot/e2_gt_stare.csv,results/gateA_biomarker_scales_train.csv,-0.0008913941904881151,-0.014366130641023142,0.03810450957195362,0.00098678324182222,-0.045784971570854115,0.02959821916952587
hrf,stare,reliseg_nocl,2,last,total_length,skan,10,1677.5334985508516,0.9203731828108973,0.8303030303030302,0.8740979888757044,0.6147360911549874,0.8740979888757044,runs/pivot/hrf/seed2/reliseg_nocl/pred_stare/bio.csv,results/pivot/e2_gt_stare.csv,results/gateA_biomarker_scales_train.csv,-0.001348275774771479,-0.04327811523160896,0.047020430364659485,-0.016173723455040756,-0.06315747835301845,0.004511267933009242
