dataset,target,config,reference,seed,checkpoint,biomarker,pipeline,n,n_boot,d_r,lo,hi,d_bias_sigma,seed_lo,seed_hi,n_seeds,n_seeds_positive,direction_consistent,pred_path,gt_path,sigma_source
fives,chasedb1,cfloss,baseline,0,last,FD,pvbm,8,2000,0.009637653370511812,-0.015990825077057715,0.09176133094490108,-0.16250541334312432,,,1,1,,runs/pivot/fives/seed0/cfloss/pred_chasedb1/bio.csv,results/pivot/e2_gt_chasedb1.csv,results/gateA_biomarker_scales_train.csv
fives,chasedb1,cfloss,baseline,1,last,FD,pvbm,8,2000,-0.007105344814233749,-0.10537421805075138,0.05100320296722227,-0.09961946786332132,,,1,0,,runs/pivot/fives/seed1/cfloss/pred_chasedb1/bio.csv,results/pivot/e2_gt_chasedb1.csv,results/gateA_biomarker_scales_train.csv
fives,chasedb1,cfloss,baseline,2,last,FD,pvbm,8,2000,0.01860370459891869,-0.00493172909639121,0.12740207358117117,0.09137418323293665,,,1,1,,runs/pivot/fives/seed2/cfloss/pred_chasedb1/bio.csv,results/pivot/e2_gt_chasedb1.csv,results/gateA_biomarker_scales_train.csv
fives,chasedb1,continued,baseline,0,last,FD,pvbm,8,2000,-0.030542542781987203,-0.16587289701796262,0.004663130996181655,-0.05443084008136964,,,1,0,,runs/pivot/fives/seed0/continued/pred_chasedb1/bio.csv,results/pivot/e2_gt_chasedb1.csv,results/gateA_biomarker_scales_train.csv
fives,chasedb1,continued,baseline,1,last,FD,pvbm,8,2000,-0.0059128564402298744,-0.06162227700330922,0.02584807467938662,-0.17085212982590975,,,1,0,,runs/pivot/fives/seed1/continued/pred_chasedb1/bio.csv,results/pivot/e2_gt_chasedb1.csv,results/gateA_biomarker_scales_train.csv
fives,chasedb1,continued,baseline,2,last,FD,pvbm,8,2000,0.02265576827911997,-0.02260296101917167,0.18830599015896843,0.1662815203048399,,,1,1,,runs/pivot/fives/seed2/continued/pred_chasedb1/bio.csv,results/pivot/e2_gt_chasedb1.csv,results/gateA_biomarker_scales_train.csv
fives,chasedb1,reliseg,baseline,0,last,FD,pvbm,8,2000,-0.04772930322973812,-0.15258977546535335,0.000542860570459125,0.05141219518188389,,,1,0,,runs/pivot/fives/seed0/reliseg/pred_chasedb1/bio.csv,results/pivot/e2_gt_chasedb1.csv,results/gateA_biomarker_scales_train.csv
fives,chasedb1,reliseg,baseline,1,last,FD,pvbm,8,2000,-0.00832583259086539,-0.05151195203641623,0.06070407068657351,-0.07267046475056477,,,1,0,,runs/pivot/fives/seed1/reliseg/pred_chasedb1/bio.csv,results/pivot/e2_gt_chasedb1.csv,results/gateA_biomarker_scales_train.csv
fives,chasedb1,reliseg,baseline,2,last,FD,pvbm,8,2000,0.03986628932324232,-0.020264491015692884,0.2200632625124305,0.17145224004993864,,,1,1,,runs/pivot/fives/seed2/reliseg/pred_chasedb1/bio.csv,results/pivot/e2_gt_chasedb1.csv,results/gateA_biomarker_scales_train.csv
fives,chasedb1,reliseg_nocl,baseline,0,last,FD,pvbm,8,2000,-0.010110835898394344,-0.08047477611902927,0.012228507894551618,0.0130313206230257,,,1,0,,runs/pivot/fives/seed0/reliseg_nocl/pred_chasedb1/bio.csv,results/pivot/e2_gt_chasedb1.csv,results/gateA_biomarker_scales_train.csv
fives,chasedb1,reliseg_nocl,baseline,1,last,FD,pvbm,8,2000,-0.038961508763857955,-0.21382892468503878,4.839667199830991e-07,0.059793713905669676,,,1,0,,runs/pivot/fives/seed1/reliseg_nocl/pred_chasedb1/bio.csv,results/pivot/e2_gt_chasedb1.csv,results/gateA_biomarker_scales_train.csv
fives,chasedb1,reliseg_nocl,baseline,2,last,FD,pvbm,8,2000,-0.029730904046324724,-0.23844610209641243,0.004326928031108868,0.35489563206830005,,,1,0,,runs/pivot/fives/seed2/reliseg_nocl/pred_chasedb1/bio.csv,results/pivot/e2_gt_chasedb1.csv,results/gateA_biomarker_scales_train.csv
fives,chasedb1,cfloss,baseline,"pooled(0,1,2)",last,FD,pvbm,8,2000,0.007045337718398918,-0.01867809209967348,0.06815069504105047,-0.05691689932450298,-0.025370411317489492,0.039461086754287326,3,2,no,"runs/pivot/fives/seed{0,1,2}/cfloss/pred_chasedb1/bio.csv",results/pivot/e2_gt_chasedb1.csv,results/gateA_biomarker_scales_train.csv
fives,chasedb1,continued,baseline,"pooled(0,1,2)",last,FD,pvbm,8,2000,-0.004599876981032369,-0.04401012190889521,0.033315804869925685,-0.019667149867479833,-0.07073618947278515,0.06153643551072041,3,1,no,"runs/pivot/fives/seed{0,1,2}/continued/pred_chasedb1/bio.csv",results/pivot/e2_gt_chasedb1.csv,results/gateA_biomarker_scales_train.csv
fives,chasedb1,reliseg,baseline,"pooled(0,1,2)",last,FD,pvbm,8,2000,-0.0053962821657870625,-0.026480679584673,0.042655154895293944,0.05006465682708592,-0.11437842612146287,0.10358586178988874,3,1,no,"runs/pivot/fives/seed{0,1,2}/reliseg/pred_chasedb1/bio.csv",results/pivot/e2_gt_chasedb1.csv,results/gateA_biomarker_scales_train.csv
fives,chasedb1,reliseg_nocl,baseline,"pooled(0,1,2)",last,FD,pvbm,8,2000,-0.026267749569525673,-0.16415560257064082,-0.0022324716380552304,0.1425735555323318,-0.06286858397985486,0.010333084840803506,3,0,yes,"runs/pivot/fives/seed{0,1,2}/reliseg_nocl/pred_chasedb1/bio.csv",results/pivot/e2_gt_chasedb1.csv,results/gateA_biomarker_scales_train.csv
fives,chasedb1,cfloss,continued,0,last,FD,pvbm,8,2000,0.040180196152499015,-0.00015396141219006787,0.2291094115733368,-0.10807457326175468,,,1,1,,runs/pivot/fives/seed0/cfloss/pred_chasedb1/bio.csv,results/pivot/e2_gt_chasedb1.csv,results/gateA_biomarker_scales_train.csv
fives,chasedb1,cfloss,continued,1,last,FD,pvbm,8,2000,-0.001192488374003875,-0.06908404631964571,0.03736343545529937,0.07123266196258844,,,1,0,,runs/pivot/fives/seed1/cfloss/pred_chasedb1/bio.csv,results/pivot/e2_gt_chasedb1.csv,results/gateA_biomarker_scales_train.csv
fives,chasedb1,cfloss,continued,2,last,FD,pvbm,8,2000,-0.004052063680201279,-0.08517917053733437,0.042331996211819926,-0.07490733707190325,,,1,0,,runs/pivot/fives/seed2/cfloss/pred_chasedb1/bio.csv,results/pivot/e2_gt_chasedb1.csv,results/gateA_biomarker_scales_train.csv
fives,chasedb1,reliseg,continued,0,last,FD,pvbm,8,2000,-0.017186760447750915,-0.0617581174038221,0.07560171688113004,0.10584303526325353,,,1,0,,runs/pivot/fives/seed0/reliseg/pred_chasedb1/bio.csv,results/pivot/e2_gt_chasedb1.csv,results/gateA_biomarker_scales_train.csv
fives,chasedb1,reliseg,continued,1,last,FD,pvbm,8,2000,-0.002412976150635515,-0.0256929282921037,0.071924915222072,0.098181665075345,,,1,0,,runs/pivot/fives/seed1/reliseg/pred_chasedb1/bio.csv,results/pivot/e2_gt_chasedb1.csv,results/gateA_biomarker_scales_train.csv
fives,chasedb1,reliseg,continued,2,last,FD,pvbm,8,2000,0.01721052104412235,-0.03503524010767507,0.07506149731663175,0.005170719745098751,,,1,1,,runs/pivot/fives/seed2/reliseg/pred_chasedb1/bio.csv,results/pivot/e2_gt_chasedb1.csv,results/gateA_biomarker_scales_train.csv
fives,chasedb1,reliseg_nocl,continued,0,last,FD,pvbm,8,2000,0.02043170688359286,-0.016021988629659267,0.12320140361561947,0.06746216070439534,,,1,1,,runs/pivot/fives/seed0/reliseg_nocl/pred_chasedb1/bio.csv,results/pivot/e2_gt_chasedb1.csv,results/gateA_biomarker_scales_train.csv
fives,chasedb1,reliseg_nocl,continued,1,last,FD,pvbm,8,2000,-0.03304865232362808,-0.20682079607619955,0.037340257291576986,0.23064584373157943,,,1,0,,runs/pivot/fives/seed1/reliseg_nocl/pred_chasedb1/bio.csv,results/pivot/e2_gt_chasedb1.csv,results/gateA_biomarker_scales_train.csv
fives,chasedb1,reliseg_nocl,continued,2,last,FD,pvbm,8,2000,-0.052386672325444694,-0.4051744303067508,0.015500184881704977,0.18861411176346016,,,1,0,,runs/pivot/fives/seed2/reliseg_nocl/pred_chasedb1/bio.csv,results/pivot/e2_gt_chasedb1.csv,results/gateA_biomarker_scales_train.csv
fives,chasedb1,cfloss,continued,"pooled(0,1,2)",last,FD,pvbm,8,2000,0.011645214699431286,-0.01931249309278063,0.07924121650781348,-0.03724974945702316,-0.0498455070680278,0.07313593646689037,3,1,no,"runs/pivot/fives/seed{0,1,2}/cfloss/pred_chasedb1/bio.csv",results/pivot/e2_gt_chasedb1.csv,results/gateA_biomarker_scales_train.csv
fives,chasedb1,reliseg,continued,"pooled(0,1,2)",last,FD,pvbm,8,2000,-0.000796405184754693,-0.013987146764748491,0.050614530004414515,0.06973180669456576,-0.043661511097695255,0.04206870072818587,3,1,no,"runs/pivot/fives/seed{0,1,2}/reliseg/pred_chasedb1/bio.csv",results/pivot/e2_gt_chasedb1.csv,results/gateA_biomarker_scales_train.csv
fives,chasedb1,reliseg_nocl,continued,"pooled(0,1,2)",last,FD,pvbm,8,2000,-0.021667872588493304,-0.18482832442545946,0.023461544402503868,0.16224070539981164,-0.11536863488802278,0.07203288971103618,3,1,no,"runs/pivot/fives/seed{0,1,2}/reliseg_nocl/pred_chasedb1/bio.csv",results/pivot/e2_gt_chasedb1.csv,results/gateA_biomarker_scales_train.csv
fives,chasedb1,cfloss,baseline,0,last,FD,skan,8,2000,0.016660399750403898,-0.08505068032005113,0.1689805581443005,-0.00012061052735912181,,,1,1,,runs/pivot/fives/seed0/cfloss/pred_chasedb1/bio.csv,results/pivot/e2_gt_chasedb1.csv,results/gateA_biomarker_scales_train.csv
fives,chasedb1,cfloss,baseline,1,last,FD,skan,8,2000,0.009999551675761054,-0.008889325790184269,0.02618752004085029,-0.05293415560840953,,,1,1,,runs/pivot/fives/seed1/cfloss/pred_chasedb1/bio.csv,results/pivot/e2_gt_chasedb1.csv,results/gateA_biomarker_scales_train.csv
fives,chasedb1,cfloss,baseline,2,last,FD,skan,8,2000,0.014941837212394171,-0.13860088292549033,0.11283972352243599,0.18431522713292103,,,1,1,,runs/pivot/fives/seed2/cfloss/pred_chasedb1/bio.csv,results/pivot/e2_gt_chasedb1.csv,results/gateA_biomarker_scales_train.csv
fives,chasedb1,continued,baseline,0,last,FD,skan,8,2000,-0.018334525537362478,-0.11112629155866527,0.04564917664314361,-0.04210410930081332,,,1,0,,runs/pivot/fives/seed0/continued/pred_chasedb1/bio.csv,results/pivot/e2_gt_chasedb1.csv,results/gateA_biomarker_scales_train.csv
fives,chasedb1,continued,baseline,1,last,FD,skan,8,2000,-0.0021918759319867753,-0.03725752022896312,0.04658676376697884,-0.13802926790699765,,,1,0,,runs/pivot/fives/seed1/continued/pred_chasedb1/bio.csv,results/pivot/e2_gt_chasedb1.csv,results/gateA_biomarker_scales_train.csv
fives,chasedb1,continued,baseline,2,last,FD,skan,8,2000,0.019852915601419885,-0.10440384885501086,0.12651805509171027,0.07926197724627698,,,1,1,,runs/pivot/fives/seed2/continued/pred_chasedb1/bio.csv,results/pivot/e2_gt_chasedb1.csv,results/gateA_biomarker_scales_train.csv
fives,chasedb1,reliseg,baseline,0,last,FD,skan,8,2000,-0.013190609156019772,-0.1820810369373609,0.09812534397769082,0.06284066041746439,,,1,0,,runs/pivot/fives/seed0/reliseg/pred_chasedb1/bio.csv,results/pivot/e2_gt_chasedb1.csv,results/gateA_biomarker_scales_train.csv
fives,chasedb1,reliseg,baseline,1,last,FD,skan,8,2000,0.000818996580138287,-0.011052670034775617,0.03105995077628526,-0.020768229096964186,,,1,1,,runs/pivot/fives/seed1/reliseg/pred_chasedb1/bio.csv,results/pivot/e2_gt_chasedb1.csv,results/gateA_biomarker_scales_train.csv
fives,chasedb1,reliseg,baseline,2,last,FD,skan,8,2000,0.019406944277095328,-0.021214014109030767,0.07524277026725237,0.14257269175249643,,,1,1,,runs/pivot/fives/seed2/reliseg/pred_chasedb1/bio.csv,results/pivot/e2_gt_chasedb1.csv,results/gateA_biomarker_scales_train.csv
fives,chasedb1,reliseg_nocl,baseline,0,last,FD,skan,8,2000,0.009195353567044928,-0.07603334590355752,0.12317808620669399,0.09986199979898408,,,1,1,,runs/pivot/fives/seed0/reliseg_nocl/pred_chasedb1/bio.csv,results/pivot/e2_gt_chasedb1.csv,results/gateA_biomarker_scales_train.csv
fives,chasedb1,reliseg_nocl,baseline,1,last,FD,skan,8,2000,-0.044654323909781746,-0.16311291066444517,-0.0037406121703359337,0.06089292445122563,,,1,0,,runs/pivot/fives/seed1/reliseg_nocl/pred_chasedb1/bio.csv,results/pivot/e2_gt_chasedb1.csv,results/gateA_biomarker_scales_train.csv
fives,chasedb1,reliseg_nocl,baseline,2,last,FD,skan,8,2000,-0.007907722872093292,-0.26020711646510714,0.12380152207922811,0.25058861236870567,,,1,0,,runs/pivot/fives/seed2/reliseg_nocl/pred_chasedb1/bio.csv,results/pivot/e2_gt_chasedb1.csv,results/gateA_biomarker_scales_train.csv
fives,chasedb1,cfloss,baseline,"pooled(0,1,2)",last,FD,skan,8,2000,0.013867262879519707,-0.04366046857495523,0.05738490698359886,0.043753486999050795,0.0052771172706384765,0.022457408488400936,3,3,yes,"runs/pivot/fives/seed{0,1,2}/cfloss/pred_chasedb1/bio.csv",results/pivot/e2_gt_chasedb1.csv,results/gateA_biomarker_scales_train.csv
fives,chasedb1,continued,baseline,"pooled(0,1,2)",last,FD,skan,8,2000,-0.00022449528930978957,-0.049358372288634815,0.026853744172310907,-0.033623799987177995,-0.04784439182602609,0.04739540124740651,3,1,no,"runs/pivot/fives/seed{0,1,2}/continued/pred_chasedb1/bio.csv",results/pivot/e2_gt_chasedb1.csv,results/gateA_biomarker_scales_train.csv
fives,chasedb1,reliseg,baseline,"pooled(0,1,2)",last,FD,skan,8,2000,0.002345110567071281,-0.04107135696426498,0.054186766493959856,0.061548374357665546,-0.03827619187934187,0.04296641301348444,3,2,no,"runs/pivot/fives/seed{0,1,2}/reliseg/pred_chasedb1/bio.csv",results/pivot/e2_gt_chasedb1.csv,results/gateA_biomarker_scales_train.csv
fives,chasedb1,reliseg_nocl,baseline,"pooled(0,1,2)",last,FD,skan,8,2000,-0.01445556440494337,-0.13010657509781828,0.024351962216745664,0.13711451220630513,-0.08280784985238782,0.053896721042501074,3,1,no,"runs/pivot/fives/seed{0,1,2}/reliseg_nocl/pred_chasedb1/bio.csv",results/pivot/e2_gt_chasedb1.csv,results/gateA_biomarker_scales_train.csv
fives,chasedb1,cfloss,continued,0,last,FD,skan,8,2000,0.034994925287766376,-0.0009571843889120163,0.17577487268832026,0.0419834987734542,,,1,1,,runs/pivot/fives/seed0/cfloss/pred_chasedb1/bio.csv,results/pivot/e2_gt_chasedb1.csv,results/gateA_biomarker_scales_train.csv
fives,chasedb1,cfloss,continued,1,last,FD,skan,8,2000,0.012191427607747829,-0.023528723457336143,0.04164469861284297,0.08509511229858813,,,1,1,,runs/pivot/fives/seed1/cfloss/pred_chasedb1/bio.csv,results/pivot/e2_gt_chasedb1.csv,results/gateA_biomarker_scales_train.csv
fives,chasedb1,cfloss,continued,2,last,FD,skan,8,2000,-0.004911078389025714,-0.06674861584788361,0.0331601301322324,0.10505324988664405,,,1,0,,runs/pivot/fives/seed2/cfloss/pred_chasedb1/bio.csv,results/pivot/e2_gt_chasedb1.csv,results/gateA_biomarker_scales_train.csv
fives,chasedb1,reliseg,continued,0,last,FD,skan,8,2000,0.005143916381342706,-0.08044695496326486,0.06398080409058186,0.10494476971827771,,,1,1,,runs/pivot/fives/seed0/reliseg/pred_chasedb1/bio.csv,results/pivot/e2_gt_chasedb1.csv,results/gateA_biomarker_scales_train.csv
fives,chasedb1,reliseg,continued,1,last,FD,skan,8,2000,0.0030108725121250624,-0.01883190971168888,0.03186290886800755,0.11726103881003347,,,1,1,,runs/pivot/fives/seed1/reliseg/pred_chasedb1/bio.csv,results/pivot/e2_gt_chasedb1.csv,results/gateA_biomarker_scales_train.csv
fives,chasedb1,reliseg,continued,2,last,FD,skan,8,2000,-0.00044597132432455666,-0.08907854654634774,0.15865120164096727,0.06331071450621945,,,1,0,,runs/pivot/fives/seed2/reliseg/pred_chasedb1/bio.csv,results/pivot/e2_gt_chasedb1.csv,results/gateA_biomarker_scales_train.csv
fives,chasedb1,reliseg_nocl,continued,0,last,FD,skan,8,2000,0.027529879104407406,-0.028351095464422087,0.11122359530786899,0.1419661090997974,,,1,1,,runs/pivot/fives/seed0/reliseg_nocl/pred_chasedb1/bio.csv,results/pivot/e2_gt_chasedb1.csv,results/gateA_biomarker_scales_train.csv
fives,chasedb1,reliseg_nocl,continued,1,last,FD,skan,8,2000,-0.04246244797779497,-0.20996007315805687,0.018195400228620977,0.19892219235822328,,,1,0,,runs/pivot/fives/seed1/reliseg_nocl/pred_chasedb1/bio.csv,results/pivot/e2_gt_chasedb1.csv,results/gateA_biomarker_scales_train.csv
fives,chasedb1,reliseg_nocl,continued,2,last,FD,skan,8,2000,-0.027760638473513177,-0.21860234759106748,0.10817542894049999,0.17132663512242868,,,1,0,,runs/pivot/fives/seed2/reliseg_nocl/pred_chasedb1/bio.csv,results/pivot/e2_gt_chasedb1.csv,results/gateA_biomarker_scales_train.csv
fives,chasedb1,cfloss,continued,"pooled(0,1,2)",last,FD,skan,8,2000,0.014091758168829497,-0.008507685689816476,0.05276257715280808,0.0773772869862288,-0.03564256016203801,0.063826076499697,3,2,no,"runs/pivot/fives/seed{0,1,2}/cfloss/pred_chasedb1/bio.csv",results/pivot/e2_gt_chasedb1.csv,results/gateA_biomarker_scales_train.csv
fives,chasedb1,reliseg,continued,"pooled(0,1,2)",last,FD,skan,8,2000,0.0025696058563810706,-0.02004357372972032,0.061191388981473235,0.09517217434484354,-0.004438017769394878,0.00957722948215702,3,2,no,"runs/pivot/fives/seed{0,1,2}/reliseg/pred_chasedb1/bio.csv",results/pivot/e2_gt_chasedb1.csv,results/gateA_biomarker_scales_train.csv
fives,chasedb1,reliseg_nocl,continued,"pooled(0,1,2)",last,FD,skan,8,2000,-0.01423106911563358,-0.11506699471387904,0.04351004365499608,0.17073831219348312,-0.10590949648472156,0.07744735825345439,3,1,no,"runs/pivot/fives/seed{0,1,2}/reliseg_nocl/pred_chasedb1/bio.csv",results/pivot/e2_gt_chasedb1.csv,results/gateA_biomarker_scales_train.csv
fives,chasedb1,cfloss,baseline,0,last,tortuosity,pvbm,8,2000,0.06311039531935611,-0.41363718594585736,0.8302527412827427,0.08885535156495093,,,1,1,,runs/pivot/fives/seed0/cfloss/pred_chasedb1/bio.csv,results/pivot/e2_gt_chasedb1.csv,results/gateA_biomarker_scales_train.csv
fives,chasedb1,cfloss,baseline,1,last,tortuosity,pvbm,8,2000,0.17554649247170812,-0.39264452598830174,0.6891583455935719,0.08398972898685121,,,1,1,,runs/pivot/fives/seed1/cfloss/pred_chasedb1/bio.csv,results/pivot/e2_gt_chasedb1.csv,results/gateA_biomarker_scales_train.csv
fives,chasedb1,cfloss,baseline,2,last,tortuosity,pvbm,8,2000,-0.38265042361898693,-0.7311536573471382,0.26834963573272175,-0.1572519545047002,,,1,0,,runs/pivot/fives/seed2/cfloss/pred_chasedb1/bio.csv,results/pivot/e2_gt_chasedb1.csv,results/gateA_biomarker_scales_train.csv
fives,chasedb1,continued,baseline,0,last,tortuosity,pvbm,8,2000,0.1415080555551465,-0.2611047282132121,0.6357805469725772,-0.07758201190716876,,,1,1,,runs/pivot/fives/seed0/continued/pred_chasedb1/bio.csv,results/pivot/e2_gt_chasedb1.csv,results/gateA_biomarker_scales_train.csv
fives,chasedb1,continued,baseline,1,last,tortuosity,pvbm,8,2000,0.25176223683783083,-0.027596117045437768,0.6122108951261829,-0.012319801682246112,,,1,1,,runs/pivot/fives/seed1/continued/pred_chasedb1/bio.csv,results/pivot/e2_gt_chasedb1.csv,results/gateA_biomarker_scales_train.csv
fives,chasedb1,continued,baseline,2,last,tortuosity,pvbm,8,2000,0.09363359519391062,-0.12190102022395294,0.49552172661041083,-0.3408796581160294,,,1,1,,runs/pivot/fives/seed2/continued/pred_chasedb1/bio.csv,results/pivot/e2_gt_chasedb1.csv,results/gateA_biomarker_scales_train.csv
fives,chasedb1,reliseg,baseline,0,last,tortuosity,pvbm,8,2000,0.14954676710021242,-0.2212754088046874,0.5716642882304688,0.2544047588157776,,,1,1,,runs/pivot/fives/seed0/reliseg/pred_chasedb1/bio.csv,results/pivot/e2_gt_chasedb1.csv,results/gateA_biomarker_scales_train.csv
fives,chasedb1,reliseg,baseline,1,last,tortuosity,pvbm,8,2000,-0.2064508752767713,-0.5961785622471456,0.31099385624966075,0.4392697480862138,,,1,0,,runs/pivot/fives/seed1/reliseg/pred_chasedb1/bio.csv,results/pivot/e2_gt_chasedb1.csv,results/gateA_biomarker_scales_train.csv
fives,chasedb1,reliseg,baseline,2,last,tortuosity,pvbm,8,2000,0.2742757056297465,-0.05379938829097552,0.5571867720359865,-0.26579112352608236,,,1,1,,runs/pivot/fives/seed2/reliseg/pred_chasedb1/bio.csv,results/pivot/e2_gt_chasedb1.csv,results/gateA_biomarker_scales_train.csv
fives,chasedb1,reliseg_nocl,baseline,0,last,tortuosity,pvbm,8,2000,0.03690035939785073,-0.3285074477049537,0.5320949519702057,0.13290898628749337,,,1,1,,runs/pivot/fives/seed0/reliseg_nocl/pred_chasedb1/bio.csv,results/pivot/e2_gt_chasedb1.csv,results/gateA_biomarker_scales_train.csv
fives,chasedb1,reliseg_nocl,baseline,1,last,tortuosity,pvbm,8,2000,0.06737075114394481,-0.6216371844176225,0.4907692875799624,0.15679011041478072,,,1,1,,runs/pivot/fives/seed1/reliseg_nocl/pred_chasedb1/bio.csv,results/pivot/e2_gt_chasedb1.csv,results/gateA_biomarker_scales_train.csv
fives,chasedb1,reliseg_nocl,baseline,2,last,tortuosity,pvbm,8,2000,-0.2858173825251951,-0.6186792268779852,0.18955495746522008,-0.07494878714620604,,,1,0,,runs/pivot/fives/seed2/reliseg_nocl/pred_chasedb1/bio.csv,results/pivot/e2_gt_chasedb1.csv,results/gateA_biomarker_scales_train.csv
fives,chasedb1,cfloss,baseline,"pooled(0,1,2)",last,tortuosity,pvbm,8,2000,-0.047997845275974234,-0.2951682008388307,0.37207226932862214,0.005197708682367315,-0.7813644829430877,0.6853687923911391,3,2,no,"runs/pivot/fives/seed{0,1,2}/cfloss/pred_chasedb1/bio.csv",results/pivot/e2_gt_chasedb1.csv,results/gateA_biomarker_scales_train.csv
fives,chasedb1,continued,baseline,"pooled(0,1,2)",last,tortuosity,pvbm,8,2000,0.162301295862296,-0.09567999585201692,0.48797498833678976,-0.14359382390181474,-0.03913510079968968,0.3637376925242817,3,3,yes,"runs/pivot/fives/seed{0,1,2}/continued/pred_chasedb1/bio.csv",results/pivot/e2_gt_chasedb1.csv,results/gateA_biomarker_scales_train.csv
fives,chasedb1,reliseg,baseline,"pooled(0,1,2)",last,tortuosity,pvbm,8,2000,0.07245719915106254,-0.22877685236681208,0.4174781018299837,0.14262779445863635,-0.5472423712501986,0.6921567695523236,3,2,no,"runs/pivot/fives/seed{0,1,2}/reliseg/pred_chasedb1/bio.csv",results/pivot/e2_gt_chasedb1.csv,results/gateA_biomarker_scales_train.csv
fives,chasedb1,reliseg_nocl,baseline,"pooled(0,1,2)",last,tortuosity,pvbm,8,2000,-0.06051542399446652,-0.2507379036587617,0.13351404320022195,0.07158343651868936,-0.5466887856734848,0.42565793768455173,3,2,no,"runs/pivot/fives/seed{0,1,2}/reliseg_nocl/pred_chasedb1/bio.csv",results/pivot/e2_gt_chasedb1.csv,results/gateA_biomarker_scales_train.csv
fives,chasedb1,cfloss,continued,0,last,tortuosity,pvbm,8,2000,-0.0783976602357904,-0.35933157004844174,0.5042100166198834,0.16643736347211968,,,1,0,,runs/pivot/fives/seed0/cfloss/pred_chasedb1/bio.csv,results/pivot/e2_gt_chasedb1.csv,results/gateA_biomarker_scales_train.csv
fives,chasedb1,cfloss,continued,1,last,tortuosity,pvbm,8,2000,-0.07621574436612272,-0.7489017802374724,0.2819799992693051,0.09630953066909732,,,1,0,,runs/pivot/fives/seed1/cfloss/pred_chasedb1/bio.csv,results/pivot/e2_gt_chasedb1.csv,results/gateA_biomarker_scales_train.csv
fives,chasedb1,cfloss,continued,2,last,tortuosity,pvbm,8,2000,-0.4762840188128975,-0.7506772910677627,-0.055226031344733986,0.18362770361132916,,,1,0,,runs/pivot/fives/seed2/cfloss/pred_chasedb1/bio.csv,results/pivot/e2_gt_chasedb1.csv,results/gateA_biomarker_scales_train.csv
fives,chasedb1,reliseg,continued,0,last,tortuosity,pvbm,8,2000,0.008038711545065913,-0.481152568663751,0.3009161814462848,0.33198677072294636,,,1,1,,runs/pivot/fives/seed0/reliseg/pred_chasedb1/bio.csv,results/pivot/e2_gt_chasedb1.csv,results/gateA_biomarker_scales_train.csv
fives,chasedb1,reliseg,continued,1,last,tortuosity,pvbm,8,2000,-0.45821311211460214,-1.0132258876082223,-0.014994494918079979,0.4515895497684599,,,1,0,,runs/pivot/fives/seed1/reliseg/pred_chasedb1/bio.csv,results/pivot/e2_gt_chasedb1.csv,results/gateA_biomarker_scales_train.csv
fives,chasedb1,reliseg,continued,2,last,tortuosity,pvbm,8,2000,0.1806421104358359,-0.45222961772044157,0.36669983347298085,0.07508853458994696,,,1,1,,runs/pivot/fives/seed2/reliseg/pred_chasedb1/bio.csv,results/pivot/e2_gt_chasedb1.csv,results/gateA_biomarker_scales_train.csv
fives,chasedb1,reliseg_nocl,continued,0,last,tortuosity,pvbm,8,2000,-0.10460769615729577,-0.5096621648438913,0.1816654482251483,0.21049099819466216,,,1,0,,runs/pivot/fives/seed0/reliseg_nocl/pred_chasedb1/bio.csv,results/pivot/e2_gt_chasedb1.csv,results/gateA_biomarker_scales_train.csv
fives,chasedb1,reliseg_nocl,continued,1,last,tortuosity,pvbm,8,2000,-0.18439148569388603,-1.0501612431942458,0.2511631979916574,0.16910991209702683,,,1,0,,runs/pivot/fives/seed1/reliseg_nocl/pred_chasedb1/bio.csv,results/pivot/e2_gt_chasedb1.csv,results/gateA_biomarker_scales_train.csv
fives,chasedb1,reliseg_nocl,continued,2,last,tortuosity,pvbm,8,2000,-0.37945097771910574,-0.7996531540578126,0.2617839545561692,0.2659308709698233,,,1,0,,runs/pivot/fives/seed2/reliseg_nocl/pred_chasedb1/bio.csv,results/pivot/e2_gt_chasedb1.csv,results/gateA_biomarker_scales_train.csv
fives,chasedb1,cfloss,continued,"pooled(0,1,2)",last,tortuosity,pvbm,8,2000,-0.2102991411382702,-0.29948931113822547,0.00295779146629427,0.14879153258418207,-0.7825258387232745,0.36192755644673413,3,0,yes,"runs/pivot/fives/seed{0,1,2}/cfloss/pred_chasedb1/bio.csv",results/pivot/e2_gt_chasedb1.csv,results/gateA_biomarker_scales_train.csv
fives,chasedb1,reliseg,continued,"pooled(0,1,2)",last,tortuosity,pvbm,8,2000,-0.08984409671123345,-0.5169170357987899,0.11377608546373293,0.28622161836045107,-0.9108122690253115,0.7311240756028448,3,2,no,"runs/pivot/fives/seed{0,1,2}/reliseg/pred_chasedb1/bio.csv",results/pivot/e2_gt_chasedb1.csv,results/gateA_biomarker_scales_train.csv
fives,chasedb1,reliseg_nocl,continued,"pooled(0,1,2)",last,tortuosity,pvbm,8,2000,-0.22281671985676252,-0.5243316475295536,0.006959944230657844,0.21517726042050409,-0.5740572894382912,0.12842384972476614,3,0,yes,"runs/pivot/fives/seed{0,1,2}/reliseg_nocl/pred_chasedb1/bio.csv",results/pivot/e2_gt_chasedb1.csv,results/gateA_biomarker_scales_train.csv
fives,chasedb1,cfloss,baseline,0,last,tortuosity,skan,8,2000,0.6181646279180458,-0.24287473483809313,1.1884861160701083,0.004270372682409818,,,1,1,,runs/pivot/fives/seed0/cfloss/pred_chasedb1/bio.csv,results/pivot/e2_gt_chasedb1.csv,results/gateA_biomarker_scales_train.csv
fives,chasedb1,cfloss,baseline,1,last,tortuosity,skan,8,2000,-0.04396193843519364,-0.3648283682856288,0.3584143663011703,-0.15995936769589214,,,1,0,,runs/pivot/fives/seed1/cfloss/pred_chasedb1/bio.csv,results/pivot/e2_gt_chasedb1.csv,results/gateA_biomarker_scales_train.csv
fives,chasedb1,cfloss,baseline,2,last,tortuosity,skan,8,2000,-0.1250815854961585,-0.3383788464067585,0.22062653594843473,0.08867265983255423,,,1,0,,runs/pivot/fives/seed2/cfloss/pred_chasedb1/bio.csv,results/pivot/e2_gt_chasedb1.csv,results/gateA_biomarker_scales_train.csv
fives,chasedb1,continued,baseline,0,last,tortuosity,skan,8,2000,-0.03284047137233906,-0.27131408412196223,0.12038715916043485,0.06909272286965118,,,1,0,,runs/pivot/fives/seed0/continued/pred_chasedb1/bio.csv,results/pivot/e2_gt_chasedb1.csv,results/gateA_biomarker_scales_train.csv
fives,chasedb1,continued,baseline,1,last,tortuosity,skan,8,2000,-0.03872010618671373,-0.20701657718365107,0.1054909645141407,-0.023456327741712357,,,1,0,,runs/pivot/fives/seed1/continued/pred_chasedb1/bio.csv,results/pivot/e2_gt_chasedb1.csv,results/gateA_biomarker_scales_train.csv
fives,chasedb1,continued,baseline,2,last,tortuosity,skan,8,2000,0.14913625343269543,-0.03716252966347933,0.5690691086375943,-0.07448049546313751,,,1,1,,runs/pivot/fives/seed2/continued/pred_chasedb1/bio.csv,results/pivot/e2_gt_chasedb1.csv,results/gateA_biomarker_scales_train.csv
fives,chasedb1,reliseg,baseline,0,last,tortuosity,skan,8,2000,0.08514278324762939,-0.026875801739541842,0.22023915463131713,-0.039992016842906875,,,1,1,,runs/pivot/fives/seed0/reliseg/pred_chasedb1/bio.csv,results/pivot/e2_gt_chasedb1.csv,results/gateA_biomarker_scales_train.csv
fives,chasedb1,reliseg,baseline,1,last,tortuosity,skan,8,2000,-0.09363856311741299,-0.3302398498984437,0.23436365978205653,0.23336517527598688,,,1,0,,runs/pivot/fives/seed1/reliseg/pred_chasedb1/bio.csv,results/pivot/e2_gt_chasedb1.csv,results/gateA_biomarker_scales_train.csv
fives,chasedb1,reliseg,baseline,2,last,tortuosity,skan,8,2000,-0.010230332119518237,-0.1270702372435145,0.0971525555730548,0.04152503558427045,,,1,0,,runs/pivot/fives/seed2/reliseg/pred_chasedb1/bio.csv,results/pivot/e2_gt_chasedb1.csv,results/gateA_biomarker_scales_train.csv
fives,chasedb1,reliseg_nocl,baseline,0,last,tortuosity,skan,8,2000,0.6663421292660628,-0.22619550394556628,1.2233589029579455,-0.16192384377954694,,,1,1,,runs/pivot/fives/seed0/reliseg_nocl/pred_chasedb1/bio.csv,results/pivot/e2_gt_chasedb1.csv,results/gateA_biomarker_scales_train.csv
fives,chasedb1,reliseg_nocl,baseline,1,last,tortuosity,skan,8,2000,0.06241858417383517,-0.30110008289159795,0.3426224869645734,-0.22846869126829805,,,1,1,,runs/pivot/fives/seed1/reliseg_nocl/pred_chasedb1/bio.csv,results/pivot/e2_gt_chasedb1.csv,results/gateA_biomarker_scales_train.csv
fives,chasedb1,reliseg_nocl,baseline,2,last,tortuosity,skan,8,2000,0.010261484699680662,-0.11712993889080948,0.11492634223511336,-0.0912940461858669,,,1,1,,runs/pivot/fives/seed2/reliseg_nocl/pred_chasedb1/bio.csv,results/pivot/e2_gt_chasedb1.csv,results/gateA_biomarker_scales_train.csv
fives,chasedb1,cfloss,baseline,"pooled(0,1,2)",last,tortuosity,skan,8,2000,0.14970703466223126,-0.19373229699827402,0.4816468354693845,-0.022338778393642695,-0.8631222067962255,1.162536276120688,3,1,no,"runs/pivot/fives/seed{0,1,2}/cfloss/pred_chasedb1/bio.csv",results/pivot/e2_gt_chasedb1.csv,results/gateA_biomarker_scales_train.csv
fives,chasedb1,continued,baseline,"pooled(0,1,2)",last,tortuosity,skan,8,2000,0.025858558624547546,-0.08842812745686451,0.18107122561268257,-0.009614700111732896,-0.2394525248582508,0.2911696421073459,3,1,no,"runs/pivot/fives/seed{0,1,2}/continued/pred_chasedb1/bio.csv",results/pivot/e2_gt_chasedb1.csv,results/gateA_biomarker_scales_train.csv
fives,chasedb1,reliseg,baseline,"pooled(0,1,2)",last,tortuosity,skan,8,2000,-0.006242037329767279,-0.1108600307394869,0.11983187100715378,0.07829939800578349,-0.22846648146020732,0.21598240680067277,3,1,no,"runs/pivot/fives/seed{0,1,2}/reliseg/pred_chasedb1/bio.csv",results/pivot/e2_gt_chasedb1.csv,results/gateA_biomarker_scales_train.csv
fives,chasedb1,reliseg_nocl,baseline,"pooled(0,1,2)",last,tortuosity,skan,8,2000,0.2463407327131929,-0.19139655963543406,0.48991797102619583,-0.16056219374457062,-0.6595387368415309,1.1522202022679167,3,3,yes,"runs/pivot/fives/seed{0,1,2}/reliseg_nocl/pred_chasedb1/bio.csv",results/pivot/e2_gt_chasedb1.csv,results/gateA_biomarker_scales_train.csv
fives,chasedb1,cfloss,continued,0,last,tortuosity,skan,8,2000,0.6510050992903849,-0.21065522473204812,1.16536472708049,-0.06482235018724136,,,1,1,,runs/pivot/fives/seed0/cfloss/pred_chasedb1/bio.csv,results/pivot/e2_gt_chasedb1.csv,results/gateA_biomarker_scales_train.csv
fives,chasedb1,cfloss,continued,1,last,tortuosity,skan,8,2000,-0.005241832248479905,-0.353920549479861,0.4129210277082182,-0.13650303995417978,,,1,0,,runs/pivot/fives/seed1/cfloss/pred_chasedb1/bio.csv,results/pivot/e2_gt_chasedb1.csv,results/gateA_biomarker_scales_train.csv
fives,chasedb1,cfloss,continued,2,last,tortuosity,skan,8,2000,-0.27421783892885393,-0.6447635186489323,0.07788050881471498,0.16315315529569174,,,1,0,,runs/pivot/fives/seed2/cfloss/pred_chasedb1/bio.csv,results/pivot/e2_gt_chasedb1.csv,results/gateA_biomarker_scales_train.csv
fives,chasedb1,reliseg,continued,0,last,tortuosity,skan,8,2000,0.11798325461996845,-0.009409438647348011,0.34163499351352516,-0.10908473971255805,,,1,1,,runs/pivot/fives/seed0/reliseg/pred_chasedb1/bio.csv,results/pivot/e2_gt_chasedb1.csv,results/gateA_biomarker_scales_train.csv
fives,chasedb1,reliseg,continued,1,last,tortuosity,skan,8,2000,-0.05491845693069926,-0.26066625363000684,0.20897639819024644,0.25682150301769924,,,1,0,,runs/pivot/fives/seed1/reliseg/pred_chasedb1/bio.csv,results/pivot/e2_gt_chasedb1.csv,results/gateA_biomarker_scales_train.csv
fives,chasedb1,reliseg,continued,2,last,tortuosity,skan,8,2000,-0.15936658555221367,-0.6114419721843344,0.04489302727546948,0.11600553104740796,,,1,0,,runs/pivot/fives/seed2/reliseg/pred_chasedb1/bio.csv,results/pivot/e2_gt_chasedb1.csv,results/gateA_biomarker_scales_train.csv
fives,chasedb1,reliseg_nocl,continued,0,last,tortuosity,skan,8,2000,0.6991826006384019,-0.2047188679280163,1.1981562173998304,-0.23101656664919812,,,1,1,,runs/pivot/fives/seed0/reliseg_nocl/pred_chasedb1/bio.csv,results/pivot/e2_gt_chasedb1.csv,results/gateA_biomarker_scales_train.csv
fives,chasedb1,reliseg_nocl,continued,1,last,tortuosity,skan,8,2000,0.1011386903605489,-0.29817607632558213,0.40143103533257896,-0.2050123635265857,,,1,1,,runs/pivot/fives/seed1/reliseg_nocl/pred_chasedb1/bio.csv,results/pivot/e2_gt_chasedb1.csv,results/gateA_biomarker_scales_train.csv
fives,chasedb1,reliseg_nocl,continued,2,last,tortuosity,skan,8,2000,-0.13887476873301477,-0.5182845631892017,0.001254596407432364,-0.016813550722729387,,,1,0,,runs/pivot/fives/seed2/reliseg_nocl/pred_chasedb1/bio.csv,results/pivot/e2_gt_chasedb1.csv,results/gateA_biomarker_scales_train.csv
fives,chasedb1,cfloss,continued,"pooled(0,1,2)",last,tortuosity,skan,8,2000,0.12384847603768366,-0.2011366150951734,0.3907668282674644,-0.0127240782819098,-1.0584225846573199,1.3061195367326872,3,1,no,"runs/pivot/fives/seed{0,1,2}/cfloss/pred_chasedb1/bio.csv",results/pivot/e2_gt_chasedb1.csv,results/gateA_biomarker_scales_train.csv
fives,chasedb1,reliseg,continued,"pooled(0,1,2)",last,tortuosity,skan,8,2000,-0.032100595954314824,-0.22854533032148946,0.137260433801745,0.08791409811751638,-0.38006812712797355,0.31586693521934395,3,1,no,"runs/pivot/fives/seed{0,1,2}/reliseg/pred_chasedb1/bio.csv",results/pivot/e2_gt_chasedb1.csv,results/gateA_biomarker_scales_train.csv
fives,chasedb1,reliseg_nocl,continued,"pooled(0,1,2)",last,tortuosity,skan,8,2000,0.22048217408864534,-0.19164927171831356,0.436149444802272,-0.15094749363283774,-0.8516389378380207,1.2926032860153114,3,2,no,"runs/pivot/fives/seed{0,1,2}/reliseg_nocl/pred_chasedb1/bio.csv",results/pivot/e2_gt_chasedb1.csv,results/gateA_biomarker_scales_train.csv
fives,chasedb1,cfloss,baseline,0,last,density,pvbm,8,2000,0.00982948881318002,-0.01269150667633516,0.046585890040267364,-0.25909667526258673,,,1,1,,runs/pivot/fives/seed0/cfloss/pred_chasedb1/bio.csv,results/pivot/e2_gt_chasedb1.csv,results/gateA_biomarker_scales_train.csv
fives,chasedb1,cfloss,baseline,1,last,density,pvbm,8,2000,0.0039006093086000337,-0.007579885517992493,0.02746750679521827,-0.19583396476525738,,,1,1,,runs/pivot/fives/seed1/cfloss/pred_chasedb1/bio.csv,results/pivot/e2_gt_chasedb1.csv,results/gateA_biomarker_scales_train.csv
fives,chasedb1,cfloss,baseline,2,last,density,pvbm,8,2000,0.006055112485598979,-0.04622495929013185,0.03603586860348778,0.09419277251232128,,,1,1,,runs/pivot/fives/seed2/cfloss/pred_chasedb1/bio.csv,results/pivot/e2_gt_chasedb1.csv,results/gateA_biomarker_scales_train.csv
fives,chasedb1,continued,baseline,0,last,density,pvbm,8,2000,0.00715692068409568,-0.0004295288432218519,0.02282559046955901,0.17523774258536573,,,1,1,,runs/pivot/fives/seed0/continued/pred_chasedb1/bio.csv,results/pivot/e2_gt_chasedb1.csv,results/gateA_biomarker_scales_train.csv
fives,chasedb1,continued,baseline,1,last,density,pvbm,8,2000,0.0008081973848120816,-0.004493820200325516,0.014829894990620577,-0.06548236083001946,,,1,1,,runs/pivot/fives/seed1/continued/pred_chasedb1/bio.csv,results/pivot/e2_gt_chasedb1.csv,results/gateA_biomarker_scales_train.csv
fives,chasedb1,continued,baseline,2,last,density,pvbm,8,2000,0.010798295308374617,-0.032793015497043394,0.04542789360672026,0.4904775121663745,,,1,1,,runs/pivot/fives/seed2/continued/pred_chasedb1/bio.csv,results/pivot/e2_gt_chasedb1.csv,results/gateA_biomarker_scales_train.csv
fives,chasedb1,reliseg,baseline,0,last,density,pvbm,8,2000,0.0030353532444857834,-0.009725474598764565,0.01799214709377308,0.24148171499811433,,,1,1,,runs/pivot/fives/seed0/reliseg/pred_chasedb1/bio.csv,results/pivot/e2_gt_chasedb1.csv,results/gateA_biomarker_scales_train.csv
fives,chasedb1,reliseg,baseline,1,last,density,pvbm,8,2000,0.0012408326982311646,-0.004096689731867894,0.021521741379771468,0.13500610415807124,,,1,1,,runs/pivot/fives/seed1/reliseg/pred_chasedb1/bio.csv,results/pivot/e2_gt_chasedb1.csv,results/gateA_biomarker_scales_train.csv
fives,chasedb1,reliseg,baseline,2,last,density,pvbm,8,2000,0.008519797978321031,-0.029117064816957073,0.023429880152370946,0.40485668800966756,,,1,1,,runs/pivot/fives/seed2/reliseg/pred_chasedb1/bio.csv,results/pivot/e2_gt_chasedb1.csv,results/gateA_biomarker_scales_train.csv
fives,chasedb1,reliseg_nocl,baseline,0,last,density,pvbm,8,2000,0.003877352047595317,-0.026690454650842216,0.030782806556095457,0.11320911491365493,,,1,1,,runs/pivot/fives/seed0/reliseg_nocl/pred_chasedb1/bio.csv,results/pivot/e2_gt_chasedb1.csv,results/gateA_biomarker_scales_train.csv
fives,chasedb1,reliseg_nocl,baseline,1,last,density,pvbm,8,2000,-0.014226267014761707,-0.04429571139690813,0.003774068988630716,0.12325895423804223,,,1,0,,runs/pivot/fives/seed1/reliseg_nocl/pred_chasedb1/bio.csv,results/pivot/e2_gt_chasedb1.csv,results/gateA_biomarker_scales_train.csv
fives,chasedb1,reliseg_nocl,baseline,2,last,density,pvbm,8,2000,0.003845609369433678,-0.012839859004244433,0.01028581282394848,0.4638280781555748,,,1,1,,runs/pivot/fives/seed2/reliseg_nocl/pred_chasedb1/bio.csv,results/pivot/e2_gt_chasedb1.csv,results/gateA_biomarker_scales_train.csv
fives,chasedb1,cfloss,baseline,"pooled(0,1,2)",last,density,pvbm,8,2000,0.006595070202459678,-0.014131421050169023,0.03306702365850778,-0.12024595583850761,-0.0008600620694364557,0.014050202474355813,3,3,yes,"runs/pivot/fives/seed{0,1,2}/cfloss/pred_chasedb1/bio.csv",results/pivot/e2_gt_chasedb1.csv,results/gateA_biomarker_scales_train.csv
fives,chasedb1,continued,baseline,"pooled(0,1,2)",last,density,pvbm,8,2000,0.006254471125760793,-0.004879871125276988,0.022650581264302423,0.20007763130724024,-0.006304884373782907,0.01881382662530449,3,3,yes,"runs/pivot/fives/seed{0,1,2}/continued/pred_chasedb1/bio.csv",results/pivot/e2_gt_chasedb1.csv,results/gateA_biomarker_scales_train.csv
fives,chasedb1,reliseg,baseline,"pooled(0,1,2)",last,density,pvbm,8,2000,0.004265327973679327,-0.0020815090931986173,0.010749832708635368,0.2604481690552844,-0.005154914711921599,0.013685570659280253,3,3,yes,"runs/pivot/fives/seed{0,1,2}/reliseg/pred_chasedb1/bio.csv",results/pivot/e2_gt_chasedb1.csv,results/gateA_biomarker_scales_train.csv
fives,chasedb1,reliseg_nocl,baseline,"pooled(0,1,2)",last,density,pvbm,8,2000,-0.0021677685325775706,-0.01824901535871923,0.004071746495051369,0.233432049102424,-0.028109564198577408,0.02377402713342227,3,2,no,"runs/pivot/fives/seed{0,1,2}/reliseg_nocl/pred_chasedb1/bio.csv",results/pivot/e2_gt_chasedb1.csv,results/gateA_biomarker_scales_train.csv
fives,chasedb1,cfloss,continued,0,last,density,pvbm,8,2000,0.0026725681290843406,-0.023427168006513188,0.02866877494867131,-0.43433441784795246,,,1,1,,runs/pivot/fives/seed0/cfloss/pred_chasedb1/bio.csv,results/pivot/e2_gt_chasedb1.csv,results/gateA_biomarker_scales_train.csv
fives,chasedb1,cfloss,continued,1,last,density,pvbm,8,2000,0.003092411923787952,-0.0087238302368221,0.01953958576459303,-0.13035160393523793,,,1,1,,runs/pivot/fives/seed1/cfloss/pred_chasedb1/bio.csv,results/pivot/e2_gt_chasedb1.csv,results/gateA_biomarker_scales_train.csv
fives,chasedb1,cfloss,continued,2,last,density,pvbm,8,2000,-0.004743182822775638,-0.018256424283503478,-5.126311449166199e-05,-0.3962847396540532,,,1,0,,runs/pivot/fives/seed2/cfloss/pred_chasedb1/bio.csv,results/pivot/e2_gt_chasedb1.csv,results/gateA_biomarker_scales_train.csv
fives,chasedb1,reliseg,continued,0,last,density,pvbm,8,2000,-0.004121567439609897,-0.025912872937440115,0.0023867160288282485,0.0662439724127486,,,1,0,,runs/pivot/fives/seed0/reliseg/pred_chasedb1/bio.csv,results/pivot/e2_gt_chasedb1.csv,results/gateA_biomarker_scales_train.csv
fives,chasedb1,reliseg,continued,1,last,density,pvbm,8,2000,0.000432635313419083,-0.003688213763525966,0.010874847507385588,0.2004884649880907,,,1,1,,runs/pivot/fives/seed1/reliseg/pred_chasedb1/bio.csv,results/pivot/e2_gt_chasedb1.csv,results/gateA_biomarker_scales_train.csv
fives,chasedb1,reliseg,continued,2,last,density,pvbm,8,2000,-0.002278497330053586,-0.031505943008847764,0.013909115983955403,-0.08562082415670691,,,1,0,,runs/pivot/fives/seed2/reliseg/pred_chasedb1/bio.csv,results/pivot/e2_gt_chasedb1.csv,results/gateA_biomarker_scales_train.csv
fives,chasedb1,reliseg_nocl,continued,0,last,density,pvbm,8,2000,-0.003279568636500363,-0.03733293190200446,0.01388126915478837,-0.0620286276717108,,,1,0,,runs/pivot/fives/seed0/reliseg_nocl/pred_chasedb1/bio.csv,results/pivot/e2_gt_chasedb1.csv,results/gateA_biomarker_scales_train.csv
fives,chasedb1,reliseg_nocl,continued,1,last,density,pvbm,8,2000,-0.015034464399573788,-0.052849466176349114,0.0021167680337808264,0.1887413150680617,,,1,0,,runs/pivot/fives/seed1/reliseg_nocl/pred_chasedb1/bio.csv,results/pivot/e2_gt_chasedb1.csv,results/gateA_biomarker_scales_train.csv
fives,chasedb1,reliseg_nocl,continued,2,last,density,pvbm,8,2000,-0.006952685938940939,-0.04866616608772276,0.03142907539972296,-0.026649434010799666,,,1,0,,runs/pivot/fives/seed2/reliseg_nocl/pred_chasedb1/bio.csv,results/pivot/e2_gt_chasedb1.csv,results/gateA_biomarker_scales_train.csv
fives,chasedb1,cfloss,continued,"pooled(0,1,2)",last,density,pvbm,8,2000,0.00034059907669888495,-0.011259462639524475,0.010705449029749658,-0.3203235871457479,-0.010608699973936512,0.011289898127334283,3,2,no,"runs/pivot/fives/seed{0,1,2}/cfloss/pred_chasedb1/bio.csv",results/pivot/e2_gt_chasedb1.csv,results/gateA_biomarker_scales_train.csv
fives,chasedb1,reliseg,continued,"pooled(0,1,2)",last,density,pvbm,8,2000,-0.0019891431520814664,-0.01655753669813799,0.004596021301674214,0.06037053774804413,-0.007679925331891499,0.003701639027728566,3,1,no,"runs/pivot/fives/seed{0,1,2}/reliseg/pred_chasedb1/bio.csv",results/pivot/e2_gt_chasedb1.csv,results/gateA_biomarker_scales_train.csv
fives,chasedb1,reliseg_nocl,continued,"pooled(0,1,2)",last,density,pvbm,8,2000,-0.008422239658338363,-0.03969891130922963,0.008047713539924643,0.03335441779518374,-0.023360994727808275,0.006516515411131548,3,0,yes,"runs/pivot/fives/seed{0,1,2}/reliseg_nocl/pred_chasedb1/bio.csv",results/pivot/e2_gt_chasedb1.csv,results/gateA_biomarker_scales_train.csv
fives,chasedb1,cfloss,baseline,0,last,density,skan,8,2000,0.00982948881318002,-0.01269150667633516,0.046585890040267364,-0.25909667526258673,,,1,1,,runs/pivot/fives/seed0/cfloss/pred_chasedb1/bio.csv,results/pivot/e2_gt_chasedb1.csv,results/gateA_biomarker_scales_train.csv
fives,chasedb1,cfloss,baseline,1,last,density,skan,8,2000,0.0039006093086000337,-0.007579885517992493,0.02746750679521827,-0.19583396476525738,,,1,1,,runs/pivot/fives/seed1/cfloss/pred_chasedb1/bio.csv,results/pivot/e2_gt_chasedb1.csv,results/gateA_biomarker_scales_train.csv
fives,chasedb1,cfloss,baseline,2,last,density,skan,8,2000,0.006055112485598979,-0.04622495929013185,0.03603586860348778,0.09419277251232128,,,1,1,,runs/pivot/fives/seed2/cfloss/pred_chasedb1/bio.csv,results/pivot/e2_gt_chasedb1.csv,results/gateA_biomarker_scales_train.csv
fives,chasedb1,continued,baseline,0,last,density,skan,8,2000,0.00715692068409568,-0.0004295288432218519,0.02282559046955901,0.17523774258536573,,,1,1,,runs/pivot/fives/seed0/continued/pred_chasedb1/bio.csv,results/pivot/e2_gt_chasedb1.csv,results/gateA_biomarker_scales_train.csv
fives,chasedb1,continued,baseline,1,last,density,skan,8,2000,0.0008081973848120816,-0.004493820200325516,0.014829894990620577,-0.06548236083001946,,,1,1,,runs/pivot/fives/seed1/continued/pred_chasedb1/bio.csv,results/pivot/e2_gt_chasedb1.csv,results/gateA_biomarker_scales_train.csv
fives,chasedb1,continued,baseline,2,last,density,skan,8,2000,0.010798295308374617,-0.032793015497043394,0.04542789360672026,0.4904775121663745,,,1,1,,runs/pivot/fives/seed2/continued/pred_chasedb1/bio.csv,results/pivot/e2_gt_chasedb1.csv,results/gateA_biomarker_scales_train.csv
fives,chasedb1,reliseg,baseline,0,last,density,skan,8,2000,0.0030353532444857834,-0.009725474598764565,0.01799214709377308,0.24148171499811433,,,1,1,,runs/pivot/fives/seed0/reliseg/pred_chasedb1/bio.csv,results/pivot/e2_gt_chasedb1.csv,results/gateA_biomarker_scales_train.csv
fives,chasedb1,reliseg,baseline,1,last,density,skan,8,2000,0.0012408326982311646,-0.004096689731867894,0.021521741379771468,0.13500610415807124,,,1,1,,runs/pivot/fives/seed1/reliseg/pred_chasedb1/bio.csv,results/pivot/e2_gt_chasedb1.csv,results/gateA_biomarker_scales_train.csv
fives,chasedb1,reliseg,baseline,2,last,density,skan,8,2000,0.008519797978321031,-0.029117064816957073,0.023429880152370946,0.40485668800966756,,,1,1,,runs/pivot/fives/seed2/reliseg/pred_chasedb1/bio.csv,results/pivot/e2_gt_chasedb1.csv,results/gateA_biomarker_scales_train.csv
fives,chasedb1,reliseg_nocl,baseline,0,last,density,skan,8,2000,0.003877352047595317,-0.026690454650842216,0.030782806556095457,0.11320911491365493,,,1,1,,runs/pivot/fives/seed0/reliseg_nocl/pred_chasedb1/bio.csv,results/pivot/e2_gt_chasedb1.csv,results/gateA_biomarker_scales_train.csv
fives,chasedb1,reliseg_nocl,baseline,1,last,density,skan,8,2000,-0.014226267014761707,-0.04429571139690813,0.003774068988630716,0.12325895423804223,,,1,0,,runs/pivot/fives/seed1/reliseg_nocl/pred_chasedb1/bio.csv,results/pivot/e2_gt_chasedb1.csv,results/gateA_biomarker_scales_train.csv
fives,chasedb1,reliseg_nocl,baseline,2,last,density,skan,8,2000,0.003845609369433678,-0.012839859004244433,0.01028581282394848,0.4638280781555748,,,1,1,,runs/pivot/fives/seed2/reliseg_nocl/pred_chasedb1/bio.csv,results/pivot/e2_gt_chasedb1.csv,results/gateA_biomarker_scales_train.csv
fives,chasedb1,cfloss,baseline,"pooled(0,1,2)",last,density,skan,8,2000,0.006595070202459678,-0.014131421050169023,0.03306702365850778,-0.12024595583850761,-0.0008600620694364557,0.014050202474355813,3,3,yes,"runs/pivot/fives/seed{0,1,2}/cfloss/pred_chasedb1/bio.csv",results/pivot/e2_gt_chasedb1.csv,results/gateA_biomarker_scales_train.csv
fives,chasedb1,continued,baseline,"pooled(0,1,2)",last,density,skan,8,2000,0.006254471125760793,-0.004879871125276988,0.022650581264302423,0.20007763130724024,-0.006304884373782907,0.01881382662530449,3,3,yes,"runs/pivot/fives/seed{0,1,2}/continued/pred_chasedb1/bio.csv",results/pivot/e2_gt_chasedb1.csv,results/gateA_biomarker_scales_train.csv
fives,chasedb1,reliseg,baseline,"pooled(0,1,2)",last,density,skan,8,2000,0.004265327973679327,-0.0020815090931986173,0.010749832708635368,0.2604481690552844,-0.005154914711921599,0.013685570659280253,3,3,yes,"runs/pivot/fives/seed{0,1,2}/reliseg/pred_chasedb1/bio.csv",results/pivot/e2_gt_chasedb1.csv,results/gateA_biomarker_scales_train.csv
fives,chasedb1,reliseg_nocl,baseline,"pooled(0,1,2)",last,density,skan,8,2000,-0.0021677685325775706,-0.01824901535871923,0.004071746495051369,0.233432049102424,-0.028109564198577408,0.02377402713342227,3,2,no,"runs/pivot/fives/seed{0,1,2}/reliseg_nocl/pred_chasedb1/bio.csv",results/pivot/e2_gt_chasedb1.csv,results/gateA_biomarker_scales_train.csv
fives,chasedb1,cfloss,continued,0,last,density,skan,8,2000,0.0026725681290843406,-0.023427168006513188,0.02866877494867131,-0.43433441784795246,,,1,1,,runs/pivot/fives/seed0/cfloss/pred_chasedb1/bio.csv,results/pivot/e2_gt_chasedb1.csv,results/gateA_biomarker_scales_train.csv
fives,chasedb1,cfloss,continued,1,last,density,skan,8,2000,0.003092411923787952,-0.0087238302368221,0.01953958576459303,-0.13035160393523793,,,1,1,,runs/pivot/fives/seed1/cfloss/pred_chasedb1/bio.csv,results/pivot/e2_gt_chasedb1.csv,results/gateA_biomarker_scales_train.csv
fives,chasedb1,cfloss,continued,2,last,density,skan,8,2000,-0.004743182822775638,-0.018256424283503478,-5.126311449166199e-05,-0.3962847396540532,,,1,0,,runs/pivot/fives/seed2/cfloss/pred_chasedb1/bio.csv,results/pivot/e2_gt_chasedb1.csv,results/gateA_biomarker_scales_train.csv
fives,chasedb1,reliseg,continued,0,last,density,skan,8,2000,-0.004121567439609897,-0.025912872937440115,0.0023867160288282485,0.0662439724127486,,,1,0,,runs/pivot/fives/seed0/reliseg/pred_chasedb1/bio.csv,results/pivot/e2_gt_chasedb1.csv,results/gateA_biomarker_scales_train.csv
fives,chasedb1,reliseg,continued,1,last,density,skan,8,2000,0.000432635313419083,-0.003688213763525966,0.010874847507385588,0.2004884649880907,,,1,1,,runs/pivot/fives/seed1/reliseg/pred_chasedb1/bio.csv,results/pivot/e2_gt_chasedb1.csv,results/gateA_biomarker_scales_train.csv
fives,chasedb1,reliseg,continued,2,last,density,skan,8,2000,-0.002278497330053586,-0.031505943008847764,0.013909115983955403,-0.08562082415670691,,,1,0,,runs/pivot/fives/seed2/reliseg/pred_chasedb1/bio.csv,results/pivot/e2_gt_chasedb1.csv,results/gateA_biomarker_scales_train.csv
fives,chasedb1,reliseg_nocl,continued,0,last,density,skan,8,2000,-0.003279568636500363,-0.03733293190200446,0.01388126915478837,-0.0620286276717108,,,1,0,,runs/pivot/fives/seed0/reliseg_nocl/pred_chasedb1/bio.csv,results/pivot/e2_gt_chasedb1.csv,results/gateA_biomarker_scales_train.csv
fives,chasedb1,reliseg_nocl,continued,1,last,density,skan,8,2000,-0.015034464399573788,-0.052849466176349114,0.0021167680337808264,0.1887413150680617,,,1,0,,runs/pivot/fives/seed1/reliseg_nocl/pred_chasedb1/bio.csv,results/pivot/e2_gt_chasedb1.csv,results/gateA_biomarker_scales_train.csv
fives,chasedb1,reliseg_nocl,continued,2,last,density,skan,8,2000,-0.006952685938940939,-0.04866616608772276,0.03142907539972296,-0.026649434010799666,,,1,0,,runs/pivot/fives/seed2/reliseg_nocl/pred_chasedb1/bio.csv,results/pivot/e2_gt_chasedb1.csv,results/gateA_biomarker_scales_train.csv
fives,chasedb1,cfloss,continued,"pooled(0,1,2)",last,density,skan,8,2000,0.00034059907669888495,-0.011259462639524475,0.010705449029749658,-0.3203235871457479,-0.010608699973936512,0.011289898127334283,3,2,no,"runs/pivot/fives/seed{0,1,2}/cfloss/pred_chasedb1/bio.csv",results/pivot/e2_gt_chasedb1.csv,results/gateA_biomarker_scales_train.csv
fives,chasedb1,reliseg,continued,"pooled(0,1,2)",last,density,skan,8,2000,-0.0019891431520814664,-0.01655753669813799,0.004596021301674214,0.06037053774804413,-0.007679925331891499,0.003701639027728566,3,1,no,"runs/pivot/fives/seed{0,1,2}/reliseg/pred_chasedb1/bio.csv",results/pivot/e2_gt_chasedb1.csv,results/gateA_biomarker_scales_train.csv
fives,chasedb1,reliseg_nocl,continued,"pooled(0,1,2)",last,density,skan,8,2000,-0.008422239658338363,-0.03969891130922963,0.008047713539924643,0.03335441779518374,-0.023360994727808275,0.006516515411131548,3,0,yes,"runs/pivot/fives/seed{0,1,2}/reliseg_nocl/pred_chasedb1/bio.csv",results/pivot/e2_gt_chasedb1.csv,results/gateA_biomarker_scales_train.csv
fives,chasedb1,cfloss,baseline,0,last,total_length,pvbm,8,2000,-0.0034281292628968174,-0.0449858892633861,0.04322933886749891,-0.022325091904314975,,,1,0,,runs/pivot/fives/seed0/cfloss/pred_chasedb1/bio.csv,results/pivot/e2_gt_chasedb1.csv,results/gateA_biomarker_scales_train.csv
fives,chasedb1,cfloss,baseline,1,last,total_length,pvbm,8,2000,-0.009546949909424618,-0.054694704535519056,0.0023940491476451575,-0.04583069936753037,,,1,0,,runs/pivot/fives/seed1/cfloss/pred_chasedb1/bio.csv,results/pivot/e2_gt_chasedb1.csv,results/gateA_biomarker_scales_train.csv
fives,chasedb1,cfloss,baseline,2,last,total_length,pvbm,8,2000,0.006959183826319326,-0.008211161627854477,0.05080706126129606,0.025693615935035385,,,1,1,,runs/pivot/fives/seed2/cfloss/pred_chasedb1/bio.csv,results/pivot/e2_gt_chasedb1.csv,results/gateA_biomarker_scales_train.csv
fives,chasedb1,continued,baseline,0,last,total_length,pvbm,8,2000,-0.015768932869826724,-0.1133297895956251,0.009410657810029366,-0.03988800508936108,,,1,0,,runs/pivot/fives/seed0/continued/pred_chasedb1/bio.csv,results/pivot/e2_gt_chasedb1.csv,results/gateA_biomarker_scales_train.csv
fives,chasedb1,continued,baseline,1,last,total_length,pvbm,8,2000,-0.002401280702269415,-0.020470559137839038,0.015860741460542765,-0.05555058816911396,,,1,0,,runs/pivot/fives/seed1/continued/pred_chasedb1/bio.csv,results/pivot/e2_gt_chasedb1.csv,results/gateA_biomarker_scales_train.csv
fives,chasedb1,continued,baseline,2,last,total_length,pvbm,8,2000,-0.018134764716483565,-0.07355894441384969,0.003468578306409122,0.06830901192095817,,,1,0,,runs/pivot/fives/seed2/continued/pred_chasedb1/bio.csv,results/pivot/e2_gt_chasedb1.csv,results/gateA_biomarker_scales_train.csv
fives,chasedb1,reliseg,baseline,0,last,total_length,pvbm,8,2000,-0.003435214158157507,-0.029889887460598986,0.003555770998428526,0.06546736169384548,,,1,0,,runs/pivot/fives/seed0/reliseg/pred_chasedb1/bio.csv,results/pivot/e2_gt_chasedb1.csv,results/gateA_biomarker_scales_train.csv
fives,chasedb1,reliseg,baseline,1,last,total_length,pvbm,8,2000,0.0061752754782608,-0.013649656519272654,0.052314198708251956,0.063281465357232,,,1,1,,runs/pivot/fives/seed1/reliseg/pred_chasedb1/bio.csv,results/pivot/e2_gt_chasedb1.csv,results/gateA_biomarker_scales_train.csv
fives,chasedb1,reliseg,baseline,2,last,total_length,pvbm,8,2000,0.011792735232667773,-0.006136804911045404,0.043005431456891424,0.11578901401561592,,,1,1,,runs/pivot/fives/seed2/reliseg/pred_chasedb1/bio.csv,results/pivot/e2_gt_chasedb1.csv,results/gateA_biomarker_scales_train.csv
fives,chasedb1,reliseg_nocl,baseline,0,last,total_length,pvbm,8,2000,-0.00032844788094421595,-0.032821950530763304,0.03282459584449597,0.07784942557099622,,,1,0,,runs/pivot/fives/seed0/reliseg_nocl/pred_chasedb1/bio.csv,results/pivot/e2_gt_chasedb1.csv,results/gateA_biomarker_scales_train.csv
fives,chasedb1,reliseg_nocl,baseline,1,last,total_length,pvbm,8,2000,0.0008809961458506876,-0.021342535713604876,0.050719017784599196,0.10614414293596014,,,1,1,,runs/pivot/fives/seed1/reliseg_nocl/pred_chasedb1/bio.csv,results/pivot/e2_gt_chasedb1.csv,results/gateA_biomarker_scales_train.csv
fives,chasedb1,reliseg_nocl,baseline,2,last,total_length,pvbm,8,2000,-0.010329597939667035,-0.0768529904557923,0.005390341220084207,0.19882159922471376,,,1,0,,runs/pivot/fives/seed2/reliseg_nocl/pred_chasedb1/bio.csv,results/pivot/e2_gt_chasedb1.csv,results/gateA_biomarker_scales_train.csv
fives,chasedb1,cfloss,baseline,"pooled(0,1,2)",last,total_length,pvbm,8,2000,-0.0020052984486673697,-0.022415029547733813,0.013679117075422279,-0.01415405844560332,-0.022734299917798014,0.018723703020463275,3,1,no,"runs/pivot/fives/seed{0,1,2}/cfloss/pred_chasedb1/bio.csv",results/pivot/e2_gt_chasedb1.csv,results/gateA_biomarker_scales_train.csv
fives,chasedb1,continued,baseline,"pooled(0,1,2)",last,total_length,pvbm,8,2000,-0.012101659429526568,-0.04655033930178868,-0.0018496601210357287,-0.009043193779172287,-0.033176211889890145,0.00897289303083701,3,0,yes,"runs/pivot/fives/seed{0,1,2}/continued/pred_chasedb1/bio.csv",results/pivot/e2_gt_chasedb1.csv,results/gateA_biomarker_scales_train.csv
fives,chasedb1,reliseg,baseline,"pooled(0,1,2)",last,total_length,pvbm,8,2000,0.0048442655175903555,-0.007265235545469774,0.021819771841260535,0.0815126136888978,-0.014285417761926753,0.023973948797107465,3,2,no,"runs/pivot/fives/seed{0,1,2}/reliseg/pred_chasedb1/bio.csv",results/pivot/e2_gt_chasedb1.csv,results/gateA_biomarker_scales_train.csv
fives,chasedb1,reliseg_nocl,baseline,"pooled(0,1,2)",last,total_length,pvbm,8,2000,-0.003259016558253521,-0.03320060308203832,0.01692930713343048,0.1276050559105567,-0.01854414208893815,0.012026108972431108,3,1,no,"runs/pivot/fives/seed{0,1,2}/reliseg_nocl/pred_chasedb1/bio.csv",results/pivot/e2_gt_chasedb1.csv,results/gateA_biomarker_scales_train.csv
fives,chasedb1,cfloss,continued,0,last,total_length,pvbm,8,2000,0.012340803606929907,-0.020561559420639555,0.1188237048219655,0.017562913185046103,,,1,1,,runs/pivot/fives/seed0/cfloss/pred_chasedb1/bio.csv,results/pivot/e2_gt_chasedb1.csv,results/gateA_biomarker_scales_train.csv
fives,chasedb1,cfloss,continued,1,last,total_length,pvbm,8,2000,-0.007145669207155203,-0.06046892242761992,0.01621668981376733,0.009719888801583587,,,1,0,,runs/pivot/fives/seed1/cfloss/pred_chasedb1/bio.csv,results/pivot/e2_gt_chasedb1.csv,results/gateA_biomarker_scales_train.csv
fives,chasedb1,cfloss,continued,2,last,total_length,pvbm,8,2000,0.02509394854280289,0.004950922522131779,0.08757490315378402,-0.04261539598592279,,,1,1,,runs/pivot/fives/seed2/cfloss/pred_chasedb1/bio.csv,results/pivot/e2_gt_chasedb1.csv,results/gateA_biomarker_scales_train.csv
fives,chasedb1,reliseg,continued,0,last,total_length,pvbm,8,2000,0.012333718711669217,-0.008337134998142176,0.08239723357943722,0.10535536678320656,,,1,1,,runs/pivot/fives/seed0/reliseg/pred_chasedb1/bio.csv,results/pivot/e2_gt_chasedb1.csv,results/gateA_biomarker_scales_train.csv
fives,chasedb1,reliseg,continued,1,last,total_length,pvbm,8,2000,0.008576556180530215,-0.0022519793206192654,0.04801317793399399,0.11883205352634596,,,1,1,,runs/pivot/fives/seed1/reliseg/pred_chasedb1/bio.csv,results/pivot/e2_gt_chasedb1.csv,results/gateA_biomarker_scales_train.csv
fives,chasedb1,reliseg,continued,2,last,total_length,pvbm,8,2000,0.029927499949151337,-0.005103129788595442,0.09716494398776458,0.04748000209465775,,,1,1,,runs/pivot/fives/seed2/reliseg/pred_chasedb1/bio.csv,results/pivot/e2_gt_chasedb1.csv,results/gateA_biomarker_scales_train.csv
fives,chasedb1,reliseg_nocl,continued,0,last,total_length,pvbm,8,2000,0.015440484988882508,-0.007758071140780728,0.1185075272951409,0.1177374306603573,,,1,1,,runs/pivot/fives/seed0/reliseg_nocl/pred_chasedb1/bio.csv,results/pivot/e2_gt_chasedb1.csv,results/gateA_biomarker_scales_train.csv
fives,chasedb1,reliseg_nocl,continued,1,last,total_length,pvbm,8,2000,0.0032822768481201026,-0.023314946642158295,0.048414063913063354,0.1616947311050741,,,1,1,,runs/pivot/fives/seed1/reliseg_nocl/pred_chasedb1/bio.csv,results/pivot/e2_gt_chasedb1.csv,results/gateA_biomarker_scales_train.csv
fives,chasedb1,reliseg_nocl,continued,2,last,total_length,pvbm,8,2000,0.00780516677681653,-0.029128360345242247,0.02694469077320707,0.1305125873037556,,,1,1,,runs/pivot/fives/seed2/reliseg_nocl/pred_chasedb1/bio.csv,results/pivot/e2_gt_chasedb1.csv,results/gateA_biomarker_scales_train.csv
fives,chasedb1,cfloss,continued,"pooled(0,1,2)",last,total_length,pvbm,8,2000,0.010096360980859198,-0.003828072823906294,0.05102852379860708,-0.0051108646664310324,-0.030237528239587377,0.050430250201305774,3,2,no,"runs/pivot/fives/seed{0,1,2}/cfloss/pred_chasedb1/bio.csv",results/pivot/e2_gt_chasedb1.csv,results/gateA_biomarker_scales_train.csv
fives,chasedb1,reliseg,continued,"pooled(0,1,2)",last,total_length,pvbm,8,2000,0.016945924947116924,0.001559875243378599,0.06750600669376551,0.09055580746807008,-0.01136889027870484,0.045260740172938685,3,3,yes,"runs/pivot/fives/seed{0,1,2}/reliseg/pred_chasedb1/bio.csv",results/pivot/e2_gt_chasedb1.csv,results/gateA_biomarker_scales_train.csv
fives,chasedb1,reliseg_nocl,continued,"pooled(0,1,2)",last,total_length,pvbm,8,2000,0.008842642871273046,-0.00887386534086436,0.056813724800428345,0.136648249689729,-0.006422736839249366,0.02410802258179546,3,3,yes,"runs/pivot/fives/seed{0,1,2}/reliseg_nocl/pred_chasedb1/bio.csv",results/pivot/e2_gt_chasedb1.csv,results/gateA_biomarker_scales_train.csv
fives,chasedb1,cfloss,baseline,0,last,total_length,skan,8,2000,0.011484216467253616,-0.013729087595345626,0.09745468736947002,-0.06140345796850092,,,1,1,,runs/pivot/fives/seed0/cfloss/pred_chasedb1/bio.csv,results/pivot/e2_gt_chasedb1.csv,results/gateA_biomarker_scales_train.csv
fives,chasedb1,cfloss,baseline,1,last,total_length,skan,8,2000,0.008458131591947193,-0.009799347565603722,0.09216136907236308,-0.06246020190190603,,,1,1,,runs/pivot/fives/seed1/cfloss/pred_chasedb1/bio.csv,results/pivot/e2_gt_chasedb1.csv,results/gateA_biomarker_scales_train.csv
fives,chasedb1,cfloss,baseline,2,last,total_length,skan,8,2000,-0.00381980639828583,-0.04275148235280025,0.025318688800287904,0.045882162569885934,,,1,0,,runs/pivot/fives/seed2/cfloss/pred_chasedb1/bio.csv,results/pivot/e2_gt_chasedb1.csv,results/gateA_biomarker_scales_train.csv
fives,chasedb1,continued,baseline,0,last,total_length,skan,8,2000,-0.015468754756308045,-0.09706017873976103,0.004833614269501152,-0.08372705909626069,,,1,0,,runs/pivot/fives/seed0/continued/pred_chasedb1/bio.csv,results/pivot/e2_gt_chasedb1.csv,results/gateA_biomarker_scales_train.csv
fives,chasedb1,continued,baseline,1,last,total_length,skan,8,2000,0.003804834187995265,-0.007228895868267257,0.05800733349542737,-0.16299244740534044,,,1,1,,runs/pivot/fives/seed1/continued/pred_chasedb1/bio.csv,results/pivot/e2_gt_chasedb1.csv,results/gateA_biomarker_scales_train.csv
fives,chasedb1,continued,baseline,2,last,total_length,skan,8,2000,-0.006057598756005089,-0.01514461925589947,0.02345034559204862,0.02128740735199998,,,1,0,,runs/pivot/fives/seed2/continued/pred_chasedb1/bio.csv,results/pivot/e2_gt_chasedb1.csv,results/gateA_biomarker_scales_train.csv
fives,chasedb1,reliseg,baseline,0,last,total_length,skan,8,2000,-0.0012035732161846946,-0.05591368952432641,0.01370492653943143,0.0954351716581875,,,1,0,,runs/pivot/fives/seed0/reliseg/pred_chasedb1/bio.csv,results/pivot/e2_gt_chasedb1.csv,results/gateA_biomarker_scales_train.csv
fives,chasedb1,reliseg,baseline,1,last,total_length,skan,8,2000,0.003608894535728435,-0.010000788391671848,0.04874469940868443,-0.0016460261108833252,,,1,1,,runs/pivot/fives/seed1/reliseg/pred_chasedb1/bio.csv,results/pivot/e2_gt_chasedb1.csv,results/gateA_biomarker_scales_train.csv
fives,chasedb1,reliseg,baseline,2,last,total_length,skan,8,2000,0.020488163237805,0.0018155680781829777,0.11453836854679875,0.09445003661512305,,,1,1,,runs/pivot/fives/seed2/reliseg/pred_chasedb1/bio.csv,results/pivot/e2_gt_chasedb1.csv,results/gateA_biomarker_scales_train.csv
fives,chasedb1,reliseg_nocl,baseline,0,last,total_length,skan,8,2000,0.009265694208204334,-0.03004462203291949,0.07290359645454846,0.07633286106333582,,,1,1,,runs/pivot/fives/seed0/reliseg_nocl/pred_chasedb1/bio.csv,results/pivot/e2_gt_chasedb1.csv,results/gateA_biomarker_scales_train.csv
fives,chasedb1,reliseg_nocl,baseline,1,last,total_length,skan,8,2000,-0.013205432277125118,-0.11715238074397957,0.021276662559822027,0.15526537626904915,,,1,0,,runs/pivot/fives/seed1/reliseg_nocl/pred_chasedb1/bio.csv,results/pivot/e2_gt_chasedb1.csv,results/gateA_biomarker_scales_train.csv
fives,chasedb1,reliseg_nocl,baseline,2,last,total_length,skan,8,2000,-0.015218791823584099,-0.16043412711354155,0.009333658214816803,0.27417469798708943,,,1,0,,runs/pivot/fives/seed2/reliseg_nocl/pred_chasedb1/bio.csv,results/pivot/e2_gt_chasedb1.csv,results/gateA_biomarker_scales_train.csv
fives,chasedb1,cfloss,baseline,"pooled(0,1,2)",last,total_length,skan,8,2000,0.005374180553638326,-0.0027087470397561346,0.049625680695560004,-0.025993832433507006,-0.014759038309376131,0.025507399416652782,3,2,no,"runs/pivot/fives/seed{0,1,2}/cfloss/pred_chasedb1/bio.csv",results/pivot/e2_gt_chasedb1.csv,results/gateA_biomarker_scales_train.csv
fives,chasedb1,continued,baseline,"pooled(0,1,2)",last,total_length,skan,8,2000,-0.005907173108105956,-0.021620511301236274,0.009979663092580507,-0.07514403304986705,-0.029848484926037252,0.01803413870982534,3,1,no,"runs/pivot/fives/seed{0,1,2}/continued/pred_chasedb1/bio.csv",results/pivot/e2_gt_chasedb1.csv,results/gateA_biomarker_scales_train.csv
fives,chasedb1,reliseg,baseline,"pooled(0,1,2)",last,total_length,skan,8,2000,0.007631161519116247,0.0005866554488152274,0.03723074877843986,0.06274639405414241,-0.02066695418678831,0.0359292772250208,3,2,no,"runs/pivot/fives/seed{0,1,2}/reliseg/pred_chasedb1/bio.csv",results/pivot/e2_gt_chasedb1.csv,results/gateA_biomarker_scales_train.csv
fives,chasedb1,reliseg_nocl,baseline,"pooled(0,1,2)",last,total_length,skan,8,2000,-0.006386176630834961,-0.07746040646362118,0.009322133418354049,0.16859097843982482,-0.04015119193081652,0.027378838669146595,3,1,no,"runs/pivot/fives/seed{0,1,2}/reliseg_nocl/pred_chasedb1/bio.csv",results/pivot/e2_gt_chasedb1.csv,results/gateA_biomarker_scales_train.csv
fives,chasedb1,cfloss,continued,0,last,total_length,skan,8,2000,0.02695297122356166,0.0013506774708395008,0.17395532251882076,0.022323601127759767,,,1,1,,runs/pivot/fives/seed0/cfloss/pred_chasedb1/bio.csv,results/pivot/e2_gt_chasedb1.csv,results/gateA_biomarker_scales_train.csv
fives,chasedb1,cfloss,continued,1,last,total_length,skan,8,2000,0.004653297403951928,-0.024455718168140236,0.052527567394802646,0.1005322455034344,,,1,1,,runs/pivot/fives/seed1/cfloss/pred_chasedb1/bio.csv,results/pivot/e2_gt_chasedb1.csv,results/gateA_biomarker_scales_train.csv
fives,chasedb1,cfloss,continued,2,last,total_length,skan,8,2000,0.0022377923577192593,-0.050165987239102115,0.019255930800423798,0.024594755217885955,,,1,1,,runs/pivot/fives/seed2/cfloss/pred_chasedb1/bio.csv,results/pivot/e2_gt_chasedb1.csv,results/gateA_biomarker_scales_train.csv
fives,chasedb1,reliseg,continued,0,last,total_length,skan,8,2000,0.01426518154012335,-0.012589250785258299,0.06936172139326255,0.1791622307544482,,,1,1,,runs/pivot/fives/seed0/reliseg/pred_chasedb1/bio.csv,results/pivot/e2_gt_chasedb1.csv,results/gateA_biomarker_scales_train.csv
fives,chasedb1,reliseg,continued,1,last,total_length,skan,8,2000,-0.00019593965226682997,-0.02963537183274468,0.011179421120317461,0.16134642129445712,,,1,0,,runs/pivot/fives/seed1/reliseg/pred_chasedb1/bio.csv,results/pivot/e2_gt_chasedb1.csv,results/gateA_biomarker_scales_train.csv
fives,chasedb1,reliseg,continued,2,last,total_length,skan,8,2000,0.02654576199381009,0.0021696150609916975,0.10723749869825705,0.07316262926312309,,,1,1,,runs/pivot/fives/seed2/reliseg/pred_chasedb1/bio.csv,results/pivot/e2_gt_chasedb1.csv,results/gateA_biomarker_scales_train.csv
fives,chasedb1,reliseg_nocl,continued,0,last,total_length,skan,8,2000,0.02473444896451238,-0.0020697806237173987,0.13959301730331047,0.16005992015959652,,,1,1,,runs/pivot/fives/seed0/reliseg_nocl/pred_chasedb1/bio.csv,results/pivot/e2_gt_chasedb1.csv,results/gateA_biomarker_scales_train.csv
fives,chasedb1,reliseg_nocl,continued,1,last,total_length,skan,8,2000,-0.017010266465120383,-0.17269116698966724,0.019668007583262592,0.3182578236743896,,,1,0,,runs/pivot/fives/seed1/reliseg_nocl/pred_chasedb1/bio.csv,results/pivot/e2_gt_chasedb1.csv,results/gateA_biomarker_scales_train.csv
fives,chasedb1,reliseg_nocl,continued,2,last,total_length,skan,8,2000,-0.00916119306757901,-0.18320268677037577,0.020407705613027686,0.25288729063508947,,,1,0,,runs/pivot/fives/seed2/reliseg_nocl/pred_chasedb1/bio.csv,results/pivot/e2_gt_chasedb1.csv,results/gateA_biomarker_scales_train.csv
fives,chasedb1,cfloss,continued,"pooled(0,1,2)",last,total_length,skan,8,2000,0.011281353661744284,0.0016696826236940723,0.049800136580241815,0.049150200616360044,-0.022566639719299605,0.045129347042788176,3,3,yes,"runs/pivot/fives/seed{0,1,2}/cfloss/pred_chasedb1/bio.csv",results/pivot/e2_gt_chasedb1.csv,results/gateA_biomarker_scales_train.csv
fives,chasedb1,reliseg,continued,"pooled(0,1,2)",last,total_length,skan,8,2000,0.013538334627222204,-0.00014478199216240532,0.04463894890565158,0.13789042710400948,-0.019713487054757103,0.04679015630920151,3,2,no,"runs/pivot/fives/seed{0,1,2}/reliseg/pred_chasedb1/bio.csv",results/pivot/e2_gt_chasedb1.csv,results/gateA_biomarker_scales_train.csv
fives,chasedb1,reliseg_nocl,continued,"pooled(0,1,2)",last,total_length,skan,8,2000,-0.0004790035227290046,-0.08095278954385847,0.02297529293767376,0.24373501148969187,-0.05559051700550149,0.05463250996004348,3,1,no,"runs/pivot/fives/seed{0,1,2}/reliseg_nocl/pred_chasedb1/bio.csv",results/pivot/e2_gt_chasedb1.csv,results/gateA_biomarker_scales_train.csv
hrf,chasedb1,cfloss,baseline,0,last,FD,pvbm,8,2000,0.18750801393266783,-0.027651103006640858,0.38262345006548937,-1.2043871305995864,,,1,1,,runs/pivot/hrf/seed0/cfloss/pred_chasedb1/bio.csv,results/pivot/e2_gt_chasedb1.csv,results/gateA_biomarker_scales_train.csv
hrf,chasedb1,cfloss,baseline,1,last,FD,pvbm,8,2000,0.12350447198705239,-0.10254991192990608,0.3026730721442093,-0.005557257990931597,,,1,1,,runs/pivot/hrf/seed1/cfloss/pred_chasedb1/bio.csv,results/pivot/e2_gt_chasedb1.csv,results/gateA_biomarker_scales_train.csv
hrf,chasedb1,cfloss,baseline,2,last,FD,pvbm,8,2000,-0.18944432957785123,-0.8684346010290217,0.15597826308763033,-0.13634397779296548,,,1,0,,runs/pivot/hrf/seed2/cfloss/pred_chasedb1/bio.csv,results/pivot/e2_gt_chasedb1.csv,results/gateA_biomarker_scales_train.csv
hrf,chasedb1,continued,baseline,0,last,FD,pvbm,8,2000,0.16149403391979772,-0.047881083797225533,0.5383482603467019,-0.5141177547974989,,,1,1,,runs/pivot/hrf/seed0/continued/pred_chasedb1/bio.csv,results/pivot/e2_gt_chasedb1.csv,results/gateA_biomarker_scales_train.csv
hrf,chasedb1,continued,baseline,1,last,FD,pvbm,8,2000,0.09727493245679225,-0.2916392929468563,0.47486431896036196,0.7567983713872102,,,1,1,,runs/pivot/hrf/seed1/continued/pred_chasedb1/bio.csv,results/pivot/e2_gt_chasedb1.csv,results/gateA_biomarker_scales_train.csv
hrf,chasedb1,continued,baseline,2,last,FD,pvbm,8,2000,-0.2279520063216195,-0.7983147735967819,0.0562393889644649,0.5010636759686512,,,1,0,,runs/pivot/hrf/seed2/continued/pred_chasedb1/bio.csv,results/pivot/e2_gt_chasedb1.csv,results/gateA_biomarker_scales_train.csv
hrf,chasedb1,reliseg,baseline,0,last,FD,pvbm,8,2000,0.11521266242377295,-0.2201953566412777,0.2882821805782669,1.1512638953550165,,,1,1,,runs/pivot/hrf/seed0/reliseg/pred_chasedb1/bio.csv,results/pivot/e2_gt_chasedb1.csv,results/gateA_biomarker_scales_train.csv
hrf,chasedb1,reliseg,baseline,1,last,FD,pvbm,8,2000,-0.2767480162362515,-0.9107465977984702,0.2091123557861026,2.6225072084702856,,,1,0,,runs/pivot/hrf/seed1/reliseg/pred_chasedb1/bio.csv,results/pivot/e2_gt_chasedb1.csv,results/gateA_biomarker_scales_train.csv
hrf,chasedb1,reliseg,baseline,2,last,FD,pvbm,8,2000,0.12366016223358994,-0.4849734859720905,0.5220978688749759,2.9194665908079878,,,1,1,,runs/pivot/hrf/seed2/reliseg/pred_chasedb1/bio.csv,results/pivot/e2_gt_chasedb1.csv,results/gateA_biomarker_scales_train.csv
hrf,chasedb1,reliseg_nocl,baseline,0,last,FD,pvbm,8,2000,0.12312304425853368,-0.21091450516471805,0.3656639861354932,1.7140197303578621,,,1,1,,runs/pivot/hrf/seed0/reliseg_nocl/pred_chasedb1/bio.csv,results/pivot/e2_gt_chasedb1.csv,results/gateA_biomarker_scales_train.csv
hrf,chasedb1,reliseg_nocl,baseline,1,last,FD,pvbm,8,2000,-0.12266678257843602,-0.3389623300487355,0.028845280751039624,1.7434960265741646,,,1,0,,runs/pivot/hrf/seed1/reliseg_nocl/pred_chasedb1/bio.csv,results/pivot/e2_gt_chasedb1.csv,results/gateA_biomarker_scales_train.csv
hrf,chasedb1,reliseg_nocl,baseline,2,last,FD,pvbm,8,2000,0.01743193304185403,-0.4132067525017414,0.3715848429490733,2.2890985963674724,,,1,1,,runs/pivot/hrf/seed2/reliseg_nocl/pred_chasedb1/bio.csv,results/pivot/e2_gt_chasedb1.csv,results/gateA_biomarker_scales_train.csv
hrf,chasedb1,cfloss,baseline,"pooled(0,1,2)",last,FD,pvbm,8,2000,0.04052271878062299,-0.2425059570145289,0.12430743079644957,-0.4487627887944945,-0.4605577590771873,0.5416031966384333,3,2,no,"runs/pivot/hrf/seed{0,1,2}/cfloss/pred_chasedb1/bio.csv",results/pivot/e2_gt_chasedb1.csv,results/gateA_biomarker_scales_train.csv
hrf,chasedb1,continued,baseline,"pooled(0,1,2)",last,FD,pvbm,8,2000,0.010272320018323492,-0.24280430363555905,0.13978280258857786,0.24791476418612082,-0.5083960361036034,0.5289406761402503,3,2,no,"runs/pivot/hrf/seed{0,1,2}/continued/pred_chasedb1/bio.csv",results/pivot/e2_gt_chasedb1.csv,results/gateA_biomarker_scales_train.csv
hrf,chasedb1,reliseg,baseline,"pooled(0,1,2)",last,FD,pvbm,8,2000,-0.012625063859629535,-0.46148920674018734,0.2711059338094808,2.2310792315444297,-0.580936600185676,0.5556864724664169,3,2,no,"runs/pivot/hrf/seed{0,1,2}/reliseg/pred_chasedb1/bio.csv",results/pivot/e2_gt_chasedb1.csv,results/gateA_biomarker_scales_train.csv
hrf,chasedb1,reliseg_nocl,baseline,"pooled(0,1,2)",last,FD,pvbm,8,2000,0.005962731573983897,-0.22630660373534486,0.16926400688952697,1.9155381177664996,-0.30032063595884173,0.31224609910680956,3,2,no,"runs/pivot/hrf/seed{0,1,2}/reliseg_nocl/pred_chasedb1/bio.csv",results/pivot/e2_gt_chasedb1.csv,results/gateA_biomarker_scales_train.csv
hrf,chasedb1,cfloss,continued,0,last,FD,pvbm,8,2000,0.02601398001287012,-0.25953063724845893,0.14262886092857188,-0.6902693758020875,,,1,1,,runs/pivot/hrf/seed0/cfloss/pred_chasedb1/bio.csv,results/pivot/e2_gt_chasedb1.csv,results/gateA_biomarker_scales_train.csv
hrf,chasedb1,cfloss,continued,1,last,FD,pvbm,8,2000,0.026229539530260138,-0.2194402310067718,0.2593316471866104,-0.7623556293781417,,,1,1,,runs/pivot/hrf/seed1/cfloss/pred_chasedb1/bio.csv,results/pivot/e2_gt_chasedb1.csv,results/gateA_biomarker_scales_train.csv
hrf,chasedb1,cfloss,continued,2,last,FD,pvbm,8,2000,0.03850767674376828,-0.15562379604124404,0.17796661108136103,-0.6374076537616167,,,1,1,,runs/pivot/hrf/seed2/cfloss/pred_chasedb1/bio.csv,results/pivot/e2_gt_chasedb1.csv,results/gateA_biomarker_scales_train.csv
hrf,chasedb1,reliseg,continued,0,last,FD,pvbm,8,2000,-0.04628137149602476,-0.5828685089976607,0.22588959405500358,1.6653816501525154,,,1,0,,runs/pivot/hrf/seed0/reliseg/pred_chasedb1/bio.csv,results/pivot/e2_gt_chasedb1.csv,results/gateA_biomarker_scales_train.csv
hrf,chasedb1,reliseg,continued,1,last,FD,pvbm,8,2000,-0.37402294869304376,-0.6480518339518259,-0.025524974220690808,1.8657088370830754,,,1,0,,runs/pivot/hrf/seed1/reliseg/pred_chasedb1/bio.csv,results/pivot/e2_gt_chasedb1.csv,results/gateA_biomarker_scales_train.csv
hrf,chasedb1,reliseg,continued,2,last,FD,pvbm,8,2000,0.35161216855520944,-0.1921778332357137,0.8423093757841023,2.4184029148393367,,,1,1,,runs/pivot/hrf/seed2/reliseg/pred_chasedb1/bio.csv,results/pivot/e2_gt_chasedb1.csv,results/gateA_biomarker_scales_train.csv
hrf,chasedb1,reliseg_nocl,continued,0,last,FD,pvbm,8,2000,-0.038370989661264024,-0.6352055691637791,0.3191534255432892,2.228137485155361,,,1,0,,runs/pivot/hrf/seed0/reliseg_nocl/pred_chasedb1/bio.csv,results/pivot/e2_gt_chasedb1.csv,results/gateA_biomarker_scales_train.csv
hrf,chasedb1,reliseg_nocl,continued,1,last,FD,pvbm,8,2000,-0.21994171503522827,-0.49645791705184605,0.20695585341172873,0.9866976551869543,,,1,0,,runs/pivot/hrf/seed1/reliseg_nocl/pred_chasedb1/bio.csv,results/pivot/e2_gt_chasedb1.csv,results/gateA_biomarker_scales_train.csv
hrf,chasedb1,reliseg_nocl,continued,2,last,FD,pvbm,8,2000,0.24538393936347352,-0.0007218192572660675,0.5946072003463292,1.7880349203988213,,,1,1,,runs/pivot/hrf/seed2/reliseg_nocl/pred_chasedb1/bio.csv,results/pivot/e2_gt_chasedb1.csv,results/gateA_biomarker_scales_train.csv
hrf,chasedb1,cfloss,continued,"pooled(0,1,2)",last,FD,pvbm,8,2000,0.030250398762299513,-0.10951171209970413,0.10129371914553718,-0.6966775529806153,0.012484281372031718,0.04801651615256731,3,3,yes,"runs/pivot/hrf/seed{0,1,2}/cfloss/pred_chasedb1/bio.csv",results/pivot/e2_gt_chasedb1.csv,results/gateA_biomarker_scales_train.csv
hrf,chasedb1,reliseg,continued,"pooled(0,1,2)",last,FD,pvbm,8,2000,-0.02289738387795302,-0.3879209925527213,0.24006316901691996,1.983164467358309,-0.9255890353361617,0.8797942675802556,3,1,no,"runs/pivot/hrf/seed{0,1,2}/reliseg/pred_chasedb1/bio.csv",results/pivot/e2_gt_chasedb1.csv,results/gateA_biomarker_scales_train.csv
hrf,chasedb1,reliseg_nocl,continued,"pooled(0,1,2)",last,FD,pvbm,8,2000,-0.004309588444339596,-0.17557189562049302,0.15679739264727827,1.6676233535803788,-0.586902778781082,0.5782836018924028,3,1,no,"runs/pivot/hrf/seed{0,1,2}/reliseg_nocl/pred_chasedb1/bio.csv",results/pivot/e2_gt_chasedb1.csv,results/gateA_biomarker_scales_train.csv
hrf,chasedb1,cfloss,baseline,0,last,FD,skan,8,2000,0.1152293272609101,-0.009593633179258692,0.28841126298482417,-1.6719920115230902,,,1,1,,runs/pivot/hrf/seed0/cfloss/pred_chasedb1/bio.csv,results/pivot/e2_gt_chasedb1.csv,results/gateA_biomarker_scales_train.csv
hrf,chasedb1,cfloss,baseline,1,last,FD,skan,8,2000,-0.12915954831072676,-0.3381868805959053,0.03522636909488159,-0.4876983807402591,,,1,0,,runs/pivot/hrf/seed1/cfloss/pred_chasedb1/bio.csv,results/pivot/e2_gt_chasedb1.csv,results/gateA_biomarker_scales_train.csv
hrf,chasedb1,cfloss,baseline,2,last,FD,skan,8,2000,0.050549212262665094,-0.06013706943230943,0.19993965576433112,-0.4681830940311016,,,1,1,,runs/pivot/hrf/seed2/cfloss/pred_chasedb1/bio.csv,results/pivot/e2_gt_chasedb1.csv,results/gateA_biomarker_scales_train.csv
hrf,chasedb1,continued,baseline,0,last,FD,skan,8,2000,0.13366014339603247,-0.00894715782797824,0.33795948168022133,-1.264933429076103,,,1,1,,runs/pivot/hrf/seed0/continued/pred_chasedb1/bio.csv,results/pivot/e2_gt_chasedb1.csv,results/gateA_biomarker_scales_train.csv
hrf,chasedb1,continued,baseline,1,last,FD,skan,8,2000,0.018091344539419796,-0.07627261244857798,0.11787903525935743,0.48171827966059944,,,1,1,,runs/pivot/hrf/seed1/continued/pred_chasedb1/bio.csv,results/pivot/e2_gt_chasedb1.csv,results/gateA_biomarker_scales_train.csv
hrf,chasedb1,continued,baseline,2,last,FD,skan,8,2000,0.07835165684453621,-0.002508214253589394,0.23313563210736307,-0.19162488353859342,,,1,1,,runs/pivot/hrf/seed2/continued/pred_chasedb1/bio.csv,results/pivot/e2_gt_chasedb1.csv,results/gateA_biomarker_scales_train.csv
hrf,chasedb1,reliseg,baseline,0,last,FD,skan,8,2000,0.07165952958836407,-0.22507880211664053,0.2510441501536858,1.087025467954677,,,1,1,,runs/pivot/hrf/seed0/reliseg/pred_chasedb1/bio.csv,results/pivot/e2_gt_chasedb1.csv,results/gateA_biomarker_scales_train.csv
hrf,chasedb1,reliseg,baseline,1,last,FD,skan,8,2000,-0.18279628176645,-0.40483727310353845,0.15457379706346067,2.9389874145792496,,,1,0,,runs/pivot/hrf/seed1/reliseg/pred_chasedb1/bio.csv,results/pivot/e2_gt_chasedb1.csv,results/gateA_biomarker_scales_train.csv
hrf,chasedb1,reliseg,baseline,2,last,FD,skan,8,2000,0.13979119857590205,-0.1836333858635695,0.5841473972258557,3.0022223395109515,,,1,1,,runs/pivot/hrf/seed2/reliseg/pred_chasedb1/bio.csv,results/pivot/e2_gt_chasedb1.csv,results/gateA_biomarker_scales_train.csv
hrf,chasedb1,reliseg_nocl,baseline,0,last,FD,skan,8,2000,0.06502959595822566,-0.18101474939677367,0.24948529603797542,1.6680135783418155,,,1,1,,runs/pivot/hrf/seed0/reliseg_nocl/pred_chasedb1/bio.csv,results/pivot/e2_gt_chasedb1.csv,results/gateA_biomarker_scales_train.csv
hrf,chasedb1,reliseg_nocl,baseline,1,last,FD,skan,8,2000,-0.3296787932291879,-0.585396215163963,-0.007512663284055212,1.9149011873688178,,,1,0,,runs/pivot/hrf/seed1/reliseg_nocl/pred_chasedb1/bio.csv,results/pivot/e2_gt_chasedb1.csv,results/gateA_biomarker_scales_train.csv
hrf,chasedb1,reliseg_nocl,baseline,2,last,FD,skan,8,2000,0.18285678656636173,-0.10292767470007869,0.46575341415420074,2.215040158490331,,,1,1,,runs/pivot/hrf/seed2/reliseg_nocl/pred_chasedb1/bio.csv,results/pivot/e2_gt_chasedb1.csv,results/gateA_biomarker_scales_train.csv
hrf,chasedb1,cfloss,baseline,"pooled(0,1,2)",last,FD,skan,8,2000,0.012206330404282812,-0.09117704652264262,0.12397517793489818,-0.875957828764817,-0.30234978928637896,0.3267624500949446,3,2,no,"runs/pivot/hrf/seed{0,1,2}/cfloss/pred_chasedb1/bio.csv",results/pivot/e2_gt_chasedb1.csv,results/gateA_biomarker_scales_train.csv
hrf,chasedb1,continued,baseline,"pooled(0,1,2)",last,FD,skan,8,2000,0.07670104825999616,0.0057737391076627485,0.16098828319824077,-0.32494667765136565,-0.0668872730380731,0.2202893695580654,3,3,yes,"runs/pivot/hrf/seed{0,1,2}/continued/pred_chasedb1/bio.csv",results/pivot/e2_gt_chasedb1.csv,results/gateA_biomarker_scales_train.csv
hrf,chasedb1,reliseg,baseline,"pooled(0,1,2)",last,FD,skan,8,2000,0.009551482132605376,-0.19320617736810458,0.27924444048198543,2.3427450740149593,-0.41281569177482136,0.4319186560400321,3,2,no,"runs/pivot/hrf/seed{0,1,2}/reliseg/pred_chasedb1/bio.csv",results/pivot/e2_gt_chasedb1.csv,results/gateA_biomarker_scales_train.csv
hrf,chasedb1,reliseg_nocl,baseline,"pooled(0,1,2)",last,FD,skan,8,2000,-0.02726413690153351,-0.17640469640261386,0.15825329656139145,1.9326516414003214,-0.6941141446892163,0.6395858708861493,3,2,no,"runs/pivot/hrf/seed{0,1,2}/reliseg_nocl/pred_chasedb1/bio.csv",results/pivot/e2_gt_chasedb1.csv,results/gateA_biomarker_scales_train.csv
hrf,chasedb1,cfloss,continued,0,last,FD,skan,8,2000,-0.018430816135122374,-0.10282913101696303,0.04566743720914925,-0.4070585824469873,,,1,0,,runs/pivot/hrf/seed0/cfloss/pred_chasedb1/bio.csv,results/pivot/e2_gt_chasedb1.csv,results/gateA_biomarker_scales_train.csv
hrf,chasedb1,cfloss,continued,1,last,FD,skan,8,2000,-0.14725089285014656,-0.32384874349493054,0.025675468946605315,-0.9694166604008585,,,1,0,,runs/pivot/hrf/seed1/cfloss/pred_chasedb1/bio.csv,results/pivot/e2_gt_chasedb1.csv,results/gateA_biomarker_scales_train.csv
hrf,chasedb1,cfloss,continued,2,last,FD,skan,8,2000,-0.027802444581871123,-0.1628250037280262,0.1066857448492209,-0.27655821049250817,,,1,0,,runs/pivot/hrf/seed2/cfloss/pred_chasedb1/bio.csv,results/pivot/e2_gt_chasedb1.csv,results/gateA_biomarker_scales_train.csv
hrf,chasedb1,reliseg,continued,0,last,FD,skan,8,2000,-0.06200061380766841,-0.42036363446392505,0.14688526087956194,2.35195889703078,,,1,0,,runs/pivot/hrf/seed0/reliseg/pred_chasedb1/bio.csv,results/pivot/e2_gt_chasedb1.csv,results/gateA_biomarker_scales_train.csv
hrf,chasedb1,reliseg,continued,1,last,FD,skan,8,2000,-0.2008876263058698,-0.35725123591326763,0.08135104696355376,2.45726913491865,,,1,0,,runs/pivot/hrf/seed1/reliseg/pred_chasedb1/bio.csv,results/pivot/e2_gt_chasedb1.csv,results/gateA_biomarker_scales_train.csv
hrf,chasedb1,reliseg,continued,2,last,FD,skan,8,2000,0.06143954173136584,-0.26998835521547804,0.45781648561034993,3.193847223049545,,,1,1,,runs/pivot/hrf/seed2/reliseg/pred_chasedb1/bio.csv,results/pivot/e2_gt_chasedb1.csv,results/gateA_biomarker_scales_train.csv
hrf,chasedb1,reliseg_nocl,continued,0,last,FD,skan,8,2000,-0.0686305474378068,-0.4019151531040804,0.18134925641159913,2.9329470074179183,,,1,0,,runs/pivot/hrf/seed0/reliseg_nocl/pred_chasedb1/bio.csv,results/pivot/e2_gt_chasedb1.csv,results/gateA_biomarker_scales_train.csv
hrf,chasedb1,reliseg_nocl,continued,1,last,FD,skan,8,2000,-0.34777013776860777,-0.5751668463294681,-0.022401553247262916,1.4331829077082183,,,1,0,,runs/pivot/hrf/seed1/reliseg_nocl/pred_chasedb1/bio.csv,results/pivot/e2_gt_chasedb1.csv,results/gateA_biomarker_scales_train.csv
hrf,chasedb1,reliseg_nocl,continued,2,last,FD,skan,8,2000,0.10450512972182552,-0.1558790299040913,0.3401274381301226,2.4066650420289246,,,1,1,,runs/pivot/hrf/seed2/reliseg_nocl/pred_chasedb1/bio.csv,results/pivot/e2_gt_chasedb1.csv,results/gateA_biomarker_scales_train.csv
hrf,chasedb1,cfloss,continued,"pooled(0,1,2)",last,FD,skan,8,2000,-0.06449471785571335,-0.1787212420410466,0.01940574463046469,-0.5510111511134513,-0.2429103795579653,0.1139209438465386,3,0,yes,"runs/pivot/hrf/seed{0,1,2}/cfloss/pred_chasedb1/bio.csv",results/pivot/e2_gt_chasedb1.csv,results/gateA_biomarker_scales_train.csv
hrf,chasedb1,reliseg,continued,"pooled(0,1,2)",last,FD,skan,8,2000,-0.06714956612739077,-0.2887284996583535,0.2000220516244191,2.667691751666325,-0.39316620901943045,0.25886707676464893,3,1,no,"runs/pivot/hrf/seed{0,1,2}/reliseg/pred_chasedb1/bio.csv",results/pivot/e2_gt_chasedb1.csv,results/gateA_biomarker_scales_train.csv
hrf,chasedb1,reliseg_nocl,continued,"pooled(0,1,2)",last,FD,skan,8,2000,-0.1039651851615297,-0.29661787029280273,0.08379407519399223,2.257598319051687,-0.670842100947888,0.46291173062482854,3,1,no,"runs/pivot/hrf/seed{0,1,2}/reliseg_nocl/pred_chasedb1/bio.csv",results/pivot/e2_gt_chasedb1.csv,results/gateA_biomarker_scales_train.csv
hrf,chasedb1,cfloss,baseline,0,last,tortuosity,pvbm,8,2000,-0.660493873265332,-1.3355284339084963,-0.14023276008231209,-0.8080017267697879,,,1,0,,runs/pivot/hrf/seed0/cfloss/pred_chasedb1/bio.csv,results/pivot/e2_gt_chasedb1.csv,results/gateA_biomarker_scales_train.csv
hrf,chasedb1,cfloss,baseline,1,last,tortuosity,pvbm,8,2000,-0.2936378451966734,-1.19945225443885,0.8483071832380664,0.3580551048562408,,,1,0,,runs/pivot/hrf/seed1/cfloss/pred_chasedb1/bio.csv,results/pivot/e2_gt_chasedb1.csv,results/gateA_biomarker_scales_train.csv
hrf,chasedb1,cfloss,baseline,2,last,tortuosity,pvbm,8,2000,-0.6698825280575122,-1.566655548198787,0.08802282755904557,-0.12122270854350958,,,1,0,,runs/pivot/hrf/seed2/cfloss/pred_chasedb1/bio.csv,results/pivot/e2_gt_chasedb1.csv,results/gateA_biomarker_scales_train.csv
hrf,chasedb1,continued,baseline,0,last,tortuosity,pvbm,8,2000,-0.9229796386751611,-1.9115343107534835,-0.018750566569920465,-0.7102551728022721,,,1,0,,runs/pivot/hrf/seed0/continued/pred_chasedb1/bio.csv,results/pivot/e2_gt_chasedb1.csv,results/gateA_biomarker_scales_train.csv
hrf,chasedb1,continued,baseline,1,last,tortuosity,pvbm,8,2000,-0.475581637987737,-1.0853956090118617,0.4366803407927372,0.38873848423918167,,,1,0,,runs/pivot/hrf/seed1/continued/pred_chasedb1/bio.csv,results/pivot/e2_gt_chasedb1.csv,results/gateA_biomarker_scales_train.csv
hrf,chasedb1,continued,baseline,2,last,tortuosity,pvbm,8,2000,-0.44782618634942495,-1.1574812287206755,0.351931497203583,0.10235953960992861,,,1,0,,runs/pivot/hrf/seed2/continued/pred_chasedb1/bio.csv,results/pivot/e2_gt_chasedb1.csv,results/gateA_biomarker_scales_train.csv
hrf,chasedb1,reliseg,baseline,0,last,tortuosity,pvbm,8,2000,-0.082817927677453,-0.45980123209259516,0.3637788394488696,0.55398628747119,,,1,0,,runs/pivot/hrf/seed0/reliseg/pred_chasedb1/bio.csv,results/pivot/e2_gt_chasedb1.csv,results/gateA_biomarker_scales_train.csv
hrf,chasedb1,reliseg,baseline,1,last,tortuosity,pvbm,8,2000,-0.17550300449160627,-0.8850649474839117,0.8481255405360042,1.796584311748957,,,1,0,,runs/pivot/hrf/seed1/reliseg/pred_chasedb1/bio.csv,results/pivot/e2_gt_chasedb1.csv,results/gateA_biomarker_scales_train.csv
hrf,chasedb1,reliseg,baseline,2,last,tortuosity,pvbm,8,2000,-0.035008255541926714,-0.5628175210252936,0.6981681623094451,1.334516878272626,,,1,0,,runs/pivot/hrf/seed2/reliseg/pred_chasedb1/bio.csv,results/pivot/e2_gt_chasedb1.csv,results/gateA_biomarker_scales_train.csv
hrf,chasedb1,reliseg_nocl,baseline,0,last,tortuosity,pvbm,8,2000,-0.2994869960407228,-0.9758726703074355,0.0895146429964476,0.2038073621969696,,,1,0,,runs/pivot/hrf/seed0/reliseg_nocl/pred_chasedb1/bio.csv,results/pivot/e2_gt_chasedb1.csv,results/gateA_biomarker_scales_train.csv
hrf,chasedb1,reliseg_nocl,baseline,1,last,tortuosity,pvbm,8,2000,-0.0330149816510264,-1.0463767577239522,1.069030575661725,1.0003122717918695,,,1,0,,runs/pivot/hrf/seed1/reliseg_nocl/pred_chasedb1/bio.csv,results/pivot/e2_gt_chasedb1.csv,results/gateA_biomarker_scales_train.csv
hrf,chasedb1,reliseg_nocl,baseline,2,last,tortuosity,pvbm,8,2000,-0.4375366474015945,-1.2020939110796893,0.4772194307128775,0.5278889075551332,,,1,0,,runs/pivot/hrf/seed2/reliseg_nocl/pred_chasedb1/bio.csv,results/pivot/e2_gt_chasedb1.csv,results/gateA_biomarker_scales_train.csv
hrf,chasedb1,cfloss,baseline,"pooled(0,1,2)",last,tortuosity,pvbm,8,2000,-0.5413380821731726,-1.0366932227668162,-0.06757253932923063,-0.1903897768190189,-1.0743497127973658,-0.008326451548979374,3,0,yes,"runs/pivot/hrf/seed{0,1,2}/cfloss/pred_chasedb1/bio.csv",results/pivot/e2_gt_chasedb1.csv,results/gateA_biomarker_scales_train.csv
hrf,chasedb1,continued,baseline,"pooled(0,1,2)",last,tortuosity,pvbm,8,2000,-0.6154624876707744,-1.227822851094138,0.0012278613278977279,-0.07305238298438728,-1.2779298524815923,0.04700487714004353,3,0,yes,"runs/pivot/hrf/seed{0,1,2}/continued/pred_chasedb1/bio.csv",results/pivot/e2_gt_chasedb1.csv,results/gateA_biomarker_scales_train.csv
hrf,chasedb1,reliseg,baseline,"pooled(0,1,2)",last,tortuosity,pvbm,8,2000,-0.097776395903662,-0.45210219031453547,0.37050038783997175,1.228362492497591,-0.27522297012988883,0.07967017832256482,3,0,yes,"runs/pivot/hrf/seed{0,1,2}/reliseg/pred_chasedb1/bio.csv",results/pivot/e2_gt_chasedb1.csv,results/gateA_biomarker_scales_train.csv
hrf,chasedb1,reliseg_nocl,baseline,"pooled(0,1,2)",last,tortuosity,pvbm,8,2000,-0.25667954169778123,-0.7562355785600562,0.3292165586124726,0.5773361805146574,-0.7674934210018933,0.2541343376063309,3,0,yes,"runs/pivot/hrf/seed{0,1,2}/reliseg_nocl/pred_chasedb1/bio.csv",results/pivot/e2_gt_chasedb1.csv,results/gateA_biomarker_scales_train.csv
hrf,chasedb1,cfloss,continued,0,last,tortuosity,pvbm,8,2000,0.26248576540982904,-1.0938108277790477,1.485978073432382,-0.09774655396751575,,,1,1,,runs/pivot/hrf/seed0/cfloss/pred_chasedb1/bio.csv,results/pivot/e2_gt_chasedb1.csv,results/gateA_biomarker_scales_train.csv
hrf,chasedb1,cfloss,continued,1,last,tortuosity,pvbm,8,2000,0.1819437927910636,-0.4335349242320983,0.7687279571815129,-0.030683379382940856,,,1,1,,runs/pivot/hrf/seed1/cfloss/pred_chasedb1/bio.csv,results/pivot/e2_gt_chasedb1.csv,results/gateA_biomarker_scales_train.csv
hrf,chasedb1,cfloss,continued,2,last,tortuosity,pvbm,8,2000,-0.22205634170808725,-0.9198671505152045,0.4701983549565666,-0.2235822481534382,,,1,0,,runs/pivot/hrf/seed2/cfloss/pred_chasedb1/bio.csv,results/pivot/e2_gt_chasedb1.csv,results/gateA_biomarker_scales_train.csv
hrf,chasedb1,reliseg,continued,0,last,tortuosity,pvbm,8,2000,0.8401617109977081,0.1273393953371677,1.8511701030030727,1.2642414602734622,,,1,1,,runs/pivot/hrf/seed0/reliseg/pred_chasedb1/bio.csv,results/pivot/e2_gt_chasedb1.csv,results/gateA_biomarker_scales_train.csv
hrf,chasedb1,reliseg,continued,1,last,tortuosity,pvbm,8,2000,0.30007863349613073,-0.14951792839851022,0.6494746216399969,1.4078458275097754,,,1,1,,runs/pivot/hrf/seed1/reliseg/pred_chasedb1/bio.csv,results/pivot/e2_gt_chasedb1.csv,results/gateA_biomarker_scales_train.csv
hrf,chasedb1,reliseg,continued,2,last,tortuosity,pvbm,8,2000,0.41281793080749823,-0.02240991902981493,0.9735714061302136,1.2321573386626974,,,1,1,,runs/pivot/hrf/seed2/reliseg/pred_chasedb1/bio.csv,results/pivot/e2_gt_chasedb1.csv,results/gateA_biomarker_scales_train.csv
hrf,chasedb1,reliseg_nocl,continued,0,last,tortuosity,pvbm,8,2000,0.6234926426344383,-0.41475823128723005,1.6710235789679377,0.9140625349992417,,,1,1,,runs/pivot/hrf/seed0/reliseg_nocl/pred_chasedb1/bio.csv,results/pivot/e2_gt_chasedb1.csv,results/gateA_biomarker_scales_train.csv
hrf,chasedb1,reliseg_nocl,continued,1,last,tortuosity,pvbm,8,2000,0.4425666563367106,-0.35597243528561723,1.0355991302813743,0.6115737875526879,,,1,1,,runs/pivot/hrf/seed1/reliseg_nocl/pred_chasedb1/bio.csv,results/pivot/e2_gt_chasedb1.csv,results/gateA_biomarker_scales_train.csv
hrf,chasedb1,reliseg_nocl,continued,2,last,tortuosity,pvbm,8,2000,0.010289538947830495,-0.23301204625802324,0.4494254266746128,0.4255293679452046,,,1,1,,runs/pivot/hrf/seed2/reliseg_nocl/pred_chasedb1/bio.csv,results/pivot/e2_gt_chasedb1.csv,results/gateA_biomarker_scales_train.csv
hrf,chasedb1,cfloss,continued,"pooled(0,1,2)",last,tortuosity,pvbm,8,2000,0.0741244054976018,-0.3343195798024889,0.3725739904782799,-0.1173373938346316,-0.5708623673679686,0.7191111783631722,3,2,no,"runs/pivot/hrf/seed{0,1,2}/cfloss/pred_chasedb1/bio.csv",results/pivot/e2_gt_chasedb1.csv,results/gateA_biomarker_scales_train.csv
hrf,chasedb1,reliseg,continued,"pooled(0,1,2)",last,tortuosity,pvbm,8,2000,0.5176860917671123,0.1519044947582998,0.8917433492274831,1.3014148754819783,-0.1900552971498054,1.2254274806840302,3,3,yes,"runs/pivot/hrf/seed{0,1,2}/reliseg/pred_chasedb1/bio.csv",results/pivot/e2_gt_chasedb1.csv,results/gateA_biomarker_scales_train.csv
hrf,chasedb1,reliseg_nocl,continued,"pooled(0,1,2)",last,tortuosity,pvbm,8,2000,0.35878294597299315,-0.030339234877444,0.8252028880784446,0.6503885634990447,-0.4238950690649497,1.141460961010936,3,3,yes,"runs/pivot/hrf/seed{0,1,2}/reliseg_nocl/pred_chasedb1/bio.csv",results/pivot/e2_gt_chasedb1.csv,results/gateA_biomarker_scales_train.csv
hrf,chasedb1,cfloss,baseline,0,last,tortuosity,skan,8,2000,-0.3980035896288415,-1.1663850172733614,0.23349110757416738,-0.19142146384697245,,,1,0,,runs/pivot/hrf/seed0/cfloss/pred_chasedb1/bio.csv,results/pivot/e2_gt_chasedb1.csv,results/gateA_biomarker_scales_train.csv
hrf,chasedb1,cfloss,baseline,1,last,tortuosity,skan,8,2000,0.07221139020987777,-0.12156913866755954,0.5864576324108358,0.08351189479729593,,,1,1,,runs/pivot/hrf/seed1/cfloss/pred_chasedb1/bio.csv,results/pivot/e2_gt_chasedb1.csv,results/gateA_biomarker_scales_train.csv
hrf,chasedb1,cfloss,baseline,2,last,tortuosity,skan,8,2000,0.1753413696585991,-0.046044730266227615,0.47201081673411605,0.017164276792850597,,,1,1,,runs/pivot/hrf/seed2/cfloss/pred_chasedb1/bio.csv,results/pivot/e2_gt_chasedb1.csv,results/gateA_biomarker_scales_train.csv
hrf,chasedb1,continued,baseline,0,last,tortuosity,skan,8,2000,-0.13470104319973544,-0.46886664028713915,0.2899387335319351,-0.03020061033754695,,,1,0,,runs/pivot/hrf/seed0/continued/pred_chasedb1/bio.csv,results/pivot/e2_gt_chasedb1.csv,results/gateA_biomarker_scales_train.csv
hrf,chasedb1,continued,baseline,1,last,tortuosity,skan,8,2000,0.09324345430966981,-0.2471147531050133,0.574859103009693,0.21882200082388836,,,1,1,,runs/pivot/hrf/seed1/continued/pred_chasedb1/bio.csv,results/pivot/e2_gt_chasedb1.csv,results/gateA_biomarker_scales_train.csv
hrf,chasedb1,continued,baseline,2,last,tortuosity,skan,8,2000,0.3331255612477947,-0.17145326711787903,1.1847584762630716,0.22781186346108528,,,1,1,,runs/pivot/hrf/seed2/continued/pred_chasedb1/bio.csv,results/pivot/e2_gt_chasedb1.csv,results/gateA_biomarker_scales_train.csv
hrf,chasedb1,reliseg,baseline,0,last,tortuosity,skan,8,2000,-0.11589639765255766,-0.5554769764107539,0.7914956810850515,-0.0018459290501415815,,,1,0,,runs/pivot/hrf/seed0/reliseg/pred_chasedb1/bio.csv,results/pivot/e2_gt_chasedb1.csv,results/gateA_biomarker_scales_train.csv
hrf,chasedb1,reliseg,baseline,1,last,tortuosity,skan,8,2000,-0.03863438182097263,-0.7002815235573018,0.9745572749392479,-0.05370636556234931,,,1,0,,runs/pivot/hrf/seed1/reliseg/pred_chasedb1/bio.csv,results/pivot/e2_gt_chasedb1.csv,results/gateA_biomarker_scales_train.csv
hrf,chasedb1,reliseg,baseline,2,last,tortuosity,skan,8,2000,0.17846144042047796,-0.10529577771607446,0.6525690744756758,-0.09410784403007932,,,1,1,,runs/pivot/hrf/seed2/reliseg/pred_chasedb1/bio.csv,results/pivot/e2_gt_chasedb1.csv,results/gateA_biomarker_scales_train.csv
hrf,chasedb1,reliseg_nocl,baseline,0,last,tortuosity,skan,8,2000,-0.17751090631235508,-0.8807561738606361,0.4391679899409264,-0.216573953817512,,,1,0,,runs/pivot/hrf/seed0/reliseg_nocl/pred_chasedb1/bio.csv,results/pivot/e2_gt_chasedb1.csv,results/gateA_biomarker_scales_train.csv
hrf,chasedb1,reliseg_nocl,baseline,1,last,tortuosity,skan,8,2000,-0.04144180446527311,-0.6138044078625067,0.991587479904325,-0.045071534531110125,,,1,0,,runs/pivot/hrf/seed1/reliseg_nocl/pred_chasedb1/bio.csv,results/pivot/e2_gt_chasedb1.csv,results/gateA_biomarker_scales_train.csv
hrf,chasedb1,reliseg_nocl,baseline,2,last,tortuosity,skan,8,2000,0.059822286805007535,-0.05987388157258487,0.28260745214640753,-0.23038772181055522,,,1,1,,runs/pivot/hrf/seed2/reliseg_nocl/pred_chasedb1/bio.csv,results/pivot/e2_gt_chasedb1.csv,results/gateA_biomarker_scales_train.csv
hrf,chasedb1,cfloss,baseline,"pooled(0,1,2)",last,tortuosity,skan,8,2000,-0.05015027658678822,-0.30136834209626173,0.24244166941847603,-0.030248430752275308,-0.8093801172376207,0.7090795640640442,3,2,no,"runs/pivot/hrf/seed{0,1,2}/cfloss/pred_chasedb1/bio.csv",results/pivot/e2_gt_chasedb1.csv,results/gateA_biomarker_scales_train.csv
hrf,chasedb1,continued,baseline,"pooled(0,1,2)",last,tortuosity,skan,8,2000,0.09722265745257636,-0.043038410260011074,0.3777400486758105,0.13881108464914224,-0.48391325304767824,0.678358567952831,3,2,no,"runs/pivot/hrf/seed{0,1,2}/continued/pred_chasedb1/bio.csv",results/pivot/e2_gt_chasedb1.csv,results/gateA_biomarker_scales_train.csv
hrf,chasedb1,reliseg,baseline,"pooled(0,1,2)",last,tortuosity,skan,8,2000,0.007976886982315893,-0.2497805858201966,0.5530690879117546,-0.04988671288085674,-0.3711377859160157,0.38709155988064753,3,1,no,"runs/pivot/hrf/seed{0,1,2}/reliseg/pred_chasedb1/bio.csv",results/pivot/e2_gt_chasedb1.csv,results/gateA_biomarker_scales_train.csv
hrf,chasedb1,reliseg_nocl,baseline,"pooled(0,1,2)",last,tortuosity,skan,8,2000,-0.05304347465754022,-0.3141723613178725,0.4926237083924977,-0.16401107005305912,-0.34888237696742835,0.2427954276523479,3,1,no,"runs/pivot/hrf/seed{0,1,2}/reliseg_nocl/pred_chasedb1/bio.csv",results/pivot/e2_gt_chasedb1.csv,results/gateA_biomarker_scales_train.csv
hrf,chasedb1,cfloss,continued,0,last,tortuosity,skan,8,2000,-0.2633025464291061,-0.7658795906202644,0.1150610280154214,-0.1612208535094255,,,1,0,,runs/pivot/hrf/seed0/cfloss/pred_chasedb1/bio.csv,results/pivot/e2_gt_chasedb1.csv,results/gateA_biomarker_scales_train.csv
hrf,chasedb1,cfloss,continued,1,last,tortuosity,skan,8,2000,-0.02103206409979204,-0.38298958959784707,0.2331810280118793,-0.13531010602659244,,,1,0,,runs/pivot/hrf/seed1/cfloss/pred_chasedb1/bio.csv,results/pivot/e2_gt_chasedb1.csv,results/gateA_biomarker_scales_train.csv
hrf,chasedb1,cfloss,continued,2,last,tortuosity,skan,8,2000,-0.1577841915891956,-0.9323875327096001,0.2242184277917975,-0.2106475866682347,,,1,0,,runs/pivot/hrf/seed2/cfloss/pred_chasedb1/bio.csv,results/pivot/e2_gt_chasedb1.csv,results/gateA_biomarker_scales_train.csv
hrf,chasedb1,reliseg,continued,0,last,tortuosity,skan,8,2000,0.018804645547177784,-0.2801860608085791,0.8658353384958658,0.02835468128740537,,,1,1,,runs/pivot/hrf/seed0/reliseg/pred_chasedb1/bio.csv,results/pivot/e2_gt_chasedb1.csv,results/gateA_biomarker_scales_train.csv
hrf,chasedb1,reliseg,continued,1,last,tortuosity,skan,8,2000,-0.13187783613064244,-0.8027860745063435,0.6999534742532352,-0.2725283663862377,,,1,0,,runs/pivot/hrf/seed1/reliseg/pred_chasedb1/bio.csv,results/pivot/e2_gt_chasedb1.csv,results/gateA_biomarker_scales_train.csv
hrf,chasedb1,reliseg,continued,2,last,tortuosity,skan,8,2000,-0.15466412082731673,-0.6828593440654949,0.2195764746881377,-0.3219197074911646,,,1,0,,runs/pivot/hrf/seed2/reliseg/pred_chasedb1/bio.csv,results/pivot/e2_gt_chasedb1.csv,results/gateA_biomarker_scales_train.csv
hrf,chasedb1,reliseg_nocl,continued,0,last,tortuosity,skan,8,2000,-0.04280986311261964,-0.4904408530982358,0.2623856228613984,-0.18637334347996504,,,1,0,,runs/pivot/hrf/seed0/reliseg_nocl/pred_chasedb1/bio.csv,results/pivot/e2_gt_chasedb1.csv,results/gateA_biomarker_scales_train.csv
hrf,chasedb1,reliseg_nocl,continued,1,last,tortuosity,skan,8,2000,-0.13468525877494292,-0.7317986206034195,0.6918257660596628,-0.2638935353549985,,,1,0,,runs/pivot/hrf/seed1/reliseg_nocl/pred_chasedb1/bio.csv,results/pivot/e2_gt_chasedb1.csv,results/gateA_biomarker_scales_train.csv
hrf,chasedb1,reliseg_nocl,continued,2,last,tortuosity,skan,8,2000,-0.2733032744427871,-1.1244705983623964,0.31647299581031435,-0.4581995852716405,,,1,0,,runs/pivot/hrf/seed2/reliseg_nocl/pred_chasedb1/bio.csv,results/pivot/e2_gt_chasedb1.csv,results/gateA_biomarker_scales_train.csv
hrf,chasedb1,cfloss,continued,"pooled(0,1,2)",last,tortuosity,skan,8,2000,-0.14737293403936458,-0.5870861226143262,0.12366773620324574,-0.16905951540141753,-0.4491219748881369,0.15437610680940772,3,0,yes,"runs/pivot/hrf/seed{0,1,2}/cfloss/pred_chasedb1/bio.csv",results/pivot/e2_gt_chasedb1.csv,results/gateA_biomarker_scales_train.csv
hrf,chasedb1,reliseg,continued,"pooled(0,1,2)",last,tortuosity,skan,8,2000,-0.08924577047026046,-0.39652785222346426,0.30534153127835034,-0.18869779752999896,-0.32341410245575897,0.14492256151523802,3,1,no,"runs/pivot/hrf/seed{0,1,2}/reliseg/pred_chasedb1/bio.csv",results/pivot/e2_gt_chasedb1.csv,results/gateA_biomarker_scales_train.csv
hrf,chasedb1,reliseg_nocl,continued,"pooled(0,1,2)",last,tortuosity,skan,8,2000,-0.15026613211011655,-0.5158305439284998,0.2580028028133547,-0.30282215470220136,-0.43851042521296424,0.13797816099273116,3,0,yes,"runs/pivot/hrf/seed{0,1,2}/reliseg_nocl/pred_chasedb1/bio.csv",results/pivot/e2_gt_chasedb1.csv,results/gateA_biomarker_scales_train.csv
hrf,chasedb1,cfloss,baseline,0,last,density,pvbm,8,2000,0.09752343498916494,-0.04274559195739617,0.1984163227151044,-1.7757906783897934,,,1,1,,runs/pivot/hrf/seed0/cfloss/pred_chasedb1/bio.csv,results/pivot/e2_gt_chasedb1.csv,results/gateA_biomarker_scales_train.csv
hrf,chasedb1,cfloss,baseline,1,last,density,pvbm,8,2000,-0.12336438492473295,-0.3316079851975116,0.06472146688852565,-0.835679528169841,,,1,0,,runs/pivot/hrf/seed1/cfloss/pred_chasedb1/bio.csv,results/pivot/e2_gt_chasedb1.csv,results/gateA_biomarker_scales_train.csv
hrf,chasedb1,cfloss,baseline,2,last,density,pvbm,8,2000,-0.0714450980600851,-0.2960347702618767,0.20152081121955912,0.03360689086801916,,,1,0,,runs/pivot/hrf/seed2/cfloss/pred_chasedb1/bio.csv,results/pivot/e2_gt_chasedb1.csv,results/gateA_biomarker_scales_train.csv
hrf,chasedb1,continued,baseline,0,last,density,pvbm,8,2000,0.09205047338419736,-0.06336508947899822,0.17281387496490141,-1.0641721295430848,,,1,1,,runs/pivot/hrf/seed0/continued/pred_chasedb1/bio.csv,results/pivot/e2_gt_chasedb1.csv,results/gateA_biomarker_scales_train.csv
hrf,chasedb1,continued,baseline,1,last,density,pvbm,8,2000,-0.030609488702730725,-0.1718899611785615,0.0897900156394477,1.1262467763259765,,,1,0,,runs/pivot/hrf/seed1/continued/pred_chasedb1/bio.csv,results/pivot/e2_gt_chasedb1.csv,results/gateA_biomarker_scales_train.csv
hrf,chasedb1,continued,baseline,2,last,density,pvbm,8,2000,0.04547053576423235,-0.18207568884974756,0.17232749686889756,0.9758102287686001,,,1,1,,runs/pivot/hrf/seed2/continued/pred_chasedb1/bio.csv,results/pivot/e2_gt_chasedb1.csv,results/gateA_biomarker_scales_train.csv
hrf,chasedb1,reliseg,baseline,0,last,density,pvbm,8,2000,0.1471141820981522,-0.036570834627916514,0.27233631327242747,-0.6429295945377106,,,1,1,,runs/pivot/hrf/seed0/reliseg/pred_chasedb1/bio.csv,results/pivot/e2_gt_chasedb1.csv,results/gateA_biomarker_scales_train.csv
hrf,chasedb1,reliseg,baseline,1,last,density,pvbm,8,2000,-0.03442168666572576,-0.22617407975017573,0.16949725915224334,1.9342713714472788,,,1,0,,runs/pivot/hrf/seed1/reliseg/pred_chasedb1/bio.csv,results/pivot/e2_gt_chasedb1.csv,results/gateA_biomarker_scales_train.csv
hrf,chasedb1,reliseg,baseline,2,last,density,pvbm,8,2000,-0.03668016012036131,-0.31671838962524623,0.27773481063735583,1.913673674443452,,,1,0,,runs/pivot/hrf/seed2/reliseg/pred_chasedb1/bio.csv,results/pivot/e2_gt_chasedb1.csv,results/gateA_biomarker_scales_train.csv
hrf,chasedb1,reliseg_nocl,baseline,0,last,density,pvbm,8,2000,0.10715956784512676,-0.060937684328798744,0.2416978717343679,-0.3868183393193445,,,1,1,,runs/pivot/hrf/seed0/reliseg_nocl/pred_chasedb1/bio.csv,results/pivot/e2_gt_chasedb1.csv,results/gateA_biomarker_scales_train.csv
hrf,chasedb1,reliseg_nocl,baseline,1,last,density,pvbm,8,2000,-0.1766816149822233,-0.4048676351041737,0.05630651704660713,0.6872535309409473,,,1,0,,runs/pivot/hrf/seed1/reliseg_nocl/pred_chasedb1/bio.csv,results/pivot/e2_gt_chasedb1.csv,results/gateA_biomarker_scales_train.csv
hrf,chasedb1,reliseg_nocl,baseline,2,last,density,pvbm,8,2000,0.011742958151918934,-0.2284175987616667,0.22328233128312588,0.7736008966720798,,,1,1,,runs/pivot/hrf/seed2/reliseg_nocl/pred_chasedb1/bio.csv,results/pivot/e2_gt_chasedb1.csv,results/gateA_biomarker_scales_train.csv
hrf,chasedb1,cfloss,baseline,"pooled(0,1,2)",last,density,pvbm,8,2000,-0.03242868266521771,-0.1698950811696512,0.10417197414717107,-0.8592877718972051,-0.319339251461477,0.2544818861310416,3,1,no,"runs/pivot/hrf/seed{0,1,2}/cfloss/pred_chasedb1/bio.csv",results/pivot/e2_gt_chasedb1.csv,results/gateA_biomarker_scales_train.csv
hrf,chasedb1,continued,baseline,"pooled(0,1,2)",last,density,pvbm,8,2000,0.03563717348189966,-0.09104754096457135,0.09352591957761687,0.3459616251838306,-0.11817665051530019,0.1894509974790995,3,2,no,"runs/pivot/hrf/seed{0,1,2}/continued/pred_chasedb1/bio.csv",results/pivot/e2_gt_chasedb1.csv,results/gateA_biomarker_scales_train.csv
hrf,chasedb1,reliseg,baseline,"pooled(0,1,2)",last,density,pvbm,8,2000,0.025337445104021708,-0.15248874736777254,0.20516547398843882,1.0683384837843402,-0.23665907768671363,0.287333967894757,3,1,no,"runs/pivot/hrf/seed{0,1,2}/reliseg/pred_chasedb1/bio.csv",results/pivot/e2_gt_chasedb1.csv,results/gateA_biomarker_scales_train.csv
hrf,chasedb1,reliseg_nocl,baseline,"pooled(0,1,2)",last,density,pvbm,8,2000,-0.01925969632839253,-0.1882457939558862,0.1186847977521801,0.3580120294312275,-0.3780635091554061,0.33954411649862104,3,2,no,"runs/pivot/hrf/seed{0,1,2}/reliseg_nocl/pred_chasedb1/bio.csv",results/pivot/e2_gt_chasedb1.csv,results/gateA_biomarker_scales_train.csv
hrf,chasedb1,cfloss,continued,0,last,density,pvbm,8,2000,0.0054729616049675744,-0.03282965278396021,0.07802288774100874,-0.7116185488467084,,,1,1,,runs/pivot/hrf/seed0/cfloss/pred_chasedb1/bio.csv,results/pivot/e2_gt_chasedb1.csv,results/gateA_biomarker_scales_train.csv
hrf,chasedb1,cfloss,continued,1,last,density,pvbm,8,2000,-0.09275489622200223,-0.18564758156213212,-0.005570639411488198,-1.9619263044958175,,,1,0,,runs/pivot/hrf/seed1/cfloss/pred_chasedb1/bio.csv,results/pivot/e2_gt_chasedb1.csv,results/gateA_biomarker_scales_train.csv
hrf,chasedb1,cfloss,continued,2,last,density,pvbm,8,2000,-0.11691563382431745,-0.2661528287254951,0.15150351304862772,-0.942203337900581,,,1,0,,runs/pivot/hrf/seed2/cfloss/pred_chasedb1/bio.csv,results/pivot/e2_gt_chasedb1.csv,results/gateA_biomarker_scales_train.csv
hrf,chasedb1,reliseg,continued,0,last,density,pvbm,8,2000,0.05506370871395483,-0.09355722871034575,0.18915231236694233,0.42124253500537434,,,1,1,,runs/pivot/hrf/seed0/reliseg/pred_chasedb1/bio.csv,results/pivot/e2_gt_chasedb1.csv,results/gateA_biomarker_scales_train.csv
hrf,chasedb1,reliseg,continued,1,last,density,pvbm,8,2000,-0.0038121979629950342,-0.10311297173917745,0.12681292052183038,0.8080245951213023,,,1,0,,runs/pivot/hrf/seed1/reliseg/pred_chasedb1/bio.csv,results/pivot/e2_gt_chasedb1.csv,results/gateA_biomarker_scales_train.csv
hrf,chasedb1,reliseg,continued,2,last,density,pvbm,8,2000,-0.08215069588459366,-0.2627197347016974,0.2799249993491557,0.9378634456748518,,,1,0,,runs/pivot/hrf/seed2/reliseg/pred_chasedb1/bio.csv,results/pivot/e2_gt_chasedb1.csv,results/gateA_biomarker_scales_train.csv
hrf,chasedb1,reliseg_nocl,continued,0,last,density,pvbm,8,2000,0.015109094460929395,-0.09375620772614776,0.13654764996233776,0.6773537902237404,,,1,1,,runs/pivot/hrf/seed0/reliseg_nocl/pred_chasedb1/bio.csv,results/pivot/e2_gt_chasedb1.csv,results/gateA_biomarker_scales_train.csv
hrf,chasedb1,reliseg_nocl,continued,1,last,density,pvbm,8,2000,-0.14607212627949256,-0.2553022624320229,-0.013906042541723704,-0.43899324538502915,,,1,0,,runs/pivot/hrf/seed1/reliseg_nocl/pred_chasedb1/bio.csv,results/pivot/e2_gt_chasedb1.csv,results/gateA_biomarker_scales_train.csv
hrf,chasedb1,reliseg_nocl,continued,2,last,density,pvbm,8,2000,-0.03372757761231342,-0.16041127546602213,0.22476752340453063,-0.20220933209652037,,,1,0,,runs/pivot/hrf/seed2/reliseg_nocl/pred_chasedb1/bio.csv,results/pivot/e2_gt_chasedb1.csv,results/gateA_biomarker_scales_train.csv
hrf,chasedb1,cfloss,continued,"pooled(0,1,2)",last,density,pvbm,8,2000,-0.06806585614711737,-0.14240918353138102,0.05672862866642675,-1.2052493970810356,-0.22909285917820343,0.09296114688396868,3,1,no,"runs/pivot/hrf/seed{0,1,2}/cfloss/pred_chasedb1/bio.csv",results/pivot/e2_gt_chasedb1.csv,results/gateA_biomarker_scales_train.csv
hrf,chasedb1,reliseg,continued,"pooled(0,1,2)",last,density,pvbm,8,2000,-0.010299728377877954,-0.11830074426894162,0.1801075585904367,0.7223768586005095,-0.18129998541893327,0.16070052866317736,3,1,no,"runs/pivot/hrf/seed{0,1,2}/reliseg/pred_chasedb1/bio.csv",results/pivot/e2_gt_chasedb1.csv,results/gateA_biomarker_scales_train.csv
hrf,chasedb1,reliseg_nocl,continued,"pooled(0,1,2)",last,density,pvbm,8,2000,-0.0548968698102922,-0.13297208833876664,0.07654311969808048,0.01205040424739697,-0.2602097723530708,0.1504160327324864,3,1,no,"runs/pivot/hrf/seed{0,1,2}/reliseg_nocl/pred_chasedb1/bio.csv",results/pivot/e2_gt_chasedb1.csv,results/gateA_biomarker_scales_train.csv
hrf,chasedb1,cfloss,baseline,0,last,density,skan,8,2000,0.09752343498916494,-0.04274559195739617,0.1984163227151044,-1.7757906783897934,,,1,1,,runs/pivot/hrf/seed0/cfloss/pred_chasedb1/bio.csv,results/pivot/e2_gt_chasedb1.csv,results/gateA_biomarker_scales_train.csv
hrf,chasedb1,cfloss,baseline,1,last,density,skan,8,2000,-0.12336438492473295,-0.3316079851975116,0.06472146688852565,-0.835679528169841,,,1,0,,runs/pivot/hrf/seed1/cfloss/pred_chasedb1/bio.csv,results/pivot/e2_gt_chasedb1.csv,results/gateA_biomarker_scales_train.csv
hrf,chasedb1,cfloss,baseline,2,last,density,skan,8,2000,-0.0714450980600851,-0.2960347702618767,0.20152081121955912,0.03360689086801916,,,1,0,,runs/pivot/hrf/seed2/cfloss/pred_chasedb1/bio.csv,results/pivot/e2_gt_chasedb1.csv,results/gateA_biomarker_scales_train.csv
hrf,chasedb1,continued,baseline,0,last,density,skan,8,2000,0.09205047338419736,-0.06336508947899822,0.17281387496490141,-1.0641721295430848,,,1,1,,runs/pivot/hrf/seed0/continued/pred_chasedb1/bio.csv,results/pivot/e2_gt_chasedb1.csv,results/gateA_biomarker_scales_train.csv
hrf,chasedb1,continued,baseline,1,last,density,skan,8,2000,-0.030609488702730725,-0.1718899611785615,0.0897900156394477,1.1262467763259765,,,1,0,,runs/pivot/hrf/seed1/continued/pred_chasedb1/bio.csv,results/pivot/e2_gt_chasedb1.csv,results/gateA_biomarker_scales_train.csv
hrf,chasedb1,continued,baseline,2,last,density,skan,8,2000,0.04547053576423235,-0.18207568884974756,0.17232749686889756,0.9758102287686001,,,1,1,,runs/pivot/hrf/seed2/continued/pred_chasedb1/bio.csv,results/pivot/e2_gt_chasedb1.csv,results/gateA_biomarker_scales_train.csv
hrf,chasedb1,reliseg,baseline,0,last,density,skan,8,2000,0.1471141820981522,-0.036570834627916514,0.27233631327242747,-0.6429295945377106,,,1,1,,runs/pivot/hrf/seed0/reliseg/pred_chasedb1/bio.csv,results/pivot/e2_gt_chasedb1.csv,results/gateA_biomarker_scales_train.csv
hrf,chasedb1,reliseg,baseline,1,last,density,skan,8,2000,-0.03442168666572576,-0.22617407975017573,0.16949725915224334,1.9342713714472788,,,1,0,,runs/pivot/hrf/seed1/reliseg/pred_chasedb1/bio.csv,results/pivot/e2_gt_chasedb1.csv,results/gateA_biomarker_scales_train.csv
hrf,chasedb1,reliseg,baseline,2,last,density,skan,8,2000,-0.03668016012036131,-0.31671838962524623,0.27773481063735583,1.913673674443452,,,1,0,,runs/pivot/hrf/seed2/reliseg/pred_chasedb1/bio.csv,results/pivot/e2_gt_chasedb1.csv,results/gateA_biomarker_scales_train.csv
hrf,chasedb1,reliseg_nocl,baseline,0,last,density,skan,8,2000,0.10715956784512676,-0.060937684328798744,0.2416978717343679,-0.3868183393193445,,,1,1,,runs/pivot/hrf/seed0/reliseg_nocl/pred_chasedb1/bio.csv,results/pivot/e2_gt_chasedb1.csv,results/gateA_biomarker_scales_train.csv
hrf,chasedb1,reliseg_nocl,baseline,1,last,density,skan,8,2000,-0.1766816149822233,-0.4048676351041737,0.05630651704660713,0.6872535309409473,,,1,0,,runs/pivot/hrf/seed1/reliseg_nocl/pred_chasedb1/bio.csv,results/pivot/e2_gt_chasedb1.csv,results/gateA_biomarker_scales_train.csv
hrf,chasedb1,reliseg_nocl,baseline,2,last,density,skan,8,2000,0.011742958151918934,-0.2284175987616667,0.22328233128312588,0.7736008966720798,,,1,1,,runs/pivot/hrf/seed2/reliseg_nocl/pred_chasedb1/bio.csv,results/pivot/e2_gt_chasedb1.csv,results/gateA_biomarker_scales_train.csv
hrf,chasedb1,cfloss,baseline,"pooled(0,1,2)",last,density,skan,8,2000,-0.03242868266521771,-0.1698950811696512,0.10417197414717107,-0.8592877718972051,-0.319339251461477,0.2544818861310416,3,1,no,"runs/pivot/hrf/seed{0,1,2}/cfloss/pred_chasedb1/bio.csv",results/pivot/e2_gt_chasedb1.csv,results/gateA_biomarker_scales_train.csv
hrf,chasedb1,continued,baseline,"pooled(0,1,2)",last,density,skan,8,2000,0.03563717348189966,-0.09104754096457135,0.09352591957761687,0.3459616251838306,-0.11817665051530019,0.1894509974790995,3,2,no,"runs/pivot/hrf/seed{0,1,2}/continued/pred_chasedb1/bio.csv",results/pivot/e2_gt_chasedb1.csv,results/gateA_biomarker_scales_train.csv
hrf,chasedb1,reliseg,baseline,"pooled(0,1,2)",last,density,skan,8,2000,0.025337445104021708,-0.15248874736777254,0.20516547398843882,1.0683384837843402,-0.23665907768671363,0.287333967894757,3,1,no,"runs/pivot/hrf/seed{0,1,2}/reliseg/pred_chasedb1/bio.csv",results/pivot/e2_gt_chasedb1.csv,results/gateA_biomarker_scales_train.csv
hrf,chasedb1,reliseg_nocl,baseline,"pooled(0,1,2)",last,density,skan,8,2000,-0.01925969632839253,-0.1882457939558862,0.1186847977521801,0.3580120294312275,-0.3780635091554061,0.33954411649862104,3,2,no,"runs/pivot/hrf/seed{0,1,2}/reliseg_nocl/pred_chasedb1/bio.csv",results/pivot/e2_gt_chasedb1.csv,results/gateA_biomarker_scales_train.csv
hrf,chasedb1,cfloss,continued,0,last,density,skan,8,2000,0.0054729616049675744,-0.03282965278396021,0.07802288774100874,-0.7116185488467084,,,1,1,,runs/pivot/hrf/seed0/cfloss/pred_chasedb1/bio.csv,results/pivot/e2_gt_chasedb1.csv,results/gateA_biomarker_scales_train.csv
hrf,chasedb1,cfloss,continued,1,last,density,skan,8,2000,-0.09275489622200223,-0.18564758156213212,-0.005570639411488198,-1.9619263044958175,,,1,0,,runs/pivot/hrf/seed1/cfloss/pred_chasedb1/bio.csv,results/pivot/e2_gt_chasedb1.csv,results/gateA_biomarker_scales_train.csv
hrf,chasedb1,cfloss,continued,2,last,density,skan,8,2000,-0.11691563382431745,-0.2661528287254951,0.15150351304862772,-0.942203337900581,,,1,0,,runs/pivot/hrf/seed2/cfloss/pred_chasedb1/bio.csv,results/pivot/e2_gt_chasedb1.csv,results/gateA_biomarker_scales_train.csv
hrf,chasedb1,reliseg,continued,0,last,density,skan,8,2000,0.05506370871395483,-0.09355722871034575,0.18915231236694233,0.42124253500537434,,,1,1,,runs/pivot/hrf/seed0/reliseg/pred_chasedb1/bio.csv,results/pivot/e2_gt_chasedb1.csv,results/gateA_biomarker_scales_train.csv
hrf,chasedb1,reliseg,continued,1,last,density,skan,8,2000,-0.0038121979629950342,-0.10311297173917745,0.12681292052183038,0.8080245951213023,,,1,0,,runs/pivot/hrf/seed1/reliseg/pred_chasedb1/bio.csv,results/pivot/e2_gt_chasedb1.csv,results/gateA_biomarker_scales_train.csv
hrf,chasedb1,reliseg,continued,2,last,density,skan,8,2000,-0.08215069588459366,-0.2627197347016974,0.2799249993491557,0.9378634456748518,,,1,0,,runs/pivot/hrf/seed2/reliseg/pred_chasedb1/bio.csv,results/pivot/e2_gt_chasedb1.csv,results/gateA_biomarker_scales_train.csv
hrf,chasedb1,reliseg_nocl,continued,0,last,density,skan,8,2000,0.015109094460929395,-0.09375620772614776,0.13654764996233776,0.6773537902237404,,,1,1,,runs/pivot/hrf/seed0/reliseg_nocl/pred_chasedb1/bio.csv,results/pivot/e2_gt_chasedb1.csv,results/gateA_biomarker_scales_train.csv
hrf,chasedb1,reliseg_nocl,continued,1,last,density,skan,8,2000,-0.14607212627949256,-0.2553022624320229,-0.013906042541723704,-0.43899324538502915,,,1,0,,runs/pivot/hrf/seed1/reliseg_nocl/pred_chasedb1/bio.csv,results/pivot/e2_gt_chasedb1.csv,results/gateA_biomarker_scales_train.csv
hrf,chasedb1,reliseg_nocl,continued,2,last,density,skan,8,2000,-0.03372757761231342,-0.16041127546602213,0.22476752340453063,-0.20220933209652037,,,1,0,,runs/pivot/hrf/seed2/reliseg_nocl/pred_chasedb1/bio.csv,results/pivot/e2_gt_chasedb1.csv,results/gateA_biomarker_scales_train.csv
hrf,chasedb1,cfloss,continued,"pooled(0,1,2)",last,density,skan,8,2000,-0.06806585614711737,-0.14240918353138102,0.05672862866642675,-1.2052493970810356,-0.22909285917820343,0.09296114688396868,3,1,no,"runs/pivot/hrf/seed{0,1,2}/cfloss/pred_chasedb1/bio.csv",results/pivot/e2_gt_chasedb1.csv,results/gateA_biomarker_scales_train.csv
hrf,chasedb1,reliseg,continued,"pooled(0,1,2)",last,density,skan,8,2000,-0.010299728377877954,-0.11830074426894162,0.1801075585904367,0.7223768586005095,-0.18129998541893327,0.16070052866317736,3,1,no,"runs/pivot/hrf/seed{0,1,2}/reliseg/pred_chasedb1/bio.csv",results/pivot/e2_gt_chasedb1.csv,results/gateA_biomarker_scales_train.csv
hrf,chasedb1,reliseg_nocl,continued,"pooled(0,1,2)",last,density,skan,8,2000,-0.0548968698102922,-0.13297208833876664,0.07654311969808048,0.01205040424739697,-0.2602097723530708,0.1504160327324864,3,1,no,"runs/pivot/hrf/seed{0,1,2}/reliseg_nocl/pred_chasedb1/bio.csv",results/pivot/e2_gt_chasedb1.csv,results/gateA_biomarker_scales_train.csv
hrf,chasedb1,cfloss,baseline,0,last,total_length,pvbm,8,2000,0.2235205558871316,-7.504263283000374e-06,0.41413510948903803,-0.9732399909738136,,,1,1,,runs/pivot/hrf/seed0/cfloss/pred_chasedb1/bio.csv,results/pivot/e2_gt_chasedb1.csv,results/gateA_biomarker_scales_train.csv
hrf,chasedb1,cfloss,baseline,1,last,total_length,pvbm,8,2000,-0.07289211152386199,-0.4245520496549418,0.22843897524574996,-0.45470843343325873,,,1,0,,runs/pivot/hrf/seed1/cfloss/pred_chasedb1/bio.csv,results/pivot/e2_gt_chasedb1.csv,results/gateA_biomarker_scales_train.csv
hrf,chasedb1,cfloss,baseline,2,last,total_length,pvbm,8,2000,0.1699557686901975,-0.13117733302849013,0.31587666733173686,-0.21952826356474375,,,1,1,,runs/pivot/hrf/seed2/cfloss/pred_chasedb1/bio.csv,results/pivot/e2_gt_chasedb1.csv,results/gateA_biomarker_scales_train.csv
hrf,chasedb1,continued,baseline,0,last,total_length,pvbm,8,2000,0.11168212056500529,0.0016556033842508836,0.16396886522377718,-0.6211945507654022,,,1,1,,runs/pivot/hrf/seed0/continued/pred_chasedb1/bio.csv,results/pivot/e2_gt_chasedb1.csv,results/gateA_biomarker_scales_train.csv
hrf,chasedb1,continued,baseline,1,last,total_length,pvbm,8,2000,0.02624022448619251,-0.09814091658325066,0.18214276143216301,0.511335558216707,,,1,1,,runs/pivot/hrf/seed1/continued/pred_chasedb1/bio.csv,results/pivot/e2_gt_chasedb1.csv,results/gateA_biomarker_scales_train.csv
hrf,chasedb1,continued,baseline,2,last,total_length,pvbm,8,2000,0.1650972530323417,-0.024595959786563516,0.30109322019832263,0.15484015641277415,,,1,1,,runs/pivot/hrf/seed2/continued/pred_chasedb1/bio.csv,results/pivot/e2_gt_chasedb1.csv,results/gateA_biomarker_scales_train.csv
hrf,chasedb1,reliseg,baseline,0,last,total_length,pvbm,8,2000,0.19287960613288246,-0.08786203112965407,0.43775689813689306,-0.04110824074193298,,,1,1,,runs/pivot/hrf/seed0/reliseg/pred_chasedb1/bio.csv,results/pivot/e2_gt_chasedb1.csv,results/gateA_biomarker_scales_train.csv
hrf,chasedb1,reliseg,baseline,1,last,total_length,pvbm,8,2000,0.11555463104893343,-0.22337103848576534,0.8010106961573654,1.8219548260661207,,,1,1,,runs/pivot/hrf/seed1/reliseg/pred_chasedb1/bio.csv,results/pivot/e2_gt_chasedb1.csv,results/gateA_biomarker_scales_train.csv
hrf,chasedb1,reliseg,baseline,2,last,total_length,pvbm,8,2000,0.13612522509729316,-0.18443622844805982,0.27105597266127096,0.9930257317738855,,,1,1,,runs/pivot/hrf/seed2/reliseg/pred_chasedb1/bio.csv,results/pivot/e2_gt_chasedb1.csv,results/gateA_biomarker_scales_train.csv
hrf,chasedb1,reliseg_nocl,baseline,0,last,total_length,pvbm,8,2000,0.2867485688564323,-0.011265814183168644,0.862169715435196,0.01233042974733678,,,1,1,,runs/pivot/hrf/seed0/reliseg_nocl/pred_chasedb1/bio.csv,results/pivot/e2_gt_chasedb1.csv,results/gateA_biomarker_scales_train.csv
hrf,chasedb1,reliseg_nocl,baseline,1,last,total_length,pvbm,8,2000,0.03280316600685884,-0.12199589500853449,0.1553114070140103,0.5766063154774583,,,1,1,,runs/pivot/hrf/seed1/reliseg_nocl/pred_chasedb1/bio.csv,results/pivot/e2_gt_chasedb1.csv,results/gateA_biomarker_scales_train.csv
hrf,chasedb1,reliseg_nocl,baseline,2,last,total_length,pvbm,8,2000,0.14637017573697916,-0.14390943362907138,0.26357968369345236,0.26880672895533975,,,1,1,,runs/pivot/hrf/seed2/reliseg_nocl/pred_chasedb1/bio.csv,results/pivot/e2_gt_chasedb1.csv,results/gateA_biomarker_scales_train.csv
hrf,chasedb1,cfloss,baseline,"pooled(0,1,2)",last,total_length,pvbm,8,2000,0.1068614043511557,-0.09457085172845517,0.23347143530593936,-0.5491588959906054,-0.2855285054460998,0.49925131414841123,3,2,no,"runs/pivot/hrf/seed{0,1,2}/cfloss/pred_chasedb1/bio.csv",results/pivot/e2_gt_chasedb1.csv,results/gateA_biomarker_scales_train.csv
hrf,chasedb1,continued,baseline,"pooled(0,1,2)",last,total_length,pvbm,8,2000,0.10100653269451317,-0.006133824277710786,0.17415624417505227,0.014993721288026304,-0.07298589745073454,0.2749989628397609,3,3,yes,"runs/pivot/hrf/seed{0,1,2}/continued/pred_chasedb1/bio.csv",results/pivot/e2_gt_chasedb1.csv,results/gateA_biomarker_scales_train.csv
hrf,chasedb1,reliseg,baseline,"pooled(0,1,2)",last,total_length,pvbm,8,2000,0.14818648742636967,-0.10109031017103627,0.43455946283989727,0.9246241056993577,0.048700153171097424,0.2476728216816419,3,3,yes,"runs/pivot/hrf/seed{0,1,2}/reliseg/pred_chasedb1/bio.csv",results/pivot/e2_gt_chasedb1.csv,results/gateA_biomarker_scales_train.csv
hrf,chasedb1,reliseg_nocl,baseline,"pooled(0,1,2)",last,total_length,pvbm,8,2000,0.15530730353342345,-0.01727848764551538,0.34224121667499247,0.28591449139337827,-0.16069582222287496,0.4713104292897219,3,3,yes,"runs/pivot/hrf/seed{0,1,2}/reliseg_nocl/pred_chasedb1/bio.csv",results/pivot/e2_gt_chasedb1.csv,results/gateA_biomarker_scales_train.csv
hrf,chasedb1,cfloss,continued,0,last,total_length,pvbm,8,2000,0.11183843532212631,-0.07503155304500786,0.3098052590585413,-0.35204544020841144,,,1,1,,runs/pivot/hrf/seed0/cfloss/pred_chasedb1/bio.csv,results/pivot/e2_gt_chasedb1.csv,results/gateA_biomarker_scales_train.csv
hrf,chasedb1,cfloss,continued,1,last,total_length,pvbm,8,2000,-0.0991323360100545,-0.38739178294744414,0.12284745144756826,-0.9660439916499657,,,1,0,,runs/pivot/hrf/seed1/cfloss/pred_chasedb1/bio.csv,results/pivot/e2_gt_chasedb1.csv,results/gateA_biomarker_scales_train.csv
hrf,chasedb1,cfloss,continued,2,last,total_length,pvbm,8,2000,0.0048585156578557775,-0.19196390280255501,0.13746874100400394,-0.3743684199775179,,,1,1,,runs/pivot/hrf/seed2/cfloss/pred_chasedb1/bio.csv,results/pivot/e2_gt_chasedb1.csv,results/gateA_biomarker_scales_train.csv
hrf,chasedb1,reliseg,continued,0,last,total_length,pvbm,8,2000,0.08119748556787718,-0.18222459337946628,0.3916701536778393,0.5800863100234692,,,1,1,,runs/pivot/hrf/seed0/reliseg/pred_chasedb1/bio.csv,results/pivot/e2_gt_chasedb1.csv,results/gateA_biomarker_scales_train.csv
hrf,chasedb1,reliseg,continued,1,last,total_length,pvbm,8,2000,0.08931440656274092,-0.1616045553033387,0.651858994970502,1.3106192678494137,,,1,1,,runs/pivot/hrf/seed1/reliseg/pred_chasedb1/bio.csv,results/pivot/e2_gt_chasedb1.csv,results/gateA_biomarker_scales_train.csv
hrf,chasedb1,reliseg,continued,2,last,total_length,pvbm,8,2000,-0.02897202793504855,-0.2370765139141906,0.07828676510623594,0.8381855753611114,,,1,0,,runs/pivot/hrf/seed2/reliseg/pred_chasedb1/bio.csv,results/pivot/e2_gt_chasedb1.csv,results/gateA_biomarker_scales_train.csv
hrf,chasedb1,reliseg_nocl,continued,0,last,total_length,pvbm,8,2000,0.175066448291427,-0.08062810089096119,0.7814507328528448,0.633524980512739,,,1,1,,runs/pivot/hrf/seed0/reliseg_nocl/pred_chasedb1/bio.csv,results/pivot/e2_gt_chasedb1.csv,results/gateA_biomarker_scales_train.csv
hrf,chasedb1,reliseg_nocl,continued,1,last,total_length,pvbm,8,2000,0.006562941520666332,-0.14261627555484005,0.07030395887798513,0.06527075726075138,,,1,1,,runs/pivot/hrf/seed1/reliseg_nocl/pred_chasedb1/bio.csv,results/pivot/e2_gt_chasedb1.csv,results/gateA_biomarker_scales_train.csv
hrf,chasedb1,reliseg_nocl,continued,2,last,total_length,pvbm,8,2000,-0.01872707729536255,-0.19795288295875468,0.07309293503891597,0.11396657254256559,,,1,0,,runs/pivot/hrf/seed2/reliseg_nocl/pred_chasedb1/bio.csv,results/pivot/e2_gt_chasedb1.csv,results/gateA_biomarker_scales_train.csv
hrf,chasedb1,cfloss,continued,"pooled(0,1,2)",last,total_length,pvbm,8,2000,0.00585487165664253,-0.15345447900738388,0.13465387063114062,-0.5641526172786316,-0.2561941196212906,0.2679038629345757,3,2,no,"runs/pivot/hrf/seed{0,1,2}/cfloss/pred_chasedb1/bio.csv",results/pivot/e2_gt_chasedb1.csv,results/gateA_biomarker_scales_train.csv
hrf,chasedb1,reliseg,continued,"pooled(0,1,2)",last,total_length,pvbm,8,2000,0.047179954731856516,-0.16218799486503718,0.3014976109414569,0.9096303844113315,-0.11695773066193166,0.2113176401256447,3,2,no,"runs/pivot/hrf/seed{0,1,2}/reliseg/pred_chasedb1/bio.csv",results/pivot/e2_gt_chasedb1.csv,results/gateA_biomarker_scales_train.csv
hrf,chasedb1,reliseg_nocl,continued,"pooled(0,1,2)",last,total_length,pvbm,8,2000,0.054300770838910266,-0.047828996479877095,0.20594593053285687,0.270920770105352,-0.20739765944642646,0.315999201124247,3,2,no,"runs/pivot/hrf/seed{0,1,2}/reliseg_nocl/pred_chasedb1/bio.csv",results/pivot/e2_gt_chasedb1.csv,results/gateA_biomarker_scales_train.csv
hrf,chasedb1,cfloss,baseline,0,last,total_length,skan,8,2000,0.12104367991244122,-0.020951389119824918,0.19639487962408747,-1.6007687545878935,,,1,1,,runs/pivot/hrf/seed0/cfloss/pred_chasedb1/bio.csv,results/pivot/e2_gt_chasedb1.csv,results/gateA_biomarker_scales_train.csv
hrf,chasedb1,cfloss,baseline,1,last,total_length,skan,8,2000,-0.11591289236506963,-0.3443806007835222,0.02648254190455296,-0.40585196841456284,,,1,0,,runs/pivot/hrf/seed1/cfloss/pred_chasedb1/bio.csv,results/pivot/e2_gt_chasedb1.csv,results/gateA_biomarker_scales_train.csv
hrf,chasedb1,cfloss,baseline,2,last,total_length,skan,8,2000,0.0927194574409253,-0.06895201260095887,0.14833465471657806,-0.5556347757647899,,,1,1,,runs/pivot/hrf/seed2/cfloss/pred_chasedb1/bio.csv,results/pivot/e2_gt_chasedb1.csv,results/gateA_biomarker_scales_train.csv
hrf,chasedb1,continued,baseline,0,last,total_length,skan,8,2000,0.14680158947322355,0.011440514789045165,0.21228981863149238,-1.2025203082241793,,,1,1,,runs/pivot/hrf/seed0/continued/pred_chasedb1/bio.csv,results/pivot/e2_gt_chasedb1.csv,results/gateA_biomarker_scales_train.csv
hrf,chasedb1,continued,baseline,1,last,total_length,skan,8,2000,-0.01380502876000722,-0.17291945158157104,0.09921643334851489,0.5724819924019294,,,1,0,,runs/pivot/hrf/seed1/continued/pred_chasedb1/bio.csv,results/pivot/e2_gt_chasedb1.csv,results/gateA_biomarker_scales_train.csv
hrf,chasedb1,continued,baseline,2,last,total_length,skan,8,2000,0.15583088246501964,0.005714721492469227,0.2868759845711282,-0.26241592606707753,,,1,1,,runs/pivot/hrf/seed2/continued/pred_chasedb1/bio.csv,results/pivot/e2_gt_chasedb1.csv,results/gateA_biomarker_scales_train.csv
hrf,chasedb1,reliseg,baseline,0,last,total_length,skan,8,2000,0.037735003812295664,-0.2681174865266492,0.20797444569852944,0.7860846749167743,,,1,1,,runs/pivot/hrf/seed0/reliseg/pred_chasedb1/bio.csv,results/pivot/e2_gt_chasedb1.csv,results/gateA_biomarker_scales_train.csv
hrf,chasedb1,reliseg,baseline,1,last,total_length,skan,8,2000,-0.18817972394780058,-0.4899152625283117,0.11396016961072297,2.877736065171553,,,1,0,,runs/pivot/hrf/seed1/reliseg/pred_chasedb1/bio.csv,results/pivot/e2_gt_chasedb1.csv,results/gateA_biomarker_scales_train.csv
hrf,chasedb1,reliseg,baseline,2,last,total_length,skan,8,2000,0.15437202985163645,-0.31439940330199667,0.4604858946892589,2.749003725107148,,,1,1,,runs/pivot/hrf/seed2/reliseg/pred_chasedb1/bio.csv,results/pivot/e2_gt_chasedb1.csv,results/gateA_biomarker_scales_train.csv
hrf,chasedb1,reliseg_nocl,baseline,0,last,total_length,skan,8,2000,0.05362355062245336,-0.18603774691291897,0.20105074639298634,0.9005206529576797,,,1,1,,runs/pivot/hrf/seed0/reliseg_nocl/pred_chasedb1/bio.csv,results/pivot/e2_gt_chasedb1.csv,results/gateA_biomarker_scales_train.csv
hrf,chasedb1,reliseg_nocl,baseline,1,last,total_length,skan,8,2000,-0.21966918838235583,-0.4713832795316961,0.015171353523819764,1.601983130483689,,,1,0,,runs/pivot/hrf/seed1/reliseg_nocl/pred_chasedb1/bio.csv,results/pivot/e2_gt_chasedb1.csv,results/gateA_biomarker_scales_train.csv
hrf,chasedb1,reliseg_nocl,baseline,2,last,total_length,skan,8,2000,0.15958357189397193,-0.050900044970344914,0.25398000185826136,1.4328318104734765,,,1,1,,runs/pivot/hrf/seed2/reliseg_nocl/pred_chasedb1/bio.csv,results/pivot/e2_gt_chasedb1.csv,results/gateA_biomarker_scales_train.csv
hrf,chasedb1,cfloss,baseline,"pooled(0,1,2)",last,total_length,skan,8,2000,0.032616748329432295,-0.1253969494490464,0.09592167451005768,-0.8540851662557488,-0.2888498301357081,0.35408332679457266,3,2,no,"runs/pivot/hrf/seed{0,1,2}/cfloss/pred_chasedb1/bio.csv",results/pivot/e2_gt_chasedb1.csv,results/gateA_biomarker_scales_train.csv
hrf,chasedb1,continued,baseline,"pooled(0,1,2)",last,total_length,skan,8,2000,0.09627581439274531,-0.018747867993009374,0.15253881434104705,-0.2974847472964425,-0.14080940977414186,0.3333610385596325,3,2,no,"runs/pivot/hrf/seed{0,1,2}/continued/pred_chasedb1/bio.csv",results/pivot/e2_gt_chasedb1.csv,results/gateA_biomarker_scales_train.csv
hrf,chasedb1,reliseg,baseline,"pooled(0,1,2)",last,total_length,skan,8,2000,0.001309103238710511,-0.3296249599332214,0.23536095252491968,2.1376081550651587,-0.43132015527372447,0.43393836175114553,3,2,no,"runs/pivot/hrf/seed{0,1,2}/reliseg/pred_chasedb1/bio.csv",results/pivot/e2_gt_chasedb1.csv,results/gateA_biomarker_scales_train.csv
hrf,chasedb1,reliseg_nocl,baseline,"pooled(0,1,2)",last,total_length,skan,8,2000,-0.0021540219553101794,-0.19457896752909684,0.13000948907015497,1.3117785313049484,-0.4882555154538045,0.4839474715431842,3,2,no,"runs/pivot/hrf/seed{0,1,2}/reliseg_nocl/pred_chasedb1/bio.csv",results/pivot/e2_gt_chasedb1.csv,results/gateA_biomarker_scales_train.csv
hrf,chasedb1,cfloss,continued,0,last,total_length,skan,8,2000,-0.025757909560782333,-0.07739603540843946,0.02252819819148208,-0.39824844636371415,,,1,0,,runs/pivot/hrf/seed0/cfloss/pred_chasedb1/bio.csv,results/pivot/e2_gt_chasedb1.csv,results/gateA_biomarker_scales_train.csv
hrf,chasedb1,cfloss,continued,1,last,total_length,skan,8,2000,-0.10210786360506241,-0.30895530521729003,0.06428589472616004,-0.9783339608164923,,,1,0,,runs/pivot/hrf/seed1/cfloss/pred_chasedb1/bio.csv,results/pivot/e2_gt_chasedb1.csv,results/gateA_biomarker_scales_train.csv
hrf,chasedb1,cfloss,continued,2,last,total_length,skan,8,2000,-0.06311142502409434,-0.25201398277724524,0.04501699448696663,-0.2932188496977124,,,1,0,,runs/pivot/hrf/seed2/cfloss/pred_chasedb1/bio.csv,results/pivot/e2_gt_chasedb1.csv,results/gateA_biomarker_scales_train.csv
hrf,chasedb1,reliseg,continued,0,last,total_length,skan,8,2000,-0.10906658566092789,-0.4344148188878869,0.13396881055547877,1.9886049831409536,,,1,0,,runs/pivot/hrf/seed0/reliseg/pred_chasedb1/bio.csv,results/pivot/e2_gt_chasedb1.csv,results/gateA_biomarker_scales_train.csv
hrf,chasedb1,reliseg,continued,1,last,total_length,skan,8,2000,-0.17437469518779336,-0.3577188707383901,0.03153965203197088,2.305254072769624,,,1,0,,runs/pivot/hrf/seed1/reliseg/pred_chasedb1/bio.csv,results/pivot/e2_gt_chasedb1.csv,results/gateA_biomarker_scales_train.csv
hrf,chasedb1,reliseg,continued,2,last,total_length,skan,8,2000,-0.001458852613383188,-0.38748272942908624,0.30005688370122585,3.0114196511742257,,,1,0,,runs/pivot/hrf/seed2/reliseg/pred_chasedb1/bio.csv,results/pivot/e2_gt_chasedb1.csv,results/gateA_biomarker_scales_train.csv
hrf,chasedb1,reliseg_nocl,continued,0,last,total_length,skan,8,2000,-0.0931780388507702,-0.3250829118944347,0.10526799432198583,2.103040961181859,,,1,0,,runs/pivot/hrf/seed0/reliseg_nocl/pred_chasedb1/bio.csv,results/pivot/e2_gt_chasedb1.csv,results/gateA_biomarker_scales_train.csv
hrf,chasedb1,reliseg_nocl,continued,1,last,total_length,skan,8,2000,-0.2058641596223486,-0.4305975298869298,0.019902198486229646,1.0295011380817594,,,1,0,,runs/pivot/hrf/seed1/reliseg_nocl/pred_chasedb1/bio.csv,results/pivot/e2_gt_chasedb1.csv,results/gateA_biomarker_scales_train.csv
hrf,chasedb1,reliseg_nocl,continued,2,last,total_length,skan,8,2000,0.003752689428952294,-0.15796221002286778,0.11979325715245043,1.695247736540554,,,1,1,,runs/pivot/hrf/seed2/reliseg_nocl/pred_chasedb1/bio.csv,results/pivot/e2_gt_chasedb1.csv,results/gateA_biomarker_scales_train.csv
hrf,chasedb1,cfloss,continued,"pooled(0,1,2)",last,total_length,skan,8,2000,-0.06365906606331302,-0.19417290120761543,0.013824190428674577,-0.5566004189593062,-0.15849828431391294,0.03118015218728691,3,0,yes,"runs/pivot/hrf/seed{0,1,2}/cfloss/pred_chasedb1/bio.csv",results/pivot/e2_gt_chasedb1.csv,results/gateA_biomarker_scales_train.csv
hrf,chasedb1,reliseg,continued,"pooled(0,1,2)",last,total_length,skan,8,2000,-0.09496671115403481,-0.3611137876841941,0.1419964070966604,2.435092902361601,-0.31187158205442833,0.12193815974635873,3,0,yes,"runs/pivot/hrf/seed{0,1,2}/reliseg/pred_chasedb1/bio.csv",results/pivot/e2_gt_chasedb1.csv,results/gateA_biomarker_scales_train.csv
hrf,chasedb1,reliseg_nocl,continued,"pooled(0,1,2)",last,total_length,skan,8,2000,-0.09842983634805551,-0.2545070398053514,0.03227020928491355,1.609263278601391,-0.3590334279763303,0.16217375528021927,3,1,no,"runs/pivot/hrf/seed{0,1,2}/reliseg_nocl/pred_chasedb1/bio.csv",results/pivot/e2_gt_chasedb1.csv,results/gateA_biomarker_scales_train.csv
fives,stare,cfloss,baseline,0,last,FD,pvbm,10,2000,0.001290214156293712,-0.01780346642019936,0.011340346533585849,-0.021113662589707427,,,1,1,,runs/pivot/fives/seed0/cfloss/pred_stare/bio.csv,results/pivot/e2_gt_stare.csv,results/gateA_biomarker_scales_train.csv
fives,stare,cfloss,baseline,1,last,FD,pvbm,10,2000,-0.004107086797977222,-0.010029112804228657,0.0012786679793683573,-0.008064174985241479,,,1,0,,runs/pivot/fives/seed1/cfloss/pred_stare/bio.csv,results/pivot/e2_gt_stare.csv,results/gateA_biomarker_scales_train.csv
fives,stare,cfloss,baseline,2,last,FD,pvbm,10,2000,0.003815075439892346,-0.004190800153113572,0.0262099673145403,0.01218332568913122,,,1,1,,runs/pivot/fives/seed2/cfloss/pred_stare/bio.csv,results/pivot/e2_gt_stare.csv,results/gateA_biomarker_scales_train.csv
fives,stare,continued,baseline,0,last,FD,pvbm,10,2000,0.0046014894871811984,-0.005892496333735203,0.01562841445608509,0.043652838198849075,,,1,1,,runs/pivot/fives/seed0/continued/pred_stare/bio.csv,results/pivot/e2_gt_stare.csv,results/gateA_biomarker_scales_train.csv
fives,stare,continued,baseline,1,last,FD,pvbm,10,2000,-0.0008439787443081936,-0.008925961109809397,0.008366227979220797,0.0036891987707195484,,,1,0,,runs/pivot/fives/seed1/continued/pred_stare/bio.csv,results/pivot/e2_gt_stare.csv,results/gateA_biomarker_scales_train.csv
fives,stare,continued,baseline,2,last,FD,pvbm,10,2000,0.0076313697024398275,-0.0023098407121135475,0.02460280960167619,0.07233711797972531,,,1,1,,runs/pivot/fives/seed2/continued/pred_stare/bio.csv,results/pivot/e2_gt_stare.csv,results/gateA_biomarker_scales_train.csv
fives,stare,reliseg,baseline,0,last,FD,pvbm,10,2000,0.011635155816192566,-0.017719379433259647,0.047192810196869696,0.035772768141241584,,,1,1,,runs/pivot/fives/seed0/reliseg/pred_stare/bio.csv,results/pivot/e2_gt_stare.csv,results/gateA_biomarker_scales_train.csv
fives,stare,reliseg,baseline,1,last,FD,pvbm,10,2000,0.0037062565683925186,-0.003395665922756197,0.025438002166560086,0.10589970113332886,,,1,1,,runs/pivot/fives/seed1/reliseg/pred_stare/bio.csv,results/pivot/e2_gt_stare.csv,results/gateA_biomarker_scales_train.csv
fives,stare,reliseg,baseline,2,last,FD,pvbm,10,2000,-0.001876329230751983,-0.01694753635474523,0.0260995143252717,0.11632298301233551,,,1,0,,runs/pivot/fives/seed2/reliseg/pred_stare/bio.csv,results/pivot/e2_gt_stare.csv,results/gateA_biomarker_scales_train.csv
fives,stare,reliseg_nocl,baseline,0,last,FD,pvbm,10,2000,0.0007681879017031878,-0.01216067734607787,0.01467508789749009,0.06830758693061256,,,1,1,,runs/pivot/fives/seed0/reliseg_nocl/pred_stare/bio.csv,results/pivot/e2_gt_stare.csv,results/gateA_biomarker_scales_train.csv
fives,stare,reliseg_nocl,baseline,1,last,FD,pvbm,10,2000,0.0009846030893365665,-0.008258742228924577,0.009966941928175845,0.05856410184162636,,,1,1,,runs/pivot/fives/seed1/reliseg_nocl/pred_stare/bio.csv,results/pivot/e2_gt_stare.csv,results/gateA_biomarker_scales_train.csv
fives,stare,reliseg_nocl,baseline,2,last,FD,pvbm,10,2000,-0.01106443365991816,-0.03604298246598722,0.018692207630090597,0.14377109154826295,,,1,0,,runs/pivot/fives/seed2/reliseg_nocl/pred_stare/bio.csv,results/pivot/e2_gt_stare.csv,results/gateA_biomarker_scales_train.csv
fives,stare,cfloss,baseline,"pooled(0,1,2)",last,FD,pvbm,10,2000,0.000332734266069612,-0.002063155282542421,0.0031008393089532655,-0.005664837295272562,-0.009720426937964936,0.01038589547010416,3,2,no,"runs/pivot/fives/seed{0,1,2}/cfloss/pred_stare/bio.csv",results/pivot/e2_gt_stare.csv,results/gateA_biomarker_scales_train.csv
fives,stare,continued,baseline,"pooled(0,1,2)",last,FD,pvbm,10,2000,0.003796293481770944,-0.0036280468269721746,0.013045458132801347,0.039893051649764644,-0.006872243148104367,0.014464830111646254,3,2,no,"runs/pivot/fives/seed{0,1,2}/continued/pred_stare/bio.csv",results/pivot/e2_gt_stare.csv,results/gateA_biomarker_scales_train.csv
fives,stare,reliseg,baseline,"pooled(0,1,2)",last,FD,pvbm,10,2000,0.004488361051277701,-0.0061215545221059205,0.017137865199540178,0.08599848409563532,-0.01237796861102538,0.02135469071358078,3,2,no,"runs/pivot/fives/seed{0,1,2}/reliseg/pred_stare/bio.csv",results/pivot/e2_gt_stare.csv,results/gateA_biomarker_scales_train.csv
fives,stare,reliseg_nocl,baseline,"pooled(0,1,2)",last,FD,pvbm,10,2000,-0.003103880889626135,-0.0063708582051630385,0.004343380305364274,0.09021426010683396,-0.020231737351139173,0.014023975571886902,3,2,no,"runs/pivot/fives/seed{0,1,2}/reliseg_nocl/pred_stare/bio.csv",results/pivot/e2_gt_stare.csv,results/gateA_biomarker_scales_train.csv
fives,stare,cfloss,continued,0,last,FD,pvbm,10,2000,-0.0033112753308874865,-0.020118802099109847,0.002533631484092871,-0.0647665007885565,,,1,0,,runs/pivot/fives/seed0/cfloss/pred_stare/bio.csv,results/pivot/e2_gt_stare.csv,results/gateA_biomarker_scales_train.csv
fives,stare,cfloss,continued,1,last,FD,pvbm,10,2000,-0.0032631080536690282,-0.01732165032359765,0.00795067855046388,-0.011753373755961027,,,1,0,,runs/pivot/fives/seed1/cfloss/pred_stare/bio.csv,results/pivot/e2_gt_stare.csv,results/gateA_biomarker_scales_train.csv
fives,stare,cfloss,continued,2,last,FD,pvbm,10,2000,-0.0038162942625474816,-0.00998703825630481,0.005875603576574762,-0.06015379229059409,,,1,0,,runs/pivot/fives/seed2/cfloss/pred_stare/bio.csv,results/pivot/e2_gt_stare.csv,results/gateA_biomarker_scales_train.csv
fives,stare,reliseg,continued,0,last,FD,pvbm,10,2000,0.007033666329011368,-0.01682505129106191,0.033717399298638144,-0.007880070057607491,,,1,1,,runs/pivot/fives/seed0/reliseg/pred_stare/bio.csv,results/pivot/e2_gt_stare.csv,results/gateA_biomarker_scales_train.csv
fives,stare,reliseg,continued,1,last,FD,pvbm,10,2000,0.004550235312700712,-0.004341109778642255,0.01982150929893008,0.10221050236260931,,,1,1,,runs/pivot/fives/seed1/reliseg/pred_stare/bio.csv,results/pivot/e2_gt_stare.csv,results/gateA_biomarker_scales_train.csv
fives,stare,reliseg,continued,2,last,FD,pvbm,10,2000,-0.00950769893319181,-0.026258306109190728,0.0027775274808603534,0.043985865032610205,,,1,0,,runs/pivot/fives/seed2/reliseg/pred_stare/bio.csv,results/pivot/e2_gt_stare.csv,results/gateA_biomarker_scales_train.csv
fives,stare,reliseg_nocl,continued,0,last,FD,pvbm,10,2000,-0.0038333015854780106,-0.010229377952245655,0.004985996986498352,0.024654748731763487,,,1,0,,runs/pivot/fives/seed0/reliseg_nocl/pred_stare/bio.csv,results/pivot/e2_gt_stare.csv,results/gateA_biomarker_scales_train.csv
fives,stare,reliseg_nocl,continued,1,last,FD,pvbm,10,2000,0.0018285818336447601,-0.0072612654094795885,0.005939374940167663,0.05487490307090681,,,1,1,,runs/pivot/fives/seed1/reliseg_nocl/pred_stare/bio.csv,results/pivot/e2_gt_stare.csv,results/gateA_biomarker_scales_train.csv
fives,stare,reliseg_nocl,continued,2,last,FD,pvbm,10,2000,-0.018695803362357988,-0.04639804846630999,0.003777596082222185,0.07143397356853765,,,1,0,,runs/pivot/fives/seed2/reliseg_nocl/pred_stare/bio.csv,results/pivot/e2_gt_stare.csv,results/gateA_biomarker_scales_train.csv
fives,stare,cfloss,continued,"pooled(0,1,2)",last,FD,pvbm,10,2000,-0.003463559215701332,-0.011055099758039623,0.001990603507429388,-0.045557888945037206,-0.004224762131346041,-0.002702356300056623,3,0,yes,"runs/pivot/fives/seed{0,1,2}/cfloss/pred_stare/bio.csv",results/pivot/e2_gt_stare.csv,results/gateA_biomarker_scales_train.csv
fives,stare,reliseg,continued,"pooled(0,1,2)",last,FD,pvbm,10,2000,0.0006920675695067565,-0.003643622400086389,0.008151285884769929,0.046105432445870675,-0.021466703286307925,0.022850838425321436,3,2,no,"runs/pivot/fives/seed{0,1,2}/reliseg/pred_stare/bio.csv",results/pivot/e2_gt_stare.csv,results/gateA_biomarker_scales_train.csv
fives,stare,reliseg_nocl,continued,"pooled(0,1,2)",last,FD,pvbm,10,2000,-0.006900174371397079,-0.01555824958777275,0.0005890030338040817,0.05032120845706931,-0.03323284009290377,0.019432491350109608,3,1,no,"runs/pivot/fives/seed{0,1,2}/reliseg_nocl/pred_stare/bio.csv",results/pivot/e2_gt_stare.csv,results/gateA_biomarker_scales_train.csv
fives,stare,cfloss,baseline,0,last,FD,skan,10,2000,-0.0008189950394356105,-0.013341959992694344,0.01471217950967134,0.030369681148106634,,,1,0,,runs/pivot/fives/seed0/cfloss/pred_stare/bio.csv,results/pivot/e2_gt_stare.csv,results/gateA_biomarker_scales_train.csv
fives,stare,cfloss,baseline,1,last,FD,skan,10,2000,0.002939406864405636,-0.007226091808354565,0.011039007405681242,-0.01714708682820215,,,1,1,,runs/pivot/fives/seed1/cfloss/pred_stare/bio.csv,results/pivot/e2_gt_stare.csv,results/gateA_biomarker_scales_train.csv
fives,stare,cfloss,baseline,2,last,FD,skan,10,2000,0.0030370691700345454,0.0003191361012883143,0.013333691351225398,0.030400459284249268,,,1,1,,runs/pivot/fives/seed2/cfloss/pred_stare/bio.csv,results/pivot/e2_gt_stare.csv,results/gateA_biomarker_scales_train.csv
fives,stare,continued,baseline,0,last,FD,skan,10,2000,-0.0022985987562332832,-0.013386396747907018,0.012076452981622644,0.03869910563592724,,,1,0,,runs/pivot/fives/seed0/continued/pred_stare/bio.csv,results/pivot/e2_gt_stare.csv,results/gateA_biomarker_scales_train.csv
fives,stare,continued,baseline,1,last,FD,skan,10,2000,0.00857065042188232,-0.0015226447027093081,0.01835905573469138,-0.034799628032512644,,,1,1,,runs/pivot/fives/seed1/continued/pred_stare/bio.csv,results/pivot/e2_gt_stare.csv,results/gateA_biomarker_scales_train.csv
fives,stare,continued,baseline,2,last,FD,skan,10,2000,0.005607582928333299,-0.003336113060620341,0.014766843373203553,0.03930075703704898,,,1,1,,runs/pivot/fives/seed2/continued/pred_stare/bio.csv,results/pivot/e2_gt_stare.csv,results/gateA_biomarker_scales_train.csv
fives,stare,reliseg,baseline,0,last,FD,skan,10,2000,0.011235260379187872,0.00037940427989006654,0.02575798551052637,0.052187014153821626,,,1,1,,runs/pivot/fives/seed0/reliseg/pred_stare/bio.csv,results/pivot/e2_gt_stare.csv,results/gateA_biomarker_scales_train.csv
fives,stare,reliseg,baseline,1,last,FD,skan,10,2000,0.008242538189673465,-0.0024352388249230944,0.014702824347798573,0.07802093919594347,,,1,1,,runs/pivot/fives/seed1/reliseg/pred_stare/bio.csv,results/pivot/e2_gt_stare.csv,results/gateA_biomarker_scales_train.csv
fives,stare,reliseg,baseline,2,last,FD,skan,10,2000,-0.0032820116595496662,-0.0242415449250035,0.014429147966217347,0.11305979309649208,,,1,0,,runs/pivot/fives/seed2/reliseg/pred_stare/bio.csv,results/pivot/e2_gt_stare.csv,results/gateA_biomarker_scales_train.csv
fives,stare,reliseg_nocl,baseline,0,last,FD,skan,10,2000,-0.004640745847733552,-0.011123481867063346,0.003707906414325371,0.07483501419098337,,,1,0,,runs/pivot/fives/seed0/reliseg_nocl/pred_stare/bio.csv,results/pivot/e2_gt_stare.csv,results/gateA_biomarker_scales_train.csv
fives,stare,reliseg_nocl,baseline,1,last,FD,skan,10,2000,0.005506728476973088,-0.006999195271652836,0.013747587547882157,0.056852122356348594,,,1,1,,runs/pivot/fives/seed1/reliseg_nocl/pred_stare/bio.csv,results/pivot/e2_gt_stare.csv,results/gateA_biomarker_scales_train.csv
fives,stare,reliseg_nocl,baseline,2,last,FD,skan,10,2000,-0.006595602189914951,-0.032182529538183756,0.01769437391009943,0.13309792090041248,,,1,0,,runs/pivot/fives/seed2/reliseg_nocl/pred_stare/bio.csv,results/pivot/e2_gt_stare.csv,results/gateA_biomarker_scales_train.csv
fives,stare,cfloss,baseline,"pooled(0,1,2)",last,FD,skan,10,2000,0.0017191603316681903,-0.0014268069983046,0.005191495004346415,0.01454101786805125,-0.003742587452296423,0.007180908115632803,3,2,no,"runs/pivot/fives/seed{0,1,2}/cfloss/pred_stare/bio.csv",results/pivot/e2_gt_stare.csv,results/gateA_biomarker_scales_train.csv
fives,stare,continued,baseline,"pooled(0,1,2)",last,FD,skan,10,2000,0.003959878197994112,0.00034215314392759363,0.009412535616523079,0.014400078213487858,-0.009998089641006676,0.0179178460369949,3,2,no,"runs/pivot/fives/seed{0,1,2}/continued/pred_stare/bio.csv",results/pivot/e2_gt_stare.csv,results/gateA_biomarker_scales_train.csv
fives,stare,reliseg,baseline,"pooled(0,1,2)",last,FD,skan,10,2000,0.005398595636437224,-0.0024396779890997334,0.012859374157055112,0.08108924881541905,-0.013642575757200012,0.02443976703007446,3,2,no,"runs/pivot/fives/seed{0,1,2}/reliseg/pred_stare/bio.csv",results/pivot/e2_gt_stare.csv,results/gateA_biomarker_scales_train.csv
fives,stare,reliseg_nocl,baseline,"pooled(0,1,2)",last,FD,skan,10,2000,-0.0019098731868918046,-0.014130565443406335,0.00942099218118377,0.08826168581591481,-0.01804909451900228,0.014229348145218671,3,1,no,"runs/pivot/fives/seed{0,1,2}/reliseg_nocl/pred_stare/bio.csv",results/pivot/e2_gt_stare.csv,results/gateA_biomarker_scales_train.csv
fives,stare,cfloss,continued,0,last,FD,skan,10,2000,0.0014796037167976728,-0.018558467488358932,0.013266519656774898,-0.008329424487820605,,,1,1,,runs/pivot/fives/seed0/cfloss/pred_stare/bio.csv,results/pivot/e2_gt_stare.csv,results/gateA_biomarker_scales_train.csv
fives,stare,cfloss,continued,1,last,FD,skan,10,2000,-0.005631243557476684,-0.014691561085179898,0.0012665659674902395,0.017652541204310493,,,1,0,,runs/pivot/fives/seed1/cfloss/pred_stare/bio.csv,results/pivot/e2_gt_stare.csv,results/gateA_biomarker_scales_train.csv
fives,stare,cfloss,continued,2,last,FD,skan,10,2000,-0.0025705137582987536,-0.00902895499202748,0.006677005487906586,-0.008900297752799713,,,1,0,,runs/pivot/fives/seed2/cfloss/pred_stare/bio.csv,results/pivot/e2_gt_stare.csv,results/gateA_biomarker_scales_train.csv
fives,stare,reliseg,continued,0,last,FD,skan,10,2000,0.013533859135421156,-0.0009693173151498119,0.03458066690569663,0.013487908517894387,,,1,1,,runs/pivot/fives/seed0/reliseg/pred_stare/bio.csv,results/pivot/e2_gt_stare.csv,results/gateA_biomarker_scales_train.csv
fives,stare,reliseg,continued,1,last,FD,skan,10,2000,-0.00032811223220885477,-0.006473045810762093,0.0057780098197086896,0.11282056722845611,,,1,0,,runs/pivot/fives/seed1/reliseg/pred_stare/bio.csv,results/pivot/e2_gt_stare.csv,results/gateA_biomarker_scales_train.csv
fives,stare,reliseg,continued,2,last,FD,skan,10,2000,-0.008889594587882965,-0.027615472440065056,0.002307475083579046,0.07375903605944309,,,1,0,,runs/pivot/fives/seed2/reliseg/pred_stare/bio.csv,results/pivot/e2_gt_stare.csv,results/gateA_biomarker_scales_train.csv
fives,stare,reliseg_nocl,continued,0,last,FD,skan,10,2000,-0.0023421470915002685,-0.015277108324983368,0.008015772477532851,0.036135908555056134,,,1,0,,runs/pivot/fives/seed0/reliseg_nocl/pred_stare/bio.csv,results/pivot/e2_gt_stare.csv,results/gateA_biomarker_scales_train.csv
fives,stare,reliseg_nocl,continued,1,last,FD,skan,10,2000,-0.0030639219449092314,-0.012588545989606187,0.003154068305684934,0.09165175038886124,,,1,0,,runs/pivot/fives/seed1/reliseg_nocl/pred_stare/bio.csv,results/pivot/e2_gt_stare.csv,results/gateA_biomarker_scales_train.csv
fives,stare,reliseg_nocl,continued,2,last,FD,skan,10,2000,-0.01220318511824825,-0.033528704946620747,0.005322111474736315,0.09379716386336348,,,1,0,,runs/pivot/fives/seed2/reliseg_nocl/pred_stare/bio.csv,results/pivot/e2_gt_stare.csv,results/gateA_biomarker_scales_train.csv
fives,stare,cfloss,continued,"pooled(0,1,2)",last,FD,skan,10,2000,-0.0022407178663259217,-0.008311285137635654,0.002477885088024757,0.00014093965456339155,-0.011101331432181229,0.006619895699529385,3,1,no,"runs/pivot/fives/seed{0,1,2}/cfloss/pred_stare/bio.csv",results/pivot/e2_gt_stare.csv,results/gateA_biomarker_scales_train.csv
fives,stare,reliseg,continued,"pooled(0,1,2)",last,FD,skan,10,2000,0.0014387174384431118,-0.0039868988421371526,0.004659789781898247,0.0666891706019312,-0.026670931881724744,0.029548366758610965,3,1,no,"runs/pivot/fives/seed{0,1,2}/reliseg/pred_stare/bio.csv",results/pivot/e2_gt_stare.csv,results/gateA_biomarker_scales_train.csv
fives,stare,reliseg_nocl,continued,"pooled(0,1,2)",last,FD,skan,10,2000,-0.005869751384885917,-0.016775658586486508,0.004464338468889244,0.07386160760242695,-0.01952449552912313,0.0077849927593512955,3,0,yes,"runs/pivot/fives/seed{0,1,2}/reliseg_nocl/pred_stare/bio.csv",results/pivot/e2_gt_stare.csv,results/gateA_biomarker_scales_train.csv
fives,stare,cfloss,baseline,0,last,tortuosity,pvbm,10,2000,0.2836383743876695,-0.061968473558592065,1.2956354554273786,-0.11630216104416946,,,1,1,,runs/pivot/fives/seed0/cfloss/pred_stare/bio.csv,results/pivot/e2_gt_stare.csv,results/gateA_biomarker_scales_train.csv
fives,stare,cfloss,baseline,1,last,tortuosity,pvbm,10,2000,0.013956691656528797,-0.18052762887909105,0.21729117121152014,0.07870466021419664,,,1,1,,runs/pivot/fives/seed1/cfloss/pred_stare/bio.csv,results/pivot/e2_gt_stare.csv,results/gateA_biomarker_scales_train.csv
fives,stare,cfloss,baseline,2,last,tortuosity,pvbm,10,2000,-0.06689453409156587,-0.21148742403728032,0.06769464365199686,-0.10766738099385209,,,1,0,,runs/pivot/fives/seed2/cfloss/pred_stare/bio.csv,results/pivot/e2_gt_stare.csv,results/gateA_biomarker_scales_train.csv
fives,stare,continued,baseline,0,last,tortuosity,pvbm,10,2000,0.35896629205378416,-0.051643887923883,1.5139488149595146,-0.3797782606772371,,,1,1,,runs/pivot/fives/seed0/continued/pred_stare/bio.csv,results/pivot/e2_gt_stare.csv,results/gateA_biomarker_scales_train.csv
fives,stare,continued,baseline,1,last,tortuosity,pvbm,10,2000,0.02288200992818379,-0.18605084374431832,0.18556564450750687,0.048919339711498755,,,1,1,,runs/pivot/fives/seed1/continued/pred_stare/bio.csv,results/pivot/e2_gt_stare.csv,results/gateA_biomarker_scales_train.csv
fives,stare,continued,baseline,2,last,tortuosity,pvbm,10,2000,-0.0929262921720716,-0.2511906109903406,0.027511838186973142,-0.09983529470325603,,,1,0,,runs/pivot/fives/seed2/continued/pred_stare/bio.csv,results/pivot/e2_gt_stare.csv,results/gateA_biomarker_scales_train.csv
fives,stare,reliseg,baseline,0,last,tortuosity,pvbm,10,2000,0.2330856162856514,-0.1161825743543241,1.0919921960955286,0.147243602282095,,,1,1,,runs/pivot/fives/seed0/reliseg/pred_stare/bio.csv,results/pivot/e2_gt_stare.csv,results/gateA_biomarker_scales_train.csv
fives,stare,reliseg,baseline,1,last,tortuosity,pvbm,10,2000,-0.1972511585657467,-0.5937833126131138,0.002310723653737633,0.44716109810706567,,,1,0,,runs/pivot/fives/seed1/reliseg/pred_stare/bio.csv,results/pivot/e2_gt_stare.csv,results/gateA_biomarker_scales_train.csv
fives,stare,reliseg,baseline,2,last,tortuosity,pvbm,10,2000,-0.08219311212014657,-0.2178657553208493,0.011185779576996227,0.004095032418783062,,,1,0,,runs/pivot/fives/seed2/reliseg/pred_stare/bio.csv,results/pivot/e2_gt_stare.csv,results/gateA_biomarker_scales_train.csv
fives,stare,reliseg_nocl,baseline,0,last,tortuosity,pvbm,10,2000,0.06769815622121167,-0.2208757036763704,0.6284683024646164,0.1142094012933631,,,1,1,,runs/pivot/fives/seed0/reliseg_nocl/pred_stare/bio.csv,results/pivot/e2_gt_stare.csv,results/gateA_biomarker_scales_train.csv
fives,stare,reliseg_nocl,baseline,1,last,tortuosity,pvbm,10,2000,-0.16686197831016203,-0.8900469136719483,0.15729657338336708,0.18216961808747245,,,1,0,,runs/pivot/fives/seed1/reliseg_nocl/pred_stare/bio.csv,results/pivot/e2_gt_stare.csv,results/gateA_biomarker_scales_train.csv
fives,stare,reliseg_nocl,baseline,2,last,tortuosity,pvbm,10,2000,-0.058951556969922936,-0.19782380551665718,0.0951099855441211,-0.04064929262265593,,,1,0,,runs/pivot/fives/seed2/reliseg_nocl/pred_stare/bio.csv,results/pivot/e2_gt_stare.csv,results/gateA_biomarker_scales_train.csv
fives,stare,cfloss,baseline,"pooled(0,1,2)",last,tortuosity,pvbm,10,2000,0.07690017731754413,-0.08641583880326492,0.4071478930970218,-0.0484216272746083,-0.37905747515692995,0.5328578297920182,3,2,no,"runs/pivot/fives/seed{0,1,2}/cfloss/pred_stare/bio.csv",results/pivot/e2_gt_stare.csv,results/gateA_biomarker_scales_train.csv
fives,stare,continued,baseline,"pooled(0,1,2)",last,tortuosity,pvbm,10,2000,0.09630733660329878,-0.045181897952916744,0.4380928555043121,-0.14356473855633145,-0.4867785024424908,0.6793931756490884,3,2,no,"runs/pivot/fives/seed{0,1,2}/continued/pred_stare/bio.csv",results/pivot/e2_gt_stare.csv,results/gateA_biomarker_scales_train.csv
fives,stare,reliseg,baseline,"pooled(0,1,2)",last,tortuosity,pvbm,10,2000,-0.015452884800080632,-0.10502832693547819,0.15390257893784642,0.1994999109359812,-0.5689092250665557,0.5380034554663944,3,1,no,"runs/pivot/fives/seed{0,1,2}/reliseg/pred_stare/bio.csv",results/pivot/e2_gt_stare.csv,results/gateA_biomarker_scales_train.csv
fives,stare,reliseg_nocl,baseline,"pooled(0,1,2)",last,tortuosity,pvbm,10,2000,-0.052705126352957765,-0.19365833467025426,0.06307417676375772,0.08524324225272654,-0.3443547174544475,0.23894446474853198,3,1,no,"runs/pivot/fives/seed{0,1,2}/reliseg_nocl/pred_stare/bio.csv",results/pivot/e2_gt_stare.csv,results/gateA_biomarker_scales_train.csv
fives,stare,cfloss,continued,0,last,tortuosity,pvbm,10,2000,-0.07532791766611469,-0.26519808759514396,0.009440810041150374,0.2634760996330676,,,1,0,,runs/pivot/fives/seed0/cfloss/pred_stare/bio.csv,results/pivot/e2_gt_stare.csv,results/gateA_biomarker_scales_train.csv
fives,stare,cfloss,continued,1,last,tortuosity,pvbm,10,2000,-0.008925318271654992,-0.09215327477858064,0.10749128691726934,0.029785320502697887,,,1,0,,runs/pivot/fives/seed1/cfloss/pred_stare/bio.csv,results/pivot/e2_gt_stare.csv,results/gateA_biomarker_scales_train.csv
fives,stare,cfloss,continued,2,last,tortuosity,pvbm,10,2000,0.02603175808050573,-0.055695765890738325,0.14505318394213684,-0.007832086290596063,,,1,1,,runs/pivot/fives/seed2/cfloss/pred_stare/bio.csv,results/pivot/e2_gt_stare.csv,results/gateA_biomarker_scales_train.csv
fives,stare,reliseg,continued,0,last,tortuosity,pvbm,10,2000,-0.12588067576813278,-0.578959633651522,0.06446917583174937,0.5270218629593321,,,1,0,,runs/pivot/fives/seed0/reliseg/pred_stare/bio.csv,results/pivot/e2_gt_stare.csv,results/gateA_biomarker_scales_train.csv
fives,stare,reliseg,continued,1,last,tortuosity,pvbm,10,2000,-0.2201331684939305,-0.5605955946327429,0.018289349058203886,0.3982417583955669,,,1,0,,runs/pivot/fives/seed1/reliseg/pred_stare/bio.csv,results/pivot/e2_gt_stare.csv,results/gateA_biomarker_scales_train.csv
fives,stare,reliseg,continued,2,last,tortuosity,pvbm,10,2000,0.010733180051925029,-0.09498023795389193,0.11324167786089955,0.10393032712203909,,,1,1,,runs/pivot/fives/seed2/reliseg/pred_stare/bio.csv,results/pivot/e2_gt_stare.csv,results/gateA_biomarker_scales_train.csv
fives,stare,reliseg_nocl,continued,0,last,tortuosity,pvbm,10,2000,-0.2912681358325725,-0.9295508701378291,0.010896450396907552,0.4939876619706002,,,1,0,,runs/pivot/fives/seed0/reliseg_nocl/pred_stare/bio.csv,results/pivot/e2_gt_stare.csv,results/gateA_biomarker_scales_train.csv
fives,stare,reliseg_nocl,continued,1,last,tortuosity,pvbm,10,2000,-0.18974398823834582,-0.8394800273259398,0.10488832501248184,0.1332502783759737,,,1,0,,runs/pivot/fives/seed1/reliseg_nocl/pred_stare/bio.csv,results/pivot/e2_gt_stare.csv,results/gateA_biomarker_scales_train.csv
fives,stare,reliseg_nocl,continued,2,last,tortuosity,pvbm,10,2000,0.033974735202148665,-0.05000022072915123,0.1801982431301171,0.0591860020806001,,,1,1,,runs/pivot/fives/seed2/reliseg_nocl/pred_stare/bio.csv,results/pivot/e2_gt_stare.csv,results/gateA_biomarker_scales_train.csv
fives,stare,cfloss,continued,"pooled(0,1,2)",last,tortuosity,pvbm,10,2000,-0.01940715928575465,-0.0662994797020415,0.04061467398385419,0.09514311128172315,-0.1473064267645056,0.10849210819299629,3,1,no,"runs/pivot/fives/seed{0,1,2}/cfloss/pred_stare/bio.csv",results/pivot/e2_gt_stare.csv,results/gateA_biomarker_scales_train.csv
fives,stare,reliseg,continued,"pooled(0,1,2)",last,tortuosity,pvbm,10,2000,-0.11176022140337942,-0.35725674973204136,0.022161811775096733,0.3430646494923127,-0.400116698637355,0.17659625583059613,3,1,no,"runs/pivot/fives/seed{0,1,2}/reliseg/pred_stare/bio.csv",results/pivot/e2_gt_stare.csv,results/gateA_biomarker_scales_train.csv
fives,stare,reliseg_nocl,continued,"pooled(0,1,2)",last,tortuosity,pvbm,10,2000,-0.14901246295625656,-0.5698117675454277,0.06407207685530601,0.22880798080905798,-0.562380921336474,0.2643559954239608,3,1,no,"runs/pivot/fives/seed{0,1,2}/reliseg_nocl/pred_stare/bio.csv",results/pivot/e2_gt_stare.csv,results/gateA_biomarker_scales_train.csv
fives,stare,cfloss,baseline,0,last,tortuosity,skan,10,2000,-0.25634184471000043,-0.7992503675547403,0.059203591054018075,0.240539913335305,,,1,0,,runs/pivot/fives/seed0/cfloss/pred_stare/bio.csv,results/pivot/e2_gt_stare.csv,results/gateA_biomarker_scales_train.csv
fives,stare,cfloss,baseline,1,last,tortuosity,skan,10,2000,-0.011493443906770429,-0.041820905645694004,-0.0006062244308835309,-0.007035321684544862,,,1,0,,runs/pivot/fives/seed1/cfloss/pred_stare/bio.csv,results/pivot/e2_gt_stare.csv,results/gateA_biomarker_scales_train.csv
fives,stare,cfloss,baseline,2,last,tortuosity,skan,10,2000,-0.015499471874275028,-0.06381684667546487,0.008590090419127302,-0.01650837385741402,,,1,0,,runs/pivot/fives/seed2/cfloss/pred_stare/bio.csv,results/pivot/e2_gt_stare.csv,results/gateA_biomarker_scales_train.csv
fives,stare,continued,baseline,0,last,tortuosity,skan,10,2000,0.02691258660439666,-0.005876233781796044,0.183595348325274,-0.07885696435270438,,,1,1,,runs/pivot/fives/seed0/continued/pred_stare/bio.csv,results/pivot/e2_gt_stare.csv,results/gateA_biomarker_scales_train.csv
fives,stare,continued,baseline,1,last,tortuosity,skan,10,2000,-0.001469455917575968,-0.00966279249377818,0.00737012161820938,0.011168021650363208,,,1,0,,runs/pivot/fives/seed1/continued/pred_stare/bio.csv,results/pivot/e2_gt_stare.csv,results/gateA_biomarker_scales_train.csv
fives,stare,continued,baseline,2,last,tortuosity,skan,10,2000,-0.11437457597106593,-0.5520240565807322,0.05775525283212778,0.13496829662371143,,,1,0,,runs/pivot/fives/seed2/continued/pred_stare/bio.csv,results/pivot/e2_gt_stare.csv,results/gateA_biomarker_scales_train.csv
fives,stare,reliseg,baseline,0,last,tortuosity,skan,10,2000,-0.03815418827321526,-0.18524004920372386,-0.0008220214877151942,-0.03522825666858452,,,1,0,,runs/pivot/fives/seed0/reliseg/pred_stare/bio.csv,results/pivot/e2_gt_stare.csv,results/gateA_biomarker_scales_train.csv
fives,stare,reliseg,baseline,1,last,tortuosity,skan,10,2000,0.004370824750336011,-0.006583196336195871,0.028288611646427056,0.026643017074235456,,,1,1,,runs/pivot/fives/seed1/reliseg/pred_stare/bio.csv,results/pivot/e2_gt_stare.csv,results/gateA_biomarker_scales_train.csv
fives,stare,reliseg,baseline,2,last,tortuosity,skan,10,2000,-0.005693004181335892,-0.12283837497947314,0.05219585360116985,0.007237215967172736,,,1,0,,runs/pivot/fives/seed2/reliseg/pred_stare/bio.csv,results/pivot/e2_gt_stare.csv,results/gateA_biomarker_scales_train.csv
fives,stare,reliseg_nocl,baseline,0,last,tortuosity,skan,10,2000,0.0025533558224946074,-0.014310597927817702,0.04843907694349944,-0.02061583350784918,,,1,1,,runs/pivot/fives/seed0/reliseg_nocl/pred_stare/bio.csv,results/pivot/e2_gt_stare.csv,results/gateA_biomarker_scales_train.csv
fives,stare,reliseg_nocl,baseline,1,last,tortuosity,skan,10,2000,-0.006410817934386026,-0.0451780437639215,0.003257913071981861,-0.014563091846906032,,,1,0,,runs/pivot/fives/seed1/reliseg_nocl/pred_stare/bio.csv,results/pivot/e2_gt_stare.csv,results/gateA_biomarker_scales_train.csv
fives,stare,reliseg_nocl,baseline,2,last,tortuosity,skan,10,2000,-0.021555926735935538,-0.06373107109018558,0.006364904393561565,-0.02160646413559078,,,1,0,,runs/pivot/fives/seed2/reliseg_nocl/pred_stare/bio.csv,results/pivot/e2_gt_stare.csv,results/gateA_biomarker_scales_train.csv
fives,stare,cfloss,baseline,"pooled(0,1,2)",last,tortuosity,skan,10,2000,-0.09444492016368196,-0.28705099561152153,0.014314314826893125,0.07233207259778204,-0.44277358272702455,0.25388374239966066,3,0,yes,"runs/pivot/fives/seed{0,1,2}/cfloss/pred_stare/bio.csv",results/pivot/e2_gt_stare.csv,results/gateA_biomarker_scales_train.csv
fives,stare,continued,baseline,"pooled(0,1,2)",last,tortuosity,skan,10,2000,-0.02964381509474841,-0.15022032128169277,0.020825637855237077,0.02242645130712342,-0.2153048419529603,0.15601721176346345,3,1,no,"runs/pivot/fives/seed{0,1,2}/continued/pred_stare/bio.csv",results/pivot/e2_gt_stare.csv,results/gateA_biomarker_scales_train.csv
fives,stare,reliseg,baseline,"pooled(0,1,2)",last,tortuosity,skan,10,2000,-0.01315878923473838,-0.09715149478178366,0.015093381282706427,-0.00044934120905877617,-0.06836578884157529,0.042048210372098535,3,1,no,"runs/pivot/fives/seed{0,1,2}/reliseg/pred_stare/bio.csv",results/pivot/e2_gt_stare.csv,results/gateA_biomarker_scales_train.csv
fives,stare,reliseg_nocl,baseline,"pooled(0,1,2)",last,tortuosity,skan,10,2000,-0.008471129615942319,-0.024551479334867937,0.005834673668506737,-0.018928463163448664,-0.03874277505354106,0.021800515821656423,3,1,no,"runs/pivot/fives/seed{0,1,2}/reliseg_nocl/pred_stare/bio.csv",results/pivot/e2_gt_stare.csv,results/gateA_biomarker_scales_train.csv
fives,stare,cfloss,continued,0,last,tortuosity,skan,10,2000,-0.2832544313143971,-0.8626853406784578,-0.0006701247046106398,0.3193968776880094,,,1,0,,runs/pivot/fives/seed0/cfloss/pred_stare/bio.csv,results/pivot/e2_gt_stare.csv,results/gateA_biomarker_scales_train.csv
fives,stare,cfloss,continued,1,last,tortuosity,skan,10,2000,-0.01002398798919446,-0.039245893926614775,-0.0007585032244450758,-0.01820334333490807,,,1,0,,runs/pivot/fives/seed1/cfloss/pred_stare/bio.csv,results/pivot/e2_gt_stare.csv,results/gateA_biomarker_scales_train.csv
fives,stare,cfloss,continued,2,last,tortuosity,skan,10,2000,0.0988751040967909,-0.07911393879228562,0.5480836772947084,-0.15147667048112545,,,1,1,,runs/pivot/fives/seed2/cfloss/pred_stare/bio.csv,results/pivot/e2_gt_stare.csv,results/gateA_biomarker_scales_train.csv
fives,stare,reliseg,continued,0,last,tortuosity,skan,10,2000,-0.06506677487761192,-0.34719041159318076,-0.0007911411300256938,0.04362870768411986,,,1,0,,runs/pivot/fives/seed0/reliseg/pred_stare/bio.csv,results/pivot/e2_gt_stare.csv,results/gateA_biomarker_scales_train.csv
fives,stare,reliseg,continued,1,last,tortuosity,skan,10,2000,0.005840280667911979,-0.006213874997537494,0.027529353236344607,0.015474995423872248,,,1,1,,runs/pivot/fives/seed1/reliseg/pred_stare/bio.csv,results/pivot/e2_gt_stare.csv,results/gateA_biomarker_scales_train.csv
fives,stare,reliseg,continued,2,last,tortuosity,skan,10,2000,0.10868157178973004,-0.035732839484948604,0.4513787682641286,-0.1277310806565387,,,1,1,,runs/pivot/fives/seed2/reliseg/pred_stare/bio.csv,results/pivot/e2_gt_stare.csv,results/gateA_biomarker_scales_train.csv
fives,stare,reliseg_nocl,continued,0,last,tortuosity,skan,10,2000,-0.024359230781902053,-0.14077808293046548,0.0042780924267191035,0.0582411308448552,,,1,0,,runs/pivot/fives/seed0/reliseg_nocl/pred_stare/bio.csv,results/pivot/e2_gt_stare.csv,results/gateA_biomarker_scales_train.csv
fives,stare,reliseg_nocl,continued,1,last,tortuosity,skan,10,2000,-0.004941362016810058,-0.048895052441906395,0.008722448551972196,-0.02573111349726924,,,1,0,,runs/pivot/fives/seed1/reliseg_nocl/pred_stare/bio.csv,results/pivot/e2_gt_stare.csv,results/gateA_biomarker_scales_train.csv
fives,stare,reliseg_nocl,continued,2,last,tortuosity,skan,10,2000,0.09281864923513039,-0.09155596811854576,0.5527763696645192,-0.1565747607593022,,,1,1,,runs/pivot/fives/seed2/reliseg_nocl/pred_stare/bio.csv,results/pivot/e2_gt_stare.csv,results/gateA_biomarker_scales_train.csv
fives,stare,cfloss,continued,"pooled(0,1,2)",last,tortuosity,skan,10,2000,-0.06480110506893355,-0.280322776169446,0.15606674615276805,0.04990562129065862,-0.5538428735103776,0.42424066337251054,3,1,no,"runs/pivot/fives/seed{0,1,2}/cfloss/pred_stare/bio.csv",results/pivot/e2_gt_stare.csv,results/gateA_biomarker_scales_train.csv
fives,stare,reliseg,continued,"pooled(0,1,2)",last,tortuosity,skan,10,2000,0.016485025860010032,-0.05219804654914812,0.09069015241026195,-0.0228757925161822,-0.20053401242669944,0.23350406414671948,3,2,no,"runs/pivot/fives/seed{0,1,2}/reliseg/pred_stare/bio.csv",results/pivot/e2_gt_stare.csv,results/gateA_biomarker_scales_train.csv
fives,stare,reliseg_nocl,continued,"pooled(0,1,2)",last,tortuosity,skan,10,2000,0.021172685478806092,-0.034019543418964376,0.14880387013967725,-0.04135491447057208,-0.13483673024939,0.1771821012070022,3,1,no,"runs/pivot/fives/seed{0,1,2}/reliseg_nocl/pred_stare/bio.csv",results/pivot/e2_gt_stare.csv,results/gateA_biomarker_scales_train.csv
fives,stare,cfloss,baseline,0,last,density,pvbm,10,2000,-0.013291895498108719,-0.11033828720077106,0.001320173835310828,-0.009705414845027183,,,1,0,,runs/pivot/fives/seed0/cfloss/pred_stare/bio.csv,results/pivot/e2_gt_stare.csv,results/gateA_biomarker_scales_train.csv
fives,stare,cfloss,baseline,1,last,density,pvbm,10,2000,-0.00039079813413778197,-0.012742753732276629,0.005136149303545835,-0.07243929934462767,,,1,0,,runs/pivot/fives/seed1/cfloss/pred_stare/bio.csv,results/pivot/e2_gt_stare.csv,results/gateA_biomarker_scales_train.csv
fives,stare,cfloss,baseline,2,last,density,pvbm,10,2000,0.0015591702246819938,-0.009852617153066975,0.011445495491078818,0.006829219271835663,,,1,1,,runs/pivot/fives/seed2/cfloss/pred_stare/bio.csv,results/pivot/e2_gt_stare.csv,results/gateA_biomarker_scales_train.csv
fives,stare,continued,baseline,0,last,density,pvbm,10,2000,0.0026412369855419726,-0.00020458047931773136,0.01903009142045252,0.17659601485856857,,,1,1,,runs/pivot/fives/seed0/continued/pred_stare/bio.csv,results/pivot/e2_gt_stare.csv,results/gateA_biomarker_scales_train.csv
fives,stare,continued,baseline,1,last,density,pvbm,10,2000,-0.0016922597966004815,-0.010139655718715864,0.00429536996672857,0.0628070275884629,,,1,0,,runs/pivot/fives/seed1/continued/pred_stare/bio.csv,results/pivot/e2_gt_stare.csv,results/gateA_biomarker_scales_train.csv
fives,stare,continued,baseline,2,last,density,pvbm,10,2000,0.001993486596630123,-0.004465526790125032,0.019617340515850363,0.19004362213201775,,,1,1,,runs/pivot/fives/seed2/continued/pred_stare/bio.csv,results/pivot/e2_gt_stare.csv,results/gateA_biomarker_scales_train.csv
fives,stare,reliseg,baseline,0,last,density,pvbm,10,2000,0.009548357094072535,0.0016095790597022237,0.06389335454220721,0.13018002385267524,,,1,1,,runs/pivot/fives/seed0/reliseg/pred_stare/bio.csv,results/pivot/e2_gt_stare.csv,results/gateA_biomarker_scales_train.csv
fives,stare,reliseg,baseline,1,last,density,pvbm,10,2000,0.002761772880761404,-0.001323105334531885,0.028763393544826155,0.1894493950754006,,,1,1,,runs/pivot/fives/seed1/reliseg/pred_stare/bio.csv,results/pivot/e2_gt_stare.csv,results/gateA_biomarker_scales_train.csv
fives,stare,reliseg,baseline,2,last,density,pvbm,10,2000,-0.0019253705208258642,-0.023276082811464666,0.017768645612491245,0.16487057220727785,,,1,0,,runs/pivot/fives/seed2/reliseg/pred_stare/bio.csv,results/pivot/e2_gt_stare.csv,results/gateA_biomarker_scales_train.csv
fives,stare,reliseg_nocl,baseline,0,last,density,pvbm,10,2000,0.010510261797289422,0.002278703537576457,0.06868387142384025,0.029073500615487635,,,1,1,,runs/pivot/fives/seed0/reliseg_nocl/pred_stare/bio.csv,results/pivot/e2_gt_stare.csv,results/gateA_biomarker_scales_train.csv
fives,stare,reliseg_nocl,baseline,1,last,density,pvbm,10,2000,0.0022619829027921146,0.0003724746584774813,0.016507502607827334,0.032588419181701744,,,1,1,,runs/pivot/fives/seed1/reliseg_nocl/pred_stare/bio.csv,results/pivot/e2_gt_stare.csv,results/gateA_biomarker_scales_train.csv
fives,stare,reliseg_nocl,baseline,2,last,density,pvbm,10,2000,-0.00046143723693214955,-0.03459678863278738,0.040350093147821474,0.16901508792482733,,,1,0,,runs/pivot/fives/seed2/reliseg_nocl/pred_stare/bio.csv,results/pivot/e2_gt_stare.csv,results/gateA_biomarker_scales_train.csv
fives,stare,cfloss,baseline,"pooled(0,1,2)",last,density,pvbm,10,2000,-0.004041174469188169,-0.03676093216741275,0.0006803397586846806,-0.025105164972606397,-0.024089331469411827,0.01600698253103549,3,1,no,"runs/pivot/fives/seed{0,1,2}/cfloss/pred_stare/bio.csv",results/pivot/e2_gt_stare.csv,results/gateA_biomarker_scales_train.csv
fives,stare,continued,baseline,"pooled(0,1,2)",last,density,pvbm,10,2000,0.0009808212618572047,-0.0016966338773382829,0.012071959062808309,0.1431488881930164,-0.004825856298619503,0.006787498822333913,3,2,no,"runs/pivot/fives/seed{0,1,2}/continued/pred_stare/bio.csv",results/pivot/e2_gt_stare.csv,results/gateA_biomarker_scales_train.csv
fives,stare,reliseg,baseline,"pooled(0,1,2)",last,density,pvbm,10,2000,0.003461586484669358,-0.0004743867867515849,0.03094069168284053,0.1614999970451179,-0.01086887640417071,0.017792049373509426,3,2,no,"runs/pivot/fives/seed{0,1,2}/reliseg/pred_stare/bio.csv",results/pivot/e2_gt_stare.csv,results/gateA_biomarker_scales_train.csv
fives,stare,reliseg_nocl,baseline,"pooled(0,1,2)",last,density,pvbm,10,2000,0.004103602487716462,-0.0020801469360316968,0.03530399005387099,0.0768923359073389,-0.010088243201282097,0.018295448176715023,3,2,no,"runs/pivot/fives/seed{0,1,2}/reliseg_nocl/pred_stare/bio.csv",results/pivot/e2_gt_stare.csv,results/gateA_biomarker_scales_train.csv
fives,stare,cfloss,continued,0,last,density,pvbm,10,2000,-0.01593313248365069,-0.12558049905493293,-0.00022584213597651642,-0.18630142970359576,,,1,0,,runs/pivot/fives/seed0/cfloss/pred_stare/bio.csv,results/pivot/e2_gt_stare.csv,results/gateA_biomarker_scales_train.csv
fives,stare,cfloss,continued,1,last,density,pvbm,10,2000,0.0013014616624626996,-0.01281547607438595,0.010517577068592836,-0.13524632693309058,,,1,1,,runs/pivot/fives/seed1/cfloss/pred_stare/bio.csv,results/pivot/e2_gt_stare.csv,results/gateA_biomarker_scales_train.csv
fives,stare,cfloss,continued,2,last,density,pvbm,10,2000,-0.0004343163719481291,-0.016733542360991185,0.00377421554320323,-0.1832144028601821,,,1,0,,runs/pivot/fives/seed2/cfloss/pred_stare/bio.csv,results/pivot/e2_gt_stare.csv,results/gateA_biomarker_scales_train.csv
fives,stare,reliseg,continued,0,last,density,pvbm,10,2000,0.006907120108530562,0.0006367139390374033,0.04719407611201359,-0.04641599100589333,,,1,1,,runs/pivot/fives/seed0/reliseg/pred_stare/bio.csv,results/pivot/e2_gt_stare.csv,results/gateA_biomarker_scales_train.csv
fives,stare,reliseg,continued,1,last,density,pvbm,10,2000,0.0044540326773618855,7.402481783552467e-05,0.03153473817374623,0.1266423674869377,,,1,1,,runs/pivot/fives/seed1/reliseg/pred_stare/bio.csv,results/pivot/e2_gt_stare.csv,results/gateA_biomarker_scales_train.csv
fives,stare,reliseg,continued,2,last,density,pvbm,10,2000,-0.003918857117455987,-0.033399225303866624,0.0077544763880136305,-0.0251730499247399,,,1,0,,runs/pivot/fives/seed2/reliseg/pred_stare/bio.csv,results/pivot/e2_gt_stare.csv,results/gateA_biomarker_scales_train.csv
fives,stare,reliseg_nocl,continued,0,last,density,pvbm,10,2000,0.00786902481174745,0.0016117887095988882,0.050802658535869516,-0.14752251424308094,,,1,1,,runs/pivot/fives/seed0/reliseg_nocl/pred_stare/bio.csv,results/pivot/e2_gt_stare.csv,results/gateA_biomarker_scales_train.csv
fives,stare,reliseg_nocl,continued,1,last,density,pvbm,10,2000,0.003954242699392596,-0.0004549488017511899,0.02239910531439799,-0.03021860840676116,,,1,1,,runs/pivot/fives/seed1/reliseg_nocl/pred_stare/bio.csv,results/pivot/e2_gt_stare.csv,results/gateA_biomarker_scales_train.csv
fives,stare,reliseg_nocl,continued,2,last,density,pvbm,10,2000,-0.0024549238335622725,-0.04160350437988445,0.029576760756354965,-0.02102853420719042,,,1,0,,runs/pivot/fives/seed2/reliseg_nocl/pred_stare/bio.csv,results/pivot/e2_gt_stare.csv,results/gateA_biomarker_scales_train.csv
fives,stare,cfloss,continued,"pooled(0,1,2)",last,density,pvbm,10,2000,-0.005021995731045374,-0.047898708075505184,0.0014154614500771622,-0.1682540531656228,-0.028594212684572653,0.018550221222481903,3,1,no,"runs/pivot/fives/seed{0,1,2}/cfloss/pred_stare/bio.csv",results/pivot/e2_gt_stare.csv,results/gateA_biomarker_scales_train.csv
fives,stare,reliseg,continued,"pooled(0,1,2)",last,density,pvbm,10,2000,0.0024807652228121535,-0.0008702463516377722,0.02229411694300954,0.018351108852101488,-0.01162003371532281,0.016581564160947117,3,2,no,"runs/pivot/fives/seed{0,1,2}/reliseg/pred_stare/bio.csv",results/pivot/e2_gt_stare.csv,results/gateA_biomarker_scales_train.csv
fives,stare,reliseg_nocl,continued,"pooled(0,1,2)",last,density,pvbm,10,2000,0.0031227812258592578,-0.004126124395980528,0.028521815147261795,-0.0662565522856775,-0.009824432770708285,0.0160699952224268,3,2,no,"runs/pivot/fives/seed{0,1,2}/reliseg_nocl/pred_stare/bio.csv",results/pivot/e2_gt_stare.csv,results/gateA_biomarker_scales_train.csv
fives,stare,cfloss,baseline,0,last,density,skan,10,2000,-0.013291895498108719,-0.11033828720077106,0.001320173835310828,-0.009705414845027183,,,1,0,,runs/pivot/fives/seed0/cfloss/pred_stare/bio.csv,results/pivot/e2_gt_stare.csv,results/gateA_biomarker_scales_train.csv
fives,stare,cfloss,baseline,1,last,density,skan,10,2000,-0.00039079813413778197,-0.012742753732276629,0.005136149303545835,-0.07243929934462767,,,1,0,,runs/pivot/fives/seed1/cfloss/pred_stare/bio.csv,results/pivot/e2_gt_stare.csv,results/gateA_biomarker_scales_train.csv
fives,stare,cfloss,baseline,2,last,density,skan,10,2000,0.0015591702246819938,-0.009852617153066975,0.011445495491078818,0.006829219271835663,,,1,1,,runs/pivot/fives/seed2/cfloss/pred_stare/bio.csv,results/pivot/e2_gt_stare.csv,results/gateA_biomarker_scales_train.csv
fives,stare,continued,baseline,0,last,density,skan,10,2000,0.0026412369855419726,-0.00020458047931773136,0.01903009142045252,0.17659601485856857,,,1,1,,runs/pivot/fives/seed0/continued/pred_stare/bio.csv,results/pivot/e2_gt_stare.csv,results/gateA_biomarker_scales_train.csv
fives,stare,continued,baseline,1,last,density,skan,10,2000,-0.0016922597966004815,-0.010139655718715864,0.00429536996672857,0.0628070275884629,,,1,0,,runs/pivot/fives/seed1/continued/pred_stare/bio.csv,results/pivot/e2_gt_stare.csv,results/gateA_biomarker_scales_train.csv
fives,stare,continued,baseline,2,last,density,skan,10,2000,0.001993486596630123,-0.004465526790125032,0.019617340515850363,0.19004362213201775,,,1,1,,runs/pivot/fives/seed2/continued/pred_stare/bio.csv,results/pivot/e2_gt_stare.csv,results/gateA_biomarker_scales_train.csv
fives,stare,reliseg,baseline,0,last,density,skan,10,2000,0.009548357094072535,0.0016095790597022237,0.06389335454220721,0.13018002385267524,,,1,1,,runs/pivot/fives/seed0/reliseg/pred_stare/bio.csv,results/pivot/e2_gt_stare.csv,results/gateA_biomarker_scales_train.csv
fives,stare,reliseg,baseline,1,last,density,skan,10,2000,0.002761772880761404,-0.001323105334531885,0.028763393544826155,0.1894493950754006,,,1,1,,runs/pivot/fives/seed1/reliseg/pred_stare/bio.csv,results/pivot/e2_gt_stare.csv,results/gateA_biomarker_scales_train.csv
fives,stare,reliseg,baseline,2,last,density,skan,10,2000,-0.0019253705208258642,-0.023276082811464666,0.017768645612491245,0.16487057220727785,,,1,0,,runs/pivot/fives/seed2/reliseg/pred_stare/bio.csv,results/pivot/e2_gt_stare.csv,results/gateA_biomarker_scales_train.csv
fives,stare,reliseg_nocl,baseline,0,last,density,skan,10,2000,0.010510261797289422,0.002278703537576457,0.06868387142384025,0.029073500615487635,,,1,1,,runs/pivot/fives/seed0/reliseg_nocl/pred_stare/bio.csv,results/pivot/e2_gt_stare.csv,results/gateA_biomarker_scales_train.csv
fives,stare,reliseg_nocl,baseline,1,last,density,skan,10,2000,0.0022619829027921146,0.0003724746584774813,0.016507502607827334,0.032588419181701744,,,1,1,,runs/pivot/fives/seed1/reliseg_nocl/pred_stare/bio.csv,results/pivot/e2_gt_stare.csv,results/gateA_biomarker_scales_train.csv
fives,stare,reliseg_nocl,baseline,2,last,density,skan,10,2000,-0.00046143723693214955,-0.03459678863278738,0.040350093147821474,0.16901508792482733,,,1,0,,runs/pivot/fives/seed2/reliseg_nocl/pred_stare/bio.csv,results/pivot/e2_gt_stare.csv,results/gateA_biomarker_scales_train.csv
fives,stare,cfloss,baseline,"pooled(0,1,2)",last,density,skan,10,2000,-0.004041174469188169,-0.03676093216741275,0.0006803397586846806,-0.025105164972606397,-0.024089331469411827,0.01600698253103549,3,1,no,"runs/pivot/fives/seed{0,1,2}/cfloss/pred_stare/bio.csv",results/pivot/e2_gt_stare.csv,results/gateA_biomarker_scales_train.csv
fives,stare,continued,baseline,"pooled(0,1,2)",last,density,skan,10,2000,0.0009808212618572047,-0.0016966338773382829,0.012071959062808309,0.1431488881930164,-0.004825856298619503,0.006787498822333913,3,2,no,"runs/pivot/fives/seed{0,1,2}/continued/pred_stare/bio.csv",results/pivot/e2_gt_stare.csv,results/gateA_biomarker_scales_train.csv
fives,stare,reliseg,baseline,"pooled(0,1,2)",last,density,skan,10,2000,0.003461586484669358,-0.0004743867867515849,0.03094069168284053,0.1614999970451179,-0.01086887640417071,0.017792049373509426,3,2,no,"runs/pivot/fives/seed{0,1,2}/reliseg/pred_stare/bio.csv",results/pivot/e2_gt_stare.csv,results/gateA_biomarker_scales_train.csv
fives,stare,reliseg_nocl,baseline,"pooled(0,1,2)",last,density,skan,10,2000,0.004103602487716462,-0.0020801469360316968,0.03530399005387099,0.0768923359073389,-0.010088243201282097,0.018295448176715023,3,2,no,"runs/pivot/fives/seed{0,1,2}/reliseg_nocl/pred_stare/bio.csv",results/pivot/e2_gt_stare.csv,results/gateA_biomarker_scales_train.csv
fives,stare,cfloss,continued,0,last,density,skan,10,2000,-0.01593313248365069,-0.12558049905493293,-0.00022584213597651642,-0.18630142970359576,,,1,0,,runs/pivot/fives/seed0/cfloss/pred_stare/bio.csv,results/pivot/e2_gt_stare.csv,results/gateA_biomarker_scales_train.csv
fives,stare,cfloss,continued,1,last,density,skan,10,2000,0.0013014616624626996,-0.01281547607438595,0.010517577068592836,-0.13524632693309058,,,1,1,,runs/pivot/fives/seed1/cfloss/pred_stare/bio.csv,results/pivot/e2_gt_stare.csv,results/gateA_biomarker_scales_train.csv
fives,stare,cfloss,continued,2,last,density,skan,10,2000,-0.0004343163719481291,-0.016733542360991185,0.00377421554320323,-0.1832144028601821,,,1,0,,runs/pivot/fives/seed2/cfloss/pred_stare/bio.csv,results/pivot/e2_gt_stare.csv,results/gateA_biomarker_scales_train.csv
fives,stare,reliseg,continued,0,last,density,skan,10,2000,0.006907120108530562,0.0006367139390374033,0.04719407611201359,-0.04641599100589333,,,1,1,,runs/pivot/fives/seed0/reliseg/pred_stare/bio.csv,results/pivot/e2_gt_stare.csv,results/gateA_biomarker_scales_train.csv
fives,stare,reliseg,continued,1,last,density,skan,10,2000,0.0044540326773618855,7.402481783552467e-05,0.03153473817374623,0.1266423674869377,,,1,1,,runs/pivot/fives/seed1/reliseg/pred_stare/bio.csv,results/pivot/e2_gt_stare.csv,results/gateA_biomarker_scales_train.csv
fives,stare,reliseg,continued,2,last,density,skan,10,2000,-0.003918857117455987,-0.033399225303866624,0.0077544763880136305,-0.0251730499247399,,,1,0,,runs/pivot/fives/seed2/reliseg/pred_stare/bio.csv,results/pivot/e2_gt_stare.csv,results/gateA_biomarker_scales_train.csv
fives,stare,reliseg_nocl,continued,0,last,density,skan,10,2000,0.00786902481174745,0.0016117887095988882,0.050802658535869516,-0.14752251424308094,,,1,1,,runs/pivot/fives/seed0/reliseg_nocl/pred_stare/bio.csv,results/pivot/e2_gt_stare.csv,results/gateA_biomarker_scales_train.csv
fives,stare,reliseg_nocl,continued,1,last,density,skan,10,2000,0.003954242699392596,-0.0004549488017511899,0.02239910531439799,-0.03021860840676116,,,1,1,,runs/pivot/fives/seed1/reliseg_nocl/pred_stare/bio.csv,results/pivot/e2_gt_stare.csv,results/gateA_biomarker_scales_train.csv
fives,stare,reliseg_nocl,continued,2,last,density,skan,10,2000,-0.0024549238335622725,-0.04160350437988445,0.029576760756354965,-0.02102853420719042,,,1,0,,runs/pivot/fives/seed2/reliseg_nocl/pred_stare/bio.csv,results/pivot/e2_gt_stare.csv,results/gateA_biomarker_scales_train.csv
fives,stare,cfloss,continued,"pooled(0,1,2)",last,density,skan,10,2000,-0.005021995731045374,-0.047898708075505184,0.0014154614500771622,-0.1682540531656228,-0.028594212684572653,0.018550221222481903,3,1,no,"runs/pivot/fives/seed{0,1,2}/cfloss/pred_stare/bio.csv",results/pivot/e2_gt_stare.csv,results/gateA_biomarker_scales_train.csv
fives,stare,reliseg,continued,"pooled(0,1,2)",last,density,skan,10,2000,0.0024807652228121535,-0.0008702463516377722,0.02229411694300954,0.018351108852101488,-0.01162003371532281,0.016581564160947117,3,2,no,"runs/pivot/fives/seed{0,1,2}/reliseg/pred_stare/bio.csv",results/pivot/e2_gt_stare.csv,results/gateA_biomarker_scales_train.csv
fives,stare,reliseg_nocl,continued,"pooled(0,1,2)",last,density,skan,10,2000,0.0031227812258592578,-0.004126124395980528,0.028521815147261795,-0.0662565522856775,-0.009824432770708285,0.0160699952224268,3,2,no,"runs/pivot/fives/seed{0,1,2}/reliseg_nocl/pred_stare/bio.csv",results/pivot/e2_gt_stare.csv,results/gateA_biomarker_scales_train.csv
fives,stare,cfloss,baseline,0,last,total_length,pvbm,10,2000,-0.0024877293532715727,-0.011129720378707134,0.00948862713510348,0.010721790038259169,,,1,0,,runs/pivot/fives/seed0/cfloss/pred_stare/bio.csv,results/pivot/e2_gt_stare.csv,results/gateA_biomarker_scales_train.csv
fives,stare,cfloss,baseline,1,last,total_length,pvbm,10,2000,-0.0007977447004290372,-0.005745038052750848,0.0009631892660659417,-0.002876445935113825,,,1,0,,runs/pivot/fives/seed1/cfloss/pred_stare/bio.csv,results/pivot/e2_gt_stare.csv,results/gateA_biomarker_scales_train.csv
fives,stare,cfloss,baseline,2,last,total_length,pvbm,10,2000,-0.002263107981176571,-0.007415258194305332,0.0036822652685933473,0.03960970735692347,,,1,0,,runs/pivot/fives/seed2/cfloss/pred_stare/bio.csv,results/pivot/e2_gt_stare.csv,results/gateA_biomarker_scales_train.csv
fives,stare,continued,baseline,0,last,total_length,pvbm,10,2000,-0.002096410782204683,-0.00815814697909134,0.0052991503861693325,0.05533048062885144,,,1,0,,runs/pivot/fives/seed0/continued/pred_stare/bio.csv,results/pivot/e2_gt_stare.csv,results/gateA_biomarker_scales_train.csv
fives,stare,continued,baseline,1,last,total_length,pvbm,10,2000,-0.00716006324065066,-0.021506752801463806,0.00017784905823006156,0.038087664801333264,,,1,0,,runs/pivot/fives/seed1/continued/pred_stare/bio.csv,results/pivot/e2_gt_stare.csv,results/gateA_biomarker_scales_train.csv
fives,stare,continued,baseline,2,last,total_length,pvbm,10,2000,-0.0017120152010725587,-0.006747694917658573,0.005580409927099407,0.061228453415129794,,,1,0,,runs/pivot/fives/seed2/continued/pred_stare/bio.csv,results/pivot/e2_gt_stare.csv,results/gateA_biomarker_scales_train.csv
fives,stare,reliseg,baseline,0,last,total_length,pvbm,10,2000,-0.00038006402337975587,-0.006273984993395451,0.009584818356804237,0.09362783691267733,,,1,0,,runs/pivot/fives/seed0/reliseg/pred_stare/bio.csv,results/pivot/e2_gt_stare.csv,results/gateA_biomarker_scales_train.csv
fives,stare,reliseg,baseline,1,last,total_length,pvbm,10,2000,0.0023405825363246313,-0.0032229753478819705,0.006620721911169424,0.08875519322921244,,,1,1,,runs/pivot/fives/seed1/reliseg/pred_stare/bio.csv,results/pivot/e2_gt_stare.csv,results/gateA_biomarker_scales_train.csv
fives,stare,reliseg,baseline,2,last,total_length,pvbm,10,2000,-0.00985337451411017,-0.03408588421438287,0.006650463247239207,0.10558765825849101,,,1,0,,runs/pivot/fives/seed2/reliseg/pred_stare/bio.csv,results/pivot/e2_gt_stare.csv,results/gateA_biomarker_scales_train.csv
fives,stare,reliseg_nocl,baseline,0,last,total_length,pvbm,10,2000,0.0017248536232213896,-0.0016985319618075313,0.00671446073185413,0.07472485436950502,,,1,1,,runs/pivot/fives/seed0/reliseg_nocl/pred_stare/bio.csv,results/pivot/e2_gt_stare.csv,results/gateA_biomarker_scales_train.csv
fives,stare,reliseg_nocl,baseline,1,last,total_length,pvbm,10,2000,-0.00027602897688794314,-0.007608487714861706,0.0019122174182386034,0.04731931448126056,,,1,0,,runs/pivot/fives/seed1/reliseg_nocl/pred_stare/bio.csv,results/pivot/e2_gt_stare.csv,results/gateA_biomarker_scales_train.csv
fives,stare,reliseg_nocl,baseline,2,last,total_length,pvbm,10,2000,-0.008695891478931128,-0.025030236965356886,0.008742117267068373,0.13595951186006078,,,1,0,,runs/pivot/fives/seed2/reliseg_nocl/pred_stare/bio.csv,results/pivot/e2_gt_stare.csv,results/gateA_biomarker_scales_train.csv
fives,stare,cfloss,baseline,"pooled(0,1,2)",last,total_length,pvbm,10,2000,-0.0018495273449590603,-0.005394144698976238,0.0017379055481657212,0.015818350486689604,-0.004129390306319813,0.00043033561640169293,3,0,yes,"runs/pivot/fives/seed{0,1,2}/cfloss/pred_stare/bio.csv",results/pivot/e2_gt_stare.csv,results/gateA_biomarker_scales_train.csv
fives,stare,continued,baseline,"pooled(0,1,2)",last,total_length,pvbm,10,2000,-0.003656163074642634,-0.011308370022669701,0.0017087760122019018,0.0515488662817715,-0.011209301036592989,0.003896974887307721,3,0,yes,"runs/pivot/fives/seed{0,1,2}/continued/pred_stare/bio.csv",results/pivot/e2_gt_stare.csv,results/gateA_biomarker_scales_train.csv
fives,stare,reliseg,baseline,"pooled(0,1,2)",last,total_length,pvbm,10,2000,-0.0026309520003884312,-0.011942767586429757,0.006497338582968073,0.09599022946679359,-0.018531959920878745,0.013270055920101883,3,1,no,"runs/pivot/fives/seed{0,1,2}/reliseg/pred_stare/bio.csv",results/pivot/e2_gt_stare.csv,results/gateA_biomarker_scales_train.csv
fives,stare,reliseg_nocl,baseline,"pooled(0,1,2)",last,total_length,pvbm,10,2000,-0.002415688944199227,-0.008205548370405526,0.0033961257413930353,0.08600122690360879,-0.016153125625004233,0.011321747736605778,3,1,no,"runs/pivot/fives/seed{0,1,2}/reliseg_nocl/pred_stare/bio.csv",results/pivot/e2_gt_stare.csv,results/gateA_biomarker_scales_train.csv
fives,stare,cfloss,continued,0,last,total_length,pvbm,10,2000,-0.00039131857106688983,-0.01064640693014344,0.011206222641609077,-0.04460869059059227,,,1,0,,runs/pivot/fives/seed0/cfloss/pred_stare/bio.csv,results/pivot/e2_gt_stare.csv,results/gateA_biomarker_scales_train.csv
fives,stare,cfloss,continued,1,last,total_length,pvbm,10,2000,0.006362318540221623,-0.0043589148202476885,0.02238404312891398,-0.04096411073644709,,,1,1,,runs/pivot/fives/seed1/cfloss/pred_stare/bio.csv,results/pivot/e2_gt_stare.csv,results/gateA_biomarker_scales_train.csv
fives,stare,cfloss,continued,2,last,total_length,pvbm,10,2000,-0.0005510927801040122,-0.0032886816292033577,0.0007861017765616062,-0.021618746058206323,,,1,0,,runs/pivot/fives/seed2/cfloss/pred_stare/bio.csv,results/pivot/e2_gt_stare.csv,results/gateA_biomarker_scales_train.csv
fives,stare,reliseg,continued,0,last,total_length,pvbm,10,2000,0.001716346758824927,-0.0018054889603560606,0.007728064280124065,0.03829735628382589,,,1,1,,runs/pivot/fives/seed0/reliseg/pred_stare/bio.csv,results/pivot/e2_gt_stare.csv,results/gateA_biomarker_scales_train.csv
fives,stare,reliseg,continued,1,last,total_length,pvbm,10,2000,0.009500645776975292,-0.0010729615158022814,0.027339980252612726,0.050667528427879166,,,1,1,,runs/pivot/fives/seed1/reliseg/pred_stare/bio.csv,results/pivot/e2_gt_stare.csv,results/gateA_biomarker_scales_train.csv
fives,stare,reliseg,continued,2,last,total_length,pvbm,10,2000,-0.00814135931303761,-0.02725394944230026,0.002315350623379041,0.04435920484336122,,,1,0,,runs/pivot/fives/seed2/reliseg/pred_stare/bio.csv,results/pivot/e2_gt_stare.csv,results/gateA_biomarker_scales_train.csv
fives,stare,reliseg_nocl,continued,0,last,total_length,pvbm,10,2000,0.0038212644054260725,-0.0013419649753789397,0.010344560884372278,0.01939437374065358,,,1,1,,runs/pivot/fives/seed0/reliseg_nocl/pred_stare/bio.csv,results/pivot/e2_gt_stare.csv,results/gateA_biomarker_scales_train.csv
fives,stare,reliseg_nocl,continued,1,last,total_length,pvbm,10,2000,0.006884034263762717,-0.0040257035303076175,0.020413991942921025,0.0092316496799273,,,1,1,,runs/pivot/fives/seed1/reliseg_nocl/pred_stare/bio.csv,results/pivot/e2_gt_stare.csv,results/gateA_biomarker_scales_train.csv
fives,stare,reliseg_nocl,continued,2,last,total_length,pvbm,10,2000,-0.0069838762778585695,-0.018920532889022613,0.0037733795225574187,0.074731058444931,,,1,0,,runs/pivot/fives/seed2/reliseg_nocl/pred_stare/bio.csv,results/pivot/e2_gt_stare.csv,results/gateA_biomarker_scales_train.csv
fives,stare,cfloss,continued,"pooled(0,1,2)",last,total_length,pvbm,10,2000,0.0018066357296835738,-0.002465967734117292,0.006668011150083653,-0.035730515795081894,-0.007996133766585343,0.011609405225952489,3,1,no,"runs/pivot/fives/seed{0,1,2}/cfloss/pred_stare/bio.csv",results/pivot/e2_gt_stare.csv,results/gateA_biomarker_scales_train.csv
fives,stare,reliseg,continued,"pooled(0,1,2)",last,total_length,pvbm,10,2000,0.0010252110742542027,-0.0022497511206768612,0.0056016393747004385,0.04444136318502209,-0.02093776078156264,0.022988182930071044,3,2,no,"runs/pivot/fives/seed{0,1,2}/reliseg/pred_stare/bio.csv",results/pivot/e2_gt_stare.csv,results/gateA_biomarker_scales_train.csv
fives,stare,reliseg_nocl,continued,"pooled(0,1,2)",last,total_length,pvbm,10,2000,0.0012404741304434068,-0.0007506125972096526,0.004210630040541617,0.03445236062183729,-0.016857128829970293,0.01933807709085711,3,2,no,"runs/pivot/fives/seed{0,1,2}/reliseg_nocl/pred_stare/bio.csv",results/pivot/e2_gt_stare.csv,results/gateA_biomarker_scales_train.csv
fives,stare,cfloss,baseline,0,last,total_length,skan,10,2000,-0.00044255304580065324,-0.011786542662036631,0.004698612992717828,-0.0007439631310578038,,,1,0,,runs/pivot/fives/seed0/cfloss/pred_stare/bio.csv,results/pivot/e2_gt_stare.csv,results/gateA_biomarker_scales_train.csv
fives,stare,cfloss,baseline,1,last,total_length,skan,10,2000,-0.0006632128638974777,-0.0031007940232462144,0.0017434245552137015,-0.009081076190026571,,,1,0,,runs/pivot/fives/seed1/cfloss/pred_stare/bio.csv,results/pivot/e2_gt_stare.csv,results/gateA_biomarker_scales_train.csv
fives,stare,cfloss,baseline,2,last,total_length,skan,10,2000,0.0030879443533770035,-0.0006231949007955955,0.013477149885756805,0.028058058650679528,,,1,1,,runs/pivot/fives/seed2/cfloss/pred_stare/bio.csv,results/pivot/e2_gt_stare.csv,results/gateA_biomarker_scales_train.csv
fives,stare,continued,baseline,0,last,total_length,skan,10,2000,0.001468749299374461,-0.0014142508805502023,0.006612559871107686,0.03734253593667568,,,1,1,,runs/pivot/fives/seed0/continued/pred_stare/bio.csv,results/pivot/e2_gt_stare.csv,results/gateA_biomarker_scales_train.csv
fives,stare,continued,baseline,1,last,total_length,skan,10,2000,0.0026717456914555626,-0.0010359317154862518,0.009412152272190007,-0.011349816250116752,,,1,1,,runs/pivot/fives/seed1/continued/pred_stare/bio.csv,results/pivot/e2_gt_stare.csv,results/gateA_biomarker_scales_train.csv
fives,stare,continued,baseline,2,last,total_length,skan,10,2000,0.005340844597333194,0.00024341180289943478,0.015850969266631515,0.05902962742566844,,,1,1,,runs/pivot/fives/seed2/continued/pred_stare/bio.csv,results/pivot/e2_gt_stare.csv,results/gateA_biomarker_scales_train.csv
fives,stare,reliseg,baseline,0,last,total_length,skan,10,2000,0.008399857688206058,-0.0009908326542096585,0.019257344197475906,0.06323370561274748,,,1,1,,runs/pivot/fives/seed0/reliseg/pred_stare/bio.csv,results/pivot/e2_gt_stare.csv,results/gateA_biomarker_scales_train.csv
fives,stare,reliseg,baseline,1,last,total_length,skan,10,2000,0.006068636669861349,0.0006591269367482444,0.016151142430128083,0.09743759760215814,,,1,1,,runs/pivot/fives/seed1/reliseg/pred_stare/bio.csv,results/pivot/e2_gt_stare.csv,results/gateA_biomarker_scales_train.csv
fives,stare,reliseg,baseline,2,last,total_length,skan,10,2000,0.0007749454932686195,-0.009073290667542562,0.017531364356041003,0.11750495554194154,,,1,1,,runs/pivot/fives/seed2/reliseg/pred_stare/bio.csv,results/pivot/e2_gt_stare.csv,results/gateA_biomarker_scales_train.csv
fives,stare,reliseg_nocl,baseline,0,last,total_length,skan,10,2000,0.0014825110172914657,-0.005959473186901062,0.004979915561094376,0.08208008508628171,,,1,1,,runs/pivot/fives/seed0/reliseg_nocl/pred_stare/bio.csv,results/pivot/e2_gt_stare.csv,results/gateA_biomarker_scales_train.csv
fives,stare,reliseg_nocl,baseline,1,last,total_length,skan,10,2000,0.0014728327634938587,-0.002187124384093117,0.0037655769422599173,0.0613882360905946,,,1,1,,runs/pivot/fives/seed1/reliseg_nocl/pred_stare/bio.csv,results/pivot/e2_gt_stare.csv,results/gateA_biomarker_scales_train.csv
fives,stare,reliseg_nocl,baseline,2,last,total_length,skan,10,2000,-0.0019018398719170548,-0.01140130219348831,0.015341330608159365,0.142423342311027,,,1,0,,runs/pivot/fives/seed2/reliseg_nocl/pred_stare/bio.csv,results/pivot/e2_gt_stare.csv,results/gateA_biomarker_scales_train.csv
fives,stare,cfloss,baseline,"pooled(0,1,2)",last,total_length,skan,10,2000,0.0006607261478929575,-0.0019210746928506662,0.003287324754047058,0.006077673109865051,-0.0045682001369970445,0.00588965243278296,3,1,no,"runs/pivot/fives/seed{0,1,2}/cfloss/pred_stare/bio.csv",results/pivot/e2_gt_stare.csv,results/gateA_biomarker_scales_train.csv
fives,stare,continued,baseline,"pooled(0,1,2)",last,total_length,skan,10,2000,0.0031604465293877393,-0.00019359976819255387,0.00932125035816967,0.028340782370742456,-0.0017625365128395324,0.008083429571615012,3,3,yes,"runs/pivot/fives/seed{0,1,2}/continued/pred_stare/bio.csv",results/pivot/e2_gt_stare.csv,results/gateA_biomarker_scales_train.csv
fives,stare,reliseg,baseline,"pooled(0,1,2)",last,total_length,skan,10,2000,0.005081146617112009,0.00041033660846311797,0.014443577181507659,0.09272541958561571,-0.0046248642047624616,0.01478715743898648,3,3,yes,"runs/pivot/fives/seed{0,1,2}/reliseg/pred_stare/bio.csv",results/pivot/e2_gt_stare.csv,results/gateA_biomarker_scales_train.csv
fives,stare,reliseg_nocl,baseline,"pooled(0,1,2)",last,total_length,skan,10,2000,0.00035116796962275654,-0.0033132430369165232,0.005181018785488626,0.09529722116263444,-0.004495802106994827,0.00519813804624034,3,2,no,"runs/pivot/fives/seed{0,1,2}/reliseg_nocl/pred_stare/bio.csv",results/pivot/e2_gt_stare.csv,results/gateA_biomarker_scales_train.csv
fives,stare,cfloss,continued,0,last,total_length,skan,10,2000,-0.0019113023451751143,-0.017726125043237843,0.00517957578609144,-0.03808649906773348,,,1,0,,runs/pivot/fives/seed0/cfloss/pred_stare/bio.csv,results/pivot/e2_gt_stare.csv,results/gateA_biomarker_scales_train.csv
fives,stare,cfloss,continued,1,last,total_length,skan,10,2000,-0.0033349585553530403,-0.009425009201414213,0.00100839908724111,0.002268740060090181,,,1,0,,runs/pivot/fives/seed1/cfloss/pred_stare/bio.csv,results/pivot/e2_gt_stare.csv,results/gateA_biomarker_scales_train.csv
fives,stare,cfloss,continued,2,last,total_length,skan,10,2000,-0.0022529002439561907,-0.0049914957740652775,0.0009260806225033152,-0.03097156877498891,,,1,0,,runs/pivot/fives/seed2/cfloss/pred_stare/bio.csv,results/pivot/e2_gt_stare.csv,results/gateA_biomarker_scales_train.csv
fives,stare,reliseg,continued,0,last,total_length,skan,10,2000,0.006931108388831597,-7.740495365470275e-05,0.01629165818041856,0.0258911696760718,,,1,1,,runs/pivot/fives/seed0/reliseg/pred_stare/bio.csv,results/pivot/e2_gt_stare.csv,results/gateA_biomarker_scales_train.csv
fives,stare,reliseg,continued,1,last,total_length,skan,10,2000,0.0033968909784057866,-0.0006528575478266962,0.009754398200283428,0.10878741385227489,,,1,1,,runs/pivot/fives/seed1/reliseg/pred_stare/bio.csv,results/pivot/e2_gt_stare.csv,results/gateA_biomarker_scales_train.csv
fives,stare,reliseg,continued,2,last,total_length,skan,10,2000,-0.004565899104064575,-0.013858229291305096,0.0027601644121134717,0.0584753281162731,,,1,0,,runs/pivot/fives/seed2/reliseg/pred_stare/bio.csv,results/pivot/e2_gt_stare.csv,results/gateA_biomarker_scales_train.csv
fives,stare,reliseg_nocl,continued,0,last,total_length,skan,10,2000,1.3761717917004646e-05,-0.008720045977729768,0.004352287382375317,0.04473754914960604,,,1,1,,runs/pivot/fives/seed0/reliseg_nocl/pred_stare/bio.csv,results/pivot/e2_gt_stare.csv,results/gateA_biomarker_scales_train.csv
fives,stare,reliseg_nocl,continued,1,last,total_length,skan,10,2000,-0.001198912927961704,-0.008818671424833202,0.002533202983610693,0.07273805234071135,,,1,0,,runs/pivot/fives/seed1/reliseg_nocl/pred_stare/bio.csv,results/pivot/e2_gt_stare.csv,results/gateA_biomarker_scales_train.csv
fives,stare,reliseg_nocl,continued,2,last,total_length,skan,10,2000,-0.007242684469250249,-0.016126457369904798,0.002621527797174648,0.08339371488535856,,,1,0,,runs/pivot/fives/seed2/reliseg_nocl/pred_stare/bio.csv,results/pivot/e2_gt_stare.csv,results/gateA_biomarker_scales_train.csv
fives,stare,cfloss,continued,"pooled(0,1,2)",last,total_length,skan,10,2000,-0.002499720381494782,-0.009052035326990622,0.0011259423686520089,-0.022263109260877406,-0.004346003635665771,-0.0006534371273237928,3,0,yes,"runs/pivot/fives/seed{0,1,2}/cfloss/pred_stare/bio.csv",results/pivot/e2_gt_stare.csv,results/gateA_biomarker_scales_train.csv
fives,stare,reliseg,continued,"pooled(0,1,2)",last,total_length,skan,10,2000,0.0019207000877242697,-0.0002390237439612373,0.005568151185579056,0.06438463721487327,-0.012708245369466513,0.016549645544915052,3,2,no,"runs/pivot/fives/seed{0,1,2}/reliseg/pred_stare/bio.csv",results/pivot/e2_gt_stare.csv,results/gateA_biomarker_scales_train.csv
fives,stare,reliseg_nocl,continued,"pooled(0,1,2)",last,total_length,skan,10,2000,-0.0028092785597649828,-0.007710060211791673,0.0012961099485096124,0.06695643879189199,-0.012465183171417473,0.006846626051887508,3,1,no,"runs/pivot/fives/seed{0,1,2}/reliseg_nocl/pred_stare/bio.csv",results/pivot/e2_gt_stare.csv,results/gateA_biomarker_scales_train.csv
hrf,stare,cfloss,baseline,0,last,FD,pvbm,10,2000,-0.0067772024346229864,-0.07822412093519626,0.04391102326555623,-0.3991816014513189,,,1,0,,runs/pivot/hrf/seed0/cfloss/pred_stare/bio.csv,results/pivot/e2_gt_stare.csv,results/gateA_biomarker_scales_train.csv
hrf,stare,cfloss,baseline,1,last,FD,pvbm,10,2000,0.02680349705667262,-0.08220685590256482,0.08970109164513612,-0.1961356078955364,,,1,1,,runs/pivot/hrf/seed1/cfloss/pred_stare/bio.csv,results/pivot/e2_gt_stare.csv,results/gateA_biomarker_scales_train.csv
hrf,stare,cfloss,baseline,2,last,FD,pvbm,10,2000,-0.039949757222535354,-0.1585586257852318,0.03703958800266178,-0.21190634079474013,,,1,0,,runs/pivot/hrf/seed2/cfloss/pred_stare/bio.csv,results/pivot/e2_gt_stare.csv,results/gateA_biomarker_scales_train.csv
hrf,stare,continued,baseline,0,last,FD,pvbm,10,2000,0.020106232426800652,-0.004002617845774275,0.05086026652398024,-0.01265007184829825,,,1,1,,runs/pivot/hrf/seed0/continued/pred_stare/bio.csv,results/pivot/e2_gt_stare.csv,results/gateA_biomarker_scales_train.csv
hrf,stare,continued,baseline,1,last,FD,pvbm,10,2000,-0.00882596594401408,-0.04093474596536609,0.03249429714047773,0.3567519342062514,,,1,0,,runs/pivot/hrf/seed1/continued/pred_stare/bio.csv,results/pivot/e2_gt_stare.csv,results/gateA_biomarker_scales_train.csv
hrf,stare,continued,baseline,2,last,FD,pvbm,10,2000,-0.01929025215717506,-0.11437900753402377,0.07761626925451728,0.17477062109406416,,,1,0,,runs/pivot/hrf/seed2/continued/pred_stare/bio.csv,results/pivot/e2_gt_stare.csv,results/gateA_biomarker_scales_train.csv
hrf,stare,reliseg,baseline,0,last,FD,pvbm,10,2000,-0.024853118690948528,-0.08281410019333087,0.030750854268333332,0.6033731744715155,,,1,0,,runs/pivot/hrf/seed0/reliseg/pred_stare/bio.csv,results/pivot/e2_gt_stare.csv,results/gateA_biomarker_scales_train.csv
hrf,stare,reliseg,baseline,1,last,FD,pvbm,10,2000,-0.022765612819052983,-0.06556609130997294,0.04191424798550035,0.9288333728445605,,,1,0,,runs/pivot/hrf/seed1/reliseg/pred_stare/bio.csv,results/pivot/e2_gt_stare.csv,results/gateA_biomarker_scales_train.csv
hrf,stare,reliseg,baseline,2,last,FD,pvbm,10,2000,0.004364846712345827,-0.05996055731666173,0.1150782640338044,0.8248183263352235,,,1,1,,runs/pivot/hrf/seed2/reliseg/pred_stare/bio.csv,results/pivot/e2_gt_stare.csv,results/gateA_biomarker_scales_train.csv
hrf,stare,reliseg_nocl,baseline,0,last,FD,pvbm,10,2000,-0.042935852392884666,-0.16271056346501947,0.04467370710611034,0.6914192194553676,,,1,0,,runs/pivot/hrf/seed0/reliseg_nocl/pred_stare/bio.csv,results/pivot/e2_gt_stare.csv,results/gateA_biomarker_scales_train.csv
hrf,stare,reliseg_nocl,baseline,1,last,FD,pvbm,10,2000,0.039523377225894274,0.0057952502456044275,0.1008307107952489,0.7328284372314334,,,1,1,,runs/pivot/hrf/seed1/reliseg_nocl/pred_stare/bio.csv,results/pivot/e2_gt_stare.csv,results/gateA_biomarker_scales_train.csv
hrf,stare,reliseg_nocl,baseline,2,last,FD,pvbm,10,2000,0.030655879775710604,-0.007466777406354172,0.10052343192105154,0.6036363020614238,,,1,1,,runs/pivot/hrf/seed2/reliseg_nocl/pred_stare/bio.csv,results/pivot/e2_gt_stare.csv,results/gateA_biomarker_scales_train.csv
hrf,stare,cfloss,baseline,"pooled(0,1,2)",last,FD,pvbm,10,2000,-0.006641154200161907,-0.07195444694065585,0.026649818480264945,-0.2690745167138651,-0.08955380896220377,0.07627150056187995,3,1,no,"runs/pivot/hrf/seed{0,1,2}/cfloss/pred_stare/bio.csv",results/pivot/e2_gt_stare.csv,results/gateA_biomarker_scales_train.csv
hrf,stare,continued,baseline,"pooled(0,1,2)",last,FD,pvbm,10,2000,-0.0026699952247961622,-0.03056431935965769,0.03195433781021623,0.17295749448400577,-0.05336361590552073,0.048023625455928406,3,1,no,"runs/pivot/hrf/seed{0,1,2}/continued/pred_stare/bio.csv",results/pivot/e2_gt_stare.csv,results/gateA_biomarker_scales_train.csv
hrf,stare,reliseg,baseline,"pooled(0,1,2)",last,FD,pvbm,10,2000,-0.014417961599218562,-0.047361006952430715,0.03407162333629996,0.7856749578837664,-0.05490901281775038,0.026073089619313254,3,1,no,"runs/pivot/hrf/seed{0,1,2}/reliseg/pred_stare/bio.csv",results/pivot/e2_gt_stare.csv,results/gateA_biomarker_scales_train.csv
hrf,stare,reliseg_nocl,baseline,"pooled(0,1,2)",last,FD,pvbm,10,2000,0.009081134869573404,-0.02463735050996262,0.055491675942349446,0.6759613195827416,-0.10336509080359085,0.12152736054273766,3,2,no,"runs/pivot/hrf/seed{0,1,2}/reliseg_nocl/pred_stare/bio.csv",results/pivot/e2_gt_stare.csv,results/gateA_biomarker_scales_train.csv
hrf,stare,cfloss,continued,0,last,FD,pvbm,10,2000,-0.02688343486142364,-0.08403851864880181,0.001904856367741608,-0.3865315296030207,,,1,0,,runs/pivot/hrf/seed0/cfloss/pred_stare/bio.csv,results/pivot/e2_gt_stare.csv,results/gateA_biomarker_scales_train.csv
hrf,stare,cfloss,continued,1,last,FD,pvbm,10,2000,0.0356294630006867,-0.07902320867913253,0.09763079581038635,-0.5528875421017878,,,1,1,,runs/pivot/hrf/seed1/cfloss/pred_stare/bio.csv,results/pivot/e2_gt_stare.csv,results/gateA_biomarker_scales_train.csv
hrf,stare,cfloss,continued,2,last,FD,pvbm,10,2000,-0.020659505065360295,-0.07925378517487269,0.0038092230088642948,-0.3866769618888043,,,1,0,,runs/pivot/hrf/seed2/cfloss/pred_stare/bio.csv,results/pivot/e2_gt_stare.csv,results/gateA_biomarker_scales_train.csv
hrf,stare,reliseg,continued,0,last,FD,pvbm,10,2000,-0.04495935111774918,-0.08982741388339359,0.008210100342221598,0.6160232463198138,,,1,0,,runs/pivot/hrf/seed0/reliseg/pred_stare/bio.csv,results/pivot/e2_gt_stare.csv,results/gateA_biomarker_scales_train.csv
hrf,stare,reliseg,continued,1,last,FD,pvbm,10,2000,-0.013939646875038902,-0.029954444529513215,0.019042239357218903,0.5720814386383091,,,1,0,,runs/pivot/hrf/seed1/reliseg/pred_stare/bio.csv,results/pivot/e2_gt_stare.csv,results/gateA_biomarker_scales_train.csv
hrf,stare,reliseg,continued,2,last,FD,pvbm,10,2000,0.023655098869520885,-0.01669372539072585,0.10025656875871078,0.6500477052411593,,,1,1,,runs/pivot/hrf/seed2/reliseg/pred_stare/bio.csv,results/pivot/e2_gt_stare.csv,results/gateA_biomarker_scales_train.csv
hrf,stare,reliseg_nocl,continued,0,last,FD,pvbm,10,2000,-0.06304208481968532,-0.1646267282535687,0.0067321505695241155,0.7040692913036658,,,1,0,,runs/pivot/hrf/seed0/reliseg_nocl/pred_stare/bio.csv,results/pivot/e2_gt_stare.csv,results/gateA_biomarker_scales_train.csv
hrf,stare,reliseg_nocl,continued,1,last,FD,pvbm,10,2000,0.048349343169908354,0.005927071292611774,0.09098882099754597,0.37607650302518203,,,1,1,,runs/pivot/hrf/seed1/reliseg_nocl/pred_stare/bio.csv,results/pivot/e2_gt_stare.csv,results/gateA_biomarker_scales_train.csv
hrf,stare,reliseg_nocl,continued,2,last,FD,pvbm,10,2000,0.04994613193288566,-0.00883463127141183,0.1573547816820236,0.42886568096735966,,,1,1,,runs/pivot/hrf/seed2/reliseg_nocl/pred_stare/bio.csv,results/pivot/e2_gt_stare.csv,results/gateA_biomarker_scales_train.csv
hrf,stare,cfloss,continued,"pooled(0,1,2)",last,FD,pvbm,10,2000,-0.003971158975365745,-0.07083111524254684,0.02637790110968333,-0.442032011197871,-0.08951503974290674,0.08157272179217524,3,1,no,"runs/pivot/hrf/seed{0,1,2}/cfloss/pred_stare/bio.csv",results/pivot/e2_gt_stare.csv,results/gateA_biomarker_scales_train.csv
hrf,stare,reliseg,continued,"pooled(0,1,2)",last,FD,pvbm,10,2000,-0.0117479663744224,-0.031033535216843787,0.020391089523887886,0.6127174633997606,-0.09710216761309386,0.07360623486424907,3,1,no,"runs/pivot/hrf/seed{0,1,2}/reliseg/pred_stare/bio.csv",results/pivot/e2_gt_stare.csv,results/gateA_biomarker_scales_train.csv
hrf,stare,reliseg_nocl,continued,"pooled(0,1,2)",last,FD,pvbm,10,2000,0.011751130094369566,-0.004988268815372357,0.03568148694354693,0.5030038250987359,-0.14916570788038389,0.17266796806912302,3,2,no,"runs/pivot/hrf/seed{0,1,2}/reliseg_nocl/pred_stare/bio.csv",results/pivot/e2_gt_stare.csv,results/gateA_biomarker_scales_train.csv
hrf,stare,cfloss,baseline,0,last,FD,skan,10,2000,0.006287281937780609,-0.05861897259831395,0.041417194451285846,-0.33527160402498407,,,1,1,,runs/pivot/hrf/seed0/cfloss/pred_stare/bio.csv,results/pivot/e2_gt_stare.csv,results/gateA_biomarker_scales_train.csv
hrf,stare,cfloss,baseline,1,last,FD,skan,10,2000,-0.009622908709102984,-0.08782139705153526,0.024599503283243777,-0.1897302574785138,,,1,0,,runs/pivot/hrf/seed1/cfloss/pred_stare/bio.csv,results/pivot/e2_gt_stare.csv,results/gateA_biomarker_scales_train.csv
hrf,stare,cfloss,baseline,2,last,FD,skan,10,2000,-0.005898501401073286,-0.04194562977935689,0.021312820756091994,-0.22118795390285753,,,1,0,,runs/pivot/hrf/seed2/cfloss/pred_stare/bio.csv,results/pivot/e2_gt_stare.csv,results/gateA_biomarker_scales_train.csv
hrf,stare,continued,baseline,0,last,FD,skan,10,2000,0.016628952714768275,-0.007456509385857515,0.05630231881149855,-0.04411297622590249,,,1,1,,runs/pivot/hrf/seed0/continued/pred_stare/bio.csv,results/pivot/e2_gt_stare.csv,results/gateA_biomarker_scales_train.csv
hrf,stare,continued,baseline,1,last,FD,skan,10,2000,-0.02394803920392552,-0.05442872484670544,0.016188628053296367,0.39141653107582736,,,1,0,,runs/pivot/hrf/seed1/continued/pred_stare/bio.csv,results/pivot/e2_gt_stare.csv,results/gateA_biomarker_scales_train.csv
hrf,stare,continued,baseline,2,last,FD,skan,10,2000,-0.0017339965853373496,-0.048633178234008555,0.06366611160309367,0.22476034366602377,,,1,0,,runs/pivot/hrf/seed2/continued/pred_stare/bio.csv,results/pivot/e2_gt_stare.csv,results/gateA_biomarker_scales_train.csv
hrf,stare,reliseg,baseline,0,last,FD,skan,10,2000,-0.020670123820275,-0.08037817890300163,0.04083412551400577,0.7670527566610825,,,1,0,,runs/pivot/hrf/seed0/reliseg/pred_stare/bio.csv,results/pivot/e2_gt_stare.csv,results/gateA_biomarker_scales_train.csv
hrf,stare,reliseg,baseline,1,last,FD,skan,10,2000,-0.06897586965631586,-0.12876844424148043,0.026423402051354277,1.1040863019202873,,,1,0,,runs/pivot/hrf/seed1/reliseg/pred_stare/bio.csv,results/pivot/e2_gt_stare.csv,results/gateA_biomarker_scales_train.csv
hrf,stare,reliseg,baseline,2,last,FD,skan,10,2000,-0.0611335680898939,-0.22912291884223185,0.06871716171090765,1.103251549611506,,,1,0,,runs/pivot/hrf/seed2/reliseg/pred_stare/bio.csv,results/pivot/e2_gt_stare.csv,results/gateA_biomarker_scales_train.csv
hrf,stare,reliseg_nocl,baseline,0,last,FD,skan,10,2000,-0.02093625106403252,-0.07999978718324292,0.03469786479179749,0.7740399451244369,,,1,0,,runs/pivot/hrf/seed0/reliseg_nocl/pred_stare/bio.csv,results/pivot/e2_gt_stare.csv,results/gateA_biomarker_scales_train.csv
hrf,stare,reliseg_nocl,baseline,1,last,FD,skan,10,2000,-0.00843167063702499,-0.02787387573957015,0.048346282905152936,0.851147540862043,,,1,0,,runs/pivot/hrf/seed1/reliseg_nocl/pred_stare/bio.csv,results/pivot/e2_gt_stare.csv,results/gateA_biomarker_scales_train.csv
hrf,stare,reliseg_nocl,baseline,2,last,FD,skan,10,2000,-0.012595398782140332,-0.0909001142341078,0.07280885144984352,0.7331005247548912,,,1,0,,runs/pivot/hrf/seed2/reliseg_nocl/pred_stare/bio.csv,results/pivot/e2_gt_stare.csv,results/gateA_biomarker_scales_train.csv
hrf,stare,cfloss,baseline,"pooled(0,1,2)",last,FD,skan,10,2000,-0.0030780427241318873,-0.05383985305228217,0.022662248318366277,-0.24872993846878513,-0.023750155856675066,0.017594070408411294,3,1,no,"runs/pivot/hrf/seed{0,1,2}/cfloss/pred_stare/bio.csv",results/pivot/e2_gt_stare.csv,results/gateA_biomarker_scales_train.csv
hrf,stare,continued,baseline,"pooled(0,1,2)",last,FD,skan,10,2000,-0.003017694358164865,-0.030774145737914742,0.0396576501525047,0.1906879661719829,-0.053492718419063924,0.04745732970273419,3,1,no,"runs/pivot/hrf/seed{0,1,2}/continued/pred_stare/bio.csv",results/pivot/e2_gt_stare.csv,results/gateA_biomarker_scales_train.csv
hrf,stare,reliseg,baseline,"pooled(0,1,2)",last,FD,skan,10,2000,-0.05025985385549492,-0.13812324425835687,0.04334525411858703,0.991463536064292,-0.11465795667352587,0.01413824896253603,3,0,yes,"runs/pivot/hrf/seed{0,1,2}/reliseg/pred_stare/bio.csv",results/pivot/e2_gt_stare.csv,results/gateA_biomarker_scales_train.csv
hrf,stare,reliseg_nocl,baseline,"pooled(0,1,2)",last,FD,skan,10,2000,-0.01398777349439928,-0.06276796462299884,0.0441769875688898,0.7860960035804571,-0.0298055412786287,0.0018299942898301405,3,0,yes,"runs/pivot/hrf/seed{0,1,2}/reliseg_nocl/pred_stare/bio.csv",results/pivot/e2_gt_stare.csv,results/gateA_biomarker_scales_train.csv
hrf,stare,cfloss,continued,0,last,FD,skan,10,2000,-0.010341670776987666,-0.07489596512624246,0.020522579262062926,-0.2911586277990816,,,1,0,,runs/pivot/hrf/seed0/cfloss/pred_stare/bio.csv,results/pivot/e2_gt_stare.csv,results/gateA_biomarker_scales_train.csv
hrf,stare,cfloss,continued,1,last,FD,skan,10,2000,0.014325130494822536,-0.09982436005944038,0.076714697096605,-0.5811467885543411,,,1,1,,runs/pivot/hrf/seed1/cfloss/pred_stare/bio.csv,results/pivot/e2_gt_stare.csv,results/gateA_biomarker_scales_train.csv
hrf,stare,cfloss,continued,2,last,FD,skan,10,2000,-0.0041645048157359366,-0.07062955648881933,0.03259310207734032,-0.4459482975688813,,,1,0,,runs/pivot/hrf/seed2/cfloss/pred_stare/bio.csv,results/pivot/e2_gt_stare.csv,results/gateA_biomarker_scales_train.csv
hrf,stare,reliseg,continued,0,last,FD,skan,10,2000,-0.037299076535043274,-0.082655916472552,-0.0011521739217096206,0.811165732886985,,,1,0,,runs/pivot/hrf/seed0/reliseg/pred_stare/bio.csv,results/pivot/e2_gt_stare.csv,results/gateA_biomarker_scales_train.csv
hrf,stare,reliseg,continued,1,last,FD,skan,10,2000,-0.04502783045239034,-0.07650838238694235,0.012027471976119109,0.71266977084446,,,1,0,,runs/pivot/hrf/seed1/reliseg/pred_stare/bio.csv,results/pivot/e2_gt_stare.csv,results/gateA_biomarker_scales_train.csv
hrf,stare,reliseg,continued,2,last,FD,skan,10,2000,-0.05939957150455655,-0.18910912202127406,0.013831031778661077,0.8784912059454822,,,1,0,,runs/pivot/hrf/seed2/reliseg/pred_stare/bio.csv,results/pivot/e2_gt_stare.csv,results/gateA_biomarker_scales_train.csv
hrf,stare,reliseg_nocl,continued,0,last,FD,skan,10,2000,-0.03756520377880079,-0.08154906040091525,-0.0022427714395724723,0.8181529213503393,,,1,0,,runs/pivot/hrf/seed0/reliseg_nocl/pred_stare/bio.csv,results/pivot/e2_gt_stare.csv,results/gateA_biomarker_scales_train.csv
hrf,stare,reliseg_nocl,continued,1,last,FD,skan,10,2000,0.015516368566900529,-0.0005256443159777495,0.03888882041680854,0.4597310097862157,,,1,1,,runs/pivot/hrf/seed1/reliseg_nocl/pred_stare/bio.csv,results/pivot/e2_gt_stare.csv,results/gateA_biomarker_scales_train.csv
hrf,stare,reliseg_nocl,continued,2,last,FD,skan,10,2000,-0.010861402196802983,-0.0455247676357429,0.015565890622984635,0.5083401810888674,,,1,0,,runs/pivot/hrf/seed2/reliseg_nocl/pred_stare/bio.csv,results/pivot/e2_gt_stare.csv,results/gateA_biomarker_scales_train.csv
hrf,stare,cfloss,continued,"pooled(0,1,2)",last,FD,skan,10,2000,-6.034836596702231e-05,-0.07951414914310212,0.04102427588133911,-0.439417904640768,-0.03194509019263474,0.03182439346070069,3,1,no,"runs/pivot/hrf/seed{0,1,2}/cfloss/pred_stare/bio.csv",results/pivot/e2_gt_stare.csv,results/gateA_biomarker_scales_train.csv
hrf,stare,reliseg,continued,"pooled(0,1,2)",last,FD,skan,10,2000,-0.04724215949733005,-0.10924678179979623,0.0036286023410763047,0.8007755698923091,-0.07510278108502604,-0.01938153790963407,3,0,yes,"runs/pivot/hrf/seed{0,1,2}/reliseg/pred_stare/bio.csv",results/pivot/e2_gt_stare.csv,results/gateA_biomarker_scales_train.csv
hrf,stare,reliseg_nocl,continued,"pooled(0,1,2)",last,FD,skan,10,2000,-0.010970079136234415,-0.033220051382041246,0.007461726194847156,0.5954080374084741,-0.07690146150785071,0.05496130323538188,3,1,no,"runs/pivot/hrf/seed{0,1,2}/reliseg_nocl/pred_stare/bio.csv",results/pivot/e2_gt_stare.csv,results/gateA_biomarker_scales_train.csv
hrf,stare,cfloss,baseline,0,last,tortuosity,pvbm,10,2000,0.225219713292037,-0.23753054167068519,0.4747083111671212,-0.3038744945522214,,,1,1,,runs/pivot/hrf/seed0/cfloss/pred_stare/bio.csv,results/pivot/e2_gt_stare.csv,results/gateA_biomarker_scales_train.csv
hrf,stare,cfloss,baseline,1,last,tortuosity,pvbm,10,2000,-0.09914561617179984,-0.537509286390747,0.5195755861256574,-0.4341273959657744,,,1,0,,runs/pivot/hrf/seed1/cfloss/pred_stare/bio.csv,results/pivot/e2_gt_stare.csv,results/gateA_biomarker_scales_train.csv
hrf,stare,cfloss,baseline,2,last,tortuosity,pvbm,10,2000,-0.460168416930413,-0.6883642441566491,0.15811343408081532,0.24600730678680613,,,1,0,,runs/pivot/hrf/seed2/cfloss/pred_stare/bio.csv,results/pivot/e2_gt_stare.csv,results/gateA_biomarker_scales_train.csv
hrf,stare,continued,baseline,0,last,tortuosity,pvbm,10,2000,-0.02930875997370702,-0.7597094597011813,0.3903126804645168,-0.3553268476317035,,,1,0,,runs/pivot/hrf/seed0/continued/pred_stare/bio.csv,results/pivot/e2_gt_stare.csv,results/gateA_biomarker_scales_train.csv
hrf,stare,continued,baseline,1,last,tortuosity,pvbm,10,2000,0.134959376524028,-0.14470847200305564,0.33309100472031367,0.24600860536239033,,,1,1,,runs/pivot/hrf/seed1/continued/pred_stare/bio.csv,results/pivot/e2_gt_stare.csv,results/gateA_biomarker_scales_train.csv
hrf,stare,continued,baseline,2,last,tortuosity,pvbm,10,2000,-0.37079044869735234,-0.6731830786064346,0.6290102767065506,0.35283111440528203,,,1,0,,runs/pivot/hrf/seed2/continued/pred_stare/bio.csv,results/pivot/e2_gt_stare.csv,results/gateA_biomarker_scales_train.csv
hrf,stare,reliseg,baseline,0,last,tortuosity,pvbm,10,2000,-0.35560148484218734,-0.9803768942609866,0.27364385115951845,0.38567669578774966,,,1,0,,runs/pivot/hrf/seed0/reliseg/pred_stare/bio.csv,results/pivot/e2_gt_stare.csv,results/gateA_biomarker_scales_train.csv
hrf,stare,reliseg,baseline,1,last,tortuosity,pvbm,10,2000,0.12691807516065362,-0.16497191951325785,0.333516149916451,0.127145562004027,,,1,1,,runs/pivot/hrf/seed1/reliseg/pred_stare/bio.csv,results/pivot/e2_gt_stare.csv,results/gateA_biomarker_scales_train.csv
hrf,stare,reliseg,baseline,2,last,tortuosity,pvbm,10,2000,-0.13864488936359842,-0.3196372254107521,0.23136335453992748,1.0571548439151381,,,1,0,,runs/pivot/hrf/seed2/reliseg/pred_stare/bio.csv,results/pivot/e2_gt_stare.csv,results/gateA_biomarker_scales_train.csv
hrf,stare,reliseg_nocl,baseline,0,last,tortuosity,pvbm,10,2000,-0.3772874910784549,-1.0095019213747298,0.25027690182461315,0.1307625726535916,,,1,0,,runs/pivot/hrf/seed0/reliseg_nocl/pred_stare/bio.csv,results/pivot/e2_gt_stare.csv,results/gateA_biomarker_scales_train.csv
hrf,stare,reliseg_nocl,baseline,1,last,tortuosity,pvbm,10,2000,-0.40207891161357556,-0.6868928001306381,0.30192049551677996,0.5734835796797597,,,1,0,,runs/pivot/hrf/seed1/reliseg_nocl/pred_stare/bio.csv,results/pivot/e2_gt_stare.csv,results/gateA_biomarker_scales_train.csv
hrf,stare,reliseg_nocl,baseline,2,last,tortuosity,pvbm,10,2000,-0.7768801550056275,-0.9678060434477092,0.12470962555246294,0.5437141132900934,,,1,0,,runs/pivot/hrf/seed2/reliseg_nocl/pred_stare/bio.csv,results/pivot/e2_gt_stare.csv,results/gateA_biomarker_scales_train.csv
hrf,stare,cfloss,baseline,"pooled(0,1,2)",last,tortuosity,pvbm,10,2000,-0.11136477327005861,-0.27227840578553786,0.21089205856240148,-0.1639981945770632,-0.9630697934677166,0.7403402469275993,3,1,no,"runs/pivot/hrf/seed{0,1,2}/cfloss/pred_stare/bio.csv",results/pivot/e2_gt_stare.csv,results/gateA_biomarker_scales_train.csv
hrf,stare,continued,baseline,"pooled(0,1,2)",last,tortuosity,pvbm,10,2000,-0.08837994404901045,-0.38919554936723233,0.3003304314728949,0.08117095737865627,-0.729281576324535,0.5525216882265143,3,1,no,"runs/pivot/hrf/seed{0,1,2}/continued/pred_stare/bio.csv",results/pivot/e2_gt_stare.csv,results/gateA_biomarker_scales_train.csv
hrf,stare,reliseg,baseline,"pooled(0,1,2)",last,tortuosity,pvbm,10,2000,-0.12244276634837738,-0.37712224874543915,0.15540277485753284,0.5233257005689717,-0.722778026771447,0.47789249407469225,3,1,no,"runs/pivot/hrf/seed{0,1,2}/reliseg/pred_stare/bio.csv",results/pivot/e2_gt_stare.csv,results/gateA_biomarker_scales_train.csv
hrf,stare,reliseg_nocl,baseline,"pooled(0,1,2)",last,tortuosity,pvbm,10,2000,-0.518748852565886,-0.7045891460547861,0.08268690478950716,0.4159867552078149,-1.0749265973099846,0.03742889217821255,3,0,yes,"runs/pivot/hrf/seed{0,1,2}/reliseg_nocl/pred_stare/bio.csv",results/pivot/e2_gt_stare.csv,results/gateA_biomarker_scales_train.csv
hrf,stare,cfloss,continued,0,last,tortuosity,pvbm,10,2000,0.254528473265744,-0.19184052767798712,1.0017662442739594,0.05145235307948218,,,1,1,,runs/pivot/hrf/seed0/cfloss/pred_stare/bio.csv,results/pivot/e2_gt_stare.csv,results/gateA_biomarker_scales_train.csv
hrf,stare,cfloss,continued,1,last,tortuosity,pvbm,10,2000,-0.23410499269582785,-0.5588570030351354,0.3044337426509291,-0.6801360013281648,,,1,0,,runs/pivot/hrf/seed1/cfloss/pred_stare/bio.csv,results/pivot/e2_gt_stare.csv,results/gateA_biomarker_scales_train.csv
hrf,stare,cfloss,continued,2,last,tortuosity,pvbm,10,2000,-0.08937796823306066,-0.5027735618553753,0.09412205164901287,-0.10682380761847587,,,1,0,,runs/pivot/hrf/seed2/cfloss/pred_stare/bio.csv,results/pivot/e2_gt_stare.csv,results/gateA_biomarker_scales_train.csv
hrf,stare,reliseg,continued,0,last,tortuosity,pvbm,10,2000,-0.3262927248684803,-0.4893584470306664,0.102455286833986,0.7410035434194532,,,1,0,,runs/pivot/hrf/seed0/reliseg/pred_stare/bio.csv,results/pivot/e2_gt_stare.csv,results/gateA_biomarker_scales_train.csv
hrf,stare,reliseg,continued,1,last,tortuosity,pvbm,10,2000,-0.008041301363374387,-0.14734824772246624,0.15209552098361337,-0.11886304335836334,,,1,0,,runs/pivot/hrf/seed1/reliseg/pred_stare/bio.csv,results/pivot/e2_gt_stare.csv,results/gateA_biomarker_scales_train.csv
hrf,stare,reliseg,continued,2,last,tortuosity,pvbm,10,2000,0.23214555933375394,-0.4846069493823388,0.5017663258180151,0.7043237295098562,,,1,1,,runs/pivot/hrf/seed2/reliseg/pred_stare/bio.csv,results/pivot/e2_gt_stare.csv,results/gateA_biomarker_scales_train.csv
hrf,stare,reliseg_nocl,continued,0,last,tortuosity,pvbm,10,2000,-0.34797873110474786,-0.4376697719897846,-0.011647473658189154,0.4860894202852951,,,1,0,,runs/pivot/hrf/seed0/reliseg_nocl/pred_stare/bio.csv,results/pivot/e2_gt_stare.csv,results/gateA_biomarker_scales_train.csv
hrf,stare,reliseg_nocl,continued,1,last,tortuosity,pvbm,10,2000,-0.5370382881376036,-0.7969449179303971,0.04556467456843335,0.3274749743173693,,,1,0,,runs/pivot/hrf/seed1/reliseg_nocl/pred_stare/bio.csv,results/pivot/e2_gt_stare.csv,results/gateA_biomarker_scales_train.csv
hrf,stare,reliseg_nocl,continued,2,last,tortuosity,pvbm,10,2000,-0.4060897063082751,-0.8381459425644004,0.021834499854609737,0.19088299888481142,,,1,0,,runs/pivot/hrf/seed2/reliseg_nocl/pred_stare/bio.csv,results/pivot/e2_gt_stare.csv,results/gateA_biomarker_scales_train.csv
hrf,stare,cfloss,continued,"pooled(0,1,2)",last,tortuosity,pvbm,10,2000,-0.022984829221048164,-0.2087643507723719,0.24814323141426645,-0.2451691519557195,-0.6464821293749768,0.6005124709328805,3,1,no,"runs/pivot/hrf/seed{0,1,2}/cfloss/pred_stare/bio.csv",results/pivot/e2_gt_stare.csv,results/gateA_biomarker_scales_train.csv
hrf,stare,reliseg,continued,"pooled(0,1,2)",last,tortuosity,pvbm,10,2000,-0.03406282229936692,-0.18219617665051907,0.09581704847634376,0.4421547431903153,-0.7299370127365052,0.6618113681377713,3,1,no,"runs/pivot/hrf/seed{0,1,2}/reliseg/pred_stare/bio.csv",results/pivot/e2_gt_stare.csv,results/gateA_biomarker_scales_train.csv
hrf,stare,reliseg_nocl,continued,"pooled(0,1,2)",last,tortuosity,pvbm,10,2000,-0.43036890851687554,-0.5558019255455688,-0.11006171757482193,0.3348157978291586,-0.6709328451975725,-0.18980497183617856,3,0,yes,"runs/pivot/hrf/seed{0,1,2}/reliseg_nocl/pred_stare/bio.csv",results/pivot/e2_gt_stare.csv,results/gateA_biomarker_scales_train.csv
hrf,stare,cfloss,baseline,0,last,tortuosity,skan,10,2000,0.008825311564024552,-0.13079420442785702,0.433623037083801,0.0008121495725574857,,,1,1,,runs/pivot/hrf/seed0/cfloss/pred_stare/bio.csv,results/pivot/e2_gt_stare.csv,results/gateA_biomarker_scales_train.csv
hrf,stare,cfloss,baseline,1,last,tortuosity,skan,10,2000,-0.2102215057847867,-0.45547291524574546,-0.0009503883853654945,-0.02092053338083899,,,1,0,,runs/pivot/hrf/seed1/cfloss/pred_stare/bio.csv,results/pivot/e2_gt_stare.csv,results/gateA_biomarker_scales_train.csv
hrf,stare,cfloss,baseline,2,last,tortuosity,skan,10,2000,-0.005326027972458847,-0.07518369334784938,0.23419308171690856,-0.022436147701933085,,,1,0,,runs/pivot/hrf/seed2/cfloss/pred_stare/bio.csv,results/pivot/e2_gt_stare.csv,results/gateA_biomarker_scales_train.csv
hrf,stare,continued,baseline,0,last,tortuosity,skan,10,2000,-0.0355321219240633,-0.2021007775216714,0.4003464365368589,-0.026034749738440333,,,1,0,,runs/pivot/hrf/seed0/continued/pred_stare/bio.csv,results/pivot/e2_gt_stare.csv,results/gateA_biomarker_scales_train.csv
hrf,stare,continued,baseline,1,last,tortuosity,skan,10,2000,-0.19946614705675703,-0.8461827182819982,0.16052814524768563,0.11598543382115789,,,1,0,,runs/pivot/hrf/seed1/continued/pred_stare/bio.csv,results/pivot/e2_gt_stare.csv,results/gateA_biomarker_scales_train.csv
hrf,stare,continued,baseline,2,last,tortuosity,skan,10,2000,0.05268968256262563,0.00038320838758270086,0.21811713758835785,0.05351907656033572,,,1,1,,runs/pivot/hrf/seed2/continued/pred_stare/bio.csv,results/pivot/e2_gt_stare.csv,results/gateA_biomarker_scales_train.csv
hrf,stare,reliseg,baseline,0,last,tortuosity,skan,10,2000,-0.1897161852147975,-0.5259398999464876,0.37274472929006847,-0.11771986844087567,,,1,0,,runs/pivot/hrf/seed0/reliseg/pred_stare/bio.csv,results/pivot/e2_gt_stare.csv,results/gateA_biomarker_scales_train.csv
hrf,stare,reliseg,baseline,1,last,tortuosity,skan,10,2000,-0.12233297199403004,-0.7618918035763823,0.18428902320890694,0.07056796412820493,,,1,0,,runs/pivot/hrf/seed1/reliseg/pred_stare/bio.csv,results/pivot/e2_gt_stare.csv,results/gateA_biomarker_scales_train.csv
hrf,stare,reliseg,baseline,2,last,tortuosity,skan,10,2000,0.04116888306773925,-0.03226663708310749,0.22281596081965235,-0.1312137650207883,,,1,1,,runs/pivot/hrf/seed2/reliseg/pred_stare/bio.csv,results/pivot/e2_gt_stare.csv,results/gateA_biomarker_scales_train.csv
hrf,stare,reliseg_nocl,baseline,0,last,tortuosity,skan,10,2000,-0.012101108183337317,-0.1268483397263616,0.334344966058945,-0.18961193485370165,,,1,0,,runs/pivot/hrf/seed0/reliseg_nocl/pred_stare/bio.csv,results/pivot/e2_gt_stare.csv,results/gateA_biomarker_scales_train.csv
hrf,stare,reliseg_nocl,baseline,1,last,tortuosity,skan,10,2000,-0.1305225415287462,-0.3849383409283709,0.03193025427458777,-0.052154552427242096,,,1,0,,runs/pivot/hrf/seed1/reliseg_nocl/pred_stare/bio.csv,results/pivot/e2_gt_stare.csv,results/gateA_biomarker_scales_train.csv
hrf,stare,reliseg_nocl,baseline,2,last,tortuosity,skan,10,2000,-0.060279268128886065,-0.1543582838262312,0.0621349372963085,-0.03570782597163824,,,1,0,,runs/pivot/hrf/seed2/reliseg_nocl/pred_stare/bio.csv,results/pivot/e2_gt_stare.csv,results/gateA_biomarker_scales_train.csv
hrf,stare,cfloss,baseline,"pooled(0,1,2)",last,tortuosity,skan,10,2000,-0.06890740739774033,-0.1622113252043712,0.17158096284423585,-0.014181510503404863,-0.37342784716084537,0.23561303236536474,3,1,no,"runs/pivot/hrf/seed{0,1,2}/cfloss/pred_stare/bio.csv",results/pivot/e2_gt_stare.csv,results/gateA_biomarker_scales_train.csv
hrf,stare,continued,baseline,"pooled(0,1,2)",last,tortuosity,skan,10,2000,-0.0607695288060649,-0.250641682372542,0.17402693662160182,0.04782325354768443,-0.37863565563619594,0.25709659802406615,3,1,no,"runs/pivot/hrf/seed{0,1,2}/continued/pred_stare/bio.csv",results/pivot/e2_gt_stare.csv,results/gateA_biomarker_scales_train.csv
hrf,stare,reliseg,baseline,"pooled(0,1,2)",last,tortuosity,skan,10,2000,-0.0902934247136961,-0.2168435925101185,0.11877700094971498,-0.05945522311115301,-0.38523577763360456,0.20464892820621233,3,1,no,"runs/pivot/hrf/seed{0,1,2}/reliseg/pred_stare/bio.csv",results/pivot/e2_gt_stare.csv,results/gateA_biomarker_scales_train.csv
hrf,stare,reliseg_nocl,baseline,"pooled(0,1,2)",last,tortuosity,skan,10,2000,-0.06763430594698987,-0.15459205072421495,0.08170394162053196,-0.09249143775086066,-0.21557052384792474,0.080301911953945,3,0,yes,"runs/pivot/hrf/seed{0,1,2}/reliseg_nocl/pred_stare/bio.csv",results/pivot/e2_gt_stare.csv,results/gateA_biomarker_scales_train.csv
hrf,stare,cfloss,continued,0,last,tortuosity,skan,10,2000,0.04435743348808785,0.003722013064766694,0.0890093415921059,0.026846899310997818,,,1,1,,runs/pivot/hrf/seed0/cfloss/pred_stare/bio.csv,results/pivot/e2_gt_stare.csv,results/gateA_biomarker_scales_train.csv
hrf,stare,cfloss,continued,1,last,tortuosity,skan,10,2000,-0.010755358728029685,-0.45452276831400984,0.5758624243087711,-0.13690596720199688,,,1,0,,runs/pivot/hrf/seed1/cfloss/pred_stare/bio.csv,results/pivot/e2_gt_stare.csv,results/gateA_biomarker_scales_train.csv
hrf,stare,cfloss,continued,2,last,tortuosity,skan,10,2000,-0.058015710535084475,-0.10411888846387021,0.03897570377102466,-0.0759552242622688,,,1,0,,runs/pivot/hrf/seed2/cfloss/pred_stare/bio.csv,results/pivot/e2_gt_stare.csv,results/gateA_biomarker_scales_train.csv
hrf,stare,reliseg,continued,0,last,tortuosity,skan,10,2000,-0.1541840632907342,-0.4104901409351624,0.04628276857877975,-0.09168511870243534,,,1,0,,runs/pivot/hrf/seed0/reliseg/pred_stare/bio.csv,results/pivot/e2_gt_stare.csv,results/gateA_biomarker_scales_train.csv
hrf,stare,reliseg,continued,1,last,tortuosity,skan,10,2000,0.07713317506272699,-0.20526887623816137,0.2283714033620803,-0.04541746969295296,,,1,1,,runs/pivot/hrf/seed1/reliseg/pred_stare/bio.csv,results/pivot/e2_gt_stare.csv,results/gateA_biomarker_scales_train.csv
hrf,stare,reliseg,continued,2,last,tortuosity,skan,10,2000,-0.01152079949488638,-0.07002278994011826,0.04518082167829424,-0.18473284158112402,,,1,0,,runs/pivot/hrf/seed2/reliseg/pred_stare/bio.csv,results/pivot/e2_gt_stare.csv,results/gateA_biomarker_scales_train.csv
hrf,stare,reliseg_nocl,continued,0,last,tortuosity,skan,10,2000,0.02343101374072598,-0.08910481542689726,0.09644444242395285,-0.16357718511526131,,,1,1,,runs/pivot/hrf/seed0/reliseg_nocl/pred_stare/bio.csv,results/pivot/e2_gt_stare.csv,results/gateA_biomarker_scales_train.csv
hrf,stare,reliseg_nocl,continued,1,last,tortuosity,skan,10,2000,0.06894360552801082,-0.25338472483755536,0.5350322612043363,-0.1681399862484,,,1,1,,runs/pivot/hrf/seed1/reliseg_nocl/pred_stare/bio.csv,results/pivot/e2_gt_stare.csv,results/gateA_biomarker_scales_train.csv
hrf,stare,reliseg_nocl,continued,2,last,tortuosity,skan,10,2000,-0.1129689506915117,-0.2653070379418884,-0.012843216573171577,-0.08922690253197396,,,1,0,,runs/pivot/hrf/seed2/reliseg_nocl/pred_stare/bio.csv,results/pivot/e2_gt_stare.csv,results/gateA_biomarker_scales_train.csv
hrf,stare,cfloss,continued,"pooled(0,1,2)",last,tortuosity,skan,10,2000,-0.008137878591675437,-0.1527447923932347,0.17782115435857307,-0.06200476405108929,-0.13541699738414395,0.11914124020079307,3,1,no,"runs/pivot/hrf/seed{0,1,2}/cfloss/pred_stare/bio.csv",results/pivot/e2_gt_stare.csv,results/gateA_biomarker_scales_train.csv
hrf,stare,reliseg,continued,"pooled(0,1,2)",last,tortuosity,skan,10,2000,-0.029523895907631197,-0.15369435561401393,0.05137282966369591,-0.10727847665883744,-0.3194345785243111,0.2603867867090487,3,1,no,"runs/pivot/hrf/seed{0,1,2}/reliseg/pred_stare/bio.csv",results/pivot/e2_gt_stare.csv,results/gateA_biomarker_scales_train.csv
hrf,stare,reliseg_nocl,continued,"pooled(0,1,2)",last,tortuosity,skan,10,2000,-0.006864777140924964,-0.14681858312056184,0.12974239339284974,-0.1403146912985451,-0.2420251292651431,0.2282955749832932,3,2,no,"runs/pivot/hrf/seed{0,1,2}/reliseg_nocl/pred_stare/bio.csv",results/pivot/e2_gt_stare.csv,results/gateA_biomarker_scales_train.csv
hrf,stare,cfloss,baseline,0,last,density,pvbm,10,2000,0.03799336329813496,-0.03550246394256956,0.14535949112561397,-0.7655521478272627,,,1,1,,runs/pivot/hrf/seed0/cfloss/pred_stare/bio.csv,results/pivot/e2_gt_stare.csv,results/gateA_biomarker_scales_train.csv
hrf,stare,cfloss,baseline,1,last,density,pvbm,10,2000,-0.03929383373170248,-0.08424707543728112,0.002741792966923235,-0.6739986907310165,,,1,0,,runs/pivot/hrf/seed1/cfloss/pred_stare/bio.csv,results/pivot/e2_gt_stare.csv,results/gateA_biomarker_scales_train.csv
hrf,stare,cfloss,baseline,2,last,density,pvbm,10,2000,-0.012729049544268345,-0.07163737798239475,0.06905622373959877,-0.6634764035368947,,,1,0,,runs/pivot/hrf/seed2/cfloss/pred_stare/bio.csv,results/pivot/e2_gt_stare.csv,results/gateA_biomarker_scales_train.csv
hrf,stare,continued,baseline,0,last,density,pvbm,10,2000,0.07311791227895681,-0.0027358530937646947,0.16536661482339873,-0.09059688762988838,,,1,1,,runs/pivot/hrf/seed0/continued/pred_stare/bio.csv,results/pivot/e2_gt_stare.csv,results/gateA_biomarker_scales_train.csv
hrf,stare,continued,baseline,1,last,density,pvbm,10,2000,-0.045109814224091216,-0.11912470572641747,-0.0038741501902114605,0.4697410728659579,,,1,0,,runs/pivot/hrf/seed1/continued/pred_stare/bio.csv,results/pivot/e2_gt_stare.csv,results/gateA_biomarker_scales_train.csv
hrf,stare,continued,baseline,2,last,density,pvbm,10,2000,0.014112298231196863,-0.05370980753775818,0.06419163238681651,0.30643905220910583,,,1,1,,runs/pivot/hrf/seed2/continued/pred_stare/bio.csv,results/pivot/e2_gt_stare.csv,results/gateA_biomarker_scales_train.csv
hrf,stare,reliseg,baseline,0,last,density,pvbm,10,2000,0.04315767945794535,-0.06986229088771069,0.15968673741979053,0.030037161352044484,,,1,1,,runs/pivot/hrf/seed0/reliseg/pred_stare/bio.csv,results/pivot/e2_gt_stare.csv,results/gateA_biomarker_scales_train.csv
hrf,stare,reliseg,baseline,1,last,density,pvbm,10,2000,-0.04870868998978628,-0.11244355215891634,0.02291514597406716,0.45891187617968,,,1,0,,runs/pivot/hrf/seed1/reliseg/pred_stare/bio.csv,results/pivot/e2_gt_stare.csv,results/gateA_biomarker_scales_train.csv
hrf,stare,reliseg,baseline,2,last,density,pvbm,10,2000,-0.03115346276771047,-0.12451459972887996,0.02111966285204134,0.20307300242679993,,,1,0,,runs/pivot/hrf/seed2/reliseg/pred_stare/bio.csv,results/pivot/e2_gt_stare.csv,results/gateA_biomarker_scales_train.csv
hrf,stare,reliseg_nocl,baseline,0,last,density,pvbm,10,2000,0.04103816725077869,-0.0712049286354329,0.17172167825367332,-0.0262035842758761,,,1,1,,runs/pivot/hrf/seed0/reliseg_nocl/pred_stare/bio.csv,results/pivot/e2_gt_stare.csv,results/gateA_biomarker_scales_train.csv
hrf,stare,reliseg_nocl,baseline,1,last,density,pvbm,10,2000,-0.030470564728327543,-0.08436768992317312,0.01092326550608271,0.14706810280657234,,,1,0,,runs/pivot/hrf/seed1/reliseg_nocl/pred_stare/bio.csv,results/pivot/e2_gt_stare.csv,results/gateA_biomarker_scales_train.csv
hrf,stare,reliseg_nocl,baseline,2,last,density,pvbm,10,2000,-0.04411598741666145,-0.14386378446990306,0.011587000841835813,-0.011577797293943481,,,1,0,,runs/pivot/hrf/seed2/reliseg_nocl/pred_stare/bio.csv,results/pivot/e2_gt_stare.csv,results/gateA_biomarker_scales_train.csv
hrf,stare,cfloss,baseline,"pooled(0,1,2)",last,density,pvbm,10,2000,-0.004676506659278619,-0.048575533235779934,0.05059786704729833,-0.7010090806983914,-0.10222313501720029,0.09287012169864306,3,1,no,"runs/pivot/hrf/seed{0,1,2}/cfloss/pred_stare/bio.csv",results/pivot/e2_gt_stare.csv,results/gateA_biomarker_scales_train.csv
hrf,stare,continued,baseline,"pooled(0,1,2)",last,density,pvbm,10,2000,0.014040132095354152,-0.029828193879040336,0.05060114538256343,0.22852774581505844,-0.13280692696499755,0.16088719115570585,3,2,no,"runs/pivot/hrf/seed{0,1,2}/continued/pred_stare/bio.csv",results/pivot/e2_gt_stare.csv,results/gateA_biomarker_scales_train.csv
hrf,stare,reliseg,baseline,"pooled(0,1,2)",last,density,pvbm,10,2000,-0.0122348244331838,-0.08894541355200623,0.051197507289235465,0.23067401331950813,-0.13338063581148457,0.10891098694511696,3,1,no,"runs/pivot/hrf/seed{0,1,2}/reliseg/pred_stare/bio.csv",results/pivot/e2_gt_stare.csv,results/gateA_biomarker_scales_train.csv
hrf,stare,reliseg_nocl,baseline,"pooled(0,1,2)",last,density,pvbm,10,2000,-0.011182794964736767,-0.08773960274094297,0.05773083020469854,0.036428907078917584,-0.1247983863969589,0.10243279646748535,3,1,no,"runs/pivot/hrf/seed{0,1,2}/reliseg_nocl/pred_stare/bio.csv",results/pivot/e2_gt_stare.csv,results/gateA_biomarker_scales_train.csv
hrf,stare,cfloss,continued,0,last,density,pvbm,10,2000,-0.035124548980821846,-0.059844391913427136,0.015109695561286466,-0.6749552601973743,,,1,0,,runs/pivot/hrf/seed0/cfloss/pred_stare/bio.csv,results/pivot/e2_gt_stare.csv,results/gateA_biomarker_scales_train.csv
hrf,stare,cfloss,continued,1,last,density,pvbm,10,2000,0.005815980492388739,-0.04986078493712666,0.07446822490863317,-1.1437397635969744,,,1,1,,runs/pivot/hrf/seed1/cfloss/pred_stare/bio.csv,results/pivot/e2_gt_stare.csv,results/gateA_biomarker_scales_train.csv
hrf,stare,cfloss,continued,2,last,density,pvbm,10,2000,-0.026841347775465207,-0.05398838468521697,0.040035905501261654,-0.9699154557460006,,,1,0,,runs/pivot/hrf/seed2/cfloss/pred_stare/bio.csv,results/pivot/e2_gt_stare.csv,results/gateA_biomarker_scales_train.csv
hrf,stare,reliseg,continued,0,last,density,pvbm,10,2000,-0.029960232821011457,-0.10292611535027436,0.020626358633586226,0.12063404898193286,,,1,0,,runs/pivot/hrf/seed0/reliseg/pred_stare/bio.csv,results/pivot/e2_gt_stare.csv,results/gateA_biomarker_scales_train.csv
hrf,stare,reliseg,continued,1,last,density,pvbm,10,2000,-0.0035988757656950643,-0.026711677375953733,0.06325633084316919,-0.010829196686277909,,,1,0,,runs/pivot/hrf/seed1/reliseg/pred_stare/bio.csv,results/pivot/e2_gt_stare.csv,results/gateA_biomarker_scales_train.csv
hrf,stare,reliseg,continued,2,last,density,pvbm,10,2000,-0.045265760998907334,-0.11509540918666378,0.0002543572839240392,-0.1033660497823059,,,1,0,,runs/pivot/hrf/seed2/reliseg/pred_stare/bio.csv,results/pivot/e2_gt_stare.csv,results/gateA_biomarker_scales_train.csv
hrf,stare,reliseg_nocl,continued,0,last,density,pvbm,10,2000,-0.03207974502817812,-0.1001215928377485,0.035937809198695714,0.06439330335401228,,,1,0,,runs/pivot/hrf/seed0/reliseg_nocl/pred_stare/bio.csv,results/pivot/e2_gt_stare.csv,results/gateA_biomarker_scales_train.csv
hrf,stare,reliseg_nocl,continued,1,last,density,pvbm,10,2000,0.014639249495763673,-0.026862407797847557,0.06917221643757061,-0.32267297005938556,,,1,1,,runs/pivot/hrf/seed1/reliseg_nocl/pred_stare/bio.csv,results/pivot/e2_gt_stare.csv,results/gateA_biomarker_scales_train.csv
hrf,stare,reliseg_nocl,continued,2,last,density,pvbm,10,2000,-0.05822828564785831,-0.11948333914806393,-0.006547089365013539,-0.3180168495030493,,,1,0,,runs/pivot/hrf/seed2/reliseg_nocl/pred_stare/bio.csv,results/pivot/e2_gt_stare.csv,results/gateA_biomarker_scales_train.csv
hrf,stare,cfloss,continued,"pooled(0,1,2)",last,density,pvbm,10,2000,-0.01871663875463277,-0.04422433531332338,0.03680170927988479,-0.9295368265134497,-0.07248774398606464,0.03505446647679909,3,1,no,"runs/pivot/hrf/seed{0,1,2}/cfloss/pred_stare/bio.csv",results/pivot/e2_gt_stare.csv,results/gateA_biomarker_scales_train.csv
hrf,stare,reliseg,continued,"pooled(0,1,2)",last,density,pvbm,10,2000,-0.02627495652853795,-0.07016952101620086,0.014108724514671768,0.0021462675044496837,-0.07863185112601932,0.02608193806894342,3,0,yes,"runs/pivot/hrf/seed{0,1,2}/reliseg/pred_stare/bio.csv",results/pivot/e2_gt_stare.csv,results/gateA_biomarker_scales_train.csv
hrf,stare,reliseg_nocl,continued,"pooled(0,1,2)",last,density,pvbm,10,2000,-0.02522292706009092,-0.06745103724092558,0.0160337319164802,-0.19209883873614086,-0.11692366474788524,0.06647781062770339,3,1,no,"runs/pivot/hrf/seed{0,1,2}/reliseg_nocl/pred_stare/bio.csv",results/pivot/e2_gt_stare.csv,results/gateA_biomarker_scales_train.csv
hrf,stare,cfloss,baseline,0,last,density,skan,10,2000,0.03799336329813496,-0.03550246394256956,0.14535949112561397,-0.7655521478272627,,,1,1,,runs/pivot/hrf/seed0/cfloss/pred_stare/bio.csv,results/pivot/e2_gt_stare.csv,results/gateA_biomarker_scales_train.csv
hrf,stare,cfloss,baseline,1,last,density,skan,10,2000,-0.03929383373170248,-0.08424707543728112,0.002741792966923235,-0.6739986907310165,,,1,0,,runs/pivot/hrf/seed1/cfloss/pred_stare/bio.csv,results/pivot/e2_gt_stare.csv,results/gateA_biomarker_scales_train.csv
hrf,stare,cfloss,baseline,2,last,density,skan,10,2000,-0.012729049544268345,-0.07163737798239475,0.06905622373959877,-0.6634764035368947,,,1,0,,runs/pivot/hrf/seed2/cfloss/pred_stare/bio.csv,results/pivot/e2_gt_stare.csv,results/gateA_biomarker_scales_train.csv
hrf,stare,continued,baseline,0,last,density,skan,10,2000,0.07311791227895681,-0.0027358530937646947,0.16536661482339873,-0.09059688762988838,,,1,1,,runs/pivot/hrf/seed0/continued/pred_stare/bio.csv,results/pivot/e2_gt_stare.csv,results/gateA_biomarker_scales_train.csv
hrf,stare,continued,baseline,1,last,density,skan,10,2000,-0.045109814224091216,-0.11912470572641747,-0.0038741501902114605,0.4697410728659579,,,1,0,,runs/pivot/hrf/seed1/continued/pred_stare/bio.csv,results/pivot/e2_gt_stare.csv,results/gateA_biomarker_scales_train.csv
hrf,stare,continued,baseline,2,last,density,skan,10,2000,0.014112298231196863,-0.05370980753775818,0.06419163238681651,0.30643905220910583,,,1,1,,runs/pivot/hrf/seed2/continued/pred_stare/bio.csv,results/pivot/e2_gt_stare.csv,results/gateA_biomarker_scales_train.csv
hrf,stare,reliseg,baseline,0,last,density,skan,10,2000,0.04315767945794535,-0.06986229088771069,0.15968673741979053,0.030037161352044484,,,1,1,,runs/pivot/hrf/seed0/reliseg/pred_stare/bio.csv,results/pivot/e2_gt_stare.csv,results/gateA_biomarker_scales_train.csv
hrf,stare,reliseg,baseline,1,last,density,skan,10,2000,-0.04870868998978628,-0.11244355215891634,0.02291514597406716,0.45891187617968,,,1,0,,runs/pivot/hrf/seed1/reliseg/pred_stare/bio.csv,results/pivot/e2_gt_stare.csv,results/gateA_biomarker_scales_train.csv
hrf,stare,reliseg,baseline,2,last,density,skan,10,2000,-0.03115346276771047,-0.12451459972887996,0.02111966285204134,0.20307300242679993,,,1,0,,runs/pivot/hrf/seed2/reliseg/pred_stare/bio.csv,results/pivot/e2_gt_stare.csv,results/gateA_biomarker_scales_train.csv
hrf,stare,reliseg_nocl,baseline,0,last,density,skan,10,2000,0.04103816725077869,-0.0712049286354329,0.17172167825367332,-0.0262035842758761,,,1,1,,runs/pivot/hrf/seed0/reliseg_nocl/pred_stare/bio.csv,results/pivot/e2_gt_stare.csv,results/gateA_biomarker_scales_train.csv
hrf,stare,reliseg_nocl,baseline,1,last,density,skan,10,2000,-0.030470564728327543,-0.08436768992317312,0.01092326550608271,0.14706810280657234,,,1,0,,runs/pivot/hrf/seed1/reliseg_nocl/pred_stare/bio.csv,results/pivot/e2_gt_stare.csv,results/gateA_biomarker_scales_train.csv
hrf,stare,reliseg_nocl,baseline,2,last,density,skan,10,2000,-0.04411598741666145,-0.14386378446990306,0.011587000841835813,-0.011577797293943481,,,1,0,,runs/pivot/hrf/seed2/reliseg_nocl/pred_stare/bio.csv,results/pivot/e2_gt_stare.csv,results/gateA_biomarker_scales_train.csv
hrf,stare,cfloss,baseline,"pooled(0,1,2)",last,density,skan,10,2000,-0.004676506659278619,-0.048575533235779934,0.05059786704729833,-0.7010090806983914,-0.10222313501720029,0.09287012169864306,3,1,no,"runs/pivot/hrf/seed{0,1,2}/cfloss/pred_stare/bio.csv",results/pivot/e2_gt_stare.csv,results/gateA_biomarker_scales_train.csv
hrf,stare,continued,baseline,"pooled(0,1,2)",last,density,skan,10,2000,0.014040132095354152,-0.029828193879040336,0.05060114538256343,0.22852774581505844,-0.13280692696499755,0.16088719115570585,3,2,no,"runs/pivot/hrf/seed{0,1,2}/continued/pred_stare/bio.csv",results/pivot/e2_gt_stare.csv,results/gateA_biomarker_scales_train.csv
hrf,stare,reliseg,baseline,"pooled(0,1,2)",last,density,skan,10,2000,-0.0122348244331838,-0.08894541355200623,0.051197507289235465,0.23067401331950813,-0.13338063581148457,0.10891098694511696,3,1,no,"runs/pivot/hrf/seed{0,1,2}/reliseg/pred_stare/bio.csv",results/pivot/e2_gt_stare.csv,results/gateA_biomarker_scales_train.csv
hrf,stare,reliseg_nocl,baseline,"pooled(0,1,2)",last,density,skan,10,2000,-0.011182794964736767,-0.08773960274094297,0.05773083020469854,0.036428907078917584,-0.1247983863969589,0.10243279646748535,3,1,no,"runs/pivot/hrf/seed{0,1,2}/reliseg_nocl/pred_stare/bio.csv",results/pivot/e2_gt_stare.csv,results/gateA_biomarker_scales_train.csv
hrf,stare,cfloss,continued,0,last,density,skan,10,2000,-0.035124548980821846,-0.059844391913427136,0.015109695561286466,-0.6749552601973743,,,1,0,,runs/pivot/hrf/seed0/cfloss/pred_stare/bio.csv,results/pivot/e2_gt_stare.csv,results/gateA_biomarker_scales_train.csv
hrf,stare,cfloss,continued,1,last,density,skan,10,2000,0.005815980492388739,-0.04986078493712666,0.07446822490863317,-1.1437397635969744,,,1,1,,runs/pivot/hrf/seed1/cfloss/pred_stare/bio.csv,results/pivot/e2_gt_stare.csv,results/gateA_biomarker_scales_train.csv
hrf,stare,cfloss,continued,2,last,density,skan,10,2000,-0.026841347775465207,-0.05398838468521697,0.040035905501261654,-0.9699154557460006,,,1,0,,runs/pivot/hrf/seed2/cfloss/pred_stare/bio.csv,results/pivot/e2_gt_stare.csv,results/gateA_biomarker_scales_train.csv
hrf,stare,reliseg,continued,0,last,density,skan,10,2000,-0.029960232821011457,-0.10292611535027436,0.020626358633586226,0.12063404898193286,,,1,0,,runs/pivot/hrf/seed0/reliseg/pred_stare/bio.csv,results/pivot/e2_gt_stare.csv,results/gateA_biomarker_scales_train.csv
hrf,stare,reliseg,continued,1,last,density,skan,10,2000,-0.0035988757656950643,-0.026711677375953733,0.06325633084316919,-0.010829196686277909,,,1,0,,runs/pivot/hrf/seed1/reliseg/pred_stare/bio.csv,results/pivot/e2_gt_stare.csv,results/gateA_biomarker_scales_train.csv
hrf,stare,reliseg,continued,2,last,density,skan,10,2000,-0.045265760998907334,-0.11509540918666378,0.0002543572839240392,-0.1033660497823059,,,1,0,,runs/pivot/hrf/seed2/reliseg/pred_stare/bio.csv,results/pivot/e2_gt_stare.csv,results/gateA_biomarker_scales_train.csv
hrf,stare,reliseg_nocl,continued,0,last,density,skan,10,2000,-0.03207974502817812,-0.1001215928377485,0.035937809198695714,0.06439330335401228,,,1,0,,runs/pivot/hrf/seed0/reliseg_nocl/pred_stare/bio.csv,results/pivot/e2_gt_stare.csv,results/gateA_biomarker_scales_train.csv
hrf,stare,reliseg_nocl,continued,1,last,density,skan,10,2000,0.014639249495763673,-0.026862407797847557,0.06917221643757061,-0.32267297005938556,,,1,1,,runs/pivot/hrf/seed1/reliseg_nocl/pred_stare/bio.csv,results/pivot/e2_gt_stare.csv,results/gateA_biomarker_scales_train.csv
hrf,stare,reliseg_nocl,continued,2,last,density,skan,10,2000,-0.05822828564785831,-0.11948333914806393,-0.006547089365013539,-0.3180168495030493,,,1,0,,runs/pivot/hrf/seed2/reliseg_nocl/pred_stare/bio.csv,results/pivot/e2_gt_stare.csv,results/gateA_biomarker_scales_train.csv
hrf,stare,cfloss,continued,"pooled(0,1,2)",last,density,skan,10,2000,-0.01871663875463277,-0.04422433531332338,0.03680170927988479,-0.9295368265134497,-0.07248774398606464,0.03505446647679909,3,1,no,"runs/pivot/hrf/seed{0,1,2}/cfloss/pred_stare/bio.csv",results/pivot/e2_gt_stare.csv,results/gateA_biomarker_scales_train.csv
hrf,stare,reliseg,continued,"pooled(0,1,2)",last,density,skan,10,2000,-0.02627495652853795,-0.07016952101620086,0.014108724514671768,0.0021462675044496837,-0.07863185112601932,0.02608193806894342,3,0,yes,"runs/pivot/hrf/seed{0,1,2}/reliseg/pred_stare/bio.csv",results/pivot/e2_gt_stare.csv,results/gateA_biomarker_scales_train.csv
hrf,stare,reliseg_nocl,continued,"pooled(0,1,2)",last,density,skan,10,2000,-0.02522292706009092,-0.06745103724092558,0.0160337319164802,-0.19209883873614086,-0.11692366474788524,0.06647781062770339,3,1,no,"runs/pivot/hrf/seed{0,1,2}/reliseg_nocl/pred_stare/bio.csv",results/pivot/e2_gt_stare.csv,results/gateA_biomarker_scales_train.csv
hrf,stare,cfloss,baseline,0,last,total_length,pvbm,10,2000,0.00415137382150832,-0.05425775453877145,0.05920005482822145,-0.3721039172839865,,,1,1,,runs/pivot/hrf/seed0/cfloss/pred_stare/bio.csv,results/pivot/e2_gt_stare.csv,results/gateA_biomarker_scales_train.csv
hrf,stare,cfloss,baseline,1,last,total_length,pvbm,10,2000,4.463685959976704e-05,-0.054479827439472044,0.055038502306510494,-0.3371044653110189,,,1,1,,runs/pivot/hrf/seed1/cfloss/pred_stare/bio.csv,results/pivot/e2_gt_stare.csv,results/gateA_biomarker_scales_train.csv
hrf,stare,cfloss,baseline,2,last,total_length,pvbm,10,2000,-0.010731297706750409,-0.09465539333693408,0.030250026688647253,-0.3361343493460437,,,1,0,,runs/pivot/hrf/seed2/cfloss/pred_stare/bio.csv,results/pivot/e2_gt_stare.csv,results/gateA_biomarker_scales_train.csv
hrf,stare,continued,baseline,0,last,total_length,pvbm,10,2000,0.07757706677674725,0.006169653753464188,0.20831866883141426,0.16765350138203633,,,1,1,,runs/pivot/hrf/seed0/continued/pred_stare/bio.csv,results/pivot/e2_gt_stare.csv,results/gateA_biomarker_scales_train.csv
hrf,stare,continued,baseline,1,last,total_length,pvbm,10,2000,0.07681872265092982,0.004442754364673535,0.20573536348429902,0.40478588231665225,,,1,1,,runs/pivot/hrf/seed1/continued/pred_stare/bio.csv,results/pivot/e2_gt_stare.csv,results/gateA_biomarker_scales_train.csv
hrf,stare,continued,baseline,2,last,total_length,pvbm,10,2000,0.07086799356521423,-0.0017886650577628642,0.19276295714949818,0.337108411344758,,,1,1,,runs/pivot/hrf/seed2/continued/pred_stare/bio.csv,results/pivot/e2_gt_stare.csv,results/gateA_biomarker_scales_train.csv
hrf,stare,reliseg,baseline,0,last,total_length,pvbm,10,2000,0.04354317390846185,-0.08260939677110779,0.16100571465482708,0.2822457526936727,,,1,1,,runs/pivot/hrf/seed0/reliseg/pred_stare/bio.csv,results/pivot/e2_gt_stare.csv,results/gateA_biomarker_scales_train.csv
hrf,stare,reliseg,baseline,1,last,total_length,pvbm,10,2000,0.051830582090859556,-0.02673189628339406,0.19472481813388232,0.49090928750411267,,,1,1,,runs/pivot/hrf/seed1/reliseg/pred_stare/bio.csv,results/pivot/e2_gt_stare.csv,results/gateA_biomarker_scales_train.csv
hrf,stare,reliseg,baseline,2,last,total_length,pvbm,10,2000,-0.010534415301977518,-0.05863359713104492,0.01886771566747109,0.31083429338256224,,,1,0,,runs/pivot/hrf/seed2/reliseg/pred_stare/bio.csv,results/pivot/e2_gt_stare.csv,results/gateA_biomarker_scales_train.csv
hrf,stare,reliseg_nocl,baseline,0,last,total_length,pvbm,10,2000,0.0020321786609123205,-0.12379805352842366,0.0623996819520412,-0.0735848411867763,,,1,1,,runs/pivot/hrf/seed0/reliseg_nocl/pred_stare/bio.csv,results/pivot/e2_gt_stare.csv,results/gateA_biomarker_scales_train.csv
hrf,stare,reliseg_nocl,baseline,1,last,total_length,pvbm,10,2000,-0.0023110081019133144,-0.07466779257402766,0.037792008596651994,-0.05029998261662687,,,1,0,,runs/pivot/hrf/seed1/reliseg_nocl/pred_stare/bio.csv,results/pivot/e2_gt_stare.csv,results/gateA_biomarker_scales_train.csv
hrf,stare,reliseg_nocl,baseline,2,last,total_length,pvbm,10,2000,-0.02959939050301552,-0.07144132377084812,-0.0003494120061435029,-0.007915352573089868,,,1,0,,runs/pivot/hrf/seed2/reliseg_nocl/pred_stare/bio.csv,results/pivot/e2_gt_stare.csv,results/gateA_biomarker_scales_train.csv
hrf,stare,cfloss,baseline,"pooled(0,1,2)",last,total_length,pvbm,10,2000,-0.002178429008547441,-0.0557185957807943,0.027018057765885183,-0.34844757731368303,-0.021272383821605553,0.016915525804510674,3,2,no,"runs/pivot/hrf/seed{0,1,2}/cfloss/pred_stare/bio.csv",results/pivot/e2_gt_stare.csv,results/gateA_biomarker_scales_train.csv
hrf,stare,continued,baseline,"pooled(0,1,2)",last,total_length,pvbm,10,2000,0.0750879276642971,0.005045682455199899,0.19889224183716714,0.3031825983478155,0.06596073976019608,0.08421511556839813,3,3,yes,"runs/pivot/hrf/seed{0,1,2}/continued/pred_stare/bio.csv",results/pivot/e2_gt_stare.csv,results/gateA_biomarker_scales_train.csv
hrf,stare,reliseg,baseline,"pooled(0,1,2)",last,total_length,pvbm,10,2000,0.028279780232447965,-0.024023088418309517,0.1033335565253865,0.3613297778601159,-0.05585428636143806,0.112413846826334,3,2,no,"runs/pivot/hrf/seed{0,1,2}/reliseg/pred_stare/bio.csv",results/pivot/e2_gt_stare.csv,results/gateA_biomarker_scales_train.csv
hrf,stare,reliseg_nocl,baseline,"pooled(0,1,2)",last,total_length,pvbm,10,2000,-0.009959406648005506,-0.08363746462446472,0.01907376559882739,-0.04393339212549768,-0.052554404092743444,0.03263559079673243,3,1,no,"runs/pivot/hrf/seed{0,1,2}/reliseg_nocl/pred_stare/bio.csv",results/pivot/e2_gt_stare.csv,results/gateA_biomarker_scales_train.csv
hrf,stare,cfloss,continued,0,last,total_length,pvbm,10,2000,-0.07342569295523893,-0.18641749823537668,-0.015628014013936518,-0.5397574186660228,,,1,0,,runs/pivot/hrf/seed0/cfloss/pred_stare/bio.csv,results/pivot/e2_gt_stare.csv,results/gateA_biomarker_scales_train.csv
hrf,stare,cfloss,continued,1,last,total_length,pvbm,10,2000,-0.07677408579133005,-0.2023441320987568,-0.005727762876544965,-0.7418903476276711,,,1,0,,runs/pivot/hrf/seed1/cfloss/pred_stare/bio.csv,results/pivot/e2_gt_stare.csv,results/gateA_biomarker_scales_train.csv
hrf,stare,cfloss,continued,2,last,total_length,pvbm,10,2000,-0.08159929127196464,-0.23874704497174448,0.012493119742395559,-0.6732427606908017,,,1,0,,runs/pivot/hrf/seed2/cfloss/pred_stare/bio.csv,results/pivot/e2_gt_stare.csv,results/gateA_biomarker_scales_train.csv
hrf,stare,reliseg,continued,0,last,total_length,pvbm,10,2000,-0.0340338928682854,-0.15500943490642485,-0.0034572058265235493,0.11459225131163632,,,1,0,,runs/pivot/hrf/seed0/reliseg/pred_stare/bio.csv,results/pivot/e2_gt_stare.csv,results/gateA_biomarker_scales_train.csv
hrf,stare,reliseg,continued,1,last,total_length,pvbm,10,2000,-0.02498814056007026,-0.06421908170269353,0.008339342852612692,0.08612340518746042,,,1,0,,runs/pivot/hrf/seed1/reliseg/pred_stare/bio.csv,results/pivot/e2_gt_stare.csv,results/gateA_biomarker_scales_train.csv
hrf,stare,reliseg,continued,2,last,total_length,pvbm,10,2000,-0.08140240886719174,-0.21619418137080976,0.0020679573306941943,-0.026274117962195767,,,1,0,,runs/pivot/hrf/seed2/reliseg/pred_stare/bio.csv,results/pivot/e2_gt_stare.csv,results/gateA_biomarker_scales_train.csv
hrf,stare,reliseg_nocl,continued,0,last,total_length,pvbm,10,2000,-0.07554488811583493,-0.22651087335996895,-0.006049141684087257,-0.24123834256881266,,,1,0,,runs/pivot/hrf/seed0/reliseg_nocl/pred_stare/bio.csv,results/pivot/e2_gt_stare.csv,results/gateA_biomarker_scales_train.csv
hrf,stare,reliseg_nocl,continued,1,last,total_length,pvbm,10,2000,-0.07912973075284313,-0.20431939928728193,-0.004499781676527045,-0.45508586493327907,,,1,0,,runs/pivot/hrf/seed1/reliseg_nocl/pred_stare/bio.csv,results/pivot/e2_gt_stare.csv,results/gateA_biomarker_scales_train.csv
hrf,stare,reliseg_nocl,continued,2,last,total_length,pvbm,10,2000,-0.10046738406822975,-0.23634226856279875,-0.01485863131150608,-0.3450237639178479,,,1,0,,runs/pivot/hrf/seed2/reliseg_nocl/pred_stare/bio.csv,results/pivot/e2_gt_stare.csv,results/gateA_biomarker_scales_train.csv
hrf,stare,cfloss,continued,"pooled(0,1,2)",last,total_length,pvbm,10,2000,-0.07726635667284454,-0.19696557332662123,-0.007633095909279654,-0.6516301756614985,-0.08747361635920034,-0.06705909698648874,3,0,yes,"runs/pivot/hrf/seed{0,1,2}/cfloss/pred_stare/bio.csv",results/pivot/e2_gt_stare.csv,results/gateA_biomarker_scales_train.csv
hrf,stare,reliseg,continued,"pooled(0,1,2)",last,total_length,pvbm,10,2000,-0.046808147431849134,-0.11757642362721417,-0.01015413740121001,0.05814717951230033,-0.1220750032019989,0.028458708338300637,3,0,yes,"runs/pivot/hrf/seed{0,1,2}/reliseg/pred_stare/bio.csv",results/pivot/e2_gt_stare.csv,results/gateA_biomarker_scales_train.csv
hrf,stare,reliseg_nocl,continued,"pooled(0,1,2)",last,total_length,pvbm,10,2000,-0.0850473343123026,-0.21000761921148392,-0.010674448627972457,-0.3471159904733132,-0.11851837990365914,-0.051576288720946065,3,0,yes,"runs/pivot/hrf/seed{0,1,2}/reliseg_nocl/pred_stare/bio.csv",results/pivot/e2_gt_stare.csv,results/gateA_biomarker_scales_train.csv
hrf,stare,cfloss,baseline,0,last,total_length,skan,10,2000,-0.02114962393484432,-0.11669046957143488,0.028559888426599612,-0.4080378297385148,,,1,0,,runs/pivot/hrf/seed0/cfloss/pred_stare/bio.csv,results/pivot/e2_gt_stare.csv,results/gateA_biomarker_scales_train.csv
hrf,stare,cfloss,baseline,1,last,total_length,skan,10,2000,-0.027436288864491787,-0.11184324078692305,0.005099506240553749,-0.302808218634128,,,1,0,,runs/pivot/hrf/seed1/cfloss/pred_stare/bio.csv,results/pivot/e2_gt_stare.csv,results/gateA_biomarker_scales_train.csv
hrf,stare,cfloss,baseline,2,last,total_length,skan,10,2000,-0.018425630760017686,-0.06580627857843158,0.01499521456996086,-0.3121559415450263,,,1,0,,runs/pivot/hrf/seed2/cfloss/pred_stare/bio.csv,results/pivot/e2_gt_stare.csv,results/gateA_biomarker_scales_train.csv
hrf,stare,continued,baseline,0,last,total_length,skan,10,2000,0.022019449978149086,0.00012975133737065105,0.06541158829023622,0.020427933346503613,,,1,1,,runs/pivot/hrf/seed0/continued/pred_stare/bio.csv,results/pivot/e2_gt_stare.csv,results/gateA_biomarker_scales_train.csv
hrf,stare,continued,baseline,1,last,total_length,skan,10,2000,-0.001878177432310335,-0.030343409162715836,0.04978794127201537,0.3540523528948353,,,1,0,,runs/pivot/hrf/seed1/continued/pred_stare/bio.csv,results/pivot/e2_gt_stare.csv,results/gateA_biomarker_scales_train.csv
hrf,stare,continued,baseline,2,last,total_length,skan,10,2000,0.014825447680269277,-0.02528201076338111,0.08197711251060542,0.18165110587411026,,,1,1,,runs/pivot/hrf/seed2/continued/pred_stare/bio.csv,results/pivot/e2_gt_stare.csv,results/gateA_biomarker_scales_train.csv
hrf,stare,reliseg,baseline,0,last,total_length,skan,10,2000,-0.012572071027902476,-0.06431140690528452,0.04154979535916825,0.594594560807862,,,1,0,,runs/pivot/hrf/seed0/reliseg/pred_stare/bio.csv,results/pivot/e2_gt_stare.csv,results/gateA_biomarker_scales_train.csv
hrf,stare,reliseg,baseline,1,last,total_length,skan,10,2000,-0.027251405871454804,-0.062446549441783364,0.047732991932999236,0.878199136386671,,,1,0,,runs/pivot/hrf/seed1/reliseg/pred_stare/bio.csv,results/pivot/e2_gt_stare.csv,results/gateA_biomarker_scales_train.csv
hrf,stare,reliseg,baseline,2,last,total_length,skan,10,2000,-0.0274788446743639,-0.13274705245690463,0.054864671023500976,0.7794696933687226,,,1,0,,runs/pivot/hrf/seed2/reliseg/pred_stare/bio.csv,results/pivot/e2_gt_stare.csv,results/gateA_biomarker_scales_train.csv
hrf,stare,reliseg_nocl,baseline,0,last,total_length,skan,10,2000,-0.02052640744728218,-0.10722223461166966,0.037797123933228344,0.4060797309502122,,,1,0,,runs/pivot/hrf/seed0/reliseg_nocl/pred_stare/bio.csv,results/pivot/e2_gt_stare.csv,results/gateA_biomarker_scales_train.csv
hrf,stare,reliseg_nocl,baseline,1,last,total_length,skan,10,2000,-0.0008913941904881151,-0.014366130641023142,0.03810450957195362,0.4984156225108083,,,1,0,,runs/pivot/hrf/seed1/reliseg_nocl/pred_stare/bio.csv,results/pivot/e2_gt_stare.csv,results/gateA_biomarker_scales_train.csv
hrf,stare,reliseg_nocl,baseline,2,last,total_length,skan,10,2000,-0.001348275774771479,-0.04327811523160896,0.047020430364659485,0.3672148266844576,,,1,0,,runs/pivot/hrf/seed2/reliseg_nocl/pred_stare/bio.csv,results/pivot/e2_gt_stare.csv,results/gateA_biomarker_scales_train.csv
hrf,stare,cfloss,baseline,"pooled(0,1,2)",last,total_length,skan,10,2000,-0.022337181186451265,-0.09199900719842742,0.007534196356377444,-0.34100066330588974,-0.03381693740265395,-0.01085742497024858,3,0,yes,"runs/pivot/hrf/seed{0,1,2}/cfloss/pred_stare/bio.csv",results/pivot/e2_gt_stare.csv,results/gateA_biomarker_scales_train.csv
hrf,stare,continued,baseline,"pooled(0,1,2)",last,total_length,skan,10,2000,0.011655573408702677,-0.01275452912075505,0.05863172365876377,0.18537713070514972,-0.01880022099174416,0.042111367809149515,3,2,no,"runs/pivot/hrf/seed{0,1,2}/continued/pred_stare/bio.csv",results/pivot/e2_gt_stare.csv,results/gateA_biomarker_scales_train.csv
hrf,stare,reliseg,baseline,"pooled(0,1,2)",last,total_length,skan,10,2000,-0.022434107191240393,-0.0708664567076767,0.03277831233383113,0.7507544635210852,-0.04365244620900953,-0.0012157681734712537,3,0,yes,"runs/pivot/hrf/seed{0,1,2}/reliseg/pred_stare/bio.csv",results/pivot/e2_gt_stare.csv,results/gateA_biomarker_scales_train.csv
hrf,stare,reliseg_nocl,baseline,"pooled(0,1,2)",last,total_length,skan,10,2000,-0.007588692470847258,-0.036113710604257714,0.028874281358607985,0.4239033933818261,-0.03542772421863721,0.020250339276942694,3,0,yes,"runs/pivot/hrf/seed{0,1,2}/reliseg_nocl/pred_stare/bio.csv",results/pivot/e2_gt_stare.csv,results/gateA_biomarker_scales_train.csv
hrf,stare,cfloss,continued,0,last,total_length,skan,10,2000,-0.043169073912993405,-0.14836569657334364,0.001139037028431533,-0.42846576308501844,,,1,0,,runs/pivot/hrf/seed0/cfloss/pred_stare/bio.csv,results/pivot/e2_gt_stare.csv,results/gateA_biomarker_scales_train.csv
hrf,stare,cfloss,continued,1,last,total_length,skan,10,2000,-0.025558111432181452,-0.15595724973360942,0.030021076038832185,-0.6568605715289633,,,1,0,,runs/pivot/hrf/seed1/cfloss/pred_stare/bio.csv,results/pivot/e2_gt_stare.csv,results/gateA_biomarker_scales_train.csv
hrf,stare,cfloss,continued,2,last,total_length,skan,10,2000,-0.03325107844028696,-0.11451116073660567,0.007327145721170573,-0.49380704741913656,,,1,0,,runs/pivot/hrf/seed2/cfloss/pred_stare/bio.csv,results/pivot/e2_gt_stare.csv,results/gateA_biomarker_scales_train.csv
hrf,stare,reliseg,continued,0,last,total_length,skan,10,2000,-0.03459152100605156,-0.0865163641791101,-0.004115075100133506,0.5741666274613584,,,1,0,,runs/pivot/hrf/seed0/reliseg/pred_stare/bio.csv,results/pivot/e2_gt_stare.csv,results/gateA_biomarker_scales_train.csv
hrf,stare,reliseg,continued,1,last,total_length,skan,10,2000,-0.02537322843914447,-0.039718787548653656,0.008954780901930085,0.5241467834918357,,,1,0,,runs/pivot/hrf/seed1/reliseg/pred_stare/bio.csv,results/pivot/e2_gt_stare.csv,results/gateA_biomarker_scales_train.csv
hrf,stare,reliseg,continued,2,last,total_length,skan,10,2000,-0.04230429235463318,-0.12268461618975329,0.001139608949528114,0.5978185874946124,,,1,0,,runs/pivot/hrf/seed2/reliseg/pred_stare/bio.csv,results/pivot/e2_gt_stare.csv,results/gateA_biomarker_scales_train.csv
hrf,stare,reliseg_nocl,continued,0,last,total_length,skan,10,2000,-0.042545857425431266,-0.12888053703704666,-0.003915563714697457,0.3856517976037086,,,1,0,,runs/pivot/hrf/seed0/reliseg_nocl/pred_stare/bio.csv,results/pivot/e2_gt_stare.csv,results/gateA_biomarker_scales_train.csv
hrf,stare,reliseg_nocl,continued,1,last,total_length,skan,10,2000,0.00098678324182222,-0.045784971570854115,0.02959821916952587,0.144363269615973,,,1,1,,runs/pivot/hrf/seed1/reliseg_nocl/pred_stare/bio.csv,results/pivot/e2_gt_stare.csv,results/gateA_biomarker_scales_train.csv
hrf,stare,reliseg_nocl,continued,2,last,total_length,skan,10,2000,-0.016173723455040756,-0.06315747835301845,0.004511267933009242,0.18556372081034733,,,1,0,,runs/pivot/hrf/seed2/reliseg_nocl/pred_stare/bio.csv,results/pivot/e2_gt_stare.csv,results/gateA_biomarker_scales_train.csv
hrf,stare,cfloss,continued,"pooled(0,1,2)",last,total_length,skan,10,2000,-0.03399275459515394,-0.13389832571099264,0.010160139138314886,-0.5263777940110393,-0.05592489997940189,-0.012060609210905987,3,0,yes,"runs/pivot/hrf/seed{0,1,2}/cfloss/pred_stare/bio.csv",results/pivot/e2_gt_stare.csv,results/gateA_biomarker_scales_train.csv
hrf,stare,reliseg,continued,"pooled(0,1,2)",last,total_length,skan,10,2000,-0.03408968059994307,-0.07552579221795312,-0.0037386362185729775,0.5653773328159355,-0.0551469225749587,-0.013032438624927443,3,0,yes,"runs/pivot/hrf/seed{0,1,2}/reliseg/pred_stare/bio.csv",results/pivot/e2_gt_stare.csv,results/gateA_biomarker_scales_train.csv
hrf,stare,reliseg_nocl,continued,"pooled(0,1,2)",last,total_length,skan,10,2000,-0.019244265879549933,-0.07348965124912805,0.004167867088489347,0.23852626267667631,-0.07371681656077222,0.035228284801672366,3,1,no,"runs/pivot/hrf/seed{0,1,2}/reliseg_nocl/pred_stare/bio.csv",results/pivot/e2_gt_stare.csv,results/gateA_biomarker_scales_train.csv
