dataset,target,scope,config,reference,role,seed,checkpoint,biomarker,pipeline,n,n_boot,d_r,lo,hi,d_bias_sigma,p_adj,is_primary,boot_note,pred_path,ref_path,gt_path,sigma_source
fundusavseg,fundusavseg,oof_pooled,reliseg,continued,primary,oof(5 folds),last,FD,pvbm,100,2000,-0.0058097032448176655,-0.014111733231138651,0.0028070860858990508,0.24455207850338254,,False,"paired bootstrap, 2000 resamples drawn WITHIN each outer fold (fold structure preserved); the interval is conditional on the fixed folds and the fitted models",runs/pivot/e4/fold0/reliseg_s1/pred/bio.csv;runs/pivot/e4/fold1/reliseg_s1/pred/bio.csv;runs/pivot/e4/fold2/reliseg_s1/pred/bio.csv;runs/pivot/e4/fold3/reliseg_s1/pred/bio.csv;runs/pivot/e4/fold4/reliseg_s1/pred/bio.csv,runs/pivot/e4/fold0/continued_s1/pred/bio.csv;runs/pivot/e4/fold1/continued_s1/pred/bio.csv;runs/pivot/e4/fold2/continued_s1/pred/bio.csv;runs/pivot/e4/fold3/continued_s1/pred/bio.csv;runs/pivot/e4/fold4/continued_s1/pred/bio.csv,results/pivot/e4_gt_fundusavseg.csv,"per outer fold: 1.4826*MAD of the reference-mask biomarkers of that fold's 80 TRAINING images, applied to its 20 held-out images (results/pivot/e4_gt_fundusavseg.csv); no Gate A train scale exists for Fundus-AVSeg (DECISIONS 2026-09-17 13:30 (4))"
fundusavseg,fundusavseg,leave_out_fold0,reliseg,continued,primary,oof minus fold 0,last,FD,pvbm,80,0,-0.0038895606072729683,,,0.23341800485309028,,False,point estimate on the other four folds,runs/pivot/e4/fold0/reliseg_s1/pred/bio.csv;runs/pivot/e4/fold1/reliseg_s1/pred/bio.csv;runs/pivot/e4/fold2/reliseg_s1/pred/bio.csv;runs/pivot/e4/fold3/reliseg_s1/pred/bio.csv;runs/pivot/e4/fold4/reliseg_s1/pred/bio.csv,runs/pivot/e4/fold0/continued_s1/pred/bio.csv;runs/pivot/e4/fold1/continued_s1/pred/bio.csv;runs/pivot/e4/fold2/continued_s1/pred/bio.csv;runs/pivot/e4/fold3/continued_s1/pred/bio.csv;runs/pivot/e4/fold4/continued_s1/pred/bio.csv,results/pivot/e4_gt_fundusavseg.csv,"per outer fold: 1.4826*MAD of the reference-mask biomarkers of that fold's 80 TRAINING images, applied to its 20 held-out images (results/pivot/e4_gt_fundusavseg.csv); no Gate A train scale exists for Fundus-AVSeg (DECISIONS 2026-09-17 13:30 (4))"
fundusavseg,fundusavseg,leave_out_fold1,reliseg,continued,primary,oof minus fold 1,last,FD,pvbm,80,0,-0.004179938683765538,,,0.2511904242981455,,False,point estimate on the other four folds,runs/pivot/e4/fold0/reliseg_s1/pred/bio.csv;runs/pivot/e4/fold1/reliseg_s1/pred/bio.csv;runs/pivot/e4/fold2/reliseg_s1/pred/bio.csv;runs/pivot/e4/fold3/reliseg_s1/pred/bio.csv;runs/pivot/e4/fold4/reliseg_s1/pred/bio.csv,runs/pivot/e4/fold0/continued_s1/pred/bio.csv;runs/pivot/e4/fold1/continued_s1/pred/bio.csv;runs/pivot/e4/fold2/continued_s1/pred/bio.csv;runs/pivot/e4/fold3/continued_s1/pred/bio.csv;runs/pivot/e4/fold4/continued_s1/pred/bio.csv,results/pivot/e4_gt_fundusavseg.csv,"per outer fold: 1.4826*MAD of the reference-mask biomarkers of that fold's 80 TRAINING images, applied to its 20 held-out images (results/pivot/e4_gt_fundusavseg.csv); no Gate A train scale exists for Fundus-AVSeg (DECISIONS 2026-09-17 13:30 (4))"
fundusavseg,fundusavseg,leave_out_fold2,reliseg,continued,primary,oof minus fold 2,last,FD,pvbm,80,0,-0.00417032190606792,,,0.25747520242456245,,False,point estimate on the other four folds,runs/pivot/e4/fold0/reliseg_s1/pred/bio.csv;runs/pivot/e4/fold1/reliseg_s1/pred/bio.csv;runs/pivot/e4/fold2/reliseg_s1/pred/bio.csv;runs/pivot/e4/fold3/reliseg_s1/pred/bio.csv;runs/pivot/e4/fold4/reliseg_s1/pred/bio.csv,runs/pivot/e4/fold0/continued_s1/pred/bio.csv;runs/pivot/e4/fold1/continued_s1/pred/bio.csv;runs/pivot/e4/fold2/continued_s1/pred/bio.csv;runs/pivot/e4/fold3/continued_s1/pred/bio.csv;runs/pivot/e4/fold4/continued_s1/pred/bio.csv,results/pivot/e4_gt_fundusavseg.csv,"per outer fold: 1.4826*MAD of the reference-mask biomarkers of that fold's 80 TRAINING images, applied to its 20 held-out images (results/pivot/e4_gt_fundusavseg.csv); no Gate A train scale exists for Fundus-AVSeg (DECISIONS 2026-09-17 13:30 (4))"
fundusavseg,fundusavseg,leave_out_fold3,reliseg,continued,primary,oof minus fold 3,last,FD,pvbm,80,0,-0.007669009614690081,,,0.24315283184944111,,False,point estimate on the other four folds,runs/pivot/e4/fold0/reliseg_s1/pred/bio.csv;runs/pivot/e4/fold1/reliseg_s1/pred/bio.csv;runs/pivot/e4/fold2/reliseg_s1/pred/bio.csv;runs/pivot/e4/fold3/reliseg_s1/pred/bio.csv;runs/pivot/e4/fold4/reliseg_s1/pred/bio.csv,runs/pivot/e4/fold0/continued_s1/pred/bio.csv;runs/pivot/e4/fold1/continued_s1/pred/bio.csv;runs/pivot/e4/fold2/continued_s1/pred/bio.csv;runs/pivot/e4/fold3/continued_s1/pred/bio.csv;runs/pivot/e4/fold4/continued_s1/pred/bio.csv,results/pivot/e4_gt_fundusavseg.csv,"per outer fold: 1.4826*MAD of the reference-mask biomarkers of that fold's 80 TRAINING images, applied to its 20 held-out images (results/pivot/e4_gt_fundusavseg.csv); no Gate A train scale exists for Fundus-AVSeg (DECISIONS 2026-09-17 13:30 (4))"
fundusavseg,fundusavseg,leave_out_fold4,reliseg,continued,primary,oof minus fold 4,last,FD,pvbm,80,0,-0.008536090947108388,,,0.23752392909167303,,False,point estimate on the other four folds,runs/pivot/e4/fold0/reliseg_s1/pred/bio.csv;runs/pivot/e4/fold1/reliseg_s1/pred/bio.csv;runs/pivot/e4/fold2/reliseg_s1/pred/bio.csv;runs/pivot/e4/fold3/reliseg_s1/pred/bio.csv;runs/pivot/e4/fold4/reliseg_s1/pred/bio.csv,runs/pivot/e4/fold0/continued_s1/pred/bio.csv;runs/pivot/e4/fold1/continued_s1/pred/bio.csv;runs/pivot/e4/fold2/continued_s1/pred/bio.csv;runs/pivot/e4/fold3/continued_s1/pred/bio.csv;runs/pivot/e4/fold4/continued_s1/pred/bio.csv,results/pivot/e4_gt_fundusavseg.csv,"per outer fold: 1.4826*MAD of the reference-mask biomarkers of that fold's 80 TRAINING images, applied to its 20 held-out images (results/pivot/e4_gt_fundusavseg.csv); no Gate A train scale exists for Fundus-AVSeg (DECISIONS 2026-09-17 13:30 (4))"
fundusavseg,fundusavseg,oof_pooled,reliseg,baseline,secondary,oof(5 folds),last,FD,pvbm,100,2000,-0.004951659039655998,-0.013701587562139544,0.0030444317183140313,0.294723519517717,,False,"paired bootstrap, 2000 resamples drawn WITHIN each outer fold (fold structure preserved); the interval is conditional on the fixed folds and the fitted models",runs/pivot/e4/fold0/reliseg_s1/pred/bio.csv;runs/pivot/e4/fold1/reliseg_s1/pred/bio.csv;runs/pivot/e4/fold2/reliseg_s1/pred/bio.csv;runs/pivot/e4/fold3/reliseg_s1/pred/bio.csv;runs/pivot/e4/fold4/reliseg_s1/pred/bio.csv,runs/pivot/e4/fold0/base/pred/bio.csv;runs/pivot/e4/fold1/base/pred/bio.csv;runs/pivot/e4/fold2/base/pred/bio.csv;runs/pivot/e4/fold3/base/pred/bio.csv;runs/pivot/e4/fold4/base/pred/bio.csv,results/pivot/e4_gt_fundusavseg.csv,"per outer fold: 1.4826*MAD of the reference-mask biomarkers of that fold's 80 TRAINING images, applied to its 20 held-out images (results/pivot/e4_gt_fundusavseg.csv); no Gate A train scale exists for Fundus-AVSeg (DECISIONS 2026-09-17 13:30 (4))"
fundusavseg,fundusavseg,leave_out_fold0,reliseg,baseline,secondary,oof minus fold 0,last,FD,pvbm,80,0,-0.004605835970653227,,,0.3052805522388372,,False,point estimate on the other four folds,runs/pivot/e4/fold0/reliseg_s1/pred/bio.csv;runs/pivot/e4/fold1/reliseg_s1/pred/bio.csv;runs/pivot/e4/fold2/reliseg_s1/pred/bio.csv;runs/pivot/e4/fold3/reliseg_s1/pred/bio.csv;runs/pivot/e4/fold4/reliseg_s1/pred/bio.csv,runs/pivot/e4/fold0/base/pred/bio.csv;runs/pivot/e4/fold1/base/pred/bio.csv;runs/pivot/e4/fold2/base/pred/bio.csv;runs/pivot/e4/fold3/base/pred/bio.csv;runs/pivot/e4/fold4/base/pred/bio.csv,results/pivot/e4_gt_fundusavseg.csv,"per outer fold: 1.4826*MAD of the reference-mask biomarkers of that fold's 80 TRAINING images, applied to its 20 held-out images (results/pivot/e4_gt_fundusavseg.csv); no Gate A train scale exists for Fundus-AVSeg (DECISIONS 2026-09-17 13:30 (4))"
fundusavseg,fundusavseg,leave_out_fold1,reliseg,baseline,secondary,oof minus fold 1,last,FD,pvbm,80,0,-0.008842784776556756,,,0.28640396937996154,,False,point estimate on the other four folds,runs/pivot/e4/fold0/reliseg_s1/pred/bio.csv;runs/pivot/e4/fold1/reliseg_s1/pred/bio.csv;runs/pivot/e4/fold2/reliseg_s1/pred/bio.csv;runs/pivot/e4/fold3/reliseg_s1/pred/bio.csv;runs/pivot/e4/fold4/reliseg_s1/pred/bio.csv,runs/pivot/e4/fold0/base/pred/bio.csv;runs/pivot/e4/fold1/base/pred/bio.csv;runs/pivot/e4/fold2/base/pred/bio.csv;runs/pivot/e4/fold3/base/pred/bio.csv;runs/pivot/e4/fold4/base/pred/bio.csv,results/pivot/e4_gt_fundusavseg.csv,"per outer fold: 1.4826*MAD of the reference-mask biomarkers of that fold's 80 TRAINING images, applied to its 20 held-out images (results/pivot/e4_gt_fundusavseg.csv); no Gate A train scale exists for Fundus-AVSeg (DECISIONS 2026-09-17 13:30 (4))"
fundusavseg,fundusavseg,leave_out_fold2,reliseg,baseline,secondary,oof minus fold 2,last,FD,pvbm,80,0,-0.0011668833220475072,,,0.28830770647082127,,False,point estimate on the other four folds,runs/pivot/e4/fold0/reliseg_s1/pred/bio.csv;runs/pivot/e4/fold1/reliseg_s1/pred/bio.csv;runs/pivot/e4/fold2/reliseg_s1/pred/bio.csv;runs/pivot/e4/fold3/reliseg_s1/pred/bio.csv;runs/pivot/e4/fold4/reliseg_s1/pred/bio.csv,runs/pivot/e4/fold0/base/pred/bio.csv;runs/pivot/e4/fold1/base/pred/bio.csv;runs/pivot/e4/fold2/base/pred/bio.csv;runs/pivot/e4/fold3/base/pred/bio.csv;runs/pivot/e4/fold4/base/pred/bio.csv,results/pivot/e4_gt_fundusavseg.csv,"per outer fold: 1.4826*MAD of the reference-mask biomarkers of that fold's 80 TRAINING images, applied to its 20 held-out images (results/pivot/e4_gt_fundusavseg.csv); no Gate A train scale exists for Fundus-AVSeg (DECISIONS 2026-09-17 13:30 (4))"
fundusavseg,fundusavseg,leave_out_fold3,reliseg,baseline,secondary,oof minus fold 3,last,FD,pvbm,80,0,-0.005061179981029729,,,0.2887229601686937,,False,point estimate on the other four folds,runs/pivot/e4/fold0/reliseg_s1/pred/bio.csv;runs/pivot/e4/fold1/reliseg_s1/pred/bio.csv;runs/pivot/e4/fold2/reliseg_s1/pred/bio.csv;runs/pivot/e4/fold3/reliseg_s1/pred/bio.csv;runs/pivot/e4/fold4/reliseg_s1/pred/bio.csv,runs/pivot/e4/fold0/base/pred/bio.csv;runs/pivot/e4/fold1/base/pred/bio.csv;runs/pivot/e4/fold2/base/pred/bio.csv;runs/pivot/e4/fold3/base/pred/bio.csv;runs/pivot/e4/fold4/base/pred/bio.csv,results/pivot/e4_gt_fundusavseg.csv,"per outer fold: 1.4826*MAD of the reference-mask biomarkers of that fold's 80 TRAINING images, applied to its 20 held-out images (results/pivot/e4_gt_fundusavseg.csv); no Gate A train scale exists for Fundus-AVSeg (DECISIONS 2026-09-17 13:30 (4))"
fundusavseg,fundusavseg,leave_out_fold4,reliseg,baseline,secondary,oof minus fold 4,last,FD,pvbm,80,0,-0.005445495222475505,,,0.30490240933027085,,False,point estimate on the other four folds,runs/pivot/e4/fold0/reliseg_s1/pred/bio.csv;runs/pivot/e4/fold1/reliseg_s1/pred/bio.csv;runs/pivot/e4/fold2/reliseg_s1/pred/bio.csv;runs/pivot/e4/fold3/reliseg_s1/pred/bio.csv;runs/pivot/e4/fold4/reliseg_s1/pred/bio.csv,runs/pivot/e4/fold0/base/pred/bio.csv;runs/pivot/e4/fold1/base/pred/bio.csv;runs/pivot/e4/fold2/base/pred/bio.csv;runs/pivot/e4/fold3/base/pred/bio.csv;runs/pivot/e4/fold4/base/pred/bio.csv,results/pivot/e4_gt_fundusavseg.csv,"per outer fold: 1.4826*MAD of the reference-mask biomarkers of that fold's 80 TRAINING images, applied to its 20 held-out images (results/pivot/e4_gt_fundusavseg.csv); no Gate A train scale exists for Fundus-AVSeg (DECISIONS 2026-09-17 13:30 (4))"
fundusavseg,fundusavseg,oof_pooled,continued,baseline,context,oof(5 folds),last,FD,pvbm,100,2000,0.0008580442051616677,-0.0074914856139166675,0.008799260264148035,0.05017144101433446,,False,"paired bootstrap, 2000 resamples drawn WITHIN each outer fold (fold structure preserved); the interval is conditional on the fixed folds and the fitted models",runs/pivot/e4/fold0/continued_s1/pred/bio.csv;runs/pivot/e4/fold1/continued_s1/pred/bio.csv;runs/pivot/e4/fold2/continued_s1/pred/bio.csv;runs/pivot/e4/fold3/continued_s1/pred/bio.csv;runs/pivot/e4/fold4/continued_s1/pred/bio.csv,runs/pivot/e4/fold0/base/pred/bio.csv;runs/pivot/e4/fold1/base/pred/bio.csv;runs/pivot/e4/fold2/base/pred/bio.csv;runs/pivot/e4/fold3/base/pred/bio.csv;runs/pivot/e4/fold4/base/pred/bio.csv,results/pivot/e4_gt_fundusavseg.csv,"per outer fold: 1.4826*MAD of the reference-mask biomarkers of that fold's 80 TRAINING images, applied to its 20 held-out images (results/pivot/e4_gt_fundusavseg.csv); no Gate A train scale exists for Fundus-AVSeg (DECISIONS 2026-09-17 13:30 (4))"
fundusavseg,fundusavseg,leave_out_fold0,continued,baseline,context,oof minus fold 0,last,FD,pvbm,80,0,-0.0007162753633802588,,,0.07186254738574695,,False,point estimate on the other four folds,runs/pivot/e4/fold0/continued_s1/pred/bio.csv;runs/pivot/e4/fold1/continued_s1/pred/bio.csv;runs/pivot/e4/fold2/continued_s1/pred/bio.csv;runs/pivot/e4/fold3/continued_s1/pred/bio.csv;runs/pivot/e4/fold4/continued_s1/pred/bio.csv,runs/pivot/e4/fold0/base/pred/bio.csv;runs/pivot/e4/fold1/base/pred/bio.csv;runs/pivot/e4/fold2/base/pred/bio.csv;runs/pivot/e4/fold3/base/pred/bio.csv;runs/pivot/e4/fold4/base/pred/bio.csv,results/pivot/e4_gt_fundusavseg.csv,"per outer fold: 1.4826*MAD of the reference-mask biomarkers of that fold's 80 TRAINING images, applied to its 20 held-out images (results/pivot/e4_gt_fundusavseg.csv); no Gate A train scale exists for Fundus-AVSeg (DECISIONS 2026-09-17 13:30 (4))"
fundusavseg,fundusavseg,leave_out_fold1,continued,baseline,context,oof minus fold 1,last,FD,pvbm,80,0,-0.004662846092791217,,,0.03521354508181608,,False,point estimate on the other four folds,runs/pivot/e4/fold0/continued_s1/pred/bio.csv;runs/pivot/e4/fold1/continued_s1/pred/bio.csv;runs/pivot/e4/fold2/continued_s1/pred/bio.csv;runs/pivot/e4/fold3/continued_s1/pred/bio.csv;runs/pivot/e4/fold4/continued_s1/pred/bio.csv,runs/pivot/e4/fold0/base/pred/bio.csv;runs/pivot/e4/fold1/base/pred/bio.csv;runs/pivot/e4/fold2/base/pred/bio.csv;runs/pivot/e4/fold3/base/pred/bio.csv;runs/pivot/e4/fold4/base/pred/bio.csv,results/pivot/e4_gt_fundusavseg.csv,"per outer fold: 1.4826*MAD of the reference-mask biomarkers of that fold's 80 TRAINING images, applied to its 20 held-out images (results/pivot/e4_gt_fundusavseg.csv); no Gate A train scale exists for Fundus-AVSeg (DECISIONS 2026-09-17 13:30 (4))"
fundusavseg,fundusavseg,leave_out_fold2,continued,baseline,context,oof minus fold 2,last,FD,pvbm,80,0,0.0030034385840204125,,,0.03083250404625884,,False,point estimate on the other four folds,runs/pivot/e4/fold0/continued_s1/pred/bio.csv;runs/pivot/e4/fold1/continued_s1/pred/bio.csv;runs/pivot/e4/fold2/continued_s1/pred/bio.csv;runs/pivot/e4/fold3/continued_s1/pred/bio.csv;runs/pivot/e4/fold4/continued_s1/pred/bio.csv,runs/pivot/e4/fold0/base/pred/bio.csv;runs/pivot/e4/fold1/base/pred/bio.csv;runs/pivot/e4/fold2/base/pred/bio.csv;runs/pivot/e4/fold3/base/pred/bio.csv;runs/pivot/e4/fold4/base/pred/bio.csv,results/pivot/e4_gt_fundusavseg.csv,"per outer fold: 1.4826*MAD of the reference-mask biomarkers of that fold's 80 TRAINING images, applied to its 20 held-out images (results/pivot/e4_gt_fundusavseg.csv); no Gate A train scale exists for Fundus-AVSeg (DECISIONS 2026-09-17 13:30 (4))"
fundusavseg,fundusavseg,leave_out_fold3,continued,baseline,context,oof minus fold 3,last,FD,pvbm,80,0,0.0026078296336603524,,,0.04557012831925258,,False,point estimate on the other four folds,runs/pivot/e4/fold0/continued_s1/pred/bio.csv;runs/pivot/e4/fold1/continued_s1/pred/bio.csv;runs/pivot/e4/fold2/continued_s1/pred/bio.csv;runs/pivot/e4/fold3/continued_s1/pred/bio.csv;runs/pivot/e4/fold4/continued_s1/pred/bio.csv,runs/pivot/e4/fold0/base/pred/bio.csv;runs/pivot/e4/fold1/base/pred/bio.csv;runs/pivot/e4/fold2/base/pred/bio.csv;runs/pivot/e4/fold3/base/pred/bio.csv;runs/pivot/e4/fold4/base/pred/bio.csv,results/pivot/e4_gt_fundusavseg.csv,"per outer fold: 1.4826*MAD of the reference-mask biomarkers of that fold's 80 TRAINING images, applied to its 20 held-out images (results/pivot/e4_gt_fundusavseg.csv); no Gate A train scale exists for Fundus-AVSeg (DECISIONS 2026-09-17 13:30 (4))"
fundusavseg,fundusavseg,leave_out_fold4,continued,baseline,context,oof minus fold 4,last,FD,pvbm,80,0,0.003090595724632883,,,0.0673784802385978,,False,point estimate on the other four folds,runs/pivot/e4/fold0/continued_s1/pred/bio.csv;runs/pivot/e4/fold1/continued_s1/pred/bio.csv;runs/pivot/e4/fold2/continued_s1/pred/bio.csv;runs/pivot/e4/fold3/continued_s1/pred/bio.csv;runs/pivot/e4/fold4/continued_s1/pred/bio.csv,runs/pivot/e4/fold0/base/pred/bio.csv;runs/pivot/e4/fold1/base/pred/bio.csv;runs/pivot/e4/fold2/base/pred/bio.csv;runs/pivot/e4/fold3/base/pred/bio.csv;runs/pivot/e4/fold4/base/pred/bio.csv,results/pivot/e4_gt_fundusavseg.csv,"per outer fold: 1.4826*MAD of the reference-mask biomarkers of that fold's 80 TRAINING images, applied to its 20 held-out images (results/pivot/e4_gt_fundusavseg.csv); no Gate A train scale exists for Fundus-AVSeg (DECISIONS 2026-09-17 13:30 (4))"
fundusavseg,fundusavseg,oof_pooled,reliseg,continued,primary,oof(5 folds),last,FD,skan,100,2000,-0.001401942314579574,-0.02680152232781678,0.02253321806497906,0.30125654546912356,0.976,True,"paired bootstrap, 2000 resamples drawn WITHIN each outer fold (fold structure preserved); the interval is conditional on the fixed folds and the fitted models",runs/pivot/e4/fold0/reliseg_s1/pred/bio.csv;runs/pivot/e4/fold1/reliseg_s1/pred/bio.csv;runs/pivot/e4/fold2/reliseg_s1/pred/bio.csv;runs/pivot/e4/fold3/reliseg_s1/pred/bio.csv;runs/pivot/e4/fold4/reliseg_s1/pred/bio.csv,runs/pivot/e4/fold0/continued_s1/pred/bio.csv;runs/pivot/e4/fold1/continued_s1/pred/bio.csv;runs/pivot/e4/fold2/continued_s1/pred/bio.csv;runs/pivot/e4/fold3/continued_s1/pred/bio.csv;runs/pivot/e4/fold4/continued_s1/pred/bio.csv,results/pivot/e4_gt_fundusavseg.csv,"per outer fold: 1.4826*MAD of the reference-mask biomarkers of that fold's 80 TRAINING images, applied to its 20 held-out images (results/pivot/e4_gt_fundusavseg.csv); no Gate A train scale exists for Fundus-AVSeg (DECISIONS 2026-09-17 13:30 (4))"
fundusavseg,fundusavseg,leave_out_fold0,reliseg,continued,primary,oof minus fold 0,last,FD,skan,80,0,0.0040231641358258186,,,0.3033591506227188,,False,point estimate on the other four folds,runs/pivot/e4/fold0/reliseg_s1/pred/bio.csv;runs/pivot/e4/fold1/reliseg_s1/pred/bio.csv;runs/pivot/e4/fold2/reliseg_s1/pred/bio.csv;runs/pivot/e4/fold3/reliseg_s1/pred/bio.csv;runs/pivot/e4/fold4/reliseg_s1/pred/bio.csv,runs/pivot/e4/fold0/continued_s1/pred/bio.csv;runs/pivot/e4/fold1/continued_s1/pred/bio.csv;runs/pivot/e4/fold2/continued_s1/pred/bio.csv;runs/pivot/e4/fold3/continued_s1/pred/bio.csv;runs/pivot/e4/fold4/continued_s1/pred/bio.csv,results/pivot/e4_gt_fundusavseg.csv,"per outer fold: 1.4826*MAD of the reference-mask biomarkers of that fold's 80 TRAINING images, applied to its 20 held-out images (results/pivot/e4_gt_fundusavseg.csv); no Gate A train scale exists for Fundus-AVSeg (DECISIONS 2026-09-17 13:30 (4))"
fundusavseg,fundusavseg,leave_out_fold1,reliseg,continued,primary,oof minus fold 1,last,FD,skan,80,0,-0.00931648896808801,,,0.2990630411651224,,False,point estimate on the other four folds,runs/pivot/e4/fold0/reliseg_s1/pred/bio.csv;runs/pivot/e4/fold1/reliseg_s1/pred/bio.csv;runs/pivot/e4/fold2/reliseg_s1/pred/bio.csv;runs/pivot/e4/fold3/reliseg_s1/pred/bio.csv;runs/pivot/e4/fold4/reliseg_s1/pred/bio.csv,runs/pivot/e4/fold0/continued_s1/pred/bio.csv;runs/pivot/e4/fold1/continued_s1/pred/bio.csv;runs/pivot/e4/fold2/continued_s1/pred/bio.csv;runs/pivot/e4/fold3/continued_s1/pred/bio.csv;runs/pivot/e4/fold4/continued_s1/pred/bio.csv,results/pivot/e4_gt_fundusavseg.csv,"per outer fold: 1.4826*MAD of the reference-mask biomarkers of that fold's 80 TRAINING images, applied to its 20 held-out images (results/pivot/e4_gt_fundusavseg.csv); no Gate A train scale exists for Fundus-AVSeg (DECISIONS 2026-09-17 13:30 (4))"
fundusavseg,fundusavseg,leave_out_fold2,reliseg,continued,primary,oof minus fold 2,last,FD,skan,80,0,0.002359222600103905,,,0.31649392896030804,,False,point estimate on the other four folds,runs/pivot/e4/fold0/reliseg_s1/pred/bio.csv;runs/pivot/e4/fold1/reliseg_s1/pred/bio.csv;runs/pivot/e4/fold2/reliseg_s1/pred/bio.csv;runs/pivot/e4/fold3/reliseg_s1/pred/bio.csv;runs/pivot/e4/fold4/reliseg_s1/pred/bio.csv,runs/pivot/e4/fold0/continued_s1/pred/bio.csv;runs/pivot/e4/fold1/continued_s1/pred/bio.csv;runs/pivot/e4/fold2/continued_s1/pred/bio.csv;runs/pivot/e4/fold3/continued_s1/pred/bio.csv;runs/pivot/e4/fold4/continued_s1/pred/bio.csv,results/pivot/e4_gt_fundusavseg.csv,"per outer fold: 1.4826*MAD of the reference-mask biomarkers of that fold's 80 TRAINING images, applied to its 20 held-out images (results/pivot/e4_gt_fundusavseg.csv); no Gate A train scale exists for Fundus-AVSeg (DECISIONS 2026-09-17 13:30 (4))"
fundusavseg,fundusavseg,leave_out_fold3,reliseg,continued,primary,oof minus fold 3,last,FD,skan,80,0,-0.001171438147931414,,,0.2961302843148696,,False,point estimate on the other four folds,runs/pivot/e4/fold0/reliseg_s1/pred/bio.csv;runs/pivot/e4/fold1/reliseg_s1/pred/bio.csv;runs/pivot/e4/fold2/reliseg_s1/pred/bio.csv;runs/pivot/e4/fold3/reliseg_s1/pred/bio.csv;runs/pivot/e4/fold4/reliseg_s1/pred/bio.csv,runs/pivot/e4/fold0/continued_s1/pred/bio.csv;runs/pivot/e4/fold1/continued_s1/pred/bio.csv;runs/pivot/e4/fold2/continued_s1/pred/bio.csv;runs/pivot/e4/fold3/continued_s1/pred/bio.csv;runs/pivot/e4/fold4/continued_s1/pred/bio.csv,results/pivot/e4_gt_fundusavseg.csv,"per outer fold: 1.4826*MAD of the reference-mask biomarkers of that fold's 80 TRAINING images, applied to its 20 held-out images (results/pivot/e4_gt_fundusavseg.csv); no Gate A train scale exists for Fundus-AVSeg (DECISIONS 2026-09-17 13:30 (4))"
fundusavseg,fundusavseg,leave_out_fold4,reliseg,continued,primary,oof minus fold 4,last,FD,skan,80,0,-0.0026974260086554125,,,0.2912363222825993,,False,point estimate on the other four folds,runs/pivot/e4/fold0/reliseg_s1/pred/bio.csv;runs/pivot/e4/fold1/reliseg_s1/pred/bio.csv;runs/pivot/e4/fold2/reliseg_s1/pred/bio.csv;runs/pivot/e4/fold3/reliseg_s1/pred/bio.csv;runs/pivot/e4/fold4/reliseg_s1/pred/bio.csv,runs/pivot/e4/fold0/continued_s1/pred/bio.csv;runs/pivot/e4/fold1/continued_s1/pred/bio.csv;runs/pivot/e4/fold2/continued_s1/pred/bio.csv;runs/pivot/e4/fold3/continued_s1/pred/bio.csv;runs/pivot/e4/fold4/continued_s1/pred/bio.csv,results/pivot/e4_gt_fundusavseg.csv,"per outer fold: 1.4826*MAD of the reference-mask biomarkers of that fold's 80 TRAINING images, applied to its 20 held-out images (results/pivot/e4_gt_fundusavseg.csv); no Gate A train scale exists for Fundus-AVSeg (DECISIONS 2026-09-17 13:30 (4))"
fundusavseg,fundusavseg,oof_pooled,reliseg,baseline,secondary,oof(5 folds),last,FD,skan,100,2000,0.002354762102230068,-0.02313511894971788,0.025890714986710674,0.3327838468329121,,False,"paired bootstrap, 2000 resamples drawn WITHIN each outer fold (fold structure preserved); the interval is conditional on the fixed folds and the fitted models",runs/pivot/e4/fold0/reliseg_s1/pred/bio.csv;runs/pivot/e4/fold1/reliseg_s1/pred/bio.csv;runs/pivot/e4/fold2/reliseg_s1/pred/bio.csv;runs/pivot/e4/fold3/reliseg_s1/pred/bio.csv;runs/pivot/e4/fold4/reliseg_s1/pred/bio.csv,runs/pivot/e4/fold0/base/pred/bio.csv;runs/pivot/e4/fold1/base/pred/bio.csv;runs/pivot/e4/fold2/base/pred/bio.csv;runs/pivot/e4/fold3/base/pred/bio.csv;runs/pivot/e4/fold4/base/pred/bio.csv,results/pivot/e4_gt_fundusavseg.csv,"per outer fold: 1.4826*MAD of the reference-mask biomarkers of that fold's 80 TRAINING images, applied to its 20 held-out images (results/pivot/e4_gt_fundusavseg.csv); no Gate A train scale exists for Fundus-AVSeg (DECISIONS 2026-09-17 13:30 (4))"
fundusavseg,fundusavseg,leave_out_fold0,reliseg,baseline,secondary,oof minus fold 0,last,FD,skan,80,0,0.006300457065116172,,,0.3542456207136135,,False,point estimate on the other four folds,runs/pivot/e4/fold0/reliseg_s1/pred/bio.csv;runs/pivot/e4/fold1/reliseg_s1/pred/bio.csv;runs/pivot/e4/fold2/reliseg_s1/pred/bio.csv;runs/pivot/e4/fold3/reliseg_s1/pred/bio.csv;runs/pivot/e4/fold4/reliseg_s1/pred/bio.csv,runs/pivot/e4/fold0/base/pred/bio.csv;runs/pivot/e4/fold1/base/pred/bio.csv;runs/pivot/e4/fold2/base/pred/bio.csv;runs/pivot/e4/fold3/base/pred/bio.csv;runs/pivot/e4/fold4/base/pred/bio.csv,results/pivot/e4_gt_fundusavseg.csv,"per outer fold: 1.4826*MAD of the reference-mask biomarkers of that fold's 80 TRAINING images, applied to its 20 held-out images (results/pivot/e4_gt_fundusavseg.csv); no Gate A train scale exists for Fundus-AVSeg (DECISIONS 2026-09-17 13:30 (4))"
fundusavseg,fundusavseg,leave_out_fold1,reliseg,baseline,secondary,oof minus fold 1,last,FD,skan,80,0,-0.009002139187853753,,,0.3083458657199477,,False,point estimate on the other four folds,runs/pivot/e4/fold0/reliseg_s1/pred/bio.csv;runs/pivot/e4/fold1/reliseg_s1/pred/bio.csv;runs/pivot/e4/fold2/reliseg_s1/pred/bio.csv;runs/pivot/e4/fold3/reliseg_s1/pred/bio.csv;runs/pivot/e4/fold4/reliseg_s1/pred/bio.csv,runs/pivot/e4/fold0/base/pred/bio.csv;runs/pivot/e4/fold1/base/pred/bio.csv;runs/pivot/e4/fold2/base/pred/bio.csv;runs/pivot/e4/fold3/base/pred/bio.csv;runs/pivot/e4/fold4/base/pred/bio.csv,results/pivot/e4_gt_fundusavseg.csv,"per outer fold: 1.4826*MAD of the reference-mask biomarkers of that fold's 80 TRAINING images, applied to its 20 held-out images (results/pivot/e4_gt_fundusavseg.csv); no Gate A train scale exists for Fundus-AVSeg (DECISIONS 2026-09-17 13:30 (4))"
fundusavseg,fundusavseg,leave_out_fold2,reliseg,baseline,secondary,oof minus fold 2,last,FD,skan,80,0,0.007810783341027028,,,0.33103119156678446,,False,point estimate on the other four folds,runs/pivot/e4/fold0/reliseg_s1/pred/bio.csv;runs/pivot/e4/fold1/reliseg_s1/pred/bio.csv;runs/pivot/e4/fold2/reliseg_s1/pred/bio.csv;runs/pivot/e4/fold3/reliseg_s1/pred/bio.csv;runs/pivot/e4/fold4/reliseg_s1/pred/bio.csv,runs/pivot/e4/fold0/base/pred/bio.csv;runs/pivot/e4/fold1/base/pred/bio.csv;runs/pivot/e4/fold2/base/pred/bio.csv;runs/pivot/e4/fold3/base/pred/bio.csv;runs/pivot/e4/fold4/base/pred/bio.csv,results/pivot/e4_gt_fundusavseg.csv,"per outer fold: 1.4826*MAD of the reference-mask biomarkers of that fold's 80 TRAINING images, applied to its 20 held-out images (results/pivot/e4_gt_fundusavseg.csv); no Gate A train scale exists for Fundus-AVSeg (DECISIONS 2026-09-17 13:30 (4))"
fundusavseg,fundusavseg,leave_out_fold3,reliseg,baseline,secondary,oof minus fold 3,last,FD,skan,80,0,0.0025928459436300733,,,0.3344291666745604,,False,point estimate on the other four folds,runs/pivot/e4/fold0/reliseg_s1/pred/bio.csv;runs/pivot/e4/fold1/reliseg_s1/pred/bio.csv;runs/pivot/e4/fold2/reliseg_s1/pred/bio.csv;runs/pivot/e4/fold3/reliseg_s1/pred/bio.csv;runs/pivot/e4/fold4/reliseg_s1/pred/bio.csv,runs/pivot/e4/fold0/base/pred/bio.csv;runs/pivot/e4/fold1/base/pred/bio.csv;runs/pivot/e4/fold2/base/pred/bio.csv;runs/pivot/e4/fold3/base/pred/bio.csv;runs/pivot/e4/fold4/base/pred/bio.csv,results/pivot/e4_gt_fundusavseg.csv,"per outer fold: 1.4826*MAD of the reference-mask biomarkers of that fold's 80 TRAINING images, applied to its 20 held-out images (results/pivot/e4_gt_fundusavseg.csv); no Gate A train scale exists for Fundus-AVSeg (DECISIONS 2026-09-17 13:30 (4))"
fundusavseg,fundusavseg,leave_out_fold4,reliseg,baseline,secondary,oof minus fold 4,last,FD,skan,80,0,0.0037112038436892814,,,0.3358673894896544,,False,point estimate on the other four folds,runs/pivot/e4/fold0/reliseg_s1/pred/bio.csv;runs/pivot/e4/fold1/reliseg_s1/pred/bio.csv;runs/pivot/e4/fold2/reliseg_s1/pred/bio.csv;runs/pivot/e4/fold3/reliseg_s1/pred/bio.csv;runs/pivot/e4/fold4/reliseg_s1/pred/bio.csv,runs/pivot/e4/fold0/base/pred/bio.csv;runs/pivot/e4/fold1/base/pred/bio.csv;runs/pivot/e4/fold2/base/pred/bio.csv;runs/pivot/e4/fold3/base/pred/bio.csv;runs/pivot/e4/fold4/base/pred/bio.csv,results/pivot/e4_gt_fundusavseg.csv,"per outer fold: 1.4826*MAD of the reference-mask biomarkers of that fold's 80 TRAINING images, applied to its 20 held-out images (results/pivot/e4_gt_fundusavseg.csv); no Gate A train scale exists for Fundus-AVSeg (DECISIONS 2026-09-17 13:30 (4))"
fundusavseg,fundusavseg,oof_pooled,continued,baseline,context,oof(5 folds),last,FD,skan,100,2000,0.003756704416809642,-0.0030760754925790224,0.010605871705832938,0.03152730136378856,,False,"paired bootstrap, 2000 resamples drawn WITHIN each outer fold (fold structure preserved); the interval is conditional on the fixed folds and the fitted models",runs/pivot/e4/fold0/continued_s1/pred/bio.csv;runs/pivot/e4/fold1/continued_s1/pred/bio.csv;runs/pivot/e4/fold2/continued_s1/pred/bio.csv;runs/pivot/e4/fold3/continued_s1/pred/bio.csv;runs/pivot/e4/fold4/continued_s1/pred/bio.csv,runs/pivot/e4/fold0/base/pred/bio.csv;runs/pivot/e4/fold1/base/pred/bio.csv;runs/pivot/e4/fold2/base/pred/bio.csv;runs/pivot/e4/fold3/base/pred/bio.csv;runs/pivot/e4/fold4/base/pred/bio.csv,results/pivot/e4_gt_fundusavseg.csv,"per outer fold: 1.4826*MAD of the reference-mask biomarkers of that fold's 80 TRAINING images, applied to its 20 held-out images (results/pivot/e4_gt_fundusavseg.csv); no Gate A train scale exists for Fundus-AVSeg (DECISIONS 2026-09-17 13:30 (4))"
fundusavseg,fundusavseg,leave_out_fold0,continued,baseline,context,oof minus fold 0,last,FD,skan,80,0,0.002277292929290353,,,0.0508864700908947,,False,point estimate on the other four folds,runs/pivot/e4/fold0/continued_s1/pred/bio.csv;runs/pivot/e4/fold1/continued_s1/pred/bio.csv;runs/pivot/e4/fold2/continued_s1/pred/bio.csv;runs/pivot/e4/fold3/continued_s1/pred/bio.csv;runs/pivot/e4/fold4/continued_s1/pred/bio.csv,runs/pivot/e4/fold0/base/pred/bio.csv;runs/pivot/e4/fold1/base/pred/bio.csv;runs/pivot/e4/fold2/base/pred/bio.csv;runs/pivot/e4/fold3/base/pred/bio.csv;runs/pivot/e4/fold4/base/pred/bio.csv,results/pivot/e4_gt_fundusavseg.csv,"per outer fold: 1.4826*MAD of the reference-mask biomarkers of that fold's 80 TRAINING images, applied to its 20 held-out images (results/pivot/e4_gt_fundusavseg.csv); no Gate A train scale exists for Fundus-AVSeg (DECISIONS 2026-09-17 13:30 (4))"
fundusavseg,fundusavseg,leave_out_fold1,continued,baseline,context,oof minus fold 1,last,FD,skan,80,0,0.00031434978023425764,,,0.00928282455482532,,False,point estimate on the other four folds,runs/pivot/e4/fold0/continued_s1/pred/bio.csv;runs/pivot/e4/fold1/continued_s1/pred/bio.csv;runs/pivot/e4/fold2/continued_s1/pred/bio.csv;runs/pivot/e4/fold3/continued_s1/pred/bio.csv;runs/pivot/e4/fold4/continued_s1/pred/bio.csv,runs/pivot/e4/fold0/base/pred/bio.csv;runs/pivot/e4/fold1/base/pred/bio.csv;runs/pivot/e4/fold2/base/pred/bio.csv;runs/pivot/e4/fold3/base/pred/bio.csv;runs/pivot/e4/fold4/base/pred/bio.csv,results/pivot/e4_gt_fundusavseg.csv,"per outer fold: 1.4826*MAD of the reference-mask biomarkers of that fold's 80 TRAINING images, applied to its 20 held-out images (results/pivot/e4_gt_fundusavseg.csv); no Gate A train scale exists for Fundus-AVSeg (DECISIONS 2026-09-17 13:30 (4))"
fundusavseg,fundusavseg,leave_out_fold2,continued,baseline,context,oof minus fold 2,last,FD,skan,80,0,0.005451560740923123,,,0.01453726260647642,,False,point estimate on the other four folds,runs/pivot/e4/fold0/continued_s1/pred/bio.csv;runs/pivot/e4/fold1/continued_s1/pred/bio.csv;runs/pivot/e4/fold2/continued_s1/pred/bio.csv;runs/pivot/e4/fold3/continued_s1/pred/bio.csv;runs/pivot/e4/fold4/continued_s1/pred/bio.csv,runs/pivot/e4/fold0/base/pred/bio.csv;runs/pivot/e4/fold1/base/pred/bio.csv;runs/pivot/e4/fold2/base/pred/bio.csv;runs/pivot/e4/fold3/base/pred/bio.csv;runs/pivot/e4/fold4/base/pred/bio.csv,results/pivot/e4_gt_fundusavseg.csv,"per outer fold: 1.4826*MAD of the reference-mask biomarkers of that fold's 80 TRAINING images, applied to its 20 held-out images (results/pivot/e4_gt_fundusavseg.csv); no Gate A train scale exists for Fundus-AVSeg (DECISIONS 2026-09-17 13:30 (4))"
fundusavseg,fundusavseg,leave_out_fold3,continued,baseline,context,oof minus fold 3,last,FD,skan,80,0,0.0037642840915614872,,,0.03829888235969081,,False,point estimate on the other four folds,runs/pivot/e4/fold0/continued_s1/pred/bio.csv;runs/pivot/e4/fold1/continued_s1/pred/bio.csv;runs/pivot/e4/fold2/continued_s1/pred/bio.csv;runs/pivot/e4/fold3/continued_s1/pred/bio.csv;runs/pivot/e4/fold4/continued_s1/pred/bio.csv,runs/pivot/e4/fold0/base/pred/bio.csv;runs/pivot/e4/fold1/base/pred/bio.csv;runs/pivot/e4/fold2/base/pred/bio.csv;runs/pivot/e4/fold3/base/pred/bio.csv;runs/pivot/e4/fold4/base/pred/bio.csv,results/pivot/e4_gt_fundusavseg.csv,"per outer fold: 1.4826*MAD of the reference-mask biomarkers of that fold's 80 TRAINING images, applied to its 20 held-out images (results/pivot/e4_gt_fundusavseg.csv); no Gate A train scale exists for Fundus-AVSeg (DECISIONS 2026-09-17 13:30 (4))"
fundusavseg,fundusavseg,leave_out_fold4,continued,baseline,context,oof minus fold 4,last,FD,skan,80,0,0.006408629852344694,,,0.044631067207055064,,False,point estimate on the other four folds,runs/pivot/e4/fold0/continued_s1/pred/bio.csv;runs/pivot/e4/fold1/continued_s1/pred/bio.csv;runs/pivot/e4/fold2/continued_s1/pred/bio.csv;runs/pivot/e4/fold3/continued_s1/pred/bio.csv;runs/pivot/e4/fold4/continued_s1/pred/bio.csv,runs/pivot/e4/fold0/base/pred/bio.csv;runs/pivot/e4/fold1/base/pred/bio.csv;runs/pivot/e4/fold2/base/pred/bio.csv;runs/pivot/e4/fold3/base/pred/bio.csv;runs/pivot/e4/fold4/base/pred/bio.csv,results/pivot/e4_gt_fundusavseg.csv,"per outer fold: 1.4826*MAD of the reference-mask biomarkers of that fold's 80 TRAINING images, applied to its 20 held-out images (results/pivot/e4_gt_fundusavseg.csv); no Gate A train scale exists for Fundus-AVSeg (DECISIONS 2026-09-17 13:30 (4))"
fundusavseg,fundusavseg,oof_pooled,reliseg,continued,primary,oof(5 folds),last,tortuosity,pvbm,100,2000,-0.8044839258062083,-1.0510812322016645,-0.5492077851110052,1.808709543471244,,False,"paired bootstrap, 2000 resamples drawn WITHIN each outer fold (fold structure preserved); the interval is conditional on the fixed folds and the fitted models",runs/pivot/e4/fold0/reliseg_s1/pred/bio.csv;runs/pivot/e4/fold1/reliseg_s1/pred/bio.csv;runs/pivot/e4/fold2/reliseg_s1/pred/bio.csv;runs/pivot/e4/fold3/reliseg_s1/pred/bio.csv;runs/pivot/e4/fold4/reliseg_s1/pred/bio.csv,runs/pivot/e4/fold0/continued_s1/pred/bio.csv;runs/pivot/e4/fold1/continued_s1/pred/bio.csv;runs/pivot/e4/fold2/continued_s1/pred/bio.csv;runs/pivot/e4/fold3/continued_s1/pred/bio.csv;runs/pivot/e4/fold4/continued_s1/pred/bio.csv,results/pivot/e4_gt_fundusavseg.csv,"per outer fold: 1.4826*MAD of the reference-mask biomarkers of that fold's 80 TRAINING images, applied to its 20 held-out images (results/pivot/e4_gt_fundusavseg.csv); no Gate A train scale exists for Fundus-AVSeg (DECISIONS 2026-09-17 13:30 (4))"
fundusavseg,fundusavseg,leave_out_fold0,reliseg,continued,primary,oof minus fold 0,last,tortuosity,pvbm,80,0,-0.7742222368490735,,,1.8452036668098537,,False,point estimate on the other four folds,runs/pivot/e4/fold0/reliseg_s1/pred/bio.csv;runs/pivot/e4/fold1/reliseg_s1/pred/bio.csv;runs/pivot/e4/fold2/reliseg_s1/pred/bio.csv;runs/pivot/e4/fold3/reliseg_s1/pred/bio.csv;runs/pivot/e4/fold4/reliseg_s1/pred/bio.csv,runs/pivot/e4/fold0/continued_s1/pred/bio.csv;runs/pivot/e4/fold1/continued_s1/pred/bio.csv;runs/pivot/e4/fold2/continued_s1/pred/bio.csv;runs/pivot/e4/fold3/continued_s1/pred/bio.csv;runs/pivot/e4/fold4/continued_s1/pred/bio.csv,results/pivot/e4_gt_fundusavseg.csv,"per outer fold: 1.4826*MAD of the reference-mask biomarkers of that fold's 80 TRAINING images, applied to its 20 held-out images (results/pivot/e4_gt_fundusavseg.csv); no Gate A train scale exists for Fundus-AVSeg (DECISIONS 2026-09-17 13:30 (4))"
fundusavseg,fundusavseg,leave_out_fold1,reliseg,continued,primary,oof minus fold 1,last,tortuosity,pvbm,80,0,-0.7952348724099232,,,1.7419114333235377,,False,point estimate on the other four folds,runs/pivot/e4/fold0/reliseg_s1/pred/bio.csv;runs/pivot/e4/fold1/reliseg_s1/pred/bio.csv;runs/pivot/e4/fold2/reliseg_s1/pred/bio.csv;runs/pivot/e4/fold3/reliseg_s1/pred/bio.csv;runs/pivot/e4/fold4/reliseg_s1/pred/bio.csv,runs/pivot/e4/fold0/continued_s1/pred/bio.csv;runs/pivot/e4/fold1/continued_s1/pred/bio.csv;runs/pivot/e4/fold2/continued_s1/pred/bio.csv;runs/pivot/e4/fold3/continued_s1/pred/bio.csv;runs/pivot/e4/fold4/continued_s1/pred/bio.csv,results/pivot/e4_gt_fundusavseg.csv,"per outer fold: 1.4826*MAD of the reference-mask biomarkers of that fold's 80 TRAINING images, applied to its 20 held-out images (results/pivot/e4_gt_fundusavseg.csv); no Gate A train scale exists for Fundus-AVSeg (DECISIONS 2026-09-17 13:30 (4))"
fundusavseg,fundusavseg,leave_out_fold2,reliseg,continued,primary,oof minus fold 2,last,tortuosity,pvbm,80,0,-0.8726017046379118,,,1.7825172894440469,,False,point estimate on the other four folds,runs/pivot/e4/fold0/reliseg_s1/pred/bio.csv;runs/pivot/e4/fold1/reliseg_s1/pred/bio.csv;runs/pivot/e4/fold2/reliseg_s1/pred/bio.csv;runs/pivot/e4/fold3/reliseg_s1/pred/bio.csv;runs/pivot/e4/fold4/reliseg_s1/pred/bio.csv,runs/pivot/e4/fold0/continued_s1/pred/bio.csv;runs/pivot/e4/fold1/continued_s1/pred/bio.csv;runs/pivot/e4/fold2/continued_s1/pred/bio.csv;runs/pivot/e4/fold3/continued_s1/pred/bio.csv;runs/pivot/e4/fold4/continued_s1/pred/bio.csv,results/pivot/e4_gt_fundusavseg.csv,"per outer fold: 1.4826*MAD of the reference-mask biomarkers of that fold's 80 TRAINING images, applied to its 20 held-out images (results/pivot/e4_gt_fundusavseg.csv); no Gate A train scale exists for Fundus-AVSeg (DECISIONS 2026-09-17 13:30 (4))"
fundusavseg,fundusavseg,leave_out_fold3,reliseg,continued,primary,oof minus fold 3,last,tortuosity,pvbm,80,0,-0.807176526344527,,,1.8020699482373361,,False,point estimate on the other four folds,runs/pivot/e4/fold0/reliseg_s1/pred/bio.csv;runs/pivot/e4/fold1/reliseg_s1/pred/bio.csv;runs/pivot/e4/fold2/reliseg_s1/pred/bio.csv;runs/pivot/e4/fold3/reliseg_s1/pred/bio.csv;runs/pivot/e4/fold4/reliseg_s1/pred/bio.csv,runs/pivot/e4/fold0/continued_s1/pred/bio.csv;runs/pivot/e4/fold1/continued_s1/pred/bio.csv;runs/pivot/e4/fold2/continued_s1/pred/bio.csv;runs/pivot/e4/fold3/continued_s1/pred/bio.csv;runs/pivot/e4/fold4/continued_s1/pred/bio.csv,results/pivot/e4_gt_fundusavseg.csv,"per outer fold: 1.4826*MAD of the reference-mask biomarkers of that fold's 80 TRAINING images, applied to its 20 held-out images (results/pivot/e4_gt_fundusavseg.csv); no Gate A train scale exists for Fundus-AVSeg (DECISIONS 2026-09-17 13:30 (4))"
fundusavseg,fundusavseg,leave_out_fold4,reliseg,continued,primary,oof minus fold 4,last,tortuosity,pvbm,80,0,-0.7804382261997538,,,1.8718453795414458,,False,point estimate on the other four folds,runs/pivot/e4/fold0/reliseg_s1/pred/bio.csv;runs/pivot/e4/fold1/reliseg_s1/pred/bio.csv;runs/pivot/e4/fold2/reliseg_s1/pred/bio.csv;runs/pivot/e4/fold3/reliseg_s1/pred/bio.csv;runs/pivot/e4/fold4/reliseg_s1/pred/bio.csv,runs/pivot/e4/fold0/continued_s1/pred/bio.csv;runs/pivot/e4/fold1/continued_s1/pred/bio.csv;runs/pivot/e4/fold2/continued_s1/pred/bio.csv;runs/pivot/e4/fold3/continued_s1/pred/bio.csv;runs/pivot/e4/fold4/continued_s1/pred/bio.csv,results/pivot/e4_gt_fundusavseg.csv,"per outer fold: 1.4826*MAD of the reference-mask biomarkers of that fold's 80 TRAINING images, applied to its 20 held-out images (results/pivot/e4_gt_fundusavseg.csv); no Gate A train scale exists for Fundus-AVSeg (DECISIONS 2026-09-17 13:30 (4))"
fundusavseg,fundusavseg,oof_pooled,reliseg,baseline,secondary,oof(5 folds),last,tortuosity,pvbm,100,2000,-0.7936944517919302,-1.0434508511680651,-0.5352210414889432,1.8178765856566903,,False,"paired bootstrap, 2000 resamples drawn WITHIN each outer fold (fold structure preserved); the interval is conditional on the fixed folds and the fitted models",runs/pivot/e4/fold0/reliseg_s1/pred/bio.csv;runs/pivot/e4/fold1/reliseg_s1/pred/bio.csv;runs/pivot/e4/fold2/reliseg_s1/pred/bio.csv;runs/pivot/e4/fold3/reliseg_s1/pred/bio.csv;runs/pivot/e4/fold4/reliseg_s1/pred/bio.csv,runs/pivot/e4/fold0/base/pred/bio.csv;runs/pivot/e4/fold1/base/pred/bio.csv;runs/pivot/e4/fold2/base/pred/bio.csv;runs/pivot/e4/fold3/base/pred/bio.csv;runs/pivot/e4/fold4/base/pred/bio.csv,results/pivot/e4_gt_fundusavseg.csv,"per outer fold: 1.4826*MAD of the reference-mask biomarkers of that fold's 80 TRAINING images, applied to its 20 held-out images (results/pivot/e4_gt_fundusavseg.csv); no Gate A train scale exists for Fundus-AVSeg (DECISIONS 2026-09-17 13:30 (4))"
fundusavseg,fundusavseg,leave_out_fold0,reliseg,baseline,secondary,oof minus fold 0,last,tortuosity,pvbm,80,0,-0.7587442829648523,,,1.858973813793734,,False,point estimate on the other four folds,runs/pivot/e4/fold0/reliseg_s1/pred/bio.csv;runs/pivot/e4/fold1/reliseg_s1/pred/bio.csv;runs/pivot/e4/fold2/reliseg_s1/pred/bio.csv;runs/pivot/e4/fold3/reliseg_s1/pred/bio.csv;runs/pivot/e4/fold4/reliseg_s1/pred/bio.csv,runs/pivot/e4/fold0/base/pred/bio.csv;runs/pivot/e4/fold1/base/pred/bio.csv;runs/pivot/e4/fold2/base/pred/bio.csv;runs/pivot/e4/fold3/base/pred/bio.csv;runs/pivot/e4/fold4/base/pred/bio.csv,results/pivot/e4_gt_fundusavseg.csv,"per outer fold: 1.4826*MAD of the reference-mask biomarkers of that fold's 80 TRAINING images, applied to its 20 held-out images (results/pivot/e4_gt_fundusavseg.csv); no Gate A train scale exists for Fundus-AVSeg (DECISIONS 2026-09-17 13:30 (4))"
fundusavseg,fundusavseg,leave_out_fold1,reliseg,baseline,secondary,oof minus fold 1,last,tortuosity,pvbm,80,0,-0.7794081606269448,,,1.7551845878663963,,False,point estimate on the other four folds,runs/pivot/e4/fold0/reliseg_s1/pred/bio.csv;runs/pivot/e4/fold1/reliseg_s1/pred/bio.csv;runs/pivot/e4/fold2/reliseg_s1/pred/bio.csv;runs/pivot/e4/fold3/reliseg_s1/pred/bio.csv;runs/pivot/e4/fold4/reliseg_s1/pred/bio.csv,runs/pivot/e4/fold0/base/pred/bio.csv;runs/pivot/e4/fold1/base/pred/bio.csv;runs/pivot/e4/fold2/base/pred/bio.csv;runs/pivot/e4/fold3/base/pred/bio.csv;runs/pivot/e4/fold4/base/pred/bio.csv,results/pivot/e4_gt_fundusavseg.csv,"per outer fold: 1.4826*MAD of the reference-mask biomarkers of that fold's 80 TRAINING images, applied to its 20 held-out images (results/pivot/e4_gt_fundusavseg.csv); no Gate A train scale exists for Fundus-AVSeg (DECISIONS 2026-09-17 13:30 (4))"
fundusavseg,fundusavseg,leave_out_fold2,reliseg,baseline,secondary,oof minus fold 2,last,tortuosity,pvbm,80,0,-0.8660689144217629,,,1.826518807545128,,False,point estimate on the other four folds,runs/pivot/e4/fold0/reliseg_s1/pred/bio.csv;runs/pivot/e4/fold1/reliseg_s1/pred/bio.csv;runs/pivot/e4/fold2/reliseg_s1/pred/bio.csv;runs/pivot/e4/fold3/reliseg_s1/pred/bio.csv;runs/pivot/e4/fold4/reliseg_s1/pred/bio.csv,runs/pivot/e4/fold0/base/pred/bio.csv;runs/pivot/e4/fold1/base/pred/bio.csv;runs/pivot/e4/fold2/base/pred/bio.csv;runs/pivot/e4/fold3/base/pred/bio.csv;runs/pivot/e4/fold4/base/pred/bio.csv,results/pivot/e4_gt_fundusavseg.csv,"per outer fold: 1.4826*MAD of the reference-mask biomarkers of that fold's 80 TRAINING images, applied to its 20 held-out images (results/pivot/e4_gt_fundusavseg.csv); no Gate A train scale exists for Fundus-AVSeg (DECISIONS 2026-09-17 13:30 (4))"
fundusavseg,fundusavseg,leave_out_fold3,reliseg,baseline,secondary,oof minus fold 3,last,tortuosity,pvbm,80,0,-0.802816122852256,,,1.7814439051081576,,False,point estimate on the other four folds,runs/pivot/e4/fold0/reliseg_s1/pred/bio.csv;runs/pivot/e4/fold1/reliseg_s1/pred/bio.csv;runs/pivot/e4/fold2/reliseg_s1/pred/bio.csv;runs/pivot/e4/fold3/reliseg_s1/pred/bio.csv;runs/pivot/e4/fold4/reliseg_s1/pred/bio.csv,runs/pivot/e4/fold0/base/pred/bio.csv;runs/pivot/e4/fold1/base/pred/bio.csv;runs/pivot/e4/fold2/base/pred/bio.csv;runs/pivot/e4/fold3/base/pred/bio.csv;runs/pivot/e4/fold4/base/pred/bio.csv,results/pivot/e4_gt_fundusavseg.csv,"per outer fold: 1.4826*MAD of the reference-mask biomarkers of that fold's 80 TRAINING images, applied to its 20 held-out images (results/pivot/e4_gt_fundusavseg.csv); no Gate A train scale exists for Fundus-AVSeg (DECISIONS 2026-09-17 13:30 (4))"
fundusavseg,fundusavseg,leave_out_fold4,reliseg,baseline,secondary,oof minus fold 4,last,tortuosity,pvbm,80,0,-0.7706397500836111,,,1.8672618139700352,,False,point estimate on the other four folds,runs/pivot/e4/fold0/reliseg_s1/pred/bio.csv;runs/pivot/e4/fold1/reliseg_s1/pred/bio.csv;runs/pivot/e4/fold2/reliseg_s1/pred/bio.csv;runs/pivot/e4/fold3/reliseg_s1/pred/bio.csv;runs/pivot/e4/fold4/reliseg_s1/pred/bio.csv,runs/pivot/e4/fold0/base/pred/bio.csv;runs/pivot/e4/fold1/base/pred/bio.csv;runs/pivot/e4/fold2/base/pred/bio.csv;runs/pivot/e4/fold3/base/pred/bio.csv;runs/pivot/e4/fold4/base/pred/bio.csv,results/pivot/e4_gt_fundusavseg.csv,"per outer fold: 1.4826*MAD of the reference-mask biomarkers of that fold's 80 TRAINING images, applied to its 20 held-out images (results/pivot/e4_gt_fundusavseg.csv); no Gate A train scale exists for Fundus-AVSeg (DECISIONS 2026-09-17 13:30 (4))"
fundusavseg,fundusavseg,oof_pooled,continued,baseline,context,oof(5 folds),last,tortuosity,pvbm,100,2000,0.0107894740142781,-0.01528294833518334,0.04119099144052095,0.009167042185446228,,False,"paired bootstrap, 2000 resamples drawn WITHIN each outer fold (fold structure preserved); the interval is conditional on the fixed folds and the fitted models",runs/pivot/e4/fold0/continued_s1/pred/bio.csv;runs/pivot/e4/fold1/continued_s1/pred/bio.csv;runs/pivot/e4/fold2/continued_s1/pred/bio.csv;runs/pivot/e4/fold3/continued_s1/pred/bio.csv;runs/pivot/e4/fold4/continued_s1/pred/bio.csv,runs/pivot/e4/fold0/base/pred/bio.csv;runs/pivot/e4/fold1/base/pred/bio.csv;runs/pivot/e4/fold2/base/pred/bio.csv;runs/pivot/e4/fold3/base/pred/bio.csv;runs/pivot/e4/fold4/base/pred/bio.csv,results/pivot/e4_gt_fundusavseg.csv,"per outer fold: 1.4826*MAD of the reference-mask biomarkers of that fold's 80 TRAINING images, applied to its 20 held-out images (results/pivot/e4_gt_fundusavseg.csv); no Gate A train scale exists for Fundus-AVSeg (DECISIONS 2026-09-17 13:30 (4))"
fundusavseg,fundusavseg,leave_out_fold0,continued,baseline,context,oof minus fold 0,last,tortuosity,pvbm,80,0,0.01547795388422124,,,0.013770146983880072,,False,point estimate on the other four folds,runs/pivot/e4/fold0/continued_s1/pred/bio.csv;runs/pivot/e4/fold1/continued_s1/pred/bio.csv;runs/pivot/e4/fold2/continued_s1/pred/bio.csv;runs/pivot/e4/fold3/continued_s1/pred/bio.csv;runs/pivot/e4/fold4/continued_s1/pred/bio.csv,runs/pivot/e4/fold0/base/pred/bio.csv;runs/pivot/e4/fold1/base/pred/bio.csv;runs/pivot/e4/fold2/base/pred/bio.csv;runs/pivot/e4/fold3/base/pred/bio.csv;runs/pivot/e4/fold4/base/pred/bio.csv,results/pivot/e4_gt_fundusavseg.csv,"per outer fold: 1.4826*MAD of the reference-mask biomarkers of that fold's 80 TRAINING images, applied to its 20 held-out images (results/pivot/e4_gt_fundusavseg.csv); no Gate A train scale exists for Fundus-AVSeg (DECISIONS 2026-09-17 13:30 (4))"
fundusavseg,fundusavseg,leave_out_fold1,continued,baseline,context,oof minus fold 1,last,tortuosity,pvbm,80,0,0.015826711782978342,,,0.013273154542858628,,False,point estimate on the other four folds,runs/pivot/e4/fold0/continued_s1/pred/bio.csv;runs/pivot/e4/fold1/continued_s1/pred/bio.csv;runs/pivot/e4/fold2/continued_s1/pred/bio.csv;runs/pivot/e4/fold3/continued_s1/pred/bio.csv;runs/pivot/e4/fold4/continued_s1/pred/bio.csv,runs/pivot/e4/fold0/base/pred/bio.csv;runs/pivot/e4/fold1/base/pred/bio.csv;runs/pivot/e4/fold2/base/pred/bio.csv;runs/pivot/e4/fold3/base/pred/bio.csv;runs/pivot/e4/fold4/base/pred/bio.csv,results/pivot/e4_gt_fundusavseg.csv,"per outer fold: 1.4826*MAD of the reference-mask biomarkers of that fold's 80 TRAINING images, applied to its 20 held-out images (results/pivot/e4_gt_fundusavseg.csv); no Gate A train scale exists for Fundus-AVSeg (DECISIONS 2026-09-17 13:30 (4))"
fundusavseg,fundusavseg,leave_out_fold2,continued,baseline,context,oof minus fold 2,last,tortuosity,pvbm,80,0,0.006532790216148832,,,0.044001518101080994,,False,point estimate on the other four folds,runs/pivot/e4/fold0/continued_s1/pred/bio.csv;runs/pivot/e4/fold1/continued_s1/pred/bio.csv;runs/pivot/e4/fold2/continued_s1/pred/bio.csv;runs/pivot/e4/fold3/continued_s1/pred/bio.csv;runs/pivot/e4/fold4/continued_s1/pred/bio.csv,runs/pivot/e4/fold0/base/pred/bio.csv;runs/pivot/e4/fold1/base/pred/bio.csv;runs/pivot/e4/fold2/base/pred/bio.csv;runs/pivot/e4/fold3/base/pred/bio.csv;runs/pivot/e4/fold4/base/pred/bio.csv,results/pivot/e4_gt_fundusavseg.csv,"per outer fold: 1.4826*MAD of the reference-mask biomarkers of that fold's 80 TRAINING images, applied to its 20 held-out images (results/pivot/e4_gt_fundusavseg.csv); no Gate A train scale exists for Fundus-AVSeg (DECISIONS 2026-09-17 13:30 (4))"
fundusavseg,fundusavseg,leave_out_fold3,continued,baseline,context,oof minus fold 3,last,tortuosity,pvbm,80,0,0.004360403492270959,,,-0.020626043129178484,,False,point estimate on the other four folds,runs/pivot/e4/fold0/continued_s1/pred/bio.csv;runs/pivot/e4/fold1/continued_s1/pred/bio.csv;runs/pivot/e4/fold2/continued_s1/pred/bio.csv;runs/pivot/e4/fold3/continued_s1/pred/bio.csv;runs/pivot/e4/fold4/continued_s1/pred/bio.csv,runs/pivot/e4/fold0/base/pred/bio.csv;runs/pivot/e4/fold1/base/pred/bio.csv;runs/pivot/e4/fold2/base/pred/bio.csv;runs/pivot/e4/fold3/base/pred/bio.csv;runs/pivot/e4/fold4/base/pred/bio.csv,results/pivot/e4_gt_fundusavseg.csv,"per outer fold: 1.4826*MAD of the reference-mask biomarkers of that fold's 80 TRAINING images, applied to its 20 held-out images (results/pivot/e4_gt_fundusavseg.csv); no Gate A train scale exists for Fundus-AVSeg (DECISIONS 2026-09-17 13:30 (4))"
fundusavseg,fundusavseg,leave_out_fold4,continued,baseline,context,oof minus fold 4,last,tortuosity,pvbm,80,0,0.009798476116142707,,,-0.004583565571410431,,False,point estimate on the other four folds,runs/pivot/e4/fold0/continued_s1/pred/bio.csv;runs/pivot/e4/fold1/continued_s1/pred/bio.csv;runs/pivot/e4/fold2/continued_s1/pred/bio.csv;runs/pivot/e4/fold3/continued_s1/pred/bio.csv;runs/pivot/e4/fold4/continued_s1/pred/bio.csv,runs/pivot/e4/fold0/base/pred/bio.csv;runs/pivot/e4/fold1/base/pred/bio.csv;runs/pivot/e4/fold2/base/pred/bio.csv;runs/pivot/e4/fold3/base/pred/bio.csv;runs/pivot/e4/fold4/base/pred/bio.csv,results/pivot/e4_gt_fundusavseg.csv,"per outer fold: 1.4826*MAD of the reference-mask biomarkers of that fold's 80 TRAINING images, applied to its 20 held-out images (results/pivot/e4_gt_fundusavseg.csv); no Gate A train scale exists for Fundus-AVSeg (DECISIONS 2026-09-17 13:30 (4))"
fundusavseg,fundusavseg,oof_pooled,reliseg,continued,primary,oof(5 folds),last,tortuosity,skan,100,2000,-0.055432669144955926,-0.10929478415816064,-0.027943096175449735,0.1446539873326961,,False,"paired bootstrap, 2000 resamples drawn WITHIN each outer fold (fold structure preserved); the interval is conditional on the fixed folds and the fitted models",runs/pivot/e4/fold0/reliseg_s1/pred/bio.csv;runs/pivot/e4/fold1/reliseg_s1/pred/bio.csv;runs/pivot/e4/fold2/reliseg_s1/pred/bio.csv;runs/pivot/e4/fold3/reliseg_s1/pred/bio.csv;runs/pivot/e4/fold4/reliseg_s1/pred/bio.csv,runs/pivot/e4/fold0/continued_s1/pred/bio.csv;runs/pivot/e4/fold1/continued_s1/pred/bio.csv;runs/pivot/e4/fold2/continued_s1/pred/bio.csv;runs/pivot/e4/fold3/continued_s1/pred/bio.csv;runs/pivot/e4/fold4/continued_s1/pred/bio.csv,results/pivot/e4_gt_fundusavseg.csv,"per outer fold: 1.4826*MAD of the reference-mask biomarkers of that fold's 80 TRAINING images, applied to its 20 held-out images (results/pivot/e4_gt_fundusavseg.csv); no Gate A train scale exists for Fundus-AVSeg (DECISIONS 2026-09-17 13:30 (4))"
fundusavseg,fundusavseg,leave_out_fold0,reliseg,continued,primary,oof minus fold 0,last,tortuosity,skan,80,0,-0.05214557242583229,,,0.16798623724129205,,False,point estimate on the other four folds,runs/pivot/e4/fold0/reliseg_s1/pred/bio.csv;runs/pivot/e4/fold1/reliseg_s1/pred/bio.csv;runs/pivot/e4/fold2/reliseg_s1/pred/bio.csv;runs/pivot/e4/fold3/reliseg_s1/pred/bio.csv;runs/pivot/e4/fold4/reliseg_s1/pred/bio.csv,runs/pivot/e4/fold0/continued_s1/pred/bio.csv;runs/pivot/e4/fold1/continued_s1/pred/bio.csv;runs/pivot/e4/fold2/continued_s1/pred/bio.csv;runs/pivot/e4/fold3/continued_s1/pred/bio.csv;runs/pivot/e4/fold4/continued_s1/pred/bio.csv,results/pivot/e4_gt_fundusavseg.csv,"per outer fold: 1.4826*MAD of the reference-mask biomarkers of that fold's 80 TRAINING images, applied to its 20 held-out images (results/pivot/e4_gt_fundusavseg.csv); no Gate A train scale exists for Fundus-AVSeg (DECISIONS 2026-09-17 13:30 (4))"
fundusavseg,fundusavseg,leave_out_fold1,reliseg,continued,primary,oof minus fold 1,last,tortuosity,skan,80,0,-0.04941970303642451,,,0.1301538896225206,,False,point estimate on the other four folds,runs/pivot/e4/fold0/reliseg_s1/pred/bio.csv;runs/pivot/e4/fold1/reliseg_s1/pred/bio.csv;runs/pivot/e4/fold2/reliseg_s1/pred/bio.csv;runs/pivot/e4/fold3/reliseg_s1/pred/bio.csv;runs/pivot/e4/fold4/reliseg_s1/pred/bio.csv,runs/pivot/e4/fold0/continued_s1/pred/bio.csv;runs/pivot/e4/fold1/continued_s1/pred/bio.csv;runs/pivot/e4/fold2/continued_s1/pred/bio.csv;runs/pivot/e4/fold3/continued_s1/pred/bio.csv;runs/pivot/e4/fold4/continued_s1/pred/bio.csv,results/pivot/e4_gt_fundusavseg.csv,"per outer fold: 1.4826*MAD of the reference-mask biomarkers of that fold's 80 TRAINING images, applied to its 20 held-out images (results/pivot/e4_gt_fundusavseg.csv); no Gate A train scale exists for Fundus-AVSeg (DECISIONS 2026-09-17 13:30 (4))"
fundusavseg,fundusavseg,leave_out_fold2,reliseg,continued,primary,oof minus fold 2,last,tortuosity,skan,80,0,-0.06399659436147254,,,0.133204043003774,,False,point estimate on the other four folds,runs/pivot/e4/fold0/reliseg_s1/pred/bio.csv;runs/pivot/e4/fold1/reliseg_s1/pred/bio.csv;runs/pivot/e4/fold2/reliseg_s1/pred/bio.csv;runs/pivot/e4/fold3/reliseg_s1/pred/bio.csv;runs/pivot/e4/fold4/reliseg_s1/pred/bio.csv,runs/pivot/e4/fold0/continued_s1/pred/bio.csv;runs/pivot/e4/fold1/continued_s1/pred/bio.csv;runs/pivot/e4/fold2/continued_s1/pred/bio.csv;runs/pivot/e4/fold3/continued_s1/pred/bio.csv;runs/pivot/e4/fold4/continued_s1/pred/bio.csv,results/pivot/e4_gt_fundusavseg.csv,"per outer fold: 1.4826*MAD of the reference-mask biomarkers of that fold's 80 TRAINING images, applied to its 20 held-out images (results/pivot/e4_gt_fundusavseg.csv); no Gate A train scale exists for Fundus-AVSeg (DECISIONS 2026-09-17 13:30 (4))"
fundusavseg,fundusavseg,leave_out_fold3,reliseg,continued,primary,oof minus fold 3,last,tortuosity,skan,80,0,-0.07304406961412502,,,0.14380185148710523,,False,point estimate on the other four folds,runs/pivot/e4/fold0/reliseg_s1/pred/bio.csv;runs/pivot/e4/fold1/reliseg_s1/pred/bio.csv;runs/pivot/e4/fold2/reliseg_s1/pred/bio.csv;runs/pivot/e4/fold3/reliseg_s1/pred/bio.csv;runs/pivot/e4/fold4/reliseg_s1/pred/bio.csv,runs/pivot/e4/fold0/continued_s1/pred/bio.csv;runs/pivot/e4/fold1/continued_s1/pred/bio.csv;runs/pivot/e4/fold2/continued_s1/pred/bio.csv;runs/pivot/e4/fold3/continued_s1/pred/bio.csv;runs/pivot/e4/fold4/continued_s1/pred/bio.csv,results/pivot/e4_gt_fundusavseg.csv,"per outer fold: 1.4826*MAD of the reference-mask biomarkers of that fold's 80 TRAINING images, applied to its 20 held-out images (results/pivot/e4_gt_fundusavseg.csv); no Gate A train scale exists for Fundus-AVSeg (DECISIONS 2026-09-17 13:30 (4))"
fundusavseg,fundusavseg,leave_out_fold4,reliseg,continued,primary,oof minus fold 4,last,tortuosity,skan,80,0,-0.045734344278364536,,,0.14812391530878855,,False,point estimate on the other four folds,runs/pivot/e4/fold0/reliseg_s1/pred/bio.csv;runs/pivot/e4/fold1/reliseg_s1/pred/bio.csv;runs/pivot/e4/fold2/reliseg_s1/pred/bio.csv;runs/pivot/e4/fold3/reliseg_s1/pred/bio.csv;runs/pivot/e4/fold4/reliseg_s1/pred/bio.csv,runs/pivot/e4/fold0/continued_s1/pred/bio.csv;runs/pivot/e4/fold1/continued_s1/pred/bio.csv;runs/pivot/e4/fold2/continued_s1/pred/bio.csv;runs/pivot/e4/fold3/continued_s1/pred/bio.csv;runs/pivot/e4/fold4/continued_s1/pred/bio.csv,results/pivot/e4_gt_fundusavseg.csv,"per outer fold: 1.4826*MAD of the reference-mask biomarkers of that fold's 80 TRAINING images, applied to its 20 held-out images (results/pivot/e4_gt_fundusavseg.csv); no Gate A train scale exists for Fundus-AVSeg (DECISIONS 2026-09-17 13:30 (4))"
fundusavseg,fundusavseg,oof_pooled,reliseg,baseline,secondary,oof(5 folds),last,tortuosity,skan,100,2000,-0.053979932687734156,-0.10754929759894333,-0.026222892898736746,0.1737649826831104,,False,"paired bootstrap, 2000 resamples drawn WITHIN each outer fold (fold structure preserved); the interval is conditional on the fixed folds and the fitted models",runs/pivot/e4/fold0/reliseg_s1/pred/bio.csv;runs/pivot/e4/fold1/reliseg_s1/pred/bio.csv;runs/pivot/e4/fold2/reliseg_s1/pred/bio.csv;runs/pivot/e4/fold3/reliseg_s1/pred/bio.csv;runs/pivot/e4/fold4/reliseg_s1/pred/bio.csv,runs/pivot/e4/fold0/base/pred/bio.csv;runs/pivot/e4/fold1/base/pred/bio.csv;runs/pivot/e4/fold2/base/pred/bio.csv;runs/pivot/e4/fold3/base/pred/bio.csv;runs/pivot/e4/fold4/base/pred/bio.csv,results/pivot/e4_gt_fundusavseg.csv,"per outer fold: 1.4826*MAD of the reference-mask biomarkers of that fold's 80 TRAINING images, applied to its 20 held-out images (results/pivot/e4_gt_fundusavseg.csv); no Gate A train scale exists for Fundus-AVSeg (DECISIONS 2026-09-17 13:30 (4))"
fundusavseg,fundusavseg,leave_out_fold0,reliseg,baseline,secondary,oof minus fold 0,last,tortuosity,skan,80,0,-0.05294253646897651,,,0.17889119606574433,,False,point estimate on the other four folds,runs/pivot/e4/fold0/reliseg_s1/pred/bio.csv;runs/pivot/e4/fold1/reliseg_s1/pred/bio.csv;runs/pivot/e4/fold2/reliseg_s1/pred/bio.csv;runs/pivot/e4/fold3/reliseg_s1/pred/bio.csv;runs/pivot/e4/fold4/reliseg_s1/pred/bio.csv,runs/pivot/e4/fold0/base/pred/bio.csv;runs/pivot/e4/fold1/base/pred/bio.csv;runs/pivot/e4/fold2/base/pred/bio.csv;runs/pivot/e4/fold3/base/pred/bio.csv;runs/pivot/e4/fold4/base/pred/bio.csv,results/pivot/e4_gt_fundusavseg.csv,"per outer fold: 1.4826*MAD of the reference-mask biomarkers of that fold's 80 TRAINING images, applied to its 20 held-out images (results/pivot/e4_gt_fundusavseg.csv); no Gate A train scale exists for Fundus-AVSeg (DECISIONS 2026-09-17 13:30 (4))"
fundusavseg,fundusavseg,leave_out_fold1,reliseg,baseline,secondary,oof minus fold 1,last,tortuosity,skan,80,0,-0.047195019522122794,,,0.16588841885489322,,False,point estimate on the other four folds,runs/pivot/e4/fold0/reliseg_s1/pred/bio.csv;runs/pivot/e4/fold1/reliseg_s1/pred/bio.csv;runs/pivot/e4/fold2/reliseg_s1/pred/bio.csv;runs/pivot/e4/fold3/reliseg_s1/pred/bio.csv;runs/pivot/e4/fold4/reliseg_s1/pred/bio.csv,runs/pivot/e4/fold0/base/pred/bio.csv;runs/pivot/e4/fold1/base/pred/bio.csv;runs/pivot/e4/fold2/base/pred/bio.csv;runs/pivot/e4/fold3/base/pred/bio.csv;runs/pivot/e4/fold4/base/pred/bio.csv,results/pivot/e4_gt_fundusavseg.csv,"per outer fold: 1.4826*MAD of the reference-mask biomarkers of that fold's 80 TRAINING images, applied to its 20 held-out images (results/pivot/e4_gt_fundusavseg.csv); no Gate A train scale exists for Fundus-AVSeg (DECISIONS 2026-09-17 13:30 (4))"
fundusavseg,fundusavseg,leave_out_fold2,reliseg,baseline,secondary,oof minus fold 2,last,tortuosity,skan,80,0,-0.06272315653950833,,,0.16106114823475068,,False,point estimate on the other four folds,runs/pivot/e4/fold0/reliseg_s1/pred/bio.csv;runs/pivot/e4/fold1/reliseg_s1/pred/bio.csv;runs/pivot/e4/fold2/reliseg_s1/pred/bio.csv;runs/pivot/e4/fold3/reliseg_s1/pred/bio.csv;runs/pivot/e4/fold4/reliseg_s1/pred/bio.csv,runs/pivot/e4/fold0/base/pred/bio.csv;runs/pivot/e4/fold1/base/pred/bio.csv;runs/pivot/e4/fold2/base/pred/bio.csv;runs/pivot/e4/fold3/base/pred/bio.csv;runs/pivot/e4/fold4/base/pred/bio.csv,results/pivot/e4_gt_fundusavseg.csv,"per outer fold: 1.4826*MAD of the reference-mask biomarkers of that fold's 80 TRAINING images, applied to its 20 held-out images (results/pivot/e4_gt_fundusavseg.csv); no Gate A train scale exists for Fundus-AVSeg (DECISIONS 2026-09-17 13:30 (4))"
fundusavseg,fundusavseg,leave_out_fold3,reliseg,baseline,secondary,oof minus fold 3,last,tortuosity,skan,80,0,-0.07074402173824446,,,0.18022640980177299,,False,point estimate on the other four folds,runs/pivot/e4/fold0/reliseg_s1/pred/bio.csv;runs/pivot/e4/fold1/reliseg_s1/pred/bio.csv;runs/pivot/e4/fold2/reliseg_s1/pred/bio.csv;runs/pivot/e4/fold3/reliseg_s1/pred/bio.csv;runs/pivot/e4/fold4/reliseg_s1/pred/bio.csv,runs/pivot/e4/fold0/base/pred/bio.csv;runs/pivot/e4/fold1/base/pred/bio.csv;runs/pivot/e4/fold2/base/pred/bio.csv;runs/pivot/e4/fold3/base/pred/bio.csv;runs/pivot/e4/fold4/base/pred/bio.csv,results/pivot/e4_gt_fundusavseg.csv,"per outer fold: 1.4826*MAD of the reference-mask biomarkers of that fold's 80 TRAINING images, applied to its 20 held-out images (results/pivot/e4_gt_fundusavseg.csv); no Gate A train scale exists for Fundus-AVSeg (DECISIONS 2026-09-17 13:30 (4))"
fundusavseg,fundusavseg,leave_out_fold4,reliseg,baseline,secondary,oof minus fold 4,last,tortuosity,skan,80,0,-0.04382373024563624,,,0.1827577404583908,,False,point estimate on the other four folds,runs/pivot/e4/fold0/reliseg_s1/pred/bio.csv;runs/pivot/e4/fold1/reliseg_s1/pred/bio.csv;runs/pivot/e4/fold2/reliseg_s1/pred/bio.csv;runs/pivot/e4/fold3/reliseg_s1/pred/bio.csv;runs/pivot/e4/fold4/reliseg_s1/pred/bio.csv,runs/pivot/e4/fold0/base/pred/bio.csv;runs/pivot/e4/fold1/base/pred/bio.csv;runs/pivot/e4/fold2/base/pred/bio.csv;runs/pivot/e4/fold3/base/pred/bio.csv;runs/pivot/e4/fold4/base/pred/bio.csv,results/pivot/e4_gt_fundusavseg.csv,"per outer fold: 1.4826*MAD of the reference-mask biomarkers of that fold's 80 TRAINING images, applied to its 20 held-out images (results/pivot/e4_gt_fundusavseg.csv); no Gate A train scale exists for Fundus-AVSeg (DECISIONS 2026-09-17 13:30 (4))"
fundusavseg,fundusavseg,oof_pooled,continued,baseline,context,oof(5 folds),last,tortuosity,skan,100,2000,0.0014527364572217705,-0.003009598844630673,0.00639873532773099,0.029110995350414295,,False,"paired bootstrap, 2000 resamples drawn WITHIN each outer fold (fold structure preserved); the interval is conditional on the fixed folds and the fitted models",runs/pivot/e4/fold0/continued_s1/pred/bio.csv;runs/pivot/e4/fold1/continued_s1/pred/bio.csv;runs/pivot/e4/fold2/continued_s1/pred/bio.csv;runs/pivot/e4/fold3/continued_s1/pred/bio.csv;runs/pivot/e4/fold4/continued_s1/pred/bio.csv,runs/pivot/e4/fold0/base/pred/bio.csv;runs/pivot/e4/fold1/base/pred/bio.csv;runs/pivot/e4/fold2/base/pred/bio.csv;runs/pivot/e4/fold3/base/pred/bio.csv;runs/pivot/e4/fold4/base/pred/bio.csv,results/pivot/e4_gt_fundusavseg.csv,"per outer fold: 1.4826*MAD of the reference-mask biomarkers of that fold's 80 TRAINING images, applied to its 20 held-out images (results/pivot/e4_gt_fundusavseg.csv); no Gate A train scale exists for Fundus-AVSeg (DECISIONS 2026-09-17 13:30 (4))"
fundusavseg,fundusavseg,leave_out_fold0,continued,baseline,context,oof minus fold 0,last,tortuosity,skan,80,0,-0.0007969640431442215,,,0.010904958824452277,,False,point estimate on the other four folds,runs/pivot/e4/fold0/continued_s1/pred/bio.csv;runs/pivot/e4/fold1/continued_s1/pred/bio.csv;runs/pivot/e4/fold2/continued_s1/pred/bio.csv;runs/pivot/e4/fold3/continued_s1/pred/bio.csv;runs/pivot/e4/fold4/continued_s1/pred/bio.csv,runs/pivot/e4/fold0/base/pred/bio.csv;runs/pivot/e4/fold1/base/pred/bio.csv;runs/pivot/e4/fold2/base/pred/bio.csv;runs/pivot/e4/fold3/base/pred/bio.csv;runs/pivot/e4/fold4/base/pred/bio.csv,results/pivot/e4_gt_fundusavseg.csv,"per outer fold: 1.4826*MAD of the reference-mask biomarkers of that fold's 80 TRAINING images, applied to its 20 held-out images (results/pivot/e4_gt_fundusavseg.csv); no Gate A train scale exists for Fundus-AVSeg (DECISIONS 2026-09-17 13:30 (4))"
fundusavseg,fundusavseg,leave_out_fold1,continued,baseline,context,oof minus fold 1,last,tortuosity,skan,80,0,0.0022246835143017174,,,0.035734529232372594,,False,point estimate on the other four folds,runs/pivot/e4/fold0/continued_s1/pred/bio.csv;runs/pivot/e4/fold1/continued_s1/pred/bio.csv;runs/pivot/e4/fold2/continued_s1/pred/bio.csv;runs/pivot/e4/fold3/continued_s1/pred/bio.csv;runs/pivot/e4/fold4/continued_s1/pred/bio.csv,runs/pivot/e4/fold0/base/pred/bio.csv;runs/pivot/e4/fold1/base/pred/bio.csv;runs/pivot/e4/fold2/base/pred/bio.csv;runs/pivot/e4/fold3/base/pred/bio.csv;runs/pivot/e4/fold4/base/pred/bio.csv,results/pivot/e4_gt_fundusavseg.csv,"per outer fold: 1.4826*MAD of the reference-mask biomarkers of that fold's 80 TRAINING images, applied to its 20 held-out images (results/pivot/e4_gt_fundusavseg.csv); no Gate A train scale exists for Fundus-AVSeg (DECISIONS 2026-09-17 13:30 (4))"
fundusavseg,fundusavseg,leave_out_fold2,continued,baseline,context,oof minus fold 2,last,tortuosity,skan,80,0,0.0012734378219642073,,,0.027857105230976675,,False,point estimate on the other four folds,runs/pivot/e4/fold0/continued_s1/pred/bio.csv;runs/pivot/e4/fold1/continued_s1/pred/bio.csv;runs/pivot/e4/fold2/continued_s1/pred/bio.csv;runs/pivot/e4/fold3/continued_s1/pred/bio.csv;runs/pivot/e4/fold4/continued_s1/pred/bio.csv,runs/pivot/e4/fold0/base/pred/bio.csv;runs/pivot/e4/fold1/base/pred/bio.csv;runs/pivot/e4/fold2/base/pred/bio.csv;runs/pivot/e4/fold3/base/pred/bio.csv;runs/pivot/e4/fold4/base/pred/bio.csv,results/pivot/e4_gt_fundusavseg.csv,"per outer fold: 1.4826*MAD of the reference-mask biomarkers of that fold's 80 TRAINING images, applied to its 20 held-out images (results/pivot/e4_gt_fundusavseg.csv); no Gate A train scale exists for Fundus-AVSeg (DECISIONS 2026-09-17 13:30 (4))"
fundusavseg,fundusavseg,leave_out_fold3,continued,baseline,context,oof minus fold 3,last,tortuosity,skan,80,0,0.002300047875880562,,,0.03642455831466776,,False,point estimate on the other four folds,runs/pivot/e4/fold0/continued_s1/pred/bio.csv;runs/pivot/e4/fold1/continued_s1/pred/bio.csv;runs/pivot/e4/fold2/continued_s1/pred/bio.csv;runs/pivot/e4/fold3/continued_s1/pred/bio.csv;runs/pivot/e4/fold4/continued_s1/pred/bio.csv,runs/pivot/e4/fold0/base/pred/bio.csv;runs/pivot/e4/fold1/base/pred/bio.csv;runs/pivot/e4/fold2/base/pred/bio.csv;runs/pivot/e4/fold3/base/pred/bio.csv;runs/pivot/e4/fold4/base/pred/bio.csv,results/pivot/e4_gt_fundusavseg.csv,"per outer fold: 1.4826*MAD of the reference-mask biomarkers of that fold's 80 TRAINING images, applied to its 20 held-out images (results/pivot/e4_gt_fundusavseg.csv); no Gate A train scale exists for Fundus-AVSeg (DECISIONS 2026-09-17 13:30 (4))"
fundusavseg,fundusavseg,leave_out_fold4,continued,baseline,context,oof minus fold 4,last,tortuosity,skan,80,0,0.0019106140327282972,,,0.034633825149602254,,False,point estimate on the other four folds,runs/pivot/e4/fold0/continued_s1/pred/bio.csv;runs/pivot/e4/fold1/continued_s1/pred/bio.csv;runs/pivot/e4/fold2/continued_s1/pred/bio.csv;runs/pivot/e4/fold3/continued_s1/pred/bio.csv;runs/pivot/e4/fold4/continued_s1/pred/bio.csv,runs/pivot/e4/fold0/base/pred/bio.csv;runs/pivot/e4/fold1/base/pred/bio.csv;runs/pivot/e4/fold2/base/pred/bio.csv;runs/pivot/e4/fold3/base/pred/bio.csv;runs/pivot/e4/fold4/base/pred/bio.csv,results/pivot/e4_gt_fundusavseg.csv,"per outer fold: 1.4826*MAD of the reference-mask biomarkers of that fold's 80 TRAINING images, applied to its 20 held-out images (results/pivot/e4_gt_fundusavseg.csv); no Gate A train scale exists for Fundus-AVSeg (DECISIONS 2026-09-17 13:30 (4))"
fundusavseg,fundusavseg,oof_pooled,reliseg,continued,primary,oof(5 folds),last,density,pvbm,100,2000,-0.003632396486393019,-0.00794786382475542,7.394647287167658e-05,0.014700380873965219,,False,"paired bootstrap, 2000 resamples drawn WITHIN each outer fold (fold structure preserved); the interval is conditional on the fixed folds and the fitted models",runs/pivot/e4/fold0/reliseg_s1/pred/bio.csv;runs/pivot/e4/fold1/reliseg_s1/pred/bio.csv;runs/pivot/e4/fold2/reliseg_s1/pred/bio.csv;runs/pivot/e4/fold3/reliseg_s1/pred/bio.csv;runs/pivot/e4/fold4/reliseg_s1/pred/bio.csv,runs/pivot/e4/fold0/continued_s1/pred/bio.csv;runs/pivot/e4/fold1/continued_s1/pred/bio.csv;runs/pivot/e4/fold2/continued_s1/pred/bio.csv;runs/pivot/e4/fold3/continued_s1/pred/bio.csv;runs/pivot/e4/fold4/continued_s1/pred/bio.csv,results/pivot/e4_gt_fundusavseg.csv,"per outer fold: 1.4826*MAD of the reference-mask biomarkers of that fold's 80 TRAINING images, applied to its 20 held-out images (results/pivot/e4_gt_fundusavseg.csv); no Gate A train scale exists for Fundus-AVSeg (DECISIONS 2026-09-17 13:30 (4))"
fundusavseg,fundusavseg,leave_out_fold0,reliseg,continued,primary,oof minus fold 0,last,density,pvbm,80,0,-0.00456412612885837,,,0.009640150435564324,,False,point estimate on the other four folds,runs/pivot/e4/fold0/reliseg_s1/pred/bio.csv;runs/pivot/e4/fold1/reliseg_s1/pred/bio.csv;runs/pivot/e4/fold2/reliseg_s1/pred/bio.csv;runs/pivot/e4/fold3/reliseg_s1/pred/bio.csv;runs/pivot/e4/fold4/reliseg_s1/pred/bio.csv,runs/pivot/e4/fold0/continued_s1/pred/bio.csv;runs/pivot/e4/fold1/continued_s1/pred/bio.csv;runs/pivot/e4/fold2/continued_s1/pred/bio.csv;runs/pivot/e4/fold3/continued_s1/pred/bio.csv;runs/pivot/e4/fold4/continued_s1/pred/bio.csv,results/pivot/e4_gt_fundusavseg.csv,"per outer fold: 1.4826*MAD of the reference-mask biomarkers of that fold's 80 TRAINING images, applied to its 20 held-out images (results/pivot/e4_gt_fundusavseg.csv); no Gate A train scale exists for Fundus-AVSeg (DECISIONS 2026-09-17 13:30 (4))"
fundusavseg,fundusavseg,leave_out_fold1,reliseg,continued,primary,oof minus fold 1,last,density,pvbm,80,0,-0.0036426301124958815,,,0.02144023432702799,,False,point estimate on the other four folds,runs/pivot/e4/fold0/reliseg_s1/pred/bio.csv;runs/pivot/e4/fold1/reliseg_s1/pred/bio.csv;runs/pivot/e4/fold2/reliseg_s1/pred/bio.csv;runs/pivot/e4/fold3/reliseg_s1/pred/bio.csv;runs/pivot/e4/fold4/reliseg_s1/pred/bio.csv,runs/pivot/e4/fold0/continued_s1/pred/bio.csv;runs/pivot/e4/fold1/continued_s1/pred/bio.csv;runs/pivot/e4/fold2/continued_s1/pred/bio.csv;runs/pivot/e4/fold3/continued_s1/pred/bio.csv;runs/pivot/e4/fold4/continued_s1/pred/bio.csv,results/pivot/e4_gt_fundusavseg.csv,"per outer fold: 1.4826*MAD of the reference-mask biomarkers of that fold's 80 TRAINING images, applied to its 20 held-out images (results/pivot/e4_gt_fundusavseg.csv); no Gate A train scale exists for Fundus-AVSeg (DECISIONS 2026-09-17 13:30 (4))"
fundusavseg,fundusavseg,leave_out_fold2,reliseg,continued,primary,oof minus fold 2,last,density,pvbm,80,0,-0.0033945583916829003,,,0.022715268632915085,,False,point estimate on the other four folds,runs/pivot/e4/fold0/reliseg_s1/pred/bio.csv;runs/pivot/e4/fold1/reliseg_s1/pred/bio.csv;runs/pivot/e4/fold2/reliseg_s1/pred/bio.csv;runs/pivot/e4/fold3/reliseg_s1/pred/bio.csv;runs/pivot/e4/fold4/reliseg_s1/pred/bio.csv,runs/pivot/e4/fold0/continued_s1/pred/bio.csv;runs/pivot/e4/fold1/continued_s1/pred/bio.csv;runs/pivot/e4/fold2/continued_s1/pred/bio.csv;runs/pivot/e4/fold3/continued_s1/pred/bio.csv;runs/pivot/e4/fold4/continued_s1/pred/bio.csv,results/pivot/e4_gt_fundusavseg.csv,"per outer fold: 1.4826*MAD of the reference-mask biomarkers of that fold's 80 TRAINING images, applied to its 20 held-out images (results/pivot/e4_gt_fundusavseg.csv); no Gate A train scale exists for Fundus-AVSeg (DECISIONS 2026-09-17 13:30 (4))"
fundusavseg,fundusavseg,leave_out_fold3,reliseg,continued,primary,oof minus fold 3,last,density,pvbm,80,0,-0.0022842313654606317,,,0.01010163168028112,,False,point estimate on the other four folds,runs/pivot/e4/fold0/reliseg_s1/pred/bio.csv;runs/pivot/e4/fold1/reliseg_s1/pred/bio.csv;runs/pivot/e4/fold2/reliseg_s1/pred/bio.csv;runs/pivot/e4/fold3/reliseg_s1/pred/bio.csv;runs/pivot/e4/fold4/reliseg_s1/pred/bio.csv,runs/pivot/e4/fold0/continued_s1/pred/bio.csv;runs/pivot/e4/fold1/continued_s1/pred/bio.csv;runs/pivot/e4/fold2/continued_s1/pred/bio.csv;runs/pivot/e4/fold3/continued_s1/pred/bio.csv;runs/pivot/e4/fold4/continued_s1/pred/bio.csv,results/pivot/e4_gt_fundusavseg.csv,"per outer fold: 1.4826*MAD of the reference-mask biomarkers of that fold's 80 TRAINING images, applied to its 20 held-out images (results/pivot/e4_gt_fundusavseg.csv); no Gate A train scale exists for Fundus-AVSeg (DECISIONS 2026-09-17 13:30 (4))"
fundusavseg,fundusavseg,leave_out_fold4,reliseg,continued,primary,oof minus fold 4,last,density,pvbm,80,0,-0.004726908033233612,,,0.009604619294037588,,False,point estimate on the other four folds,runs/pivot/e4/fold0/reliseg_s1/pred/bio.csv;runs/pivot/e4/fold1/reliseg_s1/pred/bio.csv;runs/pivot/e4/fold2/reliseg_s1/pred/bio.csv;runs/pivot/e4/fold3/reliseg_s1/pred/bio.csv;runs/pivot/e4/fold4/reliseg_s1/pred/bio.csv,runs/pivot/e4/fold0/continued_s1/pred/bio.csv;runs/pivot/e4/fold1/continued_s1/pred/bio.csv;runs/pivot/e4/fold2/continued_s1/pred/bio.csv;runs/pivot/e4/fold3/continued_s1/pred/bio.csv;runs/pivot/e4/fold4/continued_s1/pred/bio.csv,results/pivot/e4_gt_fundusavseg.csv,"per outer fold: 1.4826*MAD of the reference-mask biomarkers of that fold's 80 TRAINING images, applied to its 20 held-out images (results/pivot/e4_gt_fundusavseg.csv); no Gate A train scale exists for Fundus-AVSeg (DECISIONS 2026-09-17 13:30 (4))"
fundusavseg,fundusavseg,oof_pooled,reliseg,baseline,secondary,oof(5 folds),last,density,pvbm,100,2000,-0.0025045859151529015,-0.008206107453060154,0.0027610472054742886,0.13143909481619656,,False,"paired bootstrap, 2000 resamples drawn WITHIN each outer fold (fold structure preserved); the interval is conditional on the fixed folds and the fitted models",runs/pivot/e4/fold0/reliseg_s1/pred/bio.csv;runs/pivot/e4/fold1/reliseg_s1/pred/bio.csv;runs/pivot/e4/fold2/reliseg_s1/pred/bio.csv;runs/pivot/e4/fold3/reliseg_s1/pred/bio.csv;runs/pivot/e4/fold4/reliseg_s1/pred/bio.csv,runs/pivot/e4/fold0/base/pred/bio.csv;runs/pivot/e4/fold1/base/pred/bio.csv;runs/pivot/e4/fold2/base/pred/bio.csv;runs/pivot/e4/fold3/base/pred/bio.csv;runs/pivot/e4/fold4/base/pred/bio.csv,results/pivot/e4_gt_fundusavseg.csv,"per outer fold: 1.4826*MAD of the reference-mask biomarkers of that fold's 80 TRAINING images, applied to its 20 held-out images (results/pivot/e4_gt_fundusavseg.csv); no Gate A train scale exists for Fundus-AVSeg (DECISIONS 2026-09-17 13:30 (4))"
fundusavseg,fundusavseg,leave_out_fold0,reliseg,baseline,secondary,oof minus fold 0,last,density,pvbm,80,0,-0.002670869370871465,,,0.1471345635718214,,False,point estimate on the other four folds,runs/pivot/e4/fold0/reliseg_s1/pred/bio.csv;runs/pivot/e4/fold1/reliseg_s1/pred/bio.csv;runs/pivot/e4/fold2/reliseg_s1/pred/bio.csv;runs/pivot/e4/fold3/reliseg_s1/pred/bio.csv;runs/pivot/e4/fold4/reliseg_s1/pred/bio.csv,runs/pivot/e4/fold0/base/pred/bio.csv;runs/pivot/e4/fold1/base/pred/bio.csv;runs/pivot/e4/fold2/base/pred/bio.csv;runs/pivot/e4/fold3/base/pred/bio.csv;runs/pivot/e4/fold4/base/pred/bio.csv,results/pivot/e4_gt_fundusavseg.csv,"per outer fold: 1.4826*MAD of the reference-mask biomarkers of that fold's 80 TRAINING images, applied to its 20 held-out images (results/pivot/e4_gt_fundusavseg.csv); no Gate A train scale exists for Fundus-AVSeg (DECISIONS 2026-09-17 13:30 (4))"
fundusavseg,fundusavseg,leave_out_fold1,reliseg,baseline,secondary,oof minus fold 1,last,density,pvbm,80,0,-0.0027699378261277774,,,0.1453766376491292,,False,point estimate on the other four folds,runs/pivot/e4/fold0/reliseg_s1/pred/bio.csv;runs/pivot/e4/fold1/reliseg_s1/pred/bio.csv;runs/pivot/e4/fold2/reliseg_s1/pred/bio.csv;runs/pivot/e4/fold3/reliseg_s1/pred/bio.csv;runs/pivot/e4/fold4/reliseg_s1/pred/bio.csv,runs/pivot/e4/fold0/base/pred/bio.csv;runs/pivot/e4/fold1/base/pred/bio.csv;runs/pivot/e4/fold2/base/pred/bio.csv;runs/pivot/e4/fold3/base/pred/bio.csv;runs/pivot/e4/fold4/base/pred/bio.csv,results/pivot/e4_gt_fundusavseg.csv,"per outer fold: 1.4826*MAD of the reference-mask biomarkers of that fold's 80 TRAINING images, applied to its 20 held-out images (results/pivot/e4_gt_fundusavseg.csv); no Gate A train scale exists for Fundus-AVSeg (DECISIONS 2026-09-17 13:30 (4))"
fundusavseg,fundusavseg,leave_out_fold2,reliseg,baseline,secondary,oof minus fold 2,last,density,pvbm,80,0,-0.003961441173285785,,,0.11080222119108794,,False,point estimate on the other four folds,runs/pivot/e4/fold0/reliseg_s1/pred/bio.csv;runs/pivot/e4/fold1/reliseg_s1/pred/bio.csv;runs/pivot/e4/fold2/reliseg_s1/pred/bio.csv;runs/pivot/e4/fold3/reliseg_s1/pred/bio.csv;runs/pivot/e4/fold4/reliseg_s1/pred/bio.csv,runs/pivot/e4/fold0/base/pred/bio.csv;runs/pivot/e4/fold1/base/pred/bio.csv;runs/pivot/e4/fold2/base/pred/bio.csv;runs/pivot/e4/fold3/base/pred/bio.csv;runs/pivot/e4/fold4/base/pred/bio.csv,results/pivot/e4_gt_fundusavseg.csv,"per outer fold: 1.4826*MAD of the reference-mask biomarkers of that fold's 80 TRAINING images, applied to its 20 held-out images (results/pivot/e4_gt_fundusavseg.csv); no Gate A train scale exists for Fundus-AVSeg (DECISIONS 2026-09-17 13:30 (4))"
fundusavseg,fundusavseg,leave_out_fold3,reliseg,baseline,secondary,oof minus fold 3,last,density,pvbm,80,0,-0.00035381892781294333,,,0.1238432449339086,,False,point estimate on the other four folds,runs/pivot/e4/fold0/reliseg_s1/pred/bio.csv;runs/pivot/e4/fold1/reliseg_s1/pred/bio.csv;runs/pivot/e4/fold2/reliseg_s1/pred/bio.csv;runs/pivot/e4/fold3/reliseg_s1/pred/bio.csv;runs/pivot/e4/fold4/reliseg_s1/pred/bio.csv,runs/pivot/e4/fold0/base/pred/bio.csv;runs/pivot/e4/fold1/base/pred/bio.csv;runs/pivot/e4/fold2/base/pred/bio.csv;runs/pivot/e4/fold3/base/pred/bio.csv;runs/pivot/e4/fold4/base/pred/bio.csv,results/pivot/e4_gt_fundusavseg.csv,"per outer fold: 1.4826*MAD of the reference-mask biomarkers of that fold's 80 TRAINING images, applied to its 20 held-out images (results/pivot/e4_gt_fundusavseg.csv); no Gate A train scale exists for Fundus-AVSeg (DECISIONS 2026-09-17 13:30 (4))"
fundusavseg,fundusavseg,leave_out_fold4,reliseg,baseline,secondary,oof minus fold 4,last,density,pvbm,80,0,-0.003729538942576216,,,0.13003880673503554,,False,point estimate on the other four folds,runs/pivot/e4/fold0/reliseg_s1/pred/bio.csv;runs/pivot/e4/fold1/reliseg_s1/pred/bio.csv;runs/pivot/e4/fold2/reliseg_s1/pred/bio.csv;runs/pivot/e4/fold3/reliseg_s1/pred/bio.csv;runs/pivot/e4/fold4/reliseg_s1/pred/bio.csv,runs/pivot/e4/fold0/base/pred/bio.csv;runs/pivot/e4/fold1/base/pred/bio.csv;runs/pivot/e4/fold2/base/pred/bio.csv;runs/pivot/e4/fold3/base/pred/bio.csv;runs/pivot/e4/fold4/base/pred/bio.csv,results/pivot/e4_gt_fundusavseg.csv,"per outer fold: 1.4826*MAD of the reference-mask biomarkers of that fold's 80 TRAINING images, applied to its 20 held-out images (results/pivot/e4_gt_fundusavseg.csv); no Gate A train scale exists for Fundus-AVSeg (DECISIONS 2026-09-17 13:30 (4))"
fundusavseg,fundusavseg,oof_pooled,continued,baseline,context,oof(5 folds),last,density,pvbm,100,2000,0.0011278105712401176,-0.0044791287522986225,0.00745832763219616,0.11673871394223134,,False,"paired bootstrap, 2000 resamples drawn WITHIN each outer fold (fold structure preserved); the interval is conditional on the fixed folds and the fitted models",runs/pivot/e4/fold0/continued_s1/pred/bio.csv;runs/pivot/e4/fold1/continued_s1/pred/bio.csv;runs/pivot/e4/fold2/continued_s1/pred/bio.csv;runs/pivot/e4/fold3/continued_s1/pred/bio.csv;runs/pivot/e4/fold4/continued_s1/pred/bio.csv,runs/pivot/e4/fold0/base/pred/bio.csv;runs/pivot/e4/fold1/base/pred/bio.csv;runs/pivot/e4/fold2/base/pred/bio.csv;runs/pivot/e4/fold3/base/pred/bio.csv;runs/pivot/e4/fold4/base/pred/bio.csv,results/pivot/e4_gt_fundusavseg.csv,"per outer fold: 1.4826*MAD of the reference-mask biomarkers of that fold's 80 TRAINING images, applied to its 20 held-out images (results/pivot/e4_gt_fundusavseg.csv); no Gate A train scale exists for Fundus-AVSeg (DECISIONS 2026-09-17 13:30 (4))"
fundusavseg,fundusavseg,leave_out_fold0,continued,baseline,context,oof minus fold 0,last,density,pvbm,80,0,0.0018932567579869053,,,0.13749441313625707,,False,point estimate on the other four folds,runs/pivot/e4/fold0/continued_s1/pred/bio.csv;runs/pivot/e4/fold1/continued_s1/pred/bio.csv;runs/pivot/e4/fold2/continued_s1/pred/bio.csv;runs/pivot/e4/fold3/continued_s1/pred/bio.csv;runs/pivot/e4/fold4/continued_s1/pred/bio.csv,runs/pivot/e4/fold0/base/pred/bio.csv;runs/pivot/e4/fold1/base/pred/bio.csv;runs/pivot/e4/fold2/base/pred/bio.csv;runs/pivot/e4/fold3/base/pred/bio.csv;runs/pivot/e4/fold4/base/pred/bio.csv,results/pivot/e4_gt_fundusavseg.csv,"per outer fold: 1.4826*MAD of the reference-mask biomarkers of that fold's 80 TRAINING images, applied to its 20 held-out images (results/pivot/e4_gt_fundusavseg.csv); no Gate A train scale exists for Fundus-AVSeg (DECISIONS 2026-09-17 13:30 (4))"
fundusavseg,fundusavseg,leave_out_fold1,continued,baseline,context,oof minus fold 1,last,density,pvbm,80,0,0.0008726922863681041,,,0.12393640332210121,,False,point estimate on the other four folds,runs/pivot/e4/fold0/continued_s1/pred/bio.csv;runs/pivot/e4/fold1/continued_s1/pred/bio.csv;runs/pivot/e4/fold2/continued_s1/pred/bio.csv;runs/pivot/e4/fold3/continued_s1/pred/bio.csv;runs/pivot/e4/fold4/continued_s1/pred/bio.csv,runs/pivot/e4/fold0/base/pred/bio.csv;runs/pivot/e4/fold1/base/pred/bio.csv;runs/pivot/e4/fold2/base/pred/bio.csv;runs/pivot/e4/fold3/base/pred/bio.csv;runs/pivot/e4/fold4/base/pred/bio.csv,results/pivot/e4_gt_fundusavseg.csv,"per outer fold: 1.4826*MAD of the reference-mask biomarkers of that fold's 80 TRAINING images, applied to its 20 held-out images (results/pivot/e4_gt_fundusavseg.csv); no Gate A train scale exists for Fundus-AVSeg (DECISIONS 2026-09-17 13:30 (4))"
fundusavseg,fundusavseg,leave_out_fold2,continued,baseline,context,oof minus fold 2,last,density,pvbm,80,0,-0.0005668827816028843,,,0.08808695255817287,,False,point estimate on the other four folds,runs/pivot/e4/fold0/continued_s1/pred/bio.csv;runs/pivot/e4/fold1/continued_s1/pred/bio.csv;runs/pivot/e4/fold2/continued_s1/pred/bio.csv;runs/pivot/e4/fold3/continued_s1/pred/bio.csv;runs/pivot/e4/fold4/continued_s1/pred/bio.csv,runs/pivot/e4/fold0/base/pred/bio.csv;runs/pivot/e4/fold1/base/pred/bio.csv;runs/pivot/e4/fold2/base/pred/bio.csv;runs/pivot/e4/fold3/base/pred/bio.csv;runs/pivot/e4/fold4/base/pred/bio.csv,results/pivot/e4_gt_fundusavseg.csv,"per outer fold: 1.4826*MAD of the reference-mask biomarkers of that fold's 80 TRAINING images, applied to its 20 held-out images (results/pivot/e4_gt_fundusavseg.csv); no Gate A train scale exists for Fundus-AVSeg (DECISIONS 2026-09-17 13:30 (4))"
fundusavseg,fundusavseg,leave_out_fold3,continued,baseline,context,oof minus fold 3,last,density,pvbm,80,0,0.0019304124376476883,,,0.11374161325362747,,False,point estimate on the other four folds,runs/pivot/e4/fold0/continued_s1/pred/bio.csv;runs/pivot/e4/fold1/continued_s1/pred/bio.csv;runs/pivot/e4/fold2/continued_s1/pred/bio.csv;runs/pivot/e4/fold3/continued_s1/pred/bio.csv;runs/pivot/e4/fold4/continued_s1/pred/bio.csv,runs/pivot/e4/fold0/base/pred/bio.csv;runs/pivot/e4/fold1/base/pred/bio.csv;runs/pivot/e4/fold2/base/pred/bio.csv;runs/pivot/e4/fold3/base/pred/bio.csv;runs/pivot/e4/fold4/base/pred/bio.csv,results/pivot/e4_gt_fundusavseg.csv,"per outer fold: 1.4826*MAD of the reference-mask biomarkers of that fold's 80 TRAINING images, applied to its 20 held-out images (results/pivot/e4_gt_fundusavseg.csv); no Gate A train scale exists for Fundus-AVSeg (DECISIONS 2026-09-17 13:30 (4))"
fundusavseg,fundusavseg,leave_out_fold4,continued,baseline,context,oof minus fold 4,last,density,pvbm,80,0,0.0009973690906573962,,,0.12043418744099796,,False,point estimate on the other four folds,runs/pivot/e4/fold0/continued_s1/pred/bio.csv;runs/pivot/e4/fold1/continued_s1/pred/bio.csv;runs/pivot/e4/fold2/continued_s1/pred/bio.csv;runs/pivot/e4/fold3/continued_s1/pred/bio.csv;runs/pivot/e4/fold4/continued_s1/pred/bio.csv,runs/pivot/e4/fold0/base/pred/bio.csv;runs/pivot/e4/fold1/base/pred/bio.csv;runs/pivot/e4/fold2/base/pred/bio.csv;runs/pivot/e4/fold3/base/pred/bio.csv;runs/pivot/e4/fold4/base/pred/bio.csv,results/pivot/e4_gt_fundusavseg.csv,"per outer fold: 1.4826*MAD of the reference-mask biomarkers of that fold's 80 TRAINING images, applied to its 20 held-out images (results/pivot/e4_gt_fundusavseg.csv); no Gate A train scale exists for Fundus-AVSeg (DECISIONS 2026-09-17 13:30 (4))"
fundusavseg,fundusavseg,oof_pooled,reliseg,continued,primary,oof(5 folds),last,density,skan,100,2000,-0.003632396486393019,-0.00794786382475542,7.394647287167658e-05,0.014700380873965219,1.0,True,"paired bootstrap, 2000 resamples drawn WITHIN each outer fold (fold structure preserved); the interval is conditional on the fixed folds and the fitted models",runs/pivot/e4/fold0/reliseg_s1/pred/bio.csv;runs/pivot/e4/fold1/reliseg_s1/pred/bio.csv;runs/pivot/e4/fold2/reliseg_s1/pred/bio.csv;runs/pivot/e4/fold3/reliseg_s1/pred/bio.csv;runs/pivot/e4/fold4/reliseg_s1/pred/bio.csv,runs/pivot/e4/fold0/continued_s1/pred/bio.csv;runs/pivot/e4/fold1/continued_s1/pred/bio.csv;runs/pivot/e4/fold2/continued_s1/pred/bio.csv;runs/pivot/e4/fold3/continued_s1/pred/bio.csv;runs/pivot/e4/fold4/continued_s1/pred/bio.csv,results/pivot/e4_gt_fundusavseg.csv,"per outer fold: 1.4826*MAD of the reference-mask biomarkers of that fold's 80 TRAINING images, applied to its 20 held-out images (results/pivot/e4_gt_fundusavseg.csv); no Gate A train scale exists for Fundus-AVSeg (DECISIONS 2026-09-17 13:30 (4))"
fundusavseg,fundusavseg,leave_out_fold0,reliseg,continued,primary,oof minus fold 0,last,density,skan,80,0,-0.00456412612885837,,,0.009640150435564324,,False,point estimate on the other four folds,runs/pivot/e4/fold0/reliseg_s1/pred/bio.csv;runs/pivot/e4/fold1/reliseg_s1/pred/bio.csv;runs/pivot/e4/fold2/reliseg_s1/pred/bio.csv;runs/pivot/e4/fold3/reliseg_s1/pred/bio.csv;runs/pivot/e4/fold4/reliseg_s1/pred/bio.csv,runs/pivot/e4/fold0/continued_s1/pred/bio.csv;runs/pivot/e4/fold1/continued_s1/pred/bio.csv;runs/pivot/e4/fold2/continued_s1/pred/bio.csv;runs/pivot/e4/fold3/continued_s1/pred/bio.csv;runs/pivot/e4/fold4/continued_s1/pred/bio.csv,results/pivot/e4_gt_fundusavseg.csv,"per outer fold: 1.4826*MAD of the reference-mask biomarkers of that fold's 80 TRAINING images, applied to its 20 held-out images (results/pivot/e4_gt_fundusavseg.csv); no Gate A train scale exists for Fundus-AVSeg (DECISIONS 2026-09-17 13:30 (4))"
fundusavseg,fundusavseg,leave_out_fold1,reliseg,continued,primary,oof minus fold 1,last,density,skan,80,0,-0.0036426301124958815,,,0.02144023432702799,,False,point estimate on the other four folds,runs/pivot/e4/fold0/reliseg_s1/pred/bio.csv;runs/pivot/e4/fold1/reliseg_s1/pred/bio.csv;runs/pivot/e4/fold2/reliseg_s1/pred/bio.csv;runs/pivot/e4/fold3/reliseg_s1/pred/bio.csv;runs/pivot/e4/fold4/reliseg_s1/pred/bio.csv,runs/pivot/e4/fold0/continued_s1/pred/bio.csv;runs/pivot/e4/fold1/continued_s1/pred/bio.csv;runs/pivot/e4/fold2/continued_s1/pred/bio.csv;runs/pivot/e4/fold3/continued_s1/pred/bio.csv;runs/pivot/e4/fold4/continued_s1/pred/bio.csv,results/pivot/e4_gt_fundusavseg.csv,"per outer fold: 1.4826*MAD of the reference-mask biomarkers of that fold's 80 TRAINING images, applied to its 20 held-out images (results/pivot/e4_gt_fundusavseg.csv); no Gate A train scale exists for Fundus-AVSeg (DECISIONS 2026-09-17 13:30 (4))"
fundusavseg,fundusavseg,leave_out_fold2,reliseg,continued,primary,oof minus fold 2,last,density,skan,80,0,-0.0033945583916829003,,,0.022715268632915085,,False,point estimate on the other four folds,runs/pivot/e4/fold0/reliseg_s1/pred/bio.csv;runs/pivot/e4/fold1/reliseg_s1/pred/bio.csv;runs/pivot/e4/fold2/reliseg_s1/pred/bio.csv;runs/pivot/e4/fold3/reliseg_s1/pred/bio.csv;runs/pivot/e4/fold4/reliseg_s1/pred/bio.csv,runs/pivot/e4/fold0/continued_s1/pred/bio.csv;runs/pivot/e4/fold1/continued_s1/pred/bio.csv;runs/pivot/e4/fold2/continued_s1/pred/bio.csv;runs/pivot/e4/fold3/continued_s1/pred/bio.csv;runs/pivot/e4/fold4/continued_s1/pred/bio.csv,results/pivot/e4_gt_fundusavseg.csv,"per outer fold: 1.4826*MAD of the reference-mask biomarkers of that fold's 80 TRAINING images, applied to its 20 held-out images (results/pivot/e4_gt_fundusavseg.csv); no Gate A train scale exists for Fundus-AVSeg (DECISIONS 2026-09-17 13:30 (4))"
fundusavseg,fundusavseg,leave_out_fold3,reliseg,continued,primary,oof minus fold 3,last,density,skan,80,0,-0.0022842313654606317,,,0.01010163168028112,,False,point estimate on the other four folds,runs/pivot/e4/fold0/reliseg_s1/pred/bio.csv;runs/pivot/e4/fold1/reliseg_s1/pred/bio.csv;runs/pivot/e4/fold2/reliseg_s1/pred/bio.csv;runs/pivot/e4/fold3/reliseg_s1/pred/bio.csv;runs/pivot/e4/fold4/reliseg_s1/pred/bio.csv,runs/pivot/e4/fold0/continued_s1/pred/bio.csv;runs/pivot/e4/fold1/continued_s1/pred/bio.csv;runs/pivot/e4/fold2/continued_s1/pred/bio.csv;runs/pivot/e4/fold3/continued_s1/pred/bio.csv;runs/pivot/e4/fold4/continued_s1/pred/bio.csv,results/pivot/e4_gt_fundusavseg.csv,"per outer fold: 1.4826*MAD of the reference-mask biomarkers of that fold's 80 TRAINING images, applied to its 20 held-out images (results/pivot/e4_gt_fundusavseg.csv); no Gate A train scale exists for Fundus-AVSeg (DECISIONS 2026-09-17 13:30 (4))"
fundusavseg,fundusavseg,leave_out_fold4,reliseg,continued,primary,oof minus fold 4,last,density,skan,80,0,-0.004726908033233612,,,0.009604619294037588,,False,point estimate on the other four folds,runs/pivot/e4/fold0/reliseg_s1/pred/bio.csv;runs/pivot/e4/fold1/reliseg_s1/pred/bio.csv;runs/pivot/e4/fold2/reliseg_s1/pred/bio.csv;runs/pivot/e4/fold3/reliseg_s1/pred/bio.csv;runs/pivot/e4/fold4/reliseg_s1/pred/bio.csv,runs/pivot/e4/fold0/continued_s1/pred/bio.csv;runs/pivot/e4/fold1/continued_s1/pred/bio.csv;runs/pivot/e4/fold2/continued_s1/pred/bio.csv;runs/pivot/e4/fold3/continued_s1/pred/bio.csv;runs/pivot/e4/fold4/continued_s1/pred/bio.csv,results/pivot/e4_gt_fundusavseg.csv,"per outer fold: 1.4826*MAD of the reference-mask biomarkers of that fold's 80 TRAINING images, applied to its 20 held-out images (results/pivot/e4_gt_fundusavseg.csv); no Gate A train scale exists for Fundus-AVSeg (DECISIONS 2026-09-17 13:30 (4))"
fundusavseg,fundusavseg,oof_pooled,reliseg,baseline,secondary,oof(5 folds),last,density,skan,100,2000,-0.0025045859151529015,-0.008206107453060154,0.0027610472054742886,0.13143909481619656,,False,"paired bootstrap, 2000 resamples drawn WITHIN each outer fold (fold structure preserved); the interval is conditional on the fixed folds and the fitted models",runs/pivot/e4/fold0/reliseg_s1/pred/bio.csv;runs/pivot/e4/fold1/reliseg_s1/pred/bio.csv;runs/pivot/e4/fold2/reliseg_s1/pred/bio.csv;runs/pivot/e4/fold3/reliseg_s1/pred/bio.csv;runs/pivot/e4/fold4/reliseg_s1/pred/bio.csv,runs/pivot/e4/fold0/base/pred/bio.csv;runs/pivot/e4/fold1/base/pred/bio.csv;runs/pivot/e4/fold2/base/pred/bio.csv;runs/pivot/e4/fold3/base/pred/bio.csv;runs/pivot/e4/fold4/base/pred/bio.csv,results/pivot/e4_gt_fundusavseg.csv,"per outer fold: 1.4826*MAD of the reference-mask biomarkers of that fold's 80 TRAINING images, applied to its 20 held-out images (results/pivot/e4_gt_fundusavseg.csv); no Gate A train scale exists for Fundus-AVSeg (DECISIONS 2026-09-17 13:30 (4))"
fundusavseg,fundusavseg,leave_out_fold0,reliseg,baseline,secondary,oof minus fold 0,last,density,skan,80,0,-0.002670869370871465,,,0.1471345635718214,,False,point estimate on the other four folds,runs/pivot/e4/fold0/reliseg_s1/pred/bio.csv;runs/pivot/e4/fold1/reliseg_s1/pred/bio.csv;runs/pivot/e4/fold2/reliseg_s1/pred/bio.csv;runs/pivot/e4/fold3/reliseg_s1/pred/bio.csv;runs/pivot/e4/fold4/reliseg_s1/pred/bio.csv,runs/pivot/e4/fold0/base/pred/bio.csv;runs/pivot/e4/fold1/base/pred/bio.csv;runs/pivot/e4/fold2/base/pred/bio.csv;runs/pivot/e4/fold3/base/pred/bio.csv;runs/pivot/e4/fold4/base/pred/bio.csv,results/pivot/e4_gt_fundusavseg.csv,"per outer fold: 1.4826*MAD of the reference-mask biomarkers of that fold's 80 TRAINING images, applied to its 20 held-out images (results/pivot/e4_gt_fundusavseg.csv); no Gate A train scale exists for Fundus-AVSeg (DECISIONS 2026-09-17 13:30 (4))"
fundusavseg,fundusavseg,leave_out_fold1,reliseg,baseline,secondary,oof minus fold 1,last,density,skan,80,0,-0.0027699378261277774,,,0.1453766376491292,,False,point estimate on the other four folds,runs/pivot/e4/fold0/reliseg_s1/pred/bio.csv;runs/pivot/e4/fold1/reliseg_s1/pred/bio.csv;runs/pivot/e4/fold2/reliseg_s1/pred/bio.csv;runs/pivot/e4/fold3/reliseg_s1/pred/bio.csv;runs/pivot/e4/fold4/reliseg_s1/pred/bio.csv,runs/pivot/e4/fold0/base/pred/bio.csv;runs/pivot/e4/fold1/base/pred/bio.csv;runs/pivot/e4/fold2/base/pred/bio.csv;runs/pivot/e4/fold3/base/pred/bio.csv;runs/pivot/e4/fold4/base/pred/bio.csv,results/pivot/e4_gt_fundusavseg.csv,"per outer fold: 1.4826*MAD of the reference-mask biomarkers of that fold's 80 TRAINING images, applied to its 20 held-out images (results/pivot/e4_gt_fundusavseg.csv); no Gate A train scale exists for Fundus-AVSeg (DECISIONS 2026-09-17 13:30 (4))"
fundusavseg,fundusavseg,leave_out_fold2,reliseg,baseline,secondary,oof minus fold 2,last,density,skan,80,0,-0.003961441173285785,,,0.11080222119108794,,False,point estimate on the other four folds,runs/pivot/e4/fold0/reliseg_s1/pred/bio.csv;runs/pivot/e4/fold1/reliseg_s1/pred/bio.csv;runs/pivot/e4/fold2/reliseg_s1/pred/bio.csv;runs/pivot/e4/fold3/reliseg_s1/pred/bio.csv;runs/pivot/e4/fold4/reliseg_s1/pred/bio.csv,runs/pivot/e4/fold0/base/pred/bio.csv;runs/pivot/e4/fold1/base/pred/bio.csv;runs/pivot/e4/fold2/base/pred/bio.csv;runs/pivot/e4/fold3/base/pred/bio.csv;runs/pivot/e4/fold4/base/pred/bio.csv,results/pivot/e4_gt_fundusavseg.csv,"per outer fold: 1.4826*MAD of the reference-mask biomarkers of that fold's 80 TRAINING images, applied to its 20 held-out images (results/pivot/e4_gt_fundusavseg.csv); no Gate A train scale exists for Fundus-AVSeg (DECISIONS 2026-09-17 13:30 (4))"
fundusavseg,fundusavseg,leave_out_fold3,reliseg,baseline,secondary,oof minus fold 3,last,density,skan,80,0,-0.00035381892781294333,,,0.1238432449339086,,False,point estimate on the other four folds,runs/pivot/e4/fold0/reliseg_s1/pred/bio.csv;runs/pivot/e4/fold1/reliseg_s1/pred/bio.csv;runs/pivot/e4/fold2/reliseg_s1/pred/bio.csv;runs/pivot/e4/fold3/reliseg_s1/pred/bio.csv;runs/pivot/e4/fold4/reliseg_s1/pred/bio.csv,runs/pivot/e4/fold0/base/pred/bio.csv;runs/pivot/e4/fold1/base/pred/bio.csv;runs/pivot/e4/fold2/base/pred/bio.csv;runs/pivot/e4/fold3/base/pred/bio.csv;runs/pivot/e4/fold4/base/pred/bio.csv,results/pivot/e4_gt_fundusavseg.csv,"per outer fold: 1.4826*MAD of the reference-mask biomarkers of that fold's 80 TRAINING images, applied to its 20 held-out images (results/pivot/e4_gt_fundusavseg.csv); no Gate A train scale exists for Fundus-AVSeg (DECISIONS 2026-09-17 13:30 (4))"
fundusavseg,fundusavseg,leave_out_fold4,reliseg,baseline,secondary,oof minus fold 4,last,density,skan,80,0,-0.003729538942576216,,,0.13003880673503554,,False,point estimate on the other four folds,runs/pivot/e4/fold0/reliseg_s1/pred/bio.csv;runs/pivot/e4/fold1/reliseg_s1/pred/bio.csv;runs/pivot/e4/fold2/reliseg_s1/pred/bio.csv;runs/pivot/e4/fold3/reliseg_s1/pred/bio.csv;runs/pivot/e4/fold4/reliseg_s1/pred/bio.csv,runs/pivot/e4/fold0/base/pred/bio.csv;runs/pivot/e4/fold1/base/pred/bio.csv;runs/pivot/e4/fold2/base/pred/bio.csv;runs/pivot/e4/fold3/base/pred/bio.csv;runs/pivot/e4/fold4/base/pred/bio.csv,results/pivot/e4_gt_fundusavseg.csv,"per outer fold: 1.4826*MAD of the reference-mask biomarkers of that fold's 80 TRAINING images, applied to its 20 held-out images (results/pivot/e4_gt_fundusavseg.csv); no Gate A train scale exists for Fundus-AVSeg (DECISIONS 2026-09-17 13:30 (4))"
fundusavseg,fundusavseg,oof_pooled,continued,baseline,context,oof(5 folds),last,density,skan,100,2000,0.0011278105712401176,-0.0044791287522986225,0.00745832763219616,0.11673871394223134,,False,"paired bootstrap, 2000 resamples drawn WITHIN each outer fold (fold structure preserved); the interval is conditional on the fixed folds and the fitted models",runs/pivot/e4/fold0/continued_s1/pred/bio.csv;runs/pivot/e4/fold1/continued_s1/pred/bio.csv;runs/pivot/e4/fold2/continued_s1/pred/bio.csv;runs/pivot/e4/fold3/continued_s1/pred/bio.csv;runs/pivot/e4/fold4/continued_s1/pred/bio.csv,runs/pivot/e4/fold0/base/pred/bio.csv;runs/pivot/e4/fold1/base/pred/bio.csv;runs/pivot/e4/fold2/base/pred/bio.csv;runs/pivot/e4/fold3/base/pred/bio.csv;runs/pivot/e4/fold4/base/pred/bio.csv,results/pivot/e4_gt_fundusavseg.csv,"per outer fold: 1.4826*MAD of the reference-mask biomarkers of that fold's 80 TRAINING images, applied to its 20 held-out images (results/pivot/e4_gt_fundusavseg.csv); no Gate A train scale exists for Fundus-AVSeg (DECISIONS 2026-09-17 13:30 (4))"
fundusavseg,fundusavseg,leave_out_fold0,continued,baseline,context,oof minus fold 0,last,density,skan,80,0,0.0018932567579869053,,,0.13749441313625707,,False,point estimate on the other four folds,runs/pivot/e4/fold0/continued_s1/pred/bio.csv;runs/pivot/e4/fold1/continued_s1/pred/bio.csv;runs/pivot/e4/fold2/continued_s1/pred/bio.csv;runs/pivot/e4/fold3/continued_s1/pred/bio.csv;runs/pivot/e4/fold4/continued_s1/pred/bio.csv,runs/pivot/e4/fold0/base/pred/bio.csv;runs/pivot/e4/fold1/base/pred/bio.csv;runs/pivot/e4/fold2/base/pred/bio.csv;runs/pivot/e4/fold3/base/pred/bio.csv;runs/pivot/e4/fold4/base/pred/bio.csv,results/pivot/e4_gt_fundusavseg.csv,"per outer fold: 1.4826*MAD of the reference-mask biomarkers of that fold's 80 TRAINING images, applied to its 20 held-out images (results/pivot/e4_gt_fundusavseg.csv); no Gate A train scale exists for Fundus-AVSeg (DECISIONS 2026-09-17 13:30 (4))"
fundusavseg,fundusavseg,leave_out_fold1,continued,baseline,context,oof minus fold 1,last,density,skan,80,0,0.0008726922863681041,,,0.12393640332210121,,False,point estimate on the other four folds,runs/pivot/e4/fold0/continued_s1/pred/bio.csv;runs/pivot/e4/fold1/continued_s1/pred/bio.csv;runs/pivot/e4/fold2/continued_s1/pred/bio.csv;runs/pivot/e4/fold3/continued_s1/pred/bio.csv;runs/pivot/e4/fold4/continued_s1/pred/bio.csv,runs/pivot/e4/fold0/base/pred/bio.csv;runs/pivot/e4/fold1/base/pred/bio.csv;runs/pivot/e4/fold2/base/pred/bio.csv;runs/pivot/e4/fold3/base/pred/bio.csv;runs/pivot/e4/fold4/base/pred/bio.csv,results/pivot/e4_gt_fundusavseg.csv,"per outer fold: 1.4826*MAD of the reference-mask biomarkers of that fold's 80 TRAINING images, applied to its 20 held-out images (results/pivot/e4_gt_fundusavseg.csv); no Gate A train scale exists for Fundus-AVSeg (DECISIONS 2026-09-17 13:30 (4))"
fundusavseg,fundusavseg,leave_out_fold2,continued,baseline,context,oof minus fold 2,last,density,skan,80,0,-0.0005668827816028843,,,0.08808695255817287,,False,point estimate on the other four folds,runs/pivot/e4/fold0/continued_s1/pred/bio.csv;runs/pivot/e4/fold1/continued_s1/pred/bio.csv;runs/pivot/e4/fold2/continued_s1/pred/bio.csv;runs/pivot/e4/fold3/continued_s1/pred/bio.csv;runs/pivot/e4/fold4/continued_s1/pred/bio.csv,runs/pivot/e4/fold0/base/pred/bio.csv;runs/pivot/e4/fold1/base/pred/bio.csv;runs/pivot/e4/fold2/base/pred/bio.csv;runs/pivot/e4/fold3/base/pred/bio.csv;runs/pivot/e4/fold4/base/pred/bio.csv,results/pivot/e4_gt_fundusavseg.csv,"per outer fold: 1.4826*MAD of the reference-mask biomarkers of that fold's 80 TRAINING images, applied to its 20 held-out images (results/pivot/e4_gt_fundusavseg.csv); no Gate A train scale exists for Fundus-AVSeg (DECISIONS 2026-09-17 13:30 (4))"
fundusavseg,fundusavseg,leave_out_fold3,continued,baseline,context,oof minus fold 3,last,density,skan,80,0,0.0019304124376476883,,,0.11374161325362747,,False,point estimate on the other four folds,runs/pivot/e4/fold0/continued_s1/pred/bio.csv;runs/pivot/e4/fold1/continued_s1/pred/bio.csv;runs/pivot/e4/fold2/continued_s1/pred/bio.csv;runs/pivot/e4/fold3/continued_s1/pred/bio.csv;runs/pivot/e4/fold4/continued_s1/pred/bio.csv,runs/pivot/e4/fold0/base/pred/bio.csv;runs/pivot/e4/fold1/base/pred/bio.csv;runs/pivot/e4/fold2/base/pred/bio.csv;runs/pivot/e4/fold3/base/pred/bio.csv;runs/pivot/e4/fold4/base/pred/bio.csv,results/pivot/e4_gt_fundusavseg.csv,"per outer fold: 1.4826*MAD of the reference-mask biomarkers of that fold's 80 TRAINING images, applied to its 20 held-out images (results/pivot/e4_gt_fundusavseg.csv); no Gate A train scale exists for Fundus-AVSeg (DECISIONS 2026-09-17 13:30 (4))"
fundusavseg,fundusavseg,leave_out_fold4,continued,baseline,context,oof minus fold 4,last,density,skan,80,0,0.0009973690906573962,,,0.12043418744099796,,False,point estimate on the other four folds,runs/pivot/e4/fold0/continued_s1/pred/bio.csv;runs/pivot/e4/fold1/continued_s1/pred/bio.csv;runs/pivot/e4/fold2/continued_s1/pred/bio.csv;runs/pivot/e4/fold3/continued_s1/pred/bio.csv;runs/pivot/e4/fold4/continued_s1/pred/bio.csv,runs/pivot/e4/fold0/base/pred/bio.csv;runs/pivot/e4/fold1/base/pred/bio.csv;runs/pivot/e4/fold2/base/pred/bio.csv;runs/pivot/e4/fold3/base/pred/bio.csv;runs/pivot/e4/fold4/base/pred/bio.csv,results/pivot/e4_gt_fundusavseg.csv,"per outer fold: 1.4826*MAD of the reference-mask biomarkers of that fold's 80 TRAINING images, applied to its 20 held-out images (results/pivot/e4_gt_fundusavseg.csv); no Gate A train scale exists for Fundus-AVSeg (DECISIONS 2026-09-17 13:30 (4))"
fundusavseg,fundusavseg,oof_pooled,reliseg,continued,primary,oof(5 folds),last,total_length,pvbm,100,2000,0.001164313759774105,-0.00027660362118258063,0.0029074413191086295,0.2997164727208836,,False,"paired bootstrap, 2000 resamples drawn WITHIN each outer fold (fold structure preserved); the interval is conditional on the fixed folds and the fitted models",runs/pivot/e4/fold0/reliseg_s1/pred/bio.csv;runs/pivot/e4/fold1/reliseg_s1/pred/bio.csv;runs/pivot/e4/fold2/reliseg_s1/pred/bio.csv;runs/pivot/e4/fold3/reliseg_s1/pred/bio.csv;runs/pivot/e4/fold4/reliseg_s1/pred/bio.csv,runs/pivot/e4/fold0/continued_s1/pred/bio.csv;runs/pivot/e4/fold1/continued_s1/pred/bio.csv;runs/pivot/e4/fold2/continued_s1/pred/bio.csv;runs/pivot/e4/fold3/continued_s1/pred/bio.csv;runs/pivot/e4/fold4/continued_s1/pred/bio.csv,results/pivot/e4_gt_fundusavseg.csv,"per outer fold: 1.4826*MAD of the reference-mask biomarkers of that fold's 80 TRAINING images, applied to its 20 held-out images (results/pivot/e4_gt_fundusavseg.csv); no Gate A train scale exists for Fundus-AVSeg (DECISIONS 2026-09-17 13:30 (4))"
fundusavseg,fundusavseg,leave_out_fold0,reliseg,continued,primary,oof minus fold 0,last,total_length,pvbm,80,0,0.0014207986195745592,,,0.317283581599054,,False,point estimate on the other four folds,runs/pivot/e4/fold0/reliseg_s1/pred/bio.csv;runs/pivot/e4/fold1/reliseg_s1/pred/bio.csv;runs/pivot/e4/fold2/reliseg_s1/pred/bio.csv;runs/pivot/e4/fold3/reliseg_s1/pred/bio.csv;runs/pivot/e4/fold4/reliseg_s1/pred/bio.csv,runs/pivot/e4/fold0/continued_s1/pred/bio.csv;runs/pivot/e4/fold1/continued_s1/pred/bio.csv;runs/pivot/e4/fold2/continued_s1/pred/bio.csv;runs/pivot/e4/fold3/continued_s1/pred/bio.csv;runs/pivot/e4/fold4/continued_s1/pred/bio.csv,results/pivot/e4_gt_fundusavseg.csv,"per outer fold: 1.4826*MAD of the reference-mask biomarkers of that fold's 80 TRAINING images, applied to its 20 held-out images (results/pivot/e4_gt_fundusavseg.csv); no Gate A train scale exists for Fundus-AVSeg (DECISIONS 2026-09-17 13:30 (4))"
fundusavseg,fundusavseg,leave_out_fold1,reliseg,continued,primary,oof minus fold 1,last,total_length,pvbm,80,0,0.0015315866302653136,,,0.29928607594095535,,False,point estimate on the other four folds,runs/pivot/e4/fold0/reliseg_s1/pred/bio.csv;runs/pivot/e4/fold1/reliseg_s1/pred/bio.csv;runs/pivot/e4/fold2/reliseg_s1/pred/bio.csv;runs/pivot/e4/fold3/reliseg_s1/pred/bio.csv;runs/pivot/e4/fold4/reliseg_s1/pred/bio.csv,runs/pivot/e4/fold0/continued_s1/pred/bio.csv;runs/pivot/e4/fold1/continued_s1/pred/bio.csv;runs/pivot/e4/fold2/continued_s1/pred/bio.csv;runs/pivot/e4/fold3/continued_s1/pred/bio.csv;runs/pivot/e4/fold4/continued_s1/pred/bio.csv,results/pivot/e4_gt_fundusavseg.csv,"per outer fold: 1.4826*MAD of the reference-mask biomarkers of that fold's 80 TRAINING images, applied to its 20 held-out images (results/pivot/e4_gt_fundusavseg.csv); no Gate A train scale exists for Fundus-AVSeg (DECISIONS 2026-09-17 13:30 (4))"
fundusavseg,fundusavseg,leave_out_fold2,reliseg,continued,primary,oof minus fold 2,last,total_length,pvbm,80,0,1.7491494711197042e-05,,,0.3097091825929691,,False,point estimate on the other four folds,runs/pivot/e4/fold0/reliseg_s1/pred/bio.csv;runs/pivot/e4/fold1/reliseg_s1/pred/bio.csv;runs/pivot/e4/fold2/reliseg_s1/pred/bio.csv;runs/pivot/e4/fold3/reliseg_s1/pred/bio.csv;runs/pivot/e4/fold4/reliseg_s1/pred/bio.csv,runs/pivot/e4/fold0/continued_s1/pred/bio.csv;runs/pivot/e4/fold1/continued_s1/pred/bio.csv;runs/pivot/e4/fold2/continued_s1/pred/bio.csv;runs/pivot/e4/fold3/continued_s1/pred/bio.csv;runs/pivot/e4/fold4/continued_s1/pred/bio.csv,results/pivot/e4_gt_fundusavseg.csv,"per outer fold: 1.4826*MAD of the reference-mask biomarkers of that fold's 80 TRAINING images, applied to its 20 held-out images (results/pivot/e4_gt_fundusavseg.csv); no Gate A train scale exists for Fundus-AVSeg (DECISIONS 2026-09-17 13:30 (4))"
fundusavseg,fundusavseg,leave_out_fold3,reliseg,continued,primary,oof minus fold 3,last,total_length,pvbm,80,0,0.0013990511165341557,,,0.2923221379759665,,False,point estimate on the other four folds,runs/pivot/e4/fold0/reliseg_s1/pred/bio.csv;runs/pivot/e4/fold1/reliseg_s1/pred/bio.csv;runs/pivot/e4/fold2/reliseg_s1/pred/bio.csv;runs/pivot/e4/fold3/reliseg_s1/pred/bio.csv;runs/pivot/e4/fold4/reliseg_s1/pred/bio.csv,runs/pivot/e4/fold0/continued_s1/pred/bio.csv;runs/pivot/e4/fold1/continued_s1/pred/bio.csv;runs/pivot/e4/fold2/continued_s1/pred/bio.csv;runs/pivot/e4/fold3/continued_s1/pred/bio.csv;runs/pivot/e4/fold4/continued_s1/pred/bio.csv,results/pivot/e4_gt_fundusavseg.csv,"per outer fold: 1.4826*MAD of the reference-mask biomarkers of that fold's 80 TRAINING images, applied to its 20 held-out images (results/pivot/e4_gt_fundusavseg.csv); no Gate A train scale exists for Fundus-AVSeg (DECISIONS 2026-09-17 13:30 (4))"
fundusavseg,fundusavseg,leave_out_fold4,reliseg,continued,primary,oof minus fold 4,last,total_length,pvbm,80,0,0.0015109614912807157,,,0.27998138549547247,,False,point estimate on the other four folds,runs/pivot/e4/fold0/reliseg_s1/pred/bio.csv;runs/pivot/e4/fold1/reliseg_s1/pred/bio.csv;runs/pivot/e4/fold2/reliseg_s1/pred/bio.csv;runs/pivot/e4/fold3/reliseg_s1/pred/bio.csv;runs/pivot/e4/fold4/reliseg_s1/pred/bio.csv,runs/pivot/e4/fold0/continued_s1/pred/bio.csv;runs/pivot/e4/fold1/continued_s1/pred/bio.csv;runs/pivot/e4/fold2/continued_s1/pred/bio.csv;runs/pivot/e4/fold3/continued_s1/pred/bio.csv;runs/pivot/e4/fold4/continued_s1/pred/bio.csv,results/pivot/e4_gt_fundusavseg.csv,"per outer fold: 1.4826*MAD of the reference-mask biomarkers of that fold's 80 TRAINING images, applied to its 20 held-out images (results/pivot/e4_gt_fundusavseg.csv); no Gate A train scale exists for Fundus-AVSeg (DECISIONS 2026-09-17 13:30 (4))"
fundusavseg,fundusavseg,oof_pooled,reliseg,baseline,secondary,oof(5 folds),last,total_length,pvbm,100,2000,0.0009958949150000729,-0.0007673936928724784,0.003246706241368597,0.34936252294677006,,False,"paired bootstrap, 2000 resamples drawn WITHIN each outer fold (fold structure preserved); the interval is conditional on the fixed folds and the fitted models",runs/pivot/e4/fold0/reliseg_s1/pred/bio.csv;runs/pivot/e4/fold1/reliseg_s1/pred/bio.csv;runs/pivot/e4/fold2/reliseg_s1/pred/bio.csv;runs/pivot/e4/fold3/reliseg_s1/pred/bio.csv;runs/pivot/e4/fold4/reliseg_s1/pred/bio.csv,runs/pivot/e4/fold0/base/pred/bio.csv;runs/pivot/e4/fold1/base/pred/bio.csv;runs/pivot/e4/fold2/base/pred/bio.csv;runs/pivot/e4/fold3/base/pred/bio.csv;runs/pivot/e4/fold4/base/pred/bio.csv,results/pivot/e4_gt_fundusavseg.csv,"per outer fold: 1.4826*MAD of the reference-mask biomarkers of that fold's 80 TRAINING images, applied to its 20 held-out images (results/pivot/e4_gt_fundusavseg.csv); no Gate A train scale exists for Fundus-AVSeg (DECISIONS 2026-09-17 13:30 (4))"
fundusavseg,fundusavseg,leave_out_fold0,reliseg,baseline,secondary,oof minus fold 0,last,total_length,pvbm,80,0,0.0013044108825952527,,,0.38287555757655545,,False,point estimate on the other four folds,runs/pivot/e4/fold0/reliseg_s1/pred/bio.csv;runs/pivot/e4/fold1/reliseg_s1/pred/bio.csv;runs/pivot/e4/fold2/reliseg_s1/pred/bio.csv;runs/pivot/e4/fold3/reliseg_s1/pred/bio.csv;runs/pivot/e4/fold4/reliseg_s1/pred/bio.csv,runs/pivot/e4/fold0/base/pred/bio.csv;runs/pivot/e4/fold1/base/pred/bio.csv;runs/pivot/e4/fold2/base/pred/bio.csv;runs/pivot/e4/fold3/base/pred/bio.csv;runs/pivot/e4/fold4/base/pred/bio.csv,results/pivot/e4_gt_fundusavseg.csv,"per outer fold: 1.4826*MAD of the reference-mask biomarkers of that fold's 80 TRAINING images, applied to its 20 held-out images (results/pivot/e4_gt_fundusavseg.csv); no Gate A train scale exists for Fundus-AVSeg (DECISIONS 2026-09-17 13:30 (4))"
fundusavseg,fundusavseg,leave_out_fold1,reliseg,baseline,secondary,oof minus fold 1,last,total_length,pvbm,80,0,0.0008525876872801375,,,0.3385884900604052,,False,point estimate on the other four folds,runs/pivot/e4/fold0/reliseg_s1/pred/bio.csv;runs/pivot/e4/fold1/reliseg_s1/pred/bio.csv;runs/pivot/e4/fold2/reliseg_s1/pred/bio.csv;runs/pivot/e4/fold3/reliseg_s1/pred/bio.csv;runs/pivot/e4/fold4/reliseg_s1/pred/bio.csv,runs/pivot/e4/fold0/base/pred/bio.csv;runs/pivot/e4/fold1/base/pred/bio.csv;runs/pivot/e4/fold2/base/pred/bio.csv;runs/pivot/e4/fold3/base/pred/bio.csv;runs/pivot/e4/fold4/base/pred/bio.csv,results/pivot/e4_gt_fundusavseg.csv,"per outer fold: 1.4826*MAD of the reference-mask biomarkers of that fold's 80 TRAINING images, applied to its 20 held-out images (results/pivot/e4_gt_fundusavseg.csv); no Gate A train scale exists for Fundus-AVSeg (DECISIONS 2026-09-17 13:30 (4))"
fundusavseg,fundusavseg,leave_out_fold2,reliseg,baseline,secondary,oof minus fold 2,last,total_length,pvbm,80,0,0.0001065014336893988,,,0.3421109941314319,,False,point estimate on the other four folds,runs/pivot/e4/fold0/reliseg_s1/pred/bio.csv;runs/pivot/e4/fold1/reliseg_s1/pred/bio.csv;runs/pivot/e4/fold2/reliseg_s1/pred/bio.csv;runs/pivot/e4/fold3/reliseg_s1/pred/bio.csv;runs/pivot/e4/fold4/reliseg_s1/pred/bio.csv,runs/pivot/e4/fold0/base/pred/bio.csv;runs/pivot/e4/fold1/base/pred/bio.csv;runs/pivot/e4/fold2/base/pred/bio.csv;runs/pivot/e4/fold3/base/pred/bio.csv;runs/pivot/e4/fold4/base/pred/bio.csv,results/pivot/e4_gt_fundusavseg.csv,"per outer fold: 1.4826*MAD of the reference-mask biomarkers of that fold's 80 TRAINING images, applied to its 20 held-out images (results/pivot/e4_gt_fundusavseg.csv); no Gate A train scale exists for Fundus-AVSeg (DECISIONS 2026-09-17 13:30 (4))"
fundusavseg,fundusavseg,leave_out_fold3,reliseg,baseline,secondary,oof minus fold 3,last,total_length,pvbm,80,0,0.0016737674184241769,,,0.34873193783483436,,False,point estimate on the other four folds,runs/pivot/e4/fold0/reliseg_s1/pred/bio.csv;runs/pivot/e4/fold1/reliseg_s1/pred/bio.csv;runs/pivot/e4/fold2/reliseg_s1/pred/bio.csv;runs/pivot/e4/fold3/reliseg_s1/pred/bio.csv;runs/pivot/e4/fold4/reliseg_s1/pred/bio.csv,runs/pivot/e4/fold0/base/pred/bio.csv;runs/pivot/e4/fold1/base/pred/bio.csv;runs/pivot/e4/fold2/base/pred/bio.csv;runs/pivot/e4/fold3/base/pred/bio.csv;runs/pivot/e4/fold4/base/pred/bio.csv,results/pivot/e4_gt_fundusavseg.csv,"per outer fold: 1.4826*MAD of the reference-mask biomarkers of that fold's 80 TRAINING images, applied to its 20 held-out images (results/pivot/e4_gt_fundusavseg.csv); no Gate A train scale exists for Fundus-AVSeg (DECISIONS 2026-09-17 13:30 (4))"
fundusavseg,fundusavseg,leave_out_fold4,reliseg,baseline,secondary,oof minus fold 4,last,total_length,pvbm,80,0,0.0010793582995807238,,,0.3345056351306239,,False,point estimate on the other four folds,runs/pivot/e4/fold0/reliseg_s1/pred/bio.csv;runs/pivot/e4/fold1/reliseg_s1/pred/bio.csv;runs/pivot/e4/fold2/reliseg_s1/pred/bio.csv;runs/pivot/e4/fold3/reliseg_s1/pred/bio.csv;runs/pivot/e4/fold4/reliseg_s1/pred/bio.csv,runs/pivot/e4/fold0/base/pred/bio.csv;runs/pivot/e4/fold1/base/pred/bio.csv;runs/pivot/e4/fold2/base/pred/bio.csv;runs/pivot/e4/fold3/base/pred/bio.csv;runs/pivot/e4/fold4/base/pred/bio.csv,results/pivot/e4_gt_fundusavseg.csv,"per outer fold: 1.4826*MAD of the reference-mask biomarkers of that fold's 80 TRAINING images, applied to its 20 held-out images (results/pivot/e4_gt_fundusavseg.csv); no Gate A train scale exists for Fundus-AVSeg (DECISIONS 2026-09-17 13:30 (4))"
fundusavseg,fundusavseg,oof_pooled,continued,baseline,context,oof(5 folds),last,total_length,pvbm,100,2000,-0.00016841884477403202,-0.0012772239662879326,0.0008820646433612186,0.04964605022588647,,False,"paired bootstrap, 2000 resamples drawn WITHIN each outer fold (fold structure preserved); the interval is conditional on the fixed folds and the fitted models",runs/pivot/e4/fold0/continued_s1/pred/bio.csv;runs/pivot/e4/fold1/continued_s1/pred/bio.csv;runs/pivot/e4/fold2/continued_s1/pred/bio.csv;runs/pivot/e4/fold3/continued_s1/pred/bio.csv;runs/pivot/e4/fold4/continued_s1/pred/bio.csv,runs/pivot/e4/fold0/base/pred/bio.csv;runs/pivot/e4/fold1/base/pred/bio.csv;runs/pivot/e4/fold2/base/pred/bio.csv;runs/pivot/e4/fold3/base/pred/bio.csv;runs/pivot/e4/fold4/base/pred/bio.csv,results/pivot/e4_gt_fundusavseg.csv,"per outer fold: 1.4826*MAD of the reference-mask biomarkers of that fold's 80 TRAINING images, applied to its 20 held-out images (results/pivot/e4_gt_fundusavseg.csv); no Gate A train scale exists for Fundus-AVSeg (DECISIONS 2026-09-17 13:30 (4))"
fundusavseg,fundusavseg,leave_out_fold0,continued,baseline,context,oof minus fold 0,last,total_length,pvbm,80,0,-0.00011638773697930649,,,0.06559197597750138,,False,point estimate on the other four folds,runs/pivot/e4/fold0/continued_s1/pred/bio.csv;runs/pivot/e4/fold1/continued_s1/pred/bio.csv;runs/pivot/e4/fold2/continued_s1/pred/bio.csv;runs/pivot/e4/fold3/continued_s1/pred/bio.csv;runs/pivot/e4/fold4/continued_s1/pred/bio.csv,runs/pivot/e4/fold0/base/pred/bio.csv;runs/pivot/e4/fold1/base/pred/bio.csv;runs/pivot/e4/fold2/base/pred/bio.csv;runs/pivot/e4/fold3/base/pred/bio.csv;runs/pivot/e4/fold4/base/pred/bio.csv,results/pivot/e4_gt_fundusavseg.csv,"per outer fold: 1.4826*MAD of the reference-mask biomarkers of that fold's 80 TRAINING images, applied to its 20 held-out images (results/pivot/e4_gt_fundusavseg.csv); no Gate A train scale exists for Fundus-AVSeg (DECISIONS 2026-09-17 13:30 (4))"
fundusavseg,fundusavseg,leave_out_fold1,continued,baseline,context,oof minus fold 1,last,total_length,pvbm,80,0,-0.0006789989429851762,,,0.03930241411944985,,False,point estimate on the other four folds,runs/pivot/e4/fold0/continued_s1/pred/bio.csv;runs/pivot/e4/fold1/continued_s1/pred/bio.csv;runs/pivot/e4/fold2/continued_s1/pred/bio.csv;runs/pivot/e4/fold3/continued_s1/pred/bio.csv;runs/pivot/e4/fold4/continued_s1/pred/bio.csv,runs/pivot/e4/fold0/base/pred/bio.csv;runs/pivot/e4/fold1/base/pred/bio.csv;runs/pivot/e4/fold2/base/pred/bio.csv;runs/pivot/e4/fold3/base/pred/bio.csv;runs/pivot/e4/fold4/base/pred/bio.csv,results/pivot/e4_gt_fundusavseg.csv,"per outer fold: 1.4826*MAD of the reference-mask biomarkers of that fold's 80 TRAINING images, applied to its 20 held-out images (results/pivot/e4_gt_fundusavseg.csv); no Gate A train scale exists for Fundus-AVSeg (DECISIONS 2026-09-17 13:30 (4))"
fundusavseg,fundusavseg,leave_out_fold2,continued,baseline,context,oof minus fold 2,last,total_length,pvbm,80,0,8.900993897820175e-05,,,0.03240181153846283,,False,point estimate on the other four folds,runs/pivot/e4/fold0/continued_s1/pred/bio.csv;runs/pivot/e4/fold1/continued_s1/pred/bio.csv;runs/pivot/e4/fold2/continued_s1/pred/bio.csv;runs/pivot/e4/fold3/continued_s1/pred/bio.csv;runs/pivot/e4/fold4/continued_s1/pred/bio.csv,runs/pivot/e4/fold0/base/pred/bio.csv;runs/pivot/e4/fold1/base/pred/bio.csv;runs/pivot/e4/fold2/base/pred/bio.csv;runs/pivot/e4/fold3/base/pred/bio.csv;runs/pivot/e4/fold4/base/pred/bio.csv,results/pivot/e4_gt_fundusavseg.csv,"per outer fold: 1.4826*MAD of the reference-mask biomarkers of that fold's 80 TRAINING images, applied to its 20 held-out images (results/pivot/e4_gt_fundusavseg.csv); no Gate A train scale exists for Fundus-AVSeg (DECISIONS 2026-09-17 13:30 (4))"
fundusavseg,fundusavseg,leave_out_fold3,continued,baseline,context,oof minus fold 3,last,total_length,pvbm,80,0,0.00027471630189002116,,,0.05640979985886785,,False,point estimate on the other four folds,runs/pivot/e4/fold0/continued_s1/pred/bio.csv;runs/pivot/e4/fold1/continued_s1/pred/bio.csv;runs/pivot/e4/fold2/continued_s1/pred/bio.csv;runs/pivot/e4/fold3/continued_s1/pred/bio.csv;runs/pivot/e4/fold4/continued_s1/pred/bio.csv,runs/pivot/e4/fold0/base/pred/bio.csv;runs/pivot/e4/fold1/base/pred/bio.csv;runs/pivot/e4/fold2/base/pred/bio.csv;runs/pivot/e4/fold3/base/pred/bio.csv;runs/pivot/e4/fold4/base/pred/bio.csv,results/pivot/e4_gt_fundusavseg.csv,"per outer fold: 1.4826*MAD of the reference-mask biomarkers of that fold's 80 TRAINING images, applied to its 20 held-out images (results/pivot/e4_gt_fundusavseg.csv); no Gate A train scale exists for Fundus-AVSeg (DECISIONS 2026-09-17 13:30 (4))"
fundusavseg,fundusavseg,leave_out_fold4,continued,baseline,context,oof minus fold 4,last,total_length,pvbm,80,0,-0.00043160319169999184,,,0.054524249635151456,,False,point estimate on the other four folds,runs/pivot/e4/fold0/continued_s1/pred/bio.csv;runs/pivot/e4/fold1/continued_s1/pred/bio.csv;runs/pivot/e4/fold2/continued_s1/pred/bio.csv;runs/pivot/e4/fold3/continued_s1/pred/bio.csv;runs/pivot/e4/fold4/continued_s1/pred/bio.csv,runs/pivot/e4/fold0/base/pred/bio.csv;runs/pivot/e4/fold1/base/pred/bio.csv;runs/pivot/e4/fold2/base/pred/bio.csv;runs/pivot/e4/fold3/base/pred/bio.csv;runs/pivot/e4/fold4/base/pred/bio.csv,results/pivot/e4_gt_fundusavseg.csv,"per outer fold: 1.4826*MAD of the reference-mask biomarkers of that fold's 80 TRAINING images, applied to its 20 held-out images (results/pivot/e4_gt_fundusavseg.csv); no Gate A train scale exists for Fundus-AVSeg (DECISIONS 2026-09-17 13:30 (4))"
fundusavseg,fundusavseg,oof_pooled,reliseg,continued,primary,oof(5 folds),last,total_length,skan,100,2000,0.00013628411864186063,-0.001688158098882192,0.0022197939071975344,0.4576657350894736,0.8005,True,"paired bootstrap, 2000 resamples drawn WITHIN each outer fold (fold structure preserved); the interval is conditional on the fixed folds and the fitted models",runs/pivot/e4/fold0/reliseg_s1/pred/bio.csv;runs/pivot/e4/fold1/reliseg_s1/pred/bio.csv;runs/pivot/e4/fold2/reliseg_s1/pred/bio.csv;runs/pivot/e4/fold3/reliseg_s1/pred/bio.csv;runs/pivot/e4/fold4/reliseg_s1/pred/bio.csv,runs/pivot/e4/fold0/continued_s1/pred/bio.csv;runs/pivot/e4/fold1/continued_s1/pred/bio.csv;runs/pivot/e4/fold2/continued_s1/pred/bio.csv;runs/pivot/e4/fold3/continued_s1/pred/bio.csv;runs/pivot/e4/fold4/continued_s1/pred/bio.csv,results/pivot/e4_gt_fundusavseg.csv,"per outer fold: 1.4826*MAD of the reference-mask biomarkers of that fold's 80 TRAINING images, applied to its 20 held-out images (results/pivot/e4_gt_fundusavseg.csv); no Gate A train scale exists for Fundus-AVSeg (DECISIONS 2026-09-17 13:30 (4))"
fundusavseg,fundusavseg,leave_out_fold0,reliseg,continued,primary,oof minus fold 0,last,total_length,skan,80,0,0.0006740900853116072,,,0.48729180997784105,,False,point estimate on the other four folds,runs/pivot/e4/fold0/reliseg_s1/pred/bio.csv;runs/pivot/e4/fold1/reliseg_s1/pred/bio.csv;runs/pivot/e4/fold2/reliseg_s1/pred/bio.csv;runs/pivot/e4/fold3/reliseg_s1/pred/bio.csv;runs/pivot/e4/fold4/reliseg_s1/pred/bio.csv,runs/pivot/e4/fold0/continued_s1/pred/bio.csv;runs/pivot/e4/fold1/continued_s1/pred/bio.csv;runs/pivot/e4/fold2/continued_s1/pred/bio.csv;runs/pivot/e4/fold3/continued_s1/pred/bio.csv;runs/pivot/e4/fold4/continued_s1/pred/bio.csv,results/pivot/e4_gt_fundusavseg.csv,"per outer fold: 1.4826*MAD of the reference-mask biomarkers of that fold's 80 TRAINING images, applied to its 20 held-out images (results/pivot/e4_gt_fundusavseg.csv); no Gate A train scale exists for Fundus-AVSeg (DECISIONS 2026-09-17 13:30 (4))"
fundusavseg,fundusavseg,leave_out_fold1,reliseg,continued,primary,oof minus fold 1,last,total_length,skan,80,0,0.0005203140593014188,,,0.45171066480308886,,False,point estimate on the other four folds,runs/pivot/e4/fold0/reliseg_s1/pred/bio.csv;runs/pivot/e4/fold1/reliseg_s1/pred/bio.csv;runs/pivot/e4/fold2/reliseg_s1/pred/bio.csv;runs/pivot/e4/fold3/reliseg_s1/pred/bio.csv;runs/pivot/e4/fold4/reliseg_s1/pred/bio.csv,runs/pivot/e4/fold0/continued_s1/pred/bio.csv;runs/pivot/e4/fold1/continued_s1/pred/bio.csv;runs/pivot/e4/fold2/continued_s1/pred/bio.csv;runs/pivot/e4/fold3/continued_s1/pred/bio.csv;runs/pivot/e4/fold4/continued_s1/pred/bio.csv,results/pivot/e4_gt_fundusavseg.csv,"per outer fold: 1.4826*MAD of the reference-mask biomarkers of that fold's 80 TRAINING images, applied to its 20 held-out images (results/pivot/e4_gt_fundusavseg.csv); no Gate A train scale exists for Fundus-AVSeg (DECISIONS 2026-09-17 13:30 (4))"
fundusavseg,fundusavseg,leave_out_fold2,reliseg,continued,primary,oof minus fold 2,last,total_length,skan,80,0,-0.0013114607415849466,,,0.47952409795356643,,False,point estimate on the other four folds,runs/pivot/e4/fold0/reliseg_s1/pred/bio.csv;runs/pivot/e4/fold1/reliseg_s1/pred/bio.csv;runs/pivot/e4/fold2/reliseg_s1/pred/bio.csv;runs/pivot/e4/fold3/reliseg_s1/pred/bio.csv;runs/pivot/e4/fold4/reliseg_s1/pred/bio.csv,runs/pivot/e4/fold0/continued_s1/pred/bio.csv;runs/pivot/e4/fold1/continued_s1/pred/bio.csv;runs/pivot/e4/fold2/continued_s1/pred/bio.csv;runs/pivot/e4/fold3/continued_s1/pred/bio.csv;runs/pivot/e4/fold4/continued_s1/pred/bio.csv,results/pivot/e4_gt_fundusavseg.csv,"per outer fold: 1.4826*MAD of the reference-mask biomarkers of that fold's 80 TRAINING images, applied to its 20 held-out images (results/pivot/e4_gt_fundusavseg.csv); no Gate A train scale exists for Fundus-AVSeg (DECISIONS 2026-09-17 13:30 (4))"
fundusavseg,fundusavseg,leave_out_fold3,reliseg,continued,primary,oof minus fold 3,last,total_length,skan,80,0,0.0005646985777466584,,,0.44551049419969857,,False,point estimate on the other four folds,runs/pivot/e4/fold0/reliseg_s1/pred/bio.csv;runs/pivot/e4/fold1/reliseg_s1/pred/bio.csv;runs/pivot/e4/fold2/reliseg_s1/pred/bio.csv;runs/pivot/e4/fold3/reliseg_s1/pred/bio.csv;runs/pivot/e4/fold4/reliseg_s1/pred/bio.csv,runs/pivot/e4/fold0/continued_s1/pred/bio.csv;runs/pivot/e4/fold1/continued_s1/pred/bio.csv;runs/pivot/e4/fold2/continued_s1/pred/bio.csv;runs/pivot/e4/fold3/continued_s1/pred/bio.csv;runs/pivot/e4/fold4/continued_s1/pred/bio.csv,results/pivot/e4_gt_fundusavseg.csv,"per outer fold: 1.4826*MAD of the reference-mask biomarkers of that fold's 80 TRAINING images, applied to its 20 held-out images (results/pivot/e4_gt_fundusavseg.csv); no Gate A train scale exists for Fundus-AVSeg (DECISIONS 2026-09-17 13:30 (4))"
fundusavseg,fundusavseg,leave_out_fold4,reliseg,continued,primary,oof minus fold 4,last,total_length,skan,80,0,0.00035670442921098555,,,0.4242916085131731,,False,point estimate on the other four folds,runs/pivot/e4/fold0/reliseg_s1/pred/bio.csv;runs/pivot/e4/fold1/reliseg_s1/pred/bio.csv;runs/pivot/e4/fold2/reliseg_s1/pred/bio.csv;runs/pivot/e4/fold3/reliseg_s1/pred/bio.csv;runs/pivot/e4/fold4/reliseg_s1/pred/bio.csv,runs/pivot/e4/fold0/continued_s1/pred/bio.csv;runs/pivot/e4/fold1/continued_s1/pred/bio.csv;runs/pivot/e4/fold2/continued_s1/pred/bio.csv;runs/pivot/e4/fold3/continued_s1/pred/bio.csv;runs/pivot/e4/fold4/continued_s1/pred/bio.csv,results/pivot/e4_gt_fundusavseg.csv,"per outer fold: 1.4826*MAD of the reference-mask biomarkers of that fold's 80 TRAINING images, applied to its 20 held-out images (results/pivot/e4_gt_fundusavseg.csv); no Gate A train scale exists for Fundus-AVSeg (DECISIONS 2026-09-17 13:30 (4))"
fundusavseg,fundusavseg,oof_pooled,reliseg,baseline,secondary,oof(5 folds),last,total_length,skan,100,2000,0.0003600478727993073,-0.001366030302043708,0.0026034338166120666,0.49168431080182057,,False,"paired bootstrap, 2000 resamples drawn WITHIN each outer fold (fold structure preserved); the interval is conditional on the fixed folds and the fitted models",runs/pivot/e4/fold0/reliseg_s1/pred/bio.csv;runs/pivot/e4/fold1/reliseg_s1/pred/bio.csv;runs/pivot/e4/fold2/reliseg_s1/pred/bio.csv;runs/pivot/e4/fold3/reliseg_s1/pred/bio.csv;runs/pivot/e4/fold4/reliseg_s1/pred/bio.csv,runs/pivot/e4/fold0/base/pred/bio.csv;runs/pivot/e4/fold1/base/pred/bio.csv;runs/pivot/e4/fold2/base/pred/bio.csv;runs/pivot/e4/fold3/base/pred/bio.csv;runs/pivot/e4/fold4/base/pred/bio.csv,results/pivot/e4_gt_fundusavseg.csv,"per outer fold: 1.4826*MAD of the reference-mask biomarkers of that fold's 80 TRAINING images, applied to its 20 held-out images (results/pivot/e4_gt_fundusavseg.csv); no Gate A train scale exists for Fundus-AVSeg (DECISIONS 2026-09-17 13:30 (4))"
fundusavseg,fundusavseg,leave_out_fold0,reliseg,baseline,secondary,oof minus fold 0,last,total_length,skan,80,0,0.0009497193149777816,,,0.5405283028725458,,False,point estimate on the other four folds,runs/pivot/e4/fold0/reliseg_s1/pred/bio.csv;runs/pivot/e4/fold1/reliseg_s1/pred/bio.csv;runs/pivot/e4/fold2/reliseg_s1/pred/bio.csv;runs/pivot/e4/fold3/reliseg_s1/pred/bio.csv;runs/pivot/e4/fold4/reliseg_s1/pred/bio.csv,runs/pivot/e4/fold0/base/pred/bio.csv;runs/pivot/e4/fold1/base/pred/bio.csv;runs/pivot/e4/fold2/base/pred/bio.csv;runs/pivot/e4/fold3/base/pred/bio.csv;runs/pivot/e4/fold4/base/pred/bio.csv,results/pivot/e4_gt_fundusavseg.csv,"per outer fold: 1.4826*MAD of the reference-mask biomarkers of that fold's 80 TRAINING images, applied to its 20 held-out images (results/pivot/e4_gt_fundusavseg.csv); no Gate A train scale exists for Fundus-AVSeg (DECISIONS 2026-09-17 13:30 (4))"
fundusavseg,fundusavseg,leave_out_fold1,reliseg,baseline,secondary,oof minus fold 1,last,total_length,skan,80,0,-3.1297628912740905e-05,,,0.4652585971732311,,False,point estimate on the other four folds,runs/pivot/e4/fold0/reliseg_s1/pred/bio.csv;runs/pivot/e4/fold1/reliseg_s1/pred/bio.csv;runs/pivot/e4/fold2/reliseg_s1/pred/bio.csv;runs/pivot/e4/fold3/reliseg_s1/pred/bio.csv;runs/pivot/e4/fold4/reliseg_s1/pred/bio.csv,runs/pivot/e4/fold0/base/pred/bio.csv;runs/pivot/e4/fold1/base/pred/bio.csv;runs/pivot/e4/fold2/base/pred/bio.csv;runs/pivot/e4/fold3/base/pred/bio.csv;runs/pivot/e4/fold4/base/pred/bio.csv,results/pivot/e4_gt_fundusavseg.csv,"per outer fold: 1.4826*MAD of the reference-mask biomarkers of that fold's 80 TRAINING images, applied to its 20 held-out images (results/pivot/e4_gt_fundusavseg.csv); no Gate A train scale exists for Fundus-AVSeg (DECISIONS 2026-09-17 13:30 (4))"
fundusavseg,fundusavseg,leave_out_fold2,reliseg,baseline,secondary,oof minus fold 2,last,total_length,skan,80,0,-0.0008224782962366062,,,0.4953700858709752,,False,point estimate on the other four folds,runs/pivot/e4/fold0/reliseg_s1/pred/bio.csv;runs/pivot/e4/fold1/reliseg_s1/pred/bio.csv;runs/pivot/e4/fold2/reliseg_s1/pred/bio.csv;runs/pivot/e4/fold3/reliseg_s1/pred/bio.csv;runs/pivot/e4/fold4/reliseg_s1/pred/bio.csv,runs/pivot/e4/fold0/base/pred/bio.csv;runs/pivot/e4/fold1/base/pred/bio.csv;runs/pivot/e4/fold2/base/pred/bio.csv;runs/pivot/e4/fold3/base/pred/bio.csv;runs/pivot/e4/fold4/base/pred/bio.csv,results/pivot/e4_gt_fundusavseg.csv,"per outer fold: 1.4826*MAD of the reference-mask biomarkers of that fold's 80 TRAINING images, applied to its 20 held-out images (results/pivot/e4_gt_fundusavseg.csv); no Gate A train scale exists for Fundus-AVSeg (DECISIONS 2026-09-17 13:30 (4))"
fundusavseg,fundusavseg,leave_out_fold3,reliseg,baseline,secondary,oof minus fold 3,last,total_length,skan,80,0,0.0010622055552341747,,,0.48678250765676145,,False,point estimate on the other four folds,runs/pivot/e4/fold0/reliseg_s1/pred/bio.csv;runs/pivot/e4/fold1/reliseg_s1/pred/bio.csv;runs/pivot/e4/fold2/reliseg_s1/pred/bio.csv;runs/pivot/e4/fold3/reliseg_s1/pred/bio.csv;runs/pivot/e4/fold4/reliseg_s1/pred/bio.csv,runs/pivot/e4/fold0/base/pred/bio.csv;runs/pivot/e4/fold1/base/pred/bio.csv;runs/pivot/e4/fold2/base/pred/bio.csv;runs/pivot/e4/fold3/base/pred/bio.csv;runs/pivot/e4/fold4/base/pred/bio.csv,results/pivot/e4_gt_fundusavseg.csv,"per outer fold: 1.4826*MAD of the reference-mask biomarkers of that fold's 80 TRAINING images, applied to its 20 held-out images (results/pivot/e4_gt_fundusavseg.csv); no Gate A train scale exists for Fundus-AVSeg (DECISIONS 2026-09-17 13:30 (4))"
fundusavseg,fundusavseg,leave_out_fold4,reliseg,baseline,secondary,oof minus fold 4,last,total_length,skan,80,0,0.0005768432559508652,,,0.47048206043558966,,False,point estimate on the other four folds,runs/pivot/e4/fold0/reliseg_s1/pred/bio.csv;runs/pivot/e4/fold1/reliseg_s1/pred/bio.csv;runs/pivot/e4/fold2/reliseg_s1/pred/bio.csv;runs/pivot/e4/fold3/reliseg_s1/pred/bio.csv;runs/pivot/e4/fold4/reliseg_s1/pred/bio.csv,runs/pivot/e4/fold0/base/pred/bio.csv;runs/pivot/e4/fold1/base/pred/bio.csv;runs/pivot/e4/fold2/base/pred/bio.csv;runs/pivot/e4/fold3/base/pred/bio.csv;runs/pivot/e4/fold4/base/pred/bio.csv,results/pivot/e4_gt_fundusavseg.csv,"per outer fold: 1.4826*MAD of the reference-mask biomarkers of that fold's 80 TRAINING images, applied to its 20 held-out images (results/pivot/e4_gt_fundusavseg.csv); no Gate A train scale exists for Fundus-AVSeg (DECISIONS 2026-09-17 13:30 (4))"
fundusavseg,fundusavseg,oof_pooled,continued,baseline,context,oof(5 folds),last,total_length,skan,100,2000,0.00022376375415744665,-0.0009451501527189266,0.0014483211194303292,0.034018575712346955,,False,"paired bootstrap, 2000 resamples drawn WITHIN each outer fold (fold structure preserved); the interval is conditional on the fixed folds and the fitted models",runs/pivot/e4/fold0/continued_s1/pred/bio.csv;runs/pivot/e4/fold1/continued_s1/pred/bio.csv;runs/pivot/e4/fold2/continued_s1/pred/bio.csv;runs/pivot/e4/fold3/continued_s1/pred/bio.csv;runs/pivot/e4/fold4/continued_s1/pred/bio.csv,runs/pivot/e4/fold0/base/pred/bio.csv;runs/pivot/e4/fold1/base/pred/bio.csv;runs/pivot/e4/fold2/base/pred/bio.csv;runs/pivot/e4/fold3/base/pred/bio.csv;runs/pivot/e4/fold4/base/pred/bio.csv,results/pivot/e4_gt_fundusavseg.csv,"per outer fold: 1.4826*MAD of the reference-mask biomarkers of that fold's 80 TRAINING images, applied to its 20 held-out images (results/pivot/e4_gt_fundusavseg.csv); no Gate A train scale exists for Fundus-AVSeg (DECISIONS 2026-09-17 13:30 (4))"
fundusavseg,fundusavseg,leave_out_fold0,continued,baseline,context,oof minus fold 0,last,total_length,skan,80,0,0.0002756292296661744,,,0.05323649289470478,,False,point estimate on the other four folds,runs/pivot/e4/fold0/continued_s1/pred/bio.csv;runs/pivot/e4/fold1/continued_s1/pred/bio.csv;runs/pivot/e4/fold2/continued_s1/pred/bio.csv;runs/pivot/e4/fold3/continued_s1/pred/bio.csv;runs/pivot/e4/fold4/continued_s1/pred/bio.csv,runs/pivot/e4/fold0/base/pred/bio.csv;runs/pivot/e4/fold1/base/pred/bio.csv;runs/pivot/e4/fold2/base/pred/bio.csv;runs/pivot/e4/fold3/base/pred/bio.csv;runs/pivot/e4/fold4/base/pred/bio.csv,results/pivot/e4_gt_fundusavseg.csv,"per outer fold: 1.4826*MAD of the reference-mask biomarkers of that fold's 80 TRAINING images, applied to its 20 held-out images (results/pivot/e4_gt_fundusavseg.csv); no Gate A train scale exists for Fundus-AVSeg (DECISIONS 2026-09-17 13:30 (4))"
fundusavseg,fundusavseg,leave_out_fold1,continued,baseline,context,oof minus fold 1,last,total_length,skan,80,0,-0.0005516116882141597,,,0.013547932370142235,,False,point estimate on the other four folds,runs/pivot/e4/fold0/continued_s1/pred/bio.csv;runs/pivot/e4/fold1/continued_s1/pred/bio.csv;runs/pivot/e4/fold2/continued_s1/pred/bio.csv;runs/pivot/e4/fold3/continued_s1/pred/bio.csv;runs/pivot/e4/fold4/continued_s1/pred/bio.csv,runs/pivot/e4/fold0/base/pred/bio.csv;runs/pivot/e4/fold1/base/pred/bio.csv;runs/pivot/e4/fold2/base/pred/bio.csv;runs/pivot/e4/fold3/base/pred/bio.csv;runs/pivot/e4/fold4/base/pred/bio.csv,results/pivot/e4_gt_fundusavseg.csv,"per outer fold: 1.4826*MAD of the reference-mask biomarkers of that fold's 80 TRAINING images, applied to its 20 held-out images (results/pivot/e4_gt_fundusavseg.csv); no Gate A train scale exists for Fundus-AVSeg (DECISIONS 2026-09-17 13:30 (4))"
fundusavseg,fundusavseg,leave_out_fold2,continued,baseline,context,oof minus fold 2,last,total_length,skan,80,0,0.0004889824453483405,,,0.015845987917408766,,False,point estimate on the other four folds,runs/pivot/e4/fold0/continued_s1/pred/bio.csv;runs/pivot/e4/fold1/continued_s1/pred/bio.csv;runs/pivot/e4/fold2/continued_s1/pred/bio.csv;runs/pivot/e4/fold3/continued_s1/pred/bio.csv;runs/pivot/e4/fold4/continued_s1/pred/bio.csv,runs/pivot/e4/fold0/base/pred/bio.csv;runs/pivot/e4/fold1/base/pred/bio.csv;runs/pivot/e4/fold2/base/pred/bio.csv;runs/pivot/e4/fold3/base/pred/bio.csv;runs/pivot/e4/fold4/base/pred/bio.csv,results/pivot/e4_gt_fundusavseg.csv,"per outer fold: 1.4826*MAD of the reference-mask biomarkers of that fold's 80 TRAINING images, applied to its 20 held-out images (results/pivot/e4_gt_fundusavseg.csv); no Gate A train scale exists for Fundus-AVSeg (DECISIONS 2026-09-17 13:30 (4))"
fundusavseg,fundusavseg,leave_out_fold3,continued,baseline,context,oof minus fold 3,last,total_length,skan,80,0,0.0004975069774875163,,,0.04127201345706283,,False,point estimate on the other four folds,runs/pivot/e4/fold0/continued_s1/pred/bio.csv;runs/pivot/e4/fold1/continued_s1/pred/bio.csv;runs/pivot/e4/fold2/continued_s1/pred/bio.csv;runs/pivot/e4/fold3/continued_s1/pred/bio.csv;runs/pivot/e4/fold4/continued_s1/pred/bio.csv,runs/pivot/e4/fold0/base/pred/bio.csv;runs/pivot/e4/fold1/base/pred/bio.csv;runs/pivot/e4/fold2/base/pred/bio.csv;runs/pivot/e4/fold3/base/pred/bio.csv;runs/pivot/e4/fold4/base/pred/bio.csv,results/pivot/e4_gt_fundusavseg.csv,"per outer fold: 1.4826*MAD of the reference-mask biomarkers of that fold's 80 TRAINING images, applied to its 20 held-out images (results/pivot/e4_gt_fundusavseg.csv); no Gate A train scale exists for Fundus-AVSeg (DECISIONS 2026-09-17 13:30 (4))"
fundusavseg,fundusavseg,leave_out_fold4,continued,baseline,context,oof minus fold 4,last,total_length,skan,80,0,0.0002201388267398796,,,0.04619045192241655,,False,point estimate on the other four folds,runs/pivot/e4/fold0/continued_s1/pred/bio.csv;runs/pivot/e4/fold1/continued_s1/pred/bio.csv;runs/pivot/e4/fold2/continued_s1/pred/bio.csv;runs/pivot/e4/fold3/continued_s1/pred/bio.csv;runs/pivot/e4/fold4/continued_s1/pred/bio.csv,runs/pivot/e4/fold0/base/pred/bio.csv;runs/pivot/e4/fold1/base/pred/bio.csv;runs/pivot/e4/fold2/base/pred/bio.csv;runs/pivot/e4/fold3/base/pred/bio.csv;runs/pivot/e4/fold4/base/pred/bio.csv,results/pivot/e4_gt_fundusavseg.csv,"per outer fold: 1.4826*MAD of the reference-mask biomarkers of that fold's 80 TRAINING images, applied to its 20 held-out images (results/pivot/e4_gt_fundusavseg.csv); no Gate A train scale exists for Fundus-AVSeg (DECISIONS 2026-09-17 13:30 (4))"
