dataset,target,scope,config,reference,role,seed,checkpoint,biomarker,pipeline,n,n_boot,d_r,lo,hi,d_bias_sigma,p_adj,is_primary,boot_note,pred_path,ref_path,gt_path,sigma_source
fundusavseg,fundusavseg,oof_pooled,reliseg,continued,primary,oof(5 folds),last,FD,pvbm,100,2000,-0.0028539319265463714,-0.00791793071414713,0.0022603513199385204,0.2372616992028967,,False,"paired bootstrap, 2000 resamples drawn WITHIN each outer fold (fold structure preserved); the interval is conditional on the fixed folds and the fitted models",runs/pivot/e4/fold0/reliseg_s2/pred/bio.csv;runs/pivot/e4/fold1/reliseg_s2/pred/bio.csv;runs/pivot/e4/fold2/reliseg_s2/pred/bio.csv;runs/pivot/e4/fold3/reliseg_s2/pred/bio.csv;runs/pivot/e4/fold4/reliseg_s2/pred/bio.csv,runs/pivot/e4/fold0/continued_s2/pred/bio.csv;runs/pivot/e4/fold1/continued_s2/pred/bio.csv;runs/pivot/e4/fold2/continued_s2/pred/bio.csv;runs/pivot/e4/fold3/continued_s2/pred/bio.csv;runs/pivot/e4/fold4/continued_s2/pred/bio.csv,results/pivot/e4_gt_fundusavseg.csv,"per outer fold: 1.4826*MAD of the reference-mask biomarkers of that fold's 80 TRAINING images, applied to its 20 held-out images (results/pivot/e4_gt_fundusavseg.csv); no Gate A train scale exists for Fundus-AVSeg (DECISIONS 2026-09-17 13:30 (4))"
fundusavseg,fundusavseg,leave_out_fold0,reliseg,continued,primary,oof minus fold 0,last,FD,pvbm,80,0,-0.002024459999906969,,,0.23668721861848963,,False,point estimate on the other four folds,runs/pivot/e4/fold0/reliseg_s2/pred/bio.csv;runs/pivot/e4/fold1/reliseg_s2/pred/bio.csv;runs/pivot/e4/fold2/reliseg_s2/pred/bio.csv;runs/pivot/e4/fold3/reliseg_s2/pred/bio.csv;runs/pivot/e4/fold4/reliseg_s2/pred/bio.csv,runs/pivot/e4/fold0/continued_s2/pred/bio.csv;runs/pivot/e4/fold1/continued_s2/pred/bio.csv;runs/pivot/e4/fold2/continued_s2/pred/bio.csv;runs/pivot/e4/fold3/continued_s2/pred/bio.csv;runs/pivot/e4/fold4/continued_s2/pred/bio.csv,results/pivot/e4_gt_fundusavseg.csv,"per outer fold: 1.4826*MAD of the reference-mask biomarkers of that fold's 80 TRAINING images, applied to its 20 held-out images (results/pivot/e4_gt_fundusavseg.csv); no Gate A train scale exists for Fundus-AVSeg (DECISIONS 2026-09-17 13:30 (4))"
fundusavseg,fundusavseg,leave_out_fold1,reliseg,continued,primary,oof minus fold 1,last,FD,pvbm,80,0,-0.0028368098482283166,,,0.23662456293443487,,False,point estimate on the other four folds,runs/pivot/e4/fold0/reliseg_s2/pred/bio.csv;runs/pivot/e4/fold1/reliseg_s2/pred/bio.csv;runs/pivot/e4/fold2/reliseg_s2/pred/bio.csv;runs/pivot/e4/fold3/reliseg_s2/pred/bio.csv;runs/pivot/e4/fold4/reliseg_s2/pred/bio.csv,runs/pivot/e4/fold0/continued_s2/pred/bio.csv;runs/pivot/e4/fold1/continued_s2/pred/bio.csv;runs/pivot/e4/fold2/continued_s2/pred/bio.csv;runs/pivot/e4/fold3/continued_s2/pred/bio.csv;runs/pivot/e4/fold4/continued_s2/pred/bio.csv,results/pivot/e4_gt_fundusavseg.csv,"per outer fold: 1.4826*MAD of the reference-mask biomarkers of that fold's 80 TRAINING images, applied to its 20 held-out images (results/pivot/e4_gt_fundusavseg.csv); no Gate A train scale exists for Fundus-AVSeg (DECISIONS 2026-09-17 13:30 (4))"
fundusavseg,fundusavseg,leave_out_fold2,reliseg,continued,primary,oof minus fold 2,last,FD,pvbm,80,0,-0.004420121875205463,,,0.2289131107807564,,False,point estimate on the other four folds,runs/pivot/e4/fold0/reliseg_s2/pred/bio.csv;runs/pivot/e4/fold1/reliseg_s2/pred/bio.csv;runs/pivot/e4/fold2/reliseg_s2/pred/bio.csv;runs/pivot/e4/fold3/reliseg_s2/pred/bio.csv;runs/pivot/e4/fold4/reliseg_s2/pred/bio.csv,runs/pivot/e4/fold0/continued_s2/pred/bio.csv;runs/pivot/e4/fold1/continued_s2/pred/bio.csv;runs/pivot/e4/fold2/continued_s2/pred/bio.csv;runs/pivot/e4/fold3/continued_s2/pred/bio.csv;runs/pivot/e4/fold4/continued_s2/pred/bio.csv,results/pivot/e4_gt_fundusavseg.csv,"per outer fold: 1.4826*MAD of the reference-mask biomarkers of that fold's 80 TRAINING images, applied to its 20 held-out images (results/pivot/e4_gt_fundusavseg.csv); no Gate A train scale exists for Fundus-AVSeg (DECISIONS 2026-09-17 13:30 (4))"
fundusavseg,fundusavseg,leave_out_fold3,reliseg,continued,primary,oof minus fold 3,last,FD,pvbm,80,0,-0.003534246535192187,,,0.24122877326634182,,False,point estimate on the other four folds,runs/pivot/e4/fold0/reliseg_s2/pred/bio.csv;runs/pivot/e4/fold1/reliseg_s2/pred/bio.csv;runs/pivot/e4/fold2/reliseg_s2/pred/bio.csv;runs/pivot/e4/fold3/reliseg_s2/pred/bio.csv;runs/pivot/e4/fold4/reliseg_s2/pred/bio.csv,runs/pivot/e4/fold0/continued_s2/pred/bio.csv;runs/pivot/e4/fold1/continued_s2/pred/bio.csv;runs/pivot/e4/fold2/continued_s2/pred/bio.csv;runs/pivot/e4/fold3/continued_s2/pred/bio.csv;runs/pivot/e4/fold4/continued_s2/pred/bio.csv,results/pivot/e4_gt_fundusavseg.csv,"per outer fold: 1.4826*MAD of the reference-mask biomarkers of that fold's 80 TRAINING images, applied to its 20 held-out images (results/pivot/e4_gt_fundusavseg.csv); no Gate A train scale exists for Fundus-AVSeg (DECISIONS 2026-09-17 13:30 (4))"
fundusavseg,fundusavseg,leave_out_fold4,reliseg,continued,primary,oof minus fold 4,last,FD,pvbm,80,0,-0.0015896719181343055,,,0.24285483041446088,,False,point estimate on the other four folds,runs/pivot/e4/fold0/reliseg_s2/pred/bio.csv;runs/pivot/e4/fold1/reliseg_s2/pred/bio.csv;runs/pivot/e4/fold2/reliseg_s2/pred/bio.csv;runs/pivot/e4/fold3/reliseg_s2/pred/bio.csv;runs/pivot/e4/fold4/reliseg_s2/pred/bio.csv,runs/pivot/e4/fold0/continued_s2/pred/bio.csv;runs/pivot/e4/fold1/continued_s2/pred/bio.csv;runs/pivot/e4/fold2/continued_s2/pred/bio.csv;runs/pivot/e4/fold3/continued_s2/pred/bio.csv;runs/pivot/e4/fold4/continued_s2/pred/bio.csv,results/pivot/e4_gt_fundusavseg.csv,"per outer fold: 1.4826*MAD of the reference-mask biomarkers of that fold's 80 TRAINING images, applied to its 20 held-out images (results/pivot/e4_gt_fundusavseg.csv); no Gate A train scale exists for Fundus-AVSeg (DECISIONS 2026-09-17 13:30 (4))"
fundusavseg,fundusavseg,oof_pooled,reliseg,baseline,secondary,oof(5 folds),last,FD,pvbm,100,2000,-0.004259211773000704,-0.013248003249980808,0.004633048626851051,0.28208938982800513,,False,"paired bootstrap, 2000 resamples drawn WITHIN each outer fold (fold structure preserved); the interval is conditional on the fixed folds and the fitted models",runs/pivot/e4/fold0/reliseg_s2/pred/bio.csv;runs/pivot/e4/fold1/reliseg_s2/pred/bio.csv;runs/pivot/e4/fold2/reliseg_s2/pred/bio.csv;runs/pivot/e4/fold3/reliseg_s2/pred/bio.csv;runs/pivot/e4/fold4/reliseg_s2/pred/bio.csv,runs/pivot/e4/fold0/base/pred/bio.csv;runs/pivot/e4/fold1/base/pred/bio.csv;runs/pivot/e4/fold2/base/pred/bio.csv;runs/pivot/e4/fold3/base/pred/bio.csv;runs/pivot/e4/fold4/base/pred/bio.csv,results/pivot/e4_gt_fundusavseg.csv,"per outer fold: 1.4826*MAD of the reference-mask biomarkers of that fold's 80 TRAINING images, applied to its 20 held-out images (results/pivot/e4_gt_fundusavseg.csv); no Gate A train scale exists for Fundus-AVSeg (DECISIONS 2026-09-17 13:30 (4))"
fundusavseg,fundusavseg,leave_out_fold0,reliseg,baseline,secondary,oof minus fold 0,last,FD,pvbm,80,0,-0.004460548377353546,,,0.30463701469091475,,False,point estimate on the other four folds,runs/pivot/e4/fold0/reliseg_s2/pred/bio.csv;runs/pivot/e4/fold1/reliseg_s2/pred/bio.csv;runs/pivot/e4/fold2/reliseg_s2/pred/bio.csv;runs/pivot/e4/fold3/reliseg_s2/pred/bio.csv;runs/pivot/e4/fold4/reliseg_s2/pred/bio.csv,runs/pivot/e4/fold0/base/pred/bio.csv;runs/pivot/e4/fold1/base/pred/bio.csv;runs/pivot/e4/fold2/base/pred/bio.csv;runs/pivot/e4/fold3/base/pred/bio.csv;runs/pivot/e4/fold4/base/pred/bio.csv,results/pivot/e4_gt_fundusavseg.csv,"per outer fold: 1.4826*MAD of the reference-mask biomarkers of that fold's 80 TRAINING images, applied to its 20 held-out images (results/pivot/e4_gt_fundusavseg.csv); no Gate A train scale exists for Fundus-AVSeg (DECISIONS 2026-09-17 13:30 (4))"
fundusavseg,fundusavseg,leave_out_fold1,reliseg,baseline,secondary,oof minus fold 1,last,FD,pvbm,80,0,-0.009108321125387286,,,0.2704479895128413,,False,point estimate on the other four folds,runs/pivot/e4/fold0/reliseg_s2/pred/bio.csv;runs/pivot/e4/fold1/reliseg_s2/pred/bio.csv;runs/pivot/e4/fold2/reliseg_s2/pred/bio.csv;runs/pivot/e4/fold3/reliseg_s2/pred/bio.csv;runs/pivot/e4/fold4/reliseg_s2/pred/bio.csv,runs/pivot/e4/fold0/base/pred/bio.csv;runs/pivot/e4/fold1/base/pred/bio.csv;runs/pivot/e4/fold2/base/pred/bio.csv;runs/pivot/e4/fold3/base/pred/bio.csv;runs/pivot/e4/fold4/base/pred/bio.csv,results/pivot/e4_gt_fundusavseg.csv,"per outer fold: 1.4826*MAD of the reference-mask biomarkers of that fold's 80 TRAINING images, applied to its 20 held-out images (results/pivot/e4_gt_fundusavseg.csv); no Gate A train scale exists for Fundus-AVSeg (DECISIONS 2026-09-17 13:30 (4))"
fundusavseg,fundusavseg,leave_out_fold2,reliseg,baseline,secondary,oof minus fold 2,last,FD,pvbm,80,0,-0.0017901649003480014,,,0.26191100970810977,,False,point estimate on the other four folds,runs/pivot/e4/fold0/reliseg_s2/pred/bio.csv;runs/pivot/e4/fold1/reliseg_s2/pred/bio.csv;runs/pivot/e4/fold2/reliseg_s2/pred/bio.csv;runs/pivot/e4/fold3/reliseg_s2/pred/bio.csv;runs/pivot/e4/fold4/reliseg_s2/pred/bio.csv,runs/pivot/e4/fold0/base/pred/bio.csv;runs/pivot/e4/fold1/base/pred/bio.csv;runs/pivot/e4/fold2/base/pred/bio.csv;runs/pivot/e4/fold3/base/pred/bio.csv;runs/pivot/e4/fold4/base/pred/bio.csv,results/pivot/e4_gt_fundusavseg.csv,"per outer fold: 1.4826*MAD of the reference-mask biomarkers of that fold's 80 TRAINING images, applied to its 20 held-out images (results/pivot/e4_gt_fundusavseg.csv); no Gate A train scale exists for Fundus-AVSeg (DECISIONS 2026-09-17 13:30 (4))"
fundusavseg,fundusavseg,leave_out_fold3,reliseg,baseline,secondary,oof minus fold 3,last,FD,pvbm,80,0,-0.0043173249482034715,,,0.2815897915765093,,False,point estimate on the other four folds,runs/pivot/e4/fold0/reliseg_s2/pred/bio.csv;runs/pivot/e4/fold1/reliseg_s2/pred/bio.csv;runs/pivot/e4/fold2/reliseg_s2/pred/bio.csv;runs/pivot/e4/fold3/reliseg_s2/pred/bio.csv;runs/pivot/e4/fold4/reliseg_s2/pred/bio.csv,runs/pivot/e4/fold0/base/pred/bio.csv;runs/pivot/e4/fold1/base/pred/bio.csv;runs/pivot/e4/fold2/base/pred/bio.csv;runs/pivot/e4/fold3/base/pred/bio.csv;runs/pivot/e4/fold4/base/pred/bio.csv,results/pivot/e4_gt_fundusavseg.csv,"per outer fold: 1.4826*MAD of the reference-mask biomarkers of that fold's 80 TRAINING images, applied to its 20 held-out images (results/pivot/e4_gt_fundusavseg.csv); no Gate A train scale exists for Fundus-AVSeg (DECISIONS 2026-09-17 13:30 (4))"
fundusavseg,fundusavseg,leave_out_fold4,reliseg,baseline,secondary,oof minus fold 4,last,FD,pvbm,80,0,-0.0023814284401051378,,,0.2918611436516507,,False,point estimate on the other four folds,runs/pivot/e4/fold0/reliseg_s2/pred/bio.csv;runs/pivot/e4/fold1/reliseg_s2/pred/bio.csv;runs/pivot/e4/fold2/reliseg_s2/pred/bio.csv;runs/pivot/e4/fold3/reliseg_s2/pred/bio.csv;runs/pivot/e4/fold4/reliseg_s2/pred/bio.csv,runs/pivot/e4/fold0/base/pred/bio.csv;runs/pivot/e4/fold1/base/pred/bio.csv;runs/pivot/e4/fold2/base/pred/bio.csv;runs/pivot/e4/fold3/base/pred/bio.csv;runs/pivot/e4/fold4/base/pred/bio.csv,results/pivot/e4_gt_fundusavseg.csv,"per outer fold: 1.4826*MAD of the reference-mask biomarkers of that fold's 80 TRAINING images, applied to its 20 held-out images (results/pivot/e4_gt_fundusavseg.csv); no Gate A train scale exists for Fundus-AVSeg (DECISIONS 2026-09-17 13:30 (4))"
fundusavseg,fundusavseg,oof_pooled,continued,baseline,context,oof(5 folds),last,FD,pvbm,100,2000,-0.0014052798464543326,-0.009458112910671432,0.005478267216544926,0.04482769062510848,,False,"paired bootstrap, 2000 resamples drawn WITHIN each outer fold (fold structure preserved); the interval is conditional on the fixed folds and the fitted models",runs/pivot/e4/fold0/continued_s2/pred/bio.csv;runs/pivot/e4/fold1/continued_s2/pred/bio.csv;runs/pivot/e4/fold2/continued_s2/pred/bio.csv;runs/pivot/e4/fold3/continued_s2/pred/bio.csv;runs/pivot/e4/fold4/continued_s2/pred/bio.csv,runs/pivot/e4/fold0/base/pred/bio.csv;runs/pivot/e4/fold1/base/pred/bio.csv;runs/pivot/e4/fold2/base/pred/bio.csv;runs/pivot/e4/fold3/base/pred/bio.csv;runs/pivot/e4/fold4/base/pred/bio.csv,results/pivot/e4_gt_fundusavseg.csv,"per outer fold: 1.4826*MAD of the reference-mask biomarkers of that fold's 80 TRAINING images, applied to its 20 held-out images (results/pivot/e4_gt_fundusavseg.csv); no Gate A train scale exists for Fundus-AVSeg (DECISIONS 2026-09-17 13:30 (4))"
fundusavseg,fundusavseg,leave_out_fold0,continued,baseline,context,oof minus fold 0,last,FD,pvbm,80,0,-0.002436088377446577,,,0.06794979607242513,,False,point estimate on the other four folds,runs/pivot/e4/fold0/continued_s2/pred/bio.csv;runs/pivot/e4/fold1/continued_s2/pred/bio.csv;runs/pivot/e4/fold2/continued_s2/pred/bio.csv;runs/pivot/e4/fold3/continued_s2/pred/bio.csv;runs/pivot/e4/fold4/continued_s2/pred/bio.csv,runs/pivot/e4/fold0/base/pred/bio.csv;runs/pivot/e4/fold1/base/pred/bio.csv;runs/pivot/e4/fold2/base/pred/bio.csv;runs/pivot/e4/fold3/base/pred/bio.csv;runs/pivot/e4/fold4/base/pred/bio.csv,results/pivot/e4_gt_fundusavseg.csv,"per outer fold: 1.4826*MAD of the reference-mask biomarkers of that fold's 80 TRAINING images, applied to its 20 held-out images (results/pivot/e4_gt_fundusavseg.csv); no Gate A train scale exists for Fundus-AVSeg (DECISIONS 2026-09-17 13:30 (4))"
fundusavseg,fundusavseg,leave_out_fold1,continued,baseline,context,oof minus fold 1,last,FD,pvbm,80,0,-0.00627151127715897,,,0.03382342657840645,,False,point estimate on the other four folds,runs/pivot/e4/fold0/continued_s2/pred/bio.csv;runs/pivot/e4/fold1/continued_s2/pred/bio.csv;runs/pivot/e4/fold2/continued_s2/pred/bio.csv;runs/pivot/e4/fold3/continued_s2/pred/bio.csv;runs/pivot/e4/fold4/continued_s2/pred/bio.csv,runs/pivot/e4/fold0/base/pred/bio.csv;runs/pivot/e4/fold1/base/pred/bio.csv;runs/pivot/e4/fold2/base/pred/bio.csv;runs/pivot/e4/fold3/base/pred/bio.csv;runs/pivot/e4/fold4/base/pred/bio.csv,results/pivot/e4_gt_fundusavseg.csv,"per outer fold: 1.4826*MAD of the reference-mask biomarkers of that fold's 80 TRAINING images, applied to its 20 held-out images (results/pivot/e4_gt_fundusavseg.csv); no Gate A train scale exists for Fundus-AVSeg (DECISIONS 2026-09-17 13:30 (4))"
fundusavseg,fundusavseg,leave_out_fold2,continued,baseline,context,oof minus fold 2,last,FD,pvbm,80,0,0.0026299569748574614,,,0.03299789892735338,,False,point estimate on the other four folds,runs/pivot/e4/fold0/continued_s2/pred/bio.csv;runs/pivot/e4/fold1/continued_s2/pred/bio.csv;runs/pivot/e4/fold2/continued_s2/pred/bio.csv;runs/pivot/e4/fold3/continued_s2/pred/bio.csv;runs/pivot/e4/fold4/continued_s2/pred/bio.csv,runs/pivot/e4/fold0/base/pred/bio.csv;runs/pivot/e4/fold1/base/pred/bio.csv;runs/pivot/e4/fold2/base/pred/bio.csv;runs/pivot/e4/fold3/base/pred/bio.csv;runs/pivot/e4/fold4/base/pred/bio.csv,results/pivot/e4_gt_fundusavseg.csv,"per outer fold: 1.4826*MAD of the reference-mask biomarkers of that fold's 80 TRAINING images, applied to its 20 held-out images (results/pivot/e4_gt_fundusavseg.csv); no Gate A train scale exists for Fundus-AVSeg (DECISIONS 2026-09-17 13:30 (4))"
fundusavseg,fundusavseg,leave_out_fold3,continued,baseline,context,oof minus fold 3,last,FD,pvbm,80,0,-0.0007830784130112844,,,0.040361018310167515,,False,point estimate on the other four folds,runs/pivot/e4/fold0/continued_s2/pred/bio.csv;runs/pivot/e4/fold1/continued_s2/pred/bio.csv;runs/pivot/e4/fold2/continued_s2/pred/bio.csv;runs/pivot/e4/fold3/continued_s2/pred/bio.csv;runs/pivot/e4/fold4/continued_s2/pred/bio.csv,runs/pivot/e4/fold0/base/pred/bio.csv;runs/pivot/e4/fold1/base/pred/bio.csv;runs/pivot/e4/fold2/base/pred/bio.csv;runs/pivot/e4/fold3/base/pred/bio.csv;runs/pivot/e4/fold4/base/pred/bio.csv,results/pivot/e4_gt_fundusavseg.csv,"per outer fold: 1.4826*MAD of the reference-mask biomarkers of that fold's 80 TRAINING images, applied to its 20 held-out images (results/pivot/e4_gt_fundusavseg.csv); no Gate A train scale exists for Fundus-AVSeg (DECISIONS 2026-09-17 13:30 (4))"
fundusavseg,fundusavseg,leave_out_fold4,continued,baseline,context,oof minus fold 4,last,FD,pvbm,80,0,-0.0007917565219708322,,,0.04900631323718985,,False,point estimate on the other four folds,runs/pivot/e4/fold0/continued_s2/pred/bio.csv;runs/pivot/e4/fold1/continued_s2/pred/bio.csv;runs/pivot/e4/fold2/continued_s2/pred/bio.csv;runs/pivot/e4/fold3/continued_s2/pred/bio.csv;runs/pivot/e4/fold4/continued_s2/pred/bio.csv,runs/pivot/e4/fold0/base/pred/bio.csv;runs/pivot/e4/fold1/base/pred/bio.csv;runs/pivot/e4/fold2/base/pred/bio.csv;runs/pivot/e4/fold3/base/pred/bio.csv;runs/pivot/e4/fold4/base/pred/bio.csv,results/pivot/e4_gt_fundusavseg.csv,"per outer fold: 1.4826*MAD of the reference-mask biomarkers of that fold's 80 TRAINING images, applied to its 20 held-out images (results/pivot/e4_gt_fundusavseg.csv); no Gate A train scale exists for Fundus-AVSeg (DECISIONS 2026-09-17 13:30 (4))"
fundusavseg,fundusavseg,oof_pooled,reliseg,continued,primary,oof(5 folds),last,FD,skan,100,2000,-0.00410863847225762,-0.03105919796254472,0.020755949955055045,0.2935383850414804,1.0,True,"paired bootstrap, 2000 resamples drawn WITHIN each outer fold (fold structure preserved); the interval is conditional on the fixed folds and the fitted models",runs/pivot/e4/fold0/reliseg_s2/pred/bio.csv;runs/pivot/e4/fold1/reliseg_s2/pred/bio.csv;runs/pivot/e4/fold2/reliseg_s2/pred/bio.csv;runs/pivot/e4/fold3/reliseg_s2/pred/bio.csv;runs/pivot/e4/fold4/reliseg_s2/pred/bio.csv,runs/pivot/e4/fold0/continued_s2/pred/bio.csv;runs/pivot/e4/fold1/continued_s2/pred/bio.csv;runs/pivot/e4/fold2/continued_s2/pred/bio.csv;runs/pivot/e4/fold3/continued_s2/pred/bio.csv;runs/pivot/e4/fold4/continued_s2/pred/bio.csv,results/pivot/e4_gt_fundusavseg.csv,"per outer fold: 1.4826*MAD of the reference-mask biomarkers of that fold's 80 TRAINING images, applied to its 20 held-out images (results/pivot/e4_gt_fundusavseg.csv); no Gate A train scale exists for Fundus-AVSeg (DECISIONS 2026-09-17 13:30 (4))"
fundusavseg,fundusavseg,leave_out_fold0,reliseg,continued,primary,oof minus fold 0,last,FD,skan,80,0,-0.0003761501510701759,,,0.3080468947888331,,False,point estimate on the other four folds,runs/pivot/e4/fold0/reliseg_s2/pred/bio.csv;runs/pivot/e4/fold1/reliseg_s2/pred/bio.csv;runs/pivot/e4/fold2/reliseg_s2/pred/bio.csv;runs/pivot/e4/fold3/reliseg_s2/pred/bio.csv;runs/pivot/e4/fold4/reliseg_s2/pred/bio.csv,runs/pivot/e4/fold0/continued_s2/pred/bio.csv;runs/pivot/e4/fold1/continued_s2/pred/bio.csv;runs/pivot/e4/fold2/continued_s2/pred/bio.csv;runs/pivot/e4/fold3/continued_s2/pred/bio.csv;runs/pivot/e4/fold4/continued_s2/pred/bio.csv,results/pivot/e4_gt_fundusavseg.csv,"per outer fold: 1.4826*MAD of the reference-mask biomarkers of that fold's 80 TRAINING images, applied to its 20 held-out images (results/pivot/e4_gt_fundusavseg.csv); no Gate A train scale exists for Fundus-AVSeg (DECISIONS 2026-09-17 13:30 (4))"
fundusavseg,fundusavseg,leave_out_fold1,reliseg,continued,primary,oof minus fold 1,last,FD,skan,80,0,-0.01256173345544076,,,0.2857940670934781,,False,point estimate on the other four folds,runs/pivot/e4/fold0/reliseg_s2/pred/bio.csv;runs/pivot/e4/fold1/reliseg_s2/pred/bio.csv;runs/pivot/e4/fold2/reliseg_s2/pred/bio.csv;runs/pivot/e4/fold3/reliseg_s2/pred/bio.csv;runs/pivot/e4/fold4/reliseg_s2/pred/bio.csv,runs/pivot/e4/fold0/continued_s2/pred/bio.csv;runs/pivot/e4/fold1/continued_s2/pred/bio.csv;runs/pivot/e4/fold2/continued_s2/pred/bio.csv;runs/pivot/e4/fold3/continued_s2/pred/bio.csv;runs/pivot/e4/fold4/continued_s2/pred/bio.csv,results/pivot/e4_gt_fundusavseg.csv,"per outer fold: 1.4826*MAD of the reference-mask biomarkers of that fold's 80 TRAINING images, applied to its 20 held-out images (results/pivot/e4_gt_fundusavseg.csv); no Gate A train scale exists for Fundus-AVSeg (DECISIONS 2026-09-17 13:30 (4))"
fundusavseg,fundusavseg,leave_out_fold2,reliseg,continued,primary,oof minus fold 2,last,FD,skan,80,0,0.0008483383535639044,,,0.2923039156999033,,False,point estimate on the other four folds,runs/pivot/e4/fold0/reliseg_s2/pred/bio.csv;runs/pivot/e4/fold1/reliseg_s2/pred/bio.csv;runs/pivot/e4/fold2/reliseg_s2/pred/bio.csv;runs/pivot/e4/fold3/reliseg_s2/pred/bio.csv;runs/pivot/e4/fold4/reliseg_s2/pred/bio.csv,runs/pivot/e4/fold0/continued_s2/pred/bio.csv;runs/pivot/e4/fold1/continued_s2/pred/bio.csv;runs/pivot/e4/fold2/continued_s2/pred/bio.csv;runs/pivot/e4/fold3/continued_s2/pred/bio.csv;runs/pivot/e4/fold4/continued_s2/pred/bio.csv,results/pivot/e4_gt_fundusavseg.csv,"per outer fold: 1.4826*MAD of the reference-mask biomarkers of that fold's 80 TRAINING images, applied to its 20 held-out images (results/pivot/e4_gt_fundusavseg.csv); no Gate A train scale exists for Fundus-AVSeg (DECISIONS 2026-09-17 13:30 (4))"
fundusavseg,fundusavseg,leave_out_fold3,reliseg,continued,primary,oof minus fold 3,last,FD,skan,80,0,-0.005493634270551939,,,0.28831566014402704,,False,point estimate on the other four folds,runs/pivot/e4/fold0/reliseg_s2/pred/bio.csv;runs/pivot/e4/fold1/reliseg_s2/pred/bio.csv;runs/pivot/e4/fold2/reliseg_s2/pred/bio.csv;runs/pivot/e4/fold3/reliseg_s2/pred/bio.csv;runs/pivot/e4/fold4/reliseg_s2/pred/bio.csv,runs/pivot/e4/fold0/continued_s2/pred/bio.csv;runs/pivot/e4/fold1/continued_s2/pred/bio.csv;runs/pivot/e4/fold2/continued_s2/pred/bio.csv;runs/pivot/e4/fold3/continued_s2/pred/bio.csv;runs/pivot/e4/fold4/continued_s2/pred/bio.csv,results/pivot/e4_gt_fundusavseg.csv,"per outer fold: 1.4826*MAD of the reference-mask biomarkers of that fold's 80 TRAINING images, applied to its 20 held-out images (results/pivot/e4_gt_fundusavseg.csv); no Gate A train scale exists for Fundus-AVSeg (DECISIONS 2026-09-17 13:30 (4))"
fundusavseg,fundusavseg,leave_out_fold4,reliseg,continued,primary,oof minus fold 4,last,FD,skan,80,0,-0.0024644699956983818,,,0.2932313874811601,,False,point estimate on the other four folds,runs/pivot/e4/fold0/reliseg_s2/pred/bio.csv;runs/pivot/e4/fold1/reliseg_s2/pred/bio.csv;runs/pivot/e4/fold2/reliseg_s2/pred/bio.csv;runs/pivot/e4/fold3/reliseg_s2/pred/bio.csv;runs/pivot/e4/fold4/reliseg_s2/pred/bio.csv,runs/pivot/e4/fold0/continued_s2/pred/bio.csv;runs/pivot/e4/fold1/continued_s2/pred/bio.csv;runs/pivot/e4/fold2/continued_s2/pred/bio.csv;runs/pivot/e4/fold3/continued_s2/pred/bio.csv;runs/pivot/e4/fold4/continued_s2/pred/bio.csv,results/pivot/e4_gt_fundusavseg.csv,"per outer fold: 1.4826*MAD of the reference-mask biomarkers of that fold's 80 TRAINING images, applied to its 20 held-out images (results/pivot/e4_gt_fundusavseg.csv); no Gate A train scale exists for Fundus-AVSeg (DECISIONS 2026-09-17 13:30 (4))"
fundusavseg,fundusavseg,oof_pooled,reliseg,baseline,secondary,oof(5 folds),last,FD,skan,100,2000,-0.00086639770417829,-0.02813250654647303,0.02422149962406951,0.31601589050383966,,False,"paired bootstrap, 2000 resamples drawn WITHIN each outer fold (fold structure preserved); the interval is conditional on the fixed folds and the fitted models",runs/pivot/e4/fold0/reliseg_s2/pred/bio.csv;runs/pivot/e4/fold1/reliseg_s2/pred/bio.csv;runs/pivot/e4/fold2/reliseg_s2/pred/bio.csv;runs/pivot/e4/fold3/reliseg_s2/pred/bio.csv;runs/pivot/e4/fold4/reliseg_s2/pred/bio.csv,runs/pivot/e4/fold0/base/pred/bio.csv;runs/pivot/e4/fold1/base/pred/bio.csv;runs/pivot/e4/fold2/base/pred/bio.csv;runs/pivot/e4/fold3/base/pred/bio.csv;runs/pivot/e4/fold4/base/pred/bio.csv,results/pivot/e4_gt_fundusavseg.csv,"per outer fold: 1.4826*MAD of the reference-mask biomarkers of that fold's 80 TRAINING images, applied to its 20 held-out images (results/pivot/e4_gt_fundusavseg.csv); no Gate A train scale exists for Fundus-AVSeg (DECISIONS 2026-09-17 13:30 (4))"
fundusavseg,fundusavseg,leave_out_fold0,reliseg,baseline,secondary,oof minus fold 0,last,FD,skan,80,0,0.0012569056056090933,,,0.355255891527588,,False,point estimate on the other four folds,runs/pivot/e4/fold0/reliseg_s2/pred/bio.csv;runs/pivot/e4/fold1/reliseg_s2/pred/bio.csv;runs/pivot/e4/fold2/reliseg_s2/pred/bio.csv;runs/pivot/e4/fold3/reliseg_s2/pred/bio.csv;runs/pivot/e4/fold4/reliseg_s2/pred/bio.csv,runs/pivot/e4/fold0/base/pred/bio.csv;runs/pivot/e4/fold1/base/pred/bio.csv;runs/pivot/e4/fold2/base/pred/bio.csv;runs/pivot/e4/fold3/base/pred/bio.csv;runs/pivot/e4/fold4/base/pred/bio.csv,results/pivot/e4_gt_fundusavseg.csv,"per outer fold: 1.4826*MAD of the reference-mask biomarkers of that fold's 80 TRAINING images, applied to its 20 held-out images (results/pivot/e4_gt_fundusavseg.csv); no Gate A train scale exists for Fundus-AVSeg (DECISIONS 2026-09-17 13:30 (4))"
fundusavseg,fundusavseg,leave_out_fold1,reliseg,baseline,secondary,oof minus fold 1,last,FD,skan,80,0,-0.012796535251259566,,,0.29038965987734666,,False,point estimate on the other four folds,runs/pivot/e4/fold0/reliseg_s2/pred/bio.csv;runs/pivot/e4/fold1/reliseg_s2/pred/bio.csv;runs/pivot/e4/fold2/reliseg_s2/pred/bio.csv;runs/pivot/e4/fold3/reliseg_s2/pred/bio.csv;runs/pivot/e4/fold4/reliseg_s2/pred/bio.csv,runs/pivot/e4/fold0/base/pred/bio.csv;runs/pivot/e4/fold1/base/pred/bio.csv;runs/pivot/e4/fold2/base/pred/bio.csv;runs/pivot/e4/fold3/base/pred/bio.csv;runs/pivot/e4/fold4/base/pred/bio.csv,results/pivot/e4_gt_fundusavseg.csv,"per outer fold: 1.4826*MAD of the reference-mask biomarkers of that fold's 80 TRAINING images, applied to its 20 held-out images (results/pivot/e4_gt_fundusavseg.csv); no Gate A train scale exists for Fundus-AVSeg (DECISIONS 2026-09-17 13:30 (4))"
fundusavseg,fundusavseg,leave_out_fold2,reliseg,baseline,secondary,oof minus fold 2,last,FD,skan,80,0,0.00510189148668605,,,0.3036656974270261,,False,point estimate on the other four folds,runs/pivot/e4/fold0/reliseg_s2/pred/bio.csv;runs/pivot/e4/fold1/reliseg_s2/pred/bio.csv;runs/pivot/e4/fold2/reliseg_s2/pred/bio.csv;runs/pivot/e4/fold3/reliseg_s2/pred/bio.csv;runs/pivot/e4/fold4/reliseg_s2/pred/bio.csv,runs/pivot/e4/fold0/base/pred/bio.csv;runs/pivot/e4/fold1/base/pred/bio.csv;runs/pivot/e4/fold2/base/pred/bio.csv;runs/pivot/e4/fold3/base/pred/bio.csv;runs/pivot/e4/fold4/base/pred/bio.csv,results/pivot/e4_gt_fundusavseg.csv,"per outer fold: 1.4826*MAD of the reference-mask biomarkers of that fold's 80 TRAINING images, applied to its 20 held-out images (results/pivot/e4_gt_fundusavseg.csv); no Gate A train scale exists for Fundus-AVSeg (DECISIONS 2026-09-17 13:30 (4))"
fundusavseg,fundusavseg,leave_out_fold3,reliseg,baseline,secondary,oof minus fold 3,last,FD,skan,80,0,-0.0009207113004173761,,,0.3173311542564925,,False,point estimate on the other four folds,runs/pivot/e4/fold0/reliseg_s2/pred/bio.csv;runs/pivot/e4/fold1/reliseg_s2/pred/bio.csv;runs/pivot/e4/fold2/reliseg_s2/pred/bio.csv;runs/pivot/e4/fold3/reliseg_s2/pred/bio.csv;runs/pivot/e4/fold4/reliseg_s2/pred/bio.csv,runs/pivot/e4/fold0/base/pred/bio.csv;runs/pivot/e4/fold1/base/pred/bio.csv;runs/pivot/e4/fold2/base/pred/bio.csv;runs/pivot/e4/fold3/base/pred/bio.csv;runs/pivot/e4/fold4/base/pred/bio.csv,results/pivot/e4_gt_fundusavseg.csv,"per outer fold: 1.4826*MAD of the reference-mask biomarkers of that fold's 80 TRAINING images, applied to its 20 held-out images (results/pivot/e4_gt_fundusavseg.csv); no Gate A train scale exists for Fundus-AVSeg (DECISIONS 2026-09-17 13:30 (4))"
fundusavseg,fundusavseg,leave_out_fold4,reliseg,baseline,secondary,oof minus fold 4,last,FD,skan,80,0,0.0025685230171519358,,,0.3134370494307447,,False,point estimate on the other four folds,runs/pivot/e4/fold0/reliseg_s2/pred/bio.csv;runs/pivot/e4/fold1/reliseg_s2/pred/bio.csv;runs/pivot/e4/fold2/reliseg_s2/pred/bio.csv;runs/pivot/e4/fold3/reliseg_s2/pred/bio.csv;runs/pivot/e4/fold4/reliseg_s2/pred/bio.csv,runs/pivot/e4/fold0/base/pred/bio.csv;runs/pivot/e4/fold1/base/pred/bio.csv;runs/pivot/e4/fold2/base/pred/bio.csv;runs/pivot/e4/fold3/base/pred/bio.csv;runs/pivot/e4/fold4/base/pred/bio.csv,results/pivot/e4_gt_fundusavseg.csv,"per outer fold: 1.4826*MAD of the reference-mask biomarkers of that fold's 80 TRAINING images, applied to its 20 held-out images (results/pivot/e4_gt_fundusavseg.csv); no Gate A train scale exists for Fundus-AVSeg (DECISIONS 2026-09-17 13:30 (4))"
fundusavseg,fundusavseg,oof_pooled,continued,baseline,context,oof(5 folds),last,FD,skan,100,2000,0.0032422407680793297,-0.0025377644511039325,0.008897287602981592,0.02247750546235927,,False,"paired bootstrap, 2000 resamples drawn WITHIN each outer fold (fold structure preserved); the interval is conditional on the fixed folds and the fitted models",runs/pivot/e4/fold0/continued_s2/pred/bio.csv;runs/pivot/e4/fold1/continued_s2/pred/bio.csv;runs/pivot/e4/fold2/continued_s2/pred/bio.csv;runs/pivot/e4/fold3/continued_s2/pred/bio.csv;runs/pivot/e4/fold4/continued_s2/pred/bio.csv,runs/pivot/e4/fold0/base/pred/bio.csv;runs/pivot/e4/fold1/base/pred/bio.csv;runs/pivot/e4/fold2/base/pred/bio.csv;runs/pivot/e4/fold3/base/pred/bio.csv;runs/pivot/e4/fold4/base/pred/bio.csv,results/pivot/e4_gt_fundusavseg.csv,"per outer fold: 1.4826*MAD of the reference-mask biomarkers of that fold's 80 TRAINING images, applied to its 20 held-out images (results/pivot/e4_gt_fundusavseg.csv); no Gate A train scale exists for Fundus-AVSeg (DECISIONS 2026-09-17 13:30 (4))"
fundusavseg,fundusavseg,leave_out_fold0,continued,baseline,context,oof minus fold 0,last,FD,skan,80,0,0.0016330557566792692,,,0.047208996738754894,,False,point estimate on the other four folds,runs/pivot/e4/fold0/continued_s2/pred/bio.csv;runs/pivot/e4/fold1/continued_s2/pred/bio.csv;runs/pivot/e4/fold2/continued_s2/pred/bio.csv;runs/pivot/e4/fold3/continued_s2/pred/bio.csv;runs/pivot/e4/fold4/continued_s2/pred/bio.csv,runs/pivot/e4/fold0/base/pred/bio.csv;runs/pivot/e4/fold1/base/pred/bio.csv;runs/pivot/e4/fold2/base/pred/bio.csv;runs/pivot/e4/fold3/base/pred/bio.csv;runs/pivot/e4/fold4/base/pred/bio.csv,results/pivot/e4_gt_fundusavseg.csv,"per outer fold: 1.4826*MAD of the reference-mask biomarkers of that fold's 80 TRAINING images, applied to its 20 held-out images (results/pivot/e4_gt_fundusavseg.csv); no Gate A train scale exists for Fundus-AVSeg (DECISIONS 2026-09-17 13:30 (4))"
fundusavseg,fundusavseg,leave_out_fold1,continued,baseline,context,oof minus fold 1,last,FD,skan,80,0,-0.00023480179581880645,,,0.004595592783868563,,False,point estimate on the other four folds,runs/pivot/e4/fold0/continued_s2/pred/bio.csv;runs/pivot/e4/fold1/continued_s2/pred/bio.csv;runs/pivot/e4/fold2/continued_s2/pred/bio.csv;runs/pivot/e4/fold3/continued_s2/pred/bio.csv;runs/pivot/e4/fold4/continued_s2/pred/bio.csv,runs/pivot/e4/fold0/base/pred/bio.csv;runs/pivot/e4/fold1/base/pred/bio.csv;runs/pivot/e4/fold2/base/pred/bio.csv;runs/pivot/e4/fold3/base/pred/bio.csv;runs/pivot/e4/fold4/base/pred/bio.csv,results/pivot/e4_gt_fundusavseg.csv,"per outer fold: 1.4826*MAD of the reference-mask biomarkers of that fold's 80 TRAINING images, applied to its 20 held-out images (results/pivot/e4_gt_fundusavseg.csv); no Gate A train scale exists for Fundus-AVSeg (DECISIONS 2026-09-17 13:30 (4))"
fundusavseg,fundusavseg,leave_out_fold2,continued,baseline,context,oof minus fold 2,last,FD,skan,80,0,0.0042535531331221454,,,0.011361781727122766,,False,point estimate on the other four folds,runs/pivot/e4/fold0/continued_s2/pred/bio.csv;runs/pivot/e4/fold1/continued_s2/pred/bio.csv;runs/pivot/e4/fold2/continued_s2/pred/bio.csv;runs/pivot/e4/fold3/continued_s2/pred/bio.csv;runs/pivot/e4/fold4/continued_s2/pred/bio.csv,runs/pivot/e4/fold0/base/pred/bio.csv;runs/pivot/e4/fold1/base/pred/bio.csv;runs/pivot/e4/fold2/base/pred/bio.csv;runs/pivot/e4/fold3/base/pred/bio.csv;runs/pivot/e4/fold4/base/pred/bio.csv,results/pivot/e4_gt_fundusavseg.csv,"per outer fold: 1.4826*MAD of the reference-mask biomarkers of that fold's 80 TRAINING images, applied to its 20 held-out images (results/pivot/e4_gt_fundusavseg.csv); no Gate A train scale exists for Fundus-AVSeg (DECISIONS 2026-09-17 13:30 (4))"
fundusavseg,fundusavseg,leave_out_fold3,continued,baseline,context,oof minus fold 3,last,FD,skan,80,0,0.004572922970134563,,,0.029015494112465456,,False,point estimate on the other four folds,runs/pivot/e4/fold0/continued_s2/pred/bio.csv;runs/pivot/e4/fold1/continued_s2/pred/bio.csv;runs/pivot/e4/fold2/continued_s2/pred/bio.csv;runs/pivot/e4/fold3/continued_s2/pred/bio.csv;runs/pivot/e4/fold4/continued_s2/pred/bio.csv,runs/pivot/e4/fold0/base/pred/bio.csv;runs/pivot/e4/fold1/base/pred/bio.csv;runs/pivot/e4/fold2/base/pred/bio.csv;runs/pivot/e4/fold3/base/pred/bio.csv;runs/pivot/e4/fold4/base/pred/bio.csv,results/pivot/e4_gt_fundusavseg.csv,"per outer fold: 1.4826*MAD of the reference-mask biomarkers of that fold's 80 TRAINING images, applied to its 20 held-out images (results/pivot/e4_gt_fundusavseg.csv); no Gate A train scale exists for Fundus-AVSeg (DECISIONS 2026-09-17 13:30 (4))"
fundusavseg,fundusavseg,leave_out_fold4,continued,baseline,context,oof minus fold 4,last,FD,skan,80,0,0.0050329930128503175,,,0.020205661949584564,,False,point estimate on the other four folds,runs/pivot/e4/fold0/continued_s2/pred/bio.csv;runs/pivot/e4/fold1/continued_s2/pred/bio.csv;runs/pivot/e4/fold2/continued_s2/pred/bio.csv;runs/pivot/e4/fold3/continued_s2/pred/bio.csv;runs/pivot/e4/fold4/continued_s2/pred/bio.csv,runs/pivot/e4/fold0/base/pred/bio.csv;runs/pivot/e4/fold1/base/pred/bio.csv;runs/pivot/e4/fold2/base/pred/bio.csv;runs/pivot/e4/fold3/base/pred/bio.csv;runs/pivot/e4/fold4/base/pred/bio.csv,results/pivot/e4_gt_fundusavseg.csv,"per outer fold: 1.4826*MAD of the reference-mask biomarkers of that fold's 80 TRAINING images, applied to its 20 held-out images (results/pivot/e4_gt_fundusavseg.csv); no Gate A train scale exists for Fundus-AVSeg (DECISIONS 2026-09-17 13:30 (4))"
fundusavseg,fundusavseg,oof_pooled,reliseg,continued,primary,oof(5 folds),last,tortuosity,pvbm,100,2000,-0.786745568807868,-1.0118421513584706,-0.5410839556318295,1.7559879849751612,,False,"paired bootstrap, 2000 resamples drawn WITHIN each outer fold (fold structure preserved); the interval is conditional on the fixed folds and the fitted models",runs/pivot/e4/fold0/reliseg_s2/pred/bio.csv;runs/pivot/e4/fold1/reliseg_s2/pred/bio.csv;runs/pivot/e4/fold2/reliseg_s2/pred/bio.csv;runs/pivot/e4/fold3/reliseg_s2/pred/bio.csv;runs/pivot/e4/fold4/reliseg_s2/pred/bio.csv,runs/pivot/e4/fold0/continued_s2/pred/bio.csv;runs/pivot/e4/fold1/continued_s2/pred/bio.csv;runs/pivot/e4/fold2/continued_s2/pred/bio.csv;runs/pivot/e4/fold3/continued_s2/pred/bio.csv;runs/pivot/e4/fold4/continued_s2/pred/bio.csv,results/pivot/e4_gt_fundusavseg.csv,"per outer fold: 1.4826*MAD of the reference-mask biomarkers of that fold's 80 TRAINING images, applied to its 20 held-out images (results/pivot/e4_gt_fundusavseg.csv); no Gate A train scale exists for Fundus-AVSeg (DECISIONS 2026-09-17 13:30 (4))"
fundusavseg,fundusavseg,leave_out_fold0,reliseg,continued,primary,oof minus fold 0,last,tortuosity,pvbm,80,0,-0.7883893779356027,,,1.8601436561592648,,False,point estimate on the other four folds,runs/pivot/e4/fold0/reliseg_s2/pred/bio.csv;runs/pivot/e4/fold1/reliseg_s2/pred/bio.csv;runs/pivot/e4/fold2/reliseg_s2/pred/bio.csv;runs/pivot/e4/fold3/reliseg_s2/pred/bio.csv;runs/pivot/e4/fold4/reliseg_s2/pred/bio.csv,runs/pivot/e4/fold0/continued_s2/pred/bio.csv;runs/pivot/e4/fold1/continued_s2/pred/bio.csv;runs/pivot/e4/fold2/continued_s2/pred/bio.csv;runs/pivot/e4/fold3/continued_s2/pred/bio.csv;runs/pivot/e4/fold4/continued_s2/pred/bio.csv,results/pivot/e4_gt_fundusavseg.csv,"per outer fold: 1.4826*MAD of the reference-mask biomarkers of that fold's 80 TRAINING images, applied to its 20 held-out images (results/pivot/e4_gt_fundusavseg.csv); no Gate A train scale exists for Fundus-AVSeg (DECISIONS 2026-09-17 13:30 (4))"
fundusavseg,fundusavseg,leave_out_fold1,reliseg,continued,primary,oof minus fold 1,last,tortuosity,pvbm,80,0,-0.817067043722046,,,1.7861048953249437,,False,point estimate on the other four folds,runs/pivot/e4/fold0/reliseg_s2/pred/bio.csv;runs/pivot/e4/fold1/reliseg_s2/pred/bio.csv;runs/pivot/e4/fold2/reliseg_s2/pred/bio.csv;runs/pivot/e4/fold3/reliseg_s2/pred/bio.csv;runs/pivot/e4/fold4/reliseg_s2/pred/bio.csv,runs/pivot/e4/fold0/continued_s2/pred/bio.csv;runs/pivot/e4/fold1/continued_s2/pred/bio.csv;runs/pivot/e4/fold2/continued_s2/pred/bio.csv;runs/pivot/e4/fold3/continued_s2/pred/bio.csv;runs/pivot/e4/fold4/continued_s2/pred/bio.csv,results/pivot/e4_gt_fundusavseg.csv,"per outer fold: 1.4826*MAD of the reference-mask biomarkers of that fold's 80 TRAINING images, applied to its 20 held-out images (results/pivot/e4_gt_fundusavseg.csv); no Gate A train scale exists for Fundus-AVSeg (DECISIONS 2026-09-17 13:30 (4))"
fundusavseg,fundusavseg,leave_out_fold2,reliseg,continued,primary,oof minus fold 2,last,tortuosity,pvbm,80,0,-0.8095112010383786,,,1.6869121365413642,,False,point estimate on the other four folds,runs/pivot/e4/fold0/reliseg_s2/pred/bio.csv;runs/pivot/e4/fold1/reliseg_s2/pred/bio.csv;runs/pivot/e4/fold2/reliseg_s2/pred/bio.csv;runs/pivot/e4/fold3/reliseg_s2/pred/bio.csv;runs/pivot/e4/fold4/reliseg_s2/pred/bio.csv,runs/pivot/e4/fold0/continued_s2/pred/bio.csv;runs/pivot/e4/fold1/continued_s2/pred/bio.csv;runs/pivot/e4/fold2/continued_s2/pred/bio.csv;runs/pivot/e4/fold3/continued_s2/pred/bio.csv;runs/pivot/e4/fold4/continued_s2/pred/bio.csv,results/pivot/e4_gt_fundusavseg.csv,"per outer fold: 1.4826*MAD of the reference-mask biomarkers of that fold's 80 TRAINING images, applied to its 20 held-out images (results/pivot/e4_gt_fundusavseg.csv); no Gate A train scale exists for Fundus-AVSeg (DECISIONS 2026-09-17 13:30 (4))"
fundusavseg,fundusavseg,leave_out_fold3,reliseg,continued,primary,oof minus fold 3,last,tortuosity,pvbm,80,0,-0.7874024121435734,,,1.6358377113088542,,False,point estimate on the other four folds,runs/pivot/e4/fold0/reliseg_s2/pred/bio.csv;runs/pivot/e4/fold1/reliseg_s2/pred/bio.csv;runs/pivot/e4/fold2/reliseg_s2/pred/bio.csv;runs/pivot/e4/fold3/reliseg_s2/pred/bio.csv;runs/pivot/e4/fold4/reliseg_s2/pred/bio.csv,runs/pivot/e4/fold0/continued_s2/pred/bio.csv;runs/pivot/e4/fold1/continued_s2/pred/bio.csv;runs/pivot/e4/fold2/continued_s2/pred/bio.csv;runs/pivot/e4/fold3/continued_s2/pred/bio.csv;runs/pivot/e4/fold4/continued_s2/pred/bio.csv,results/pivot/e4_gt_fundusavseg.csv,"per outer fold: 1.4826*MAD of the reference-mask biomarkers of that fold's 80 TRAINING images, applied to its 20 held-out images (results/pivot/e4_gt_fundusavseg.csv); no Gate A train scale exists for Fundus-AVSeg (DECISIONS 2026-09-17 13:30 (4))"
fundusavseg,fundusavseg,leave_out_fold4,reliseg,continued,primary,oof minus fold 4,last,tortuosity,pvbm,80,0,-0.7370065469791345,,,1.8109415255413799,,False,point estimate on the other four folds,runs/pivot/e4/fold0/reliseg_s2/pred/bio.csv;runs/pivot/e4/fold1/reliseg_s2/pred/bio.csv;runs/pivot/e4/fold2/reliseg_s2/pred/bio.csv;runs/pivot/e4/fold3/reliseg_s2/pred/bio.csv;runs/pivot/e4/fold4/reliseg_s2/pred/bio.csv,runs/pivot/e4/fold0/continued_s2/pred/bio.csv;runs/pivot/e4/fold1/continued_s2/pred/bio.csv;runs/pivot/e4/fold2/continued_s2/pred/bio.csv;runs/pivot/e4/fold3/continued_s2/pred/bio.csv;runs/pivot/e4/fold4/continued_s2/pred/bio.csv,results/pivot/e4_gt_fundusavseg.csv,"per outer fold: 1.4826*MAD of the reference-mask biomarkers of that fold's 80 TRAINING images, applied to its 20 held-out images (results/pivot/e4_gt_fundusavseg.csv); no Gate A train scale exists for Fundus-AVSeg (DECISIONS 2026-09-17 13:30 (4))"
fundusavseg,fundusavseg,oof_pooled,reliseg,baseline,secondary,oof(5 folds),last,tortuosity,pvbm,100,2000,-0.7720809174416121,-1.0069148110414654,-0.5236826519837788,1.7420081252391588,,False,"paired bootstrap, 2000 resamples drawn WITHIN each outer fold (fold structure preserved); the interval is conditional on the fixed folds and the fitted models",runs/pivot/e4/fold0/reliseg_s2/pred/bio.csv;runs/pivot/e4/fold1/reliseg_s2/pred/bio.csv;runs/pivot/e4/fold2/reliseg_s2/pred/bio.csv;runs/pivot/e4/fold3/reliseg_s2/pred/bio.csv;runs/pivot/e4/fold4/reliseg_s2/pred/bio.csv,runs/pivot/e4/fold0/base/pred/bio.csv;runs/pivot/e4/fold1/base/pred/bio.csv;runs/pivot/e4/fold2/base/pred/bio.csv;runs/pivot/e4/fold3/base/pred/bio.csv;runs/pivot/e4/fold4/base/pred/bio.csv,results/pivot/e4_gt_fundusavseg.csv,"per outer fold: 1.4826*MAD of the reference-mask biomarkers of that fold's 80 TRAINING images, applied to its 20 held-out images (results/pivot/e4_gt_fundusavseg.csv); no Gate A train scale exists for Fundus-AVSeg (DECISIONS 2026-09-17 13:30 (4))"
fundusavseg,fundusavseg,leave_out_fold0,reliseg,baseline,secondary,oof minus fold 0,last,tortuosity,pvbm,80,0,-0.7675278205662547,,,1.868020528448382,,False,point estimate on the other four folds,runs/pivot/e4/fold0/reliseg_s2/pred/bio.csv;runs/pivot/e4/fold1/reliseg_s2/pred/bio.csv;runs/pivot/e4/fold2/reliseg_s2/pred/bio.csv;runs/pivot/e4/fold3/reliseg_s2/pred/bio.csv;runs/pivot/e4/fold4/reliseg_s2/pred/bio.csv,runs/pivot/e4/fold0/base/pred/bio.csv;runs/pivot/e4/fold1/base/pred/bio.csv;runs/pivot/e4/fold2/base/pred/bio.csv;runs/pivot/e4/fold3/base/pred/bio.csv;runs/pivot/e4/fold4/base/pred/bio.csv,results/pivot/e4_gt_fundusavseg.csv,"per outer fold: 1.4826*MAD of the reference-mask biomarkers of that fold's 80 TRAINING images, applied to its 20 held-out images (results/pivot/e4_gt_fundusavseg.csv); no Gate A train scale exists for Fundus-AVSeg (DECISIONS 2026-09-17 13:30 (4))"
fundusavseg,fundusavseg,leave_out_fold1,reliseg,baseline,secondary,oof minus fold 1,last,tortuosity,pvbm,80,0,-0.7990627165049794,,,1.756368983540388,,False,point estimate on the other four folds,runs/pivot/e4/fold0/reliseg_s2/pred/bio.csv;runs/pivot/e4/fold1/reliseg_s2/pred/bio.csv;runs/pivot/e4/fold2/reliseg_s2/pred/bio.csv;runs/pivot/e4/fold3/reliseg_s2/pred/bio.csv;runs/pivot/e4/fold4/reliseg_s2/pred/bio.csv,runs/pivot/e4/fold0/base/pred/bio.csv;runs/pivot/e4/fold1/base/pred/bio.csv;runs/pivot/e4/fold2/base/pred/bio.csv;runs/pivot/e4/fold3/base/pred/bio.csv;runs/pivot/e4/fold4/base/pred/bio.csv,results/pivot/e4_gt_fundusavseg.csv,"per outer fold: 1.4826*MAD of the reference-mask biomarkers of that fold's 80 TRAINING images, applied to its 20 held-out images (results/pivot/e4_gt_fundusavseg.csv); no Gate A train scale exists for Fundus-AVSeg (DECISIONS 2026-09-17 13:30 (4))"
fundusavseg,fundusavseg,leave_out_fold2,reliseg,baseline,secondary,oof minus fold 2,last,tortuosity,pvbm,80,0,-0.7992342950964053,,,1.7220158392070761,,False,point estimate on the other four folds,runs/pivot/e4/fold0/reliseg_s2/pred/bio.csv;runs/pivot/e4/fold1/reliseg_s2/pred/bio.csv;runs/pivot/e4/fold2/reliseg_s2/pred/bio.csv;runs/pivot/e4/fold3/reliseg_s2/pred/bio.csv;runs/pivot/e4/fold4/reliseg_s2/pred/bio.csv,runs/pivot/e4/fold0/base/pred/bio.csv;runs/pivot/e4/fold1/base/pred/bio.csv;runs/pivot/e4/fold2/base/pred/bio.csv;runs/pivot/e4/fold3/base/pred/bio.csv;runs/pivot/e4/fold4/base/pred/bio.csv,results/pivot/e4_gt_fundusavseg.csv,"per outer fold: 1.4826*MAD of the reference-mask biomarkers of that fold's 80 TRAINING images, applied to its 20 held-out images (results/pivot/e4_gt_fundusavseg.csv); no Gate A train scale exists for Fundus-AVSeg (DECISIONS 2026-09-17 13:30 (4))"
fundusavseg,fundusavseg,leave_out_fold3,reliseg,baseline,secondary,oof minus fold 3,last,tortuosity,pvbm,80,0,-0.7798238755613793,,,1.597430720625007,,False,point estimate on the other four folds,runs/pivot/e4/fold0/reliseg_s2/pred/bio.csv;runs/pivot/e4/fold1/reliseg_s2/pred/bio.csv;runs/pivot/e4/fold2/reliseg_s2/pred/bio.csv;runs/pivot/e4/fold3/reliseg_s2/pred/bio.csv;runs/pivot/e4/fold4/reliseg_s2/pred/bio.csv,runs/pivot/e4/fold0/base/pred/bio.csv;runs/pivot/e4/fold1/base/pred/bio.csv;runs/pivot/e4/fold2/base/pred/bio.csv;runs/pivot/e4/fold3/base/pred/bio.csv;runs/pivot/e4/fold4/base/pred/bio.csv,results/pivot/e4_gt_fundusavseg.csv,"per outer fold: 1.4826*MAD of the reference-mask biomarkers of that fold's 80 TRAINING images, applied to its 20 held-out images (results/pivot/e4_gt_fundusavseg.csv); no Gate A train scale exists for Fundus-AVSeg (DECISIONS 2026-09-17 13:30 (4))"
fundusavseg,fundusavseg,leave_out_fold4,reliseg,baseline,secondary,oof minus fold 4,last,tortuosity,pvbm,80,0,-0.7226798174753544,,,1.7662045543749414,,False,point estimate on the other four folds,runs/pivot/e4/fold0/reliseg_s2/pred/bio.csv;runs/pivot/e4/fold1/reliseg_s2/pred/bio.csv;runs/pivot/e4/fold2/reliseg_s2/pred/bio.csv;runs/pivot/e4/fold3/reliseg_s2/pred/bio.csv;runs/pivot/e4/fold4/reliseg_s2/pred/bio.csv,runs/pivot/e4/fold0/base/pred/bio.csv;runs/pivot/e4/fold1/base/pred/bio.csv;runs/pivot/e4/fold2/base/pred/bio.csv;runs/pivot/e4/fold3/base/pred/bio.csv;runs/pivot/e4/fold4/base/pred/bio.csv,results/pivot/e4_gt_fundusavseg.csv,"per outer fold: 1.4826*MAD of the reference-mask biomarkers of that fold's 80 TRAINING images, applied to its 20 held-out images (results/pivot/e4_gt_fundusavseg.csv); no Gate A train scale exists for Fundus-AVSeg (DECISIONS 2026-09-17 13:30 (4))"
fundusavseg,fundusavseg,oof_pooled,continued,baseline,context,oof(5 folds),last,tortuosity,pvbm,100,2000,0.014664651366255832,-0.0114063478157844,0.046159824899904486,-0.01397985973600252,,False,"paired bootstrap, 2000 resamples drawn WITHIN each outer fold (fold structure preserved); the interval is conditional on the fixed folds and the fitted models",runs/pivot/e4/fold0/continued_s2/pred/bio.csv;runs/pivot/e4/fold1/continued_s2/pred/bio.csv;runs/pivot/e4/fold2/continued_s2/pred/bio.csv;runs/pivot/e4/fold3/continued_s2/pred/bio.csv;runs/pivot/e4/fold4/continued_s2/pred/bio.csv,runs/pivot/e4/fold0/base/pred/bio.csv;runs/pivot/e4/fold1/base/pred/bio.csv;runs/pivot/e4/fold2/base/pred/bio.csv;runs/pivot/e4/fold3/base/pred/bio.csv;runs/pivot/e4/fold4/base/pred/bio.csv,results/pivot/e4_gt_fundusavseg.csv,"per outer fold: 1.4826*MAD of the reference-mask biomarkers of that fold's 80 TRAINING images, applied to its 20 held-out images (results/pivot/e4_gt_fundusavseg.csv); no Gate A train scale exists for Fundus-AVSeg (DECISIONS 2026-09-17 13:30 (4))"
fundusavseg,fundusavseg,leave_out_fold0,continued,baseline,context,oof minus fold 0,last,tortuosity,pvbm,80,0,0.020861557369348027,,,0.007876872289117043,,False,point estimate on the other four folds,runs/pivot/e4/fold0/continued_s2/pred/bio.csv;runs/pivot/e4/fold1/continued_s2/pred/bio.csv;runs/pivot/e4/fold2/continued_s2/pred/bio.csv;runs/pivot/e4/fold3/continued_s2/pred/bio.csv;runs/pivot/e4/fold4/continued_s2/pred/bio.csv,runs/pivot/e4/fold0/base/pred/bio.csv;runs/pivot/e4/fold1/base/pred/bio.csv;runs/pivot/e4/fold2/base/pred/bio.csv;runs/pivot/e4/fold3/base/pred/bio.csv;runs/pivot/e4/fold4/base/pred/bio.csv,results/pivot/e4_gt_fundusavseg.csv,"per outer fold: 1.4826*MAD of the reference-mask biomarkers of that fold's 80 TRAINING images, applied to its 20 held-out images (results/pivot/e4_gt_fundusavseg.csv); no Gate A train scale exists for Fundus-AVSeg (DECISIONS 2026-09-17 13:30 (4))"
fundusavseg,fundusavseg,leave_out_fold1,continued,baseline,context,oof minus fold 1,last,tortuosity,pvbm,80,0,0.018004327217066574,,,-0.029735911784555702,,False,point estimate on the other four folds,runs/pivot/e4/fold0/continued_s2/pred/bio.csv;runs/pivot/e4/fold1/continued_s2/pred/bio.csv;runs/pivot/e4/fold2/continued_s2/pred/bio.csv;runs/pivot/e4/fold3/continued_s2/pred/bio.csv;runs/pivot/e4/fold4/continued_s2/pred/bio.csv,runs/pivot/e4/fold0/base/pred/bio.csv;runs/pivot/e4/fold1/base/pred/bio.csv;runs/pivot/e4/fold2/base/pred/bio.csv;runs/pivot/e4/fold3/base/pred/bio.csv;runs/pivot/e4/fold4/base/pred/bio.csv,results/pivot/e4_gt_fundusavseg.csv,"per outer fold: 1.4826*MAD of the reference-mask biomarkers of that fold's 80 TRAINING images, applied to its 20 held-out images (results/pivot/e4_gt_fundusavseg.csv); no Gate A train scale exists for Fundus-AVSeg (DECISIONS 2026-09-17 13:30 (4))"
fundusavseg,fundusavseg,leave_out_fold2,continued,baseline,context,oof minus fold 2,last,tortuosity,pvbm,80,0,0.01027690594197328,,,0.03510370266571189,,False,point estimate on the other four folds,runs/pivot/e4/fold0/continued_s2/pred/bio.csv;runs/pivot/e4/fold1/continued_s2/pred/bio.csv;runs/pivot/e4/fold2/continued_s2/pred/bio.csv;runs/pivot/e4/fold3/continued_s2/pred/bio.csv;runs/pivot/e4/fold4/continued_s2/pred/bio.csv,runs/pivot/e4/fold0/base/pred/bio.csv;runs/pivot/e4/fold1/base/pred/bio.csv;runs/pivot/e4/fold2/base/pred/bio.csv;runs/pivot/e4/fold3/base/pred/bio.csv;runs/pivot/e4/fold4/base/pred/bio.csv,results/pivot/e4_gt_fundusavseg.csv,"per outer fold: 1.4826*MAD of the reference-mask biomarkers of that fold's 80 TRAINING images, applied to its 20 held-out images (results/pivot/e4_gt_fundusavseg.csv); no Gate A train scale exists for Fundus-AVSeg (DECISIONS 2026-09-17 13:30 (4))"
fundusavseg,fundusavseg,leave_out_fold3,continued,baseline,context,oof minus fold 3,last,tortuosity,pvbm,80,0,0.007578536582194095,,,-0.038406990683847286,,False,point estimate on the other four folds,runs/pivot/e4/fold0/continued_s2/pred/bio.csv;runs/pivot/e4/fold1/continued_s2/pred/bio.csv;runs/pivot/e4/fold2/continued_s2/pred/bio.csv;runs/pivot/e4/fold3/continued_s2/pred/bio.csv;runs/pivot/e4/fold4/continued_s2/pred/bio.csv,runs/pivot/e4/fold0/base/pred/bio.csv;runs/pivot/e4/fold1/base/pred/bio.csv;runs/pivot/e4/fold2/base/pred/bio.csv;runs/pivot/e4/fold3/base/pred/bio.csv;runs/pivot/e4/fold4/base/pred/bio.csv,results/pivot/e4_gt_fundusavseg.csv,"per outer fold: 1.4826*MAD of the reference-mask biomarkers of that fold's 80 TRAINING images, applied to its 20 held-out images (results/pivot/e4_gt_fundusavseg.csv); no Gate A train scale exists for Fundus-AVSeg (DECISIONS 2026-09-17 13:30 (4))"
fundusavseg,fundusavseg,leave_out_fold4,continued,baseline,context,oof minus fold 4,last,tortuosity,pvbm,80,0,0.014326729503780111,,,-0.044736971166438544,,False,point estimate on the other four folds,runs/pivot/e4/fold0/continued_s2/pred/bio.csv;runs/pivot/e4/fold1/continued_s2/pred/bio.csv;runs/pivot/e4/fold2/continued_s2/pred/bio.csv;runs/pivot/e4/fold3/continued_s2/pred/bio.csv;runs/pivot/e4/fold4/continued_s2/pred/bio.csv,runs/pivot/e4/fold0/base/pred/bio.csv;runs/pivot/e4/fold1/base/pred/bio.csv;runs/pivot/e4/fold2/base/pred/bio.csv;runs/pivot/e4/fold3/base/pred/bio.csv;runs/pivot/e4/fold4/base/pred/bio.csv,results/pivot/e4_gt_fundusavseg.csv,"per outer fold: 1.4826*MAD of the reference-mask biomarkers of that fold's 80 TRAINING images, applied to its 20 held-out images (results/pivot/e4_gt_fundusavseg.csv); no Gate A train scale exists for Fundus-AVSeg (DECISIONS 2026-09-17 13:30 (4))"
fundusavseg,fundusavseg,oof_pooled,reliseg,continued,primary,oof(5 folds),last,tortuosity,skan,100,2000,-0.07377926075587915,-0.14198870342328324,-0.03881419706520242,0.1245404190959943,,False,"paired bootstrap, 2000 resamples drawn WITHIN each outer fold (fold structure preserved); the interval is conditional on the fixed folds and the fitted models",runs/pivot/e4/fold0/reliseg_s2/pred/bio.csv;runs/pivot/e4/fold1/reliseg_s2/pred/bio.csv;runs/pivot/e4/fold2/reliseg_s2/pred/bio.csv;runs/pivot/e4/fold3/reliseg_s2/pred/bio.csv;runs/pivot/e4/fold4/reliseg_s2/pred/bio.csv,runs/pivot/e4/fold0/continued_s2/pred/bio.csv;runs/pivot/e4/fold1/continued_s2/pred/bio.csv;runs/pivot/e4/fold2/continued_s2/pred/bio.csv;runs/pivot/e4/fold3/continued_s2/pred/bio.csv;runs/pivot/e4/fold4/continued_s2/pred/bio.csv,results/pivot/e4_gt_fundusavseg.csv,"per outer fold: 1.4826*MAD of the reference-mask biomarkers of that fold's 80 TRAINING images, applied to its 20 held-out images (results/pivot/e4_gt_fundusavseg.csv); no Gate A train scale exists for Fundus-AVSeg (DECISIONS 2026-09-17 13:30 (4))"
fundusavseg,fundusavseg,leave_out_fold0,reliseg,continued,primary,oof minus fold 0,last,tortuosity,skan,80,0,-0.07245827249586367,,,0.1460396076471886,,False,point estimate on the other four folds,runs/pivot/e4/fold0/reliseg_s2/pred/bio.csv;runs/pivot/e4/fold1/reliseg_s2/pred/bio.csv;runs/pivot/e4/fold2/reliseg_s2/pred/bio.csv;runs/pivot/e4/fold3/reliseg_s2/pred/bio.csv;runs/pivot/e4/fold4/reliseg_s2/pred/bio.csv,runs/pivot/e4/fold0/continued_s2/pred/bio.csv;runs/pivot/e4/fold1/continued_s2/pred/bio.csv;runs/pivot/e4/fold2/continued_s2/pred/bio.csv;runs/pivot/e4/fold3/continued_s2/pred/bio.csv;runs/pivot/e4/fold4/continued_s2/pred/bio.csv,results/pivot/e4_gt_fundusavseg.csv,"per outer fold: 1.4826*MAD of the reference-mask biomarkers of that fold's 80 TRAINING images, applied to its 20 held-out images (results/pivot/e4_gt_fundusavseg.csv); no Gate A train scale exists for Fundus-AVSeg (DECISIONS 2026-09-17 13:30 (4))"
fundusavseg,fundusavseg,leave_out_fold1,reliseg,continued,primary,oof minus fold 1,last,tortuosity,skan,80,0,-0.06343870626478465,,,0.11986340622135855,,False,point estimate on the other four folds,runs/pivot/e4/fold0/reliseg_s2/pred/bio.csv;runs/pivot/e4/fold1/reliseg_s2/pred/bio.csv;runs/pivot/e4/fold2/reliseg_s2/pred/bio.csv;runs/pivot/e4/fold3/reliseg_s2/pred/bio.csv;runs/pivot/e4/fold4/reliseg_s2/pred/bio.csv,runs/pivot/e4/fold0/continued_s2/pred/bio.csv;runs/pivot/e4/fold1/continued_s2/pred/bio.csv;runs/pivot/e4/fold2/continued_s2/pred/bio.csv;runs/pivot/e4/fold3/continued_s2/pred/bio.csv;runs/pivot/e4/fold4/continued_s2/pred/bio.csv,results/pivot/e4_gt_fundusavseg.csv,"per outer fold: 1.4826*MAD of the reference-mask biomarkers of that fold's 80 TRAINING images, applied to its 20 held-out images (results/pivot/e4_gt_fundusavseg.csv); no Gate A train scale exists for Fundus-AVSeg (DECISIONS 2026-09-17 13:30 (4))"
fundusavseg,fundusavseg,leave_out_fold2,reliseg,continued,primary,oof minus fold 2,last,tortuosity,skan,80,0,-0.0916558535590839,,,0.11414092131912579,,False,point estimate on the other four folds,runs/pivot/e4/fold0/reliseg_s2/pred/bio.csv;runs/pivot/e4/fold1/reliseg_s2/pred/bio.csv;runs/pivot/e4/fold2/reliseg_s2/pred/bio.csv;runs/pivot/e4/fold3/reliseg_s2/pred/bio.csv;runs/pivot/e4/fold4/reliseg_s2/pred/bio.csv,runs/pivot/e4/fold0/continued_s2/pred/bio.csv;runs/pivot/e4/fold1/continued_s2/pred/bio.csv;runs/pivot/e4/fold2/continued_s2/pred/bio.csv;runs/pivot/e4/fold3/continued_s2/pred/bio.csv;runs/pivot/e4/fold4/continued_s2/pred/bio.csv,results/pivot/e4_gt_fundusavseg.csv,"per outer fold: 1.4826*MAD of the reference-mask biomarkers of that fold's 80 TRAINING images, applied to its 20 held-out images (results/pivot/e4_gt_fundusavseg.csv); no Gate A train scale exists for Fundus-AVSeg (DECISIONS 2026-09-17 13:30 (4))"
fundusavseg,fundusavseg,leave_out_fold3,reliseg,continued,primary,oof minus fold 3,last,tortuosity,skan,80,0,-0.08896148864713682,,,0.12995745543762527,,False,point estimate on the other four folds,runs/pivot/e4/fold0/reliseg_s2/pred/bio.csv;runs/pivot/e4/fold1/reliseg_s2/pred/bio.csv;runs/pivot/e4/fold2/reliseg_s2/pred/bio.csv;runs/pivot/e4/fold3/reliseg_s2/pred/bio.csv;runs/pivot/e4/fold4/reliseg_s2/pred/bio.csv,runs/pivot/e4/fold0/continued_s2/pred/bio.csv;runs/pivot/e4/fold1/continued_s2/pred/bio.csv;runs/pivot/e4/fold2/continued_s2/pred/bio.csv;runs/pivot/e4/fold3/continued_s2/pred/bio.csv;runs/pivot/e4/fold4/continued_s2/pred/bio.csv,results/pivot/e4_gt_fundusavseg.csv,"per outer fold: 1.4826*MAD of the reference-mask biomarkers of that fold's 80 TRAINING images, applied to its 20 held-out images (results/pivot/e4_gt_fundusavseg.csv); no Gate A train scale exists for Fundus-AVSeg (DECISIONS 2026-09-17 13:30 (4))"
fundusavseg,fundusavseg,leave_out_fold4,reliseg,continued,primary,oof minus fold 4,last,tortuosity,skan,80,0,-0.05998430160535462,,,0.11270070485467347,,False,point estimate on the other four folds,runs/pivot/e4/fold0/reliseg_s2/pred/bio.csv;runs/pivot/e4/fold1/reliseg_s2/pred/bio.csv;runs/pivot/e4/fold2/reliseg_s2/pred/bio.csv;runs/pivot/e4/fold3/reliseg_s2/pred/bio.csv;runs/pivot/e4/fold4/reliseg_s2/pred/bio.csv,runs/pivot/e4/fold0/continued_s2/pred/bio.csv;runs/pivot/e4/fold1/continued_s2/pred/bio.csv;runs/pivot/e4/fold2/continued_s2/pred/bio.csv;runs/pivot/e4/fold3/continued_s2/pred/bio.csv;runs/pivot/e4/fold4/continued_s2/pred/bio.csv,results/pivot/e4_gt_fundusavseg.csv,"per outer fold: 1.4826*MAD of the reference-mask biomarkers of that fold's 80 TRAINING images, applied to its 20 held-out images (results/pivot/e4_gt_fundusavseg.csv); no Gate A train scale exists for Fundus-AVSeg (DECISIONS 2026-09-17 13:30 (4))"
fundusavseg,fundusavseg,oof_pooled,reliseg,baseline,secondary,oof(5 folds),last,tortuosity,skan,100,2000,-0.07579474597920066,-0.14441548616114147,-0.03951731147013556,0.15537297327275118,,False,"paired bootstrap, 2000 resamples drawn WITHIN each outer fold (fold structure preserved); the interval is conditional on the fixed folds and the fitted models",runs/pivot/e4/fold0/reliseg_s2/pred/bio.csv;runs/pivot/e4/fold1/reliseg_s2/pred/bio.csv;runs/pivot/e4/fold2/reliseg_s2/pred/bio.csv;runs/pivot/e4/fold3/reliseg_s2/pred/bio.csv;runs/pivot/e4/fold4/reliseg_s2/pred/bio.csv,runs/pivot/e4/fold0/base/pred/bio.csv;runs/pivot/e4/fold1/base/pred/bio.csv;runs/pivot/e4/fold2/base/pred/bio.csv;runs/pivot/e4/fold3/base/pred/bio.csv;runs/pivot/e4/fold4/base/pred/bio.csv,results/pivot/e4_gt_fundusavseg.csv,"per outer fold: 1.4826*MAD of the reference-mask biomarkers of that fold's 80 TRAINING images, applied to its 20 held-out images (results/pivot/e4_gt_fundusavseg.csv); no Gate A train scale exists for Fundus-AVSeg (DECISIONS 2026-09-17 13:30 (4))"
fundusavseg,fundusavseg,leave_out_fold0,reliseg,baseline,secondary,oof minus fold 0,last,tortuosity,skan,80,0,-0.07775448436214716,,,0.17086113306857686,,False,point estimate on the other four folds,runs/pivot/e4/fold0/reliseg_s2/pred/bio.csv;runs/pivot/e4/fold1/reliseg_s2/pred/bio.csv;runs/pivot/e4/fold2/reliseg_s2/pred/bio.csv;runs/pivot/e4/fold3/reliseg_s2/pred/bio.csv;runs/pivot/e4/fold4/reliseg_s2/pred/bio.csv,runs/pivot/e4/fold0/base/pred/bio.csv;runs/pivot/e4/fold1/base/pred/bio.csv;runs/pivot/e4/fold2/base/pred/bio.csv;runs/pivot/e4/fold3/base/pred/bio.csv;runs/pivot/e4/fold4/base/pred/bio.csv,results/pivot/e4_gt_fundusavseg.csv,"per outer fold: 1.4826*MAD of the reference-mask biomarkers of that fold's 80 TRAINING images, applied to its 20 held-out images (results/pivot/e4_gt_fundusavseg.csv); no Gate A train scale exists for Fundus-AVSeg (DECISIONS 2026-09-17 13:30 (4))"
fundusavseg,fundusavseg,leave_out_fold1,reliseg,baseline,secondary,oof minus fold 1,last,tortuosity,skan,80,0,-0.06466125688510993,,,0.1598380431688971,,False,point estimate on the other four folds,runs/pivot/e4/fold0/reliseg_s2/pred/bio.csv;runs/pivot/e4/fold1/reliseg_s2/pred/bio.csv;runs/pivot/e4/fold2/reliseg_s2/pred/bio.csv;runs/pivot/e4/fold3/reliseg_s2/pred/bio.csv;runs/pivot/e4/fold4/reliseg_s2/pred/bio.csv,runs/pivot/e4/fold0/base/pred/bio.csv;runs/pivot/e4/fold1/base/pred/bio.csv;runs/pivot/e4/fold2/base/pred/bio.csv;runs/pivot/e4/fold3/base/pred/bio.csv;runs/pivot/e4/fold4/base/pred/bio.csv,results/pivot/e4_gt_fundusavseg.csv,"per outer fold: 1.4826*MAD of the reference-mask biomarkers of that fold's 80 TRAINING images, applied to its 20 held-out images (results/pivot/e4_gt_fundusavseg.csv); no Gate A train scale exists for Fundus-AVSeg (DECISIONS 2026-09-17 13:30 (4))"
fundusavseg,fundusavseg,leave_out_fold2,reliseg,baseline,secondary,oof minus fold 2,last,tortuosity,skan,80,0,-0.09035328425900402,,,0.13443201359711413,,False,point estimate on the other four folds,runs/pivot/e4/fold0/reliseg_s2/pred/bio.csv;runs/pivot/e4/fold1/reliseg_s2/pred/bio.csv;runs/pivot/e4/fold2/reliseg_s2/pred/bio.csv;runs/pivot/e4/fold3/reliseg_s2/pred/bio.csv;runs/pivot/e4/fold4/reliseg_s2/pred/bio.csv,runs/pivot/e4/fold0/base/pred/bio.csv;runs/pivot/e4/fold1/base/pred/bio.csv;runs/pivot/e4/fold2/base/pred/bio.csv;runs/pivot/e4/fold3/base/pred/bio.csv;runs/pivot/e4/fold4/base/pred/bio.csv,results/pivot/e4_gt_fundusavseg.csv,"per outer fold: 1.4826*MAD of the reference-mask biomarkers of that fold's 80 TRAINING images, applied to its 20 held-out images (results/pivot/e4_gt_fundusavseg.csv); no Gate A train scale exists for Fundus-AVSeg (DECISIONS 2026-09-17 13:30 (4))"
fundusavseg,fundusavseg,leave_out_fold3,reliseg,baseline,secondary,oof minus fold 3,last,tortuosity,skan,80,0,-0.09185617177190852,,,0.1680404605029932,,False,point estimate on the other four folds,runs/pivot/e4/fold0/reliseg_s2/pred/bio.csv;runs/pivot/e4/fold1/reliseg_s2/pred/bio.csv;runs/pivot/e4/fold2/reliseg_s2/pred/bio.csv;runs/pivot/e4/fold3/reliseg_s2/pred/bio.csv;runs/pivot/e4/fold4/reliseg_s2/pred/bio.csv,runs/pivot/e4/fold0/base/pred/bio.csv;runs/pivot/e4/fold1/base/pred/bio.csv;runs/pivot/e4/fold2/base/pred/bio.csv;runs/pivot/e4/fold3/base/pred/bio.csv;runs/pivot/e4/fold4/base/pred/bio.csv,results/pivot/e4_gt_fundusavseg.csv,"per outer fold: 1.4826*MAD of the reference-mask biomarkers of that fold's 80 TRAINING images, applied to its 20 held-out images (results/pivot/e4_gt_fundusavseg.csv); no Gate A train scale exists for Fundus-AVSeg (DECISIONS 2026-09-17 13:30 (4))"
fundusavseg,fundusavseg,leave_out_fold4,reliseg,baseline,secondary,oof minus fold 4,last,tortuosity,skan,80,0,-0.06196938593113355,,,0.14369321602617474,,False,point estimate on the other four folds,runs/pivot/e4/fold0/reliseg_s2/pred/bio.csv;runs/pivot/e4/fold1/reliseg_s2/pred/bio.csv;runs/pivot/e4/fold2/reliseg_s2/pred/bio.csv;runs/pivot/e4/fold3/reliseg_s2/pred/bio.csv;runs/pivot/e4/fold4/reliseg_s2/pred/bio.csv,runs/pivot/e4/fold0/base/pred/bio.csv;runs/pivot/e4/fold1/base/pred/bio.csv;runs/pivot/e4/fold2/base/pred/bio.csv;runs/pivot/e4/fold3/base/pred/bio.csv;runs/pivot/e4/fold4/base/pred/bio.csv,results/pivot/e4_gt_fundusavseg.csv,"per outer fold: 1.4826*MAD of the reference-mask biomarkers of that fold's 80 TRAINING images, applied to its 20 held-out images (results/pivot/e4_gt_fundusavseg.csv); no Gate A train scale exists for Fundus-AVSeg (DECISIONS 2026-09-17 13:30 (4))"
fundusavseg,fundusavseg,oof_pooled,continued,baseline,context,oof(5 folds),last,tortuosity,skan,100,2000,-0.0020154852233215115,-0.011753532752217665,0.004329297649622382,0.030832554176756885,,False,"paired bootstrap, 2000 resamples drawn WITHIN each outer fold (fold structure preserved); the interval is conditional on the fixed folds and the fitted models",runs/pivot/e4/fold0/continued_s2/pred/bio.csv;runs/pivot/e4/fold1/continued_s2/pred/bio.csv;runs/pivot/e4/fold2/continued_s2/pred/bio.csv;runs/pivot/e4/fold3/continued_s2/pred/bio.csv;runs/pivot/e4/fold4/continued_s2/pred/bio.csv,runs/pivot/e4/fold0/base/pred/bio.csv;runs/pivot/e4/fold1/base/pred/bio.csv;runs/pivot/e4/fold2/base/pred/bio.csv;runs/pivot/e4/fold3/base/pred/bio.csv;runs/pivot/e4/fold4/base/pred/bio.csv,results/pivot/e4_gt_fundusavseg.csv,"per outer fold: 1.4826*MAD of the reference-mask biomarkers of that fold's 80 TRAINING images, applied to its 20 held-out images (results/pivot/e4_gt_fundusavseg.csv); no Gate A train scale exists for Fundus-AVSeg (DECISIONS 2026-09-17 13:30 (4))"
fundusavseg,fundusavseg,leave_out_fold0,continued,baseline,context,oof minus fold 0,last,tortuosity,skan,80,0,-0.0052962118662834845,,,0.024821525421388282,,False,point estimate on the other four folds,runs/pivot/e4/fold0/continued_s2/pred/bio.csv;runs/pivot/e4/fold1/continued_s2/pred/bio.csv;runs/pivot/e4/fold2/continued_s2/pred/bio.csv;runs/pivot/e4/fold3/continued_s2/pred/bio.csv;runs/pivot/e4/fold4/continued_s2/pred/bio.csv,runs/pivot/e4/fold0/base/pred/bio.csv;runs/pivot/e4/fold1/base/pred/bio.csv;runs/pivot/e4/fold2/base/pred/bio.csv;runs/pivot/e4/fold3/base/pred/bio.csv;runs/pivot/e4/fold4/base/pred/bio.csv,results/pivot/e4_gt_fundusavseg.csv,"per outer fold: 1.4826*MAD of the reference-mask biomarkers of that fold's 80 TRAINING images, applied to its 20 held-out images (results/pivot/e4_gt_fundusavseg.csv); no Gate A train scale exists for Fundus-AVSeg (DECISIONS 2026-09-17 13:30 (4))"
fundusavseg,fundusavseg,leave_out_fold1,continued,baseline,context,oof minus fold 1,last,tortuosity,skan,80,0,-0.00122255062032528,,,0.03997463694753854,,False,point estimate on the other four folds,runs/pivot/e4/fold0/continued_s2/pred/bio.csv;runs/pivot/e4/fold1/continued_s2/pred/bio.csv;runs/pivot/e4/fold2/continued_s2/pred/bio.csv;runs/pivot/e4/fold3/continued_s2/pred/bio.csv;runs/pivot/e4/fold4/continued_s2/pred/bio.csv,runs/pivot/e4/fold0/base/pred/bio.csv;runs/pivot/e4/fold1/base/pred/bio.csv;runs/pivot/e4/fold2/base/pred/bio.csv;runs/pivot/e4/fold3/base/pred/bio.csv;runs/pivot/e4/fold4/base/pred/bio.csv,results/pivot/e4_gt_fundusavseg.csv,"per outer fold: 1.4826*MAD of the reference-mask biomarkers of that fold's 80 TRAINING images, applied to its 20 held-out images (results/pivot/e4_gt_fundusavseg.csv); no Gate A train scale exists for Fundus-AVSeg (DECISIONS 2026-09-17 13:30 (4))"
fundusavseg,fundusavseg,leave_out_fold2,continued,baseline,context,oof minus fold 2,last,tortuosity,skan,80,0,0.001302569300079881,,,0.02029109227798835,,False,point estimate on the other four folds,runs/pivot/e4/fold0/continued_s2/pred/bio.csv;runs/pivot/e4/fold1/continued_s2/pred/bio.csv;runs/pivot/e4/fold2/continued_s2/pred/bio.csv;runs/pivot/e4/fold3/continued_s2/pred/bio.csv;runs/pivot/e4/fold4/continued_s2/pred/bio.csv,runs/pivot/e4/fold0/base/pred/bio.csv;runs/pivot/e4/fold1/base/pred/bio.csv;runs/pivot/e4/fold2/base/pred/bio.csv;runs/pivot/e4/fold3/base/pred/bio.csv;runs/pivot/e4/fold4/base/pred/bio.csv,results/pivot/e4_gt_fundusavseg.csv,"per outer fold: 1.4826*MAD of the reference-mask biomarkers of that fold's 80 TRAINING images, applied to its 20 held-out images (results/pivot/e4_gt_fundusavseg.csv); no Gate A train scale exists for Fundus-AVSeg (DECISIONS 2026-09-17 13:30 (4))"
fundusavseg,fundusavseg,leave_out_fold3,continued,baseline,context,oof minus fold 3,last,tortuosity,skan,80,0,-0.002894683124771702,,,0.03808300506536792,,False,point estimate on the other four folds,runs/pivot/e4/fold0/continued_s2/pred/bio.csv;runs/pivot/e4/fold1/continued_s2/pred/bio.csv;runs/pivot/e4/fold2/continued_s2/pred/bio.csv;runs/pivot/e4/fold3/continued_s2/pred/bio.csv;runs/pivot/e4/fold4/continued_s2/pred/bio.csv,runs/pivot/e4/fold0/base/pred/bio.csv;runs/pivot/e4/fold1/base/pred/bio.csv;runs/pivot/e4/fold2/base/pred/bio.csv;runs/pivot/e4/fold3/base/pred/bio.csv;runs/pivot/e4/fold4/base/pred/bio.csv,results/pivot/e4_gt_fundusavseg.csv,"per outer fold: 1.4826*MAD of the reference-mask biomarkers of that fold's 80 TRAINING images, applied to its 20 held-out images (results/pivot/e4_gt_fundusavseg.csv); no Gate A train scale exists for Fundus-AVSeg (DECISIONS 2026-09-17 13:30 (4))"
fundusavseg,fundusavseg,leave_out_fold4,continued,baseline,context,oof minus fold 4,last,tortuosity,skan,80,0,-0.0019850843257789297,,,0.030992511171501286,,False,point estimate on the other four folds,runs/pivot/e4/fold0/continued_s2/pred/bio.csv;runs/pivot/e4/fold1/continued_s2/pred/bio.csv;runs/pivot/e4/fold2/continued_s2/pred/bio.csv;runs/pivot/e4/fold3/continued_s2/pred/bio.csv;runs/pivot/e4/fold4/continued_s2/pred/bio.csv,runs/pivot/e4/fold0/base/pred/bio.csv;runs/pivot/e4/fold1/base/pred/bio.csv;runs/pivot/e4/fold2/base/pred/bio.csv;runs/pivot/e4/fold3/base/pred/bio.csv;runs/pivot/e4/fold4/base/pred/bio.csv,results/pivot/e4_gt_fundusavseg.csv,"per outer fold: 1.4826*MAD of the reference-mask biomarkers of that fold's 80 TRAINING images, applied to its 20 held-out images (results/pivot/e4_gt_fundusavseg.csv); no Gate A train scale exists for Fundus-AVSeg (DECISIONS 2026-09-17 13:30 (4))"
fundusavseg,fundusavseg,oof_pooled,reliseg,continued,primary,oof(5 folds),last,density,pvbm,100,2000,-0.0030590420318540312,-0.006065007207767143,-0.0005727841537497622,0.019528280920539508,,False,"paired bootstrap, 2000 resamples drawn WITHIN each outer fold (fold structure preserved); the interval is conditional on the fixed folds and the fitted models",runs/pivot/e4/fold0/reliseg_s2/pred/bio.csv;runs/pivot/e4/fold1/reliseg_s2/pred/bio.csv;runs/pivot/e4/fold2/reliseg_s2/pred/bio.csv;runs/pivot/e4/fold3/reliseg_s2/pred/bio.csv;runs/pivot/e4/fold4/reliseg_s2/pred/bio.csv,runs/pivot/e4/fold0/continued_s2/pred/bio.csv;runs/pivot/e4/fold1/continued_s2/pred/bio.csv;runs/pivot/e4/fold2/continued_s2/pred/bio.csv;runs/pivot/e4/fold3/continued_s2/pred/bio.csv;runs/pivot/e4/fold4/continued_s2/pred/bio.csv,results/pivot/e4_gt_fundusavseg.csv,"per outer fold: 1.4826*MAD of the reference-mask biomarkers of that fold's 80 TRAINING images, applied to its 20 held-out images (results/pivot/e4_gt_fundusavseg.csv); no Gate A train scale exists for Fundus-AVSeg (DECISIONS 2026-09-17 13:30 (4))"
fundusavseg,fundusavseg,leave_out_fold0,reliseg,continued,primary,oof minus fold 0,last,density,pvbm,80,0,-0.003207084328053611,,,0.02437338599427055,,False,point estimate on the other four folds,runs/pivot/e4/fold0/reliseg_s2/pred/bio.csv;runs/pivot/e4/fold1/reliseg_s2/pred/bio.csv;runs/pivot/e4/fold2/reliseg_s2/pred/bio.csv;runs/pivot/e4/fold3/reliseg_s2/pred/bio.csv;runs/pivot/e4/fold4/reliseg_s2/pred/bio.csv,runs/pivot/e4/fold0/continued_s2/pred/bio.csv;runs/pivot/e4/fold1/continued_s2/pred/bio.csv;runs/pivot/e4/fold2/continued_s2/pred/bio.csv;runs/pivot/e4/fold3/continued_s2/pred/bio.csv;runs/pivot/e4/fold4/continued_s2/pred/bio.csv,results/pivot/e4_gt_fundusavseg.csv,"per outer fold: 1.4826*MAD of the reference-mask biomarkers of that fold's 80 TRAINING images, applied to its 20 held-out images (results/pivot/e4_gt_fundusavseg.csv); no Gate A train scale exists for Fundus-AVSeg (DECISIONS 2026-09-17 13:30 (4))"
fundusavseg,fundusavseg,leave_out_fold1,reliseg,continued,primary,oof minus fold 1,last,density,pvbm,80,0,-0.00293761674218318,,,0.024323766289756195,,False,point estimate on the other four folds,runs/pivot/e4/fold0/reliseg_s2/pred/bio.csv;runs/pivot/e4/fold1/reliseg_s2/pred/bio.csv;runs/pivot/e4/fold2/reliseg_s2/pred/bio.csv;runs/pivot/e4/fold3/reliseg_s2/pred/bio.csv;runs/pivot/e4/fold4/reliseg_s2/pred/bio.csv,runs/pivot/e4/fold0/continued_s2/pred/bio.csv;runs/pivot/e4/fold1/continued_s2/pred/bio.csv;runs/pivot/e4/fold2/continued_s2/pred/bio.csv;runs/pivot/e4/fold3/continued_s2/pred/bio.csv;runs/pivot/e4/fold4/continued_s2/pred/bio.csv,results/pivot/e4_gt_fundusavseg.csv,"per outer fold: 1.4826*MAD of the reference-mask biomarkers of that fold's 80 TRAINING images, applied to its 20 held-out images (results/pivot/e4_gt_fundusavseg.csv); no Gate A train scale exists for Fundus-AVSeg (DECISIONS 2026-09-17 13:30 (4))"
fundusavseg,fundusavseg,leave_out_fold2,reliseg,continued,primary,oof minus fold 2,last,density,pvbm,80,0,-0.0037212841377198824,,,0.013762805646591846,,False,point estimate on the other four folds,runs/pivot/e4/fold0/reliseg_s2/pred/bio.csv;runs/pivot/e4/fold1/reliseg_s2/pred/bio.csv;runs/pivot/e4/fold2/reliseg_s2/pred/bio.csv;runs/pivot/e4/fold3/reliseg_s2/pred/bio.csv;runs/pivot/e4/fold4/reliseg_s2/pred/bio.csv,runs/pivot/e4/fold0/continued_s2/pred/bio.csv;runs/pivot/e4/fold1/continued_s2/pred/bio.csv;runs/pivot/e4/fold2/continued_s2/pred/bio.csv;runs/pivot/e4/fold3/continued_s2/pred/bio.csv;runs/pivot/e4/fold4/continued_s2/pred/bio.csv,results/pivot/e4_gt_fundusavseg.csv,"per outer fold: 1.4826*MAD of the reference-mask biomarkers of that fold's 80 TRAINING images, applied to its 20 held-out images (results/pivot/e4_gt_fundusavseg.csv); no Gate A train scale exists for Fundus-AVSeg (DECISIONS 2026-09-17 13:30 (4))"
fundusavseg,fundusavseg,leave_out_fold3,reliseg,continued,primary,oof minus fold 3,last,density,pvbm,80,0,-0.0023226744176231273,,,0.01912615061259263,,False,point estimate on the other four folds,runs/pivot/e4/fold0/reliseg_s2/pred/bio.csv;runs/pivot/e4/fold1/reliseg_s2/pred/bio.csv;runs/pivot/e4/fold2/reliseg_s2/pred/bio.csv;runs/pivot/e4/fold3/reliseg_s2/pred/bio.csv;runs/pivot/e4/fold4/reliseg_s2/pred/bio.csv,runs/pivot/e4/fold0/continued_s2/pred/bio.csv;runs/pivot/e4/fold1/continued_s2/pred/bio.csv;runs/pivot/e4/fold2/continued_s2/pred/bio.csv;runs/pivot/e4/fold3/continued_s2/pred/bio.csv;runs/pivot/e4/fold4/continued_s2/pred/bio.csv,results/pivot/e4_gt_fundusavseg.csv,"per outer fold: 1.4826*MAD of the reference-mask biomarkers of that fold's 80 TRAINING images, applied to its 20 held-out images (results/pivot/e4_gt_fundusavseg.csv); no Gate A train scale exists for Fundus-AVSeg (DECISIONS 2026-09-17 13:30 (4))"
fundusavseg,fundusavseg,leave_out_fold4,reliseg,continued,primary,oof minus fold 4,last,density,pvbm,80,0,-0.0032347649146587942,,,0.01605529605948631,,False,point estimate on the other four folds,runs/pivot/e4/fold0/reliseg_s2/pred/bio.csv;runs/pivot/e4/fold1/reliseg_s2/pred/bio.csv;runs/pivot/e4/fold2/reliseg_s2/pred/bio.csv;runs/pivot/e4/fold3/reliseg_s2/pred/bio.csv;runs/pivot/e4/fold4/reliseg_s2/pred/bio.csv,runs/pivot/e4/fold0/continued_s2/pred/bio.csv;runs/pivot/e4/fold1/continued_s2/pred/bio.csv;runs/pivot/e4/fold2/continued_s2/pred/bio.csv;runs/pivot/e4/fold3/continued_s2/pred/bio.csv;runs/pivot/e4/fold4/continued_s2/pred/bio.csv,results/pivot/e4_gt_fundusavseg.csv,"per outer fold: 1.4826*MAD of the reference-mask biomarkers of that fold's 80 TRAINING images, applied to its 20 held-out images (results/pivot/e4_gt_fundusavseg.csv); no Gate A train scale exists for Fundus-AVSeg (DECISIONS 2026-09-17 13:30 (4))"
fundusavseg,fundusavseg,oof_pooled,reliseg,baseline,secondary,oof(5 folds),last,density,pvbm,100,2000,-0.0031227963493752897,-0.00996804035057241,0.003145314484475882,0.13715700103953551,,False,"paired bootstrap, 2000 resamples drawn WITHIN each outer fold (fold structure preserved); the interval is conditional on the fixed folds and the fitted models",runs/pivot/e4/fold0/reliseg_s2/pred/bio.csv;runs/pivot/e4/fold1/reliseg_s2/pred/bio.csv;runs/pivot/e4/fold2/reliseg_s2/pred/bio.csv;runs/pivot/e4/fold3/reliseg_s2/pred/bio.csv;runs/pivot/e4/fold4/reliseg_s2/pred/bio.csv,runs/pivot/e4/fold0/base/pred/bio.csv;runs/pivot/e4/fold1/base/pred/bio.csv;runs/pivot/e4/fold2/base/pred/bio.csv;runs/pivot/e4/fold3/base/pred/bio.csv;runs/pivot/e4/fold4/base/pred/bio.csv,results/pivot/e4_gt_fundusavseg.csv,"per outer fold: 1.4826*MAD of the reference-mask biomarkers of that fold's 80 TRAINING images, applied to its 20 held-out images (results/pivot/e4_gt_fundusavseg.csv); no Gate A train scale exists for Fundus-AVSeg (DECISIONS 2026-09-17 13:30 (4))"
fundusavseg,fundusavseg,leave_out_fold0,reliseg,baseline,secondary,oof minus fold 0,last,density,pvbm,80,0,-0.00222716430789216,,,0.16488927748686338,,False,point estimate on the other four folds,runs/pivot/e4/fold0/reliseg_s2/pred/bio.csv;runs/pivot/e4/fold1/reliseg_s2/pred/bio.csv;runs/pivot/e4/fold2/reliseg_s2/pred/bio.csv;runs/pivot/e4/fold3/reliseg_s2/pred/bio.csv;runs/pivot/e4/fold4/reliseg_s2/pred/bio.csv,runs/pivot/e4/fold0/base/pred/bio.csv;runs/pivot/e4/fold1/base/pred/bio.csv;runs/pivot/e4/fold2/base/pred/bio.csv;runs/pivot/e4/fold3/base/pred/bio.csv;runs/pivot/e4/fold4/base/pred/bio.csv,results/pivot/e4_gt_fundusavseg.csv,"per outer fold: 1.4826*MAD of the reference-mask biomarkers of that fold's 80 TRAINING images, applied to its 20 held-out images (results/pivot/e4_gt_fundusavseg.csv); no Gate A train scale exists for Fundus-AVSeg (DECISIONS 2026-09-17 13:30 (4))"
fundusavseg,fundusavseg,leave_out_fold1,reliseg,baseline,secondary,oof minus fold 1,last,density,pvbm,80,0,-0.003217737714128477,,,0.14841634870906772,,False,point estimate on the other four folds,runs/pivot/e4/fold0/reliseg_s2/pred/bio.csv;runs/pivot/e4/fold1/reliseg_s2/pred/bio.csv;runs/pivot/e4/fold2/reliseg_s2/pred/bio.csv;runs/pivot/e4/fold3/reliseg_s2/pred/bio.csv;runs/pivot/e4/fold4/reliseg_s2/pred/bio.csv,runs/pivot/e4/fold0/base/pred/bio.csv;runs/pivot/e4/fold1/base/pred/bio.csv;runs/pivot/e4/fold2/base/pred/bio.csv;runs/pivot/e4/fold3/base/pred/bio.csv;runs/pivot/e4/fold4/base/pred/bio.csv,results/pivot/e4_gt_fundusavseg.csv,"per outer fold: 1.4826*MAD of the reference-mask biomarkers of that fold's 80 TRAINING images, applied to its 20 held-out images (results/pivot/e4_gt_fundusavseg.csv); no Gate A train scale exists for Fundus-AVSeg (DECISIONS 2026-09-17 13:30 (4))"
fundusavseg,fundusavseg,leave_out_fold2,reliseg,baseline,secondary,oof minus fold 2,last,density,pvbm,80,0,-0.0052712284409131005,,,0.10757992840939576,,False,point estimate on the other four folds,runs/pivot/e4/fold0/reliseg_s2/pred/bio.csv;runs/pivot/e4/fold1/reliseg_s2/pred/bio.csv;runs/pivot/e4/fold2/reliseg_s2/pred/bio.csv;runs/pivot/e4/fold3/reliseg_s2/pred/bio.csv;runs/pivot/e4/fold4/reliseg_s2/pred/bio.csv,runs/pivot/e4/fold0/base/pred/bio.csv;runs/pivot/e4/fold1/base/pred/bio.csv;runs/pivot/e4/fold2/base/pred/bio.csv;runs/pivot/e4/fold3/base/pred/bio.csv;runs/pivot/e4/fold4/base/pred/bio.csv,results/pivot/e4_gt_fundusavseg.csv,"per outer fold: 1.4826*MAD of the reference-mask biomarkers of that fold's 80 TRAINING images, applied to its 20 held-out images (results/pivot/e4_gt_fundusavseg.csv); no Gate A train scale exists for Fundus-AVSeg (DECISIONS 2026-09-17 13:30 (4))"
fundusavseg,fundusavseg,leave_out_fold3,reliseg,baseline,secondary,oof minus fold 3,last,density,pvbm,80,0,-0.0018123870147432886,,,0.13464427549146646,,False,point estimate on the other four folds,runs/pivot/e4/fold0/reliseg_s2/pred/bio.csv;runs/pivot/e4/fold1/reliseg_s2/pred/bio.csv;runs/pivot/e4/fold2/reliseg_s2/pred/bio.csv;runs/pivot/e4/fold3/reliseg_s2/pred/bio.csv;runs/pivot/e4/fold4/reliseg_s2/pred/bio.csv,runs/pivot/e4/fold0/base/pred/bio.csv;runs/pivot/e4/fold1/base/pred/bio.csv;runs/pivot/e4/fold2/base/pred/bio.csv;runs/pivot/e4/fold3/base/pred/bio.csv;runs/pivot/e4/fold4/base/pred/bio.csv,results/pivot/e4_gt_fundusavseg.csv,"per outer fold: 1.4826*MAD of the reference-mask biomarkers of that fold's 80 TRAINING images, applied to its 20 held-out images (results/pivot/e4_gt_fundusavseg.csv); no Gate A train scale exists for Fundus-AVSeg (DECISIONS 2026-09-17 13:30 (4))"
fundusavseg,fundusavseg,leave_out_fold4,reliseg,baseline,secondary,oof minus fold 4,last,density,pvbm,80,0,-0.003830258721068791,,,0.13025517510088408,,False,point estimate on the other four folds,runs/pivot/e4/fold0/reliseg_s2/pred/bio.csv;runs/pivot/e4/fold1/reliseg_s2/pred/bio.csv;runs/pivot/e4/fold2/reliseg_s2/pred/bio.csv;runs/pivot/e4/fold3/reliseg_s2/pred/bio.csv;runs/pivot/e4/fold4/reliseg_s2/pred/bio.csv,runs/pivot/e4/fold0/base/pred/bio.csv;runs/pivot/e4/fold1/base/pred/bio.csv;runs/pivot/e4/fold2/base/pred/bio.csv;runs/pivot/e4/fold3/base/pred/bio.csv;runs/pivot/e4/fold4/base/pred/bio.csv,results/pivot/e4_gt_fundusavseg.csv,"per outer fold: 1.4826*MAD of the reference-mask biomarkers of that fold's 80 TRAINING images, applied to its 20 held-out images (results/pivot/e4_gt_fundusavseg.csv); no Gate A train scale exists for Fundus-AVSeg (DECISIONS 2026-09-17 13:30 (4))"
fundusavseg,fundusavseg,oof_pooled,continued,baseline,context,oof(5 folds),last,density,pvbm,100,2000,-6.375431752125849e-05,-0.005526418696409685,0.0055101469101409015,0.117628720118996,,False,"paired bootstrap, 2000 resamples drawn WITHIN each outer fold (fold structure preserved); the interval is conditional on the fixed folds and the fitted models",runs/pivot/e4/fold0/continued_s2/pred/bio.csv;runs/pivot/e4/fold1/continued_s2/pred/bio.csv;runs/pivot/e4/fold2/continued_s2/pred/bio.csv;runs/pivot/e4/fold3/continued_s2/pred/bio.csv;runs/pivot/e4/fold4/continued_s2/pred/bio.csv,runs/pivot/e4/fold0/base/pred/bio.csv;runs/pivot/e4/fold1/base/pred/bio.csv;runs/pivot/e4/fold2/base/pred/bio.csv;runs/pivot/e4/fold3/base/pred/bio.csv;runs/pivot/e4/fold4/base/pred/bio.csv,results/pivot/e4_gt_fundusavseg.csv,"per outer fold: 1.4826*MAD of the reference-mask biomarkers of that fold's 80 TRAINING images, applied to its 20 held-out images (results/pivot/e4_gt_fundusavseg.csv); no Gate A train scale exists for Fundus-AVSeg (DECISIONS 2026-09-17 13:30 (4))"
fundusavseg,fundusavseg,leave_out_fold0,continued,baseline,context,oof minus fold 0,last,density,pvbm,80,0,0.000979920020161451,,,0.14051589149259283,,False,point estimate on the other four folds,runs/pivot/e4/fold0/continued_s2/pred/bio.csv;runs/pivot/e4/fold1/continued_s2/pred/bio.csv;runs/pivot/e4/fold2/continued_s2/pred/bio.csv;runs/pivot/e4/fold3/continued_s2/pred/bio.csv;runs/pivot/e4/fold4/continued_s2/pred/bio.csv,runs/pivot/e4/fold0/base/pred/bio.csv;runs/pivot/e4/fold1/base/pred/bio.csv;runs/pivot/e4/fold2/base/pred/bio.csv;runs/pivot/e4/fold3/base/pred/bio.csv;runs/pivot/e4/fold4/base/pred/bio.csv,results/pivot/e4_gt_fundusavseg.csv,"per outer fold: 1.4826*MAD of the reference-mask biomarkers of that fold's 80 TRAINING images, applied to its 20 held-out images (results/pivot/e4_gt_fundusavseg.csv); no Gate A train scale exists for Fundus-AVSeg (DECISIONS 2026-09-17 13:30 (4))"
fundusavseg,fundusavseg,leave_out_fold1,continued,baseline,context,oof minus fold 1,last,density,pvbm,80,0,-0.00028012097194529684,,,0.12409258241931152,,False,point estimate on the other four folds,runs/pivot/e4/fold0/continued_s2/pred/bio.csv;runs/pivot/e4/fold1/continued_s2/pred/bio.csv;runs/pivot/e4/fold2/continued_s2/pred/bio.csv;runs/pivot/e4/fold3/continued_s2/pred/bio.csv;runs/pivot/e4/fold4/continued_s2/pred/bio.csv,runs/pivot/e4/fold0/base/pred/bio.csv;runs/pivot/e4/fold1/base/pred/bio.csv;runs/pivot/e4/fold2/base/pred/bio.csv;runs/pivot/e4/fold3/base/pred/bio.csv;runs/pivot/e4/fold4/base/pred/bio.csv,results/pivot/e4_gt_fundusavseg.csv,"per outer fold: 1.4826*MAD of the reference-mask biomarkers of that fold's 80 TRAINING images, applied to its 20 held-out images (results/pivot/e4_gt_fundusavseg.csv); no Gate A train scale exists for Fundus-AVSeg (DECISIONS 2026-09-17 13:30 (4))"
fundusavseg,fundusavseg,leave_out_fold2,continued,baseline,context,oof minus fold 2,last,density,pvbm,80,0,-0.001549944303193218,,,0.0938171227628039,,False,point estimate on the other four folds,runs/pivot/e4/fold0/continued_s2/pred/bio.csv;runs/pivot/e4/fold1/continued_s2/pred/bio.csv;runs/pivot/e4/fold2/continued_s2/pred/bio.csv;runs/pivot/e4/fold3/continued_s2/pred/bio.csv;runs/pivot/e4/fold4/continued_s2/pred/bio.csv,runs/pivot/e4/fold0/base/pred/bio.csv;runs/pivot/e4/fold1/base/pred/bio.csv;runs/pivot/e4/fold2/base/pred/bio.csv;runs/pivot/e4/fold3/base/pred/bio.csv;runs/pivot/e4/fold4/base/pred/bio.csv,results/pivot/e4_gt_fundusavseg.csv,"per outer fold: 1.4826*MAD of the reference-mask biomarkers of that fold's 80 TRAINING images, applied to its 20 held-out images (results/pivot/e4_gt_fundusavseg.csv); no Gate A train scale exists for Fundus-AVSeg (DECISIONS 2026-09-17 13:30 (4))"
fundusavseg,fundusavseg,leave_out_fold3,continued,baseline,context,oof minus fold 3,last,density,pvbm,80,0,0.0005102874028798388,,,0.11551812487887382,,False,point estimate on the other four folds,runs/pivot/e4/fold0/continued_s2/pred/bio.csv;runs/pivot/e4/fold1/continued_s2/pred/bio.csv;runs/pivot/e4/fold2/continued_s2/pred/bio.csv;runs/pivot/e4/fold3/continued_s2/pred/bio.csv;runs/pivot/e4/fold4/continued_s2/pred/bio.csv,runs/pivot/e4/fold0/base/pred/bio.csv;runs/pivot/e4/fold1/base/pred/bio.csv;runs/pivot/e4/fold2/base/pred/bio.csv;runs/pivot/e4/fold3/base/pred/bio.csv;runs/pivot/e4/fold4/base/pred/bio.csv,results/pivot/e4_gt_fundusavseg.csv,"per outer fold: 1.4826*MAD of the reference-mask biomarkers of that fold's 80 TRAINING images, applied to its 20 held-out images (results/pivot/e4_gt_fundusavseg.csv); no Gate A train scale exists for Fundus-AVSeg (DECISIONS 2026-09-17 13:30 (4))"
fundusavseg,fundusavseg,leave_out_fold4,continued,baseline,context,oof minus fold 4,last,density,pvbm,80,0,-0.0005954938064099968,,,0.11419987904139776,,False,point estimate on the other four folds,runs/pivot/e4/fold0/continued_s2/pred/bio.csv;runs/pivot/e4/fold1/continued_s2/pred/bio.csv;runs/pivot/e4/fold2/continued_s2/pred/bio.csv;runs/pivot/e4/fold3/continued_s2/pred/bio.csv;runs/pivot/e4/fold4/continued_s2/pred/bio.csv,runs/pivot/e4/fold0/base/pred/bio.csv;runs/pivot/e4/fold1/base/pred/bio.csv;runs/pivot/e4/fold2/base/pred/bio.csv;runs/pivot/e4/fold3/base/pred/bio.csv;runs/pivot/e4/fold4/base/pred/bio.csv,results/pivot/e4_gt_fundusavseg.csv,"per outer fold: 1.4826*MAD of the reference-mask biomarkers of that fold's 80 TRAINING images, applied to its 20 held-out images (results/pivot/e4_gt_fundusavseg.csv); no Gate A train scale exists for Fundus-AVSeg (DECISIONS 2026-09-17 13:30 (4))"
fundusavseg,fundusavseg,oof_pooled,reliseg,continued,primary,oof(5 folds),last,density,skan,100,2000,-0.0030590420318540312,-0.006065007207767143,-0.0005727841537497622,0.019528280920539508,1.0,True,"paired bootstrap, 2000 resamples drawn WITHIN each outer fold (fold structure preserved); the interval is conditional on the fixed folds and the fitted models",runs/pivot/e4/fold0/reliseg_s2/pred/bio.csv;runs/pivot/e4/fold1/reliseg_s2/pred/bio.csv;runs/pivot/e4/fold2/reliseg_s2/pred/bio.csv;runs/pivot/e4/fold3/reliseg_s2/pred/bio.csv;runs/pivot/e4/fold4/reliseg_s2/pred/bio.csv,runs/pivot/e4/fold0/continued_s2/pred/bio.csv;runs/pivot/e4/fold1/continued_s2/pred/bio.csv;runs/pivot/e4/fold2/continued_s2/pred/bio.csv;runs/pivot/e4/fold3/continued_s2/pred/bio.csv;runs/pivot/e4/fold4/continued_s2/pred/bio.csv,results/pivot/e4_gt_fundusavseg.csv,"per outer fold: 1.4826*MAD of the reference-mask biomarkers of that fold's 80 TRAINING images, applied to its 20 held-out images (results/pivot/e4_gt_fundusavseg.csv); no Gate A train scale exists for Fundus-AVSeg (DECISIONS 2026-09-17 13:30 (4))"
fundusavseg,fundusavseg,leave_out_fold0,reliseg,continued,primary,oof minus fold 0,last,density,skan,80,0,-0.003207084328053611,,,0.02437338599427055,,False,point estimate on the other four folds,runs/pivot/e4/fold0/reliseg_s2/pred/bio.csv;runs/pivot/e4/fold1/reliseg_s2/pred/bio.csv;runs/pivot/e4/fold2/reliseg_s2/pred/bio.csv;runs/pivot/e4/fold3/reliseg_s2/pred/bio.csv;runs/pivot/e4/fold4/reliseg_s2/pred/bio.csv,runs/pivot/e4/fold0/continued_s2/pred/bio.csv;runs/pivot/e4/fold1/continued_s2/pred/bio.csv;runs/pivot/e4/fold2/continued_s2/pred/bio.csv;runs/pivot/e4/fold3/continued_s2/pred/bio.csv;runs/pivot/e4/fold4/continued_s2/pred/bio.csv,results/pivot/e4_gt_fundusavseg.csv,"per outer fold: 1.4826*MAD of the reference-mask biomarkers of that fold's 80 TRAINING images, applied to its 20 held-out images (results/pivot/e4_gt_fundusavseg.csv); no Gate A train scale exists for Fundus-AVSeg (DECISIONS 2026-09-17 13:30 (4))"
fundusavseg,fundusavseg,leave_out_fold1,reliseg,continued,primary,oof minus fold 1,last,density,skan,80,0,-0.00293761674218318,,,0.024323766289756195,,False,point estimate on the other four folds,runs/pivot/e4/fold0/reliseg_s2/pred/bio.csv;runs/pivot/e4/fold1/reliseg_s2/pred/bio.csv;runs/pivot/e4/fold2/reliseg_s2/pred/bio.csv;runs/pivot/e4/fold3/reliseg_s2/pred/bio.csv;runs/pivot/e4/fold4/reliseg_s2/pred/bio.csv,runs/pivot/e4/fold0/continued_s2/pred/bio.csv;runs/pivot/e4/fold1/continued_s2/pred/bio.csv;runs/pivot/e4/fold2/continued_s2/pred/bio.csv;runs/pivot/e4/fold3/continued_s2/pred/bio.csv;runs/pivot/e4/fold4/continued_s2/pred/bio.csv,results/pivot/e4_gt_fundusavseg.csv,"per outer fold: 1.4826*MAD of the reference-mask biomarkers of that fold's 80 TRAINING images, applied to its 20 held-out images (results/pivot/e4_gt_fundusavseg.csv); no Gate A train scale exists for Fundus-AVSeg (DECISIONS 2026-09-17 13:30 (4))"
fundusavseg,fundusavseg,leave_out_fold2,reliseg,continued,primary,oof minus fold 2,last,density,skan,80,0,-0.0037212841377198824,,,0.013762805646591846,,False,point estimate on the other four folds,runs/pivot/e4/fold0/reliseg_s2/pred/bio.csv;runs/pivot/e4/fold1/reliseg_s2/pred/bio.csv;runs/pivot/e4/fold2/reliseg_s2/pred/bio.csv;runs/pivot/e4/fold3/reliseg_s2/pred/bio.csv;runs/pivot/e4/fold4/reliseg_s2/pred/bio.csv,runs/pivot/e4/fold0/continued_s2/pred/bio.csv;runs/pivot/e4/fold1/continued_s2/pred/bio.csv;runs/pivot/e4/fold2/continued_s2/pred/bio.csv;runs/pivot/e4/fold3/continued_s2/pred/bio.csv;runs/pivot/e4/fold4/continued_s2/pred/bio.csv,results/pivot/e4_gt_fundusavseg.csv,"per outer fold: 1.4826*MAD of the reference-mask biomarkers of that fold's 80 TRAINING images, applied to its 20 held-out images (results/pivot/e4_gt_fundusavseg.csv); no Gate A train scale exists for Fundus-AVSeg (DECISIONS 2026-09-17 13:30 (4))"
fundusavseg,fundusavseg,leave_out_fold3,reliseg,continued,primary,oof minus fold 3,last,density,skan,80,0,-0.0023226744176231273,,,0.01912615061259263,,False,point estimate on the other four folds,runs/pivot/e4/fold0/reliseg_s2/pred/bio.csv;runs/pivot/e4/fold1/reliseg_s2/pred/bio.csv;runs/pivot/e4/fold2/reliseg_s2/pred/bio.csv;runs/pivot/e4/fold3/reliseg_s2/pred/bio.csv;runs/pivot/e4/fold4/reliseg_s2/pred/bio.csv,runs/pivot/e4/fold0/continued_s2/pred/bio.csv;runs/pivot/e4/fold1/continued_s2/pred/bio.csv;runs/pivot/e4/fold2/continued_s2/pred/bio.csv;runs/pivot/e4/fold3/continued_s2/pred/bio.csv;runs/pivot/e4/fold4/continued_s2/pred/bio.csv,results/pivot/e4_gt_fundusavseg.csv,"per outer fold: 1.4826*MAD of the reference-mask biomarkers of that fold's 80 TRAINING images, applied to its 20 held-out images (results/pivot/e4_gt_fundusavseg.csv); no Gate A train scale exists for Fundus-AVSeg (DECISIONS 2026-09-17 13:30 (4))"
fundusavseg,fundusavseg,leave_out_fold4,reliseg,continued,primary,oof minus fold 4,last,density,skan,80,0,-0.0032347649146587942,,,0.01605529605948631,,False,point estimate on the other four folds,runs/pivot/e4/fold0/reliseg_s2/pred/bio.csv;runs/pivot/e4/fold1/reliseg_s2/pred/bio.csv;runs/pivot/e4/fold2/reliseg_s2/pred/bio.csv;runs/pivot/e4/fold3/reliseg_s2/pred/bio.csv;runs/pivot/e4/fold4/reliseg_s2/pred/bio.csv,runs/pivot/e4/fold0/continued_s2/pred/bio.csv;runs/pivot/e4/fold1/continued_s2/pred/bio.csv;runs/pivot/e4/fold2/continued_s2/pred/bio.csv;runs/pivot/e4/fold3/continued_s2/pred/bio.csv;runs/pivot/e4/fold4/continued_s2/pred/bio.csv,results/pivot/e4_gt_fundusavseg.csv,"per outer fold: 1.4826*MAD of the reference-mask biomarkers of that fold's 80 TRAINING images, applied to its 20 held-out images (results/pivot/e4_gt_fundusavseg.csv); no Gate A train scale exists for Fundus-AVSeg (DECISIONS 2026-09-17 13:30 (4))"
fundusavseg,fundusavseg,oof_pooled,reliseg,baseline,secondary,oof(5 folds),last,density,skan,100,2000,-0.0031227963493752897,-0.00996804035057241,0.003145314484475882,0.13715700103953551,,False,"paired bootstrap, 2000 resamples drawn WITHIN each outer fold (fold structure preserved); the interval is conditional on the fixed folds and the fitted models",runs/pivot/e4/fold0/reliseg_s2/pred/bio.csv;runs/pivot/e4/fold1/reliseg_s2/pred/bio.csv;runs/pivot/e4/fold2/reliseg_s2/pred/bio.csv;runs/pivot/e4/fold3/reliseg_s2/pred/bio.csv;runs/pivot/e4/fold4/reliseg_s2/pred/bio.csv,runs/pivot/e4/fold0/base/pred/bio.csv;runs/pivot/e4/fold1/base/pred/bio.csv;runs/pivot/e4/fold2/base/pred/bio.csv;runs/pivot/e4/fold3/base/pred/bio.csv;runs/pivot/e4/fold4/base/pred/bio.csv,results/pivot/e4_gt_fundusavseg.csv,"per outer fold: 1.4826*MAD of the reference-mask biomarkers of that fold's 80 TRAINING images, applied to its 20 held-out images (results/pivot/e4_gt_fundusavseg.csv); no Gate A train scale exists for Fundus-AVSeg (DECISIONS 2026-09-17 13:30 (4))"
fundusavseg,fundusavseg,leave_out_fold0,reliseg,baseline,secondary,oof minus fold 0,last,density,skan,80,0,-0.00222716430789216,,,0.16488927748686338,,False,point estimate on the other four folds,runs/pivot/e4/fold0/reliseg_s2/pred/bio.csv;runs/pivot/e4/fold1/reliseg_s2/pred/bio.csv;runs/pivot/e4/fold2/reliseg_s2/pred/bio.csv;runs/pivot/e4/fold3/reliseg_s2/pred/bio.csv;runs/pivot/e4/fold4/reliseg_s2/pred/bio.csv,runs/pivot/e4/fold0/base/pred/bio.csv;runs/pivot/e4/fold1/base/pred/bio.csv;runs/pivot/e4/fold2/base/pred/bio.csv;runs/pivot/e4/fold3/base/pred/bio.csv;runs/pivot/e4/fold4/base/pred/bio.csv,results/pivot/e4_gt_fundusavseg.csv,"per outer fold: 1.4826*MAD of the reference-mask biomarkers of that fold's 80 TRAINING images, applied to its 20 held-out images (results/pivot/e4_gt_fundusavseg.csv); no Gate A train scale exists for Fundus-AVSeg (DECISIONS 2026-09-17 13:30 (4))"
fundusavseg,fundusavseg,leave_out_fold1,reliseg,baseline,secondary,oof minus fold 1,last,density,skan,80,0,-0.003217737714128477,,,0.14841634870906772,,False,point estimate on the other four folds,runs/pivot/e4/fold0/reliseg_s2/pred/bio.csv;runs/pivot/e4/fold1/reliseg_s2/pred/bio.csv;runs/pivot/e4/fold2/reliseg_s2/pred/bio.csv;runs/pivot/e4/fold3/reliseg_s2/pred/bio.csv;runs/pivot/e4/fold4/reliseg_s2/pred/bio.csv,runs/pivot/e4/fold0/base/pred/bio.csv;runs/pivot/e4/fold1/base/pred/bio.csv;runs/pivot/e4/fold2/base/pred/bio.csv;runs/pivot/e4/fold3/base/pred/bio.csv;runs/pivot/e4/fold4/base/pred/bio.csv,results/pivot/e4_gt_fundusavseg.csv,"per outer fold: 1.4826*MAD of the reference-mask biomarkers of that fold's 80 TRAINING images, applied to its 20 held-out images (results/pivot/e4_gt_fundusavseg.csv); no Gate A train scale exists for Fundus-AVSeg (DECISIONS 2026-09-17 13:30 (4))"
fundusavseg,fundusavseg,leave_out_fold2,reliseg,baseline,secondary,oof minus fold 2,last,density,skan,80,0,-0.0052712284409131005,,,0.10757992840939576,,False,point estimate on the other four folds,runs/pivot/e4/fold0/reliseg_s2/pred/bio.csv;runs/pivot/e4/fold1/reliseg_s2/pred/bio.csv;runs/pivot/e4/fold2/reliseg_s2/pred/bio.csv;runs/pivot/e4/fold3/reliseg_s2/pred/bio.csv;runs/pivot/e4/fold4/reliseg_s2/pred/bio.csv,runs/pivot/e4/fold0/base/pred/bio.csv;runs/pivot/e4/fold1/base/pred/bio.csv;runs/pivot/e4/fold2/base/pred/bio.csv;runs/pivot/e4/fold3/base/pred/bio.csv;runs/pivot/e4/fold4/base/pred/bio.csv,results/pivot/e4_gt_fundusavseg.csv,"per outer fold: 1.4826*MAD of the reference-mask biomarkers of that fold's 80 TRAINING images, applied to its 20 held-out images (results/pivot/e4_gt_fundusavseg.csv); no Gate A train scale exists for Fundus-AVSeg (DECISIONS 2026-09-17 13:30 (4))"
fundusavseg,fundusavseg,leave_out_fold3,reliseg,baseline,secondary,oof minus fold 3,last,density,skan,80,0,-0.0018123870147432886,,,0.13464427549146646,,False,point estimate on the other four folds,runs/pivot/e4/fold0/reliseg_s2/pred/bio.csv;runs/pivot/e4/fold1/reliseg_s2/pred/bio.csv;runs/pivot/e4/fold2/reliseg_s2/pred/bio.csv;runs/pivot/e4/fold3/reliseg_s2/pred/bio.csv;runs/pivot/e4/fold4/reliseg_s2/pred/bio.csv,runs/pivot/e4/fold0/base/pred/bio.csv;runs/pivot/e4/fold1/base/pred/bio.csv;runs/pivot/e4/fold2/base/pred/bio.csv;runs/pivot/e4/fold3/base/pred/bio.csv;runs/pivot/e4/fold4/base/pred/bio.csv,results/pivot/e4_gt_fundusavseg.csv,"per outer fold: 1.4826*MAD of the reference-mask biomarkers of that fold's 80 TRAINING images, applied to its 20 held-out images (results/pivot/e4_gt_fundusavseg.csv); no Gate A train scale exists for Fundus-AVSeg (DECISIONS 2026-09-17 13:30 (4))"
fundusavseg,fundusavseg,leave_out_fold4,reliseg,baseline,secondary,oof minus fold 4,last,density,skan,80,0,-0.003830258721068791,,,0.13025517510088408,,False,point estimate on the other four folds,runs/pivot/e4/fold0/reliseg_s2/pred/bio.csv;runs/pivot/e4/fold1/reliseg_s2/pred/bio.csv;runs/pivot/e4/fold2/reliseg_s2/pred/bio.csv;runs/pivot/e4/fold3/reliseg_s2/pred/bio.csv;runs/pivot/e4/fold4/reliseg_s2/pred/bio.csv,runs/pivot/e4/fold0/base/pred/bio.csv;runs/pivot/e4/fold1/base/pred/bio.csv;runs/pivot/e4/fold2/base/pred/bio.csv;runs/pivot/e4/fold3/base/pred/bio.csv;runs/pivot/e4/fold4/base/pred/bio.csv,results/pivot/e4_gt_fundusavseg.csv,"per outer fold: 1.4826*MAD of the reference-mask biomarkers of that fold's 80 TRAINING images, applied to its 20 held-out images (results/pivot/e4_gt_fundusavseg.csv); no Gate A train scale exists for Fundus-AVSeg (DECISIONS 2026-09-17 13:30 (4))"
fundusavseg,fundusavseg,oof_pooled,continued,baseline,context,oof(5 folds),last,density,skan,100,2000,-6.375431752125849e-05,-0.005526418696409685,0.0055101469101409015,0.117628720118996,,False,"paired bootstrap, 2000 resamples drawn WITHIN each outer fold (fold structure preserved); the interval is conditional on the fixed folds and the fitted models",runs/pivot/e4/fold0/continued_s2/pred/bio.csv;runs/pivot/e4/fold1/continued_s2/pred/bio.csv;runs/pivot/e4/fold2/continued_s2/pred/bio.csv;runs/pivot/e4/fold3/continued_s2/pred/bio.csv;runs/pivot/e4/fold4/continued_s2/pred/bio.csv,runs/pivot/e4/fold0/base/pred/bio.csv;runs/pivot/e4/fold1/base/pred/bio.csv;runs/pivot/e4/fold2/base/pred/bio.csv;runs/pivot/e4/fold3/base/pred/bio.csv;runs/pivot/e4/fold4/base/pred/bio.csv,results/pivot/e4_gt_fundusavseg.csv,"per outer fold: 1.4826*MAD of the reference-mask biomarkers of that fold's 80 TRAINING images, applied to its 20 held-out images (results/pivot/e4_gt_fundusavseg.csv); no Gate A train scale exists for Fundus-AVSeg (DECISIONS 2026-09-17 13:30 (4))"
fundusavseg,fundusavseg,leave_out_fold0,continued,baseline,context,oof minus fold 0,last,density,skan,80,0,0.000979920020161451,,,0.14051589149259283,,False,point estimate on the other four folds,runs/pivot/e4/fold0/continued_s2/pred/bio.csv;runs/pivot/e4/fold1/continued_s2/pred/bio.csv;runs/pivot/e4/fold2/continued_s2/pred/bio.csv;runs/pivot/e4/fold3/continued_s2/pred/bio.csv;runs/pivot/e4/fold4/continued_s2/pred/bio.csv,runs/pivot/e4/fold0/base/pred/bio.csv;runs/pivot/e4/fold1/base/pred/bio.csv;runs/pivot/e4/fold2/base/pred/bio.csv;runs/pivot/e4/fold3/base/pred/bio.csv;runs/pivot/e4/fold4/base/pred/bio.csv,results/pivot/e4_gt_fundusavseg.csv,"per outer fold: 1.4826*MAD of the reference-mask biomarkers of that fold's 80 TRAINING images, applied to its 20 held-out images (results/pivot/e4_gt_fundusavseg.csv); no Gate A train scale exists for Fundus-AVSeg (DECISIONS 2026-09-17 13:30 (4))"
fundusavseg,fundusavseg,leave_out_fold1,continued,baseline,context,oof minus fold 1,last,density,skan,80,0,-0.00028012097194529684,,,0.12409258241931152,,False,point estimate on the other four folds,runs/pivot/e4/fold0/continued_s2/pred/bio.csv;runs/pivot/e4/fold1/continued_s2/pred/bio.csv;runs/pivot/e4/fold2/continued_s2/pred/bio.csv;runs/pivot/e4/fold3/continued_s2/pred/bio.csv;runs/pivot/e4/fold4/continued_s2/pred/bio.csv,runs/pivot/e4/fold0/base/pred/bio.csv;runs/pivot/e4/fold1/base/pred/bio.csv;runs/pivot/e4/fold2/base/pred/bio.csv;runs/pivot/e4/fold3/base/pred/bio.csv;runs/pivot/e4/fold4/base/pred/bio.csv,results/pivot/e4_gt_fundusavseg.csv,"per outer fold: 1.4826*MAD of the reference-mask biomarkers of that fold's 80 TRAINING images, applied to its 20 held-out images (results/pivot/e4_gt_fundusavseg.csv); no Gate A train scale exists for Fundus-AVSeg (DECISIONS 2026-09-17 13:30 (4))"
fundusavseg,fundusavseg,leave_out_fold2,continued,baseline,context,oof minus fold 2,last,density,skan,80,0,-0.001549944303193218,,,0.0938171227628039,,False,point estimate on the other four folds,runs/pivot/e4/fold0/continued_s2/pred/bio.csv;runs/pivot/e4/fold1/continued_s2/pred/bio.csv;runs/pivot/e4/fold2/continued_s2/pred/bio.csv;runs/pivot/e4/fold3/continued_s2/pred/bio.csv;runs/pivot/e4/fold4/continued_s2/pred/bio.csv,runs/pivot/e4/fold0/base/pred/bio.csv;runs/pivot/e4/fold1/base/pred/bio.csv;runs/pivot/e4/fold2/base/pred/bio.csv;runs/pivot/e4/fold3/base/pred/bio.csv;runs/pivot/e4/fold4/base/pred/bio.csv,results/pivot/e4_gt_fundusavseg.csv,"per outer fold: 1.4826*MAD of the reference-mask biomarkers of that fold's 80 TRAINING images, applied to its 20 held-out images (results/pivot/e4_gt_fundusavseg.csv); no Gate A train scale exists for Fundus-AVSeg (DECISIONS 2026-09-17 13:30 (4))"
fundusavseg,fundusavseg,leave_out_fold3,continued,baseline,context,oof minus fold 3,last,density,skan,80,0,0.0005102874028798388,,,0.11551812487887382,,False,point estimate on the other four folds,runs/pivot/e4/fold0/continued_s2/pred/bio.csv;runs/pivot/e4/fold1/continued_s2/pred/bio.csv;runs/pivot/e4/fold2/continued_s2/pred/bio.csv;runs/pivot/e4/fold3/continued_s2/pred/bio.csv;runs/pivot/e4/fold4/continued_s2/pred/bio.csv,runs/pivot/e4/fold0/base/pred/bio.csv;runs/pivot/e4/fold1/base/pred/bio.csv;runs/pivot/e4/fold2/base/pred/bio.csv;runs/pivot/e4/fold3/base/pred/bio.csv;runs/pivot/e4/fold4/base/pred/bio.csv,results/pivot/e4_gt_fundusavseg.csv,"per outer fold: 1.4826*MAD of the reference-mask biomarkers of that fold's 80 TRAINING images, applied to its 20 held-out images (results/pivot/e4_gt_fundusavseg.csv); no Gate A train scale exists for Fundus-AVSeg (DECISIONS 2026-09-17 13:30 (4))"
fundusavseg,fundusavseg,leave_out_fold4,continued,baseline,context,oof minus fold 4,last,density,skan,80,0,-0.0005954938064099968,,,0.11419987904139776,,False,point estimate on the other four folds,runs/pivot/e4/fold0/continued_s2/pred/bio.csv;runs/pivot/e4/fold1/continued_s2/pred/bio.csv;runs/pivot/e4/fold2/continued_s2/pred/bio.csv;runs/pivot/e4/fold3/continued_s2/pred/bio.csv;runs/pivot/e4/fold4/continued_s2/pred/bio.csv,runs/pivot/e4/fold0/base/pred/bio.csv;runs/pivot/e4/fold1/base/pred/bio.csv;runs/pivot/e4/fold2/base/pred/bio.csv;runs/pivot/e4/fold3/base/pred/bio.csv;runs/pivot/e4/fold4/base/pred/bio.csv,results/pivot/e4_gt_fundusavseg.csv,"per outer fold: 1.4826*MAD of the reference-mask biomarkers of that fold's 80 TRAINING images, applied to its 20 held-out images (results/pivot/e4_gt_fundusavseg.csv); no Gate A train scale exists for Fundus-AVSeg (DECISIONS 2026-09-17 13:30 (4))"
fundusavseg,fundusavseg,oof_pooled,reliseg,continued,primary,oof(5 folds),last,total_length,pvbm,100,2000,-1.216305138873608e-05,-0.0017587836734039325,0.002237054262380803,0.28921225685132074,,False,"paired bootstrap, 2000 resamples drawn WITHIN each outer fold (fold structure preserved); the interval is conditional on the fixed folds and the fitted models",runs/pivot/e4/fold0/reliseg_s2/pred/bio.csv;runs/pivot/e4/fold1/reliseg_s2/pred/bio.csv;runs/pivot/e4/fold2/reliseg_s2/pred/bio.csv;runs/pivot/e4/fold3/reliseg_s2/pred/bio.csv;runs/pivot/e4/fold4/reliseg_s2/pred/bio.csv,runs/pivot/e4/fold0/continued_s2/pred/bio.csv;runs/pivot/e4/fold1/continued_s2/pred/bio.csv;runs/pivot/e4/fold2/continued_s2/pred/bio.csv;runs/pivot/e4/fold3/continued_s2/pred/bio.csv;runs/pivot/e4/fold4/continued_s2/pred/bio.csv,results/pivot/e4_gt_fundusavseg.csv,"per outer fold: 1.4826*MAD of the reference-mask biomarkers of that fold's 80 TRAINING images, applied to its 20 held-out images (results/pivot/e4_gt_fundusavseg.csv); no Gate A train scale exists for Fundus-AVSeg (DECISIONS 2026-09-17 13:30 (4))"
fundusavseg,fundusavseg,leave_out_fold0,reliseg,continued,primary,oof minus fold 0,last,total_length,pvbm,80,0,0.00014846876238672202,,,0.319627192609239,,False,point estimate on the other four folds,runs/pivot/e4/fold0/reliseg_s2/pred/bio.csv;runs/pivot/e4/fold1/reliseg_s2/pred/bio.csv;runs/pivot/e4/fold2/reliseg_s2/pred/bio.csv;runs/pivot/e4/fold3/reliseg_s2/pred/bio.csv;runs/pivot/e4/fold4/reliseg_s2/pred/bio.csv,runs/pivot/e4/fold0/continued_s2/pred/bio.csv;runs/pivot/e4/fold1/continued_s2/pred/bio.csv;runs/pivot/e4/fold2/continued_s2/pred/bio.csv;runs/pivot/e4/fold3/continued_s2/pred/bio.csv;runs/pivot/e4/fold4/continued_s2/pred/bio.csv,results/pivot/e4_gt_fundusavseg.csv,"per outer fold: 1.4826*MAD of the reference-mask biomarkers of that fold's 80 TRAINING images, applied to its 20 held-out images (results/pivot/e4_gt_fundusavseg.csv); no Gate A train scale exists for Fundus-AVSeg (DECISIONS 2026-09-17 13:30 (4))"
fundusavseg,fundusavseg,leave_out_fold1,reliseg,continued,primary,oof minus fold 1,last,total_length,pvbm,80,0,0.0007792270041778737,,,0.2862770345725141,,False,point estimate on the other four folds,runs/pivot/e4/fold0/reliseg_s2/pred/bio.csv;runs/pivot/e4/fold1/reliseg_s2/pred/bio.csv;runs/pivot/e4/fold2/reliseg_s2/pred/bio.csv;runs/pivot/e4/fold3/reliseg_s2/pred/bio.csv;runs/pivot/e4/fold4/reliseg_s2/pred/bio.csv,runs/pivot/e4/fold0/continued_s2/pred/bio.csv;runs/pivot/e4/fold1/continued_s2/pred/bio.csv;runs/pivot/e4/fold2/continued_s2/pred/bio.csv;runs/pivot/e4/fold3/continued_s2/pred/bio.csv;runs/pivot/e4/fold4/continued_s2/pred/bio.csv,results/pivot/e4_gt_fundusavseg.csv,"per outer fold: 1.4826*MAD of the reference-mask biomarkers of that fold's 80 TRAINING images, applied to its 20 held-out images (results/pivot/e4_gt_fundusavseg.csv); no Gate A train scale exists for Fundus-AVSeg (DECISIONS 2026-09-17 13:30 (4))"
fundusavseg,fundusavseg,leave_out_fold2,reliseg,continued,primary,oof minus fold 2,last,total_length,pvbm,80,0,-0.0011308158531808665,,,0.28924071311555216,,False,point estimate on the other four folds,runs/pivot/e4/fold0/reliseg_s2/pred/bio.csv;runs/pivot/e4/fold1/reliseg_s2/pred/bio.csv;runs/pivot/e4/fold2/reliseg_s2/pred/bio.csv;runs/pivot/e4/fold3/reliseg_s2/pred/bio.csv;runs/pivot/e4/fold4/reliseg_s2/pred/bio.csv,runs/pivot/e4/fold0/continued_s2/pred/bio.csv;runs/pivot/e4/fold1/continued_s2/pred/bio.csv;runs/pivot/e4/fold2/continued_s2/pred/bio.csv;runs/pivot/e4/fold3/continued_s2/pred/bio.csv;runs/pivot/e4/fold4/continued_s2/pred/bio.csv,results/pivot/e4_gt_fundusavseg.csv,"per outer fold: 1.4826*MAD of the reference-mask biomarkers of that fold's 80 TRAINING images, applied to its 20 held-out images (results/pivot/e4_gt_fundusavseg.csv); no Gate A train scale exists for Fundus-AVSeg (DECISIONS 2026-09-17 13:30 (4))"
fundusavseg,fundusavseg,leave_out_fold3,reliseg,continued,primary,oof minus fold 3,last,total_length,pvbm,80,0,-0.00012059955186383142,,,0.2775890421869849,,False,point estimate on the other four folds,runs/pivot/e4/fold0/reliseg_s2/pred/bio.csv;runs/pivot/e4/fold1/reliseg_s2/pred/bio.csv;runs/pivot/e4/fold2/reliseg_s2/pred/bio.csv;runs/pivot/e4/fold3/reliseg_s2/pred/bio.csv;runs/pivot/e4/fold4/reliseg_s2/pred/bio.csv,runs/pivot/e4/fold0/continued_s2/pred/bio.csv;runs/pivot/e4/fold1/continued_s2/pred/bio.csv;runs/pivot/e4/fold2/continued_s2/pred/bio.csv;runs/pivot/e4/fold3/continued_s2/pred/bio.csv;runs/pivot/e4/fold4/continued_s2/pred/bio.csv,results/pivot/e4_gt_fundusavseg.csv,"per outer fold: 1.4826*MAD of the reference-mask biomarkers of that fold's 80 TRAINING images, applied to its 20 held-out images (results/pivot/e4_gt_fundusavseg.csv); no Gate A train scale exists for Fundus-AVSeg (DECISIONS 2026-09-17 13:30 (4))"
fundusavseg,fundusavseg,leave_out_fold4,reliseg,continued,primary,oof minus fold 4,last,total_length,pvbm,80,0,0.0005285950789162275,,,0.27332730177231346,,False,point estimate on the other four folds,runs/pivot/e4/fold0/reliseg_s2/pred/bio.csv;runs/pivot/e4/fold1/reliseg_s2/pred/bio.csv;runs/pivot/e4/fold2/reliseg_s2/pred/bio.csv;runs/pivot/e4/fold3/reliseg_s2/pred/bio.csv;runs/pivot/e4/fold4/reliseg_s2/pred/bio.csv,runs/pivot/e4/fold0/continued_s2/pred/bio.csv;runs/pivot/e4/fold1/continued_s2/pred/bio.csv;runs/pivot/e4/fold2/continued_s2/pred/bio.csv;runs/pivot/e4/fold3/continued_s2/pred/bio.csv;runs/pivot/e4/fold4/continued_s2/pred/bio.csv,results/pivot/e4_gt_fundusavseg.csv,"per outer fold: 1.4826*MAD of the reference-mask biomarkers of that fold's 80 TRAINING images, applied to its 20 held-out images (results/pivot/e4_gt_fundusavseg.csv); no Gate A train scale exists for Fundus-AVSeg (DECISIONS 2026-09-17 13:30 (4))"
fundusavseg,fundusavseg,oof_pooled,reliseg,baseline,secondary,oof(5 folds),last,total_length,pvbm,100,2000,-0.00010237109775435016,-0.0021262248860282216,0.0025678965896672474,0.342810590566378,,False,"paired bootstrap, 2000 resamples drawn WITHIN each outer fold (fold structure preserved); the interval is conditional on the fixed folds and the fitted models",runs/pivot/e4/fold0/reliseg_s2/pred/bio.csv;runs/pivot/e4/fold1/reliseg_s2/pred/bio.csv;runs/pivot/e4/fold2/reliseg_s2/pred/bio.csv;runs/pivot/e4/fold3/reliseg_s2/pred/bio.csv;runs/pivot/e4/fold4/reliseg_s2/pred/bio.csv,runs/pivot/e4/fold0/base/pred/bio.csv;runs/pivot/e4/fold1/base/pred/bio.csv;runs/pivot/e4/fold2/base/pred/bio.csv;runs/pivot/e4/fold3/base/pred/bio.csv;runs/pivot/e4/fold4/base/pred/bio.csv,results/pivot/e4_gt_fundusavseg.csv,"per outer fold: 1.4826*MAD of the reference-mask biomarkers of that fold's 80 TRAINING images, applied to its 20 held-out images (results/pivot/e4_gt_fundusavseg.csv); no Gate A train scale exists for Fundus-AVSeg (DECISIONS 2026-09-17 13:30 (4))"
fundusavseg,fundusavseg,leave_out_fold0,reliseg,baseline,secondary,oof minus fold 0,last,total_length,pvbm,80,0,0.0002159353258646135,,,0.3943662985802806,,False,point estimate on the other four folds,runs/pivot/e4/fold0/reliseg_s2/pred/bio.csv;runs/pivot/e4/fold1/reliseg_s2/pred/bio.csv;runs/pivot/e4/fold2/reliseg_s2/pred/bio.csv;runs/pivot/e4/fold3/reliseg_s2/pred/bio.csv;runs/pivot/e4/fold4/reliseg_s2/pred/bio.csv,runs/pivot/e4/fold0/base/pred/bio.csv;runs/pivot/e4/fold1/base/pred/bio.csv;runs/pivot/e4/fold2/base/pred/bio.csv;runs/pivot/e4/fold3/base/pred/bio.csv;runs/pivot/e4/fold4/base/pred/bio.csv,results/pivot/e4_gt_fundusavseg.csv,"per outer fold: 1.4826*MAD of the reference-mask biomarkers of that fold's 80 TRAINING images, applied to its 20 held-out images (results/pivot/e4_gt_fundusavseg.csv); no Gate A train scale exists for Fundus-AVSeg (DECISIONS 2026-09-17 13:30 (4))"
fundusavseg,fundusavseg,leave_out_fold1,reliseg,baseline,secondary,oof minus fold 1,last,total_length,pvbm,80,0,0.00031984375650273567,,,0.33767986907145797,,False,point estimate on the other four folds,runs/pivot/e4/fold0/reliseg_s2/pred/bio.csv;runs/pivot/e4/fold1/reliseg_s2/pred/bio.csv;runs/pivot/e4/fold2/reliseg_s2/pred/bio.csv;runs/pivot/e4/fold3/reliseg_s2/pred/bio.csv;runs/pivot/e4/fold4/reliseg_s2/pred/bio.csv,runs/pivot/e4/fold0/base/pred/bio.csv;runs/pivot/e4/fold1/base/pred/bio.csv;runs/pivot/e4/fold2/base/pred/bio.csv;runs/pivot/e4/fold3/base/pred/bio.csv;runs/pivot/e4/fold4/base/pred/bio.csv,results/pivot/e4_gt_fundusavseg.csv,"per outer fold: 1.4826*MAD of the reference-mask biomarkers of that fold's 80 TRAINING images, applied to its 20 held-out images (results/pivot/e4_gt_fundusavseg.csv); no Gate A train scale exists for Fundus-AVSeg (DECISIONS 2026-09-17 13:30 (4))"
fundusavseg,fundusavseg,leave_out_fold2,reliseg,baseline,secondary,oof minus fold 2,last,total_length,pvbm,80,0,-0.0010912466036524515,,,0.32779282546989275,,False,point estimate on the other four folds,runs/pivot/e4/fold0/reliseg_s2/pred/bio.csv;runs/pivot/e4/fold1/reliseg_s2/pred/bio.csv;runs/pivot/e4/fold2/reliseg_s2/pred/bio.csv;runs/pivot/e4/fold3/reliseg_s2/pred/bio.csv;runs/pivot/e4/fold4/reliseg_s2/pred/bio.csv,runs/pivot/e4/fold0/base/pred/bio.csv;runs/pivot/e4/fold1/base/pred/bio.csv;runs/pivot/e4/fold2/base/pred/bio.csv;runs/pivot/e4/fold3/base/pred/bio.csv;runs/pivot/e4/fold4/base/pred/bio.csv,results/pivot/e4_gt_fundusavseg.csv,"per outer fold: 1.4826*MAD of the reference-mask biomarkers of that fold's 80 TRAINING images, applied to its 20 held-out images (results/pivot/e4_gt_fundusavseg.csv); no Gate A train scale exists for Fundus-AVSeg (DECISIONS 2026-09-17 13:30 (4))"
fundusavseg,fundusavseg,leave_out_fold3,reliseg,baseline,secondary,oof minus fold 3,last,total_length,pvbm,80,0,0.0002218243337519521,,,0.3389020435356376,,False,point estimate on the other four folds,runs/pivot/e4/fold0/reliseg_s2/pred/bio.csv;runs/pivot/e4/fold1/reliseg_s2/pred/bio.csv;runs/pivot/e4/fold2/reliseg_s2/pred/bio.csv;runs/pivot/e4/fold3/reliseg_s2/pred/bio.csv;runs/pivot/e4/fold4/reliseg_s2/pred/bio.csv,runs/pivot/e4/fold0/base/pred/bio.csv;runs/pivot/e4/fold1/base/pred/bio.csv;runs/pivot/e4/fold2/base/pred/bio.csv;runs/pivot/e4/fold3/base/pred/bio.csv;runs/pivot/e4/fold4/base/pred/bio.csv,results/pivot/e4_gt_fundusavseg.csv,"per outer fold: 1.4826*MAD of the reference-mask biomarkers of that fold's 80 TRAINING images, applied to its 20 held-out images (results/pivot/e4_gt_fundusavseg.csv); no Gate A train scale exists for Fundus-AVSeg (DECISIONS 2026-09-17 13:30 (4))"
fundusavseg,fundusavseg,leave_out_fold4,reliseg,baseline,secondary,oof minus fold 4,last,total_length,pvbm,80,0,0.00022975003627034862,,,0.31531191617462184,,False,point estimate on the other four folds,runs/pivot/e4/fold0/reliseg_s2/pred/bio.csv;runs/pivot/e4/fold1/reliseg_s2/pred/bio.csv;runs/pivot/e4/fold2/reliseg_s2/pred/bio.csv;runs/pivot/e4/fold3/reliseg_s2/pred/bio.csv;runs/pivot/e4/fold4/reliseg_s2/pred/bio.csv,runs/pivot/e4/fold0/base/pred/bio.csv;runs/pivot/e4/fold1/base/pred/bio.csv;runs/pivot/e4/fold2/base/pred/bio.csv;runs/pivot/e4/fold3/base/pred/bio.csv;runs/pivot/e4/fold4/base/pred/bio.csv,results/pivot/e4_gt_fundusavseg.csv,"per outer fold: 1.4826*MAD of the reference-mask biomarkers of that fold's 80 TRAINING images, applied to its 20 held-out images (results/pivot/e4_gt_fundusavseg.csv); no Gate A train scale exists for Fundus-AVSeg (DECISIONS 2026-09-17 13:30 (4))"
fundusavseg,fundusavseg,oof_pooled,continued,baseline,context,oof(5 folds),last,total_length,pvbm,100,2000,-9.020804636561408e-05,-0.0012438784839304607,0.0010861882854062877,0.05359833371505729,,False,"paired bootstrap, 2000 resamples drawn WITHIN each outer fold (fold structure preserved); the interval is conditional on the fixed folds and the fitted models",runs/pivot/e4/fold0/continued_s2/pred/bio.csv;runs/pivot/e4/fold1/continued_s2/pred/bio.csv;runs/pivot/e4/fold2/continued_s2/pred/bio.csv;runs/pivot/e4/fold3/continued_s2/pred/bio.csv;runs/pivot/e4/fold4/continued_s2/pred/bio.csv,runs/pivot/e4/fold0/base/pred/bio.csv;runs/pivot/e4/fold1/base/pred/bio.csv;runs/pivot/e4/fold2/base/pred/bio.csv;runs/pivot/e4/fold3/base/pred/bio.csv;runs/pivot/e4/fold4/base/pred/bio.csv,results/pivot/e4_gt_fundusavseg.csv,"per outer fold: 1.4826*MAD of the reference-mask biomarkers of that fold's 80 TRAINING images, applied to its 20 held-out images (results/pivot/e4_gt_fundusavseg.csv); no Gate A train scale exists for Fundus-AVSeg (DECISIONS 2026-09-17 13:30 (4))"
fundusavseg,fundusavseg,leave_out_fold0,continued,baseline,context,oof minus fold 0,last,total_length,pvbm,80,0,6.746656347789148e-05,,,0.07473910597104161,,False,point estimate on the other four folds,runs/pivot/e4/fold0/continued_s2/pred/bio.csv;runs/pivot/e4/fold1/continued_s2/pred/bio.csv;runs/pivot/e4/fold2/continued_s2/pred/bio.csv;runs/pivot/e4/fold3/continued_s2/pred/bio.csv;runs/pivot/e4/fold4/continued_s2/pred/bio.csv,runs/pivot/e4/fold0/base/pred/bio.csv;runs/pivot/e4/fold1/base/pred/bio.csv;runs/pivot/e4/fold2/base/pred/bio.csv;runs/pivot/e4/fold3/base/pred/bio.csv;runs/pivot/e4/fold4/base/pred/bio.csv,results/pivot/e4_gt_fundusavseg.csv,"per outer fold: 1.4826*MAD of the reference-mask biomarkers of that fold's 80 TRAINING images, applied to its 20 held-out images (results/pivot/e4_gt_fundusavseg.csv); no Gate A train scale exists for Fundus-AVSeg (DECISIONS 2026-09-17 13:30 (4))"
fundusavseg,fundusavseg,leave_out_fold1,continued,baseline,context,oof minus fold 1,last,total_length,pvbm,80,0,-0.00045938324767513805,,,0.05140283449894395,,False,point estimate on the other four folds,runs/pivot/e4/fold0/continued_s2/pred/bio.csv;runs/pivot/e4/fold1/continued_s2/pred/bio.csv;runs/pivot/e4/fold2/continued_s2/pred/bio.csv;runs/pivot/e4/fold3/continued_s2/pred/bio.csv;runs/pivot/e4/fold4/continued_s2/pred/bio.csv,runs/pivot/e4/fold0/base/pred/bio.csv;runs/pivot/e4/fold1/base/pred/bio.csv;runs/pivot/e4/fold2/base/pred/bio.csv;runs/pivot/e4/fold3/base/pred/bio.csv;runs/pivot/e4/fold4/base/pred/bio.csv,results/pivot/e4_gt_fundusavseg.csv,"per outer fold: 1.4826*MAD of the reference-mask biomarkers of that fold's 80 TRAINING images, applied to its 20 held-out images (results/pivot/e4_gt_fundusavseg.csv); no Gate A train scale exists for Fundus-AVSeg (DECISIONS 2026-09-17 13:30 (4))"
fundusavseg,fundusavseg,leave_out_fold2,continued,baseline,context,oof minus fold 2,last,total_length,pvbm,80,0,3.956924952841501e-05,,,0.038552112354340584,,False,point estimate on the other four folds,runs/pivot/e4/fold0/continued_s2/pred/bio.csv;runs/pivot/e4/fold1/continued_s2/pred/bio.csv;runs/pivot/e4/fold2/continued_s2/pred/bio.csv;runs/pivot/e4/fold3/continued_s2/pred/bio.csv;runs/pivot/e4/fold4/continued_s2/pred/bio.csv,runs/pivot/e4/fold0/base/pred/bio.csv;runs/pivot/e4/fold1/base/pred/bio.csv;runs/pivot/e4/fold2/base/pred/bio.csv;runs/pivot/e4/fold3/base/pred/bio.csv;runs/pivot/e4/fold4/base/pred/bio.csv,results/pivot/e4_gt_fundusavseg.csv,"per outer fold: 1.4826*MAD of the reference-mask biomarkers of that fold's 80 TRAINING images, applied to its 20 held-out images (results/pivot/e4_gt_fundusavseg.csv); no Gate A train scale exists for Fundus-AVSeg (DECISIONS 2026-09-17 13:30 (4))"
fundusavseg,fundusavseg,leave_out_fold3,continued,baseline,context,oof minus fold 3,last,total_length,pvbm,80,0,0.0003424238856157835,,,0.061313001348652696,,False,point estimate on the other four folds,runs/pivot/e4/fold0/continued_s2/pred/bio.csv;runs/pivot/e4/fold1/continued_s2/pred/bio.csv;runs/pivot/e4/fold2/continued_s2/pred/bio.csv;runs/pivot/e4/fold3/continued_s2/pred/bio.csv;runs/pivot/e4/fold4/continued_s2/pred/bio.csv,runs/pivot/e4/fold0/base/pred/bio.csv;runs/pivot/e4/fold1/base/pred/bio.csv;runs/pivot/e4/fold2/base/pred/bio.csv;runs/pivot/e4/fold3/base/pred/bio.csv;runs/pivot/e4/fold4/base/pred/bio.csv,results/pivot/e4_gt_fundusavseg.csv,"per outer fold: 1.4826*MAD of the reference-mask biomarkers of that fold's 80 TRAINING images, applied to its 20 held-out images (results/pivot/e4_gt_fundusavseg.csv); no Gate A train scale exists for Fundus-AVSeg (DECISIONS 2026-09-17 13:30 (4))"
fundusavseg,fundusavseg,leave_out_fold4,continued,baseline,context,oof minus fold 4,last,total_length,pvbm,80,0,-0.00029884504264587886,,,0.04198461440230833,,False,point estimate on the other four folds,runs/pivot/e4/fold0/continued_s2/pred/bio.csv;runs/pivot/e4/fold1/continued_s2/pred/bio.csv;runs/pivot/e4/fold2/continued_s2/pred/bio.csv;runs/pivot/e4/fold3/continued_s2/pred/bio.csv;runs/pivot/e4/fold4/continued_s2/pred/bio.csv,runs/pivot/e4/fold0/base/pred/bio.csv;runs/pivot/e4/fold1/base/pred/bio.csv;runs/pivot/e4/fold2/base/pred/bio.csv;runs/pivot/e4/fold3/base/pred/bio.csv;runs/pivot/e4/fold4/base/pred/bio.csv,results/pivot/e4_gt_fundusavseg.csv,"per outer fold: 1.4826*MAD of the reference-mask biomarkers of that fold's 80 TRAINING images, applied to its 20 held-out images (results/pivot/e4_gt_fundusavseg.csv); no Gate A train scale exists for Fundus-AVSeg (DECISIONS 2026-09-17 13:30 (4))"
fundusavseg,fundusavseg,oof_pooled,reliseg,continued,primary,oof(5 folds),last,total_length,skan,100,2000,-0.0005521935515557796,-0.002789095409916334,0.0019513587528071886,0.4520090399953312,0.916,True,"paired bootstrap, 2000 resamples drawn WITHIN each outer fold (fold structure preserved); the interval is conditional on the fixed folds and the fitted models",runs/pivot/e4/fold0/reliseg_s2/pred/bio.csv;runs/pivot/e4/fold1/reliseg_s2/pred/bio.csv;runs/pivot/e4/fold2/reliseg_s2/pred/bio.csv;runs/pivot/e4/fold3/reliseg_s2/pred/bio.csv;runs/pivot/e4/fold4/reliseg_s2/pred/bio.csv,runs/pivot/e4/fold0/continued_s2/pred/bio.csv;runs/pivot/e4/fold1/continued_s2/pred/bio.csv;runs/pivot/e4/fold2/continued_s2/pred/bio.csv;runs/pivot/e4/fold3/continued_s2/pred/bio.csv;runs/pivot/e4/fold4/continued_s2/pred/bio.csv,results/pivot/e4_gt_fundusavseg.csv,"per outer fold: 1.4826*MAD of the reference-mask biomarkers of that fold's 80 TRAINING images, applied to its 20 held-out images (results/pivot/e4_gt_fundusavseg.csv); no Gate A train scale exists for Fundus-AVSeg (DECISIONS 2026-09-17 13:30 (4))"
fundusavseg,fundusavseg,leave_out_fold0,reliseg,continued,primary,oof minus fold 0,last,total_length,skan,80,0,-0.00048740684263459677,,,0.49698419295336266,,False,point estimate on the other four folds,runs/pivot/e4/fold0/reliseg_s2/pred/bio.csv;runs/pivot/e4/fold1/reliseg_s2/pred/bio.csv;runs/pivot/e4/fold2/reliseg_s2/pred/bio.csv;runs/pivot/e4/fold3/reliseg_s2/pred/bio.csv;runs/pivot/e4/fold4/reliseg_s2/pred/bio.csv,runs/pivot/e4/fold0/continued_s2/pred/bio.csv;runs/pivot/e4/fold1/continued_s2/pred/bio.csv;runs/pivot/e4/fold2/continued_s2/pred/bio.csv;runs/pivot/e4/fold3/continued_s2/pred/bio.csv;runs/pivot/e4/fold4/continued_s2/pred/bio.csv,results/pivot/e4_gt_fundusavseg.csv,"per outer fold: 1.4826*MAD of the reference-mask biomarkers of that fold's 80 TRAINING images, applied to its 20 held-out images (results/pivot/e4_gt_fundusavseg.csv); no Gate A train scale exists for Fundus-AVSeg (DECISIONS 2026-09-17 13:30 (4))"
fundusavseg,fundusavseg,leave_out_fold1,reliseg,continued,primary,oof minus fold 1,last,total_length,skan,80,0,0.00043250678686590494,,,0.4479301625102149,,False,point estimate on the other four folds,runs/pivot/e4/fold0/reliseg_s2/pred/bio.csv;runs/pivot/e4/fold1/reliseg_s2/pred/bio.csv;runs/pivot/e4/fold2/reliseg_s2/pred/bio.csv;runs/pivot/e4/fold3/reliseg_s2/pred/bio.csv;runs/pivot/e4/fold4/reliseg_s2/pred/bio.csv,runs/pivot/e4/fold0/continued_s2/pred/bio.csv;runs/pivot/e4/fold1/continued_s2/pred/bio.csv;runs/pivot/e4/fold2/continued_s2/pred/bio.csv;runs/pivot/e4/fold3/continued_s2/pred/bio.csv;runs/pivot/e4/fold4/continued_s2/pred/bio.csv,results/pivot/e4_gt_fundusavseg.csv,"per outer fold: 1.4826*MAD of the reference-mask biomarkers of that fold's 80 TRAINING images, applied to its 20 held-out images (results/pivot/e4_gt_fundusavseg.csv); no Gate A train scale exists for Fundus-AVSeg (DECISIONS 2026-09-17 13:30 (4))"
fundusavseg,fundusavseg,leave_out_fold2,reliseg,continued,primary,oof minus fold 2,last,total_length,skan,80,0,-0.0019416331650010665,,,0.45412264199639646,,False,point estimate on the other four folds,runs/pivot/e4/fold0/reliseg_s2/pred/bio.csv;runs/pivot/e4/fold1/reliseg_s2/pred/bio.csv;runs/pivot/e4/fold2/reliseg_s2/pred/bio.csv;runs/pivot/e4/fold3/reliseg_s2/pred/bio.csv;runs/pivot/e4/fold4/reliseg_s2/pred/bio.csv,runs/pivot/e4/fold0/continued_s2/pred/bio.csv;runs/pivot/e4/fold1/continued_s2/pred/bio.csv;runs/pivot/e4/fold2/continued_s2/pred/bio.csv;runs/pivot/e4/fold3/continued_s2/pred/bio.csv;runs/pivot/e4/fold4/continued_s2/pred/bio.csv,results/pivot/e4_gt_fundusavseg.csv,"per outer fold: 1.4826*MAD of the reference-mask biomarkers of that fold's 80 TRAINING images, applied to its 20 held-out images (results/pivot/e4_gt_fundusavseg.csv); no Gate A train scale exists for Fundus-AVSeg (DECISIONS 2026-09-17 13:30 (4))"
fundusavseg,fundusavseg,leave_out_fold3,reliseg,continued,primary,oof minus fold 3,last,total_length,skan,80,0,-0.0004021428807569061,,,0.4392478700742822,,False,point estimate on the other four folds,runs/pivot/e4/fold0/reliseg_s2/pred/bio.csv;runs/pivot/e4/fold1/reliseg_s2/pred/bio.csv;runs/pivot/e4/fold2/reliseg_s2/pred/bio.csv;runs/pivot/e4/fold3/reliseg_s2/pred/bio.csv;runs/pivot/e4/fold4/reliseg_s2/pred/bio.csv,runs/pivot/e4/fold0/continued_s2/pred/bio.csv;runs/pivot/e4/fold1/continued_s2/pred/bio.csv;runs/pivot/e4/fold2/continued_s2/pred/bio.csv;runs/pivot/e4/fold3/continued_s2/pred/bio.csv;runs/pivot/e4/fold4/continued_s2/pred/bio.csv,results/pivot/e4_gt_fundusavseg.csv,"per outer fold: 1.4826*MAD of the reference-mask biomarkers of that fold's 80 TRAINING images, applied to its 20 held-out images (results/pivot/e4_gt_fundusavseg.csv); no Gate A train scale exists for Fundus-AVSeg (DECISIONS 2026-09-17 13:30 (4))"
fundusavseg,fundusavseg,leave_out_fold4,reliseg,continued,primary,oof minus fold 4,last,total_length,skan,80,0,9.973374319305339e-05,,,0.42176033244240035,,False,point estimate on the other four folds,runs/pivot/e4/fold0/reliseg_s2/pred/bio.csv;runs/pivot/e4/fold1/reliseg_s2/pred/bio.csv;runs/pivot/e4/fold2/reliseg_s2/pred/bio.csv;runs/pivot/e4/fold3/reliseg_s2/pred/bio.csv;runs/pivot/e4/fold4/reliseg_s2/pred/bio.csv,runs/pivot/e4/fold0/continued_s2/pred/bio.csv;runs/pivot/e4/fold1/continued_s2/pred/bio.csv;runs/pivot/e4/fold2/continued_s2/pred/bio.csv;runs/pivot/e4/fold3/continued_s2/pred/bio.csv;runs/pivot/e4/fold4/continued_s2/pred/bio.csv,results/pivot/e4_gt_fundusavseg.csv,"per outer fold: 1.4826*MAD of the reference-mask biomarkers of that fold's 80 TRAINING images, applied to its 20 held-out images (results/pivot/e4_gt_fundusavseg.csv); no Gate A train scale exists for Fundus-AVSeg (DECISIONS 2026-09-17 13:30 (4))"
fundusavseg,fundusavseg,oof_pooled,reliseg,baseline,secondary,oof(5 folds),last,total_length,skan,100,2000,-0.0005817563397905179,-0.0026912117900827455,0.002082892050354358,0.483884111381197,,False,"paired bootstrap, 2000 resamples drawn WITHIN each outer fold (fold structure preserved); the interval is conditional on the fixed folds and the fitted models",runs/pivot/e4/fold0/reliseg_s2/pred/bio.csv;runs/pivot/e4/fold1/reliseg_s2/pred/bio.csv;runs/pivot/e4/fold2/reliseg_s2/pred/bio.csv;runs/pivot/e4/fold3/reliseg_s2/pred/bio.csv;runs/pivot/e4/fold4/reliseg_s2/pred/bio.csv,runs/pivot/e4/fold0/base/pred/bio.csv;runs/pivot/e4/fold1/base/pred/bio.csv;runs/pivot/e4/fold2/base/pred/bio.csv;runs/pivot/e4/fold3/base/pred/bio.csv;runs/pivot/e4/fold4/base/pred/bio.csv,results/pivot/e4_gt_fundusavseg.csv,"per outer fold: 1.4826*MAD of the reference-mask biomarkers of that fold's 80 TRAINING images, applied to its 20 held-out images (results/pivot/e4_gt_fundusavseg.csv); no Gate A train scale exists for Fundus-AVSeg (DECISIONS 2026-09-17 13:30 (4))"
fundusavseg,fundusavseg,leave_out_fold0,reliseg,baseline,secondary,oof minus fold 0,last,total_length,skan,80,0,-0.00047107711171545663,,,0.5541126492654371,,False,point estimate on the other four folds,runs/pivot/e4/fold0/reliseg_s2/pred/bio.csv;runs/pivot/e4/fold1/reliseg_s2/pred/bio.csv;runs/pivot/e4/fold2/reliseg_s2/pred/bio.csv;runs/pivot/e4/fold3/reliseg_s2/pred/bio.csv;runs/pivot/e4/fold4/reliseg_s2/pred/bio.csv,runs/pivot/e4/fold0/base/pred/bio.csv;runs/pivot/e4/fold1/base/pred/bio.csv;runs/pivot/e4/fold2/base/pred/bio.csv;runs/pivot/e4/fold3/base/pred/bio.csv;runs/pivot/e4/fold4/base/pred/bio.csv,results/pivot/e4_gt_fundusavseg.csv,"per outer fold: 1.4826*MAD of the reference-mask biomarkers of that fold's 80 TRAINING images, applied to its 20 held-out images (results/pivot/e4_gt_fundusavseg.csv); no Gate A train scale exists for Fundus-AVSeg (DECISIONS 2026-09-17 13:30 (4))"
fundusavseg,fundusavseg,leave_out_fold1,reliseg,baseline,secondary,oof minus fold 1,last,total_length,skan,80,0,-0.00018625562819807318,,,0.46720206970250694,,False,point estimate on the other four folds,runs/pivot/e4/fold0/reliseg_s2/pred/bio.csv;runs/pivot/e4/fold1/reliseg_s2/pred/bio.csv;runs/pivot/e4/fold2/reliseg_s2/pred/bio.csv;runs/pivot/e4/fold3/reliseg_s2/pred/bio.csv;runs/pivot/e4/fold4/reliseg_s2/pred/bio.csv,runs/pivot/e4/fold0/base/pred/bio.csv;runs/pivot/e4/fold1/base/pred/bio.csv;runs/pivot/e4/fold2/base/pred/bio.csv;runs/pivot/e4/fold3/base/pred/bio.csv;runs/pivot/e4/fold4/base/pred/bio.csv,results/pivot/e4_gt_fundusavseg.csv,"per outer fold: 1.4826*MAD of the reference-mask biomarkers of that fold's 80 TRAINING images, applied to its 20 held-out images (results/pivot/e4_gt_fundusavseg.csv); no Gate A train scale exists for Fundus-AVSeg (DECISIONS 2026-09-17 13:30 (4))"
fundusavseg,fundusavseg,leave_out_fold2,reliseg,baseline,secondary,oof minus fold 2,last,total_length,skan,80,0,-0.001697039564281022,,,0.4715304889979843,,False,point estimate on the other four folds,runs/pivot/e4/fold0/reliseg_s2/pred/bio.csv;runs/pivot/e4/fold1/reliseg_s2/pred/bio.csv;runs/pivot/e4/fold2/reliseg_s2/pred/bio.csv;runs/pivot/e4/fold3/reliseg_s2/pred/bio.csv;runs/pivot/e4/fold4/reliseg_s2/pred/bio.csv,runs/pivot/e4/fold0/base/pred/bio.csv;runs/pivot/e4/fold1/base/pred/bio.csv;runs/pivot/e4/fold2/base/pred/bio.csv;runs/pivot/e4/fold3/base/pred/bio.csv;runs/pivot/e4/fold4/base/pred/bio.csv,results/pivot/e4_gt_fundusavseg.csv,"per outer fold: 1.4826*MAD of the reference-mask biomarkers of that fold's 80 TRAINING images, applied to its 20 held-out images (results/pivot/e4_gt_fundusavseg.csv); no Gate A train scale exists for Fundus-AVSeg (DECISIONS 2026-09-17 13:30 (4))"
fundusavseg,fundusavseg,leave_out_fold3,reliseg,baseline,secondary,oof minus fold 3,last,total_length,skan,80,0,-8.371861250389134e-05,,,0.47845352433530436,,False,point estimate on the other four folds,runs/pivot/e4/fold0/reliseg_s2/pred/bio.csv;runs/pivot/e4/fold1/reliseg_s2/pred/bio.csv;runs/pivot/e4/fold2/reliseg_s2/pred/bio.csv;runs/pivot/e4/fold3/reliseg_s2/pred/bio.csv;runs/pivot/e4/fold4/reliseg_s2/pred/bio.csv,runs/pivot/e4/fold0/base/pred/bio.csv;runs/pivot/e4/fold1/base/pred/bio.csv;runs/pivot/e4/fold2/base/pred/bio.csv;runs/pivot/e4/fold3/base/pred/bio.csv;runs/pivot/e4/fold4/base/pred/bio.csv,results/pivot/e4_gt_fundusavseg.csv,"per outer fold: 1.4826*MAD of the reference-mask biomarkers of that fold's 80 TRAINING images, applied to its 20 held-out images (results/pivot/e4_gt_fundusavseg.csv); no Gate A train scale exists for Fundus-AVSeg (DECISIONS 2026-09-17 13:30 (4))"
fundusavseg,fundusavseg,leave_out_fold4,reliseg,baseline,secondary,oof minus fold 4,last,total_length,skan,80,0,-7.393741283223676e-05,,,0.44812182460475286,,False,point estimate on the other four folds,runs/pivot/e4/fold0/reliseg_s2/pred/bio.csv;runs/pivot/e4/fold1/reliseg_s2/pred/bio.csv;runs/pivot/e4/fold2/reliseg_s2/pred/bio.csv;runs/pivot/e4/fold3/reliseg_s2/pred/bio.csv;runs/pivot/e4/fold4/reliseg_s2/pred/bio.csv,runs/pivot/e4/fold0/base/pred/bio.csv;runs/pivot/e4/fold1/base/pred/bio.csv;runs/pivot/e4/fold2/base/pred/bio.csv;runs/pivot/e4/fold3/base/pred/bio.csv;runs/pivot/e4/fold4/base/pred/bio.csv,results/pivot/e4_gt_fundusavseg.csv,"per outer fold: 1.4826*MAD of the reference-mask biomarkers of that fold's 80 TRAINING images, applied to its 20 held-out images (results/pivot/e4_gt_fundusavseg.csv); no Gate A train scale exists for Fundus-AVSeg (DECISIONS 2026-09-17 13:30 (4))"
fundusavseg,fundusavseg,oof_pooled,continued,baseline,context,oof(5 folds),last,total_length,skan,100,2000,-2.9562788234738235e-05,-0.0011786445781525822,0.0011199657770701314,0.031875071385865816,,False,"paired bootstrap, 2000 resamples drawn WITHIN each outer fold (fold structure preserved); the interval is conditional on the fixed folds and the fitted models",runs/pivot/e4/fold0/continued_s2/pred/bio.csv;runs/pivot/e4/fold1/continued_s2/pred/bio.csv;runs/pivot/e4/fold2/continued_s2/pred/bio.csv;runs/pivot/e4/fold3/continued_s2/pred/bio.csv;runs/pivot/e4/fold4/continued_s2/pred/bio.csv,runs/pivot/e4/fold0/base/pred/bio.csv;runs/pivot/e4/fold1/base/pred/bio.csv;runs/pivot/e4/fold2/base/pred/bio.csv;runs/pivot/e4/fold3/base/pred/bio.csv;runs/pivot/e4/fold4/base/pred/bio.csv,results/pivot/e4_gt_fundusavseg.csv,"per outer fold: 1.4826*MAD of the reference-mask biomarkers of that fold's 80 TRAINING images, applied to its 20 held-out images (results/pivot/e4_gt_fundusavseg.csv); no Gate A train scale exists for Fundus-AVSeg (DECISIONS 2026-09-17 13:30 (4))"
fundusavseg,fundusavseg,leave_out_fold0,continued,baseline,context,oof minus fold 0,last,total_length,skan,80,0,1.632973091914014e-05,,,0.05712845631207447,,False,point estimate on the other four folds,runs/pivot/e4/fold0/continued_s2/pred/bio.csv;runs/pivot/e4/fold1/continued_s2/pred/bio.csv;runs/pivot/e4/fold2/continued_s2/pred/bio.csv;runs/pivot/e4/fold3/continued_s2/pred/bio.csv;runs/pivot/e4/fold4/continued_s2/pred/bio.csv,runs/pivot/e4/fold0/base/pred/bio.csv;runs/pivot/e4/fold1/base/pred/bio.csv;runs/pivot/e4/fold2/base/pred/bio.csv;runs/pivot/e4/fold3/base/pred/bio.csv;runs/pivot/e4/fold4/base/pred/bio.csv,results/pivot/e4_gt_fundusavseg.csv,"per outer fold: 1.4826*MAD of the reference-mask biomarkers of that fold's 80 TRAINING images, applied to its 20 held-out images (results/pivot/e4_gt_fundusavseg.csv); no Gate A train scale exists for Fundus-AVSeg (DECISIONS 2026-09-17 13:30 (4))"
fundusavseg,fundusavseg,leave_out_fold1,continued,baseline,context,oof minus fold 1,last,total_length,skan,80,0,-0.0006187624150639781,,,0.019271907192292048,,False,point estimate on the other four folds,runs/pivot/e4/fold0/continued_s2/pred/bio.csv;runs/pivot/e4/fold1/continued_s2/pred/bio.csv;runs/pivot/e4/fold2/continued_s2/pred/bio.csv;runs/pivot/e4/fold3/continued_s2/pred/bio.csv;runs/pivot/e4/fold4/continued_s2/pred/bio.csv,runs/pivot/e4/fold0/base/pred/bio.csv;runs/pivot/e4/fold1/base/pred/bio.csv;runs/pivot/e4/fold2/base/pred/bio.csv;runs/pivot/e4/fold3/base/pred/bio.csv;runs/pivot/e4/fold4/base/pred/bio.csv,results/pivot/e4_gt_fundusavseg.csv,"per outer fold: 1.4826*MAD of the reference-mask biomarkers of that fold's 80 TRAINING images, applied to its 20 held-out images (results/pivot/e4_gt_fundusavseg.csv); no Gate A train scale exists for Fundus-AVSeg (DECISIONS 2026-09-17 13:30 (4))"
fundusavseg,fundusavseg,leave_out_fold2,continued,baseline,context,oof minus fold 2,last,total_length,skan,80,0,0.00024459360072004444,,,0.017407847001587817,,False,point estimate on the other four folds,runs/pivot/e4/fold0/continued_s2/pred/bio.csv;runs/pivot/e4/fold1/continued_s2/pred/bio.csv;runs/pivot/e4/fold2/continued_s2/pred/bio.csv;runs/pivot/e4/fold3/continued_s2/pred/bio.csv;runs/pivot/e4/fold4/continued_s2/pred/bio.csv,runs/pivot/e4/fold0/base/pred/bio.csv;runs/pivot/e4/fold1/base/pred/bio.csv;runs/pivot/e4/fold2/base/pred/bio.csv;runs/pivot/e4/fold3/base/pred/bio.csv;runs/pivot/e4/fold4/base/pred/bio.csv,results/pivot/e4_gt_fundusavseg.csv,"per outer fold: 1.4826*MAD of the reference-mask biomarkers of that fold's 80 TRAINING images, applied to its 20 held-out images (results/pivot/e4_gt_fundusavseg.csv); no Gate A train scale exists for Fundus-AVSeg (DECISIONS 2026-09-17 13:30 (4))"
fundusavseg,fundusavseg,leave_out_fold3,continued,baseline,context,oof minus fold 3,last,total_length,skan,80,0,0.00031842426825301473,,,0.03920565426102218,,False,point estimate on the other four folds,runs/pivot/e4/fold0/continued_s2/pred/bio.csv;runs/pivot/e4/fold1/continued_s2/pred/bio.csv;runs/pivot/e4/fold2/continued_s2/pred/bio.csv;runs/pivot/e4/fold3/continued_s2/pred/bio.csv;runs/pivot/e4/fold4/continued_s2/pred/bio.csv,runs/pivot/e4/fold0/base/pred/bio.csv;runs/pivot/e4/fold1/base/pred/bio.csv;runs/pivot/e4/fold2/base/pred/bio.csv;runs/pivot/e4/fold3/base/pred/bio.csv;runs/pivot/e4/fold4/base/pred/bio.csv,results/pivot/e4_gt_fundusavseg.csv,"per outer fold: 1.4826*MAD of the reference-mask biomarkers of that fold's 80 TRAINING images, applied to its 20 held-out images (results/pivot/e4_gt_fundusavseg.csv); no Gate A train scale exists for Fundus-AVSeg (DECISIONS 2026-09-17 13:30 (4))"
fundusavseg,fundusavseg,leave_out_fold4,continued,baseline,context,oof minus fold 4,last,total_length,skan,80,0,-0.00017367115602529015,,,0.026361492162352507,,False,point estimate on the other four folds,runs/pivot/e4/fold0/continued_s2/pred/bio.csv;runs/pivot/e4/fold1/continued_s2/pred/bio.csv;runs/pivot/e4/fold2/continued_s2/pred/bio.csv;runs/pivot/e4/fold3/continued_s2/pred/bio.csv;runs/pivot/e4/fold4/continued_s2/pred/bio.csv,runs/pivot/e4/fold0/base/pred/bio.csv;runs/pivot/e4/fold1/base/pred/bio.csv;runs/pivot/e4/fold2/base/pred/bio.csv;runs/pivot/e4/fold3/base/pred/bio.csv;runs/pivot/e4/fold4/base/pred/bio.csv,results/pivot/e4_gt_fundusavseg.csv,"per outer fold: 1.4826*MAD of the reference-mask biomarkers of that fold's 80 TRAINING images, applied to its 20 held-out images (results/pivot/e4_gt_fundusavseg.csv); no Gate A train scale exists for Fundus-AVSeg (DECISIONS 2026-09-17 13:30 (4))"
