scope,fold,n,sigma,r_pearson,r_spearman,bias_const_sigma,resid_sd_sigma,mae_sigma,dataset,config,checkpoint,biomarker,pipeline,pred_path,gt_path,sigma_source
oof_pooled,all,100,per-fold,0.9296811640911118,0.9279055742783265,-0.09291234286119168,0.4131438989287022,0.30553224752938757,fundusavseg,baseline,base_best,FD,pvbm,runs/pivot/e4/fold0/base/pred/bio.csv;runs/pivot/e4/fold1/base/pred/bio.csv;runs/pivot/e4/fold2/base/pred/bio.csv;runs/pivot/e4/fold3/base/pred/bio.csv;runs/pivot/e4/fold4/base/pred/bio.csv,results/pivot/e4_gt_fundusavseg.csv,"per outer fold: 1.4826*MAD of the reference-mask biomarkers of that fold's 80 TRAINING images, applied to its 20 held-out images (results/pivot/e4_gt_fundusavseg.csv); no Gate A train scale exists for Fundus-AVSeg (DECISIONS 2026-09-17 13:30 (4))"
class_adjusted,all,100,per-fold,0.9327883145870501,0.9316739624223224,,,,fundusavseg,baseline,base_best,FD,pvbm,runs/pivot/e4/fold0/base/pred/bio.csv;runs/pivot/e4/fold1/base/pred/bio.csv;runs/pivot/e4/fold2/base/pred/bio.csv;runs/pivot/e4/fold3/base/pred/bio.csv;runs/pivot/e4/fold4/base/pred/bio.csv,results/pivot/e4_gt_fundusavseg.csv,"per outer fold: 1.4826*MAD of the reference-mask biomarkers of that fold's 80 TRAINING images, applied to its 20 held-out images (results/pivot/e4_gt_fundusavseg.csv); no Gate A train scale exists for Fundus-AVSeg (DECISIONS 2026-09-17 13:30 (4))"
per_fold,0,20,0.018406727292425294,0.9506480200098634,0.9639097744360902,-0.028650083326518645,0.2943595090597554,0.2183510859622116,fundusavseg,baseline,base_best,FD,pvbm,runs/pivot/e4/fold0/base/pred/bio.csv,results/pivot/e4_gt_fundusavseg.csv,"per outer fold: 1.4826*MAD of the reference-mask biomarkers of that fold's 80 TRAINING images, applied to its 20 held-out images (results/pivot/e4_gt_fundusavseg.csv); no Gate A train scale exists for Fundus-AVSeg (DECISIONS 2026-09-17 13:30 (4))"
per_fold,1,20,0.01851585408172609,0.9295791607869524,0.8706766917293233,-0.24643018972076297,0.46777021771805644,0.35850313612653373,fundusavseg,baseline,base_best,FD,pvbm,runs/pivot/e4/fold1/base/pred/bio.csv,results/pivot/e4_gt_fundusavseg.csv,"per outer fold: 1.4826*MAD of the reference-mask biomarkers of that fold's 80 TRAINING images, applied to its 20 held-out images (results/pivot/e4_gt_fundusavseg.csv); no Gate A train scale exists for Fundus-AVSeg (DECISIONS 2026-09-17 13:30 (4))"
per_fold,2,20,0.017454772036716294,0.9574290257213303,0.9593984962406013,-0.13703304512508993,0.41987396079465783,0.31982855896685647,fundusavseg,baseline,base_best,FD,pvbm,runs/pivot/e4/fold2/base/pred/bio.csv,results/pivot/e4_gt_fundusavseg.csv,"per outer fold: 1.4826*MAD of the reference-mask biomarkers of that fold's 80 TRAINING images, applied to its 20 held-out images (results/pivot/e4_gt_fundusavseg.csv); no Gate A train scale exists for Fundus-AVSeg (DECISIONS 2026-09-17 13:30 (4))"
per_fold,3,20,0.01875471044140082,0.9103520562600579,0.8526315789473683,-0.04313376514526056,0.4667688261515547,0.34832311218008694,fundusavseg,baseline,base_best,FD,pvbm,runs/pivot/e4/fold3/base/pred/bio.csv,results/pivot/e4_gt_fundusavseg.csv,"per outer fold: 1.4826*MAD of the reference-mask biomarkers of that fold's 80 TRAINING images, applied to its 20 held-out images (results/pivot/e4_gt_fundusavseg.csv); no Gate A train scale exists for Fundus-AVSeg (DECISIONS 2026-09-17 13:30 (4))"
per_fold,4,20,0.01669015295104639,0.9375294962790383,0.8902255639097743,-0.009314630988326245,0.3854620410374316,0.28265534441124895,fundusavseg,baseline,base_best,FD,pvbm,runs/pivot/e4/fold4/base/pred/bio.csv,results/pivot/e4_gt_fundusavseg.csv,"per outer fold: 1.4826*MAD of the reference-mask biomarkers of that fold's 80 TRAINING images, applied to its 20 held-out images (results/pivot/e4_gt_fundusavseg.csv); no Gate A train scale exists for Fundus-AVSeg (DECISIONS 2026-09-17 13:30 (4))"
oof_pooled,all,100,per-fold,0.9298194993292123,0.9310919024701447,-0.027622839370646687,0.40883068027079783,0.2992688094168797,fundusavseg,continued,last,FD,pvbm,runs/pivot/e4/fold0/continued/pred/bio.csv;runs/pivot/e4/fold1/continued/pred/bio.csv;runs/pivot/e4/fold2/continued/pred/bio.csv;runs/pivot/e4/fold3/continued/pred/bio.csv;runs/pivot/e4/fold4/continued/pred/bio.csv,results/pivot/e4_gt_fundusavseg.csv,"per outer fold: 1.4826*MAD of the reference-mask biomarkers of that fold's 80 TRAINING images, applied to its 20 held-out images (results/pivot/e4_gt_fundusavseg.csv); no Gate A train scale exists for Fundus-AVSeg (DECISIONS 2026-09-17 13:30 (4))"
class_adjusted,all,100,per-fold,0.9329785660766788,0.9334021404246644,,,,fundusavseg,continued,last,FD,pvbm,runs/pivot/e4/fold0/continued/pred/bio.csv;runs/pivot/e4/fold1/continued/pred/bio.csv;runs/pivot/e4/fold2/continued/pred/bio.csv;runs/pivot/e4/fold3/continued/pred/bio.csv;runs/pivot/e4/fold4/continued/pred/bio.csv,results/pivot/e4_gt_fundusavseg.csv,"per outer fold: 1.4826*MAD of the reference-mask biomarkers of that fold's 80 TRAINING images, applied to its 20 held-out images (results/pivot/e4_gt_fundusavseg.csv); no Gate A train scale exists for Fundus-AVSeg (DECISIONS 2026-09-17 13:30 (4))"
per_fold,0,20,0.018406727292425294,0.9528397718856491,0.9518796992481202,-0.03683373874121386,0.291733905305816,0.21148874119542288,fundusavseg,continued,last,FD,pvbm,runs/pivot/e4/fold0/continued/pred/bio.csv,results/pivot/e4_gt_fundusavseg.csv,"per outer fold: 1.4826*MAD of the reference-mask biomarkers of that fold's 80 TRAINING images, applied to its 20 held-out images (results/pivot/e4_gt_fundusavseg.csv); no Gate A train scale exists for Fundus-AVSeg (DECISIONS 2026-09-17 13:30 (4))"
per_fold,1,20,0.01851585408172609,0.9371867342869534,0.8796992481203006,-0.12314945682537493,0.4415981232376334,0.2964087740742157,fundusavseg,continued,last,FD,pvbm,runs/pivot/e4/fold1/continued/pred/bio.csv,results/pivot/e4_gt_fundusavseg.csv,"per outer fold: 1.4826*MAD of the reference-mask biomarkers of that fold's 80 TRAINING images, applied to its 20 held-out images (results/pivot/e4_gt_fundusavseg.csv); no Gate A train scale exists for Fundus-AVSeg (DECISIONS 2026-09-17 13:30 (4))"
per_fold,2,20,0.017454772036716294,0.9431217425065553,0.9578947368421054,-0.03582812000527722,0.4444247648117768,0.3352403914754595,fundusavseg,continued,last,FD,pvbm,runs/pivot/e4/fold2/continued/pred/bio.csv,results/pivot/e4_gt_fundusavseg.csv,"per outer fold: 1.4826*MAD of the reference-mask biomarkers of that fold's 80 TRAINING images, applied to its 20 held-out images (results/pivot/e4_gt_fundusavseg.csv); no Gate A train scale exists for Fundus-AVSeg (DECISIONS 2026-09-17 13:30 (4))"
per_fold,3,20,0.01875471044140082,0.9091359234862152,0.8466165413533834,0.0353680808260297,0.4589073319041861,0.36474484751639236,fundusavseg,continued,last,FD,pvbm,runs/pivot/e4/fold3/continued/pred/bio.csv,results/pivot/e4_gt_fundusavseg.csv,"per outer fold: 1.4826*MAD of the reference-mask biomarkers of that fold's 80 TRAINING images, applied to its 20 held-out images (results/pivot/e4_gt_fundusavseg.csv); no Gate A train scale exists for Fundus-AVSeg (DECISIONS 2026-09-17 13:30 (4))"
per_fold,4,20,0.01669015295104639,0.9283949989119428,0.8992481203007519,0.022329037892602842,0.4075593735532366,0.28846129282290817,fundusavseg,continued,last,FD,pvbm,runs/pivot/e4/fold4/continued/pred/bio.csv,results/pivot/e4_gt_fundusavseg.csv,"per outer fold: 1.4826*MAD of the reference-mask biomarkers of that fold's 80 TRAINING images, applied to its 20 held-out images (results/pivot/e4_gt_fundusavseg.csv); no Gate A train scale exists for Fundus-AVSeg (DECISIONS 2026-09-17 13:30 (4))"
oof_pooled,all,100,per-fold,0.9226056956195886,0.9241431867523944,0.18954074291615086,0.40408816207046927,0.37148722274261287,fundusavseg,reliseg,last,FD,pvbm,runs/pivot/e4/fold0/reliseg/pred/bio.csv;runs/pivot/e4/fold1/reliseg/pred/bio.csv;runs/pivot/e4/fold2/reliseg/pred/bio.csv;runs/pivot/e4/fold3/reliseg/pred/bio.csv;runs/pivot/e4/fold4/reliseg/pred/bio.csv,results/pivot/e4_gt_fundusavseg.csv,"per outer fold: 1.4826*MAD of the reference-mask biomarkers of that fold's 80 TRAINING images, applied to its 20 held-out images (results/pivot/e4_gt_fundusavseg.csv); no Gate A train scale exists for Fundus-AVSeg (DECISIONS 2026-09-17 13:30 (4))"
class_adjusted,all,100,per-fold,0.9255523911698116,0.9271915007287478,,,,fundusavseg,reliseg,last,FD,pvbm,runs/pivot/e4/fold0/reliseg/pred/bio.csv;runs/pivot/e4/fold1/reliseg/pred/bio.csv;runs/pivot/e4/fold2/reliseg/pred/bio.csv;runs/pivot/e4/fold3/reliseg/pred/bio.csv;runs/pivot/e4/fold4/reliseg/pred/bio.csv,results/pivot/e4_gt_fundusavseg.csv,"per outer fold: 1.4826*MAD of the reference-mask biomarkers of that fold's 80 TRAINING images, applied to its 20 held-out images (results/pivot/e4_gt_fundusavseg.csv); no Gate A train scale exists for Fundus-AVSeg (DECISIONS 2026-09-17 13:30 (4))"
per_fold,0,20,0.018406727292425294,0.9434289348515749,0.9548872180451128,0.2033711689266569,0.30573305908693804,0.29589629482317614,fundusavseg,reliseg,last,FD,pvbm,runs/pivot/e4/fold0/reliseg/pred/bio.csv,results/pivot/e4_gt_fundusavseg.csv,"per outer fold: 1.4826*MAD of the reference-mask biomarkers of that fold's 80 TRAINING images, applied to its 20 held-out images (results/pivot/e4_gt_fundusavseg.csv); no Gate A train scale exists for Fundus-AVSeg (DECISIONS 2026-09-17 13:30 (4))"
per_fold,1,20,0.01851585408172609,0.9296523324724703,0.875187969924812,0.06231185080301001,0.426598402337922,0.3387424797565438,fundusavseg,reliseg,last,FD,pvbm,runs/pivot/e4/fold1/reliseg/pred/bio.csv,results/pivot/e4_gt_fundusavseg.csv,"per outer fold: 1.4826*MAD of the reference-mask biomarkers of that fold's 80 TRAINING images, applied to its 20 held-out images (results/pivot/e4_gt_fundusavseg.csv); no Gate A train scale exists for Fundus-AVSeg (DECISIONS 2026-09-17 13:30 (4))"
per_fold,2,20,0.017454772036716294,0.9410507229085604,0.9413533834586465,0.19251715043002723,0.41634061249491283,0.3810453772522492,fundusavseg,reliseg,last,FD,pvbm,runs/pivot/e4/fold2/reliseg/pred/bio.csv,results/pivot/e4_gt_fundusavseg.csv,"per outer fold: 1.4826*MAD of the reference-mask biomarkers of that fold's 80 TRAINING images, applied to its 20 held-out images (results/pivot/e4_gt_fundusavseg.csv); no Gate A train scale exists for Fundus-AVSeg (DECISIONS 2026-09-17 13:30 (4))"
per_fold,3,20,0.01875471044140082,0.9075732196088366,0.8556390977443609,0.2425729740677271,0.4502445640939942,0.44214158149216526,fundusavseg,reliseg,last,FD,pvbm,runs/pivot/e4/fold3/reliseg/pred/bio.csv,results/pivot/e4_gt_fundusavseg.csv,"per outer fold: 1.4826*MAD of the reference-mask biomarkers of that fold's 80 TRAINING images, applied to its 20 held-out images (results/pivot/e4_gt_fundusavseg.csv); no Gate A train scale exists for Fundus-AVSeg (DECISIONS 2026-09-17 13:30 (4))"
per_fold,4,20,0.01669015295104639,0.917681555749387,0.8691729323308269,0.24693057035333302,0.41906646407764825,0.39961038038893,fundusavseg,reliseg,last,FD,pvbm,runs/pivot/e4/fold4/reliseg/pred/bio.csv,results/pivot/e4_gt_fundusavseg.csv,"per outer fold: 1.4826*MAD of the reference-mask biomarkers of that fold's 80 TRAINING images, applied to its 20 held-out images (results/pivot/e4_gt_fundusavseg.csv); no Gate A train scale exists for Fundus-AVSeg (DECISIONS 2026-09-17 13:30 (4))"
oof_pooled,all,100,per-fold,0.9305721382112717,0.9304678381915211,-0.21341081046317126,0.39071060085777404,0.33077109585149844,fundusavseg,cfloss,last,FD,pvbm,runs/pivot/e4/fold0/cfloss/pred/bio.csv;runs/pivot/e4/fold1/cfloss/pred/bio.csv;runs/pivot/e4/fold2/cfloss/pred/bio.csv;runs/pivot/e4/fold3/cfloss/pred/bio.csv;runs/pivot/e4/fold4/cfloss/pred/bio.csv,results/pivot/e4_gt_fundusavseg.csv,"per outer fold: 1.4826*MAD of the reference-mask biomarkers of that fold's 80 TRAINING images, applied to its 20 held-out images (results/pivot/e4_gt_fundusavseg.csv); no Gate A train scale exists for Fundus-AVSeg (DECISIONS 2026-09-17 13:30 (4))"
class_adjusted,all,100,per-fold,0.9334165412673188,0.9326520631667035,,,,fundusavseg,cfloss,last,FD,pvbm,runs/pivot/e4/fold0/cfloss/pred/bio.csv;runs/pivot/e4/fold1/cfloss/pred/bio.csv;runs/pivot/e4/fold2/cfloss/pred/bio.csv;runs/pivot/e4/fold3/cfloss/pred/bio.csv;runs/pivot/e4/fold4/cfloss/pred/bio.csv,results/pivot/e4_gt_fundusavseg.csv,"per outer fold: 1.4826*MAD of the reference-mask biomarkers of that fold's 80 TRAINING images, applied to its 20 held-out images (results/pivot/e4_gt_fundusavseg.csv); no Gate A train scale exists for Fundus-AVSeg (DECISIONS 2026-09-17 13:30 (4))"
per_fold,0,20,0.018406727292425294,0.9464254292110774,0.9593984962406013,-0.24681062626602404,0.3014865622008879,0.28990796625023846,fundusavseg,cfloss,last,FD,pvbm,runs/pivot/e4/fold0/cfloss/pred/bio.csv,results/pivot/e4_gt_fundusavseg.csv,"per outer fold: 1.4826*MAD of the reference-mask biomarkers of that fold's 80 TRAINING images, applied to its 20 held-out images (results/pivot/e4_gt_fundusavseg.csv); no Gate A train scale exists for Fundus-AVSeg (DECISIONS 2026-09-17 13:30 (4))"
per_fold,1,20,0.01851585408172609,0.9388905931779922,0.8947368421052632,-0.31162663248955075,0.41396744798254276,0.3832331903589747,fundusavseg,cfloss,last,FD,pvbm,runs/pivot/e4/fold1/cfloss/pred/bio.csv,results/pivot/e4_gt_fundusavseg.csv,"per outer fold: 1.4826*MAD of the reference-mask biomarkers of that fold's 80 TRAINING images, applied to its 20 held-out images (results/pivot/e4_gt_fundusavseg.csv); no Gate A train scale exists for Fundus-AVSeg (DECISIONS 2026-09-17 13:30 (4))"
per_fold,2,20,0.017454772036716294,0.9580631270305747,0.9518796992481202,-0.21776050029856542,0.40853261621451525,0.34929401726050063,fundusavseg,cfloss,last,FD,pvbm,runs/pivot/e4/fold2/cfloss/pred/bio.csv,results/pivot/e4_gt_fundusavseg.csv,"per outer fold: 1.4826*MAD of the reference-mask biomarkers of that fold's 80 TRAINING images, applied to its 20 held-out images (results/pivot/e4_gt_fundusavseg.csv); no Gate A train scale exists for Fundus-AVSeg (DECISIONS 2026-09-17 13:30 (4))"
per_fold,3,20,0.01875471044140082,0.9041452511685378,0.8421052631578947,-0.16342058877979093,0.4433655781172237,0.34257533531927536,fundusavseg,cfloss,last,FD,pvbm,runs/pivot/e4/fold3/cfloss/pred/bio.csv,results/pivot/e4_gt_fundusavseg.csv,"per outer fold: 1.4826*MAD of the reference-mask biomarkers of that fold's 80 TRAINING images, applied to its 20 held-out images (results/pivot/e4_gt_fundusavseg.csv); no Gate A train scale exists for Fundus-AVSeg (DECISIONS 2026-09-17 13:30 (4))"
per_fold,4,20,0.01669015295104639,0.9309847034178722,0.8676691729323308,-0.12743570448192504,0.3845998604923106,0.2888449700685028,fundusavseg,cfloss,last,FD,pvbm,runs/pivot/e4/fold4/cfloss/pred/bio.csv,results/pivot/e4_gt_fundusavseg.csv,"per outer fold: 1.4826*MAD of the reference-mask biomarkers of that fold's 80 TRAINING images, applied to its 20 held-out images (results/pivot/e4_gt_fundusavseg.csv); no Gate A train scale exists for Fundus-AVSeg (DECISIONS 2026-09-17 13:30 (4))"
oof_pooled,all,100,per-fold,0.8987720562351829,0.896021602160216,-0.3094242940931879,0.424929764349203,0.3761025928422935,fundusavseg,baseline,base_best,FD,skan,runs/pivot/e4/fold0/base/pred/bio.csv;runs/pivot/e4/fold1/base/pred/bio.csv;runs/pivot/e4/fold2/base/pred/bio.csv;runs/pivot/e4/fold3/base/pred/bio.csv;runs/pivot/e4/fold4/base/pred/bio.csv,results/pivot/e4_gt_fundusavseg.csv,"per outer fold: 1.4826*MAD of the reference-mask biomarkers of that fold's 80 TRAINING images, applied to its 20 held-out images (results/pivot/e4_gt_fundusavseg.csv); no Gate A train scale exists for Fundus-AVSeg (DECISIONS 2026-09-17 13:30 (4))"
class_adjusted,all,100,per-fold,0.9017352193737972,0.8867566756675667,,,,fundusavseg,baseline,base_best,FD,skan,runs/pivot/e4/fold0/base/pred/bio.csv;runs/pivot/e4/fold1/base/pred/bio.csv;runs/pivot/e4/fold2/base/pred/bio.csv;runs/pivot/e4/fold3/base/pred/bio.csv;runs/pivot/e4/fold4/base/pred/bio.csv,results/pivot/e4_gt_fundusavseg.csv,"per outer fold: 1.4826*MAD of the reference-mask biomarkers of that fold's 80 TRAINING images, applied to its 20 held-out images (results/pivot/e4_gt_fundusavseg.csv); no Gate A train scale exists for Fundus-AVSeg (DECISIONS 2026-09-17 13:30 (4))"
per_fold,0,20,0.022966611997145153,0.9303613566453215,0.882706766917293,-0.2639159450672594,0.28775865714978516,0.27631216975796924,fundusavseg,baseline,base_best,FD,skan,runs/pivot/e4/fold0/base/pred/bio.csv,results/pivot/e4_gt_fundusavseg.csv,"per outer fold: 1.4826*MAD of the reference-mask biomarkers of that fold's 80 TRAINING images, applied to its 20 held-out images (results/pivot/e4_gt_fundusavseg.csv); no Gate A train scale exists for Fundus-AVSeg (DECISIONS 2026-09-17 13:30 (4))"
per_fold,1,20,0.02029058704782077,0.8875945684421687,0.8120300751879698,-0.45484558853145335,0.502048866692335,0.5093699605518021,fundusavseg,baseline,base_best,FD,skan,runs/pivot/e4/fold1/base/pred/bio.csv,results/pivot/e4_gt_fundusavseg.csv,"per outer fold: 1.4826*MAD of the reference-mask biomarkers of that fold's 80 TRAINING images, applied to its 20 held-out images (results/pivot/e4_gt_fundusavseg.csv); no Gate A train scale exists for Fundus-AVSeg (DECISIONS 2026-09-17 13:30 (4))"
per_fold,2,20,0.021376230035123893,0.9682022994654675,0.9714285714285714,-0.32695875856084067,0.38421572430147166,0.41445900450229545,fundusavseg,baseline,base_best,FD,skan,runs/pivot/e4/fold2/base/pred/bio.csv,results/pivot/e4_gt_fundusavseg.csv,"per outer fold: 1.4826*MAD of the reference-mask biomarkers of that fold's 80 TRAINING images, applied to its 20 held-out images (results/pivot/e4_gt_fundusavseg.csv); no Gate A train scale exists for Fundus-AVSeg (DECISIONS 2026-09-17 13:30 (4))"
per_fold,3,20,0.0229193066647211,0.8623546854389273,0.7714285714285714,-0.19744532627583514,0.4738060958153745,0.3611023885495723,fundusavseg,baseline,base_best,FD,skan,runs/pivot/e4/fold3/base/pred/bio.csv,results/pivot/e4_gt_fundusavseg.csv,"per outer fold: 1.4826*MAD of the reference-mask biomarkers of that fold's 80 TRAINING images, applied to its 20 held-out images (results/pivot/e4_gt_fundusavseg.csv); no Gate A train scale exists for Fundus-AVSeg (DECISIONS 2026-09-17 13:30 (4))"
per_fold,4,20,0.022401663307004386,0.8811389052361425,0.8601503759398496,-0.30395585203055064,0.44257595073158695,0.3192694408498289,fundusavseg,baseline,base_best,FD,skan,runs/pivot/e4/fold4/base/pred/bio.csv,results/pivot/e4_gt_fundusavseg.csv,"per outer fold: 1.4826*MAD of the reference-mask biomarkers of that fold's 80 TRAINING images, applied to its 20 held-out images (results/pivot/e4_gt_fundusavseg.csv); no Gate A train scale exists for Fundus-AVSeg (DECISIONS 2026-09-17 13:30 (4))"
oof_pooled,all,100,per-fold,0.9033717991711379,0.9003060306030602,-0.26422347954629005,0.4170638512039507,0.3519166686606974,fundusavseg,continued,last,FD,skan,runs/pivot/e4/fold0/continued/pred/bio.csv;runs/pivot/e4/fold1/continued/pred/bio.csv;runs/pivot/e4/fold2/continued/pred/bio.csv;runs/pivot/e4/fold3/continued/pred/bio.csv;runs/pivot/e4/fold4/continued/pred/bio.csv,results/pivot/e4_gt_fundusavseg.csv,"per outer fold: 1.4826*MAD of the reference-mask biomarkers of that fold's 80 TRAINING images, applied to its 20 held-out images (results/pivot/e4_gt_fundusavseg.csv); no Gate A train scale exists for Fundus-AVSeg (DECISIONS 2026-09-17 13:30 (4))"
class_adjusted,all,100,per-fold,0.9061665232724352,0.8963096309630962,,,,fundusavseg,continued,last,FD,skan,runs/pivot/e4/fold0/continued/pred/bio.csv;runs/pivot/e4/fold1/continued/pred/bio.csv;runs/pivot/e4/fold2/continued/pred/bio.csv;runs/pivot/e4/fold3/continued/pred/bio.csv;runs/pivot/e4/fold4/continued/pred/bio.csv,results/pivot/e4_gt_fundusavseg.csv,"per outer fold: 1.4826*MAD of the reference-mask biomarkers of that fold's 80 TRAINING images, applied to its 20 held-out images (results/pivot/e4_gt_fundusavseg.csv); no Gate A train scale exists for Fundus-AVSeg (DECISIONS 2026-09-17 13:30 (4))"
per_fold,0,20,0.022966611997145153,0.9366849297161708,0.8736842105263156,-0.29229637838457134,0.2760126042559053,0.294171615603361,fundusavseg,continued,last,FD,skan,runs/pivot/e4/fold0/continued/pred/bio.csv,results/pivot/e4_gt_fundusavseg.csv,"per outer fold: 1.4826*MAD of the reference-mask biomarkers of that fold's 80 TRAINING images, applied to its 20 held-out images (results/pivot/e4_gt_fundusavseg.csv); no Gate A train scale exists for Fundus-AVSeg (DECISIONS 2026-09-17 13:30 (4))"
per_fold,1,20,0.02029058704782077,0.8939330152508496,0.831578947368421,-0.34469486794217247,0.49910650599577877,0.4514974342572236,fundusavseg,continued,last,FD,skan,runs/pivot/e4/fold1/continued/pred/bio.csv,results/pivot/e4_gt_fundusavseg.csv,"per outer fold: 1.4826*MAD of the reference-mask biomarkers of that fold's 80 TRAINING images, applied to its 20 held-out images (results/pivot/e4_gt_fundusavseg.csv); no Gate A train scale exists for Fundus-AVSeg (DECISIONS 2026-09-17 13:30 (4))"
per_fold,2,20,0.021376230035123893,0.9653251497710885,0.9684210526315788,-0.2411164346553762,0.386116770039517,0.3530687062441012,fundusavseg,continued,last,FD,skan,runs/pivot/e4/fold2/continued/pred/bio.csv,results/pivot/e4_gt_fundusavseg.csv,"per outer fold: 1.4826*MAD of the reference-mask biomarkers of that fold's 80 TRAINING images, applied to its 20 held-out images (results/pivot/e4_gt_fundusavseg.csv); no Gate A train scale exists for Fundus-AVSeg (DECISIONS 2026-09-17 13:30 (4))"
per_fold,3,20,0.0229193066647211,0.8634931201030316,0.7984962406015037,-0.1730199623446729,0.4723027013841552,0.3524124630556741,fundusavseg,continued,last,FD,skan,runs/pivot/e4/fold3/continued/pred/bio.csv,results/pivot/e4_gt_fundusavseg.csv,"per outer fold: 1.4826*MAD of the reference-mask biomarkers of that fold's 80 TRAINING images, applied to its 20 held-out images (results/pivot/e4_gt_fundusavseg.csv); no Gate A train scale exists for Fundus-AVSeg (DECISIONS 2026-09-17 13:30 (4))"
per_fold,4,20,0.022401663307004386,0.8835298482580438,0.8721804511278194,-0.2699897544046573,0.43804736276645656,0.30843312414312696,fundusavseg,continued,last,FD,skan,runs/pivot/e4/fold4/continued/pred/bio.csv,results/pivot/e4_gt_fundusavseg.csv,"per outer fold: 1.4826*MAD of the reference-mask biomarkers of that fold's 80 TRAINING images, applied to its 20 held-out images (results/pivot/e4_gt_fundusavseg.csv); no Gate A train scale exists for Fundus-AVSeg (DECISIONS 2026-09-17 13:30 (4))"
oof_pooled,all,100,per-fold,0.8945540352103833,0.8908490849084908,0.008216650128885132,0.39492255022668893,0.30229851998044976,fundusavseg,reliseg,last,FD,skan,runs/pivot/e4/fold0/reliseg/pred/bio.csv;runs/pivot/e4/fold1/reliseg/pred/bio.csv;runs/pivot/e4/fold2/reliseg/pred/bio.csv;runs/pivot/e4/fold3/reliseg/pred/bio.csv;runs/pivot/e4/fold4/reliseg/pred/bio.csv,results/pivot/e4_gt_fundusavseg.csv,"per outer fold: 1.4826*MAD of the reference-mask biomarkers of that fold's 80 TRAINING images, applied to its 20 held-out images (results/pivot/e4_gt_fundusavseg.csv); no Gate A train scale exists for Fundus-AVSeg (DECISIONS 2026-09-17 13:30 (4))"
class_adjusted,all,100,per-fold,0.8946849215664819,0.8899969996999699,,,,fundusavseg,reliseg,last,FD,skan,runs/pivot/e4/fold0/reliseg/pred/bio.csv;runs/pivot/e4/fold1/reliseg/pred/bio.csv;runs/pivot/e4/fold2/reliseg/pred/bio.csv;runs/pivot/e4/fold3/reliseg/pred/bio.csv;runs/pivot/e4/fold4/reliseg/pred/bio.csv,results/pivot/e4_gt_fundusavseg.csv,"per outer fold: 1.4826*MAD of the reference-mask biomarkers of that fold's 80 TRAINING images, applied to its 20 held-out images (results/pivot/e4_gt_fundusavseg.csv); no Gate A train scale exists for Fundus-AVSeg (DECISIONS 2026-09-17 13:30 (4))"
per_fold,0,20,0.022966611997145153,0.8941725498647283,0.863157894736842,-0.04851781397888222,0.34483221657293256,0.24157640668350067,fundusavseg,reliseg,last,FD,skan,runs/pivot/e4/fold0/reliseg/pred/bio.csv,results/pivot/e4_gt_fundusavseg.csv,"per outer fold: 1.4826*MAD of the reference-mask biomarkers of that fold's 80 TRAINING images, applied to its 20 held-out images (results/pivot/e4_gt_fundusavseg.csv); no Gate A train scale exists for Fundus-AVSeg (DECISIONS 2026-09-17 13:30 (4))"
per_fold,1,20,0.02029058704782077,0.9291308348123228,0.8902255639097743,-0.040340500192814065,0.3549377444761172,0.30455232388503567,fundusavseg,reliseg,last,FD,skan,runs/pivot/e4/fold1/reliseg/pred/bio.csv,results/pivot/e4_gt_fundusavseg.csv,"per outer fold: 1.4826*MAD of the reference-mask biomarkers of that fold's 80 TRAINING images, applied to its 20 held-out images (results/pivot/e4_gt_fundusavseg.csv); no Gate A train scale exists for Fundus-AVSeg (DECISIONS 2026-09-17 13:30 (4))"
per_fold,2,20,0.021376230035123893,0.9503414933354519,0.9383458646616539,0.007260422398929808,0.3630406045383071,0.29525415243232456,fundusavseg,reliseg,last,FD,skan,runs/pivot/e4/fold2/reliseg/pred/bio.csv,results/pivot/e4_gt_fundusavseg.csv,"per outer fold: 1.4826*MAD of the reference-mask biomarkers of that fold's 80 TRAINING images, applied to its 20 held-out images (results/pivot/e4_gt_fundusavseg.csv); no Gate A train scale exists for Fundus-AVSeg (DECISIONS 2026-09-17 13:30 (4))"
per_fold,3,20,0.0229193066647211,0.8485490397324934,0.8090225563909773,0.09658711383253912,0.45962665423976423,0.3671308881667912,fundusavseg,reliseg,last,FD,skan,runs/pivot/e4/fold3/reliseg/pred/bio.csv,results/pivot/e4_gt_fundusavseg.csv,"per outer fold: 1.4826*MAD of the reference-mask biomarkers of that fold's 80 TRAINING images, applied to its 20 held-out images (results/pivot/e4_gt_fundusavseg.csv); no Gate A train scale exists for Fundus-AVSeg (DECISIONS 2026-09-17 13:30 (4))"
per_fold,4,20,0.022401663307004386,0.8721615032876157,0.8466165413533834,0.026094028584653057,0.45856357009092036,0.3029788287345968,fundusavseg,reliseg,last,FD,skan,runs/pivot/e4/fold4/reliseg/pred/bio.csv,results/pivot/e4_gt_fundusavseg.csv,"per outer fold: 1.4826*MAD of the reference-mask biomarkers of that fold's 80 TRAINING images, applied to its 20 held-out images (results/pivot/e4_gt_fundusavseg.csv); no Gate A train scale exists for Fundus-AVSeg (DECISIONS 2026-09-17 13:30 (4))"
oof_pooled,all,100,per-fold,0.9002579099024342,0.8912691269126912,-0.327600244345348,0.4214871525460272,0.3949814986284895,fundusavseg,cfloss,last,FD,skan,runs/pivot/e4/fold0/cfloss/pred/bio.csv;runs/pivot/e4/fold1/cfloss/pred/bio.csv;runs/pivot/e4/fold2/cfloss/pred/bio.csv;runs/pivot/e4/fold3/cfloss/pred/bio.csv;runs/pivot/e4/fold4/cfloss/pred/bio.csv,results/pivot/e4_gt_fundusavseg.csv,"per outer fold: 1.4826*MAD of the reference-mask biomarkers of that fold's 80 TRAINING images, applied to its 20 held-out images (results/pivot/e4_gt_fundusavseg.csv); no Gate A train scale exists for Fundus-AVSeg (DECISIONS 2026-09-17 13:30 (4))"
class_adjusted,all,100,per-fold,0.9029845705128238,0.8914371437143713,,,,fundusavseg,cfloss,last,FD,skan,runs/pivot/e4/fold0/cfloss/pred/bio.csv;runs/pivot/e4/fold1/cfloss/pred/bio.csv;runs/pivot/e4/fold2/cfloss/pred/bio.csv;runs/pivot/e4/fold3/cfloss/pred/bio.csv;runs/pivot/e4/fold4/cfloss/pred/bio.csv,results/pivot/e4_gt_fundusavseg.csv,"per outer fold: 1.4826*MAD of the reference-mask biomarkers of that fold's 80 TRAINING images, applied to its 20 held-out images (results/pivot/e4_gt_fundusavseg.csv); no Gate A train scale exists for Fundus-AVSeg (DECISIONS 2026-09-17 13:30 (4))"
per_fold,0,20,0.022966611997145153,0.933305598153491,0.8796992481203006,-0.3580036127185095,0.2806360870016597,0.3580036127185095,fundusavseg,cfloss,last,FD,skan,runs/pivot/e4/fold0/cfloss/pred/bio.csv,results/pivot/e4_gt_fundusavseg.csv,"per outer fold: 1.4826*MAD of the reference-mask biomarkers of that fold's 80 TRAINING images, applied to its 20 held-out images (results/pivot/e4_gt_fundusavseg.csv); no Gate A train scale exists for Fundus-AVSeg (DECISIONS 2026-09-17 13:30 (4))"
per_fold,1,20,0.02029058704782077,0.8942005908801379,0.8120300751879698,-0.4172883906472933,0.494946978052074,0.49429285714880045,fundusavseg,cfloss,last,FD,skan,runs/pivot/e4/fold1/cfloss/pred/bio.csv,results/pivot/e4_gt_fundusavseg.csv,"per outer fold: 1.4826*MAD of the reference-mask biomarkers of that fold's 80 TRAINING images, applied to its 20 held-out images (results/pivot/e4_gt_fundusavseg.csv); no Gate A train scale exists for Fundus-AVSeg (DECISIONS 2026-09-17 13:30 (4))"
per_fold,2,20,0.021376230035123893,0.9694181764502469,0.9654135338345864,-0.29848731957164965,0.37202678376900766,0.3927599125800818,fundusavseg,cfloss,last,FD,skan,runs/pivot/e4/fold2/cfloss/pred/bio.csv,results/pivot/e4_gt_fundusavseg.csv,"per outer fold: 1.4826*MAD of the reference-mask biomarkers of that fold's 80 TRAINING images, applied to its 20 held-out images (results/pivot/e4_gt_fundusavseg.csv); no Gate A train scale exists for Fundus-AVSeg (DECISIONS 2026-09-17 13:30 (4))"
per_fold,3,20,0.0229193066647211,0.8482902598783474,0.7804511278195487,-0.24205609646603668,0.49933968665308437,0.3909487547891355,fundusavseg,cfloss,last,FD,skan,runs/pivot/e4/fold3/cfloss/pred/bio.csv,results/pivot/e4_gt_fundusavseg.csv,"per outer fold: 1.4826*MAD of the reference-mask biomarkers of that fold's 80 TRAINING images, applied to its 20 held-out images (results/pivot/e4_gt_fundusavseg.csv); no Gate A train scale exists for Fundus-AVSeg (DECISIONS 2026-09-17 13:30 (4))"
per_fold,4,20,0.022401663307004386,0.8808889556702328,0.8451127819548873,-0.32216580232325065,0.4428517471605388,0.3389023559059204,fundusavseg,cfloss,last,FD,skan,runs/pivot/e4/fold4/cfloss/pred/bio.csv,results/pivot/e4_gt_fundusavseg.csv,"per outer fold: 1.4826*MAD of the reference-mask biomarkers of that fold's 80 TRAINING images, applied to its 20 held-out images (results/pivot/e4_gt_fundusavseg.csv); no Gate A train scale exists for Fundus-AVSeg (DECISIONS 2026-09-17 13:30 (4))"
oof_pooled,all,100,per-fold,0.8963541996339661,0.8730179208497765,-0.26631705160746144,0.5572810845162526,0.4704544506899592,fundusavseg,baseline,base_best,tortuosity,pvbm,runs/pivot/e4/fold0/base/pred/bio.csv;runs/pivot/e4/fold1/base/pred/bio.csv;runs/pivot/e4/fold2/base/pred/bio.csv;runs/pivot/e4/fold3/base/pred/bio.csv;runs/pivot/e4/fold4/base/pred/bio.csv,results/pivot/e4_gt_fundusavseg.csv,"per outer fold: 1.4826*MAD of the reference-mask biomarkers of that fold's 80 TRAINING images, applied to its 20 held-out images (results/pivot/e4_gt_fundusavseg.csv); no Gate A train scale exists for Fundus-AVSeg (DECISIONS 2026-09-17 13:30 (4))"
class_adjusted,all,100,per-fold,0.8951638201211599,0.874119411941194,,,,fundusavseg,baseline,base_best,tortuosity,pvbm,runs/pivot/e4/fold0/base/pred/bio.csv;runs/pivot/e4/fold1/base/pred/bio.csv;runs/pivot/e4/fold2/base/pred/bio.csv;runs/pivot/e4/fold3/base/pred/bio.csv;runs/pivot/e4/fold4/base/pred/bio.csv,results/pivot/e4_gt_fundusavseg.csv,"per outer fold: 1.4826*MAD of the reference-mask biomarkers of that fold's 80 TRAINING images, applied to its 20 held-out images (results/pivot/e4_gt_fundusavseg.csv); no Gate A train scale exists for Fundus-AVSeg (DECISIONS 2026-09-17 13:30 (4))"
per_fold,0,20,0.005049911814149392,0.9361790170745821,0.9353383458646616,-0.271563535110399,0.4932559354837222,0.36808727181060447,fundusavseg,baseline,base_best,tortuosity,pvbm,runs/pivot/e4/fold0/base/pred/bio.csv,results/pivot/e4_gt_fundusavseg.csv,"per outer fold: 1.4826*MAD of the reference-mask biomarkers of that fold's 80 TRAINING images, applied to its 20 held-out images (results/pivot/e4_gt_fundusavseg.csv); no Gate A train scale exists for Fundus-AVSeg (DECISIONS 2026-09-17 13:30 (4))"
per_fold,1,20,0.004769908187798646,0.9151435317390905,0.9458646616541352,-0.3286578956761619,0.5009687517949521,0.4881094224513278,fundusavseg,baseline,base_best,tortuosity,pvbm,runs/pivot/e4/fold1/base/pred/bio.csv,results/pivot/e4_gt_fundusavseg.csv,"per outer fold: 1.4826*MAD of the reference-mask biomarkers of that fold's 80 TRAINING images, applied to its 20 held-out images (results/pivot/e4_gt_fundusavseg.csv); no Gate A train scale exists for Fundus-AVSeg (DECISIONS 2026-09-17 13:30 (4))"
per_fold,2,20,0.0049973877093969854,0.9240328312556169,0.8225563909774435,-0.04724397625881636,0.5435252962718676,0.4190490216305057,fundusavseg,baseline,base_best,tortuosity,pvbm,runs/pivot/e4/fold2/base/pred/bio.csv,results/pivot/e4_gt_fundusavseg.csv,"per outer fold: 1.4826*MAD of the reference-mask biomarkers of that fold's 80 TRAINING images, applied to its 20 held-out images (results/pivot/e4_gt_fundusavseg.csv); no Gate A train scale exists for Fundus-AVSeg (DECISIONS 2026-09-17 13:30 (4))"
per_fold,3,20,0.005248767446459484,0.9030281079892781,0.7984962406015037,-0.3465068710454962,0.6745357490176709,0.63054272926428,fundusavseg,baseline,base_best,tortuosity,pvbm,runs/pivot/e4/fold3/base/pred/bio.csv,results/pivot/e4_gt_fundusavseg.csv,"per outer fold: 1.4826*MAD of the reference-mask biomarkers of that fold's 80 TRAINING images, applied to its 20 held-out images (results/pivot/e4_gt_fundusavseg.csv); no Gate A train scale exists for Fundus-AVSeg (DECISIONS 2026-09-17 13:30 (4))"
per_fold,4,20,0.005708665611601173,0.7677677612117387,0.7924812030075187,-0.3376129799464336,0.5538455268226512,0.4464838082930779,fundusavseg,baseline,base_best,tortuosity,pvbm,runs/pivot/e4/fold4/base/pred/bio.csv,results/pivot/e4_gt_fundusavseg.csv,"per outer fold: 1.4826*MAD of the reference-mask biomarkers of that fold's 80 TRAINING images, applied to its 20 held-out images (results/pivot/e4_gt_fundusavseg.csv); no Gate A train scale exists for Fundus-AVSeg (DECISIONS 2026-09-17 13:30 (4))"
oof_pooled,all,100,per-fold,0.9043912277489714,0.8725258701685541,-0.2566141869559532,0.5372036467864123,0.48869962421611945,fundusavseg,continued,last,tortuosity,pvbm,runs/pivot/e4/fold0/continued/pred/bio.csv;runs/pivot/e4/fold1/continued/pred/bio.csv;runs/pivot/e4/fold2/continued/pred/bio.csv;runs/pivot/e4/fold3/continued/pred/bio.csv;runs/pivot/e4/fold4/continued/pred/bio.csv,results/pivot/e4_gt_fundusavseg.csv,"per outer fold: 1.4826*MAD of the reference-mask biomarkers of that fold's 80 TRAINING images, applied to its 20 held-out images (results/pivot/e4_gt_fundusavseg.csv); no Gate A train scale exists for Fundus-AVSeg (DECISIONS 2026-09-17 13:30 (4))"
class_adjusted,all,100,per-fold,0.9073642956517328,0.8765916591659165,,,,fundusavseg,continued,last,tortuosity,pvbm,runs/pivot/e4/fold0/continued/pred/bio.csv;runs/pivot/e4/fold1/continued/pred/bio.csv;runs/pivot/e4/fold2/continued/pred/bio.csv;runs/pivot/e4/fold3/continued/pred/bio.csv;runs/pivot/e4/fold4/continued/pred/bio.csv,results/pivot/e4_gt_fundusavseg.csv,"per outer fold: 1.4826*MAD of the reference-mask biomarkers of that fold's 80 TRAINING images, applied to its 20 held-out images (results/pivot/e4_gt_fundusavseg.csv); no Gate A train scale exists for Fundus-AVSeg (DECISIONS 2026-09-17 13:30 (4))"
per_fold,0,20,0.005049911814149392,0.9172777426178225,0.882706766917293,-0.3028329189486774,0.5564056539232383,0.5108215429919694,fundusavseg,continued,last,tortuosity,pvbm,runs/pivot/e4/fold0/continued/pred/bio.csv,results/pivot/e4_gt_fundusavseg.csv,"per outer fold: 1.4826*MAD of the reference-mask biomarkers of that fold's 80 TRAINING images, applied to its 20 held-out images (results/pivot/e4_gt_fundusavseg.csv); no Gate A train scale exists for Fundus-AVSeg (DECISIONS 2026-09-17 13:30 (4))"
per_fold,1,20,0.004769908187798646,0.9026827700112472,0.9127819548872179,-0.22965966748785313,0.569583423139463,0.48797463772790983,fundusavseg,continued,last,tortuosity,pvbm,runs/pivot/e4/fold1/continued/pred/bio.csv,results/pivot/e4_gt_fundusavseg.csv,"per outer fold: 1.4826*MAD of the reference-mask biomarkers of that fold's 80 TRAINING images, applied to its 20 held-out images (results/pivot/e4_gt_fundusavseg.csv); no Gate A train scale exists for Fundus-AVSeg (DECISIONS 2026-09-17 13:30 (4))"
per_fold,2,20,0.0049973877093969854,0.9410099184511584,0.8451127819548873,-0.18293999901809183,0.43794798237907523,0.4002830602664866,fundusavseg,continued,last,tortuosity,pvbm,runs/pivot/e4/fold2/continued/pred/bio.csv,results/pivot/e4_gt_fundusavseg.csv,"per outer fold: 1.4826*MAD of the reference-mask biomarkers of that fold's 80 TRAINING images, applied to its 20 held-out images (results/pivot/e4_gt_fundusavseg.csv); no Gate A train scale exists for Fundus-AVSeg (DECISIONS 2026-09-17 13:30 (4))"
per_fold,3,20,0.005248767446459484,0.9182889493933339,0.8120300751879698,-0.32182153427112165,0.6188552856599945,0.5809494244082564,fundusavseg,continued,last,tortuosity,pvbm,runs/pivot/e4/fold3/continued/pred/bio.csv,results/pivot/e4_gt_fundusavseg.csv,"per outer fold: 1.4826*MAD of the reference-mask biomarkers of that fold's 80 TRAINING images, applied to its 20 held-out images (results/pivot/e4_gt_fundusavseg.csv); no Gate A train scale exists for Fundus-AVSeg (DECISIONS 2026-09-17 13:30 (4))"
per_fold,4,20,0.005708665611601173,0.8257796816051591,0.8436090225563909,-0.24581681505402217,0.530637185913519,0.4634694556859754,fundusavseg,continued,last,tortuosity,pvbm,runs/pivot/e4/fold4/continued/pred/bio.csv,results/pivot/e4_gt_fundusavseg.csv,"per outer fold: 1.4826*MAD of the reference-mask biomarkers of that fold's 80 TRAINING images, applied to its 20 held-out images (results/pivot/e4_gt_fundusavseg.csv); no Gate A train scale exists for Fundus-AVSeg (DECISIONS 2026-09-17 13:30 (4))"
oof_pooled,all,100,per-fold,0.12507023091489988,0.11524186991311969,1.4545029741517785,2.059813237709373,1.5574694344546407,fundusavseg,reliseg,last,tortuosity,pvbm,runs/pivot/e4/fold0/reliseg/pred/bio.csv;runs/pivot/e4/fold1/reliseg/pred/bio.csv;runs/pivot/e4/fold2/reliseg/pred/bio.csv;runs/pivot/e4/fold3/reliseg/pred/bio.csv;runs/pivot/e4/fold4/reliseg/pred/bio.csv,results/pivot/e4_gt_fundusavseg.csv,"per outer fold: 1.4826*MAD of the reference-mask biomarkers of that fold's 80 TRAINING images, applied to its 20 held-out images (results/pivot/e4_gt_fundusavseg.csv); no Gate A train scale exists for Fundus-AVSeg (DECISIONS 2026-09-17 13:30 (4))"
class_adjusted,all,100,per-fold,0.098466760249432,0.053285328532853275,,,,fundusavseg,reliseg,last,tortuosity,pvbm,runs/pivot/e4/fold0/reliseg/pred/bio.csv;runs/pivot/e4/fold1/reliseg/pred/bio.csv;runs/pivot/e4/fold2/reliseg/pred/bio.csv;runs/pivot/e4/fold3/reliseg/pred/bio.csv;runs/pivot/e4/fold4/reliseg/pred/bio.csv,results/pivot/e4_gt_fundusavseg.csv,"per outer fold: 1.4826*MAD of the reference-mask biomarkers of that fold's 80 TRAINING images, applied to its 20 held-out images (results/pivot/e4_gt_fundusavseg.csv); no Gate A train scale exists for Fundus-AVSeg (DECISIONS 2026-09-17 13:30 (4))"
per_fold,0,20,0.005049911814149392,0.13648064548348532,0.28120300751879695,1.375334150032624,2.225992190082743,1.4992941637735338,fundusavseg,reliseg,last,tortuosity,pvbm,runs/pivot/e4/fold0/reliseg/pred/bio.csv,results/pivot/e4_gt_fundusavseg.csv,"per outer fold: 1.4826*MAD of the reference-mask biomarkers of that fold's 80 TRAINING images, applied to its 20 held-out images (results/pivot/e4_gt_fundusavseg.csv); no Gate A train scale exists for Fundus-AVSeg (DECISIONS 2026-09-17 13:30 (4))"
per_fold,1,20,0.004769908187798646,0.019635807731842356,0.04962406015037594,1.662602589603722,1.9015192691702791,1.7019763110257748,fundusavseg,reliseg,last,tortuosity,pvbm,runs/pivot/e4/fold1/reliseg/pred/bio.csv,results/pivot/e4_gt_fundusavseg.csv,"per outer fold: 1.4826*MAD of the reference-mask biomarkers of that fold's 80 TRAINING images, applied to its 20 held-out images (results/pivot/e4_gt_fundusavseg.csv); no Gate A train scale exists for Fundus-AVSeg (DECISIONS 2026-09-17 13:30 (4))"
per_fold,2,20,0.0049973877093969854,0.42207911136010084,0.2706766917293233,1.3684451616139388,1.923211537599203,1.4783481895451356,fundusavseg,reliseg,last,tortuosity,pvbm,runs/pivot/e4/fold2/reliseg/pred/bio.csv,results/pivot/e4_gt_fundusavseg.csv,"per outer fold: 1.4826*MAD of the reference-mask biomarkers of that fold's 80 TRAINING images, applied to its 20 held-out images (results/pivot/e4_gt_fundusavseg.csv); no Gate A train scale exists for Fundus-AVSeg (DECISIONS 2026-09-17 13:30 (4))"
per_fold,3,20,0.005248767446459484,0.07858217791370746,-0.10827067669172932,1.713739864946941,2.554221388020496,1.9029267950292799,fundusavseg,reliseg,last,tortuosity,pvbm,runs/pivot/e4/fold3/reliseg/pred/bio.csv,results/pivot/e4_gt_fundusavseg.csv,"per outer fold: 1.4826*MAD of the reference-mask biomarkers of that fold's 80 TRAINING images, applied to its 20 held-out images (results/pivot/e4_gt_fundusavseg.csv); no Gate A train scale exists for Fundus-AVSeg (DECISIONS 2026-09-17 13:30 (4))"
per_fold,4,20,0.005708665611601173,-0.27047221776683794,-0.030075187969924807,1.1523931045616673,1.756980705376082,1.204801712899481,fundusavseg,reliseg,last,tortuosity,pvbm,runs/pivot/e4/fold4/reliseg/pred/bio.csv,results/pivot/e4_gt_fundusavseg.csv,"per outer fold: 1.4826*MAD of the reference-mask biomarkers of that fold's 80 TRAINING images, applied to its 20 held-out images (results/pivot/e4_gt_fundusavseg.csv); no Gate A train scale exists for Fundus-AVSeg (DECISIONS 2026-09-17 13:30 (4))"
oof_pooled,all,100,per-fold,0.8959690653245473,0.8648450790470339,-0.3045615073560091,0.5527183589679577,0.5006785158154313,fundusavseg,cfloss,last,tortuosity,pvbm,runs/pivot/e4/fold0/cfloss/pred/bio.csv;runs/pivot/e4/fold1/cfloss/pred/bio.csv;runs/pivot/e4/fold2/cfloss/pred/bio.csv;runs/pivot/e4/fold3/cfloss/pred/bio.csv;runs/pivot/e4/fold4/cfloss/pred/bio.csv,results/pivot/e4_gt_fundusavseg.csv,"per outer fold: 1.4826*MAD of the reference-mask biomarkers of that fold's 80 TRAINING images, applied to its 20 held-out images (results/pivot/e4_gt_fundusavseg.csv); no Gate A train scale exists for Fundus-AVSeg (DECISIONS 2026-09-17 13:30 (4))"
class_adjusted,all,100,per-fold,0.895074298678862,0.866102610261026,,,,fundusavseg,cfloss,last,tortuosity,pvbm,runs/pivot/e4/fold0/cfloss/pred/bio.csv;runs/pivot/e4/fold1/cfloss/pred/bio.csv;runs/pivot/e4/fold2/cfloss/pred/bio.csv;runs/pivot/e4/fold3/cfloss/pred/bio.csv;runs/pivot/e4/fold4/cfloss/pred/bio.csv,results/pivot/e4_gt_fundusavseg.csv,"per outer fold: 1.4826*MAD of the reference-mask biomarkers of that fold's 80 TRAINING images, applied to its 20 held-out images (results/pivot/e4_gt_fundusavseg.csv); no Gate A train scale exists for Fundus-AVSeg (DECISIONS 2026-09-17 13:30 (4))"
per_fold,0,20,0.005049911814149392,0.9190077739843792,0.9097744360902256,-0.3163129301901377,0.5842963821332253,0.4999480529968266,fundusavseg,cfloss,last,tortuosity,pvbm,runs/pivot/e4/fold0/cfloss/pred/bio.csv,results/pivot/e4_gt_fundusavseg.csv,"per outer fold: 1.4826*MAD of the reference-mask biomarkers of that fold's 80 TRAINING images, applied to its 20 held-out images (results/pivot/e4_gt_fundusavseg.csv); no Gate A train scale exists for Fundus-AVSeg (DECISIONS 2026-09-17 13:30 (4))"
per_fold,1,20,0.004769908187798646,0.908136135772391,0.9308270676691727,-0.32125438746316626,0.5125271021671661,0.5103457840185927,fundusavseg,cfloss,last,tortuosity,pvbm,runs/pivot/e4/fold1/cfloss/pred/bio.csv,results/pivot/e4_gt_fundusavseg.csv,"per outer fold: 1.4826*MAD of the reference-mask biomarkers of that fold's 80 TRAINING images, applied to its 20 held-out images (results/pivot/e4_gt_fundusavseg.csv); no Gate A train scale exists for Fundus-AVSeg (DECISIONS 2026-09-17 13:30 (4))"
per_fold,2,20,0.0049973877093969854,0.9316776521765933,0.8285714285714285,-0.22274291645835534,0.4766259796039058,0.41168612330097004,fundusavseg,cfloss,last,tortuosity,pvbm,runs/pivot/e4/fold2/cfloss/pred/bio.csv,results/pivot/e4_gt_fundusavseg.csv,"per outer fold: 1.4826*MAD of the reference-mask biomarkers of that fold's 80 TRAINING images, applied to its 20 held-out images (results/pivot/e4_gt_fundusavseg.csv); no Gate A train scale exists for Fundus-AVSeg (DECISIONS 2026-09-17 13:30 (4))"
per_fold,3,20,0.005248767446459484,0.8901977476538415,0.7789473684210525,-0.36864580130095087,0.7183078552908663,0.6848040988738086,fundusavseg,cfloss,last,tortuosity,pvbm,runs/pivot/e4/fold3/cfloss/pred/bio.csv,results/pivot/e4_gt_fundusavseg.csv,"per outer fold: 1.4826*MAD of the reference-mask biomarkers of that fold's 80 TRAINING images, applied to its 20 held-out images (results/pivot/e4_gt_fundusavseg.csv); no Gate A train scale exists for Fundus-AVSeg (DECISIONS 2026-09-17 13:30 (4))"
per_fold,4,20,0.005708665611601173,0.8426752988340976,0.8887218045112781,-0.29385150136743554,0.48233746549602224,0.3966085198869585,fundusavseg,cfloss,last,tortuosity,pvbm,runs/pivot/e4/fold4/cfloss/pred/bio.csv,results/pivot/e4_gt_fundusavseg.csv,"per outer fold: 1.4826*MAD of the reference-mask biomarkers of that fold's 80 TRAINING images, applied to its 20 held-out images (results/pivot/e4_gt_fundusavseg.csv); no Gate A train scale exists for Fundus-AVSeg (DECISIONS 2026-09-17 13:30 (4))"
oof_pooled,all,100,per-fold,0.9671505710848106,0.9233483348334833,-0.12878642453655384,0.43308412039694993,0.31103454417541104,fundusavseg,baseline,base_best,tortuosity,skan,runs/pivot/e4/fold0/base/pred/bio.csv;runs/pivot/e4/fold1/base/pred/bio.csv;runs/pivot/e4/fold2/base/pred/bio.csv;runs/pivot/e4/fold3/base/pred/bio.csv;runs/pivot/e4/fold4/base/pred/bio.csv,results/pivot/e4_gt_fundusavseg.csv,"per outer fold: 1.4826*MAD of the reference-mask biomarkers of that fold's 80 TRAINING images, applied to its 20 held-out images (results/pivot/e4_gt_fundusavseg.csv); no Gate A train scale exists for Fundus-AVSeg (DECISIONS 2026-09-17 13:30 (4))"
class_adjusted,all,100,per-fold,0.9664159357790603,0.9274887488748875,,,,fundusavseg,baseline,base_best,tortuosity,skan,runs/pivot/e4/fold0/base/pred/bio.csv;runs/pivot/e4/fold1/base/pred/bio.csv;runs/pivot/e4/fold2/base/pred/bio.csv;runs/pivot/e4/fold3/base/pred/bio.csv;runs/pivot/e4/fold4/base/pred/bio.csv,results/pivot/e4_gt_fundusavseg.csv,"per outer fold: 1.4826*MAD of the reference-mask biomarkers of that fold's 80 TRAINING images, applied to its 20 held-out images (results/pivot/e4_gt_fundusavseg.csv); no Gate A train scale exists for Fundus-AVSeg (DECISIONS 2026-09-17 13:30 (4))"
per_fold,0,20,0.00816865754849448,0.9588053342663995,0.9398496240601503,-0.10545087505061612,0.4761506040357147,0.3417125813200893,fundusavseg,baseline,base_best,tortuosity,skan,runs/pivot/e4/fold0/base/pred/bio.csv,results/pivot/e4_gt_fundusavseg.csv,"per outer fold: 1.4826*MAD of the reference-mask biomarkers of that fold's 80 TRAINING images, applied to its 20 held-out images (results/pivot/e4_gt_fundusavseg.csv); no Gate A train scale exists for Fundus-AVSeg (DECISIONS 2026-09-17 13:30 (4))"
per_fold,1,20,0.008075659217801139,0.9261828573666399,0.9293233082706768,-0.1671606993509289,0.5421030050362063,0.344408597072483,fundusavseg,baseline,base_best,tortuosity,skan,runs/pivot/e4/fold1/base/pred/bio.csv,results/pivot/e4_gt_fundusavseg.csv,"per outer fold: 1.4826*MAD of the reference-mask biomarkers of that fold's 80 TRAINING images, applied to its 20 held-out images (results/pivot/e4_gt_fundusavseg.csv); no Gate A train scale exists for Fundus-AVSeg (DECISIONS 2026-09-17 13:30 (4))"
per_fold,2,20,0.007912233835284697,0.9878857978751039,0.9639097744360902,-0.09298299298410144,0.33485407647315707,0.24850263350161655,fundusavseg,baseline,base_best,tortuosity,skan,runs/pivot/e4/fold2/base/pred/bio.csv,results/pivot/e4_gt_fundusavseg.csv,"per outer fold: 1.4826*MAD of the reference-mask biomarkers of that fold's 80 TRAINING images, applied to its 20 held-out images (results/pivot/e4_gt_fundusavseg.csv); no Gate A train scale exists for Fundus-AVSeg (DECISIONS 2026-09-17 13:30 (4))"
per_fold,3,20,0.00896684971019265,0.9835755604940644,0.8360902255639097,-0.21616738548405046,0.40253301455444546,0.3309840735417092,fundusavseg,baseline,base_best,tortuosity,skan,runs/pivot/e4/fold3/base/pred/bio.csv,results/pivot/e4_gt_fundusavseg.csv,"per outer fold: 1.4826*MAD of the reference-mask biomarkers of that fold's 80 TRAINING images, applied to its 20 held-out images (results/pivot/e4_gt_fundusavseg.csv); no Gate A train scale exists for Fundus-AVSeg (DECISIONS 2026-09-17 13:30 (4))"
per_fold,4,20,0.007870612957589203,0.9244287253056199,0.9203007518796992,-0.06217016981307233,0.4078720372499291,0.2895648354411572,fundusavseg,baseline,base_best,tortuosity,skan,runs/pivot/e4/fold4/base/pred/bio.csv,results/pivot/e4_gt_fundusavseg.csv,"per outer fold: 1.4826*MAD of the reference-mask biomarkers of that fold's 80 TRAINING images, applied to its 20 held-out images (results/pivot/e4_gt_fundusavseg.csv); no Gate A train scale exists for Fundus-AVSeg (DECISIONS 2026-09-17 13:30 (4))"
oof_pooled,all,100,per-fold,0.9650150412184884,0.9127752775277526,-0.09238274052187903,0.44886141764846155,0.32510746965005866,fundusavseg,continued,last,tortuosity,skan,runs/pivot/e4/fold0/continued/pred/bio.csv;runs/pivot/e4/fold1/continued/pred/bio.csv;runs/pivot/e4/fold2/continued/pred/bio.csv;runs/pivot/e4/fold3/continued/pred/bio.csv;runs/pivot/e4/fold4/continued/pred/bio.csv,results/pivot/e4_gt_fundusavseg.csv,"per outer fold: 1.4826*MAD of the reference-mask biomarkers of that fold's 80 TRAINING images, applied to its 20 held-out images (results/pivot/e4_gt_fundusavseg.csv); no Gate A train scale exists for Fundus-AVSeg (DECISIONS 2026-09-17 13:30 (4))"
class_adjusted,all,100,per-fold,0.964252651943474,0.9214881488148814,,,,fundusavseg,continued,last,tortuosity,skan,runs/pivot/e4/fold0/continued/pred/bio.csv;runs/pivot/e4/fold1/continued/pred/bio.csv;runs/pivot/e4/fold2/continued/pred/bio.csv;runs/pivot/e4/fold3/continued/pred/bio.csv;runs/pivot/e4/fold4/continued/pred/bio.csv,results/pivot/e4_gt_fundusavseg.csv,"per outer fold: 1.4826*MAD of the reference-mask biomarkers of that fold's 80 TRAINING images, applied to its 20 held-out images (results/pivot/e4_gt_fundusavseg.csv); no Gate A train scale exists for Fundus-AVSeg (DECISIONS 2026-09-17 13:30 (4))"
per_fold,0,20,0.00816865754849448,0.9678624120481611,0.9518796992481202,-0.009408583159907254,0.38871619615197717,0.2536041953467031,fundusavseg,continued,last,tortuosity,skan,runs/pivot/e4/fold0/continued/pred/bio.csv,results/pivot/e4_gt_fundusavseg.csv,"per outer fold: 1.4826*MAD of the reference-mask biomarkers of that fold's 80 TRAINING images, applied to its 20 held-out images (results/pivot/e4_gt_fundusavseg.csv); no Gate A train scale exists for Fundus-AVSeg (DECISIONS 2026-09-17 13:30 (4))"
per_fold,1,20,0.008075659217801139,0.9199403382003137,0.9067669172932331,-0.1503679696019461,0.5608557099920245,0.3853065385792501,fundusavseg,continued,last,tortuosity,skan,runs/pivot/e4/fold1/continued/pred/bio.csv,results/pivot/e4_gt_fundusavseg.csv,"per outer fold: 1.4826*MAD of the reference-mask biomarkers of that fold's 80 TRAINING images, applied to its 20 held-out images (results/pivot/e4_gt_fundusavseg.csv); no Gate A train scale exists for Fundus-AVSeg (DECISIONS 2026-09-17 13:30 (4))"
per_fold,2,20,0.007912233835284697,0.9764254853791129,0.9308270676691727,-0.014273069618533765,0.4589955345556336,0.3173373306562725,fundusavseg,continued,last,tortuosity,skan,runs/pivot/e4/fold2/continued/pred/bio.csv,results/pivot/e4_gt_fundusavseg.csv,"per outer fold: 1.4826*MAD of the reference-mask biomarkers of that fold's 80 TRAINING images, applied to its 20 held-out images (results/pivot/e4_gt_fundusavseg.csv); no Gate A train scale exists for Fundus-AVSeg (DECISIONS 2026-09-17 13:30 (4))"
per_fold,3,20,0.00896684971019265,0.9852359606260949,0.8812030075187969,-0.21892792143181988,0.3758676743216955,0.3264322589853407,fundusavseg,continued,last,tortuosity,skan,runs/pivot/e4/fold3/continued/pred/bio.csv,results/pivot/e4_gt_fundusavseg.csv,"per outer fold: 1.4826*MAD of the reference-mask biomarkers of that fold's 80 TRAINING images, applied to its 20 held-out images (results/pivot/e4_gt_fundusavseg.csv); no Gate A train scale exists for Fundus-AVSeg (DECISIONS 2026-09-17 13:30 (4))"
per_fold,4,20,0.007870612957589203,0.9133394255487993,0.8932330827067668,-0.06893615879718815,0.4444574603417661,0.342857024682727,fundusavseg,continued,last,tortuosity,skan,runs/pivot/e4/fold4/continued/pred/bio.csv,results/pivot/e4_gt_fundusavseg.csv,"per outer fold: 1.4826*MAD of the reference-mask biomarkers of that fold's 80 TRAINING images, applied to its 20 held-out images (results/pivot/e4_gt_fundusavseg.csv); no Gate A train scale exists for Fundus-AVSeg (DECISIONS 2026-09-17 13:30 (4))"
oof_pooled,all,100,per-fold,0.9029373068177778,0.7175997599759976,0.022478618031339583,0.7364129690483946,0.5235458434229284,fundusavseg,reliseg,last,tortuosity,skan,runs/pivot/e4/fold0/reliseg/pred/bio.csv;runs/pivot/e4/fold1/reliseg/pred/bio.csv;runs/pivot/e4/fold2/reliseg/pred/bio.csv;runs/pivot/e4/fold3/reliseg/pred/bio.csv;runs/pivot/e4/fold4/reliseg/pred/bio.csv,results/pivot/e4_gt_fundusavseg.csv,"per outer fold: 1.4826*MAD of the reference-mask biomarkers of that fold's 80 TRAINING images, applied to its 20 held-out images (results/pivot/e4_gt_fundusavseg.csv); no Gate A train scale exists for Fundus-AVSeg (DECISIONS 2026-09-17 13:30 (4))"
class_adjusted,all,100,per-fold,0.9018630308882662,0.74997899789979,,,,fundusavseg,reliseg,last,tortuosity,skan,runs/pivot/e4/fold0/reliseg/pred/bio.csv;runs/pivot/e4/fold1/reliseg/pred/bio.csv;runs/pivot/e4/fold2/reliseg/pred/bio.csv;runs/pivot/e4/fold3/reliseg/pred/bio.csv;runs/pivot/e4/fold4/reliseg/pred/bio.csv,results/pivot/e4_gt_fundusavseg.csv,"per outer fold: 1.4826*MAD of the reference-mask biomarkers of that fold's 80 TRAINING images, applied to its 20 held-out images (results/pivot/e4_gt_fundusavseg.csv); no Gate A train scale exists for Fundus-AVSeg (DECISIONS 2026-09-17 13:30 (4))"
per_fold,0,20,0.00816865754849448,0.891873516060333,0.819548872180451,0.009087165238162956,0.7244863204490959,0.5144828095567712,fundusavseg,reliseg,last,tortuosity,skan,runs/pivot/e4/fold0/reliseg/pred/bio.csv,results/pivot/e4_gt_fundusavseg.csv,"per outer fold: 1.4826*MAD of the reference-mask biomarkers of that fold's 80 TRAINING images, applied to its 20 held-out images (results/pivot/e4_gt_fundusavseg.csv); no Gate A train scale exists for Fundus-AVSeg (DECISIONS 2026-09-17 13:30 (4))"
per_fold,1,20,0.008075659217801139,0.7354092471376938,0.5278195488721804,0.004612227003633754,0.9653050559446429,0.64173449073527,fundusavseg,reliseg,last,tortuosity,skan,runs/pivot/e4/fold1/reliseg/pred/bio.csv,results/pivot/e4_gt_fundusavseg.csv,"per outer fold: 1.4826*MAD of the reference-mask biomarkers of that fold's 80 TRAINING images, applied to its 20 held-out images (results/pivot/e4_gt_fundusavseg.csv); no Gate A train scale exists for Fundus-AVSeg (DECISIONS 2026-09-17 13:30 (4))"
per_fold,2,20,0.007912233835284697,0.955354820614018,0.8390977443609022,0.027340761635288674,0.6250462975258638,0.45089263339842656,fundusavseg,reliseg,last,tortuosity,skan,runs/pivot/e4/fold2/reliseg/pred/bio.csv,results/pivot/e4_gt_fundusavseg.csv,"per outer fold: 1.4826*MAD of the reference-mask biomarkers of that fold's 80 TRAINING images, applied to its 20 held-out images (results/pivot/e4_gt_fundusavseg.csv); no Gate A train scale exists for Fundus-AVSeg (DECISIONS 2026-09-17 13:30 (4))"
per_fold,3,20,0.00896684971019265,0.9566163266621242,0.6375939849624059,-0.0251751293408538,0.6381326237723207,0.4866491729761925,fundusavseg,reliseg,last,tortuosity,skan,runs/pivot/e4/fold3/reliseg/pred/bio.csv,results/pivot/e4_gt_fundusavseg.csv,"per outer fold: 1.4826*MAD of the reference-mask biomarkers of that fold's 80 TRAINING images, applied to its 20 held-out images (results/pivot/e4_gt_fundusavseg.csv); no Gate A train scale exists for Fundus-AVSeg (DECISIONS 2026-09-17 13:30 (4))"
per_fold,4,20,0.007870612957589203,0.7376237980805773,0.7593984962406014,0.09652806562046641,0.7499247983303973,0.5239701104479816,fundusavseg,reliseg,last,tortuosity,skan,runs/pivot/e4/fold4/reliseg/pred/bio.csv,results/pivot/e4_gt_fundusavseg.csv,"per outer fold: 1.4826*MAD of the reference-mask biomarkers of that fold's 80 TRAINING images, applied to its 20 held-out images (results/pivot/e4_gt_fundusavseg.csv); no Gate A train scale exists for Fundus-AVSeg (DECISIONS 2026-09-17 13:30 (4))"
oof_pooled,all,100,per-fold,0.9653195691003713,0.917983798379838,-0.10182728712276895,0.4485097550453235,0.3217051483840776,fundusavseg,cfloss,last,tortuosity,skan,runs/pivot/e4/fold0/cfloss/pred/bio.csv;runs/pivot/e4/fold1/cfloss/pred/bio.csv;runs/pivot/e4/fold2/cfloss/pred/bio.csv;runs/pivot/e4/fold3/cfloss/pred/bio.csv;runs/pivot/e4/fold4/cfloss/pred/bio.csv,results/pivot/e4_gt_fundusavseg.csv,"per outer fold: 1.4826*MAD of the reference-mask biomarkers of that fold's 80 TRAINING images, applied to its 20 held-out images (results/pivot/e4_gt_fundusavseg.csv); no Gate A train scale exists for Fundus-AVSeg (DECISIONS 2026-09-17 13:30 (4))"
class_adjusted,all,100,per-fold,0.9652734622688361,0.9209720972097208,,,,fundusavseg,cfloss,last,tortuosity,skan,runs/pivot/e4/fold0/cfloss/pred/bio.csv;runs/pivot/e4/fold1/cfloss/pred/bio.csv;runs/pivot/e4/fold2/cfloss/pred/bio.csv;runs/pivot/e4/fold3/cfloss/pred/bio.csv;runs/pivot/e4/fold4/cfloss/pred/bio.csv,results/pivot/e4_gt_fundusavseg.csv,"per outer fold: 1.4826*MAD of the reference-mask biomarkers of that fold's 80 TRAINING images, applied to its 20 held-out images (results/pivot/e4_gt_fundusavseg.csv); no Gate A train scale exists for Fundus-AVSeg (DECISIONS 2026-09-17 13:30 (4))"
per_fold,0,20,0.00816865754849448,0.971268603702997,0.9578947368421054,-0.06381054820307593,0.4002051666062913,0.27338627197006093,fundusavseg,cfloss,last,tortuosity,skan,runs/pivot/e4/fold0/cfloss/pred/bio.csv,results/pivot/e4_gt_fundusavseg.csv,"per outer fold: 1.4826*MAD of the reference-mask biomarkers of that fold's 80 TRAINING images, applied to its 20 held-out images (results/pivot/e4_gt_fundusavseg.csv); no Gate A train scale exists for Fundus-AVSeg (DECISIONS 2026-09-17 13:30 (4))"
per_fold,1,20,0.008075659217801139,0.8995244100227303,0.8947368421052632,-0.1784718368135791,0.6190211061304088,0.4472116508068013,fundusavseg,cfloss,last,tortuosity,skan,runs/pivot/e4/fold1/cfloss/pred/bio.csv,results/pivot/e4_gt_fundusavseg.csv,"per outer fold: 1.4826*MAD of the reference-mask biomarkers of that fold's 80 TRAINING images, applied to its 20 held-out images (results/pivot/e4_gt_fundusavseg.csv); no Gate A train scale exists for Fundus-AVSeg (DECISIONS 2026-09-17 13:30 (4))"
per_fold,2,20,0.007912233835284697,0.97819338954723,0.9368421052631578,-0.03269204158572825,0.43894514551663094,0.2915236907059291,fundusavseg,cfloss,last,tortuosity,skan,runs/pivot/e4/fold2/cfloss/pred/bio.csv,results/pivot/e4_gt_fundusavseg.csv,"per outer fold: 1.4826*MAD of the reference-mask biomarkers of that fold's 80 TRAINING images, applied to its 20 held-out images (results/pivot/e4_gt_fundusavseg.csv); no Gate A train scale exists for Fundus-AVSeg (DECISIONS 2026-09-17 13:30 (4))"
per_fold,3,20,0.00896684971019265,0.9877051427923694,0.9157894736842105,-0.17374293896566248,0.3502946084146273,0.28148404118834036,fundusavseg,cfloss,last,tortuosity,skan,runs/pivot/e4/fold3/cfloss/pred/bio.csv,results/pivot/e4_gt_fundusavseg.csv,"per outer fold: 1.4826*MAD of the reference-mask biomarkers of that fold's 80 TRAINING images, applied to its 20 held-out images (results/pivot/e4_gt_fundusavseg.csv); no Gate A train scale exists for Fundus-AVSeg (DECISIONS 2026-09-17 13:30 (4))"
per_fold,4,20,0.007870612957589203,0.9243412242152529,0.9127819548872179,-0.06041907004579896,0.41162984530234514,0.3149200872492563,fundusavseg,cfloss,last,tortuosity,skan,runs/pivot/e4/fold4/cfloss/pred/bio.csv,results/pivot/e4_gt_fundusavseg.csv,"per outer fold: 1.4826*MAD of the reference-mask biomarkers of that fold's 80 TRAINING images, applied to its 20 held-out images (results/pivot/e4_gt_fundusavseg.csv); no Gate A train scale exists for Fundus-AVSeg (DECISIONS 2026-09-17 13:30 (4))"
oof_pooled,all,100,per-fold,0.9397804050932396,0.9362584346229798,-0.1407474334609037,0.37471622071430843,0.3010347112029737,fundusavseg,baseline,base_best,density,pvbm,runs/pivot/e4/fold0/base/pred/bio.csv;runs/pivot/e4/fold1/base/pred/bio.csv;runs/pivot/e4/fold2/base/pred/bio.csv;runs/pivot/e4/fold3/base/pred/bio.csv;runs/pivot/e4/fold4/base/pred/bio.csv,results/pivot/e4_gt_fundusavseg.csv,"per outer fold: 1.4826*MAD of the reference-mask biomarkers of that fold's 80 TRAINING images, applied to its 20 held-out images (results/pivot/e4_gt_fundusavseg.csv); no Gate A train scale exists for Fundus-AVSeg (DECISIONS 2026-09-17 13:30 (4))"
class_adjusted,all,100,per-fold,0.938860116460778,0.9322620229925638,,,,fundusavseg,baseline,base_best,density,pvbm,runs/pivot/e4/fold0/base/pred/bio.csv;runs/pivot/e4/fold1/base/pred/bio.csv;runs/pivot/e4/fold2/base/pred/bio.csv;runs/pivot/e4/fold3/base/pred/bio.csv;runs/pivot/e4/fold4/base/pred/bio.csv,results/pivot/e4_gt_fundusavseg.csv,"per outer fold: 1.4826*MAD of the reference-mask biomarkers of that fold's 80 TRAINING images, applied to its 20 held-out images (results/pivot/e4_gt_fundusavseg.csv); no Gate A train scale exists for Fundus-AVSeg (DECISIONS 2026-09-17 13:30 (4))"
per_fold,0,20,0.0089939844779173,0.9515644289431139,0.8887218045112781,-0.11823920390471561,0.33543213406513955,0.2863462419020568,fundusavseg,baseline,base_best,density,pvbm,runs/pivot/e4/fold0/base/pred/bio.csv,results/pivot/e4_gt_fundusavseg.csv,"per outer fold: 1.4826*MAD of the reference-mask biomarkers of that fold's 80 TRAINING images, applied to its 20 held-out images (results/pivot/e4_gt_fundusavseg.csv); no Gate A train scale exists for Fundus-AVSeg (DECISIONS 2026-09-17 13:30 (4))"
per_fold,1,20,0.008190823966324565,0.9230512958881578,0.9022556390977443,-0.09181175654270429,0.3749267181960277,0.2926691225333079,fundusavseg,baseline,base_best,density,pvbm,runs/pivot/e4/fold1/base/pred/bio.csv,results/pivot/e4_gt_fundusavseg.csv,"per outer fold: 1.4826*MAD of the reference-mask biomarkers of that fold's 80 TRAINING images, applied to its 20 held-out images (results/pivot/e4_gt_fundusavseg.csv); no Gate A train scale exists for Fundus-AVSeg (DECISIONS 2026-09-17 13:30 (4))"
per_fold,2,20,0.00868457864470709,0.9244449056486091,0.9067669172932331,-0.25855187995027673,0.458453322067309,0.3665539561016444,fundusavseg,baseline,base_best,density,pvbm,runs/pivot/e4/fold2/base/pred/bio.csv,results/pivot/e4_gt_fundusavseg.csv,"per outer fold: 1.4826*MAD of the reference-mask biomarkers of that fold's 80 TRAINING images, applied to its 20 held-out images (results/pivot/e4_gt_fundusavseg.csv); no Gate A train scale exists for Fundus-AVSeg (DECISIONS 2026-09-17 13:30 (4))"
per_fold,3,20,0.008675713993148806,0.8786215748974965,0.8992481203007519,-0.1257111511874005,0.43395741245557135,0.3331874627182569,fundusavseg,baseline,base_best,density,pvbm,runs/pivot/e4/fold3/base/pred/bio.csv,results/pivot/e4_gt_fundusavseg.csv,"per outer fold: 1.4826*MAD of the reference-mask biomarkers of that fold's 80 TRAINING images, applied to its 20 held-out images (results/pivot/e4_gt_fundusavseg.csv); no Gate A train scale exists for Fundus-AVSeg (DECISIONS 2026-09-17 13:30 (4))"
per_fold,4,20,0.008346740305810157,0.9849485655879221,0.9699248120300751,-0.10942317571942124,0.24719484741866637,0.22641677275960242,fundusavseg,baseline,base_best,density,pvbm,runs/pivot/e4/fold4/base/pred/bio.csv,results/pivot/e4_gt_fundusavseg.csv,"per outer fold: 1.4826*MAD of the reference-mask biomarkers of that fold's 80 TRAINING images, applied to its 20 held-out images (results/pivot/e4_gt_fundusavseg.csv); no Gate A train scale exists for Fundus-AVSeg (DECISIONS 2026-09-17 13:30 (4))"
oof_pooled,all,100,per-fold,0.9398427150380259,0.9347222763986757,-0.009358238628418109,0.3726306865640689,0.2938738222352217,fundusavseg,continued,last,density,pvbm,runs/pivot/e4/fold0/continued/pred/bio.csv;runs/pivot/e4/fold1/continued/pred/bio.csv;runs/pivot/e4/fold2/continued/pred/bio.csv;runs/pivot/e4/fold3/continued/pred/bio.csv;runs/pivot/e4/fold4/continued/pred/bio.csv,results/pivot/e4_gt_fundusavseg.csv,"per outer fold: 1.4826*MAD of the reference-mask biomarkers of that fold's 80 TRAINING images, applied to its 20 held-out images (results/pivot/e4_gt_fundusavseg.csv); no Gate A train scale exists for Fundus-AVSeg (DECISIONS 2026-09-17 13:30 (4))"
class_adjusted,all,100,per-fold,0.9391728964797887,0.9286256484459691,,,,fundusavseg,continued,last,density,pvbm,runs/pivot/e4/fold0/continued/pred/bio.csv;runs/pivot/e4/fold1/continued/pred/bio.csv;runs/pivot/e4/fold2/continued/pred/bio.csv;runs/pivot/e4/fold3/continued/pred/bio.csv;runs/pivot/e4/fold4/continued/pred/bio.csv,results/pivot/e4_gt_fundusavseg.csv,"per outer fold: 1.4826*MAD of the reference-mask biomarkers of that fold's 80 TRAINING images, applied to its 20 held-out images (results/pivot/e4_gt_fundusavseg.csv); no Gate A train scale exists for Fundus-AVSeg (DECISIONS 2026-09-17 13:30 (4))"
per_fold,0,20,0.0089939844779173,0.9471963563319867,0.8676691729323308,-0.07381417751407533,0.33531684038844484,0.2753289776135297,fundusavseg,continued,last,density,pvbm,runs/pivot/e4/fold0/continued/pred/bio.csv,results/pivot/e4_gt_fundusavseg.csv,"per outer fold: 1.4826*MAD of the reference-mask biomarkers of that fold's 80 TRAINING images, applied to its 20 held-out images (results/pivot/e4_gt_fundusavseg.csv); no Gate A train scale exists for Fundus-AVSeg (DECISIONS 2026-09-17 13:30 (4))"
per_fold,1,20,0.008190823966324565,0.922036124867189,0.882706766917293,-0.013426633339386337,0.3730530228896363,0.2760877148924018,fundusavseg,continued,last,density,pvbm,runs/pivot/e4/fold1/continued/pred/bio.csv,results/pivot/e4_gt_fundusavseg.csv,"per outer fold: 1.4826*MAD of the reference-mask biomarkers of that fold's 80 TRAINING images, applied to its 20 held-out images (results/pivot/e4_gt_fundusavseg.csv); no Gate A train scale exists for Fundus-AVSeg (DECISIONS 2026-09-17 13:30 (4))"
per_fold,2,20,0.00868457864470709,0.9255695420299213,0.9218045112781955,-0.01983287418198966,0.45703929752090217,0.35529671837148225,fundusavseg,continued,last,density,pvbm,runs/pivot/e4/fold2/continued/pred/bio.csv,results/pivot/e4_gt_fundusavseg.csv,"per outer fold: 1.4826*MAD of the reference-mask biomarkers of that fold's 80 TRAINING images, applied to its 20 held-out images (results/pivot/e4_gt_fundusavseg.csv); no Gate A train scale exists for Fundus-AVSeg (DECISIONS 2026-09-17 13:30 (4))"
per_fold,3,20,0.008675713993148806,0.8786277326386707,0.8992481203007519,-0.022188294216206557,0.43591504476964255,0.3475215998674436,fundusavseg,continued,last,density,pvbm,runs/pivot/e4/fold3/continued/pred/bio.csv,results/pivot/e4_gt_fundusavseg.csv,"per outer fold: 1.4826*MAD of the reference-mask biomarkers of that fold's 80 TRAINING images, applied to its 20 held-out images (results/pivot/e4_gt_fundusavseg.csv); no Gate A train scale exists for Fundus-AVSeg (DECISIONS 2026-09-17 13:30 (4))"
per_fold,4,20,0.008346740305810157,0.9856297551576816,0.9699248120300751,0.08247078610956733,0.24378656693517314,0.2151341004312514,fundusavseg,continued,last,density,pvbm,runs/pivot/e4/fold4/continued/pred/bio.csv,results/pivot/e4_gt_fundusavseg.csv,"per outer fold: 1.4826*MAD of the reference-mask biomarkers of that fold's 80 TRAINING images, applied to its 20 held-out images (results/pivot/e4_gt_fundusavseg.csv); no Gate A train scale exists for Fundus-AVSeg (DECISIONS 2026-09-17 13:30 (4))"
oof_pooled,all,100,per-fold,0.938571744328891,0.9308458771295335,-0.03158184343089266,0.3710150710312471,0.2916671716114542,fundusavseg,reliseg,last,density,pvbm,runs/pivot/e4/fold0/reliseg/pred/bio.csv;runs/pivot/e4/fold1/reliseg/pred/bio.csv;runs/pivot/e4/fold2/reliseg/pred/bio.csv;runs/pivot/e4/fold3/reliseg/pred/bio.csv;runs/pivot/e4/fold4/reliseg/pred/bio.csv,results/pivot/e4_gt_fundusavseg.csv,"per outer fold: 1.4826*MAD of the reference-mask biomarkers of that fold's 80 TRAINING images, applied to its 20 held-out images (results/pivot/e4_gt_fundusavseg.csv); no Gate A train scale exists for Fundus-AVSeg (DECISIONS 2026-09-17 13:30 (4))"
class_adjusted,all,100,per-fold,0.9370808624020818,0.9255413307612337,,,,fundusavseg,reliseg,last,density,pvbm,runs/pivot/e4/fold0/reliseg/pred/bio.csv;runs/pivot/e4/fold1/reliseg/pred/bio.csv;runs/pivot/e4/fold2/reliseg/pred/bio.csv;runs/pivot/e4/fold3/reliseg/pred/bio.csv;runs/pivot/e4/fold4/reliseg/pred/bio.csv,results/pivot/e4_gt_fundusavseg.csv,"per outer fold: 1.4826*MAD of the reference-mask biomarkers of that fold's 80 TRAINING images, applied to its 20 held-out images (results/pivot/e4_gt_fundusavseg.csv); no Gate A train scale exists for Fundus-AVSeg (DECISIONS 2026-09-17 13:30 (4))"
per_fold,0,20,0.0089939844779173,0.9432952368928765,0.8556390977443609,-0.06409595283152139,0.33476477062638815,0.27599330164466357,fundusavseg,reliseg,last,density,pvbm,runs/pivot/e4/fold0/reliseg/pred/bio.csv,results/pivot/e4_gt_fundusavseg.csv,"per outer fold: 1.4826*MAD of the reference-mask biomarkers of that fold's 80 TRAINING images, applied to its 20 held-out images (results/pivot/e4_gt_fundusavseg.csv); no Gate A train scale exists for Fundus-AVSeg (DECISIONS 2026-09-17 13:30 (4))"
per_fold,1,20,0.008190823966324565,0.9281188193143317,0.9082706766917292,-0.027670145962631842,0.3473500957518684,0.2547080942534266,fundusavseg,reliseg,last,density,pvbm,runs/pivot/e4/fold1/reliseg/pred/bio.csv,results/pivot/e4_gt_fundusavseg.csv,"per outer fold: 1.4826*MAD of the reference-mask biomarkers of that fold's 80 TRAINING images, applied to its 20 held-out images (results/pivot/e4_gt_fundusavseg.csv); no Gate A train scale exists for Fundus-AVSeg (DECISIONS 2026-09-17 13:30 (4))"
per_fold,2,20,0.00868457864470709,0.9269504995055675,0.9293233082706768,-0.06562177558638545,0.4531237876362502,0.35720639079823163,fundusavseg,reliseg,last,density,pvbm,runs/pivot/e4/fold2/reliseg/pred/bio.csv,results/pivot/e4_gt_fundusavseg.csv,"per outer fold: 1.4826*MAD of the reference-mask biomarkers of that fold's 80 TRAINING images, applied to its 20 held-out images (results/pivot/e4_gt_fundusavseg.csv); no Gate A train scale exists for Fundus-AVSeg (DECISIONS 2026-09-17 13:30 (4))"
per_fold,3,20,0.008675713993148806,0.866924988387413,0.8781954887218045,-0.03267086050289324,0.45483616728478166,0.3550307809511414,fundusavseg,reliseg,last,density,pvbm,runs/pivot/e4/fold3/reliseg/pred/bio.csv,results/pivot/e4_gt_fundusavseg.csv,"per outer fold: 1.4826*MAD of the reference-mask biomarkers of that fold's 80 TRAINING images, applied to its 20 held-out images (results/pivot/e4_gt_fundusavseg.csv); no Gate A train scale exists for Fundus-AVSeg (DECISIONS 2026-09-17 13:30 (4))"
per_fold,4,20,0.008346740305810157,0.9836600200546369,0.9578947368421054,0.03214951772896866,0.25631689506883587,0.21539729040980804,fundusavseg,reliseg,last,density,pvbm,runs/pivot/e4/fold4/reliseg/pred/bio.csv,results/pivot/e4_gt_fundusavseg.csv,"per outer fold: 1.4826*MAD of the reference-mask biomarkers of that fold's 80 TRAINING images, applied to its 20 held-out images (results/pivot/e4_gt_fundusavseg.csv); no Gate A train scale exists for Fundus-AVSeg (DECISIONS 2026-09-17 13:30 (4))"
oof_pooled,all,100,per-fold,0.9383410662945015,0.9310618993798263,-0.2745256679083126,0.374817569195007,0.35512802411464656,fundusavseg,cfloss,last,density,pvbm,runs/pivot/e4/fold0/cfloss/pred/bio.csv;runs/pivot/e4/fold1/cfloss/pred/bio.csv;runs/pivot/e4/fold2/cfloss/pred/bio.csv;runs/pivot/e4/fold3/cfloss/pred/bio.csv;runs/pivot/e4/fold4/cfloss/pred/bio.csv,results/pivot/e4_gt_fundusavseg.csv,"per outer fold: 1.4826*MAD of the reference-mask biomarkers of that fold's 80 TRAINING images, applied to its 20 held-out images (results/pivot/e4_gt_fundusavseg.csv); no Gate A train scale exists for Fundus-AVSeg (DECISIONS 2026-09-17 13:30 (4))"
class_adjusted,all,100,per-fold,0.9377911078913265,0.9248092553574638,,,,fundusavseg,cfloss,last,density,pvbm,runs/pivot/e4/fold0/cfloss/pred/bio.csv;runs/pivot/e4/fold1/cfloss/pred/bio.csv;runs/pivot/e4/fold2/cfloss/pred/bio.csv;runs/pivot/e4/fold3/cfloss/pred/bio.csv;runs/pivot/e4/fold4/cfloss/pred/bio.csv,results/pivot/e4_gt_fundusavseg.csv,"per outer fold: 1.4826*MAD of the reference-mask biomarkers of that fold's 80 TRAINING images, applied to its 20 held-out images (results/pivot/e4_gt_fundusavseg.csv); no Gate A train scale exists for Fundus-AVSeg (DECISIONS 2026-09-17 13:30 (4))"
per_fold,0,20,0.0089939844779173,0.9453721798412401,0.8586466165413533,-0.34014054581009817,0.34862934878789403,0.3963664958664663,fundusavseg,cfloss,last,density,pvbm,runs/pivot/e4/fold0/cfloss/pred/bio.csv,results/pivot/e4_gt_fundusavseg.csv,"per outer fold: 1.4826*MAD of the reference-mask biomarkers of that fold's 80 TRAINING images, applied to its 20 held-out images (results/pivot/e4_gt_fundusavseg.csv); no Gate A train scale exists for Fundus-AVSeg (DECISIONS 2026-09-17 13:30 (4))"
per_fold,1,20,0.008190823966324565,0.9222149124887693,0.882706766917293,-0.2395933511391894,0.3687383724481997,0.3431338471820053,fundusavseg,cfloss,last,density,pvbm,runs/pivot/e4/fold1/cfloss/pred/bio.csv,results/pivot/e4_gt_fundusavseg.csv,"per outer fold: 1.4826*MAD of the reference-mask biomarkers of that fold's 80 TRAINING images, applied to its 20 held-out images (results/pivot/e4_gt_fundusavseg.csv); no Gate A train scale exists for Fundus-AVSeg (DECISIONS 2026-09-17 13:30 (4))"
per_fold,2,20,0.00868457864470709,0.9239964148143528,0.9218045112781955,-0.270794511464693,0.4606222865805535,0.3785963341567096,fundusavseg,cfloss,last,density,pvbm,runs/pivot/e4/fold2/cfloss/pred/bio.csv,results/pivot/e4_gt_fundusavseg.csv,"per outer fold: 1.4826*MAD of the reference-mask biomarkers of that fold's 80 TRAINING images, applied to its 20 held-out images (results/pivot/e4_gt_fundusavseg.csv); no Gate A train scale exists for Fundus-AVSeg (DECISIONS 2026-09-17 13:30 (4))"
per_fold,3,20,0.008675713993148806,0.8703557687348468,0.8932330827067668,-0.29126498159075653,0.4476142712507099,0.399458639736762,fundusavseg,cfloss,last,density,pvbm,runs/pivot/e4/fold3/cfloss/pred/bio.csv,results/pivot/e4_gt_fundusavseg.csv,"per outer fold: 1.4826*MAD of the reference-mask biomarkers of that fold's 80 TRAINING images, applied to its 20 held-out images (results/pivot/e4_gt_fundusavseg.csv); no Gate A train scale exists for Fundus-AVSeg (DECISIONS 2026-09-17 13:30 (4))"
per_fold,4,20,0.008346740305810157,0.9871947677044032,0.9699248120300751,-0.23083494953682604,0.23203518645916052,0.2580848036312895,fundusavseg,cfloss,last,density,pvbm,runs/pivot/e4/fold4/cfloss/pred/bio.csv,results/pivot/e4_gt_fundusavseg.csv,"per outer fold: 1.4826*MAD of the reference-mask biomarkers of that fold's 80 TRAINING images, applied to its 20 held-out images (results/pivot/e4_gt_fundusavseg.csv); no Gate A train scale exists for Fundus-AVSeg (DECISIONS 2026-09-17 13:30 (4))"
oof_pooled,all,100,per-fold,0.9397804050932396,0.9362584346229798,-0.1407474334609037,0.37471622071430843,0.3010347112029737,fundusavseg,baseline,base_best,density,skan,runs/pivot/e4/fold0/base/pred/bio.csv;runs/pivot/e4/fold1/base/pred/bio.csv;runs/pivot/e4/fold2/base/pred/bio.csv;runs/pivot/e4/fold3/base/pred/bio.csv;runs/pivot/e4/fold4/base/pred/bio.csv,results/pivot/e4_gt_fundusavseg.csv,"per outer fold: 1.4826*MAD of the reference-mask biomarkers of that fold's 80 TRAINING images, applied to its 20 held-out images (results/pivot/e4_gt_fundusavseg.csv); no Gate A train scale exists for Fundus-AVSeg (DECISIONS 2026-09-17 13:30 (4))"
class_adjusted,all,100,per-fold,0.938860116460778,0.9322620229925638,,,,fundusavseg,baseline,base_best,density,skan,runs/pivot/e4/fold0/base/pred/bio.csv;runs/pivot/e4/fold1/base/pred/bio.csv;runs/pivot/e4/fold2/base/pred/bio.csv;runs/pivot/e4/fold3/base/pred/bio.csv;runs/pivot/e4/fold4/base/pred/bio.csv,results/pivot/e4_gt_fundusavseg.csv,"per outer fold: 1.4826*MAD of the reference-mask biomarkers of that fold's 80 TRAINING images, applied to its 20 held-out images (results/pivot/e4_gt_fundusavseg.csv); no Gate A train scale exists for Fundus-AVSeg (DECISIONS 2026-09-17 13:30 (4))"
per_fold,0,20,0.0089939844779173,0.9515644289431139,0.8887218045112781,-0.11823920390471561,0.33543213406513955,0.2863462419020568,fundusavseg,baseline,base_best,density,skan,runs/pivot/e4/fold0/base/pred/bio.csv,results/pivot/e4_gt_fundusavseg.csv,"per outer fold: 1.4826*MAD of the reference-mask biomarkers of that fold's 80 TRAINING images, applied to its 20 held-out images (results/pivot/e4_gt_fundusavseg.csv); no Gate A train scale exists for Fundus-AVSeg (DECISIONS 2026-09-17 13:30 (4))"
per_fold,1,20,0.008190823966324565,0.9230512958881578,0.9022556390977443,-0.09181175654270429,0.3749267181960277,0.2926691225333079,fundusavseg,baseline,base_best,density,skan,runs/pivot/e4/fold1/base/pred/bio.csv,results/pivot/e4_gt_fundusavseg.csv,"per outer fold: 1.4826*MAD of the reference-mask biomarkers of that fold's 80 TRAINING images, applied to its 20 held-out images (results/pivot/e4_gt_fundusavseg.csv); no Gate A train scale exists for Fundus-AVSeg (DECISIONS 2026-09-17 13:30 (4))"
per_fold,2,20,0.00868457864470709,0.9244449056486091,0.9067669172932331,-0.25855187995027673,0.458453322067309,0.3665539561016444,fundusavseg,baseline,base_best,density,skan,runs/pivot/e4/fold2/base/pred/bio.csv,results/pivot/e4_gt_fundusavseg.csv,"per outer fold: 1.4826*MAD of the reference-mask biomarkers of that fold's 80 TRAINING images, applied to its 20 held-out images (results/pivot/e4_gt_fundusavseg.csv); no Gate A train scale exists for Fundus-AVSeg (DECISIONS 2026-09-17 13:30 (4))"
per_fold,3,20,0.008675713993148806,0.8786215748974965,0.8992481203007519,-0.1257111511874005,0.43395741245557135,0.3331874627182569,fundusavseg,baseline,base_best,density,skan,runs/pivot/e4/fold3/base/pred/bio.csv,results/pivot/e4_gt_fundusavseg.csv,"per outer fold: 1.4826*MAD of the reference-mask biomarkers of that fold's 80 TRAINING images, applied to its 20 held-out images (results/pivot/e4_gt_fundusavseg.csv); no Gate A train scale exists for Fundus-AVSeg (DECISIONS 2026-09-17 13:30 (4))"
per_fold,4,20,0.008346740305810157,0.9849485655879221,0.9699248120300751,-0.10942317571942124,0.24719484741866637,0.22641677275960242,fundusavseg,baseline,base_best,density,skan,runs/pivot/e4/fold4/base/pred/bio.csv,results/pivot/e4_gt_fundusavseg.csv,"per outer fold: 1.4826*MAD of the reference-mask biomarkers of that fold's 80 TRAINING images, applied to its 20 held-out images (results/pivot/e4_gt_fundusavseg.csv); no Gate A train scale exists for Fundus-AVSeg (DECISIONS 2026-09-17 13:30 (4))"
oof_pooled,all,100,per-fold,0.9398427150380259,0.9347222763986757,-0.009358238628418109,0.3726306865640689,0.2938738222352217,fundusavseg,continued,last,density,skan,runs/pivot/e4/fold0/continued/pred/bio.csv;runs/pivot/e4/fold1/continued/pred/bio.csv;runs/pivot/e4/fold2/continued/pred/bio.csv;runs/pivot/e4/fold3/continued/pred/bio.csv;runs/pivot/e4/fold4/continued/pred/bio.csv,results/pivot/e4_gt_fundusavseg.csv,"per outer fold: 1.4826*MAD of the reference-mask biomarkers of that fold's 80 TRAINING images, applied to its 20 held-out images (results/pivot/e4_gt_fundusavseg.csv); no Gate A train scale exists for Fundus-AVSeg (DECISIONS 2026-09-17 13:30 (4))"
class_adjusted,all,100,per-fold,0.9391728964797887,0.9286256484459691,,,,fundusavseg,continued,last,density,skan,runs/pivot/e4/fold0/continued/pred/bio.csv;runs/pivot/e4/fold1/continued/pred/bio.csv;runs/pivot/e4/fold2/continued/pred/bio.csv;runs/pivot/e4/fold3/continued/pred/bio.csv;runs/pivot/e4/fold4/continued/pred/bio.csv,results/pivot/e4_gt_fundusavseg.csv,"per outer fold: 1.4826*MAD of the reference-mask biomarkers of that fold's 80 TRAINING images, applied to its 20 held-out images (results/pivot/e4_gt_fundusavseg.csv); no Gate A train scale exists for Fundus-AVSeg (DECISIONS 2026-09-17 13:30 (4))"
per_fold,0,20,0.0089939844779173,0.9471963563319867,0.8676691729323308,-0.07381417751407533,0.33531684038844484,0.2753289776135297,fundusavseg,continued,last,density,skan,runs/pivot/e4/fold0/continued/pred/bio.csv,results/pivot/e4_gt_fundusavseg.csv,"per outer fold: 1.4826*MAD of the reference-mask biomarkers of that fold's 80 TRAINING images, applied to its 20 held-out images (results/pivot/e4_gt_fundusavseg.csv); no Gate A train scale exists for Fundus-AVSeg (DECISIONS 2026-09-17 13:30 (4))"
per_fold,1,20,0.008190823966324565,0.922036124867189,0.882706766917293,-0.013426633339386337,0.3730530228896363,0.2760877148924018,fundusavseg,continued,last,density,skan,runs/pivot/e4/fold1/continued/pred/bio.csv,results/pivot/e4_gt_fundusavseg.csv,"per outer fold: 1.4826*MAD of the reference-mask biomarkers of that fold's 80 TRAINING images, applied to its 20 held-out images (results/pivot/e4_gt_fundusavseg.csv); no Gate A train scale exists for Fundus-AVSeg (DECISIONS 2026-09-17 13:30 (4))"
per_fold,2,20,0.00868457864470709,0.9255695420299213,0.9218045112781955,-0.01983287418198966,0.45703929752090217,0.35529671837148225,fundusavseg,continued,last,density,skan,runs/pivot/e4/fold2/continued/pred/bio.csv,results/pivot/e4_gt_fundusavseg.csv,"per outer fold: 1.4826*MAD of the reference-mask biomarkers of that fold's 80 TRAINING images, applied to its 20 held-out images (results/pivot/e4_gt_fundusavseg.csv); no Gate A train scale exists for Fundus-AVSeg (DECISIONS 2026-09-17 13:30 (4))"
per_fold,3,20,0.008675713993148806,0.8786277326386707,0.8992481203007519,-0.022188294216206557,0.43591504476964255,0.3475215998674436,fundusavseg,continued,last,density,skan,runs/pivot/e4/fold3/continued/pred/bio.csv,results/pivot/e4_gt_fundusavseg.csv,"per outer fold: 1.4826*MAD of the reference-mask biomarkers of that fold's 80 TRAINING images, applied to its 20 held-out images (results/pivot/e4_gt_fundusavseg.csv); no Gate A train scale exists for Fundus-AVSeg (DECISIONS 2026-09-17 13:30 (4))"
per_fold,4,20,0.008346740305810157,0.9856297551576816,0.9699248120300751,0.08247078610956733,0.24378656693517314,0.2151341004312514,fundusavseg,continued,last,density,skan,runs/pivot/e4/fold4/continued/pred/bio.csv,results/pivot/e4_gt_fundusavseg.csv,"per outer fold: 1.4826*MAD of the reference-mask biomarkers of that fold's 80 TRAINING images, applied to its 20 held-out images (results/pivot/e4_gt_fundusavseg.csv); no Gate A train scale exists for Fundus-AVSeg (DECISIONS 2026-09-17 13:30 (4))"
oof_pooled,all,100,per-fold,0.938571744328891,0.9308458771295335,-0.03158184343089266,0.3710150710312471,0.2916671716114542,fundusavseg,reliseg,last,density,skan,runs/pivot/e4/fold0/reliseg/pred/bio.csv;runs/pivot/e4/fold1/reliseg/pred/bio.csv;runs/pivot/e4/fold2/reliseg/pred/bio.csv;runs/pivot/e4/fold3/reliseg/pred/bio.csv;runs/pivot/e4/fold4/reliseg/pred/bio.csv,results/pivot/e4_gt_fundusavseg.csv,"per outer fold: 1.4826*MAD of the reference-mask biomarkers of that fold's 80 TRAINING images, applied to its 20 held-out images (results/pivot/e4_gt_fundusavseg.csv); no Gate A train scale exists for Fundus-AVSeg (DECISIONS 2026-09-17 13:30 (4))"
class_adjusted,all,100,per-fold,0.9370808624020818,0.9255413307612337,,,,fundusavseg,reliseg,last,density,skan,runs/pivot/e4/fold0/reliseg/pred/bio.csv;runs/pivot/e4/fold1/reliseg/pred/bio.csv;runs/pivot/e4/fold2/reliseg/pred/bio.csv;runs/pivot/e4/fold3/reliseg/pred/bio.csv;runs/pivot/e4/fold4/reliseg/pred/bio.csv,results/pivot/e4_gt_fundusavseg.csv,"per outer fold: 1.4826*MAD of the reference-mask biomarkers of that fold's 80 TRAINING images, applied to its 20 held-out images (results/pivot/e4_gt_fundusavseg.csv); no Gate A train scale exists for Fundus-AVSeg (DECISIONS 2026-09-17 13:30 (4))"
per_fold,0,20,0.0089939844779173,0.9432952368928765,0.8556390977443609,-0.06409595283152139,0.33476477062638815,0.27599330164466357,fundusavseg,reliseg,last,density,skan,runs/pivot/e4/fold0/reliseg/pred/bio.csv,results/pivot/e4_gt_fundusavseg.csv,"per outer fold: 1.4826*MAD of the reference-mask biomarkers of that fold's 80 TRAINING images, applied to its 20 held-out images (results/pivot/e4_gt_fundusavseg.csv); no Gate A train scale exists for Fundus-AVSeg (DECISIONS 2026-09-17 13:30 (4))"
per_fold,1,20,0.008190823966324565,0.9281188193143317,0.9082706766917292,-0.027670145962631842,0.3473500957518684,0.2547080942534266,fundusavseg,reliseg,last,density,skan,runs/pivot/e4/fold1/reliseg/pred/bio.csv,results/pivot/e4_gt_fundusavseg.csv,"per outer fold: 1.4826*MAD of the reference-mask biomarkers of that fold's 80 TRAINING images, applied to its 20 held-out images (results/pivot/e4_gt_fundusavseg.csv); no Gate A train scale exists for Fundus-AVSeg (DECISIONS 2026-09-17 13:30 (4))"
per_fold,2,20,0.00868457864470709,0.9269504995055675,0.9293233082706768,-0.06562177558638545,0.4531237876362502,0.35720639079823163,fundusavseg,reliseg,last,density,skan,runs/pivot/e4/fold2/reliseg/pred/bio.csv,results/pivot/e4_gt_fundusavseg.csv,"per outer fold: 1.4826*MAD of the reference-mask biomarkers of that fold's 80 TRAINING images, applied to its 20 held-out images (results/pivot/e4_gt_fundusavseg.csv); no Gate A train scale exists for Fundus-AVSeg (DECISIONS 2026-09-17 13:30 (4))"
per_fold,3,20,0.008675713993148806,0.866924988387413,0.8781954887218045,-0.03267086050289324,0.45483616728478166,0.3550307809511414,fundusavseg,reliseg,last,density,skan,runs/pivot/e4/fold3/reliseg/pred/bio.csv,results/pivot/e4_gt_fundusavseg.csv,"per outer fold: 1.4826*MAD of the reference-mask biomarkers of that fold's 80 TRAINING images, applied to its 20 held-out images (results/pivot/e4_gt_fundusavseg.csv); no Gate A train scale exists for Fundus-AVSeg (DECISIONS 2026-09-17 13:30 (4))"
per_fold,4,20,0.008346740305810157,0.9836600200546369,0.9578947368421054,0.03214951772896866,0.25631689506883587,0.21539729040980804,fundusavseg,reliseg,last,density,skan,runs/pivot/e4/fold4/reliseg/pred/bio.csv,results/pivot/e4_gt_fundusavseg.csv,"per outer fold: 1.4826*MAD of the reference-mask biomarkers of that fold's 80 TRAINING images, applied to its 20 held-out images (results/pivot/e4_gt_fundusavseg.csv); no Gate A train scale exists for Fundus-AVSeg (DECISIONS 2026-09-17 13:30 (4))"
oof_pooled,all,100,per-fold,0.9383410662945015,0.9310618993798263,-0.2745256679083126,0.374817569195007,0.35512802411464656,fundusavseg,cfloss,last,density,skan,runs/pivot/e4/fold0/cfloss/pred/bio.csv;runs/pivot/e4/fold1/cfloss/pred/bio.csv;runs/pivot/e4/fold2/cfloss/pred/bio.csv;runs/pivot/e4/fold3/cfloss/pred/bio.csv;runs/pivot/e4/fold4/cfloss/pred/bio.csv,results/pivot/e4_gt_fundusavseg.csv,"per outer fold: 1.4826*MAD of the reference-mask biomarkers of that fold's 80 TRAINING images, applied to its 20 held-out images (results/pivot/e4_gt_fundusavseg.csv); no Gate A train scale exists for Fundus-AVSeg (DECISIONS 2026-09-17 13:30 (4))"
class_adjusted,all,100,per-fold,0.9377911078913265,0.9248092553574638,,,,fundusavseg,cfloss,last,density,skan,runs/pivot/e4/fold0/cfloss/pred/bio.csv;runs/pivot/e4/fold1/cfloss/pred/bio.csv;runs/pivot/e4/fold2/cfloss/pred/bio.csv;runs/pivot/e4/fold3/cfloss/pred/bio.csv;runs/pivot/e4/fold4/cfloss/pred/bio.csv,results/pivot/e4_gt_fundusavseg.csv,"per outer fold: 1.4826*MAD of the reference-mask biomarkers of that fold's 80 TRAINING images, applied to its 20 held-out images (results/pivot/e4_gt_fundusavseg.csv); no Gate A train scale exists for Fundus-AVSeg (DECISIONS 2026-09-17 13:30 (4))"
per_fold,0,20,0.0089939844779173,0.9453721798412401,0.8586466165413533,-0.34014054581009817,0.34862934878789403,0.3963664958664663,fundusavseg,cfloss,last,density,skan,runs/pivot/e4/fold0/cfloss/pred/bio.csv,results/pivot/e4_gt_fundusavseg.csv,"per outer fold: 1.4826*MAD of the reference-mask biomarkers of that fold's 80 TRAINING images, applied to its 20 held-out images (results/pivot/e4_gt_fundusavseg.csv); no Gate A train scale exists for Fundus-AVSeg (DECISIONS 2026-09-17 13:30 (4))"
per_fold,1,20,0.008190823966324565,0.9222149124887693,0.882706766917293,-0.2395933511391894,0.3687383724481997,0.3431338471820053,fundusavseg,cfloss,last,density,skan,runs/pivot/e4/fold1/cfloss/pred/bio.csv,results/pivot/e4_gt_fundusavseg.csv,"per outer fold: 1.4826*MAD of the reference-mask biomarkers of that fold's 80 TRAINING images, applied to its 20 held-out images (results/pivot/e4_gt_fundusavseg.csv); no Gate A train scale exists for Fundus-AVSeg (DECISIONS 2026-09-17 13:30 (4))"
per_fold,2,20,0.00868457864470709,0.9239964148143528,0.9218045112781955,-0.270794511464693,0.4606222865805535,0.3785963341567096,fundusavseg,cfloss,last,density,skan,runs/pivot/e4/fold2/cfloss/pred/bio.csv,results/pivot/e4_gt_fundusavseg.csv,"per outer fold: 1.4826*MAD of the reference-mask biomarkers of that fold's 80 TRAINING images, applied to its 20 held-out images (results/pivot/e4_gt_fundusavseg.csv); no Gate A train scale exists for Fundus-AVSeg (DECISIONS 2026-09-17 13:30 (4))"
per_fold,3,20,0.008675713993148806,0.8703557687348468,0.8932330827067668,-0.29126498159075653,0.4476142712507099,0.399458639736762,fundusavseg,cfloss,last,density,skan,runs/pivot/e4/fold3/cfloss/pred/bio.csv,results/pivot/e4_gt_fundusavseg.csv,"per outer fold: 1.4826*MAD of the reference-mask biomarkers of that fold's 80 TRAINING images, applied to its 20 held-out images (results/pivot/e4_gt_fundusavseg.csv); no Gate A train scale exists for Fundus-AVSeg (DECISIONS 2026-09-17 13:30 (4))"
per_fold,4,20,0.008346740305810157,0.9871947677044032,0.9699248120300751,-0.23083494953682604,0.23203518645916052,0.2580848036312895,fundusavseg,cfloss,last,density,skan,runs/pivot/e4/fold4/cfloss/pred/bio.csv,results/pivot/e4_gt_fundusavseg.csv,"per outer fold: 1.4826*MAD of the reference-mask biomarkers of that fold's 80 TRAINING images, applied to its 20 held-out images (results/pivot/e4_gt_fundusavseg.csv); no Gate A train scale exists for Fundus-AVSeg (DECISIONS 2026-09-17 13:30 (4))"
oof_pooled,all,100,per-fold,0.9882719459415528,0.9645484548454845,-0.5066848531764923,0.6145064318841846,0.5332001774064815,fundusavseg,baseline,base_best,total_length,pvbm,runs/pivot/e4/fold0/base/pred/bio.csv;runs/pivot/e4/fold1/base/pred/bio.csv;runs/pivot/e4/fold2/base/pred/bio.csv;runs/pivot/e4/fold3/base/pred/bio.csv;runs/pivot/e4/fold4/base/pred/bio.csv,results/pivot/e4_gt_fundusavseg.csv,"per outer fold: 1.4826*MAD of the reference-mask biomarkers of that fold's 80 TRAINING images, applied to its 20 held-out images (results/pivot/e4_gt_fundusavseg.csv); no Gate A train scale exists for Fundus-AVSeg (DECISIONS 2026-09-17 13:30 (4))"
class_adjusted,all,100,per-fold,0.9884181568501835,0.9534593459345934,,,,fundusavseg,baseline,base_best,total_length,pvbm,runs/pivot/e4/fold0/base/pred/bio.csv;runs/pivot/e4/fold1/base/pred/bio.csv;runs/pivot/e4/fold2/base/pred/bio.csv;runs/pivot/e4/fold3/base/pred/bio.csv;runs/pivot/e4/fold4/base/pred/bio.csv,results/pivot/e4_gt_fundusavseg.csv,"per outer fold: 1.4826*MAD of the reference-mask biomarkers of that fold's 80 TRAINING images, applied to its 20 held-out images (results/pivot/e4_gt_fundusavseg.csv); no Gate A train scale exists for Fundus-AVSeg (DECISIONS 2026-09-17 13:30 (4))"
per_fold,0,20,2832.1035409537008,0.9901346726815968,0.9909774436090225,-0.4031576121796058,0.44331330723250273,0.40602814510259727,fundusavseg,baseline,base_best,total_length,pvbm,runs/pivot/e4/fold0/base/pred/bio.csv,results/pivot/e4_gt_fundusavseg.csv,"per outer fold: 1.4826*MAD of the reference-mask biomarkers of that fold's 80 TRAINING images, applied to its 20 held-out images (results/pivot/e4_gt_fundusavseg.csv); no Gate A train scale exists for Fundus-AVSeg (DECISIONS 2026-09-17 13:30 (4))"
per_fold,1,20,2470.55238315965,0.9914636777020391,0.9624060150375938,-0.6587483799371625,0.7567091702890887,0.6587483799371625,fundusavseg,baseline,base_best,total_length,pvbm,runs/pivot/e4/fold1/base/pred/bio.csv,results/pivot/e4_gt_fundusavseg.csv,"per outer fold: 1.4826*MAD of the reference-mask biomarkers of that fold's 80 TRAINING images, applied to its 20 held-out images (results/pivot/e4_gt_fundusavseg.csv); no Gate A train scale exists for Fundus-AVSeg (DECISIONS 2026-09-17 13:30 (4))"
per_fold,2,20,2510.2113458918598,0.9791797158078044,0.9774436090225563,-0.4765652414814646,0.5481095093230691,0.5351309884467639,fundusavseg,baseline,base_best,total_length,pvbm,runs/pivot/e4/fold2/base/pred/bio.csv,results/pivot/e4_gt_fundusavseg.csv,"per outer fold: 1.4826*MAD of the reference-mask biomarkers of that fold's 80 TRAINING images, applied to its 20 held-out images (results/pivot/e4_gt_fundusavseg.csv); no Gate A train scale exists for Fundus-AVSeg (DECISIONS 2026-09-17 13:30 (4))"
per_fold,3,20,2615.7477552615387,0.9888179651972341,0.9308270676691727,-0.4287311580537924,0.6821481765454551,0.49707217598610065,fundusavseg,baseline,base_best,total_length,pvbm,runs/pivot/e4/fold3/base/pred/bio.csv,results/pivot/e4_gt_fundusavseg.csv,"per outer fold: 1.4826*MAD of the reference-mask biomarkers of that fold's 80 TRAINING images, applied to its 20 held-out images (results/pivot/e4_gt_fundusavseg.csv); no Gate A train scale exists for Fundus-AVSeg (DECISIONS 2026-09-17 13:30 (4))"
per_fold,4,20,2171.4817980161715,0.9912805757331324,0.9263157894736842,-0.5662218742304365,0.6212878726527132,0.569021197559784,fundusavseg,baseline,base_best,total_length,pvbm,runs/pivot/e4/fold4/base/pred/bio.csv,results/pivot/e4_gt_fundusavseg.csv,"per outer fold: 1.4826*MAD of the reference-mask biomarkers of that fold's 80 TRAINING images, applied to its 20 held-out images (results/pivot/e4_gt_fundusavseg.csv); no Gate A train scale exists for Fundus-AVSeg (DECISIONS 2026-09-17 13:30 (4))"
oof_pooled,all,100,per-fold,0.9885993828367446,0.9648484848484848,-0.4443329944232104,0.5828316773409871,0.48265235622365077,fundusavseg,continued,last,total_length,pvbm,runs/pivot/e4/fold0/continued/pred/bio.csv;runs/pivot/e4/fold1/continued/pred/bio.csv;runs/pivot/e4/fold2/continued/pred/bio.csv;runs/pivot/e4/fold3/continued/pred/bio.csv;runs/pivot/e4/fold4/continued/pred/bio.csv,results/pivot/e4_gt_fundusavseg.csv,"per outer fold: 1.4826*MAD of the reference-mask biomarkers of that fold's 80 TRAINING images, applied to its 20 held-out images (results/pivot/e4_gt_fundusavseg.csv); no Gate A train scale exists for Fundus-AVSeg (DECISIONS 2026-09-17 13:30 (4))"
class_adjusted,all,100,per-fold,0.9886232304723233,0.9554515451545154,,,,fundusavseg,continued,last,total_length,pvbm,runs/pivot/e4/fold0/continued/pred/bio.csv;runs/pivot/e4/fold1/continued/pred/bio.csv;runs/pivot/e4/fold2/continued/pred/bio.csv;runs/pivot/e4/fold3/continued/pred/bio.csv;runs/pivot/e4/fold4/continued/pred/bio.csv,results/pivot/e4_gt_fundusavseg.csv,"per outer fold: 1.4826*MAD of the reference-mask biomarkers of that fold's 80 TRAINING images, applied to its 20 held-out images (results/pivot/e4_gt_fundusavseg.csv); no Gate A train scale exists for Fundus-AVSeg (DECISIONS 2026-09-17 13:30 (4))"
per_fold,0,20,2832.1035409537008,0.9912170283943983,0.9924812030075187,-0.4003884563307258,0.4298143538943994,0.40151774964909526,fundusavseg,continued,last,total_length,pvbm,runs/pivot/e4/fold0/continued/pred/bio.csv,results/pivot/e4_gt_fundusavseg.csv,"per outer fold: 1.4826*MAD of the reference-mask biomarkers of that fold's 80 TRAINING images, applied to its 20 held-out images (results/pivot/e4_gt_fundusavseg.csv); no Gate A train scale exists for Fundus-AVSeg (DECISIONS 2026-09-17 13:30 (4))"
per_fold,1,20,2470.55238315965,0.9928115490851742,0.9684210526315788,-0.5877669983733382,0.707330809832589,0.5880445826262777,fundusavseg,continued,last,total_length,pvbm,runs/pivot/e4/fold1/continued/pred/bio.csv,results/pivot/e4_gt_fundusavseg.csv,"per outer fold: 1.4826*MAD of the reference-mask biomarkers of that fold's 80 TRAINING images, applied to its 20 held-out images (results/pivot/e4_gt_fundusavseg.csv); no Gate A train scale exists for Fundus-AVSeg (DECISIONS 2026-09-17 13:30 (4))"
per_fold,2,20,2510.2113458918598,0.9802519748236612,0.9804511278195487,-0.36169674953439024,0.5173940863869316,0.4521310324086218,fundusavseg,continued,last,total_length,pvbm,runs/pivot/e4/fold2/continued/pred/bio.csv,results/pivot/e4_gt_fundusavseg.csv,"per outer fold: 1.4826*MAD of the reference-mask biomarkers of that fold's 80 TRAINING images, applied to its 20 held-out images (results/pivot/e4_gt_fundusavseg.csv); no Gate A train scale exists for Fundus-AVSeg (DECISIONS 2026-09-17 13:30 (4))"
per_fold,3,20,2615.7477552615387,0.9881616479983475,0.9142857142857143,-0.3999144786493449,0.6791565534513154,0.48542487565633474,fundusavseg,continued,last,total_length,pvbm,runs/pivot/e4/fold3/continued/pred/bio.csv,results/pivot/e4_gt_fundusavseg.csv,"per outer fold: 1.4826*MAD of the reference-mask biomarkers of that fold's 80 TRAINING images, applied to its 20 held-out images (results/pivot/e4_gt_fundusavseg.csv); no Gate A train scale exists for Fundus-AVSeg (DECISIONS 2026-09-17 13:30 (4))"
per_fold,4,20,2171.4817980161715,0.9921509514967827,0.9338345864661652,-0.47189828922825255,0.5676414780982847,0.48614354077792415,fundusavseg,continued,last,total_length,pvbm,runs/pivot/e4/fold4/continued/pred/bio.csv,results/pivot/e4_gt_fundusavseg.csv,"per outer fold: 1.4826*MAD of the reference-mask biomarkers of that fold's 80 TRAINING images, applied to its 20 held-out images (results/pivot/e4_gt_fundusavseg.csv); no Gate A train scale exists for Fundus-AVSeg (DECISIONS 2026-09-17 13:30 (4))"
oof_pooled,all,100,per-fold,0.9888158885159898,0.9634203420342033,-0.16538947940481372,0.47395603064549835,0.34792154752051474,fundusavseg,reliseg,last,total_length,pvbm,runs/pivot/e4/fold0/reliseg/pred/bio.csv;runs/pivot/e4/fold1/reliseg/pred/bio.csv;runs/pivot/e4/fold2/reliseg/pred/bio.csv;runs/pivot/e4/fold3/reliseg/pred/bio.csv;runs/pivot/e4/fold4/reliseg/pred/bio.csv,results/pivot/e4_gt_fundusavseg.csv,"per outer fold: 1.4826*MAD of the reference-mask biomarkers of that fold's 80 TRAINING images, applied to its 20 held-out images (results/pivot/e4_gt_fundusavseg.csv); no Gate A train scale exists for Fundus-AVSeg (DECISIONS 2026-09-17 13:30 (4))"
class_adjusted,all,100,per-fold,0.9888610633798782,0.9548754875487547,,,,fundusavseg,reliseg,last,total_length,pvbm,runs/pivot/e4/fold0/reliseg/pred/bio.csv;runs/pivot/e4/fold1/reliseg/pred/bio.csv;runs/pivot/e4/fold2/reliseg/pred/bio.csv;runs/pivot/e4/fold3/reliseg/pred/bio.csv;runs/pivot/e4/fold4/reliseg/pred/bio.csv,results/pivot/e4_gt_fundusavseg.csv,"per outer fold: 1.4826*MAD of the reference-mask biomarkers of that fold's 80 TRAINING images, applied to its 20 held-out images (results/pivot/e4_gt_fundusavseg.csv); no Gate A train scale exists for Fundus-AVSeg (DECISIONS 2026-09-17 13:30 (4))"
per_fold,0,20,2832.1035409537008,0.9913457296722293,0.9894736842105262,-0.20612725146353558,0.30702018836923367,0.2366650058380754,fundusavseg,reliseg,last,total_length,pvbm,runs/pivot/e4/fold0/reliseg/pred/bio.csv,results/pivot/e4_gt_fundusavseg.csv,"per outer fold: 1.4826*MAD of the reference-mask biomarkers of that fold's 80 TRAINING images, applied to its 20 held-out images (results/pivot/e4_gt_fundusavseg.csv); no Gate A train scale exists for Fundus-AVSeg (DECISIONS 2026-09-17 13:30 (4))"
per_fold,1,20,2470.55238315965,0.9921749393188484,0.9578947368421054,-0.278624767955461,0.5096403656165112,0.3736958353188387,fundusavseg,reliseg,last,total_length,pvbm,runs/pivot/e4/fold1/reliseg/pred/bio.csv,results/pivot/e4_gt_fundusavseg.csv,"per outer fold: 1.4826*MAD of the reference-mask biomarkers of that fold's 80 TRAINING images, applied to its 20 held-out images (results/pivot/e4_gt_fundusavseg.csv); no Gate A train scale exists for Fundus-AVSeg (DECISIONS 2026-09-17 13:30 (4))"
per_fold,2,20,2510.2113458918598,0.9870445767148511,0.9789473684210527,-0.1249678265988066,0.44659797998688494,0.36987176100144775,fundusavseg,reliseg,last,total_length,pvbm,runs/pivot/e4/fold2/reliseg/pred/bio.csv,results/pivot/e4_gt_fundusavseg.csv,"per outer fold: 1.4826*MAD of the reference-mask biomarkers of that fold's 80 TRAINING images, applied to its 20 held-out images (results/pivot/e4_gt_fundusavseg.csv); no Gate A train scale exists for Fundus-AVSeg (DECISIONS 2026-09-17 13:30 (4))"
per_fold,3,20,2615.7477552615387,0.9861656657300018,0.9248120300751879,-0.10027516641975223,0.5453433913981672,0.38353686850868984,fundusavseg,reliseg,last,total_length,pvbm,runs/pivot/e4/fold3/reliseg/pred/bio.csv,results/pivot/e4_gt_fundusavseg.csv,"per outer fold: 1.4826*MAD of the reference-mask biomarkers of that fold's 80 TRAINING images, applied to its 20 held-out images (results/pivot/e4_gt_fundusavseg.csv); no Gate A train scale exists for Fundus-AVSeg (DECISIONS 2026-09-17 13:30 (4))"
per_fold,4,20,2171.4817980161715,0.990932099362541,0.9383458646616539,-0.11695238458651273,0.5438038261165137,0.37583826693552214,fundusavseg,reliseg,last,total_length,pvbm,runs/pivot/e4/fold4/reliseg/pred/bio.csv,results/pivot/e4_gt_fundusavseg.csv,"per outer fold: 1.4826*MAD of the reference-mask biomarkers of that fold's 80 TRAINING images, applied to its 20 held-out images (results/pivot/e4_gt_fundusavseg.csv); no Gate A train scale exists for Fundus-AVSeg (DECISIONS 2026-09-17 13:30 (4))"
oof_pooled,all,100,per-fold,0.9884546855726175,0.9634323432343233,-0.5318695697813834,0.610917387953609,0.5594945051223745,fundusavseg,cfloss,last,total_length,pvbm,runs/pivot/e4/fold0/cfloss/pred/bio.csv;runs/pivot/e4/fold1/cfloss/pred/bio.csv;runs/pivot/e4/fold2/cfloss/pred/bio.csv;runs/pivot/e4/fold3/cfloss/pred/bio.csv;runs/pivot/e4/fold4/cfloss/pred/bio.csv,results/pivot/e4_gt_fundusavseg.csv,"per outer fold: 1.4826*MAD of the reference-mask biomarkers of that fold's 80 TRAINING images, applied to its 20 held-out images (results/pivot/e4_gt_fundusavseg.csv); no Gate A train scale exists for Fundus-AVSeg (DECISIONS 2026-09-17 13:30 (4))"
class_adjusted,all,100,per-fold,0.988583640726568,0.9514551455145513,,,,fundusavseg,cfloss,last,total_length,pvbm,runs/pivot/e4/fold0/cfloss/pred/bio.csv;runs/pivot/e4/fold1/cfloss/pred/bio.csv;runs/pivot/e4/fold2/cfloss/pred/bio.csv;runs/pivot/e4/fold3/cfloss/pred/bio.csv;runs/pivot/e4/fold4/cfloss/pred/bio.csv,results/pivot/e4_gt_fundusavseg.csv,"per outer fold: 1.4826*MAD of the reference-mask biomarkers of that fold's 80 TRAINING images, applied to its 20 held-out images (results/pivot/e4_gt_fundusavseg.csv); no Gate A train scale exists for Fundus-AVSeg (DECISIONS 2026-09-17 13:30 (4))"
per_fold,0,20,2832.1035409537008,0.9910947741661449,0.993984962406015,-0.4813999965324637,0.43409834967871874,0.4813999965324637,fundusavseg,cfloss,last,total_length,pvbm,runs/pivot/e4/fold0/cfloss/pred/bio.csv,results/pivot/e4_gt_fundusavseg.csv,"per outer fold: 1.4826*MAD of the reference-mask biomarkers of that fold's 80 TRAINING images, applied to its 20 held-out images (results/pivot/e4_gt_fundusavseg.csv); no Gate A train scale exists for Fundus-AVSeg (DECISIONS 2026-09-17 13:30 (4))"
per_fold,1,20,2470.55238315965,0.9924531116951496,0.9789473684210527,-0.6564048548196684,0.7155002619595028,0.6564048548196684,fundusavseg,cfloss,last,total_length,pvbm,runs/pivot/e4/fold1/cfloss/pred/bio.csv,results/pivot/e4_gt_fundusavseg.csv,"per outer fold: 1.4826*MAD of the reference-mask biomarkers of that fold's 80 TRAINING images, applied to its 20 held-out images (results/pivot/e4_gt_fundusavseg.csv); no Gate A train scale exists for Fundus-AVSeg (DECISIONS 2026-09-17 13:30 (4))"
per_fold,2,20,2510.2113458918598,0.9805214911230458,0.9774436090225563,-0.44091626812948687,0.5260403829776372,0.511933209655106,fundusavseg,cfloss,last,total_length,pvbm,runs/pivot/e4/fold2/cfloss/pred/bio.csv,results/pivot/e4_gt_fundusavseg.csv,"per outer fold: 1.4826*MAD of the reference-mask biomarkers of that fold's 80 TRAINING images, applied to its 20 held-out images (results/pivot/e4_gt_fundusavseg.csv); no Gate A train scale exists for Fundus-AVSeg (DECISIONS 2026-09-17 13:30 (4))"
per_fold,3,20,2615.7477552615387,0.9866523895848602,0.9097744360902256,-0.48763214292499885,0.7416838702294927,0.5530174588656505,fundusavseg,cfloss,last,total_length,pvbm,runs/pivot/e4/fold3/cfloss/pred/bio.csv,results/pivot/e4_gt_fundusavseg.csv,"per outer fold: 1.4826*MAD of the reference-mask biomarkers of that fold's 80 TRAINING images, applied to its 20 held-out images (results/pivot/e4_gt_fundusavseg.csv); no Gate A train scale exists for Fundus-AVSeg (DECISIONS 2026-09-17 13:30 (4))"
per_fold,4,20,2171.4817980161715,0.9920431088562344,0.9428571428571428,-0.5929945865002992,0.6194918618926717,0.5947170057389835,fundusavseg,cfloss,last,total_length,pvbm,runs/pivot/e4/fold4/cfloss/pred/bio.csv,results/pivot/e4_gt_fundusavseg.csv,"per outer fold: 1.4826*MAD of the reference-mask biomarkers of that fold's 80 TRAINING images, applied to its 20 held-out images (results/pivot/e4_gt_fundusavseg.csv); no Gate A train scale exists for Fundus-AVSeg (DECISIONS 2026-09-17 13:30 (4))"
oof_pooled,all,100,per-fold,0.9868769125143708,0.9671047104710471,-0.3629067835767493,0.6430131883961705,0.4359427143872969,fundusavseg,baseline,base_best,total_length,skan,runs/pivot/e4/fold0/base/pred/bio.csv;runs/pivot/e4/fold1/base/pred/bio.csv;runs/pivot/e4/fold2/base/pred/bio.csv;runs/pivot/e4/fold3/base/pred/bio.csv;runs/pivot/e4/fold4/base/pred/bio.csv,results/pivot/e4_gt_fundusavseg.csv,"per outer fold: 1.4826*MAD of the reference-mask biomarkers of that fold's 80 TRAINING images, applied to its 20 held-out images (results/pivot/e4_gt_fundusavseg.csv); no Gate A train scale exists for Fundus-AVSeg (DECISIONS 2026-09-17 13:30 (4))"
class_adjusted,all,100,per-fold,0.9870407198565337,0.962100210021002,,,,fundusavseg,baseline,base_best,total_length,skan,runs/pivot/e4/fold0/base/pred/bio.csv;runs/pivot/e4/fold1/base/pred/bio.csv;runs/pivot/e4/fold2/base/pred/bio.csv;runs/pivot/e4/fold3/base/pred/bio.csv;runs/pivot/e4/fold4/base/pred/bio.csv,results/pivot/e4_gt_fundusavseg.csv,"per outer fold: 1.4826*MAD of the reference-mask biomarkers of that fold's 80 TRAINING images, applied to its 20 held-out images (results/pivot/e4_gt_fundusavseg.csv); no Gate A train scale exists for Fundus-AVSeg (DECISIONS 2026-09-17 13:30 (4))"
per_fold,0,20,2970.5835693864938,0.9860817527810124,0.9774436090225563,-0.21776408892498375,0.41680681571437495,0.24668209783698458,fundusavseg,baseline,base_best,total_length,skan,runs/pivot/e4/fold0/base/pred/bio.csv,results/pivot/e4_gt_fundusavseg.csv,"per outer fold: 1.4826*MAD of the reference-mask biomarkers of that fold's 80 TRAINING images, applied to its 20 held-out images (results/pivot/e4_gt_fundusavseg.csv); no Gate A train scale exists for Fundus-AVSeg (DECISIONS 2026-09-17 13:30 (4))"
per_fold,1,20,2460.0145846228043,0.992476403138642,0.9624060150375938,-0.5931547160447057,0.8095464176555673,0.6431116313126918,fundusavseg,baseline,base_best,total_length,skan,runs/pivot/e4/fold1/base/pred/bio.csv,results/pivot/e4_gt_fundusavseg.csv,"per outer fold: 1.4826*MAD of the reference-mask biomarkers of that fold's 80 TRAINING images, applied to its 20 held-out images (results/pivot/e4_gt_fundusavseg.csv); no Gate A train scale exists for Fundus-AVSeg (DECISIONS 2026-09-17 13:30 (4))"
per_fold,2,20,2496.681496735919,0.9860243447155094,0.9729323308270676,-0.3355430812377579,0.4870172974308708,0.42551185650385753,fundusavseg,baseline,base_best,total_length,skan,runs/pivot/e4/fold2/base/pred/bio.csv,results/pivot/e4_gt_fundusavseg.csv,"per outer fold: 1.4826*MAD of the reference-mask biomarkers of that fold's 80 TRAINING images, applied to its 20 held-out images (results/pivot/e4_gt_fundusavseg.csv); no Gate A train scale exists for Fundus-AVSeg (DECISIONS 2026-09-17 13:30 (4))"
per_fold,3,20,2819.62552626606,0.9856670538170498,0.9037593984962405,-0.2796234571455075,0.6863556274322726,0.4316140330700714,fundusavseg,baseline,base_best,total_length,skan,runs/pivot/e4/fold3/base/pred/bio.csv,results/pivot/e4_gt_fundusavseg.csv,"per outer fold: 1.4826*MAD of the reference-mask biomarkers of that fold's 80 TRAINING images, applied to its 20 held-out images (results/pivot/e4_gt_fundusavseg.csv); no Gate A train scale exists for Fundus-AVSeg (DECISIONS 2026-09-17 13:30 (4))"
per_fold,4,20,2244.871140391015,0.9869881772380831,0.9503759398496241,-0.38844857453079207,0.7281871260078475,0.43279395321287933,fundusavseg,baseline,base_best,total_length,skan,runs/pivot/e4/fold4/base/pred/bio.csv,results/pivot/e4_gt_fundusavseg.csv,"per outer fold: 1.4826*MAD of the reference-mask biomarkers of that fold's 80 TRAINING images, applied to its 20 held-out images (results/pivot/e4_gt_fundusavseg.csv); no Gate A train scale exists for Fundus-AVSeg (DECISIONS 2026-09-17 13:30 (4))"
oof_pooled,all,100,per-fold,0.9872553334828776,0.9647524752475247,-0.3117197621752467,0.6193730580770186,0.4088820237299588,fundusavseg,continued,last,total_length,skan,runs/pivot/e4/fold0/continued/pred/bio.csv;runs/pivot/e4/fold1/continued/pred/bio.csv;runs/pivot/e4/fold2/continued/pred/bio.csv;runs/pivot/e4/fold3/continued/pred/bio.csv;runs/pivot/e4/fold4/continued/pred/bio.csv,results/pivot/e4_gt_fundusavseg.csv,"per outer fold: 1.4826*MAD of the reference-mask biomarkers of that fold's 80 TRAINING images, applied to its 20 held-out images (results/pivot/e4_gt_fundusavseg.csv); no Gate A train scale exists for Fundus-AVSeg (DECISIONS 2026-09-17 13:30 (4))"
class_adjusted,all,100,per-fold,0.9872781802186894,0.9613081308130812,,,,fundusavseg,continued,last,total_length,skan,runs/pivot/e4/fold0/continued/pred/bio.csv;runs/pivot/e4/fold1/continued/pred/bio.csv;runs/pivot/e4/fold2/continued/pred/bio.csv;runs/pivot/e4/fold3/continued/pred/bio.csv;runs/pivot/e4/fold4/continued/pred/bio.csv,results/pivot/e4_gt_fundusavseg.csv,"per outer fold: 1.4826*MAD of the reference-mask biomarkers of that fold's 80 TRAINING images, applied to its 20 held-out images (results/pivot/e4_gt_fundusavseg.csv); no Gate A train scale exists for Fundus-AVSeg (DECISIONS 2026-09-17 13:30 (4))"
per_fold,0,20,2970.5835693864938,0.9863108351251348,0.9819548872180449,-0.2485721190947363,0.4181395021514172,0.270810997179609,fundusavseg,continued,last,total_length,skan,runs/pivot/e4/fold0/continued/pred/bio.csv,results/pivot/e4_gt_fundusavseg.csv,"per outer fold: 1.4826*MAD of the reference-mask biomarkers of that fold's 80 TRAINING images, applied to its 20 held-out images (results/pivot/e4_gt_fundusavseg.csv); no Gate A train scale exists for Fundus-AVSeg (DECISIONS 2026-09-17 13:30 (4))"
per_fold,1,20,2460.0145846228043,0.9933573780309463,0.9609022556390976,-0.49694552044230544,0.7633714891279998,0.5694735163402159,fundusavseg,continued,last,total_length,skan,runs/pivot/e4/fold1/continued/pred/bio.csv,results/pivot/e4_gt_fundusavseg.csv,"per outer fold: 1.4826*MAD of the reference-mask biomarkers of that fold's 80 TRAINING images, applied to its 20 held-out images (results/pivot/e4_gt_fundusavseg.csv); no Gate A train scale exists for Fundus-AVSeg (DECISIONS 2026-09-17 13:30 (4))"
per_fold,2,20,2496.681496735919,0.9868232220286404,0.9729323308270676,-0.240136305457808,0.45621363832440714,0.3666422757449908,fundusavseg,continued,last,total_length,skan,runs/pivot/e4/fold2/continued/pred/bio.csv,results/pivot/e4_gt_fundusavseg.csv,"per outer fold: 1.4826*MAD of the reference-mask biomarkers of that fold's 80 TRAINING images, applied to its 20 held-out images (results/pivot/e4_gt_fundusavseg.csv); no Gate A train scale exists for Fundus-AVSeg (DECISIONS 2026-09-17 13:30 (4))"
per_fold,3,20,2819.62552626606,0.9849770207364074,0.900751879699248,-0.24933725442344779,0.6871600080578918,0.42816438961924136,fundusavseg,continued,last,total_length,skan,runs/pivot/e4/fold3/continued/pred/bio.csv,results/pivot/e4_gt_fundusavseg.csv,"per outer fold: 1.4826*MAD of the reference-mask biomarkers of that fold's 80 TRAINING images, applied to its 20 held-out images (results/pivot/e4_gt_fundusavseg.csv); no Gate A train scale exists for Fundus-AVSeg (DECISIONS 2026-09-17 13:30 (4))"
per_fold,4,20,2244.871140391015,0.9873288328147843,0.9353383458646616,-0.32360761145793576,0.7148638941561931,0.4093189397657363,fundusavseg,continued,last,total_length,skan,runs/pivot/e4/fold4/continued/pred/bio.csv,results/pivot/e4_gt_fundusavseg.csv,"per outer fold: 1.4826*MAD of the reference-mask biomarkers of that fold's 80 TRAINING images, applied to its 20 held-out images (results/pivot/e4_gt_fundusavseg.csv); no Gate A train scale exists for Fundus-AVSeg (DECISIONS 2026-09-17 13:30 (4))"
oof_pooled,all,100,per-fold,0.9864171197055683,0.9633003300330032,0.1196918910649523,0.5782909272902059,0.38343054945664534,fundusavseg,reliseg,last,total_length,skan,runs/pivot/e4/fold0/reliseg/pred/bio.csv;runs/pivot/e4/fold1/reliseg/pred/bio.csv;runs/pivot/e4/fold2/reliseg/pred/bio.csv;runs/pivot/e4/fold3/reliseg/pred/bio.csv;runs/pivot/e4/fold4/reliseg/pred/bio.csv,results/pivot/e4_gt_fundusavseg.csv,"per outer fold: 1.4826*MAD of the reference-mask biomarkers of that fold's 80 TRAINING images, applied to its 20 held-out images (results/pivot/e4_gt_fundusavseg.csv); no Gate A train scale exists for Fundus-AVSeg (DECISIONS 2026-09-17 13:30 (4))"
class_adjusted,all,100,per-fold,0.9864199747345904,0.9695289528952894,,,,fundusavseg,reliseg,last,total_length,skan,runs/pivot/e4/fold0/reliseg/pred/bio.csv;runs/pivot/e4/fold1/reliseg/pred/bio.csv;runs/pivot/e4/fold2/reliseg/pred/bio.csv;runs/pivot/e4/fold3/reliseg/pred/bio.csv;runs/pivot/e4/fold4/reliseg/pred/bio.csv,results/pivot/e4_gt_fundusavseg.csv,"per outer fold: 1.4826*MAD of the reference-mask biomarkers of that fold's 80 TRAINING images, applied to its 20 held-out images (results/pivot/e4_gt_fundusavseg.csv); no Gate A train scale exists for Fundus-AVSeg (DECISIONS 2026-09-17 13:30 (4))"
per_fold,0,20,2970.5835693864938,0.9822789899561808,0.9804511278195487,0.0578319010562756,0.4874939940391083,0.2715990940283937,fundusavseg,reliseg,last,total_length,skan,runs/pivot/e4/fold0/reliseg/pred/bio.csv,results/pivot/e4_gt_fundusavseg.csv,"per outer fold: 1.4826*MAD of the reference-mask biomarkers of that fold's 80 TRAINING images, applied to its 20 held-out images (results/pivot/e4_gt_fundusavseg.csv); no Gate A train scale exists for Fundus-AVSeg (DECISIONS 2026-09-17 13:30 (4))"
per_fold,1,20,2460.0145846228043,0.9936342577341165,0.9624060150375938,-0.006409868170349241,0.4506054478883651,0.33547351796886454,fundusavseg,reliseg,last,total_length,skan,runs/pivot/e4/fold1/reliseg/pred/bio.csv,results/pivot/e4_gt_fundusavseg.csv,"per outer fold: 1.4826*MAD of the reference-mask biomarkers of that fold's 80 TRAINING images, applied to its 20 held-out images (results/pivot/e4_gt_fundusavseg.csv); no Gate A train scale exists for Fundus-AVSeg (DECISIONS 2026-09-17 13:30 (4))"
per_fold,2,20,2496.681496735919,0.9935153243419016,0.9759398496240601,0.13193370761951387,0.443533297702706,0.3542325996891969,fundusavseg,reliseg,last,total_length,skan,runs/pivot/e4/fold2/reliseg/pred/bio.csv,results/pivot/e4_gt_fundusavseg.csv,"per outer fold: 1.4826*MAD of the reference-mask biomarkers of that fold's 80 TRAINING images, applied to its 20 held-out images (results/pivot/e4_gt_fundusavseg.csv); no Gate A train scale exists for Fundus-AVSeg (DECISIONS 2026-09-17 13:30 (4))"
per_fold,3,20,2819.62552626606,0.9816458167623702,0.8962406015037594,0.18837277388795698,0.6287538904245471,0.42793431036386353,fundusavseg,reliseg,last,total_length,skan,runs/pivot/e4/fold3/reliseg/pred/bio.csv,results/pivot/e4_gt_fundusavseg.csv,"per outer fold: 1.4826*MAD of the reference-mask biomarkers of that fold's 80 TRAINING images, applied to its 20 held-out images (results/pivot/e4_gt_fundusavseg.csv); no Gate A train scale exists for Fundus-AVSeg (DECISIONS 2026-09-17 13:30 (4))"
per_fold,4,20,2244.871140391015,0.9843869008512613,0.9473684210526315,0.2267309409313642,0.8196385002738343,0.5279132252329083,fundusavseg,reliseg,last,total_length,skan,runs/pivot/e4/fold4/reliseg/pred/bio.csv,results/pivot/e4_gt_fundusavseg.csv,"per outer fold: 1.4826*MAD of the reference-mask biomarkers of that fold's 80 TRAINING images, applied to its 20 held-out images (results/pivot/e4_gt_fundusavseg.csv); no Gate A train scale exists for Fundus-AVSeg (DECISIONS 2026-09-17 13:30 (4))"
oof_pooled,all,100,per-fold,0.9871352081654122,0.9648844884488448,-0.38528848845755975,0.6283231545594224,0.44656720132592304,fundusavseg,cfloss,last,total_length,skan,runs/pivot/e4/fold0/cfloss/pred/bio.csv;runs/pivot/e4/fold1/cfloss/pred/bio.csv;runs/pivot/e4/fold2/cfloss/pred/bio.csv;runs/pivot/e4/fold3/cfloss/pred/bio.csv;runs/pivot/e4/fold4/cfloss/pred/bio.csv,results/pivot/e4_gt_fundusavseg.csv,"per outer fold: 1.4826*MAD of the reference-mask biomarkers of that fold's 80 TRAINING images, applied to its 20 held-out images (results/pivot/e4_gt_fundusavseg.csv); no Gate A train scale exists for Fundus-AVSeg (DECISIONS 2026-09-17 13:30 (4))"
class_adjusted,all,100,per-fold,0.9872152551575064,0.9618961896189617,,,,fundusavseg,cfloss,last,total_length,skan,runs/pivot/e4/fold0/cfloss/pred/bio.csv;runs/pivot/e4/fold1/cfloss/pred/bio.csv;runs/pivot/e4/fold2/cfloss/pred/bio.csv;runs/pivot/e4/fold3/cfloss/pred/bio.csv;runs/pivot/e4/fold4/cfloss/pred/bio.csv,results/pivot/e4_gt_fundusavseg.csv,"per outer fold: 1.4826*MAD of the reference-mask biomarkers of that fold's 80 TRAINING images, applied to its 20 held-out images (results/pivot/e4_gt_fundusavseg.csv); no Gate A train scale exists for Fundus-AVSeg (DECISIONS 2026-09-17 13:30 (4))"
per_fold,0,20,2970.5835693864938,0.9852031567285208,0.9819548872180449,-0.30598730896596316,0.4244706070983906,0.3120334314946246,fundusavseg,cfloss,last,total_length,skan,runs/pivot/e4/fold0/cfloss/pred/bio.csv,results/pivot/e4_gt_fundusavseg.csv,"per outer fold: 1.4826*MAD of the reference-mask biomarkers of that fold's 80 TRAINING images, applied to its 20 held-out images (results/pivot/e4_gt_fundusavseg.csv); no Gate A train scale exists for Fundus-AVSeg (DECISIONS 2026-09-17 13:30 (4))"
per_fold,1,20,2460.0145846228043,0.9929333897237714,0.9624060150375938,-0.5687782929374221,0.7589899792026213,0.6148479378779996,fundusavseg,cfloss,last,total_length,skan,runs/pivot/e4/fold1/cfloss/pred/bio.csv,results/pivot/e4_gt_fundusavseg.csv,"per outer fold: 1.4826*MAD of the reference-mask biomarkers of that fold's 80 TRAINING images, applied to its 20 held-out images (results/pivot/e4_gt_fundusavseg.csv); no Gate A train scale exists for Fundus-AVSeg (DECISIONS 2026-09-17 13:30 (4))"
per_fold,2,20,2496.681496735919,0.9870315726117539,0.9729323308270676,-0.3033941498653351,0.4587658761137168,0.40327626881109835,fundusavseg,cfloss,last,total_length,skan,runs/pivot/e4/fold2/cfloss/pred/bio.csv,results/pivot/e4_gt_fundusavseg.csv,"per outer fold: 1.4826*MAD of the reference-mask biomarkers of that fold's 80 TRAINING images, applied to its 20 held-out images (results/pivot/e4_gt_fundusavseg.csv); no Gate A train scale exists for Fundus-AVSeg (DECISIONS 2026-09-17 13:30 (4))"
per_fold,3,20,2819.62552626606,0.9852650072289074,0.900751879699248,-0.3306490494961453,0.7077214137619571,0.4499383695720848,fundusavseg,cfloss,last,total_length,skan,runs/pivot/e4/fold3/cfloss/pred/bio.csv,results/pivot/e4_gt_fundusavseg.csv,"per outer fold: 1.4826*MAD of the reference-mask biomarkers of that fold's 80 TRAINING images, applied to its 20 held-out images (results/pivot/e4_gt_fundusavseg.csv); no Gate A train scale exists for Fundus-AVSeg (DECISIONS 2026-09-17 13:30 (4))"
per_fold,4,20,2244.871140391015,0.9870518928340803,0.9428571428571428,-0.4176336410229332,0.7322042535142178,0.4527399988738078,fundusavseg,cfloss,last,total_length,skan,runs/pivot/e4/fold4/cfloss/pred/bio.csv,results/pivot/e4_gt_fundusavseg.csv,"per outer fold: 1.4826*MAD of the reference-mask biomarkers of that fold's 80 TRAINING images, applied to its 20 held-out images (results/pivot/e4_gt_fundusavseg.csv); no Gate A train scale exists for Fundus-AVSeg (DECISIONS 2026-09-17 13:30 (4))"
