dataset,image_id,split,subject_id,disease,source,fd_rotations,fg_px,disc_cx,disc_cy,disc_r,disc_confident,disc_brightness_z,disc_density_ratio,disc_radius_estimated,disc_fov_diameter,runtime_pvbm_s,pvbm_fov_area_px,pvbm_vessel_area_px,pvbm_tortuosity_index,pvbm_median_tortuosity,pvbm_total_length,pvbm_median_branching_angle,pvbm_n_startpoints,pvbm_n_endpoints,pvbm_n_intersections,pvbm_fractal_D0,pvbm_fractal_D1,pvbm_fractal_D2,pvbm_singularity_length,pvbm_vessel_density,pvbm_geom_ok,pvbm_fractal_ok,pvbm_disc_used,pvbm_disc_cx,pvbm_disc_cy,pvbm_disc_r,pvbm_zoneB_vessel_area_px,pvbm_zoneB_tortuosity_index,pvbm_zoneB_median_tortuosity,pvbm_zoneB_total_length,pvbm_zoneB_median_branching_angle,pvbm_zoneB_n_startpoints,pvbm_zoneB_n_endpoints,pvbm_zoneB_n_intersections,pvbm_zoneB_fractal_D0,pvbm_zoneB_fractal_D1,pvbm_zoneB_fractal_D2,pvbm_zoneB_singularity_length,pvbm_zoneB_vessel_density,pvbm_zoneB_region_area_px,runtime_skan_s,skan_fov_area_px,skan_vessel_density,skan_vessel_area_px,skan_region_area_px,skan_skeleton_length_total,skan_skeleton_length_total_norm,skan_skeleton_px,skan_n_branches,skan_n_junctions,skan_n_endpoints,skan_fractal_dimension,skan_fractal_dimension_r2,skan_fractal_dimension_mask,skan_tortuosity_mean,skan_tortuosity_length_weighted,skan_tortuosity_n_branches_used,skan_mean_radius,skan_skan_ok,skan_zoneB_vessel_density,skan_zoneB_vessel_area_px,skan_zoneB_region_area_px,skan_zoneB_skeleton_length_total,skan_zoneB_skeleton_length_total_norm,skan_zoneB_skeleton_px,skan_zoneB_n_branches,skan_zoneB_n_junctions,skan_zoneB_n_endpoints,skan_zoneB_fractal_dimension,skan_zoneB_fractal_dimension_r2,skan_zoneB_fractal_dimension_mask,skan_zoneB_tortuosity_mean,skan_zoneB_tortuosity_length_weighted,skan_zoneB_tortuosity_n_branches_used,skan_zoneB_mean_radius,skan_zoneB_available,skan_disc_cx,skan_disc_cy,skan_disc_r,skan_disc_confident,FD_pvbm,FD_skan,FD_pvbm_zoneB,FD_skan_zoneB,tortuosity_pvbm,tortuosity_skan,tortuosity_pvbm_zoneB,tortuosity_skan_zoneB,density_pvbm,density_skan,density_pvbm_zoneB,density_skan_zoneB,total_length_pvbm,total_length_skan,total_length_pvbm_zoneB,total_length_skan_zoneB
maplesdr,20051020_44923_0100_PP,test,20051020_44923_0100_PP,R1,p5_e4_gt_maples_preannot,5,124082,800.625,726.25,96.25,1.0,9.048905372619629,3.655405282974243,1.0,1378.8211675694808,18.357040599978063,1493158.0,124082.0,1.0944412254315552,1.0877378325662157,5384.972147175256,61.34592123451196,12.0,28.0,21.0,1.4752825149682072,1.4523372351778372,1.4436337462303288,0.6088479198905703,0.08310038187519338,1.0,1.0,1.0,800.625,726.25,96.25,16700.0,1.0744776896477481,1.07551672377575,1169.673231640418,55.38029706601121,9.0,14.0,5.0,1.257827278752415,1.200200393398524,1.1762791207086234,0.806304262701554,0.1147679556871989,145511.0,6.645645799988415,1493158.0,0.08310038187519338,124082.0,1493158.0,13165.266371013706,0.008817061805256848,11621.0,189.0,72.0,159.0,1.1415660693537424,0.9877333640847387,1.4386339291616568,1.0831036727100476,1.0864773121988633,130.0,4.928094615630514,1.0,0.1147679556871989,16700.0,145511.0,1709.9179643685904,0.011751125099604775,1502.0,33.0,8.0,42.0,0.943939249170086,0.9991502835523449,1.3176228899268287,1.0771789638740978,1.0742416566398083,27.0,5.0420102195217895,1.0,800.625,726.25,96.25,1.0,1.4752825149682072,1.1415660693537424,1.257827278752415,0.943939249170086,1.0877378325662157,1.0864773121988633,1.07551672377575,1.0742416566398083,0.08310038187519338,0.08310038187519338,0.1147679556871989,0.1147679556871989,5384.972147175256,13165.266371013706,1169.673231640418,1709.9179643685904
maplesdr,20051020_55346_0100_PP,train,20051020_55346_0100_PP,R3,p5_e4_gt_maples_preannot,5,100190,1316.875,691.25,100.625,1.0,4.6152024269104,3.214723825454712,1.0,1378.8724167692717,20.873254799982533,1493269.0,100190.0,1.097674118420075,1.0920611924564962,4743.09913089734,107.18271975015188,13.0,18.0,17.0,1.4324340800568023,1.403826062727925,1.3941730975035915,0.49496750061172823,0.06709440830821506,1.0,1.0,1.0,1316.875,691.25,100.625,15447.0,,,0.0,,0.0,0.0,0.0,1.2526661281804476,1.1942769770101238,1.1689781132542971,0.7306560965970614,0.09712589835325482,159041.0,7.538259399996605,1493269.0,0.06709440830821506,100190.0,1493269.0,9723.75966161466,0.006511726729487226,8315.0,159.0,52.0,159.0,1.080995266691099,0.9898663583613232,1.3958480684059114,1.0951605238124034,1.0947367062162883,115.0,5.316047146197174,1.0,0.09712589835325482,15447.0,159041.0,1473.047906683501,0.009262063912346508,1274.0,30.0,6.0,42.0,0.9270864439792681,0.99747505252005,1.2999670966713024,1.0771334017550842,1.0786043093396964,26.0,5.375077101232857,1.0,1316.875,691.25,100.625,1.0,1.4324340800568023,1.080995266691099,1.2526661281804476,0.9270864439792681,1.0920611924564962,1.0947367062162883,,1.0786043093396964,0.06709440830821506,0.06709440830821506,0.09712589835325482,0.09712589835325482,4743.09913089734,9723.75966161466,0.0,1473.047906683501
maplesdr,20051020_55701_0100_PP,train,20051020_55701_0100_PP,R1,p5_e4_gt_maples_preannot,5,171311,1478.75,735.0,109.375,1.0,8.407060623168945,5.1587300300598145,1.0,1380.14795432547,19.45375960000092,1496033.0,171311.0,1.101193267903276,1.088578836973919,19050.332239514908,89.56432424116082,8.0,87.0,109.0,1.5733440457912653,1.5423327192374465,1.5258393575372846,0.584851316013832,0.11451017457502609,1.0,1.0,1.0,1478.75,735.0,109.375,25362.0,,,0.0,,0.0,0.0,0.0,1.3574248085036444,1.2910251456559103,1.254005233255739,0.8564036823391172,0.13498179805420135,187892.0,7.503540300007444,1496033.0,0.11451017457502609,171311.0,1496033.0,21030.441112742512,0.014057471401194033,18150.0,264.0,128.0,132.0,1.2267429571203248,0.9822314624479203,1.4960797136796458,1.0866487374237344,1.0981937848046066,229.0,4.387163524840517,1.0,0.13498741345084328,25364.0,187899.0,2847.301874127662,0.015153363637526873,2468.0,50.0,14.0,55.0,1.03456031855562,0.9913508236143167,1.3680011791069568,1.0782498344612774,1.0815051342382402,40.0,4.6905557628911945,1.0,1478.75,735.0,109.375,1.0,1.5733440457912653,1.2267429571203248,1.3574248085036444,1.03456031855562,1.088578836973919,1.0981937848046066,,1.0815051342382402,0.11451017457502609,0.11451017457502609,0.13498179805420135,0.13498741345084328,19050.332239514908,21030.441112742512,0.0,2847.301874127662
maplesdr,20051020_57566_0100_PP,test,20051020_57566_0100_PP,R1,p5_e4_gt_maples_preannot,5,195754,1500.625,778.75,118.125,1.0,4.242623329162598,2.979452133178711,1.0,1379.6912222231074,17.034115799993742,1495043.0,195754.0,1.1246931976129555,1.0923606755753548,20893.33851563807,89.51495304196717,14.0,115.0,116.0,1.5901740423240878,1.5606897658124281,1.5449009010366297,0.552164076966011,0.13093536440089015,1.0,1.0,1.0,1500.625,778.75,118.125,28714.0,,,0.0,,0.0,0.0,0.0,1.333626001801339,1.2704979982089337,1.2416889592690892,0.8114372021969349,0.14373673461215009,199768.0,6.7990932000102475,1495043.0,0.13093536440089015,195754.0,1495043.0,23590.976392841298,0.015779463462148778,20436.0,351.0,161.0,197.0,1.2489792998270268,0.9796592117527199,1.525655474273133,1.0905672244681832,1.1100108867645924,289.0,4.482182353458153,1.0,0.14373673461215009,28714.0,199768.0,2898.8043994446048,0.014510854588545737,2534.0,57.0,18.0,59.0,1.001043953202915,0.9940082099191005,1.3678160897075453,1.0748625066885218,1.078790108743326,43.0,5.235666985089422,1.0,1500.625,778.75,118.125,1.0,1.5901740423240878,1.2489792998270268,1.333626001801339,1.001043953202915,1.0923606755753548,1.1100108867645924,,1.078790108743326,0.13093536440089015,0.13093536440089015,0.14373673461215009,0.14373673461215009,20893.33851563807,23590.976392841298,0.0,2898.8043994446048
maplesdr,20051020_58065_0100_PP,train,20051020_58065_0100_PP,R0,p5_e4_gt_maples_preannot,5,136625,638.75,682.5,113.75,1.0,6.873860836029053,4.853503227233887,1.0,1379.0113802395167,19.583015899988823,1493570.0,136625.0,1.1005619044327755,1.0904995437299476,14729.67084224581,93.1363583683326,14.0,81.0,78.0,1.5206425375924888,1.4830140482957779,1.4636215729461763,0.617925465351153,0.0914754581305195,1.0,1.0,1.0,638.75,682.5,113.75,14306.0,,,0.0,,0.0,0.0,0.0,1.2253676771588518,1.1710945113951732,1.148934574502902,0.7639648719421923,0.09936102236421725,143980.0,7.650445399980526,1493570.0,0.0914754581305195,136625.0,1493570.0,16668.37055254492,0.011160086606282208,14381.0,230.0,107.0,136.0,1.1788934103412978,0.984816089560668,1.4514316098664082,1.093928787237384,1.1016972210397358,190.0,4.4207957762873145,1.0,0.09936102236421725,14306.0,143980.0,1365.9230150024732,0.009486894117255684,1183.0,25.0,6.0,32.0,0.9283238330268815,0.9953765382483846,1.3180325229759688,1.0762416243697324,1.073055404822505,18.0,5.490191210600283,1.0,638.75,682.5,113.75,1.0,1.5206425375924888,1.1788934103412978,1.2253676771588518,0.9283238330268815,1.0904995437299476,1.1016972210397358,,1.073055404822505,0.0914754581305195,0.0914754581305195,0.09936102236421725,0.09936102236421725,14729.67084224581,16668.37055254492,0.0,1365.9230150024732
maplesdr,20051020_58214_0100_PP,train,20051020_58214_0100_PP,R2,p5_e4_gt_maples_preannot,5,173768,1505.0,704.375,91.875,1.0,9.735660552978516,3.8607594966888428,1.0,1381.1536161035262,21.012682600005064,1498214.0,173768.0,1.1158059663636883,1.092355337812081,9350.812259994545,101.73991907642332,12.0,47.0,53.0,1.5473340521731254,1.5105380748029449,1.4918119358276585,0.6463033075128992,0.11598343093843737,1.0,1.0,1.0,1505.0,704.375,91.875,16574.0,1.0877290308804395,1.08237384753596,1199.217387517702,80.21759296819272,10.0,13.0,6.0,1.2536553003927187,1.1976577753390618,1.173432031377427,0.8092242127274847,0.12502451609009851,132566.0,7.88098070002161,1498214.0,0.11598343093843737,173768.0,1498214.0,18594.83981546574,0.012411337642997422,16058.0,257.0,109.0,163.0,1.1964916061878264,0.9823476686199342,1.492505493651166,1.0917081322778328,1.097396797365764,216.0,5.046711043149752,1.0,0.12502451609009851,16574.0,132566.0,1528.4671708797578,0.011529858115050298,1354.0,33.0,10.0,36.0,0.9326780288995281,0.9984380827335122,1.3191237421239108,1.0785490860781797,1.0856754131641448,28.0,5.923945244267688,1.0,1505.0,704.375,91.875,1.0,1.5473340521731254,1.1964916061878264,1.2536553003927187,0.9326780288995281,1.092355337812081,1.097396797365764,1.08237384753596,1.0856754131641448,0.11598343093843737,0.11598343093843737,0.12502451609009851,0.12502451609009851,9350.812259994545,18594.83981546574,1199.217387517702,1528.4671708797578
maplesdr,20051020_58276_0100_PP,train,20051020_58276_0100_PP,R2,p5_e4_gt_maples_preannot,5,186231,778.75,730.625,105.0,1.0,9.55879020690918,4.244604587554932,1.0,1380.3739577396047,14.444425599998794,1496523.0,186231.0,1.1094961767703664,1.0930952166616899,16242.67711836897,88.14097509534517,10.0,77.0,93.0,1.5651208426185488,1.526335844411032,1.5061837341726239,0.650148675586935,0.12444245761675564,1.0,1.0,1.0,778.75,730.625,105.0,22786.0,,,0.0,,0.0,0.0,0.0,1.3406543748452513,1.2698336951087146,1.2296749275675196,0.8841556134133131,0.1315718055467338,173183.0,1.2510003999923356,1496523.0,0.12444245761675564,186231.0,1496523.0,20360.53447513096,0.013605226565265593,17544.0,292.0,134.0,176.0,1.217179555571327,0.9806800595947326,1.5106043539244236,1.0900056041518738,1.0999209421946639,240.0,4.900883871240735,1.0,0.1315718055467338,22786.0,173183.0,2368.9271990845787,0.013678751373313655,2054.0,52.0,15.0,56.0,0.9881638154070961,0.9961548677610438,1.3492678149905337,1.0830241291956522,1.0927202903270934,40.0,5.051951756826404,1.0,778.75,730.625,105.0,1.0,1.5651208426185488,1.217179555571327,1.3406543748452513,0.9881638154070961,1.0930952166616899,1.0999209421946639,,1.0927202903270934,0.12444245761675564,0.12444245761675564,0.1315718055467338,0.1315718055467338,16242.67711836897,20360.53447513096,0.0,2368.9271990845787
maplesdr,20051020_62385_0100_PP,train,20051020_62385_0100_PP,R2,p5_e4_gt_maples_preannot,5,145706,791.875,752.5,105.0,1.0,8.916071891784668,3.561643600463867,1.0,1380.3568934672455,13.8916836999706,1496486.0,145706.0,1.1002511750981905,1.0826770010622564,14376.909298850833,88.9860212772147,11.0,54.0,54.0,1.5228985464614888,1.491352539229713,1.4791143582533495,0.5945077959931042,0.09736542807617311,1.0,1.0,1.0,791.875,752.5,105.0,20867.0,,,0.0,,0.0,0.0,0.0,1.3090554613478684,1.2646975328674204,1.2483778801175252,0.7000211269183185,0.12050843738088914,173158.0,1.2118789999512956,1496486.0,0.09736542807617311,145706.0,1496486.0,15921.288157976025,0.01063911600775151,13813.0,144.0,65.0,87.0,1.1816184121808404,0.9836672318484008,1.4735670113715615,1.1124919413754317,1.2234345870138783,126.0,4.880005261525587,1.0,0.12050843738088914,20867.0,173158.0,2105.701802340163,0.012160580523800014,1806.0,32.0,7.0,43.0,1.002663323601111,0.9899954683966566,1.373264337088267,1.0646579571624761,1.0598118790529731,29.0,5.155509266927981,1.0,791.875,752.5,105.0,1.0,1.5228985464614888,1.1816184121808404,1.3090554613478684,1.002663323601111,1.0826770010622564,1.2234345870138783,,1.0598118790529731,0.09736542807617311,0.09736542807617311,0.12050843738088914,0.12050843738088914,14376.909298850833,15921.288157976025,0.0,2105.701802340163
maplesdr,20051020_62461_0100_PP,test,20051020_62461_0100_PP,R0,p5_e4_gt_maples_preannot,5,168817,1421.875,748.125,74.375,1.0,7.073480129241943,4.653543472290039,1.0,1384.8674333389354,16.638056299998425,1506282.0,168817.0,1.1041807285624694,1.095680357606738,15910.082097215356,86.24504035917985,5.0,72.0,81.0,1.567739856038714,1.5446421348433013,1.5334881467670178,0.5657971282626084,0.11207529532982535,1.0,1.0,1.0,1421.875,748.125,74.375,17135.0,1.10444569476824,1.0896002684587476,1309.4204896855315,65.42744500269261,12.0,19.0,7.0,1.3561033177512356,1.3209722845818819,1.3115596088726378,0.6943789414132207,0.19719428268925357,86894.0,1.5060186000191607,1506282.0,0.11207529532982535,168817.0,1506282.0,20505.97098326993,0.013613633425394402,17719.0,241.0,111.0,125.0,1.2175290641327092,0.9833848735169419,1.490226245966797,1.0889823070397915,1.0989924484888849,204.0,4.464531063313877,1.0,0.19719428268925357,17135.0,86894.0,1733.7657274770922,0.019952651822647043,1471.0,38.0,11.0,43.0,1.0028883435428124,0.9941531254979104,1.3894794966563841,1.088442605083941,1.0869849698929186,29.0,5.314864078099247,1.0,1421.875,748.125,74.375,1.0,1.567739856038714,1.2175290641327092,1.3561033177512356,1.0028883435428124,1.095680357606738,1.0989924484888849,1.0896002684587476,1.0869849698929186,0.11207529532982535,0.11207529532982535,0.19719428268925357,0.19719428268925357,15910.082097215356,20505.97098326993,1309.4204896855315,1733.7657274770922
maplesdr,20051020_64007_0100_PP,train,20051020_64007_0100_PP,R2,p5_e4_gt_maples_preannot,5,168647,686.875,791.875,78.75,1.0,6.518396377563477,2.1288342475891113,1.0,1379.5024877490055,21.294321800000034,1494634.0,168647.0,1.1179533078165895,1.0960064584295905,12270.057351660222,74.50072462349917,11.0,51.0,51.0,1.552512249494268,1.5155538900163426,1.4998901272279024,0.5696150826692006,0.11283498167444338,1.0,1.0,1.0,686.875,791.875,78.75,14992.0,1.0802780249659476,1.077881262658488,1119.045814642448,,14.0,16.0,2.0,1.31072505932263,1.2664473473598492,1.246172805478082,0.6991760703792833,0.1538761559699884,97429.0,1.626749999995809,1494634.0,0.11283498167444338,168647.0,1494634.0,17768.41845922843,0.011888140146168513,15295.0,226.0,91.0,179.0,1.1910269451377236,0.9804049331941094,1.4898047109707568,1.0995849352585239,1.114227758532024,174.0,5.008296532399311,1.0,0.1538761559699884,14992.0,97429.0,1413.1534623807734,0.01450444387585599,1246.0,29.0,6.0,40.0,0.9931714923345389,0.9879380135564887,1.3829059185595989,1.086949810651703,1.0832246185558492,22.0,5.448439787590989,1.0,686.875,791.875,78.75,1.0,1.552512249494268,1.1910269451377236,1.31072505932263,0.9931714923345389,1.0960064584295905,1.114227758532024,1.077881262658488,1.0832246185558492,0.11283498167444338,0.11283498167444338,0.1538761559699884,0.1538761559699884,12270.057351660222,17768.41845922843,1119.045814642448,1413.1534623807734
maplesdr,20051020_64945_0100_PP,train,20051020_64945_0100_PP,R1,p5_e4_gt_maples_preannot,5,165113,1373.75,783.125,91.875,1.0,9.972622871398926,3.5649352073669434,1.0,1380.2014605179813,16.12731850001728,1496149.0,165113.0,1.1057382578559565,1.0953938812861983,17817.170767907424,99.50379580158783,4.0,81.0,105.0,1.555016738833738,1.526294221237955,1.5143111030244287,0.5747037762100755,0.1103586608018319,1.0,1.0,1.0,1373.75,783.125,91.875,15654.0,1.0906002065687024,1.0812035280194259,1410.52099474892,36.902987049681016,12.0,18.0,6.0,1.3267385624547015,1.2739892402003552,1.249362245815658,0.7357019127743958,0.11806142150355979,132592.0,1.7980551000218838,1496149.0,0.1103586608018319,165113.0,1496149.0,19826.132454877414,0.013251442506647008,16973.0,257.0,128.0,121.0,1.2152610618298858,0.9828106502796465,1.4886553662715372,1.0920640488866566,1.096578634715949,212.0,4.5009382989604765,1.0,0.11806142150355979,15654.0,132592.0,1738.9251070435262,0.01311485690723065,1490.0,31.0,7.0,41.0,0.9694001455566307,0.9940556767584897,1.3371607292687266,1.0854749281463374,1.0845778516406832,28.0,4.801815674265399,1.0,1373.75,783.125,91.875,1.0,1.555016738833738,1.2152610618298858,1.3267385624547015,0.9694001455566307,1.0953938812861983,1.096578634715949,1.0812035280194259,1.0845778516406832,0.1103586608018319,0.1103586608018319,0.11806142150355979,0.11806142150355979,17817.170767907424,19826.132454877414,1410.52099474892,1738.9251070435262
maplesdr,20051020_64993_0100_PP,test,20051020_64993_0100_PP,R1,p5_e4_gt_maples_preannot,5,143745,787.5,590.625,135.625,1.0,9.364952087402344,1.5548779964447021,1.0,1379.8430216838833,19.40632160002133,1495372.0,143745.0,1.104534242902375,1.0912986166440433,12847.378202834137,98.06544081997042,13.0,53.0,71.0,1.5199780516572317,1.4883737648680562,1.4755790329105989,0.5877649560873734,0.09612658254935895,1.0,1.0,1.0,787.5,590.625,135.625,27621.0,,,0.0,,0.0,0.0,0.0,1.2909528168173443,1.2536644497146103,1.2370969957486309,0.6148728870868134,0.10897319561598005,253466.0,1.5228118000086397,1495372.0,0.09612658254935895,143745.0,1495372.0,16196.066945313705,0.010830794575071424,13980.0,222.0,97.0,146.0,1.1709270101059015,0.9839917172088521,1.4594564817091087,1.0955165735954009,1.1027887155354712,180.0,4.754779316365995,1.0,0.10897319561598005,27621.0,253466.0,2898.26024356732,0.011434512887595652,2529.0,46.0,12.0,56.0,0.9831800626750014,0.9958756813005795,1.3191410404407637,1.0820900855568847,1.0865102591909903,39.0,4.973664150030354,1.0,787.5,590.625,135.625,1.0,1.5199780516572317,1.1709270101059015,1.2909528168173443,0.9831800626750014,1.0912986166440433,1.1027887155354712,,1.0865102591909903,0.09612658254935895,0.09612658254935895,0.10897319561598005,0.10897319561598005,12847.378202834137,16196.066945313705,0.0,2898.26024356732
maplesdr,20051020_65230_0100_PP,train,20051020_65230_0100_PP,R1,p5_e4_gt_maples_preannot,5,79606,826.875,695.625,100.625,1.0,11.19711685180664,2.7167630195617676,1.0,1382.5518410873851,12.888225199945737,1501249.0,79606.0,1.1186772602552564,1.1035675646296577,6195.762261269994,95.54846629371806,7.0,22.0,20.0,1.4179737752272017,1.3795328708116095,1.3615071720022034,0.6293585568234343,0.05302651325662831,1.0,1.0,1.0,826.875,695.625,100.625,10280.0,,,0.0,,0.0,0.0,0.0,1.1620046168246716,1.1174068074344816,1.1029706950738696,0.689669647108818,0.0646325438690248,159053.0,1.2075931000290439,1501249.0,0.05302651325662831,79606.0,1501249.0,9522.58808873941,0.006343110362597684,8088.0,103.0,36.0,92.0,1.1007999115431333,0.9916113769415962,1.370247345490766,1.0992567632581047,1.1074572912307008,80.0,4.404617020154645,1.0,0.0646325438690248,10280.0,159053.0,1141.0529573173844,0.0071740423463712375,966.0,18.0,3.0,27.0,0.9157300884957261,0.9981975336141565,1.2543185922600881,1.0771924230584793,1.0720031563327892,16.0,4.559632946612588,1.0,826.875,695.625,100.625,1.0,1.4179737752272017,1.1007999115431333,1.1620046168246716,0.9157300884957261,1.1035675646296577,1.1074572912307008,,1.0720031563327892,0.05302651325662831,0.05302651325662831,0.0646325438690248,0.0646325438690248,6195.762261269994,9522.58808873941,0.0,1141.0529573173844
maplesdr,20051021_39222_0100_PP,test,20051021_39222_0100_PP,R1,p5_e4_gt_maples_preannot,5,132484,1491.875,717.5,100.625,1.0,5.3105244636535645,3.210843324661255,1.0,1380.9295843224975,15.240604399994481,1497728.0,132484.0,1.1058713767445438,1.0950150720201384,7367.5460992415665,80.17548384706076,12.0,32.0,27.0,1.4767788598280494,1.4505421572445119,1.4436868227981112,0.5320861792389178,0.0884566490043586,1.0,1.0,1.0,1491.875,717.5,100.625,21902.0,,,0.0,,0.0,0.0,0.0,1.303480243228827,1.2491520119157102,1.2237942411990816,0.7661462147183165,0.13770339260116188,159052.0,1.2317574999760836,1497728.0,0.0884566490043586,132484.0,1497728.0,12796.567019652099,0.008543985970518078,11093.0,150.0,51.0,141.0,1.127604221690578,0.9877436927924962,1.4413869520850182,1.0979198789029352,1.0983912276247498,110.0,5.369835076954464,1.0,0.13770339260116188,21902.0,159052.0,2098.7606768432097,0.013195437195654313,1809.0,30.0,6.0,42.0,0.9945241712002959,0.9969074182063611,1.37140764522842,1.0745219141836164,1.0867550496512022,27.0,5.3980209658035765,1.0,1491.875,717.5,100.625,1.0,1.4767788598280494,1.127604221690578,1.303480243228827,0.9945241712002959,1.0950150720201384,1.0983912276247498,,1.0867550496512022,0.0884566490043586,0.0884566490043586,0.13770339260116188,0.13770339260116188,7367.5460992415665,12796.567019652099,0.0,2098.7606768432097
maplesdr,20051021_39661_0100_PP,train,20051021_39661_0100_PP,R1,p5_e4_gt_maples_preannot,5,184721,1496.25,756.875,118.125,1.0,4.494948863983154,5.402985095977783,1.0,1379.948671634367,21.362029700016137,1495601.0,184721.0,1.1026560753732748,1.0963437134759635,6925.279071936804,102.59543332422584,16.0,33.0,37.0,1.5684940121875215,1.54268872901339,1.531595735564299,0.5913069528354191,0.12350954566090823,1.0,1.0,1.0,1496.25,756.875,118.125,31669.0,,,0.0,,0.0,0.0,0.0,1.3703983924401628,1.3065184660649805,1.2750147707729407,0.8743979173327194,0.15669112517379064,202111.0,1.3260198999778368,1495601.0,0.12350954566090823,184721.0,1495601.0,19992.3242302882,0.013367418335697956,17320.0,283.0,111.0,230.0,1.2110439844736465,0.979689082259345,1.5056970934607268,1.1001538765589112,1.115713135440134,220.0,4.864881300418422,1.0,0.15669112517379064,31669.0,202111.0,3254.9019459151623,0.016104526452865812,2802.0,56.0,14.0,70.0,1.0337146427271418,0.9899509270035859,1.3983673647786592,1.0874981856195474,1.0839635145381001,49.0,5.008794228779563,1.0,1496.25,756.875,118.125,1.0,1.5684940121875215,1.2110439844736465,1.3703983924401628,1.0337146427271418,1.0963437134759635,1.115713135440134,,1.0839635145381001,0.12350954566090823,0.12350954566090823,0.15669112517379064,0.15669112517379064,6925.279071936804,19992.3242302882,0.0,3254.9019459151623
maplesdr,20051021_40074_0100_PP,test,20051021_40074_0100_PP,R1,p5_e4_gt_maples_preannot,5,165113,883.75,625.625,70.0,1.0,6.316701889038086,3.3209877014160156,1.0,1380.0967524921266,17.82448219996877,1495922.0,165113.0,1.0958249949053043,1.0843089134061152,14138.029139897977,88.39318570858089,9.0,49.0,61.0,1.5530072674931166,1.5225337503032559,1.5089523962560996,0.6029917443831858,0.11037540727390867,1.0,1.0,1.0,883.75,625.625,70.0,13201.0,1.0810004363687378,1.0716921667274133,1018.1757569573596,,13.0,15.0,3.0,1.3404042893750203,1.2909473864050338,1.2716580392512458,0.7153004589158012,0.1714861002857885,76980.0,1.3283023000112735,1495922.0,0.11037540727390867,165113.0,1495922.0,18274.430652537252,0.01221616545016201,15769.0,230.0,100.0,151.0,1.2024169703745158,0.9809806616353174,1.4908826101030592,1.0851989091677894,1.0866398137204603,176.0,4.832338451759986,1.0,0.1714861002857885,13201.0,76980.0,1332.5676759431462,0.017310569965486442,1164.0,35.0,9.0,43.0,0.9774642911733031,0.992682577927441,1.3685428729223592,1.0795021540497944,1.072350334869325,27.0,5.258549510846405,1.0,883.75,625.625,70.0,1.0,1.5530072674931166,1.2024169703745158,1.3404042893750203,0.9774642911733031,1.0843089134061152,1.0866398137204603,1.0716921667274133,1.072350334869325,0.11037540727390867,0.11037540727390867,0.1714861002857885,0.1714861002857885,14138.029139897977,18274.430652537252,1018.1757569573596,1332.5676759431462
maplesdr,20051021_40248_0100_PP,test,20051021_40248_0100_PP,R1,p5_e4_gt_maples_preannot,5,138305,809.375,721.875,91.875,1.0,7.877013206481934,4.181159496307373,1.0,1379.3963421041851,16.11204129998805,1494404.0,138305.0,1.1084334444936699,1.0975836848893226,15377.738951464853,79.8753283446022,7.0,71.0,84.0,1.5284306802784418,1.4879089462380342,1.467088585120846,0.6353488656478616,0.09254860131530697,1.0,1.0,1.0,809.375,721.875,91.875,16845.0,1.0949976070449028,1.0823385609439633,1656.1971849821682,,16.0,19.0,2.0,1.3391392429653073,1.2646826347811684,1.226515614863204,0.9564025296409338,0.12704961308132082,132586.0,1.2635141999926418,1494404.0,0.09254860131530697,138305.0,1494404.0,17057.646814565673,0.011414347669415816,14618.0,214.0,104.0,104.0,1.1936828700167634,0.986098648596659,1.4614320818061521,1.095819751650915,1.103319625776388,183.0,4.382512266489018,1.0,0.12704961308132082,16845.0,132586.0,1953.304832720493,0.01473236112953474,1671.0,28.0,5.0,40.0,0.9765650360055703,0.9952284051930387,1.326765581303115,1.089216914449799,1.0888788087634347,25.0,4.500880835485844,1.0,809.375,721.875,91.875,1.0,1.5284306802784418,1.1936828700167634,1.3391392429653073,0.9765650360055703,1.0975836848893226,1.103319625776388,1.0823385609439633,1.0888788087634347,0.09254860131530697,0.09254860131530697,0.12704961308132082,0.12704961308132082,15377.738951464853,17057.646814565673,1656.1971849821682,1953.304832720493
maplesdr,20051110_35926_0400_PP,test,20051110_35926_0400_PP,R1,p5_e4_gt_maples_preannot,5,76944,551.25,466.875,73.125,1.0,3.4078519344329834,3.709876537322998,1.0,910.2488639372964,7.668828099966049,650744.0,76944.0,1.1181695038014172,1.0972326748475538,12174.121276797143,89.21517539700811,5.0,77.0,80.0,1.6055804127760587,1.5665403809722458,1.5463129407655303,0.6805281999226502,0.11824004524052469,1.0,1.0,1.0,551.25,466.875,73.125,11401.0,1.1121338378784136,1.0821335872904734,1437.2245301926387,62.312765606225035,16.0,19.0,1.0,1.3638157188030222,1.3078867043453661,1.280317613662114,0.836309878353324,0.1357116499422681,84009.0,0.671101699990686,650744.0,0.11824004524052469,76944.0,650744.0,13369.912257443651,0.02054557899487917,11552.0,206.0,103.0,100.0,1.241813281577856,0.9829763411141543,1.4670664117717604,1.092145680743404,1.1060771668622027,175.0,3.1726227057434238,1.0,0.1357116499422681,11401.0,84009.0,1775.1311678041866,0.02113024994707932,1564.0,30.0,5.0,45.0,0.994671346344251,0.9931424279656101,1.3009924534670905,1.0904722415204582,1.0941875873329407,27.0,3.399203726786472,1.0,551.25,466.875,73.125,1.0,1.6055804127760587,1.241813281577856,1.3638157188030222,0.994671346344251,1.0972326748475538,1.1060771668622027,1.0821335872904734,1.0941875873329407,0.11824004524052469,0.11824004524052469,0.1357116499422681,0.1357116499422681,12174.121276797143,13369.912257443651,1437.2245301926387,1775.1311678041866
maplesdr,20051110_38507_0400_PP,test,20051110_38507_0400_PP,R1,p5_e4_gt_maples_preannot,5,49123,503.4375,466.875,81.5625,1.0,5.872466087341309,4.627450942993164,1.0,909.8067415153979,5.258627199975308,650112.0,49123.0,1.0988962954924453,1.0958028106021187,7106.7399666934,78.28528712190624,3.0,41.0,41.0,1.5023127389087823,1.4710345773562115,1.4602170436763524,0.6340926816124988,0.07556082644221303,1.0,1.0,1.0,503.4375,466.875,81.5625,9671.0,1.0875884516104128,1.0813924369038534,1126.8275605729684,91.8192980802013,8.0,15.0,8.0,1.2769493674913788,1.207014079012933,1.1709651694157117,0.9258185738453519,0.09789947866578934,98785.0,0.5375818000175059,650112.0,0.07556082644221303,49123.0,650112.0,8351.739100141622,0.012846615814108371,7183.0,115.0,52.0,59.0,1.166150886777927,0.9912643974785921,1.4014035044944606,1.0828117467156733,1.0872586367509203,97.0,3.2149512862339105,1.0,0.09789947866578934,9671.0,98785.0,1581.9301576774096,0.016013870098470512,1357.0,34.0,10.0,35.0,0.9912131057801089,0.9959649758795254,1.2682932105029876,1.0696153442305072,1.0711294115359846,28.0,3.3194391250250765,1.0,503.4375,466.875,81.5625,1.0,1.5023127389087823,1.166150886777927,1.2769493674913788,0.9912131057801089,1.0958028106021187,1.0872586367509203,1.0813924369038534,1.0711294115359846,0.07556082644221303,0.07556082644221303,0.09789947866578934,0.09789947866578934,7106.7399666934,8351.739100141622,1126.8275605729684,1581.9301576774096
maplesdr,20051116_43995_0400_PP,train,20051116_43995_0400_PP,R1,p5_e4_gt_maples_preannot,5,76275,528.75,458.4375,67.5,1.0,6.277466297149658,3.3032257556915283,1.0,908.9190498411516,6.193045000021812,648844.0,76275.0,1.112470816430999,1.0922555614667746,10209.86312527087,82.25412082782574,11.0,65.0,71.0,1.5733189055309356,1.5400234315513168,1.5225108022787457,0.6368189600873653,0.11755522128585608,1.0,1.0,1.0,528.75,458.4375,67.5,10828.0,1.122417713109425,1.0857001553403218,1185.702668891941,49.755906335094345,11.0,19.0,8.0,1.367159184625377,1.3148343017971076,1.2897125034799328,0.8717088667762318,0.15132204147800324,71556.0,0.5022999999928288,648844.0,0.11755522128585608,76275.0,648844.0,11669.810526890982,0.017985541250117105,10102.0,220.0,100.0,128.0,1.2107838721652846,0.9847153556664974,1.4669078608696342,1.0894768803441186,1.1017163683596538,164.0,3.5468545068853716,1.0,0.15132204147800324,10828.0,71556.0,1503.307791313324,0.021008829326867404,1317.0,35.0,10.0,40.0,1.024888982094192,0.9910486126240972,1.3463849273017343,1.094074785423458,1.1171495562577807,30.0,3.7928985353543387,1.0,528.75,458.4375,67.5,1.0,1.5733189055309356,1.2107838721652846,1.367159184625377,1.024888982094192,1.0922555614667746,1.1017163683596538,1.0857001553403218,1.1171495562577807,0.11755522128585608,0.11755522128585608,0.15132204147800324,0.15132204147800324,10209.86312527087,11669.810526890982,1185.702668891941,1503.307791313324
maplesdr,20051116_44615_0400_PP,train,20051116_44615_0400_PP,R1,p5_e4_gt_maples_preannot,5,253621,1656.0,765.0,85.5,1.0,2.9953837394714355,2.2122902870178223,1.0,1450.8806218114269,19.383713399991393,1653306.0,253621.0,1.131731504539785,1.1002615811039482,25349.043635508562,90.0,7.0,134.0,164.0,1.6063913514913803,1.5800388866115935,1.5675101665251108,0.6035417137480596,0.153402334474078,1.0,1.0,1.0,1656.0,765.0,85.5,22692.0,1.0946476214405805,1.0823898316819591,1793.6824663564068,73.90786955153774,16.0,19.0,8.0,1.391353446840928,1.336173808501834,1.3199300027042062,0.7888625946133314,0.19820764110895656,114486.0,2.1402437000069767,1653306.0,0.153402334474078,253621.0,1653306.0,28124.031801137244,0.01701078433220302,24281.0,425.0,207.0,202.0,1.2750078409122894,0.9782763936201128,1.5524270187427265,1.0979488865249827,1.118560119402161,354.0,4.949147242220433,1.0,0.19820071621975718,22692.0,114490.0,2236.098771959832,0.01953095267673886,1923.0,43.0,11.0,53.0,1.0213309146753644,0.9905771267773454,1.4152198377167908,1.086501982922731,1.0911566348733346,37.0,5.352623486178688,1.0,1656.0,765.0,85.5,1.0,1.6063913514913803,1.2750078409122894,1.391353446840928,1.0213309146753644,1.1002615811039482,1.118560119402161,1.0823898316819591,1.0911566348733346,0.153402334474078,0.153402334474078,0.19820764110895656,0.19820071621975718,25349.043635508562,28124.031801137244,1793.6824663564068,2236.098771959832
maplesdr,20051116_44804_0400_PP,test,20051116_44804_0400_PP,R1,p5_e4_gt_maples_preannot,5,132647,882.0,693.0,103.5,1.0,8.076324462890625,3.615893840789795,1.0,1450.8169970792064,15.72602940001525,1653161.0,132647.0,1.0794346761438351,1.0829314275315498,6704.5145699489885,101.96297159006177,15.0,27.0,29.0,1.4841635210576067,1.4433391063839414,1.4233035543050505,0.6375307686627332,0.08023840388201754,1.0,1.0,1.0,882.0,693.0,103.5,18199.0,,,0.0,,0.0,0.0,0.0,1.2854774539036558,1.2160736683247453,1.182797168520924,0.8851755541424555,0.10809574720836303,168360.0,1.2242121999734081,1653161.0,0.08023840388201754,132647.0,1653161.0,13696.23729269969,0.008284878056462552,11744.0,148.0,49.0,146.0,1.147115397890638,0.9863476034807365,1.4475344000814598,1.083727165258771,1.0807957240182837,120.0,5.035025734486645,1.0,0.10809317906440807,18199.0,168364.0,1830.8195513462542,0.010874174712802347,1552.0,33.0,7.0,45.0,0.9992810374626738,0.9893894013434609,1.3505547533071662,1.0831177507729028,1.0748615165722522,27.0,5.08605109079912,1.0,882.0,693.0,103.5,1.0,1.4841635210576067,1.147115397890638,1.2854774539036558,0.9992810374626738,1.0829314275315498,1.0807957240182837,,1.0748615165722522,0.08023840388201754,0.08023840388201754,0.10809574720836303,0.10809317906440807,6704.5145699489885,13696.23729269969,0.0,1830.8195513462542
maplesdr,20051116_44816_0400_PP,test,20051116_44816_0400_PP,R1,p5_e4_gt_maples_preannot,5,200027,1525.5,810.0,85.5,1.0,7.9508161544799805,4.292517185211182,1.0,1451.6403926728528,15.22645439999178,1655038.0,200027.0,1.1077808282670654,1.096551971549306,18040.796092864348,88.34769532234868,8.0,65.0,82.0,1.5652843608846312,1.545054419022011,1.5373117165718915,0.54248619933399,0.12085946062869855,1.0,1.0,1.0,1525.5,810.0,85.5,21587.0,1.0950021226667326,1.084472432738206,1596.8002153624984,43.615926264063916,15.0,18.0,8.0,1.3578496868872116,1.3276536494330278,1.3154616425008039,0.6451636358859523,0.18800076639030167,114824.0,1.2872486999840476,1655038.0,0.12085946062869855,200027.0,1655038.0,21726.379279646648,0.013127420204035586,18751.0,240.0,109.0,141.0,1.2194928064902701,0.9835201730688069,1.509881103003155,1.1084887822018392,1.1743621858965343,195.0,4.933644929432386,1.0,0.18800076639030167,21587.0,114824.0,2095.417531092701,0.018248950838611278,1806.0,39.0,10.0,48.0,1.007568346141677,0.9942837135247579,1.4091179252150676,1.1400899519526875,1.1747482938094402,35.0,5.50087406014674,1.0,1525.5,810.0,85.5,1.0,1.5652843608846312,1.2194928064902701,1.3578496868872116,1.007568346141677,1.096551971549306,1.1743621858965343,1.084472432738206,1.1747482938094402,0.12085946062869855,0.12085946062869855,0.18800076639030167,0.18800076639030167,18040.796092864348,21726.379279646648,1596.8002153624984,2095.417531092701
maplesdr,20051116_54454_0400_PP,train,20051116_54454_0400_PP,R2,p5_e4_gt_maples_preannot,5,85291,537.1875,458.4375,59.0625,1.0,5.466676235198975,3.27439022064209,1.0,907.8215386501284,8.164990100020077,647278.0,85291.0,1.1105857238673258,1.090080226443104,11411.458146424486,87.25359693025706,9.0,83.0,84.0,1.6001999417092687,1.56190800066473,1.5439016226975961,0.6949617077100929,0.13176872997382885,1.0,1.0,1.0,537.1875,458.4375,59.0625,9645.0,1.1288684689761375,1.081876143076172,902.6366517139587,,14.0,17.0,3.0,1.3940552454209663,1.3215708659675467,1.2854868912890796,0.9482604331805904,0.17603898592783224,54789.0,0.6030872999690473,647278.0,0.13176872997382885,85291.0,647278.0,13180.459371913763,0.02036290337677746,11478.0,272.0,127.0,144.0,1.2439532486184826,0.9810016110750417,1.499581839540242,1.0816549670348834,1.0849400385300367,207.0,3.5505621775783784,1.0,0.17603898592783224,9645.0,54789.0,1297.5260453828039,0.023682236313544762,1140.0,31.0,5.0,47.0,0.9646455004247593,0.9939277425360766,1.3297402888089251,1.0735482554035087,1.0719910734439135,25.0,3.9183768261595464,1.0,537.1875,458.4375,59.0625,1.0,1.6001999417092687,1.2439532486184826,1.3940552454209663,0.9646455004247593,1.090080226443104,1.0849400385300367,1.081876143076172,1.0719910734439135,0.13176872997382885,0.13176872997382885,0.17603898592783224,0.17603898592783224,11411.458146424486,13180.459371913763,902.6366517139587,1297.5260453828039
maplesdr,20051116_55656_0400_PP,train,20051116_55656_0400_PP,R1,p5_e4_gt_maples_preannot,5,140482,769.5,675.0,108.0,1.0,5.040005207061768,4.51298713684082,1.0,1451.7109978250135,18.253462699998636,1655199.0,140482.0,1.0918064859973873,1.0965288719800133,9315.054900681664,80.3442206334628,12.0,37.0,45.0,1.503081520379786,1.4717822275279517,1.460373579574325,0.5823378006047053,0.08487317839123876,1.0,1.0,1.0,769.5,675.0,108.0,18735.0,,,0.0,,0.0,0.0,0.0,1.2622104397167457,1.2000116178255207,1.1669040743559316,0.8683851234199602,0.10471687039924879,178911.0,1.3853467999724671,1655199.0,0.08487317839123876,140482.0,1655199.0,15327.930726875638,0.009260476067757192,13314.0,184.0,78.0,128.0,1.1550969274992995,0.9862362032864441,1.4434781608860419,1.0911483211835904,1.0928938227165983,149.0,4.850671877982598,1.0,0.10471687039924879,18735.0,178911.0,1883.9423509862295,0.010530053216326718,1649.0,26.0,5.0,34.0,0.9424136364013412,0.9985753874144951,1.3118018430841036,1.081391494508213,1.071455020141221,25.0,5.184821795567389,1.0,769.5,675.0,108.0,1.0,1.503081520379786,1.1550969274992995,1.2622104397167457,0.9424136364013412,1.0965288719800133,1.0928938227165983,,1.071455020141221,0.08487317839123876,0.08487317839123876,0.10471687039924879,0.10471687039924879,9315.054900681664,15327.930726875638,0.0,1883.9423509862295
maplesdr,20051116_58828_0400_PP,test,20051116_58828_0400_PP,R1,p5_e4_gt_maples_preannot,5,64090,978.75,503.4375,67.5,1.0,9.953444480895996,3.487804889678955,1.0,907.8054095055602,8.528301000013016,647255.0,64090.0,1.1170732451368037,1.1131868094767174,4757.746750430835,61.809972465397244,11.0,38.0,38.0,1.5735545388710983,1.5362148808186866,1.5189001020444715,0.6611487861316923,0.09901816131200222,1.0,1.0,1.0,978.75,503.4375,67.5,9144.0,1.0859615104732907,1.0742640891369555,872.6366517139587,,13.0,12.0,4.0,1.3456049572093272,1.2726802993498623,1.2336284841787235,0.9162561316681648,0.1277880261613282,71556.0,0.5883574000326917,647255.0,0.09901816131200222,64090.0,647255.0,11119.14234588445,0.0171789207435778,9777.0,255.0,92.0,210.0,1.2000725856497092,0.9830431678520007,1.4292944051873935,1.096571321536598,1.1059450249185938,177.0,3.083794168532796,1.0,0.1277880261613282,9144.0,71556.0,1389.9524522539966,0.01942468070118504,1221.0,38.0,7.0,52.0,1.0185340938946494,0.99175973387696,1.3043121183069388,1.087392814169024,1.0863055430156368,29.0,3.385800081656054,1.0,978.75,503.4375,67.5,1.0,1.5735545388710983,1.2000725856497092,1.3456049572093272,1.0185340938946494,1.1131868094767174,1.1059450249185938,1.0742640891369555,1.0863055430156368,0.09901816131200222,0.09901816131200222,0.1277880261613282,0.1277880261613282,4757.746750430835,11119.14234588445,872.6366517139587,1389.9524522539966
maplesdr,20051117_37078_0400_PP,train,20051117_37078_0400_PP,R1,p5_e4_gt_maples_preannot,5,87394,981.5625,461.25,67.5,1.0,5.890707969665527,5.032051086425781,1.0,908.322100948792,9.582331900019199,647992.0,87394.0,1.1224900473248012,1.1083673070981375,6565.806850423158,81.30595310815727,21.0,49.0,57.0,1.6059024140312375,1.5822532981140587,1.5699020850986425,0.5942352334861347,0.13486894899937035,1.0,1.0,1.0,981.5625,461.25,67.5,12326.0,1.1243371954737207,1.1040673080969778,1144.6610383315983,,14.0,18.0,7.0,1.3942981173478088,1.3284932601886663,1.300185828392872,0.8919703631778029,0.1722566940578009,71556.0,0.6420594999799505,647992.0,0.13486894899937035,87394.0,647992.0,13102.182243341238,0.020219666667707685,11445.0,360.0,132.0,306.0,1.2305686581117188,0.9797334093094975,1.4951374809783489,1.104408241238707,1.110177897698585,245.0,3.529376982610998,1.0,0.1722566940578009,12326.0,71556.0,1730.3910524340095,0.024182333451199193,1538.0,60.0,18.0,63.0,1.0072424836194642,0.9926590172907716,1.332973683040814,1.1027264634421878,1.098748149074892,40.0,3.7743639171657666,1.0,981.5625,461.25,67.5,1.0,1.6059024140312375,1.2305686581117188,1.3942981173478088,1.0072424836194642,1.1083673070981375,1.110177897698585,1.1040673080969778,1.098748149074892,0.13486894899937035,0.13486894899937035,0.1722566940578009,0.1722566940578009,6565.806850423158,13102.182243341238,1144.6610383315983,1730.3910524340095
maplesdr,20051117_37130_0400_PP,train,20051117_37130_0400_PP,R0,p5_e4_gt_maples_preannot,5,70753,939.375,517.5,61.875,1.0,5.739963531494141,3.5828568935394287,1.0,909.6457892012567,8.073123299982399,649882.0,70753.0,1.1323716523484437,1.1057360570000696,7835.977556746635,103.30104759150208,11.0,45.0,58.0,1.5427709060126047,1.5102444258395116,1.4976263258557456,0.6723738528638732,0.10887053341991315,1.0,1.0,1.0,939.375,517.5,61.875,9690.0,1.1297089467639685,1.1030964120871607,1091.6021638285526,64.0190948673203,14.0,20.0,6.0,1.3799087369029284,1.3104874910768531,1.2798498712125863,0.9581168287881539,0.16115083984699818,60130.0,0.5573557000025176,649882.0,0.10887053341991315,70753.0,649882.0,10164.838738653232,0.015641052896761615,8851.0,220.0,97.0,142.0,1.1814539355044342,0.9862814174287831,1.4428643319964327,1.1011499443242052,1.1056802886826744,155.0,3.734091158505206,1.0,0.16115083984699818,9690.0,60130.0,1485.4915574973977,0.02470466584895057,1289.0,50.0,14.0,49.0,1.0310765442381395,0.989456854003869,1.3474940416813674,1.0995763704696997,1.1167178622140403,32.0,3.4538538954207625,1.0,939.375,517.5,61.875,1.0,1.5427709060126047,1.1814539355044342,1.3799087369029284,1.0310765442381395,1.1057360570000696,1.1056802886826744,1.1030964120871607,1.1167178622140403,0.10887053341991315,0.10887053341991315,0.16115083984699818,0.16115083984699818,7835.977556746635,10164.838738653232,1091.6021638285526,1485.4915574973977
maplesdr,20051130_60562_0400_PP,test,20051130_60562_0400_PP,R1,p5_e4_gt_maples_preannot,5,135609,855.0,787.5,99.0,1.0,5.145569801330566,3.1156070232391357,1.0,1451.3053002822035,15.492234500008635,1654274.0,135609.0,1.1003663929590182,1.092089822141067,10753.89674660451,78.87257173387071,10.0,40.0,39.0,1.506347639595755,1.4747654572371338,1.4621569492437878,0.6081571208377989,0.08197493281040505,1.0,1.0,1.0,855.0,787.5,99.0,21767.0,1.0732708073277697,1.079786927884836,1649.0428560496175,39.28940686250036,13.0,17.0,5.0,1.3288093845853972,1.2717342196226662,1.2447091830219994,0.850724961478077,0.1413863881419125,153954.0,1.2361298999749124,1654274.0,0.08197493281040505,135609.0,1654274.0,15094.116585100768,0.009124314705484561,13005.0,162.0,62.0,126.0,1.1550995832003395,0.9867634681889007,1.441362466409134,1.1054666993014024,1.1130268659411675,129.0,4.749013900391512,1.0,0.1413863881419125,21767.0,153954.0,2207.743432900505,0.014340279777729094,1904.0,30.0,5.0,45.0,0.999410622503423,0.9928505450803785,1.3728778033037563,1.078519627585351,1.0756684915032944,26.0,5.105310137756181,1.0,855.0,787.5,99.0,1.0,1.506347639595755,1.1550995832003395,1.3288093845853972,0.999410622503423,1.092089822141067,1.1130268659411675,1.079786927884836,1.0756684915032944,0.08197493281040505,0.08197493281040505,0.1413863881419125,0.1413863881419125,10753.89674660451,15094.116585100768,1649.0428560496175,2207.743432900505
maplesdr,20051201_37462_0400_PP,train,20051201_37462_0400_PP,R1,p5_e4_gt_maples_preannot,5,161592,846.0,769.5,108.0,1.0,5.378848552703857,3.966442823410034,1.0,1452.5202998256782,19.661912199982908,1657045.0,161592.0,1.1271821452525608,1.0934615671302534,9185.42957572475,86.7243636641509,15.0,37.0,36.0,1.5243381661797157,1.4921813225476686,1.4751059402422604,0.5871005286334376,0.097518172409319,1.0,1.0,1.0,846.0,769.5,108.0,24388.0,,,0.0,,0.0,0.0,0.0,1.3262816921180396,1.2623587691873572,1.229573278107618,0.835309165495006,0.13309902200489,183232.0,1.3454515000339597,1657045.0,0.097518172409319,161592.0,1657045.0,17059.058936086996,0.010294867632494589,14737.0,224.0,85.0,181.0,1.174080556650894,0.9836297513928361,1.4699013664086775,1.0994991540187562,1.1181143955232096,162.0,4.994826224457782,1.0,0.13309902200489,24388.0,183232.0,2268.057141399491,0.012378062463977312,1965.0,52.0,14.0,62.0,0.9688910597315857,0.9954924934725644,1.3469340211538672,1.0885611657364067,1.0949080258066886,36.0,5.668008957827615,1.0,846.0,769.5,108.0,1.0,1.5243381661797157,1.174080556650894,1.3262816921180396,0.9688910597315857,1.0934615671302534,1.1181143955232096,,1.0949080258066886,0.097518172409319,0.097518172409319,0.13309902200489,0.13309902200489,9185.42957572475,17059.058936086996,0.0,2268.057141399491
maplesdr,20051201_38211_0400_PP,test,20051201_38211_0400_PP,R1,p5_e4_gt_maples_preannot,5,164779,1521.0,765.0,130.5,1.0,8.408156394958496,4.312056541442871,1.0,1453.739976852195,12.665983400016557,1659829.0,164779.0,1.101952824896869,1.0938988864080634,16769.017305526653,99.8282473128602,7.0,76.0,77.0,1.5330943159712314,1.4911652404458307,1.4691752834453284,0.6922955171128906,0.09927468431989078,1.0,1.0,1.0,1521.0,765.0,130.5,25303.0,,,0.0,,0.0,0.0,0.0,1.2687105934889575,1.2062091919367486,1.1740397618037577,0.862085343379865,0.0946670956735158,267284.0,1.2648440999910235,1659829.0,0.09927468431989078,164779.0,1659829.0,18392.798184905398,0.01108114039753818,15842.0,210.0,100.0,108.0,1.1938512087142663,0.9850155905369367,1.4742205461310873,1.0860109702927672,1.091355558370726,178.0,4.851507161675225,1.0,0.09466658685502215,25304.0,267296.0,2477.130301252409,0.009267367642061269,2094.0,29.0,6.0,40.0,0.9732344243891337,0.9953751696543593,1.3211853619551142,1.0680600873383892,1.0680659955714402,28.0,5.317819629895536,1.0,1521.0,765.0,130.5,1.0,1.5330943159712314,1.1938512087142663,1.2687105934889575,0.9732344243891337,1.0938988864080634,1.091355558370726,,1.0680659955714402,0.09927468431989078,0.09927468431989078,0.0946670956735158,0.09466658685502215,16769.017305526653,18392.798184905398,0.0,2477.130301252409
maplesdr,20051202_37162_0400_PP,test,20051202_37162_0400_PP,R1,p5_e4_gt_maples_preannot,5,207609,810.0,733.5,112.5,1.0,4.5826735496521,4.68345308303833,1.0,1450.2912183555873,18.858754899993073,1651963.0,207609.0,1.1260904535847036,1.0960508732970937,13209.057351660218,87.69857126800495,15.0,61.0,61.0,1.559573663257084,1.523062175058867,1.504553514492269,0.6242007195728401,0.12567412224123664,1.0,1.0,1.0,810.0,733.5,112.5,31302.0,,,0.0,,0.0,0.0,0.0,1.3405321279507043,1.2755161622008353,1.2461672172709313,0.848644221218843,0.15744047319659185,198818.0,1.4750675999675877,1651963.0,0.12567412224123664,207609.0,1651963.0,20995.07863100825,0.012709170018340757,18196.0,243.0,104.0,165.0,1.2083456452083738,0.9810107290532722,1.5129652231847641,1.1022334511252239,1.1186374387438724,202.0,5.269118988272517,1.0,0.15744047319659185,31302.0,198818.0,2713.5911960090075,0.013648619320227583,2355.0,42.0,10.0,51.0,0.9954544060633935,0.9946874939636152,1.378820504474516,1.0903909536397318,1.091214951589724,31.0,5.998234361789866,1.0,810.0,733.5,112.5,1.0,1.559573663257084,1.2083456452083738,1.3405321279507043,0.9954544060633935,1.0960508732970937,1.1186374387438724,,1.091214951589724,0.12567412224123664,0.12567412224123664,0.15744047319659185,0.15744047319659185,13209.057351660218,20995.07863100825,0.0,2713.5911960090075
maplesdr,20051202_48586_0400_PP,train,20051202_48586_0400_PP,R1,p5_e4_gt_maples_preannot,5,63596,981.5625,475.3125,70.3125,1.0,7.162827968597412,4.026666641235352,1.0,908.1139173733884,8.701777699985541,647695.0,63596.0,1.1088463772129888,1.096046811952886,6806.7227227506955,70.33872331718213,11.0,40.0,40.0,1.5636198609318166,1.531672708329638,1.518237728906313,0.5704019744307038,0.09818819042913716,1.0,1.0,1.0,981.5625,475.3125,70.3125,10201.0,1.0876267906153663,1.0817692691420733,1252.6387437550118,72.24276764303576,16.0,20.0,3.0,1.3455259424690558,1.2711822921535114,1.2316627349414209,0.9061112011060322,0.1313106608655356,77686.0,0.5247503999853507,647695.0,0.09818819042913716,63596.0,647695.0,10539.318102841811,0.016272038695438147,9035.0,176.0,70.0,136.0,1.1867335624936795,0.9842285121350872,1.4284884850287733,1.0992770410510129,1.1072168571972203,131.0,3.2373676197366383,1.0,0.1313106608655356,10201.0,77686.0,1481.6042558696054,0.019071702184043526,1281.0,32.0,6.0,46.0,0.9752365344851546,0.9929074544552144,1.2996359310062813,1.0948978185057279,1.0899763425784663,25.0,3.5715349178717966,1.0,981.5625,475.3125,70.3125,1.0,1.5636198609318166,1.1867335624936795,1.3455259424690558,0.9752365344851546,1.096046811952886,1.1072168571972203,1.0817692691420733,1.0899763425784663,0.09818819042913716,0.09818819042913716,0.1313106608655356,0.1313106608655356,6806.7227227506955,10539.318102841811,1252.6387437550118,1481.6042558696054
maplesdr,20051202_54611_0400_PP,test,20051202_54611_0400_PP,R1,p5_e4_gt_maples_preannot,5,48001,959.0625,475.3125,70.3125,1.0,4.158673286437988,4.737930774688721,1.0,910.5977931183238,7.299834700010251,651243.0,48001.0,1.1287981034409775,1.1021252806063337,6062.287081163518,76.97740803763915,5.0,29.0,30.0,1.4843846086338737,1.4555436515729903,1.4447654382504111,0.5939734685781308,0.07370674233734566,1.0,1.0,1.0,959.0625,475.3125,70.3125,6278.0,1.0761326435674616,1.0731914597662469,571.0264786586923,,8.0,7.0,1.0,1.2967459768586196,1.2175222804731929,1.1739273616779906,0.8169452890463051,0.08085517419022474,77645.0,0.5298144999542274,651243.0,0.07370674233734566,48001.0,651243.0,7864.312693270434,0.012075849864444507,6729.0,94.0,35.0,80.0,1.1445718042364208,0.9886541193911812,1.3853766101639973,1.1131572926425433,1.1285183241766885,85.0,3.308246259807079,1.0,0.08085517419022474,6278.0,77645.0,923.4722215136414,0.011893518211264621,780.0,18.0,1.0,33.0,0.9068528117100335,0.9965625715067206,1.2206683407256933,1.0771062844915262,1.0789688621801616,18.0,3.561759543311669,1.0,959.0625,475.3125,70.3125,1.0,1.4843846086338737,1.1445718042364208,1.2967459768586196,0.9068528117100335,1.1021252806063337,1.1285183241766885,1.0731914597662469,1.0789688621801616,0.07370674233734566,0.07370674233734566,0.08085517419022474,0.08085517419022474,6062.287081163518,7864.312693270434,571.0264786586923,923.4722215136414
maplesdr,20051202_55498_0400_PP,test,20051202_55498_0400_PP,R1,p5_e4_gt_maples_preannot,5,74710,953.4375,492.1875,75.9375,1.0,5.244658470153809,3.5098037719726562,1.0,908.638840984826,6.5229182000039145,648444.0,74710.0,1.119189882348801,1.1110012231794333,6712.819043731977,68.3096624497949,14.0,48.0,49.0,1.5984758351698207,1.562366290153887,1.542858779220598,0.6360827407667877,0.11521426676783192,1.0,1.0,1.0,953.4375,492.1875,75.9375,12475.0,1.0929781207893017,1.0814077080904752,1331.744299452283,61.525796389925645,16.0,15.0,8.0,1.3832755251778408,1.3133885483385794,1.2752670767858858,0.8691074417466147,0.13774180726084267,90568.0,0.49110449996078387,648444.0,0.11521426676783192,74710.0,648444.0,12686.714205909704,0.019564857113196676,11005.0,244.0,98.0,184.0,1.2249429135206584,0.9825367633101798,1.464607221778927,1.1068637678634887,1.1160929798376151,184.0,3.162797233828825,1.0,0.13774180726084267,12475.0,90568.0,1859.587011926902,0.020532495052633402,1645.0,42.0,9.0,57.0,1.0174924332694342,0.9924065366939032,1.31591447811542,1.087158358747684,1.0951566949401315,32.0,3.530416717201174,1.0,953.4375,492.1875,75.9375,1.0,1.5984758351698207,1.2249429135206584,1.3832755251778408,1.0174924332694342,1.1110012231794333,1.1160929798376151,1.0814077080904752,1.0951566949401315,0.11521426676783192,0.11521426676783192,0.13774180726084267,0.13774180726084267,6712.819043731977,12686.714205909704,1331.744299452283,1859.587011926902
maplesdr,20051202_55834_0400_PP,train,20051202_55834_0400_PP,R1,p5_e4_gt_maples_preannot,5,59706,967.5,469.6875,56.25,1.0,8.958313941955566,4.1273884773254395,1.0,909.880909953939,5.874516299983952,650218.0,59706.0,1.1454862107610657,1.1165766877910066,3334.71817973109,52.58914842475934,12.0,28.0,25.0,1.5417242984619182,1.504800559732581,1.4901225204741144,0.6878104199950879,0.09182458806123485,1.0,1.0,1.0,967.5,469.6875,56.25,6759.0,1.1716669155145423,1.096458428019245,582.9015869776645,,8.0,8.0,3.0,1.3082878332947203,1.239600041439919,1.213746282217031,0.9349376833580771,0.13592486827816433,49726.0,0.4588316000299528,650218.0,0.09182458806123485,59706.0,650218.0,9448.718897606088,0.014531616930946371,8207.0,174.0,61.0,153.0,1.177976395345349,0.9847089958661382,1.4272639500950024,1.1106781720303316,1.1242082187786056,126.0,3.333577768977227,1.0,0.13592486827816433,6759.0,49726.0,1003.6488450227786,0.020183582934939038,894.0,26.0,3.0,43.0,0.9554325356906455,0.9969027590371955,1.2808331853333996,1.1290686869049906,1.1958548411991097,19.0,3.4252784043718933,1.0,967.5,469.6875,56.25,1.0,1.5417242984619182,1.177976395345349,1.3082878332947203,0.9554325356906455,1.1165766877910066,1.1242082187786056,1.096458428019245,1.1958548411991097,0.09182458806123485,0.09182458806123485,0.13592486827816433,0.13592486827816433,3334.71817973109,9448.718897606088,582.9015869776645,1003.6488450227786
maplesdr,20051205_35276_0400_PP,train,20051205_35276_0400_PP,R3,p5_e4_gt_maples_preannot,5,55127,970.3125,430.3125,75.9375,1.0,8.941132545471191,3.1886792182922363,1.0,910.4600554893382,6.250433800043538,651046.0,55127.0,1.0985490263389097,1.0849984378706754,8199.903530341939,87.22170078443253,7.0,54.0,53.0,1.5230399834721844,1.4924194229918064,1.4791486231593687,0.6470335172659005,0.08467450840647205,1.0,1.0,1.0,970.3125,430.3125,75.9375,7266.0,1.0875087927250013,1.074274957561561,781.3107499061541,,9.0,12.0,5.0,1.2753239869492103,1.1968480005482496,1.1566638548719528,0.9264120593725014,0.080547179851011,90208.0,0.52009750000434,651046.0,0.08467450840647205,55127.0,651046.0,9554.814352035597,0.014676097160623977,8256.0,156.0,69.0,96.0,1.1704006432084295,0.987621824012353,1.3982460569960968,1.0899493811270138,1.095909732918036,130.0,3.154541272509171,1.0,0.080547179851011,7266.0,90208.0,1255.9991334482224,0.013923367477920168,1107.0,34.0,8.0,44.0,0.9516377741828321,0.994911606321049,1.2305799593964968,1.0758665850874294,1.0720011519435904,30.0,3.0938527991020384,1.0,970.3125,430.3125,75.9375,1.0,1.5230399834721844,1.1704006432084295,1.2753239869492103,0.9516377741828321,1.0849984378706754,1.095909732918036,1.074274957561561,1.0720011519435904,0.08467450840647205,0.08467450840647205,0.080547179851011,0.080547179851011,8199.903530341939,9554.814352035597,781.3107499061541,1255.9991334482224
maplesdr,20051205_35305_0400_PP,train,20051205_35305_0400_PP,R1,p5_e4_gt_maples_preannot,5,19769,514.6875,579.375,118.125,1.0,3.359729051589966,3.7323944568634033,1.0,910.4530631758023,5.520801700011361,651036.0,19769.0,1.113558959162551,1.0889831277199225,1748.187083714405,77.27564431457763,5.0,8.0,4.0,1.377252662963114,1.3316104548438088,1.312987310958698,0.6923350065402807,0.030365448300862012,1.0,1.0,1.0,514.6875,579.375,118.125,3697.0,,,0.0,,0.0,0.0,0.0,1.3165315450158162,1.238415389886774,1.1960357458907087,0.9566365559407062,0.02675360200308278,138187.0,0.5071376000414602,651036.0,0.030365448300862012,19769.0,651036.0,3263.330444827412,0.005012519192221954,2723.0,37.0,7.0,53.0,1.0092619934923723,0.9948477772335451,1.253429376472721,1.0800786046549187,1.0991704446716037,33.0,3.166150004365544,1.0,0.02675360200308278,3697.0,138187.0,573.8549057834387,0.004152741616674786,488.0,10.0,2.0,14.0,0.9285989363975118,0.9956520137797686,1.2059280711124216,1.1050225151412505,1.1295597739694965,9.0,3.3914565435646202,1.0,514.6875,579.375,118.125,1.0,1.377252662963114,1.0092619934923723,1.3165315450158162,0.9285989363975118,1.0889831277199225,1.0991704446716037,,1.1295597739694965,0.030365448300862012,0.030365448300862012,0.02675360200308278,0.02675360200308278,1748.187083714405,3263.330444827412,0.0,573.8549057834387
maplesdr,20051205_57942_0400_PP,test,20051205_57942_0400_PP,R1,p5_e4_gt_maples_preannot,5,176285,1494.0,990.0,171.0,1.0,3.5386123657226562,4.806896686553955,1.0,1452.4808535215366,17.335192299971823,1656955.0,176285.0,1.1042004298061154,1.0962395325864984,7375.060817867322,88.27136082987512,7.0,32.0,39.0,1.50834519960227,1.4710095189288692,1.453921326601166,0.6096354539260103,0.10639094000742326,1.0,1.0,1.0,1494.0,990.0,171.0,30208.0,,,0.0,,0.0,0.0,0.0,1.3256949252963977,1.2760856332503883,1.2523132181700434,0.6643297668321484,0.09104554085415474,331790.0,1.502847399970051,1656955.0,0.10639094000742326,176285.0,1656955.0,16295.857925960217,0.009834822264913784,13958.0,248.0,102.0,178.0,1.1614540672753202,0.9836396732842269,1.4751306380035674,1.0916243371190824,1.0976363443868122,191.0,5.728885692244489,1.0,0.09104444323887713,30208.0,331794.0,2944.5861453751245,0.008874741994656698,2564.0,63.0,18.0,72.0,0.9776160869914854,0.9967030682235699,1.3103162240201338,1.0946168971103278,1.1007550536851614,46.0,5.282344385251951,1.0,1494.0,990.0,171.0,1.0,1.50834519960227,1.1614540672753202,1.3256949252963977,0.9776160869914854,1.0962395325864984,1.0976363443868122,,1.1007550536851614,0.10639094000742326,0.10639094000742326,0.09104554085415474,0.09104444323887713,7375.060817867322,16295.857925960217,0.0,2944.5861453751245
maplesdr,20051205_57988_0400_PP,train,20051205_57988_0400_PP,R1,p5_e4_gt_maples_preannot,5,177034,855.0,756.0,117.0,1.0,5.583102703094482,3.17391300201416,1.0,1452.3975744723452,14.204381399962585,1656765.0,177034.0,1.1075605398116808,1.0985951255808557,9029.611249867768,74.84293444624966,11.0,45.0,58.0,1.513392110996774,1.4692912829911635,1.4476217001146994,0.7049021650595908,0.10685522690303091,1.0,1.0,1.0,855.0,756.0,117.0,21080.0,,,0.0,,0.0,0.0,0.0,1.2761177394524703,1.2333519730856362,1.2161027766420391,0.6199312114233353,0.09804286352135734,215008.0,1.2420793999917805,1656765.0,0.10685522690303091,177034.0,1656765.0,16882.252803538828,0.010189889817529238,14609.0,318.0,131.0,231.0,1.1692814803528877,0.9839951868964789,1.4776565949778278,1.0910753123421748,1.0926271021315952,222.0,5.545045980958784,1.0,0.09804669333085295,21082.0,215020.0,1987.452018978108,0.009243103055427904,1731.0,61.0,19.0,59.0,0.9843656342287354,0.992128445984347,1.3431382905826479,1.088902090537551,1.0805309209129663,40.0,5.520985270641451,1.0,855.0,756.0,117.0,1.0,1.513392110996774,1.1692814803528877,1.2761177394524703,0.9843656342287354,1.0985951255808557,1.0926271021315952,,1.0805309209129663,0.10685522690303091,0.10685522690303091,0.09804286352135734,0.09804669333085295,9029.611249867768,16882.252803538828,0.0,1987.452018978108
maplesdr,20051205_58125_0400_PP,train,20051205_58125_0400_PP,R1,p5_e4_gt_maples_preannot,5,135869,778.5,729.0,103.5,1.0,10.646852493286133,3.3999998569488525,1.0,1451.1583440065149,13.765507899981458,1653939.0,135869.0,1.104706179316427,1.090821759049596,10243.79119090724,73.46844002700226,12.0,40.0,42.0,1.4972607960155846,1.4659213878924173,1.451094989851027,0.5291336288797492,0.08214873704532029,1.0,1.0,1.0,778.5,729.0,103.5,17127.0,,,0.0,,0.0,0.0,0.0,1.2664206634202564,1.1901972750366638,1.152481718369375,0.8560160762570508,0.1017816392507369,168272.0,1.2287689999793656,1653939.0,0.08214873704532029,135869.0,1653939.0,14916.109442425834,0.009018536622224783,12868.0,176.0,73.0,133.0,1.1458768103173274,0.9853736501286324,1.4354931401364124,1.0861466636814265,1.0990702445378109,145.0,4.790837786335601,1.0,0.1017816392507369,17127.0,168272.0,1628.942350986229,0.009680412373931664,1394.0,24.0,4.0,33.0,0.94848071081253,0.9956455464056279,1.3277663001843472,1.0790691884018802,1.084057081443662,20.0,5.46142009287991,1.0,778.5,729.0,103.5,1.0,1.4972607960155846,1.1458768103173274,1.2664206634202564,0.94848071081253,1.090821759049596,1.0990702445378109,,1.084057081443662,0.08214873704532029,0.08214873704532029,0.1017816392507369,0.1017816392507369,10243.79119090724,14916.109442425834,0.0,1628.942350986229
maplesdr,20051205_58177_0400_PP,test,20051205_58177_0400_PP,R0,p5_e4_gt_maples_preannot,5,182158,873.0,828.0,112.5,1.0,12.142526626586914,3.2151899337768555,1.0,1451.0126890730066,18.900239399983548,1653607.0,182158.0,1.0878335875393512,1.0891467064484541,18329.837723424687,65.73741213746136,14.0,75.0,75.0,1.562157905193794,1.5226579575333108,1.5036054740955156,0.652532326541091,0.110157975867301,1.0,1.0,1.0,873.0,828.0,112.5,29487.0,,,0.0,,0.0,0.0,0.0,1.3770435358142004,1.3232097889419234,1.2921256501499736,0.7828734127056411,0.14830406180216066,198828.0,1.3651383999967948,1653607.0,0.110157975867301,182158.0,1653607.0,21233.097966992013,0.012840474167678301,18371.0,216.0,98.0,138.0,1.2067029631658672,0.9842064232876869,1.4844795729091074,1.082650892306158,1.0842225574028619,185.0,4.601432308237899,1.0,0.14829417444480206,29488.0,198848.0,3232.4095218659872,0.01625568032801933,2820.0,52.0,13.0,62.0,1.0321704008621448,0.9944888305586966,1.3738823810432668,1.0745882709347307,1.0684620744331474,44.0,4.838612003420769,1.0,873.0,828.0,112.5,1.0,1.562157905193794,1.2067029631658672,1.3770435358142004,1.0321704008621448,1.0891467064484541,1.0842225574028619,,1.0684620744331474,0.110157975867301,0.110157975867301,0.14830406180216066,0.14829417444480206,18329.837723424687,21233.097966992013,0.0,3232.4095218659872
maplesdr,20051205_59351_0400_PP,test,20051205_59351_0400_PP,R1,p5_e4_gt_maples_preannot,5,169109,1548.0,760.5,126.0,1.0,5.318689346313477,3.621951103210449,1.0,1451.6083780250888,19.140312299947254,1654965.0,169109.0,1.1087860164378094,1.0987335687570452,10540.858074636999,82.55370227357197,17.0,36.0,31.0,1.51434957417313,1.4930261212734783,1.4857697834494352,0.5406358300985812,0.10218282561866868,1.0,1.0,1.0,1548.0,760.5,126.0,31197.0,,,0.0,,0.0,0.0,0.0,1.3245669429746354,1.2657532883502973,1.2357781394377332,0.827860634024191,0.12690735279162005,245825.0,1.4886801000102423,1654965.0,0.10218282561866868,169109.0,1654965.0,16198.832313853309,0.009788021084345172,14129.0,167.0,63.0,145.0,1.1504034811810515,0.9858321561152792,1.4652591253788103,1.1207352702807756,1.179609752000918,128.0,5.416960851961351,1.0,0.12690735279162005,31197.0,245825.0,2783.147545195111,0.011321661935096556,2420.0,36.0,8.0,48.0,0.9704572702680825,0.9941070672942568,1.3374066944551422,1.078813677047712,1.0789176379977405,29.0,5.738124300587653,1.0,1548.0,760.5,126.0,1.0,1.51434957417313,1.1504034811810515,1.3245669429746354,0.9704572702680825,1.0987335687570452,1.179609752000918,,1.0789176379977405,0.10218282561866868,0.10218282561866868,0.12690735279162005,0.12690735279162005,10540.858074636999,16198.832313853309,0.0,2783.147545195111
maplesdr,20051205_59538_0400_PP,train,20051205_59538_0400_PP,R0,p5_e4_gt_maples_preannot,5,133214,846.0,760.5,90.0,1.0,5.241053581237793,4.178807735443115,1.0,1450.926693151694,20.114820300019346,1653411.0,133214.0,1.1183575991542887,1.1019934770119701,2931.041989497842,69.38230003232877,13.0,15.0,13.0,1.4778668364954004,1.4470325792012444,1.4371800720170291,0.561545894552125,0.08056919906786637,1.0,1.0,1.0,846.0,760.5,90.0,14102.0,1.0902520793829225,1.0885301167315178,651.5239533417505,,8.0,8.0,1.0,1.2474041300386693,1.1806844429478773,1.15330416453004,0.8125695529643211,0.11082295988934993,127248.0,1.3071656000101939,1653411.0,0.08056919906786637,133214.0,1653411.0,13062.64017950501,0.007900419302584179,11315.0,232.0,80.0,224.0,1.1265520518476166,0.9863504253767414,1.4349048182079591,1.1024762560691077,1.1025615018792205,155.0,5.212462059805935,1.0,0.11082295988934993,14102.0,127248.0,1313.567675943146,0.010322894473336681,1148.0,32.0,6.0,46.0,0.9448725539392558,0.9905962406493442,1.3292563121428458,1.0938709899819024,1.0888435388246132,24.0,5.283438150312803,1.0,846.0,760.5,90.0,1.0,1.4778668364954004,1.1265520518476166,1.2474041300386693,0.9448725539392558,1.1019934770119701,1.1025615018792205,1.0885301167315178,1.0888435388246132,0.08056919906786637,0.08056919906786637,0.11082295988934993,0.11082295988934993,2931.041989497842,13062.64017950501,651.5239533417505,1313.567675943146
maplesdr,20051207_54614_0400_PP,test,20051207_54614_0400_PP,R1,p5_e4_gt_maples_preannot,5,60630,978.75,486.5625,61.875,1.0,8.568431854248047,3.792452573776245,1.0,910.6558184704991,5.203024199989159,651326.0,60630.0,1.1468062852421965,1.113342525369166,8563.28325601891,118.68980870396494,4.0,45.0,46.0,1.5402162946268578,1.5013290682544083,1.485905267833991,0.6861423863300653,0.09308702554481166,1.0,1.0,1.0,978.75,486.5625,61.875,7177.0,1.094450838064647,1.0817648413094902,804.2346314604054,,12.0,13.0,3.0,1.3142700481683034,1.252573470763671,1.2205880423656557,0.8094226917531919,0.11935210283870754,60133.0,0.4971559999976307,651326.0,0.09308702554481166,60630.0,651326.0,9805.554467405773,0.015054756707709768,8489.0,135.0,58.0,81.0,1.170328030832307,0.9883546072850189,1.4157511335773054,1.1229194519381314,1.1471322797765375,111.0,3.3720424801361144,1.0,0.11935210283870754,7177.0,60133.0,1119.312841947207,0.018613953103074968,965.0,26.0,4.0,40.0,0.9569387087917964,0.9922558561143147,1.2750822650436298,1.0866391797325614,1.0974202411384673,23.0,3.4038942328965027,1.0,978.75,486.5625,61.875,1.0,1.5402162946268578,1.170328030832307,1.3142700481683034,0.9569387087917964,1.113342525369166,1.1471322797765375,1.0817648413094902,1.0974202411384673,0.09308702554481166,0.09308702554481166,0.11935210283870754,0.11935210283870754,8563.28325601891,9805.554467405773,804.2346314604054,1119.312841947207
maplesdr,20051207_55266_0400_PP,train,20051207_55266_0400_PP,R1,p5_e4_gt_maples_preannot,5,65375,520.3125,419.0625,64.6875,1.0,5.859023094177246,4.120253086090088,1.0,910.1684304300464,5.341458099952433,650629.0,65375.0,1.1266904341808355,1.107952958075865,9098.209229614211,84.08033220404019,6.0,54.0,58.0,1.5599747450882404,1.5244160695769762,1.506875353067555,0.6568919722557818,0.10047968965416543,1.0,1.0,1.0,520.3125,419.0625,64.6875,7731.0,1.0927823840920745,1.0796691275336339,900.1219330881974,60.92058179268082,11.0,14.0,5.0,1.3305142941244832,1.2523497710955394,1.2133720355514608,0.9091907151321625,0.11762826364798247,65724.0,0.5131937999976799,650629.0,0.10047968965416543,65375.0,650629.0,10983.44299452284,0.016881268733061144,9443.0,163.0,71.0,107.0,1.198031780175887,0.9848498985785845,1.436320355024664,1.1061713062879832,1.1244347595050768,135.0,3.261709095627874,1.0,0.11762826364798247,7731.0,65724.0,1218.4427842621187,0.01853878011475441,1070.0,28.0,6.0,38.0,0.9641258891675143,0.9936947496206848,1.2754509351515197,1.0879475464057953,1.09233856736214,25.0,3.375505928456089,1.0,520.3125,419.0625,64.6875,1.0,1.5599747450882404,1.198031780175887,1.3305142941244832,0.9641258891675143,1.107952958075865,1.1244347595050768,1.0796691275336339,1.09233856736214,0.10047968965416543,0.10047968965416543,0.11762826364798247,0.11762826364798247,9098.209229614211,10983.44299452284,900.1219330881974,1218.4427842621187
maplesdr,20051207_56227_0400_PP,train,20051207_56227_0400_PP,R2,p5_e4_gt_maples_preannot,5,48047,1077.1875,585.0,92.8125,1.0,2.907240867614746,4.291666507720947,1.0,911.8797812192958,5.438189600012265,653078.0,48047.0,1.1287667895289644,1.1171825740377073,3542.619766708757,87.94288694483762,4.0,22.0,26.0,1.4715733014451808,1.4298058094461028,1.4079802989838215,0.6571157766009701,0.07357007891859778,1.0,1.0,1.0,1077.1875,585.0,92.8125,4530.0,1.1100555105513557,1.0958828133402823,566.6711395993649,,6.0,6.0,2.0,1.1722975715066797,1.1095949171518744,1.0727936693358755,0.8707464276579435,0.060499218718698664,74877.0,0.508805499994196,653078.0,0.07357007891859778,48047.0,653078.0,7623.856849147716,0.011673730931294143,6495.0,135.0,54.0,98.0,1.1143148601825463,0.9912324332393277,1.3609014810788396,1.129061619303842,1.1314453389621761,103.0,3.425264488005105,1.0,0.060499218718698664,4530.0,74877.0,704.9676041556465,0.009415008669626808,610.0,13.0,2.0,20.0,0.8802931559128143,0.9967887558571127,1.1997119913745444,1.1199788261629107,1.106184658122154,10.0,3.3251554421848617,1.0,1077.1875,585.0,92.8125,1.0,1.4715733014451808,1.1143148601825463,1.1722975715066797,0.8802931559128143,1.1171825740377073,1.1314453389621761,1.0958828133402823,1.106184658122154,0.07357007891859778,0.07357007891859778,0.060499218718698664,0.060499218718698664,3542.619766708757,7623.856849147716,566.6711395993649,704.9676041556465
maplesdr,20051208_39297_0400_PP,test,20051208_39297_0400_PP,R1,p5_e4_gt_maples_preannot,5,255638,1534.5,783.0,117.0,1.0,3.7083992958068848,3.49350643157959,1.0,1453.6147267375995,16.024368099984713,1659543.0,255638.0,1.1292767221098452,1.1038900742001703,23504.28209211357,94.23239006155833,6.0,109.0,156.0,1.5931392361211623,1.5643918945981885,1.548783959985874,0.5770920725070305,0.15404120290947568,1.0,1.0,1.0,1534.5,783.0,117.0,37292.0,,,0.0,,0.0,0.0,0.0,1.376194117965978,1.316766514793825,1.2904117476588717,0.8785819658730134,0.17345277630489586,214998.0,1.4350373000488617,1659543.0,0.15404120290947568,255638.0,1659543.0,26175.169752678863,0.015772516742668833,22459.0,406.0,206.0,179.0,1.2463715591599105,0.9823558299133752,1.542296811818043,1.0994157444610846,1.1161223729991263,326.0,5.37411796588967,1.0,0.17345277630489586,37292.0,214998.0,3418.5070683365448,0.015900180784642393,2907.0,73.0,25.0,68.0,1.028550076639079,0.995985462531957,1.4040193359936495,1.109579413012363,1.1123630720738276,54.0,5.848398278484957,1.0,1534.5,783.0,117.0,1.0,1.5931392361211623,1.2463715591599105,1.376194117965978,1.028550076639079,1.1038900742001703,1.1161223729991263,,1.1123630720738276,0.15404120290947568,0.15404120290947568,0.17345277630489586,0.17345277630489586,23504.28209211357,26175.169752678863,0.0,3418.5070683365448
maplesdr,20051208_39438_0400_PP,train,20051208_39438_0400_PP,R1,p5_e4_gt_maples_preannot,5,169308,1489.5,805.5,130.5,1.0,6.417321681976318,3.479531764984131,1.0,1456.2894928980954,14.366179000004195,1665656.0,169308.0,1.1009072210593187,1.0876619202975628,17868.66405850838,92.33224796899633,3.0,68.0,89.0,1.5441432229916097,1.4976132269166704,1.473404139439604,0.6950970480046779,0.10164643840024591,1.0,1.0,1.0,1489.5,805.5,130.5,29624.0,,,0.0,,0.0,0.0,0.0,1.3472963218723855,1.2799518881593308,1.2440532858480955,0.859328067898522,0.11079196960177123,267384.0,1.5318255999591202,1665656.0,0.10164643840024591,169308.0,1665656.0,19897.199338607177,0.011945563392805704,17178.0,218.0,110.0,94.0,1.1978513424164063,0.983095862707675,1.4744101674577736,1.08629690372524,1.0927017637534495,183.0,4.65145790485121,1.0,0.11079196960177123,29624.0,267384.0,3368.0217869623075,0.012596197928680502,2855.0,50.0,16.0,52.0,1.0126019609259838,0.9927283054717553,1.3232044192273742,1.0765176381396755,1.0771314184824607,49.0,4.728533054239948,1.0,1489.5,805.5,130.5,1.0,1.5441432229916097,1.1978513424164063,1.3472963218723855,1.0126019609259838,1.0876619202975628,1.0927017637534495,,1.0771314184824607,0.10164643840024591,0.10164643840024591,0.11079196960177123,0.11079196960177123,17868.66405850838,19897.199338607177,0.0,3368.0217869623075
maplesdr,20051208_39462_0400_PP,test,20051208_39462_0400_PP,R1,p5_e4_gt_maples_preannot,5,137263,859.5,769.5,76.5,1.0,4.351862907409668,4.84666633605957,1.0,1455.4940963100878,11.488033499976154,1663837.0,137263.0,1.1505360260672541,1.0899784926340308,13037.456413320946,104.19337931077233,5.0,48.0,58.0,1.4888427120889585,1.4521626348978207,1.4348704163757486,0.5452661885034908,0.08249786487498476,1.0,1.0,1.0,859.5,769.5,76.5,13123.0,1.1115357741558605,1.0904996025160634,1107.501658765164,77.34870577891638,9.0,13.0,10.0,1.2437633713137446,1.1947552986488077,1.1770727355714454,0.7622704330034649,0.14287736259907674,91848.0,1.2652736000018194,1663837.0,0.08249786487498476,137263.0,1663837.0,15300.12877840959,0.009195689709033752,13170.0,161.0,77.0,82.0,1.1601270533574288,0.9882368175188446,1.4435910037215591,1.0904812139051905,1.102860859671566,138.0,4.900044566332487,1.0,0.14287736259907674,13123.0,91848.0,1327.5382386916233,0.014453643396607692,1145.0,34.0,12.0,29.0,0.9775785402257781,0.9954318822527684,1.3562688290069627,1.0857012209827521,1.0925292514878926,29.0,5.615921297935849,1.0,859.5,769.5,76.5,1.0,1.4888427120889585,1.1601270533574288,1.2437633713137446,0.9775785402257781,1.0899784926340308,1.102860859671566,1.0904996025160634,1.0925292514878926,0.08249786487498476,0.08249786487498476,0.14287736259907674,0.14287736259907674,13037.456413320946,15300.12877840959,1107.501658765164,1327.5382386916233
maplesdr,20051208_39524_0400_PP,train,20051208_39524_0400_PP,R1,p5_e4_gt_maples_preannot,5,112356,1525.5,742.5,121.5,1.0,4.015966892242432,3.6149067878723145,1.0,1453.3444825605955,10.684177400020417,1658926.0,112356.0,1.111450686420862,1.1004139586472905,10196.771854923487,81.99432185904388,2.0,35.0,34.0,1.4572934904334323,1.4305926272114085,1.421465737687562,0.5547398734916507,0.06772815665074874,1.0,1.0,1.0,1525.5,742.5,121.5,19190.0,,,0.0,,0.0,0.0,0.0,1.278978604215732,1.2232760156780316,1.1983179743950465,0.7739219769650183,0.08277260179434093,231840.0,1.284639999968931,1658926.0,0.06772815665074874,112356.0,1658926.0,12856.510237190112,0.007749899776837612,11037.0,97.0,43.0,61.0,1.1266149726247536,0.9895378865897311,1.4064377616165828,1.0970262118632719,1.1018073157120603,87.0,4.703187497049944,1.0,0.08277260179434093,19190.0,231840.0,2131.2825381439075,0.009192902597239077,1799.0,26.0,6.0,34.0,0.9969202987251216,0.99190010552897,1.3165752393248915,1.0806728779763146,1.0786199480910879,24.0,4.752070859268574,1.0,1525.5,742.5,121.5,1.0,1.4572934904334323,1.1266149726247536,1.278978604215732,0.9969202987251216,1.1004139586472905,1.1018073157120603,,1.0786199480910879,0.06772815665074874,0.06772815665074874,0.08277260179434093,0.08277260179434093,10196.771854923487,12856.510237190112,0.0,2131.2825381439075
maplesdr,20051208_41318_0400_PP,test,20051208_41318_0400_PP,R2,p5_e4_gt_maples_preannot,5,150591,1507.5,819.0,103.5,1.0,3.372939348220825,3.518749952316284,1.0,1455.6799755440861,14.312099999981001,1664262.0,150591.0,1.101481522398077,1.0905351817062892,10250.767670841376,95.51713597898805,4.0,44.0,61.0,1.4530594776053591,1.425682883549688,1.4172545768448508,0.547145708199948,0.0904851519772728,1.0,1.0,1.0,1507.5,819.0,103.5,19768.0,,,0.0,,0.0,0.0,0.0,1.2882327051631592,1.2295207886959674,1.2034194573544155,0.7910293296042505,0.11747646667300561,168272.0,1.3399009000277147,1664262.0,0.0904851519772728,150591.0,1664262.0,13178.513195782934,0.00791853277655978,11465.0,203.0,88.0,124.0,1.1252176027184555,0.9899078188694056,1.4528718278075892,1.0854486443422753,1.1032331467802672,159.0,6.114112407672257,1.0,0.11747646667300561,19768.0,168272.0,1817.1433611130064,0.010798845685039736,1590.0,24.0,4.0,36.0,0.9889812812617848,0.9933217299120451,1.3689103588278428,1.5513526673220663,2.741099821354512,23.0,5.766255026734114,1.0,1507.5,819.0,103.5,1.0,1.4530594776053591,1.1252176027184555,1.2882327051631592,0.9889812812617848,1.0905351817062892,1.1032331467802672,,2.741099821354512,0.0904851519772728,0.0904851519772728,0.11747646667300561,0.11747646667300561,10250.767670841376,13178.513195782934,0.0,1817.1433611130064
maplesdr,20051208_42314_0400_PP,train,20051208_42314_0400_PP,R4A,p5_e4_gt_maples_preannot,5,144987,783.0,828.0,116.09070213836009,1.0,3.9624507427215576,1.8421051502227783,0.0,1451.133776729501,16.479751600010786,1653883.0,144987.0,1.0890920386134928,1.088506482334318,4559.234990397907,82.21568272315425,13.0,38.0,33.0,1.4823350650223344,1.4481322843515363,1.435716062488924,0.6064101798581991,0.08766460505368276,1.0,1.0,1.0,783.0,828.0,116.09070213836009,19843.0,,,0.0,,0.0,0.0,0.0,1.2706547099072798,1.220882934471351,1.201537274457786,0.6972760033918906,0.09623181377303588,206200.0,1.382536599994637,1653883.0,0.08766460505368276,144987.0,1653883.0,14902.585489084075,0.00901066489533061,12969.0,272.0,111.0,190.0,1.1499525757081623,0.986790599734374,1.450751426557754,1.0878886932689915,1.0961609120318512,208.0,5.211798028797253,1.0,0.09623181377303588,19843.0,206200.0,2107.4398256692875,0.010220367728755031,1860.0,54.0,18.0,51.0,0.9692790203861632,0.9964650238538074,1.3304717038300715,1.0819096562933748,1.0819489149052197,46.0,4.981873541504194,1.0,783.0,828.0,116.09070213836009,1.0,1.4823350650223344,1.1499525757081623,1.2706547099072798,0.9692790203861632,1.088506482334318,1.0961609120318512,,1.0819489149052197,0.08766460505368276,0.08766460505368276,0.09623181377303588,0.09623181377303588,4559.234990397907,14902.585489084075,0.0,2107.4398256692875
maplesdr,20051208_42322_0400_PP,train,20051208_42322_0400_PP,R4A,p5_e4_gt_maples_preannot,5,121139,1701.0,832.5,116.05489828193126,1.0,2.8839058876037598,1.966292142868042,0.0,1450.6862285241407,11.4888845999958,1652863.0,121139.0,1.115378574884036,1.0980962685351767,2533.6601717798208,90.0,7.0,20.0,22.0,1.458094173438171,1.4220549727110106,1.405019279165807,0.5741735379577391,0.0732904057989077,1.0,1.0,1.0,1701.0,832.5,116.05489828193126,9140.0,,,0.0,,0.0,0.0,0.0,1.269859381092161,1.2016487077099178,1.1649538000037485,0.9204873876469388,0.06255518065032749,146111.0,1.2093869000091217,1652863.0,0.0732904057989077,121139.0,1652863.0,12883.062402294094,0.0077943921560916386,11223.0,224.0,93.0,160.0,1.1274228706031437,0.9896726695014001,1.4174155726544317,1.0995072322789,1.1068107356034877,182.0,5.0256955063764455,1.0,0.06255518065032749,9140.0,146111.0,976.2640687119284,0.006681660304233962,865.0,37.0,11.0,38.0,0.8868782918112786,0.9992433259083746,1.2285687632782332,1.1206126951554836,1.113684096545152,19.0,4.843515250878162,1.0,1701.0,832.5,116.05489828193126,1.0,1.458094173438171,1.1274228706031437,1.269859381092161,0.8868782918112786,1.0980962685351767,1.1068107356034877,,1.113684096545152,0.0732904057989077,0.0732904057989077,0.06255518065032749,0.06255518065032749,2533.6601717798208,12883.062402294094,0.0,976.2640687119284
maplesdr,20051212_36548_0400_PP,test,20051212_36548_0400_PP,R1,p5_e4_gt_maples_preannot,5,140209,832.5,720.0,94.5,1.0,3.5327630043029785,3.879746913909912,1.0,1451.6026767123803,17.253491699986625,1654952.0,140209.0,1.1065733995279214,1.1103403065741895,4693.832103592576,71.00110454711734,15.0,34.0,32.0,1.501031854686886,1.4761675733310216,1.4656771623039637,0.5078470141300433,0.08472088616467426,1.0,1.0,1.0,832.5,720.0,94.5,20192.0,1.1047814067547919,1.0999467592282988,1556.675323681471,109.77061732126236,13.0,23.0,12.0,1.3220509640072458,1.2480060079882307,1.2144405286465771,0.9239180763289145,0.14393042982393614,140290.0,1.2752562999958172,1654952.0,0.08472088616467426,140209.0,1654952.0,14755.447537542443,0.008915936859523686,12726.0,359.0,135.0,292.0,1.1461102121455238,0.9844113188750374,1.4415327137842293,1.10098015180976,1.098765205544213,240.0,4.955060297907647,1.0,0.14393042982393614,20192.0,140290.0,2174.417531092701,0.015499447794516367,1888.0,67.0,20.0,68.0,0.992261011701799,0.9936134938024703,1.3482637800088129,1.089859644528814,1.089991021190139,44.0,4.970437367898792,1.0,832.5,720.0,94.5,1.0,1.501031854686886,1.1461102121455238,1.3220509640072458,0.992261011701799,1.1103403065741895,1.098765205544213,1.0999467592282988,1.089991021190139,0.08472088616467426,0.08472088616467426,0.14393042982393614,0.14393042982393614,4693.832103592576,14755.447537542443,1556.675323681471,2174.417531092701
maplesdr,20051212_41169_0400_PP,train,20051212_41169_0400_PP,R3,p5_e4_gt_maples_preannot,5,128512,864.0,720.0,116.22216903235335,1.0,4.779600143432617,4.159763336181641,0.0,1452.7771129044168,16.451853499980643,1657631.0,128512.0,1.1038851777824807,1.089356085360828,12845.934552020246,98.3242697425012,12.0,55.0,62.0,1.4827559736880414,1.4507777878707782,1.4396602374722889,0.5938651845691676,0.07752750762986454,1.0,1.0,1.0,864.0,720.0,116.22216903235335,24205.0,,,0.0,,0.0,0.0,0.0,1.3308763108482262,1.2859361253610284,1.2725572549332753,0.6431161351005117,0.11408412201651522,212168.0,1.3397053999942727,1657631.0,0.07752750762986454,128512.0,1657631.0,14773.031231939025,0.008912134987786199,12760.0,194.0,85.0,130.0,1.152833943651729,0.988626391424679,1.4292482946402005,1.0905901435599215,1.1002546123967818,155.0,4.653592554725976,1.0,0.11408412201651522,24205.0,212168.0,2735.3313113791855,0.012892289654326691,2364.0,46.0,12.0,56.0,1.0162371488871207,0.9952496826139177,1.3494372149514857,1.093734417484511,1.1016682267379938,38.0,4.6563531629263695,1.0,864.0,720.0,116.22216903235335,1.0,1.4827559736880414,1.152833943651729,1.3308763108482262,1.0162371488871207,1.089356085360828,1.1002546123967818,,1.1016682267379938,0.07752750762986454,0.07752750762986454,0.11408412201651522,0.11408412201651522,12845.934552020246,14773.031231939025,0.0,2735.3313113791855
maplesdr,20051214_57260_0100_PP,train,20051214_57260_0100_PP,R1,p5_e4_gt_maples_preannot,5,168120,809.375,634.375,74.375,1.0,3.5632946491241455,3.5933334827423096,1.0,1376.6531052497462,18.207101000007242,1488466.0,168120.0,1.1035235074506784,1.088287264886198,14200.242343333575,81.25177969939111,10.0,51.0,53.0,1.5268101038925364,1.493675270306125,1.4810458161407871,0.6011395560015169,0.11294849865566295,1.0,1.0,1.0,809.375,634.375,74.375,16262.0,1.0740465260189316,1.0756132922227275,1245.8519471906077,80.74507426242575,16.0,17.0,1.0,1.3356258840918318,1.2819623378673874,1.2607727994163185,0.8157997850906513,0.18719495349479695,86872.0,1.2112561000394635,1488466.0,0.11294849865566295,168120.0,1488466.0,16354.493352184907,0.010987481979558086,14124.0,148.0,62.0,107.0,1.1776565455841048,0.983666395201678,1.4911643687258118,1.0906505283848908,1.1006075937280646,129.0,5.444480986337014,1.0,0.18719495349479695,16262.0,86872.0,1429.332177930963,0.01645331266611754,1220.0,18.0,1.0,33.0,0.9622898713169816,0.9929974464999554,1.3937084860349163,1.0817081098244268,1.0839941844369674,18.0,5.830717980474471,1.0,809.375,634.375,74.375,1.0,1.5268101038925364,1.1776565455841048,1.3356258840918318,0.9622898713169816,1.088287264886198,1.1006075937280646,1.0756132922227275,1.0839941844369674,0.11294849865566295,0.11294849865566295,0.18719495349479695,0.18719495349479695,14200.242343333575,16354.493352184907,1245.8519471906077,1429.332177930963
maplesdr,20051216_44832_0200_PP,train,20051216_44832_0200_PP,R0,p5_e4_gt_maples_preannot,5,81190,500.625,447.1875,67.5,1.0,6.400135040283203,2.631901979446411,1.0,903.5590857480282,7.655562300002202,641214.0,81190.0,1.1058371402035563,1.0959276557116542,12653.620843521247,82.1872402382379,6.0,97.0,114.0,1.623147730108284,1.583289213732313,1.5637748435057048,0.6823989409941464,0.1266191942159716,1.0,1.0,1.0,500.625,447.1875,67.5,10272.0,1.0840706501757669,1.0815911383980943,1287.182899632296,32.66362071767865,13.0,18.0,14.0,1.364353373415832,1.2898598278207778,1.2556856979537987,0.8763449657891798,0.14352181749591314,71571.0,0.5361505000037141,641214.0,0.1266191942159716,81190.0,641214.0,14876.02618130513,0.023199783818358816,12816.0,347.0,166.0,180.0,1.2629981254361407,0.981830475886476,1.4823226940640364,1.0815897210799708,1.0843053606090625,260.0,3.0345605900001162,1.0,0.14352181749591314,10272.0,71571.0,1645.7880220536792,0.022995179919991046,1428.0,54.0,18.0,48.0,1.0060588803016046,0.9922888442318417,1.3073046168256959,1.0730253979276028,1.073908948016083,41.0,3.395840538322745,1.0,500.625,447.1875,67.5,1.0,1.623147730108284,1.2629981254361407,1.364353373415832,1.0060588803016046,1.0959276557116542,1.0843053606090625,1.0815911383980943,1.073908948016083,0.1266191942159716,0.1266191942159716,0.14352181749591314,0.14352181749591314,12653.620843521247,14876.02618130513,1287.182899632296,1645.7880220536792
maplesdr,20051216_45226_0200_PP,test,20051216_45226_0200_PP,R3,p5_e4_gt_maples_preannot,5,72400,930.9375,506.25,115.3125,1.0,4.023913860321045,4.331249713897705,1.0,904.3703850709329,7.008066800015513,642366.0,72400.0,1.1533867867085237,1.102266255686547,11156.796241541115,98.0741997154223,3.0,68.0,78.0,1.5837784965871589,1.5406744811855733,1.5195039826713501,0.6867308149250604,0.1127083313874022,1.0,1.0,1.0,930.9375,506.25,115.3125,13553.0,,,0.0,,0.0,0.0,0.0,1.3071841949964347,1.2338617217051482,1.1974830295056946,0.7856537113453406,0.09123281769592202,148554.0,0.6011333999922499,642366.0,0.1127083313874022,72400.0,642366.0,12520.961897230703,0.019491943685112076,10826.0,228.0,109.0,114.0,1.2329965670257406,0.9824098825434587,1.4615901562010776,1.094431003357157,1.1062986551725786,180.0,3.2249892525536095,1.0,0.09123281769592202,13553.0,148554.0,2373.5962466428914,0.01597800292582422,2042.0,57.0,18.0,54.0,0.9887714163069249,0.994410249253587,1.2502307064193405,1.088992246302481,1.0946109713239185,44.0,3.1005693798176805,1.0,930.9375,506.25,115.3125,1.0,1.5837784965871589,1.2329965670257406,1.3071841949964347,0.9887714163069249,1.102266255686547,1.1062986551725786,,1.0946109713239185,0.1127083313874022,0.1127083313874022,0.09123281769592202,0.09123281769592202,11156.796241541115,12520.961897230703,0.0,2373.5962466428914
maplesdr,20051216_45375_0200_PP,test,20051216_45375_0200_PP,R1,p5_e4_gt_maples_preannot,5,51063,483.75,475.3125,67.5,1.0,8.004424095153809,4.133333683013916,1.0,904.1120032830167,5.2725828000111505,641999.0,51063.0,1.1390837101697868,1.1286582102822083,5499.645378815671,66.98086430724639,5.0,26.0,36.0,1.5029271165036353,1.4680563721295354,1.4520587315287659,0.6522574438810154,0.07953750706776802,1.0,1.0,1.0,483.75,475.3125,67.5,7118.0,1.0887517215984892,1.0819690123839147,786.1635636485402,51.34019174590991,10.0,13.0,2.0,1.233266347417407,1.1600018979145517,1.127137171655947,0.884751984027891,0.09945785826067516,71568.0,0.4857862999779172,641999.0,0.07953750706776802,51063.0,641999.0,8178.797974644669,0.01273958055175268,7039.0,152.0,60.0,106.0,1.1591778223979334,0.9882411275044559,1.4060781254143226,1.1082267328649311,1.1216918884459681,108.0,3.326946859760632,1.0,0.09945785826067516,7118.0,71568.0,997.1290757631335,0.013932610604783333,849.0,22.0,4.0,29.0,0.9539245105805135,0.9972655610020972,1.271637850467748,1.0922555544961148,1.0977908909174958,16.0,3.698802888028621,1.0,483.75,475.3125,67.5,1.0,1.5029271165036353,1.1591778223979334,1.233266347417407,0.9539245105805135,1.1286582102822083,1.1216918884459681,1.0819690123839147,1.0977908909174958,0.07953750706776802,0.07953750706776802,0.09945785826067516,0.09945785826067516,5499.645378815671,8178.797974644669,786.1635636485402,997.1290757631335
maplesdr,20051216_47514_0200_PP,train,20051216_47514_0200_PP,R1,p5_e4_gt_maples_preannot,5,68884,953.4375,458.4375,98.4375,1.0,5.4882493019104,4.737226486206055,1.0,904.1443930587014,7.357573700021021,642045.0,68884.0,1.117622202068913,1.099953901105816,11703.37611079308,91.56525025624887,4.0,71.0,75.0,1.610660411674148,1.5607009443140254,1.5332946842832988,0.7028821846124043,0.10728842993871146,1.0,1.0,1.0,953.4375,458.4375,98.4375,13384.0,1.1779079796190357,1.0985671526639362,1888.0844866099603,71.45204189657734,11.0,23.0,13.0,1.342200600207725,1.2738750948356476,1.2344690380816323,0.8488005952924293,0.11431109289057428,117084.0,0.5459696999751031,642045.0,0.10728842993871146,68884.0,642045.0,13294.100207709831,0.020705869849792197,11322.0,209.0,99.0,97.0,1.2462872054222347,0.982574093508478,1.4628612164520267,1.0953515585510143,1.1086024764281144,169.0,2.885994788998724,1.0,0.11431109289057428,13384.0,117084.0,2458.471354961864,0.020997500554831267,2150.0,66.0,21.0,63.0,1.0398389892366384,0.9941269850265593,1.3007603635981266,1.0989029240376327,1.1197395977724902,49.0,2.9822069640828244,1.0,953.4375,458.4375,98.4375,1.0,1.610660411674148,1.2462872054222347,1.342200600207725,1.0398389892366384,1.099953901105816,1.1086024764281144,1.0985671526639362,1.1197395977724902,0.10728842993871146,0.10728842993871146,0.11431109289057428,0.11431109289057428,11703.37611079308,13294.100207709831,1888.0844866099603,2458.471354961864
maplesdr,20060407_41330_0200_PP,train,20060407_41330_0200_PP,R1,p5_e4_gt_maples_preannot,5,87290,478.125,466.875,67.5,1.0,2.795541286468506,3.2452828884124756,1.0,904.2809806532293,6.728873000014573,642239.0,87290.0,1.1123671315501438,1.095834243928805,13954.492993247393,85.42243827108211,5.0,90.0,99.0,1.6276767886337278,1.5866667952365172,1.5634576834740108,0.7472810181236518,0.13591513439700798,1.0,1.0,1.0,478.125,466.875,67.5,10692.0,1.0911287897777187,1.0811896094670992,1165.058007951268,60.90352068125435,14.0,20.0,7.0,1.3590202545227779,1.2702570226950183,1.2212541038622164,1.0458494162229388,0.14933795184088497,71596.0,0.5561547999968752,642239.0,0.13591513439700798,87290.0,642239.0,15330.859659063763,0.023870957165578178,13280.0,266.0,131.0,111.0,1.270829446427429,0.9810349676156919,1.5040043651522943,1.086510647010958,1.0958620414419262,221.0,3.188750808940526,1.0,0.14933795184088497,10692.0,71596.0,1581.6042558696054,0.02209067903052692,1378.0,40.0,11.0,47.0,1.0090446539614577,0.9896554736261601,1.3149698675256885,1.0806394936890744,1.0831417386627784,33.0,3.6484820328348095,1.0,478.125,466.875,67.5,1.0,1.6276767886337278,1.270829446427429,1.3590202545227779,1.0090446539614577,1.095834243928805,1.0958620414419262,1.0811896094670992,1.0831417386627784,0.13591513439700798,0.13591513439700798,0.14933795184088497,0.14933795184088497,13954.492993247393,15330.859659063763,1165.058007951268,1581.6042558696054
maplesdr,20060407_41831_0200_PP,train,20060407_41831_0200_PP,R1,p5_e4_gt_maples_preannot,5,61859,483.75,489.375,64.6875,1.0,4.055422782897949,3.388158082962036,1.0,904.3626417308244,5.076320699998178,642355.0,61859.0,1.11564918234247,1.0983211225424634,7496.499418047333,105.84157037563877,5.0,40.0,47.0,1.518295825960559,1.4858467327265639,1.4728342681642796,0.6409989949943502,0.09630033237072957,1.0,1.0,1.0,483.75,489.375,64.6875,8464.0,1.0815114857082544,1.0810794259373504,925.6072144624359,,12.0,14.0,4.0,1.290586127365662,1.2321731893867884,1.2037503999142016,0.9072340912921284,0.12874961971402496,65740.0,0.4875795000116341,642355.0,0.09630033237072957,61859.0,642355.0,9067.334121295236,0.014115767949646592,7793.0,134.0,59.0,76.0,1.156169816242711,0.9864627530004496,1.4172212331458254,1.1010256698442327,1.1127606450360463,106.0,3.7001011345205024,1.0,0.12874961971402496,8464.0,65740.0,1148.6021638285524,0.017471891752792096,1010.0,25.0,6.0,32.0,0.9771380125255674,0.9948144781365833,1.286255450726221,1.0814093259765134,1.0799999877046547,20.0,3.9286488116866733,1.0,483.75,489.375,64.6875,1.0,1.518295825960559,1.156169816242711,1.290586127365662,0.9771380125255674,1.0983211225424634,1.1127606450360463,1.0810794259373504,1.0799999877046547,0.09630033237072957,0.09630033237072957,0.12874961971402496,0.12874961971402496,7496.499418047333,9067.334121295236,925.6072144624359,1148.6021638285524
maplesdr,20060407_41937_0200_PP,train,20060407_41937_0200_PP,R1,p5_e4_gt_maples_preannot,5,85509,936.5625,500.625,75.9375,1.0,4.922415733337402,3.096153974533081,1.0,903.9000328451507,5.471436399966478,641698.0,85509.0,1.1152889018564995,1.0991272935308334,12488.329429598853,88.77062436412733,2.0,73.0,96.0,1.6096501444627094,1.5787953368771017,1.5656708994125041,0.6003915256813308,0.13325427225891306,1.0,1.0,1.0,936.5625,500.625,75.9375,13689.0,1.0832624511945252,1.0768496765419637,1627.060099992321,87.66701769803015,16.0,22.0,9.0,1.387754819984175,1.3265704148004733,1.292578480592379,0.822531576158436,0.15111439831322376,90587.0,0.545411899976898,641698.0,0.13325427225891306,85509.0,641698.0,14005.230150024741,0.021825266948042134,12038.0,275.0,136.0,126.0,1.245931112659492,0.9834452377244183,1.4900160467773957,1.0880153268313846,1.0995152866048787,205.0,3.3683227836280603,1.0,0.15111439831322376,13689.0,90587.0,1984.4225817265847,0.021906262286272696,1723.0,50.0,16.0,52.0,1.0414469647110571,0.9856031929024167,1.3504784887860999,1.077459721356977,1.0780700265927363,37.0,3.683890372541338,1.0,936.5625,500.625,75.9375,1.0,1.6096501444627094,1.245931112659492,1.387754819984175,1.0414469647110571,1.0991272935308334,1.0995152866048787,1.0768496765419637,1.0780700265927363,0.13325427225891306,0.13325427225891306,0.15111439831322376,0.15111439831322376,12488.329429598853,14005.230150024741,1627.060099992321,1984.4225817265847
maplesdr,20060407_45107_0200_PP,train,20060407_45107_0200_PP,R0,p5_e4_gt_maples_preannot,5,71752,503.4375,511.875,70.3125,1.0,5.805477619171143,3.2962961196899414,1.0,904.1253818092819,6.951889400021173,642018.0,71752.0,1.108189527784302,1.1015882411982376,12198.437077337181,86.21678825862335,6.0,82.0,82.0,1.6027164441097053,1.5599457570661392,1.536570672015384,0.6828528997074075,0.1117601064144619,1.0,1.0,1.0,503.4375,511.875,70.3125,9980.0,1.0844934893627884,1.078125478509427,1457.332177930963,45.69027719786508,20.0,21.0,2.0,1.3812076193361615,1.3074283189766867,1.2679740534708739,0.8949977011045851,0.12855854695349736,77630.0,0.5421275999979116,642018.0,0.1117601064144619,71752.0,642018.0,13631.953021452216,0.021232976367410596,11639.0,222.0,108.0,108.0,1.2455123343256358,0.9824441215237486,1.4570474130347661,1.0889950203599674,1.0968062435848402,182.0,2.9107816410060625,1.0,0.12855854695349736,9980.0,77630.0,1695.126117170303,0.02183596698660702,1457.0,27.0,3.0,45.0,0.9897288058437043,0.9910215255096294,1.2747303658145333,1.0857972881194249,1.0859364682984358,24.0,3.086697311018671,1.0,503.4375,511.875,70.3125,1.0,1.6027164441097053,1.2455123343256358,1.3812076193361615,0.9897288058437043,1.1015882411982376,1.0968062435848402,1.078125478509427,1.0859364682984358,0.1117601064144619,0.1117601064144619,0.12855854695349736,0.12855854695349736,12198.437077337181,13631.953021452216,1457.332177930963,1695.126117170303
maplesdr,20060407_45477_0200_PP,test,20060407_45477_0200_PP,R1,p5_e4_gt_maples_preannot,5,95192,984.375,503.4375,67.5,1.0,7.402648448944092,3.744966506958008,1.0,903.52526580039,6.648752800014336,641166.0,95192.0,1.1231972552603586,1.111012864441558,12844.785273721569,95.54031797916804,4.0,95.0,127.0,1.6095698576364144,1.5817265392366988,1.5698236101608556,0.6243115916341921,0.14846701166312623,1.0,1.0,1.0,984.375,503.4375,67.5,12902.0,1.109383326691824,1.0822067284984804,1494.0945878777277,49.52022326295832,15.0,28.0,12.0,1.4022198990143002,1.333407594680329,1.2980132438616674,0.9094683205005445,0.18944277219000075,68105.0,0.5219674000400119,641166.0,0.14846701166312623,95192.0,641166.0,14896.433252192568,0.023233348699389186,12869.0,362.0,176.0,175.0,1.2723413935097212,0.9833825082293111,1.515477253685038,1.0911882953201264,1.1018936316740033,266.0,3.547567474446606,1.0,0.18944277219000075,12902.0,68105.0,1954.2093782909885,0.028694066196182196,1701.0,63.0,20.0,63.0,1.0541904853272963,0.9897417164127035,1.3722887787818647,1.0863639276277575,1.0969510959608817,43.0,3.552721347100106,1.0,984.375,503.4375,67.5,1.0,1.6095698576364144,1.2723413935097212,1.4022198990143002,1.0541904853272963,1.111012864441558,1.1018936316740033,1.0822067284984804,1.0969510959608817,0.14846701166312623,0.14846701166312623,0.18944277219000075,0.18944277219000075,12844.785273721569,14896.433252192568,1494.0945878777277,1954.2093782909885
maplesdr,20060407_46422_0200_PP,train,20060407_46422_0200_PP,R1,p5_e4_gt_maples_preannot,5,69578,500.625,472.5,81.5625,1.0,4.9295759201049805,4.1447367668151855,1.0,904.379536205585,6.355026299948804,642379.0,69578.0,1.1142533378636483,1.095871826001948,11927.820628158752,72.97758517303774,4.0,91.0,101.0,1.591228703915229,1.5458444484107143,1.5204646668199975,0.6890605066973741,0.10831300525079432,1.0,1.0,1.0,500.625,472.5,81.5625,10755.0,1.0822441519906554,1.0753171646863509,1487.3077913133236,30.068582821862456,14.0,18.0,11.0,1.3180112606009933,1.250034416006066,1.2180828305254545,0.8583970619438226,0.10320803784774535,104207.0,0.5163262999849394,642379.0,0.10831300525079432,69578.0,642379.0,13221.216731226643,0.020581645307873767,11503.0,286.0,145.0,127.0,1.2367276944162724,0.9850047208309923,1.4557828375389055,1.0815841496312484,1.0875814432358206,217.0,2.9498642460157187,1.0,0.10320803784774535,10755.0,104207.0,1830.69971029911,0.017567914922213573,1601.0,52.0,17.0,53.0,0.9989596969456541,0.9944459418669368,1.2789586866939842,1.075166536474022,1.0769483096920844,38.0,3.165017608303048,1.0,500.625,472.5,81.5625,1.0,1.591228703915229,1.2367276944162724,1.3180112606009933,0.9989596969456541,1.095871826001948,1.0875814432358206,1.0753171646863509,1.0769483096920844,0.10831300525079432,0.10831300525079432,0.10320803784774535,0.10320803784774535,11927.820628158752,13221.216731226643,1487.3077913133236,1830.69971029911
maplesdr,20060410_40146_0200_PP,test,20060410_40146_0200_PP,R1,p5_e4_gt_maples_preannot,5,77647,956.25,480.9375,75.9375,1.0,4.678898811340332,4.319018363952637,1.0,903.7993118621895,6.406868399993982,641555.0,77647.0,1.147515165509522,1.1040234175280725,13012.437077337177,87.83859271237097,3.0,94.0,120.0,1.6116690067852706,1.5730471448654435,1.5501175069611082,0.6818161853947255,0.12102937394299787,1.0,1.0,1.0,956.25,480.9375,75.9375,11591.0,1.0894074559136877,1.0846656850617657,1551.3321779309633,53.770314765925136,12.0,22.0,11.0,1.3540244695043353,1.2638242599745289,1.2164085719362225,1.0748536575021488,0.13265960125437773,87374.0,0.649976400018204,641555.0,0.12102937394299787,77647.0,641555.0,14486.342848396947,0.022580048239662923,12496.0,305.0,154.0,120.0,1.2506866089193893,0.9828035909952123,1.4698966710015107,1.0865668018755603,1.0929339192309178,249.0,3.0193485490077148,1.0,0.13265960125437773,11591.0,87374.0,1883.7535341682726,0.02155965772619169,1631.0,56.0,19.0,49.0,1.0179244173919044,0.9918966449708382,1.306987721565109,1.0745785826159782,1.0822745955803699,38.0,3.3124878498774732,1.0,956.25,480.9375,75.9375,1.0,1.6116690067852706,1.2506866089193893,1.3540244695043353,1.0179244173919044,1.1040234175280725,1.0929339192309178,1.0846656850617657,1.0822745955803699,0.12102937394299787,0.12102937394299787,0.13265960125437773,0.13265960125437773,13012.437077337177,14486.342848396947,1551.3321779309633,1883.7535341682726
maplesdr,20060410_40481_0200_PP,train,20060410_40481_0200_PP,R1,p5_e4_gt_maples_preannot,5,80097,947.8125,495.0,67.5,1.0,5.219322204589844,2.8917198181152344,1.0,903.4252077091456,5.847600399982184,641024.0,80097.0,1.1105954794304802,1.0958826111339106,12357.92026667036,80.02664837004237,6.0,92.0,117.0,1.619535482396635,1.5750599250352881,1.5511493678468284,0.7193223468217043,0.12495163987619809,1.0,1.0,1.0,947.8125,495.0,67.5,10587.0,1.075478970043375,1.0796691275336339,1286.4204896855322,135.41101001950682,16.0,19.0,7.0,1.395516701905178,1.3123777575327285,1.266553623626602,1.0546502724250117,0.14788584838452834,71589.0,0.502383099985309,641024.0,0.12495163987619809,80097.0,641024.0,14625.178418196629,0.022815336739648796,12610.0,336.0,166.0,161.0,1.2517101904044954,0.984423594353436,1.4775177520786826,1.0820305521046147,1.0864388175542354,255.0,3.044386862223106,1.0,0.14788584838452834,10587.0,71589.0,1678.4814562296306,0.023446080490433313,1430.0,40.0,9.0,50.0,1.0039972897168437,0.9917742001485241,1.30262504367666,1.0773266135783537,1.0764387123468717,32.0,3.278511894512407,1.0,947.8125,495.0,67.5,1.0,1.619535482396635,1.2517101904044954,1.395516701905178,1.0039972897168437,1.0958826111339106,1.0864388175542354,1.0796691275336339,1.0764387123468717,0.12495163987619809,0.12495163987619809,0.14788584838452834,0.14788584838452834,12357.92026667036,14625.178418196629,1286.4204896855322,1678.4814562296306
maplesdr,20060410_40499_0200_PP,test,20060410_40499_0200_PP,R1,p5_e4_gt_maples_preannot,5,84833,486.5625,489.375,61.875,1.0,5.257966041564941,2.3289473056793213,1.0,903.419570303829,5.6179389000171795,641016.0,84833.0,1.1071208210528287,1.0976242911095762,12770.890829418837,106.4369591709929,4.0,104.0,133.0,1.6159944475043473,1.5691740787826556,1.5414302936075603,0.7201883150423747,0.13234147041571506,1.0,1.0,1.0,486.5625,489.375,61.875,10347.0,1.1029381707992916,1.082250018478466,1194.1118318204306,51.638554438670646,14.0,17.0,14.0,1.3545863816407788,1.267096591397786,1.225953777662758,0.9340843061582929,0.17207716614002994,60130.0,0.5067733000032604,641016.0,0.13234147041571506,84833.0,641016.0,14970.977408069852,0.023355076016932264,12944.0,373.0,183.0,170.0,1.2690322347661334,0.9824089352513671,1.4901489832153736,1.0844336732566124,1.0874190054856128,280.0,3.1966506983507457,1.0,0.17207716614002994,10347.0,60130.0,1517.9474016201134,0.025244427101615056,1313.0,55.0,20.0,50.0,1.0284851518453058,0.9948117138295683,1.3634162841777961,1.1235107592234106,1.112242407403666,38.0,3.773122095015079,1.0,486.5625,489.375,61.875,1.0,1.6159944475043473,1.2690322347661334,1.3545863816407788,1.0284851518453058,1.0976242911095762,1.0874190054856128,1.082250018478466,1.112242407403666,0.13234147041571506,0.13234147041571506,0.17207716614002994,0.17207716614002994,12770.890829418837,14970.977408069852,1194.1118318204306,1517.9474016201134
maplesdr,20060410_40605_0200_PP,test,20060410_40605_0200_PP,R1,p5_e4_gt_maples_preannot,5,85752,1029.375,478.125,81.5625,1.0,10.890557289123535,2.946666717529297,1.0,903.5421759324458,6.459787400031928,641190.0,85752.0,1.122603237182914,1.1048925653381565,13736.103166302655,82.45310857445187,8.0,104.0,121.0,1.6269977978089094,1.5884263686933482,1.5666022215445075,0.6959014828165493,0.13373882936415102,1.0,1.0,1.0,1029.375,478.125,81.5625,10155.0,1.1024292979582422,1.0948566755661422,1589.0773439350244,24.063428362796213,9.0,24.0,17.0,1.343733504965671,1.2861864082854915,1.2584225033078227,0.7015199508937151,0.1469736880192202,69094.0,0.5596252999966964,641190.0,0.13373882936415102,85752.0,641190.0,15696.692270270614,0.02448056312523685,13509.0,346.0,165.0,154.0,1.278084003690178,0.9815972875414732,1.4950962315448382,1.0978998411901817,1.1054747433441825,272.0,3.0442494504391235,1.0,0.1469736880192202,10155.0,69094.0,1889.2976900455571,0.02734387486678376,1639.0,53.0,21.0,40.0,1.0588938335972422,0.9948821231929835,1.3241952455844215,1.0874634442364333,1.0950614471878726,43.0,3.0207384854173203,1.0,1029.375,478.125,81.5625,1.0,1.6269977978089094,1.278084003690178,1.343733504965671,1.0588938335972422,1.1048925653381565,1.1054747433441825,1.0948566755661422,1.0950614471878726,0.13373882936415102,0.13373882936415102,0.1469736880192202,0.1469736880192202,13736.103166302655,15696.692270270614,1589.0773439350244,1889.2976900455571
maplesdr,20060410_41767_0200_PP,train,20060410_41767_0200_PP,R1,p5_e4_gt_maples_preannot,5,78848,497.8125,495.0,78.75,1.0,3.3051888942718506,3.226994037628174,1.0,904.0711623466568,7.380799500038847,641941.0,78848.0,1.1176265721848926,1.1012756246556257,11780.152806089714,87.22419655121688,6.0,76.0,99.0,1.5909251545827134,1.5415608410298256,1.5152692414128999,0.7821357998793566,0.12282748726129036,1.0,1.0,1.0,497.8125,495.0,78.75,13317.0,1.1086662711471433,1.1018140554118405,1691.4154390516483,82.79817970311566,13.0,20.0,12.0,1.343345634585591,1.2703519938915229,1.233490442180554,0.9745356801748579,0.13669397056106425,97422.0,0.907326299988199,641941.0,0.12282748726129036,78848.0,641941.0,13412.053526515601,0.02089296917709821,11417.0,273.0,133.0,126.0,1.243492833180479,0.9835786245172148,1.4792067908872488,1.0891730959382093,1.0954605154164534,210.0,3.265886161881148,1.0,0.13669397056106425,13317.0,97422.0,2033.434775035404,0.020872439233801443,1756.0,49.0,17.0,47.0,1.0489866419944749,0.9899527512454749,1.349882488721156,1.088268941164569,1.0884637842778866,39.0,3.5653121005111013,1.0,497.8125,495.0,78.75,1.0,1.5909251545827134,1.243492833180479,1.343345634585591,1.0489866419944749,1.1012756246556257,1.0954605154164534,1.1018140554118405,1.0884637842778866,0.12282748726129036,0.12282748726129036,0.13669397056106425,0.13669397056106425,11780.152806089714,13412.053526515601,1691.4154390516483,2033.434775035404
maplesdr,20060410_43675_0200_PP,test,20060410_43675_0200_PP,R1,p5_e4_gt_maples_preannot,5,68291,964.6875,466.875,67.5,1.0,4.962737560272217,3.807692289352417,1.0,903.7323931152504,7.264900399954058,641460.0,68291.0,1.129883204118748,1.1066778687466277,9692.988883503675,103.40750843706319,11.0,61.0,71.0,1.559828195997101,1.5069694995536103,1.479016994583219,0.7711570449154062,0.10646182146977208,1.0,1.0,1.0,964.6875,466.875,67.5,7693.0,1.1068666092920272,1.0793393882326596,916.908729652601,,12.0,15.0,5.0,1.2894097221491017,1.2157322595258588,1.1739692410086278,0.8644368783052732,0.10764860629127952,71464.0,0.6434046999784186,641460.0,0.10646182146977208,68291.0,641460.0,11290.882461254625,0.017601849626250467,9889.0,216.0,96.0,123.0,1.203115719156866,0.983032028523328,1.4475249504784105,1.0989726914117488,1.1138920345918855,168.0,3.3467722841256413,1.0,0.10764860629127952,7693.0,71464.0,1237.0163773909258,0.017309643700197663,1100.0,37.0,10.0,41.0,0.9551272927628198,0.9934906498410441,1.2331741221553887,1.0838183097417855,1.0946264520083737,30.0,3.3733689845025716,1.0,964.6875,466.875,67.5,1.0,1.559828195997101,1.203115719156866,1.2894097221491017,0.9551272927628198,1.1066778687466277,1.1138920345918855,1.0793393882326596,1.0946264520083737,0.10646182146977208,0.10646182146977208,0.10764860629127952,0.10764860629127952,9692.988883503675,11290.882461254625,916.908729652601,1237.0163773909258
maplesdr,20060410_44248_0200_PP,train,20060410_44248_0200_PP,R1,p5_e4_gt_maples_preannot,5,69450,452.8125,503.4375,78.75,1.0,3.4648561477661133,4.636363983154297,1.0,904.3035085835937,5.49965950002661,642271.0,69450.0,1.129825970149894,1.0990398447496355,11901.743643161226,86.49646835521554,4.0,71.0,87.0,1.5885722618695928,1.549057487654167,1.5300971086813362,0.6667321140148066,0.10813192562018213,1.0,1.0,1.0,452.8125,503.4375,78.75,9306.0,1.151985563259371,1.0805744950761191,1181.9575028878799,78.05582281155367,12.0,17.0,10.0,1.2921214955185967,1.2166192977073476,1.1744049645420882,0.9536416464036948,0.10695937015114074,87005.0,0.518993399979081,642271.0,0.10813192562018213,69450.0,642271.0,13023.169183480644,0.020276751065330126,11117.0,242.0,120.0,109.0,1.2390890201117677,0.9831912292520587,1.4585937776051219,1.0954092938082722,1.1132283188525474,189.0,2.9729362630876226,1.0,0.10695937015114074,9306.0,87005.0,1510.834703247905,0.0173649181454848,1315.0,45.0,14.0,45.0,0.9744432900044061,0.9967104432125129,1.2715622673599474,1.119204786995305,1.1733878735200436,37.0,3.3026663242280936,1.0,452.8125,503.4375,78.75,1.0,1.5885722618695928,1.2390890201117677,1.2921214955185967,0.9744432900044061,1.0990398447496355,1.1132283188525474,1.0805744950761191,1.1733878735200436,0.10813192562018213,0.10813192562018213,0.10695937015114074,0.10695937015114074,11901.743643161226,13023.169183480644,1181.9575028878799,1510.834703247905
maplesdr,20060410_46874_0200_PP,train,20060410_46874_0200_PP,R1,p5_e4_gt_maples_preannot,5,74353,950.625,444.375,59.0625,1.0,5.741892337799072,3.887500047683716,1.0,903.9429943252469,7.035959400003776,641759.0,74353.0,1.1104507343396854,1.0963767594460132,13260.365142973531,88.02797398868795,7.0,104.0,113.0,1.6115474792407771,1.5665357186109754,1.5404589605785277,0.7061922655264317,0.11585813366076674,1.0,1.0,1.0,950.625,444.375,59.0625,7038.0,1.0915640364002064,1.0737506192132487,951.7026688919408,71.22448630785121,13.0,18.0,5.0,1.3427335420161661,1.2509384200317468,1.1999169900350959,0.9492089813516855,0.12845175302513187,54791.0,0.5647697999957018,641759.0,0.11585813366076674,74353.0,641759.0,14536.7318087899,0.02265138752832434,12415.0,293.0,145.0,135.0,1.2599894454830989,0.9821004933553131,1.4663216061521653,1.0886412780261867,1.096399512003696,238.0,2.862610324395333,1.0,0.12845175302513187,7038.0,54791.0,1255.7098115668773,0.0229181765539391,1084.0,35.0,8.0,43.0,0.9808198119630578,0.9929150356582862,1.2757599324394973,1.0875812708984618,1.0932268013316087,26.0,2.9877067929407395,1.0,950.625,444.375,59.0625,1.0,1.6115474792407771,1.2599894454830989,1.3427335420161661,0.9808198119630578,1.0963767594460132,1.096399512003696,1.0737506192132487,1.0932268013316087,0.11585813366076674,0.11585813366076674,0.12845175302513187,0.12845175302513187,13260.365142973531,14536.7318087899,951.7026688919408,1255.7098115668773
maplesdr,20060410_46893_0200_PP,train,20060410_46893_0200_PP,R1,p5_e4_gt_maples_preannot,5,74824,483.75,480.9375,59.0625,1.0,5.627146244049072,3.305882215499878,1.0,903.8366433257938,5.349779499985743,641608.0,74824.0,1.1180625176105492,1.099854950641702,12627.623802114078,101.76841003346546,6.0,103.0,109.0,1.6115546144045851,1.5705836552478751,1.550251813717707,0.6753507863184833,0.11661949352252465,1.0,1.0,1.0,483.75,480.9375,59.0625,6913.0,1.106257191572064,1.082227819273386,995.8326112068521,37.568592028827496,11.0,17.0,6.0,1.3177179306774511,1.2538650223404113,1.231085049078679,0.8316297207281114,0.1261565414165009,54797.0,0.5239431000081822,641608.0,0.11661949352252465,74824.0,641608.0,14503.146888904052,0.022604373525429936,12553.0,310.0,146.0,146.0,1.2593753605514635,0.9806349464088504,1.4745257847458308,1.0890260397472618,1.0997008802231425,251.0,2.9039190887532955,1.0,0.1261565414165009,6913.0,54797.0,1206.6559876977149,0.022020475348973754,1048.0,32.0,8.0,34.0,0.9766891118279718,0.9918857898090446,1.2684840294264632,1.0861277761329493,1.0991423216511529,25.0,3.1465987924145837,1.0,483.75,480.9375,59.0625,1.0,1.6115546144045851,1.2593753605514635,1.3177179306774511,0.9766891118279718,1.099854950641702,1.0997008802231425,1.082227819273386,1.0991423216511529,0.11661949352252465,0.11661949352252465,0.1261565414165009,0.1261565414165009,12627.623802114078,14503.146888904052,995.8326112068521,1206.6559876977149
maplesdr,20060410_47166_0200_PP,train,20060410_47166_0200_PP,R1,p5_e4_gt_maples_preannot,5,92348,916.875,509.0625,72.29842238487625,1.0,4.435611724853516,2.595238208770752,0.0,903.730279810953,7.1400097999721766,641457.0,92348.0,1.1147463272480191,1.1025535110657874,14738.034190531846,113.46789889234367,7.0,110.0,140.0,1.6416442767035113,1.6049502806867408,1.585613056901173,0.6967053059382877,0.14396600239766658,1.0,1.0,1.0,916.875,509.0625,72.29842238487625,13871.0,1.121013425253639,1.0972264773886073,2045.7362902255693,84.31450906440493,13.0,28.0,17.0,1.4212990354080581,1.338737983581528,1.2950736410804946,1.0152787063805548,0.16900190067742094,82076.0,0.555584000016097,641457.0,0.14396600239766658,92348.0,641457.0,16443.52069739536,0.025634642224491057,14247.0,351.0,173.0,147.0,1.2902076205546134,0.9807144002203347,1.5163584137834067,1.0879241633828074,1.097739996994501,278.0,3.1311698580507845,1.0,0.16900190067742094,13871.0,82076.0,2391.885568524237,0.029142326240609154,2071.0,78.0,28.0,51.0,1.080406293659431,0.9883975011145509,1.3688618436796776,1.0886288644288393,1.0918136975598147,54.0,3.2774739668631208,1.0,916.875,509.0625,72.29842238487625,1.0,1.6416442767035113,1.2902076205546134,1.4212990354080581,1.080406293659431,1.1025535110657874,1.097739996994501,1.0972264773886073,1.0918136975598147,0.14396600239766658,0.14396600239766658,0.16900190067742094,0.16900190067742094,14738.034190531846,16443.52069739536,2045.7362902255693,2391.885568524237
maplesdr,20060410_47331_0200_PP,train,20060410_47331_0200_PP,R1,p5_e4_gt_maples_preannot,5,67465,925.3125,478.125,64.6875,1.0,7.099994659423828,4.243750095367432,1.0,903.705624228995,5.315708399983123,641422.0,67465.0,1.1024939101614768,1.095306170544024,10806.232749680072,78.5230249102989,4.0,67.0,70.0,1.5763468787485808,1.545773992913191,1.5334807507064412,0.6293875251741312,0.10518036487678939,1.0,1.0,1.0,925.3125,478.125,64.6875,8693.0,1.072818316698023,1.0790191936755242,1090.9453095790602,,17.0,17.0,2.0,1.3414387564333174,1.2612715147063391,1.2229492922528988,0.9639342691499033,0.1322954237623461,65709.0,0.4792746999883093,641422.0,0.10518036487678939,67465.0,641422.0,11982.692777884895,0.018681449619571664,10378.0,199.0,97.0,91.0,1.2139013213305456,0.9858105891647684,1.4460349253060143,1.0960759059721075,1.1308308802489326,152.0,3.116551272974602,1.0,0.1322954237623461,8693.0,65709.0,1375.8813844421309,0.020939009640112173,1207.0,26.0,3.0,43.0,0.985362990130658,0.9892841138165466,1.2919410168578889,1.0750989279037082,1.075584517718409,21.0,3.3031335774713755,1.0,925.3125,478.125,64.6875,1.0,1.5763468787485808,1.2139013213305456,1.3414387564333174,0.985362990130658,1.095306170544024,1.1308308802489326,1.0790191936755242,1.075584517718409,0.10518036487678939,0.10518036487678939,0.1322954237623461,0.1322954237623461,10806.232749680072,11982.692777884895,1090.9453095790602,1375.8813844421309
maplesdr,20060411_57853_0200_PP,train,20060411_57853_0200_PP,R1,p5_e4_gt_maples_preannot,5,79336,807.1875,489.375,81.5625,1.0,5.375128746032715,2.465116500854492,1.0,903.5365392569252,5.918926400016062,641182.0,79336.0,1.1105329008537719,1.095079225119883,11638.498910433056,90.83305378165927,9.0,67.0,94.0,1.6007320606336262,1.563983395333077,1.5451550295277825,0.7026413866717922,0.12373397880788918,1.0,1.0,1.0,807.1875,489.375,81.5625,15651.0,1.1145017937083324,1.0888926263234944,2124.986073587625,86.49825636847876,16.0,26.0,11.0,1.4163470480061424,1.3478365125964615,1.3143657114914808,0.9532714824538608,0.1497545712891466,104511.0,0.5230220000375994,641182.0,0.12373397880788918,79336.0,641182.0,13590.16413284676,0.021195486044285023,11670.0,293.0,136.0,157.0,1.24548720806047,0.9835968760930474,1.4778288379687379,1.0887860149902424,1.0973982187470583,211.0,3.21401264812077,1.0,0.1497545712891466,15651.0,104511.0,2595.2602435673193,0.024832412316094184,2226.0,53.0,16.0,58.0,1.0501694631962115,0.9905273413864899,1.3379439951576666,1.0941044081935771,1.1034073114288299,43.0,3.223626916095948,1.0,807.1875,489.375,81.5625,1.0,1.6007320606336262,1.24548720806047,1.4163470480061424,1.0501694631962115,1.095079225119883,1.0973982187470583,1.0888926263234944,1.1034073114288299,0.12373397880788918,0.12373397880788918,0.1497545712891466,0.1497545712891466,11638.498910433056,13590.16413284676,2124.986073587625,2595.2602435673193
maplesdr,20060411_58155_0200_PP,test,20060411_58155_0200_PP,R1,p5_e4_gt_maples_preannot,5,75841,506.25,509.0625,61.875,1.0,3.58255672454834,2.751479387283325,1.0,905.5241058341369,6.582505700003821,644006.0,75841.0,1.1205295108297564,1.0967804987153071,11732.493859799168,97.30023225380712,5.0,73.0,82.0,1.5981732128889607,1.5571030510050992,1.533586530337628,0.6807953223927625,0.11776443076617299,1.0,1.0,1.0,506.25,509.0625,61.875,8057.0,1.0810433958622387,1.0811386642560472,937.7787873376897,,13.0,16.0,4.0,1.3270212918862012,1.25112566865915,1.2071803329059558,0.8592622463234749,0.1339685073410818,60141.0,0.5582062000175938,644006.0,0.11776443076617299,75841.0,644006.0,13513.276831218966,0.02098315362157956,11569.0,256.0,130.0,116.0,1.2405416032563092,0.9834233606251576,1.4680189579018714,1.086041363713878,1.0931156012611678,194.0,3.1429638075440067,1.0,0.1339685073410818,8057.0,60141.0,1255.9991334482227,0.02088424092463083,1104.0,29.0,6.0,40.0,0.9601919903844786,0.9930269482903805,1.2861005606595914,1.074443668660314,1.071923058022462,24.0,3.4158951172036525,1.0,506.25,509.0625,61.875,1.0,1.5981732128889607,1.2405416032563092,1.3270212918862012,0.9601919903844786,1.0967804987153071,1.0931156012611678,1.0811386642560472,1.071923058022462,0.11776443076617299,0.11776443076617299,0.1339685073410818,0.1339685073410818,11732.493859799168,13513.276831218966,937.7787873376897,1255.9991334482227
maplesdr,20060411_58221_0200_PP,test,20060411_58221_0200_PP,R1,p5_e4_gt_maples_preannot,5,60227,916.875,495.0,64.6875,1.0,9.065439224243164,2.1168830394744873,1.0,903.6640604394855,6.339007500035223,641363.0,60227.0,1.1057356347695142,1.093758144318247,7856.177700321635,80.05407798329716,7.0,50.0,42.0,1.5426125111399045,1.5010275945139846,1.4778184476331349,0.6142280045117163,0.09390469983457106,1.0,1.0,1.0,916.875,495.0,64.6875,8364.0,1.099421270464484,1.1010441331948555,991.7148622007605,,13.0,16.0,5.0,1.3158981236872465,1.2339943327161902,1.189233131164381,1.0688319807233826,0.12724202455387704,65733.0,0.5552517999894917,641363.0,0.09390469983457106,60227.0,641363.0,9708.237800313957,0.015136884728794701,8303.0,152.0,62.0,103.0,1.188678115315859,0.9828146476849264,1.4376043135596137,1.0941059039703804,1.1034057249282347,118.0,3.3281473766503904,1.0,0.12724202455387704,8364.0,65733.0,1266.692567624174,0.019270268626476413,1076.0,34.0,8.0,41.0,0.9648016076645819,0.991656105872345,1.2959626069432963,1.090757424999426,1.0930575301567935,26.0,3.4766374572521235,1.0,916.875,495.0,64.6875,1.0,1.5426125111399045,1.188678115315859,1.3158981236872465,0.9648016076645819,1.093758144318247,1.1034057249282347,1.1010441331948555,1.0930575301567935,0.09390469983457106,0.09390469983457106,0.12724202455387704,0.12724202455387704,7856.177700321635,9708.237800313957,991.7148622007605,1266.692567624174
maplesdr,20060411_58238_0200_PP,train,20060411_58238_0200_PP,R1,p5_e4_gt_maples_preannot,5,68179,534.375,478.125,59.0625,1.0,8.632450103759766,2.3435583114624023,1.0,904.1148198313136,6.221412800019607,642003.0,68179.0,1.1188271016861138,1.098613225365992,9964.995159626838,95.96101107140053,6.0,58.0,58.0,1.5605854332115674,1.5251071168855124,1.5099442153865161,0.6299217063774842,0.10619732306546854,1.0,1.0,1.0,534.375,478.125,59.0625,8481.0,1.1041713652720841,1.0895167513474102,1028.3178925810907,64.83921331422825,13.0,17.0,5.0,1.3495697623677547,1.2860152386957342,1.2531329602676697,0.9152367350668806,0.1547373606524476,54809.0,0.5429914999986067,642003.0,0.10619732306546854,68179.0,642003.0,11021.710021827601,0.01716769239680749,9444.0,185.0,88.0,100.0,1.202266044371806,0.9845892569375426,1.4488656250276057,1.095141831575519,1.1090178090506264,139.0,3.3727575917412405,1.0,0.1547373606524476,8481.0,54809.0,1248.798123321446,0.022784544934617415,1087.0,29.0,8.0,34.0,0.9697018042226763,0.9971848029195244,1.3101207527943852,1.0946567280860249,1.098780499592153,25.0,3.6467854912273423,1.0,534.375,478.125,59.0625,1.0,1.5605854332115674,1.202266044371806,1.3495697623677547,0.9697018042226763,1.098613225365992,1.1090178090506264,1.0895167513474102,1.098780499592153,0.10619732306546854,0.10619732306546854,0.1547373606524476,0.1547373606524476,9964.995159626838,11021.710021827601,1028.3178925810907,1248.798123321446
maplesdr,20060411_58303_0200_PP,train,20060411_58303_0200_PP,R1,p5_e4_gt_maples_preannot,5,81247,928.125,483.75,67.5,1.0,8.105876922607422,4.936619758605957,1.0,904.1908633189345,6.226896500040311,642111.0,81247.0,1.1134113464317112,1.1039418878735239,12859.39544677683,73.81962614301302,13.0,95.0,97.0,1.6197500098675468,1.5822693440215494,1.5634016830424078,0.6832699880565871,0.1265310826321306,1.0,1.0,1.0,928.125,483.75,67.5,12050.0,1.0915847485511994,1.083142247809373,1541.0773439350244,64.68901748085057,19.0,25.0,9.0,1.4037682894013157,1.3328078021528236,1.2976344173889502,0.9310578854924256,0.16835957693543654,71573.0,0.4956619999720715,642111.0,0.1265310826321306,81247.0,642111.0,14671.989601378673,0.022849615722793523,12656.0,300.0,132.0,168.0,1.2716872058896271,0.9815002279225679,1.4965485509363394,1.1078301416883243,1.10635065097386,229.0,3.043805158840893,1.0,0.16835957693543654,12050.0,71573.0,1852.3687578574225,0.025880831568572262,1612.0,43.0,11.0,53.0,1.0288554429483894,0.9922300195203312,1.3536504903817415,1.08551403046086,1.0900629587976383,36.0,3.4568645485597513,1.0,928.125,483.75,67.5,1.0,1.6197500098675468,1.2716872058896271,1.4037682894013157,1.0288554429483894,1.1039418878735239,1.10635065097386,1.083142247809373,1.0900629587976383,0.1265310826321306,0.1265310826321306,0.16835957693543654,0.16835957693543654,12859.39544677683,14671.989601378673,1541.0773439350244,1852.3687578574225
maplesdr,20060411_58328_0200_PP,train,20060411_58328_0200_PP,R1,p5_e4_gt_maples_preannot,5,83364,478.125,492.1875,73.125,1.0,6.690401554107666,3.700637102127075,1.0,903.6224947381726,6.9987929000053555,641304.0,83364.0,1.1067697705140476,1.1019562252305566,12807.823945689079,88.02506598911803,9.0,88.0,115.0,1.6228276849772134,1.5841570173081232,1.5666231430727466,0.6569403511131593,0.12999139253770442,1.0,1.0,1.0,478.125,492.1875,73.125,11287.0,1.0954077257671277,1.0887191466262558,1319.6042558696054,85.52149556078975,15.0,19.0,12.0,1.377097705859565,1.29309143410336,1.2509662850744065,0.9748601418555398,0.13437384668500066,83997.0,0.5602303000050597,641304.0,0.12999139253770442,83364.0,641304.0,14965.790683292948,0.023336499824253315,12859.0,323.0,154.0,157.0,1.27125760098678,0.981090769200801,1.500102839802338,1.0910867013374836,1.0944633502029673,256.0,3.0895177431716623,1.0,0.13437384668500066,11287.0,83997.0,1757.7362902255697,0.020926179390044524,1498.0,60.0,17.0,66.0,1.0073642325357384,0.9867665919246851,1.31079152523423,1.0842714479435918,1.08458550190992,43.0,3.420980726449316,1.0,478.125,492.1875,73.125,1.0,1.6228276849772134,1.27125760098678,1.377097705859565,1.0073642325357384,1.1019562252305566,1.0944633502029673,1.0887191466262558,1.08458550190992,0.12999139253770442,0.12999139253770442,0.13437384668500066,0.13437384668500066,12807.823945689079,14965.790683292948,1319.6042558696054,1757.7362902255697
maplesdr,20060411_58971_0200_PP,train,20060411_58971_0200_PP,R3,p5_e4_gt_maples_preannot,5,88389,922.5,509.0625,84.375,1.0,3.474989414215088,2.8079471588134766,1.0,904.0683456623489,5.958449300029315,641937.0,88389.0,1.109169847715483,1.0956868211201636,13629.855474981654,83.40144805887606,9.0,100.0,128.0,1.63438563469708,1.591524029802466,1.566050420655499,0.6724263681051461,0.13769108183513334,1.0,1.0,1.0,922.5,509.0625,84.375,15643.0,1.1520708316135002,1.0925995477674255,2149.3048327204933,65.75647941275473,12.0,23.0,19.0,1.3956473816368091,1.3144200554368934,1.269250976142106,0.9648390915363985,0.14171694660361292,110382.0,0.5162862000288442,641937.0,0.13769108183513334,88389.0,641937.0,15804.841548569279,0.024620549288433723,13579.0,337.0,159.0,161.0,1.280062149497086,0.980807123115929,1.5023015271563431,1.0876899992610445,1.094250939207391,268.0,3.125192005146973,1.0,0.14171694660361292,15643.0,110382.0,2595.993216262561,0.023518265806585864,2252.0,69.0,25.0,63.0,1.0660232440211586,0.9914393860094834,1.3490253115717046,1.1247405815474512,1.191661253247518,49.0,3.3369066532791916,1.0,922.5,509.0625,84.375,1.0,1.63438563469708,1.280062149497086,1.3956473816368091,1.0660232440211586,1.0956868211201636,1.094250939207391,1.0925995477674255,1.191661253247518,0.13769108183513334,0.13769108183513334,0.14171694660361292,0.14171694660361292,13629.855474981654,15804.841548569279,2149.3048327204933,2595.993216262561
maplesdr,20060411_58993_0200_PP,train,20060411_58993_0200_PP,R1,p5_e4_gt_maples_preannot,5,87122,506.25,503.4375,87.1875,1.0,4.164708137512207,2.885906219482422,1.0,904.0500370004379,6.512095300015062,641911.0,87122.0,1.1168623252873358,1.1055824663977893,13800.720482032859,87.68995777919757,1.0,111.0,144.0,1.6295553318290492,1.5789494295212385,1.5513346629548095,0.7280525240485687,0.13572286500776587,1.0,1.0,1.0,506.25,503.4375,87.1875,15490.0,1.1196895684930184,1.0800567571670001,2041.0499987245546,80.68005252789403,15.0,23.0,11.0,1.3828473260879013,1.3191913631274412,1.2852119405497324,0.8733350949569134,0.13236827263249645,117022.0,0.5721803000196815,641911.0,0.13572286500776587,87122.0,641911.0,15890.635487808619,0.024755200468302645,13612.0,383.0,196.0,157.0,1.2861549375776449,0.9810878557644617,1.5046058222837708,1.0903713361544012,1.0985475612325954,308.0,3.1221434914655233,1.0,0.13236827263249645,15490.0,117022.0,2524.625683894414,0.02157394065982819,2200.0,56.0,17.0,58.0,1.0416221043641651,0.993331584515809,1.3248631786470746,1.0749206452220317,1.0762698446771117,46.0,3.2942555734899144,1.0,506.25,503.4375,87.1875,1.0,1.6295553318290492,1.2861549375776449,1.3828473260879013,1.0416221043641651,1.1055824663977893,1.0985475612325954,1.0800567571670001,1.0762698446771117,0.13572286500776587,0.13572286500776587,0.13236827263249645,0.13236827263249645,13800.720482032859,15890.635487808619,2041.0499987245546,2524.625683894414
maplesdr,20060411_59190_0200_PP,train,20060411_59190_0200_PP,R1,p5_e4_gt_maples_preannot,5,70015,497.8125,478.125,70.3125,1.0,9.419450759887695,4.0188679695129395,1.0,903.7528214686884,6.283663200039882,641489.0,70015.0,1.117361244143565,1.1029345677384252,8762.167599053866,90.0,4.0,59.0,77.0,1.5748179117817604,1.5413874046526863,1.526729059910241,0.6665187842999594,0.10914450598529359,1.0,1.0,1.0,497.8125,478.125,70.3125,12425.0,1.086909809219512,1.0864510886115284,1094.1707063234765,74.52041318184214,11.0,16.0,11.0,1.3824574277140433,1.3162560788997208,1.287357265983892,0.881017700537257,0.15998403378656778,77664.0,0.5395039999857545,641489.0,0.10914450598529359,70015.0,641489.0,11543.793282948282,0.01799530979166951,9964.0,259.0,117.0,155.0,1.2153360595181457,0.9844383413610884,1.4539763189571981,1.0940670155415746,1.1047040320075816,191.0,3.302534651630413,1.0,0.15998403378656778,12425.0,77664.0,1803.0134187980955,0.02321556214974886,1573.0,71.0,23.0,67.0,1.0213890889778623,0.9924107497425879,1.3370303343498533,1.0701265164919065,1.075318988579139,49.0,3.6877324420962103,1.0,497.8125,478.125,70.3125,1.0,1.5748179117817604,1.2153360595181457,1.3824574277140433,1.0213890889778623,1.1029345677384252,1.1047040320075816,1.0864510886115284,1.075318988579139,0.10914450598529359,0.10914450598529359,0.15998403378656778,0.15998403378656778,8762.167599053866,11543.793282948282,1094.1707063234765,1803.0134187980955
maplesdr,20060411_59919_0200_PP,train,20060411_59919_0200_PP,R1,p5_e4_gt_maples_preannot,5,73953,936.5625,590.625,104.0625,1.0,4.292793273925781,4.635761737823486,1.0,904.2401473489061,5.907990000036079,642181.0,73953.0,1.1383153453619521,1.1014220464875648,11533.129286023852,88.7823269015276,5.0,72.0,76.0,1.579942057518944,1.5441563203501445,1.5276379806964115,0.6246345110875373,0.11515912180522314,1.0,1.0,1.0,936.5625,590.625,104.0625,15593.0,,,0.0,,0.0,0.0,0.0,1.3676793393915785,1.3156673934130112,1.2918692752663827,0.7752469305504202,0.12440958703006319,125336.0,0.5547938999952748,642181.0,0.11515912180522314,73953.0,642181.0,12518.807568298154,0.019494204232604444,10829.0,223.0,110.0,95.0,1.2150501243982488,0.9866917239244578,1.453825544961252,1.0910778993157335,1.1020381399729666,177.0,3.2767786549219897,1.0,0.12440958703006319,15593.0,125336.0,2519.2186130069776,0.020099720854399195,2155.0,49.0,14.0,56.0,1.0305349123420169,0.9952179528861933,1.3175960041724948,1.0928848687570285,1.1034202377817994,42.0,3.2906114015483183,1.0,936.5625,590.625,104.0625,1.0,1.579942057518944,1.2150501243982488,1.3676793393915785,1.0305349123420169,1.1014220464875648,1.1020381399729666,,1.1034202377817994,0.11515912180522314,0.11515912180522314,0.12440958703006319,0.12440958703006319,11533.129286023852,12518.807568298154,0.0,2519.2186130069776
maplesdr,20060411_60263_0200_PP,test,20060411_60263_0200_PP,R1,p5_e4_gt_maples_preannot,5,73617,919.6875,441.5625,78.75,1.0,3.376013994216919,3.9328861236572266,1.0,904.1401683711542,5.65943800000241,642039.0,73617.0,1.10988840998168,1.1035684386503621,12071.351724175442,97.78405678094668,3.0,68.0,91.0,1.5985251032606589,1.5680072626029244,1.554074099668716,0.6153360753880601,0.11466125889548766,1.0,1.0,1.0,919.6875,441.5625,78.75,13081.0,1.0815723802575987,1.0850243423723311,1739.2316728675748,111.23437221378447,18.0,23.0,8.0,1.4087135620158775,1.353864863244402,1.3256082599210874,0.7233943073005957,0.13428254665653808,97414.0,0.5055657000048086,642039.0,0.11466125889548766,73617.0,642039.0,13600.671708797585,0.02118356004666007,11712.0,224.0,111.0,103.0,1.2446318164405943,0.9842921040096534,1.4630329292201638,1.0935246773791445,1.101902402028989,189.0,3.0243046893171597,1.0,0.13428254665653808,13081.0,97414.0,2158.4347750354045,0.022157336471507222,1890.0,45.0,10.0,57.0,1.0262755625605602,0.9930480342512823,1.3164203443512992,1.0782010155075898,1.0785803357973227,38.0,3.2521403449932955,1.0,919.6875,441.5625,78.75,1.0,1.5985251032606589,1.2446318164405943,1.4087135620158775,1.0262755625605602,1.1035684386503621,1.101902402028989,1.0850243423723311,1.0785803357973227,0.11466125889548766,0.11466125889548766,0.13428254665653808,0.13428254665653808,12071.351724175442,13600.671708797585,1739.2316728675748,2158.4347750354045
maplesdr,20060411_60283_0200_PP,train,20060411_60283_0200_PP,R1,p5_e4_gt_maples_preannot,5,68502,500.625,500.625,70.3125,1.0,3.6105539798736572,4.291970729827881,1.0,904.1648121035705,5.15091859997483,642074.0,68502.0,1.1236002540495569,1.1033213236955204,11316.266371013702,80.28556483544278,4.0,68.0,72.0,1.5765274197684866,1.5393344917783394,1.5189983239562481,0.660225714789658,0.10668863713528347,1.0,1.0,1.0,500.625,500.625,70.3125,9250.0,1.1444299705273624,1.0821056566786214,1203.2955980045042,76.32869286780416,13.0,17.0,7.0,1.3651460029712896,1.2912063508611153,1.2495324896347917,0.8316954919762218,0.11906140994452381,77691.0,0.5166128999553621,642074.0,0.10668863713528347,68502.0,642074.0,12460.839097590731,0.019407169730577364,10707.0,203.0,103.0,85.0,1.2303819814970105,0.9840281434042716,1.4537976430015098,1.1014053680089102,1.1113262907277113,164.0,3.06746127624335,1.0,0.11906140994452381,9250.0,77691.0,1542.1017305526639,0.019849168250539496,1325.0,35.0,9.0,43.0,1.0153340571774385,0.9921642592699933,1.3006750815688906,1.0832788042528891,1.0840614754351476,32.0,3.2236676513363287,1.0,500.625,500.625,70.3125,1.0,1.5765274197684866,1.2303819814970105,1.3651460029712896,1.0153340571774385,1.1033213236955204,1.1113262907277113,1.0821056566786214,1.0840614754351476,0.10668863713528347,0.10668863713528347,0.11906140994452381,0.11906140994452381,11316.266371013702,12460.839097590731,1203.2955980045042,1542.1017305526639
maplesdr,20060411_61060_0200_PP,train,20060411_61060_0200_PP,R1,p5_e4_gt_maples_preannot,5,71421,506.25,410.625,95.625,1.0,3.0800962448120117,3.879746913909912,1.0,904.1535464806677,6.392387499974575,642058.0,71421.0,1.129141679915797,1.1008255850871256,12800.241117844285,119.38167995266707,1.0,70.0,101.0,1.6092342857156465,1.5730822769540083,1.5534187280475333,0.6794030646557074,0.11123761404732906,1.0,1.0,1.0,506.25,410.625,95.625,13726.0,1.1005922734445501,1.0967945906945762,2162.9911242215085,59.015384056052454,13.0,23.0,14.0,1.355829442338299,1.2965554126773038,1.2675338574850814,0.8239562646263545,0.10789353707808644,127218.0,0.5550631000078283,642058.0,0.11123761404732906,71421.0,642058.0,14014.19357009828,0.021826990038436214,12075.0,252.0,125.0,102.0,1.2397066344696526,0.984409447674132,1.4526592995603005,1.0871191145870398,1.0911765820100867,200.0,2.8450041161926514,1.0,0.10789353707808644,13726.0,127218.0,2653.1059146347698,0.02085479975030868,2291.0,72.0,24.0,57.0,1.0404010458030724,0.9937484867720788,1.2842616316888673,1.0844258673555114,1.0878894582178504,50.0,2.8679702254309514,1.0,506.25,410.625,95.625,1.0,1.6092342857156465,1.2397066344696526,1.355829442338299,1.0404010458030724,1.1008255850871256,1.0911765820100867,1.0967945906945762,1.0878894582178504,0.11123761404732906,0.11123761404732906,0.10789353707808644,0.10789353707808644,12800.241117844285,14014.19357009828,2162.9911242215085,2653.1059146347698
maplesdr,20060411_61214_0200_PP,train,20060411_61214_0200_PP,R1,p5_e4_gt_maples_preannot,5,71496,517.5,430.3125,61.875,1.0,5.501162528991699,4.158273220062256,1.0,903.9289088190501,6.924315799959004,641739.0,71496.0,1.1244926521975436,1.0992376854782369,10192.585996698352,80.35318396965147,13.0,63.0,66.0,1.563236932816004,1.5295296927805166,1.514395081886452,0.603222116929792,0.11140977874182495,1.0,1.0,1.0,517.5,430.3125,61.875,7924.0,1.0909689726461707,1.0802484458054584,906.2346314604055,,14.0,18.0,4.0,1.307298173269253,1.2188789117388676,1.1764986823766848,1.0050939064531321,0.1317329432105333,60152.0,0.5198061999981292,641739.0,0.11140977874182495,71496.0,641739.0,11379.531306277411,0.01773233558545984,9848.0,204.0,93.0,119.0,1.2080372712825354,0.9825511369252573,1.4528977969112535,1.092549350797387,1.107450398553778,157.0,3.4302025248118793,1.0,0.1317329432105333,7924.0,60152.0,1167.6143571373723,0.01941106458866492,1021.0,32.0,7.0,40.0,0.9348958258622734,0.9956739877985387,1.2551980216445988,1.0783573986076689,1.079835827099178,28.0,3.6669465760568927,1.0,517.5,430.3125,61.875,1.0,1.563236932816004,1.2080372712825354,1.307298173269253,0.9348958258622734,1.0992376854782369,1.107450398553778,1.0802484458054584,1.079835827099178,0.11140977874182495,0.11140977874182495,0.1317329432105333,0.1317329432105333,10192.585996698352,11379.531306277411,906.2346314604055,1167.6143571373723
maplesdr,20060411_61478_0200_PP,train,20060411_61478_0200_PP,R2,p5_e4_gt_maples_preannot,5,74589,964.6875,466.875,64.6875,1.0,6.795783042907715,3.0324676036834717,1.0,904.056374656136,6.3448016999755055,641920.0,74589.0,1.1288906606992557,1.110419178613109,12341.140612780895,73.53418916476343,1.0,84.0,109.0,1.6110337539402582,1.568523637780729,1.5441517573408043,0.6668458462361795,0.11619672233300099,1.0,1.0,1.0,964.6875,466.875,64.6875,8692.0,1.128140470812769,1.1030359656897635,1327.9352083112935,53.02567516812292,16.0,20.0,8.0,1.3756899600647048,1.2951387297929224,1.2486986247481762,0.9551826125198244,0.13228020514693573,65709.0,0.5364193000132218,641920.0,0.11619672233300099,74589.0,641920.0,14373.734767382732,0.022391785218380377,12340.0,325.0,158.0,134.0,1.2561662361773767,0.9841307113452115,1.470339175055299,1.097322991243998,1.1124851703474485,243.0,2.925703226415054,1.0,0.13228020514693573,8692.0,65709.0,1641.5992052357224,0.02498286696245145,1408.0,52.0,16.0,50.0,1.0316650046815,0.9829010038498177,1.306584252861201,1.101775908902444,1.1133605155948338,32.0,2.9214367834157557,1.0,964.6875,466.875,64.6875,1.0,1.6110337539402582,1.2561662361773767,1.3756899600647048,1.0316650046815,1.110419178613109,1.1124851703474485,1.1030359656897635,1.1133605155948338,0.11619672233300099,0.11619672233300099,0.13228020514693573,0.13228020514693573,12341.140612780895,14373.734767382732,1327.9352083112935,1641.5992052357224
maplesdr,20060411_61548_0200_PP,train,20060411_61548_0200_PP,R1,p5_e4_gt_maples_preannot,5,72445,905.625,492.1875,92.8125,1.0,2.719968795776367,3.629629611968994,1.0,904.5836528344973,6.179682000016328,642669.0,72445.0,1.1426128502744948,1.1048838124256073,11490.297900306276,77.5734848174146,1.0,73.0,102.0,1.5913453006626965,1.5549933644258502,1.535649390593694,0.6602171357310893,0.11272521313459961,1.0,1.0,1.0,905.625,492.1875,92.8125,14763.0,1.1610832183814876,1.0955268073046287,2188.9444430272824,71.04629854782631,13.0,24.0,11.0,1.3670392357599515,1.2907940390736559,1.2500520312493753,0.9317441951862337,0.11301212566599302,130632.0,0.5505152000114322,642669.0,0.11272521313459961,72445.0,642669.0,13135.039241165729,0.020438264862885448,11216.0,278.0,140.0,121.0,1.2377789771669858,0.9832777356023006,1.4599638240694957,1.1009450068980156,1.1159172773410564,223.0,3.0976942505200977,1.0,0.11301212566599302,14763.0,130632.0,2527.9343417595155,0.019351570379076456,2167.0,58.0,19.0,53.0,1.0432617175681183,0.9893116764728447,1.305478924473279,1.1062530073861108,1.1140165151144128,40.0,3.1930652128963857,1.0,905.625,492.1875,92.8125,1.0,1.5913453006626965,1.2377789771669858,1.3670392357599515,1.0432617175681183,1.1048838124256073,1.1159172773410564,1.0955268073046287,1.1140165151144128,0.11272521313459961,0.11272521313459961,0.11301212566599302,0.11301212566599302,11490.297900306276,13135.039241165729,2188.9444430272824,2527.9343417595155
maplesdr,20060411_62228_0200_PP,test,20060411_62228_0200_PP,R1,p5_e4_gt_maples_preannot,5,78726,936.5625,537.1875,78.75,1.0,6.76346492767334,4.035503387451172,1.0,903.9486284662703,5.546402600011788,641767.0,78726.0,1.1152812114110304,1.0937228719938301,12887.291983120613,89.40934278535333,5.0,87.0,95.0,1.6094065260575998,1.5750721659119893,1.5598099548152453,0.6342599811464409,0.1226706888948793,1.0,1.0,1.0,936.5625,537.1875,78.75,13111.0,1.0984120149686571,1.1007509786014222,1705.94235098623,58.64035709304617,14.0,25.0,10.0,1.3540756014967936,1.2917032297591546,1.2623807225586154,0.8676992027290937,0.13834254843202634,94772.0,0.48426420002942905,641767.0,0.1226706888948793,78726.0,641767.0,13982.32055382036,0.021787222705156793,11951.0,261.0,132.0,105.0,1.2451849771236136,0.983342571072396,1.4761044221838986,1.0819716622001996,1.0877380840386908,209.0,3.125953698439367,1.0,0.13834254843202634,13111.0,94772.0,1990.062192033374,0.020998419280308257,1705.0,50.0,18.0,46.0,1.013806032593716,0.9943523184356264,1.3234163633151521,1.084486016562338,1.0855778271779206,37.0,3.624603013196788,1.0,936.5625,537.1875,78.75,1.0,1.6094065260575998,1.2451849771236136,1.3540756014967936,1.013806032593716,1.0937228719938301,1.0877380840386908,1.1007509786014222,1.0855778271779206,0.1226706888948793,0.1226706888948793,0.13834254843202634,0.13834254843202634,12887.291983120613,13982.32055382036,1705.94235098623,1990.062192033374
maplesdr,20060412_51656_0200_PP,train,20060412_51656_0200_PP,R1,p5_e4_gt_maples_preannot,5,69678,745.3125,694.6875,72.27768082586915,1.0,2.677624225616455,2.132075548171997,0.0,903.4710103233643,4.761360100004822,641089.0,69678.0,1.1119386237917759,1.106212046325219,11660.493859799171,110.83027166742238,1.0,69.0,81.0,1.585350166122683,1.549435596388281,1.5282528889164888,0.6576854132244012,0.10868693738310906,1.0,1.0,1.0,745.3125,694.6875,72.27768082586915,7397.0,1.1828262109409868,1.0908891287898967,1108.643794388896,157.97485284381165,5.0,7.0,7.0,1.279088180550814,1.2417211313236252,1.2283557352613603,0.730783137134366,0.09013586790958386,82065.0,0.4961369999800809,641089.0,0.10868693738310906,69678.0,641089.0,12893.718389991809,0.02011221279727434,11025.0,227.0,108.0,105.0,1.226703161195599,0.9851337589669337,1.45074733573149,1.0888220045392518,1.0971610628165653,172.0,2.983992775636318,1.0,0.09013586790958386,7397.0,82065.0,1276.4255403194156,0.01555383586570908,1102.0,27.0,9.0,24.0,0.9620220933425719,0.9981798722726182,1.2358833769411697,1.0814525744250518,1.0837076104156111,19.0,3.1456348291722356,1.0,745.3125,694.6875,72.27768082586915,1.0,1.585350166122683,1.226703161195599,1.279088180550814,0.9620220933425719,1.106212046325219,1.0971610628165653,1.0908891287898967,1.0837076104156111,0.10868693738310906,0.10868693738310906,0.09013586790958386,0.09013586790958386,11660.493859799171,12893.718389991809,1108.643794388896,1276.4255403194156
maplesdr,20060412_51952_0200_PP,train,20060412_51952_0200_PP,R2,p5_e4_gt_maples_preannot,5,69318,489.375,475.3125,67.5,1.0,5.815098285675049,3.825503349304199,1.0,903.9753901565856,7.049704000004567,641805.0,69318.0,1.1169967163765895,1.1048838124256073,10553.842922735346,66.5361344526163,8.0,61.0,66.0,1.6115380198269618,1.5634825944085542,1.537699963872383,0.646053674860801,0.10800476780330474,1.0,1.0,1.0,489.375,475.3125,67.5,9394.0,1.0982853132956674,1.0913318944370838,1262.2072862499351,34.03889596797874,16.0,19.0,4.0,1.3845683728626264,1.3047974302415288,1.2595181376751363,0.9235701048514202,0.13127628949538142,71559.0,0.6460119999828748,641805.0,0.10800476780330474,69318.0,641805.0,13719.541766482676,0.021376495612347484,11843.0,239.0,106.0,142.0,1.2538971849492062,0.9829020439220475,1.4617613639141886,1.0962951468605706,1.1055465876780322,185.0,2.7676612963621317,1.0,0.13127628949538142,9394.0,71559.0,1717.8956697920034,0.024006703137159593,1469.0,44.0,11.0,55.0,1.0240151224408856,0.9897763730365571,1.2931189965558887,1.0841362646118102,1.0863430216667758,33.0,2.9092150240022376,1.0,489.375,475.3125,67.5,1.0,1.6115380198269618,1.2538971849492062,1.3845683728626264,1.0240151224408856,1.1048838124256073,1.1055465876780322,1.0913318944370838,1.0863430216667758,0.10800476780330474,0.10800476780330474,0.13127628949538142,0.13127628949538142,10553.842922735346,13719.541766482676,1262.2072862499351,1717.8956697920034
maplesdr,20060412_52020_0200_PP,train,20060412_52020_0200_PP,R1,p5_e4_gt_maples_preannot,5,81345,984.375,475.3125,73.125,1.0,3.9294464588165283,4.106382846832275,1.0,904.0359531620401,6.862664600019343,641891.0,81345.0,1.1123329150386536,1.0991041445655683,12917.10821693654,97.01743144000042,2.0,98.0,127.0,1.623589268934412,1.5808259960948787,1.558441870583809,0.6579700800252326,0.12672712345242418,1.0,1.0,1.0,984.375,475.3125,73.125,10599.0,1.088667911494037,1.080344535384714,1111.3006486383874,80.21254784926407,13.0,14.0,12.0,1.3293944371327384,1.251099481008949,1.2150631402690681,0.8927299927388568,0.14224554434185097,74512.0,0.5686823999858461,641891.0,0.12672712345242418,81345.0,641891.0,15442.753236814711,0.024058217418245015,13198.0,368.0,173.0,172.0,1.2745875289950095,0.9816175774196944,1.486457014696759,1.0905862173528384,1.095389614407265,281.0,2.966091677205434,1.0,0.14224554434185097,10599.0,74512.0,1646.4865068635143,0.022096930787839735,1424.0,61.0,21.0,59.0,0.9834363709268361,0.9951195747686473,1.2951419175529428,1.0790479269354394,1.0780293955054934,41.0,3.4772409271027063,1.0,984.375,475.3125,73.125,1.0,1.623589268934412,1.2745875289950095,1.3293944371327384,0.9834363709268361,1.0991041445655683,1.095389614407265,1.080344535384714,1.0780293955054934,0.12672712345242418,0.12672712345242418,0.14224554434185097,0.14224554434185097,12917.10821693654,15442.753236814711,1111.3006486383874,1646.4865068635143
maplesdr,20060412_52038_0200_PP,train,20060412_52038_0200_PP,R1,p5_e4_gt_maples_preannot,5,83233,466.875,480.9375,81.5625,1.0,5.106203079223633,3.340425491333008,1.0,903.8711559487505,7.4227997999987565,641657.0,83233.0,1.1141087592041483,1.1028791998179017,13490.304176429434,86.01514838807338,8.0,97.0,121.0,1.6212462398275316,1.5804603168638705,1.5573822433884912,0.6330278680067063,0.12971572039267085,1.0,1.0,1.0,466.875,480.9375,81.5625,12043.0,1.1043741407442356,1.0796691275336334,1581.7463914933362,52.324132070380834,15.0,20.0,9.0,1.3510383808329556,1.2804639998281881,1.2369306138132736,0.9329620779258581,0.12463777115416459,96624.0,0.5448570000007749,641657.0,0.12971572039267085,83233.0,641657.0,15251.175459603797,0.02376842372109055,13136.0,336.0,157.0,156.0,1.2719122816535517,0.98169445577486,1.4956585772296616,1.0908431808727994,1.0998224476679113,263.0,3.0703849116483344,1.0,0.12463777115416459,12043.0,96624.0,1924.1799410394658,0.01991409940635314,1663.0,44.0,13.0,49.0,1.0130582457691213,0.9912065094836333,1.318581363571013,1.167931104200283,1.3253263191685247,37.0,3.3566563662034943,1.0,466.875,480.9375,81.5625,1.0,1.6212462398275316,1.2719122816535517,1.3510383808329556,1.0130582457691213,1.1028791998179017,1.0998224476679113,1.0796691275336334,1.3253263191685247,0.12971572039267085,0.12971572039267085,0.12463777115416459,0.12463777115416459,13490.304176429434,15251.175459603797,1581.7463914933362,1924.1799410394658
maplesdr,20060412_52098_0200_PP,test,20060412_52098_0200_PP,R1,p5_e4_gt_maples_preannot,5,83275,933.75,528.75,61.875,1.0,5.903236389160156,4.051095008850098,1.0,903.8063556525893,7.484145900001749,641565.0,83275.0,1.1222829898669135,1.0987455366389307,14106.021997223026,81.52429558006833,11.0,92.0,106.0,1.6181104703834461,1.5829404329559305,1.5650005742189934,0.6324351730007429,0.12979978645967283,1.0,1.0,1.0,933.75,528.75,61.875,10647.0,1.0861161044852503,1.0824467144289711,1453.6803743153544,47.73055174777455,17.0,23.0,9.0,1.4208302013164347,1.3527657337030594,1.3157446732185787,0.8457025834324721,0.17700159595690917,60152.0,0.5208923000027426,641565.0,0.12979978645967283,83275.0,641565.0,15428.217090164144,0.024047784854479507,13301.0,292.0,141.0,128.0,1.2786243614839041,0.9808287829324908,1.4935843968206322,1.0971936942564786,1.1031747947095853,227.0,3.004237144315691,1.0,0.17700159595690917,10647.0,60152.0,1838.3271272970799,0.030561363334503922,1603.0,49.0,14.0,53.0,1.050288878274522,0.9904175480640621,1.322427775956701,1.080270759617832,1.0814762142853636,43.0,3.1478256724181786,1.0,933.75,528.75,61.875,1.0,1.6181104703834461,1.2786243614839041,1.4208302013164347,1.050288878274522,1.0987455366389307,1.1031747947095853,1.0824467144289711,1.0814762142853636,0.12979978645967283,0.12979978645967283,0.17700159595690917,0.17700159595690917,14106.021997223026,15428.217090164144,1453.6803743153544,1838.3271272970799
maplesdr,20060412_52668_0200_PP,test,20060412_52668_0200_PP,R1,p5_e4_gt_maples_preannot,5,64501,953.4375,489.375,70.3125,1.0,10.399667739868164,3.218935012817383,1.0,903.6570155399286,5.343263799964916,641353.0,64501.0,1.098766066854263,1.0942809041582064,9280.841697246062,80.43671617045695,5.0,50.0,71.0,1.5451445090174842,1.503501576460804,1.4833101507010222,0.6506658231451383,0.10057020080985042,1.0,1.0,1.0,953.4375,489.375,70.3125,9041.0,1.083188694534814,1.0703651932696996,1185.4011537017757,74.05865559393816,13.0,15.0,5.0,1.3294794680639426,1.272500871593089,1.2417825601724246,0.8932287698789065,0.11638774459320288,77680.0,0.4967657999950461,641353.0,0.10057020080985042,64501.0,641353.0,10733.764712248536,0.01673612614620737,9314.0,207.0,95.0,120.0,1.1883188871124197,0.9852923318927329,1.429375496624619,1.080683528078869,1.0887512630003895,158.0,3.2443653272842066,1.0,0.11638774459320288,9041.0,77680.0,1444.709811566877,0.018598221055186367,1270.0,34.0,8.0,38.0,0.9674302299267661,0.9956627623873426,1.2698258659977222,1.0717331147002016,1.0735067254412567,24.0,3.29783968442197,1.0,953.4375,489.375,70.3125,1.0,1.5451445090174842,1.1883188871124197,1.3294794680639426,0.9674302299267661,1.0942809041582064,1.0887512630003895,1.0703651932696996,1.0735067254412567,0.10057020080985042,0.10057020080985042,0.11638774459320288,0.11638774459320288,9280.841697246062,10733.764712248536,1185.4011537017757,1444.709811566877
maplesdr,20060412_52685_0200_PP,test,20060412_52685_0200_PP,R1,p5_e4_gt_maples_preannot,5,80525,483.75,489.375,67.5,1.0,7.532433986663818,3.545454740524292,1.0,903.4829890855617,5.982343000010587,641106.0,80525.0,1.1117120219772298,1.1003584125685038,12558.236067210399,110.13630342824813,8.0,99.0,111.0,1.6148892462422924,1.5784662053079903,1.5602119328280777,0.6735517792059831,0.12560325437603143,1.0,1.0,1.0,483.75,489.375,67.5,10339.0,1.098928158050466,1.0822623301125278,1434.8590898655448,36.106763560946256,14.0,24.0,12.0,1.3839067063732788,1.3032353634186589,1.2603908338178242,1.0151322728385148,0.1444720809345481,71564.0,0.5262879999936558,641106.0,0.12560325437603143,80525.0,641106.0,14527.62921168546,0.022660260879925412,12478.0,317.0,153.0,155.0,1.2597192032706432,0.982845284094256,1.4872871271274886,1.0849389241161833,1.08685089532453,239.0,3.0569892363446534,1.0,0.1444720809345481,10339.0,71564.0,1803.0083681642118,0.02519434866922212,1542.0,53.0,16.0,55.0,1.0293195152736163,0.9891977088839512,1.3218395347086351,1.0893712626092953,1.0898717222201653,40.0,3.0712224328071898,1.0,483.75,489.375,67.5,1.0,1.6148892462422924,1.2597192032706432,1.3839067063732788,1.0293195152736163,1.1003584125685038,1.08685089532453,1.0822623301125278,1.0898717222201653,0.12560325437603143,0.12560325437603143,0.1444720809345481,0.1444720809345481,12558.236067210399,14527.62921168546,1434.8590898655448,1803.0083681642118
maplesdr,20060412_52840_0200_PP,train,20060412_52840_0200_PP,R1,p5_e4_gt_maples_preannot,5,94157,950.625,503.4375,61.875,1.0,5.84091329574585,3.0059173107147217,1.0,903.715486542498,6.5032309999805875,641436.0,94157.0,1.1020967567046327,1.0949192836997956,13642.6839021064,88.90365687266276,3.0,110.0,133.0,1.6199807272876345,1.5832118016645003,1.5648112093087467,0.6788080697259509,0.14679095030525258,1.0,1.0,1.0,950.625,503.4375,61.875,9207.0,1.0741315144537853,1.0732986098313255,939.9209229614207,,16.0,17.0,3.0,1.3583625857131043,1.2705084475818589,1.2228228820309452,1.0568396960599087,0.15311824380508898,60130.0,0.5345319000189193,641436.0,0.14679095030525258,94157.0,641436.0,15305.85670047093,0.023861861043768872,13151.0,352.0,179.0,146.0,1.2675379282017432,0.9830120836879542,1.5129953380730488,1.0814858247291823,1.0855833832734954,284.0,3.450405821578917,1.0,0.15311824380508898,9207.0,60130.0,1288.597113194669,0.02143018648253233,1128.0,32.0,5.0,46.0,0.9574881215093826,0.9932625709674472,1.2793545828560806,1.0753575051535693,1.0733370489099423,27.0,3.71400553199225,1.0,950.625,503.4375,61.875,1.0,1.6199807272876345,1.2675379282017432,1.3583625857131043,0.9574881215093826,1.0949192836997956,1.0855833832734954,1.0732986098313255,1.0733370489099423,0.14679095030525258,0.14679095030525258,0.15311824380508898,0.15311824380508898,13642.6839021064,15305.85670047093,939.9209229614207,1288.597113194669
maplesdr,20060412_52978_0200_PP,test,20060412_52978_0200_PP,R1,p5_e4_gt_maples_preannot,5,78302,922.5,480.9375,78.75,1.0,4.428572654724121,3.8627452850341797,1.0,904.4492225782262,6.541547200002242,642478.0,78302.0,1.102361390945649,1.0929540566711766,12945.84624026567,83.68940317889255,2.0,88.0,103.0,1.6101902455529202,1.571689695167814,1.5531295942997894,0.669703823470154,0.12187499027204045,1.0,1.0,1.0,922.5,480.9375,78.75,13040.0,1.112880718257217,1.0886487266585472,1659.9179643685898,151.00740429609985,13.0,24.0,14.0,1.378440000271364,1.3085281141403173,1.2702219555001732,0.8735461811785654,0.13385616621158308,97418.0,0.6059468000312336,642478.0,0.12187499027204045,78302.0,642478.0,14315.25453664238,0.022281314747963948,12320.0,288.0,140.0,126.0,1.2563667862245194,0.981966469028768,1.472532662620058,1.0763253567603654,1.0788768881493997,217.0,3.0719627943620065,1.0,0.13385616621158308,13040.0,97418.0,2297.5474734076124,0.0235844245766451,2016.0,66.0,20.0,63.0,1.059631487691678,0.9882644674051292,1.3219494154894122,1.0673238595143222,1.0697057980718225,49.0,3.14096295891223,1.0,922.5,480.9375,78.75,1.0,1.6101902455529202,1.2563667862245194,1.378440000271364,1.059631487691678,1.0929540566711766,1.0788768881493997,1.0886487266585472,1.0697057980718225,0.12187499027204045,0.12187499027204045,0.13385616621158308,0.13385616621158308,12945.84624026567,14315.25453664238,1659.9179643685898,2297.5474734076124
maplesdr,20060412_58287_0200_PP,train,20060412_58287_0200_PP,R1,p5_e4_gt_maples_preannot,5,92685,902.8125,480.9375,67.5,1.0,6.8904008865356445,3.4827585220336914,1.0,903.7204176588891,6.855077999993227,641443.0,92685.0,1.1183514508047407,1.1055692787717155,13986.347899030832,79.63019235780723,2.0,97.0,121.0,1.6411828029112059,1.6028509607911494,1.5817386310305013,0.6872396458903369,0.1444945225062866,1.0,1.0,1.0,902.8125,480.9375,67.5,12539.0,1.1228117052371616,1.0953228166732836,1619.2733034279174,50.12262182225167,16.0,22.0,8.0,1.4098895068587063,1.3560228484336698,1.330954420296611,0.842160328801816,0.17515505391965133,71588.0,0.5791408999939449,641443.0,0.1444945225062866,92685.0,641443.0,16235.74818618083,0.025311287497378303,13959.0,346.0,170.0,155.0,1.2979947388190223,0.9808993098016279,1.5192968611526287,1.093003883609403,1.100214615328746,273.0,3.1629273896540435,1.0,0.17515505391965133,12539.0,71588.0,1997.079435976077,0.02789684634262833,1734.0,53.0,16.0,51.0,1.064470337103141,0.9897652359484036,1.36229834121244,1.0893283868256505,1.1020144007740338,40.0,3.4118071930434324,1.0,902.8125,480.9375,67.5,1.0,1.6411828029112059,1.2979947388190223,1.4098895068587063,1.064470337103141,1.1055692787717155,1.100214615328746,1.0953228166732836,1.1020144007740338,0.1444945225062866,0.1444945225062866,0.17515505391965133,0.17515505391965133,13986.347899030832,16235.74818618083,1619.2733034279174,1997.079435976077
maplesdr,20060412_58471_0200_PP,train,20060412_58471_0200_PP,R1,p5_e4_gt_maples_preannot,5,45414,990.0,478.125,81.5625,1.0,5.763318061828613,5.357142925262451,1.0,903.4245030354049,5.460703899967484,641023.0,45414.0,1.1210020164305508,1.1046344935104067,5588.208870676713,87.66094459129377,3.0,36.0,38.0,1.4777716038005426,1.4475825855224682,1.4354904562677724,0.5429558890282429,0.07084613188606337,1.0,1.0,1.0,990.0,478.125,81.5625,6978.0,1.0590927616270482,1.0545038923421866,580.1269837220806,,7.0,7.0,0.0,1.2105792099678885,1.132293413979971,1.0950722537929698,0.8774692681540168,0.08461566444759722,82467.0,0.5651351000415161,641023.0,0.07084613188606337,45414.0,641023.0,6930.943068861228,0.010812315734164342,5882.0,146.0,62.0,97.0,1.1239739117185437,0.9929826514436256,1.3834665904630354,1.104139989367863,1.0959529703747959,104.0,3.5407865802167113,1.0,0.08461053448443108,6978.0,82472.0,917.6021638285523,0.0111262266445406,781.0,20.0,3.0,31.0,0.9025505414523619,0.9964052133275917,1.2297514066512758,1.0735358822400909,1.0631896326978862,15.0,3.9274221130278515,1.0,990.0,478.125,81.5625,1.0,1.4777716038005426,1.1239739117185437,1.2105792099678885,0.9025505414523619,1.1046344935104067,1.0959529703747959,1.0545038923421866,1.0631896326978862,0.07084613188606337,0.07084613188606337,0.08461566444759722,0.08461053448443108,5588.208870676713,6930.943068861228,580.1269837220806,917.6021638285523
maplesdr,20060412_58497_0200_PP,train,20060412_58497_0200_PP,R1,p5_e4_gt_maples_preannot,5,51026,480.9375,486.5625,92.8125,1.0,6.168508529663086,7.0757575035095215,1.0,903.5992452917734,5.403979700000491,641271.0,51026.0,1.1170272821556078,1.0979186222095418,6689.544007200506,65.99109424114756,7.0,30.0,49.0,1.5082437432063502,1.4842569128091219,1.4777072359448118,0.5582986838689341,0.07957010374708977,1.0,1.0,1.0,480.9375,486.5625,92.8125,10150.0,1.0884447173500271,1.074755720866798,1107.2417741353418,,11.0,12.0,5.0,1.264940842664378,1.192426330252814,1.1503009622718483,0.9126023359974285,0.08701839817561427,116642.0,0.5296953999786638,641271.0,0.07957010374708977,51026.0,641271.0,8246.858941188764,0.012860177586681395,7040.0,158.0,70.0,99.0,1.1561138429063171,0.9897000189706852,1.4010046737356538,1.0950265121876528,1.102920346879171,114.0,3.3761696609046266,1.0,0.08701839817561427,10150.0,116642.0,1629.5159441150367,0.013970233227439831,1414.0,35.0,7.0,49.0,0.9434334770399516,0.9956066956192413,1.2246428932356903,1.0786299322581323,1.0861852105738887,26.0,3.293779765954442,1.0,480.9375,486.5625,92.8125,1.0,1.5082437432063502,1.1561138429063171,1.264940842664378,0.9434334770399516,1.0979186222095418,1.102920346879171,1.074755720866798,1.0861852105738887,0.07957010374708977,0.07957010374708977,0.08701839817561427,0.08701839817561427,6689.544007200506,8246.858941188764,1107.2417741353418,1629.5159441150367
maplesdr,20060412_58668_0200_PP,train,20060412_58668_0200_PP,R1,p5_e4_gt_maples_preannot,5,34365,556.875,360.0,72.26787160287202,1.0,3.4128174781799316,3.238410472869873,0.0,903.3483950359002,4.341481500014197,640915.0,34365.0,1.1116902539365452,1.088528964994036,3805.8796513385796,119.58340245862907,2.0,21.0,19.0,1.456690240383671,1.421726412796673,1.4089251282506006,0.6157313021745285,0.05361865457978047,1.0,1.0,1.0,556.875,360.0,72.26787160287202,8298.0,1.1006847311771168,1.0899450630968928,902.2813126546314,178.1323211605657,4.0,11.0,8.0,1.2656342283613276,1.198496835315955,1.1680001212431046,0.9517174285928123,0.10119018584459295,82004.0,0.5004129000008106,640915.0,0.05361865457978047,34365.0,640915.0,5190.506201784772,0.008098587490985189,4501.0,79.0,33.0,59.0,1.0884591508817212,0.9930284498205559,1.3394103739722785,1.078800678968494,1.098004345355549,59.0,3.5447738992328977,1.0,0.10119018584459295,8298.0,82004.0,1124.589970519733,0.013713842867661736,991.0,41.0,17.0,28.0,0.9932930693702684,0.998857095840023,1.312600762719132,1.0778646175475335,1.0822082975517067,25.0,4.0407203147541075,1.0,556.875,360.0,72.26787160287202,1.0,1.456690240383671,1.0884591508817212,1.2656342283613276,0.9932930693702684,1.088528964994036,1.098004345355549,1.0899450630968928,1.0822082975517067,0.05361865457978047,0.05361865457978047,0.10119018584459295,0.10119018584459295,3805.8796513385796,5190.506201784772,902.2813126546314,1124.589970519733
maplesdr,20060412_58723_0200_PP,test,20060412_58723_0200_PP,R1,p5_e4_gt_maples_preannot,5,79233,942.1875,486.5625,64.6875,1.0,7.66743278503418,4.424657344818115,1.0,903.8056512760196,6.811668500013184,641564.0,79233.0,1.1066218954040756,1.099644145075108,13195.676759431466,85.92576428406403,5.0,87.0,102.0,1.6155681534724329,1.5799217099368537,1.5610636949140182,0.646409280461119,0.12349975996159386,1.0,1.0,1.0,942.1875,486.5625,64.6875,9534.0,1.0766976618225954,1.0796691275336334,1299.8641404994273,19.983524965289174,18.0,20.0,3.0,1.3835942055415147,1.316952312629046,1.2811611848331323,0.9284182535590544,0.14507661640062694,65717.0,0.5506171000306495,641564.0,0.12349975996159386,79233.0,641564.0,14647.03837461395,0.022830206144069727,12560.0,275.0,134.0,121.0,1.2577188166879398,0.9828423483674538,1.475712386165116,1.0872276750829044,1.09485167789943,215.0,3.0117212049453306,1.0,0.14507661640062694,9534.0,65717.0,1600.1261171703031,0.02434873955247962,1360.0,31.0,6.0,44.0,1.0303957312267278,0.9839647025250158,1.344699389006719,1.0841888835848343,1.0824276676978393,27.0,3.1513083701311615,1.0,942.1875,486.5625,64.6875,1.0,1.6155681534724329,1.2577188166879398,1.3835942055415147,1.0303957312267278,1.099644145075108,1.09485167789943,1.0796691275336334,1.0824276676978393,0.12349975996159386,0.12349975996159386,0.14507661640062694,0.14507661640062694,13195.676759431466,14647.03837461395,1299.8641404994273,1600.1261171703031
maplesdr,20060412_58889_0200_PP,train,20060412_58889_0200_PP,R1,p5_e4_gt_maples_preannot,5,74632,376.875,475.3125,47.8125,1.0,4.134839057922363,3.297619104385376,1.0,903.6915350229982,4.527644399960991,641402.0,74632.0,1.1126927657531778,1.103580528220376,9606.755477532548,97.19347005529553,3.0,63.0,101.0,1.5623948066619058,1.528832598708484,1.5139054486135104,0.6141314990872027,0.11635760412346703,1.0,1.0,1.0,376.875,475.3125,47.8125,5874.0,1.0844768814955275,1.078847465639544,198.19595949289328,,4.0,4.0,2.0,1.2939888121236498,1.2154005234725962,1.1788023029744263,0.9838957399680865,0.181363467951093,32388.0,0.50235069997143,641402.0,0.11635760412346703,74632.0,641402.0,11297.401363962495,0.01761360482811481,9746.0,289.0,139.0,140.0,1.2238222926021034,0.9850804726606378,1.4819783792970356,1.0903181709684886,1.0980017381305134,204.0,3.6570102111449714,1.0,0.181363467951093,5874.0,32388.0,739.193000900063,0.02282305177535084,633.0,30.0,6.0,39.0,0.9321758730728686,0.9956159858154785,1.3222835349901907,1.0718038369282739,1.0752560721030986,19.0,4.047500097593032,1.0,376.875,475.3125,47.8125,1.0,1.5623948066619058,1.2238222926021034,1.2939888121236498,0.9321758730728686,1.103580528220376,1.0980017381305134,1.078847465639544,1.0752560721030986,0.11635760412346703,0.11635760412346703,0.181363467951093,0.181363467951093,9606.755477532548,11297.401363962495,198.19595949289328,739.193000900063
maplesdr,20060412_59012_0200_PP,train,20060412_59012_0200_PP,R1,p5_e4_gt_maples_preannot,5,104957,922.5,483.75,50.625,1.0,3.3795154094696045,2.005747079849243,1.0,903.7309842462679,5.8865894000045955,641458.0,104957.0,1.1179693683412706,1.0953910524340096,13358.373152200245,104.2067221100839,2.0,108.0,137.0,1.643957844812047,1.6066880894374729,1.5875606011221042,0.6977473483755767,0.16362255985582844,1.0,1.0,1.0,922.5,483.75,50.625,8883.0,1.085392141072229,1.084416338443994,646.1564209736036,,8.0,8.0,8.0,1.4098314647576802,1.35138955321956,1.3246471803879907,0.8755161028174763,0.220564135670656,40274.0,0.541623700002674,641458.0,0.16362255985582844,104957.0,641458.0,16795.694362311664,0.026183622875249297,14528.0,386.0,196.0,160.0,1.2942283439667506,0.9812989397829078,1.5383928976625856,1.0829196528557257,1.0883342730472791,317.0,3.4734077901603357,1.0,0.220564135670656,8883.0,40274.0,1150.4133470105958,0.028564665715116348,997.0,34.0,9.0,38.0,1.02167657867407,0.9908955457435288,1.3984975946211935,1.0799893927755166,1.0820170333445132,28.0,4.081596173801418,1.0,922.5,483.75,50.625,1.0,1.643957844812047,1.2942283439667506,1.4098314647576802,1.02167657867407,1.0953910524340096,1.0883342730472791,1.084416338443994,1.0820170333445132,0.16362255985582844,0.16362255985582844,0.220564135670656,0.220564135670656,13358.373152200245,16795.694362311664,646.1564209736036,1150.4133470105958
maplesdr,20060412_59037_0200_PP,test,20060412_59037_0200_PP,R1,p5_e4_gt_maples_preannot,5,102267,517.5,461.25,50.625,1.0,3.350675344467163,2.8544304370880127,1.0,903.716895435641,5.072149400017224,641438.0,102267.0,1.1248252339848974,1.0927168949235355,15407.258720724487,80.73723557190473,3.0,130.0,148.0,1.6448718781897016,1.6066360190808566,1.585857277269736,0.6686583756213891,0.15943395932264692,1.0,1.0,1.0,517.5,461.25,50.625,8270.0,1.0776692831762016,1.0823790524186674,572.1909088590098,40.13548556223948,10.0,11.0,2.0,1.3977764534968176,1.3155138537984727,1.277830811017059,1.041098816965832,0.20534339772557977,40274.0,0.5049648000276648,641438.0,0.15943395932264692,102267.0,641438.0,16943.389888528673,0.026414696180345837,14571.0,379.0,188.0,161.0,1.3003792446384306,0.9793089345578948,1.5368307006363715,1.0833170011531426,1.095196155483881,314.0,3.367737667999237,1.0,0.20534339772557977,8270.0,40274.0,1149.1463197058367,0.028533205534732996,1024.0,35.0,8.0,46.0,0.9977820028190283,0.9876985260415828,1.3733109325142712,1.064279416811202,1.068482693437551,23.0,3.791628718273941,1.0,517.5,461.25,50.625,1.0,1.6448718781897016,1.3003792446384306,1.3977764534968176,0.9977820028190283,1.0927168949235355,1.095196155483881,1.0823790524186674,1.068482693437551,0.15943395932264692,0.15943395932264692,0.20534339772557977,0.20534339772557977,15407.258720724487,16943.389888528673,572.1909088590098,1149.1463197058367
maplesdr,20060412_59100_0200_PP,train,20060412_59100_0200_PP,R1,p5_e4_gt_maples_preannot,5,68352,933.75,478.125,75.9375,1.0,4.959527015686035,4.535947799682617,1.0,904.2316988488265,6.279624699964188,642169.0,68352.0,1.1332682504207383,1.107611470884865,11582.722215136415,65.90584166431954,5.0,83.0,100.0,1.5987517743793347,1.5524453206492863,1.528546686424854,0.7214352986380843,0.10643927065928128,1.0,1.0,1.0,933.75,478.125,75.9375,10715.0,1.112244638583761,1.0904519856902735,1580.9717882377527,50.12971231683092,13.0,23.0,8.0,1.3574469346603466,1.2848243264524115,1.2432689559562629,1.0011403903517995,0.11829452742909505,90579.0,0.5385091000352986,642169.0,0.10643927065928128,68352.0,642169.0,13335.50518655621,0.020766348401365077,11478.0,265.0,124.0,131.0,1.238927013584713,0.9833034626530811,1.4527333526148802,1.1136368460040391,1.2080519268643484,207.0,2.845504981281566,1.0,0.11829452742909505,10715.0,90579.0,1869.221571599808,0.020636367939586526,1599.0,46.0,14.0,47.0,1.0051068274506836,0.993575340210016,1.2640991139821611,1.083753388730647,1.0956534321169957,36.0,3.1022883851856515,1.0,933.75,478.125,75.9375,1.0,1.5987517743793347,1.238927013584713,1.3574469346603466,1.0051068274506836,1.107611470884865,1.2080519268643484,1.0904519856902735,1.0956534321169957,0.10643927065928128,0.10643927065928128,0.11829452742909505,0.11829452742909505,11582.722215136415,13335.50518655621,1580.9717882377527,1869.221571599808
maplesdr,20060412_59400_0200_PP,test,20060412_59400_0200_PP,R1,p5_e4_gt_maples_preannot,5,77014,916.875,495.0,64.6875,1.0,4.249053955078125,2.9030303955078125,1.0,903.9641221730183,6.699702900019474,641789.0,77014.0,1.1139482163624255,1.0985078754739492,12125.677625983244,97.71567356354846,5.0,86.0,109.0,1.6156009691979485,1.5776531292489253,1.5591845983978163,0.6151462735243574,0.11999894046174055,1.0,1.0,1.0,916.875,495.0,64.6875,10417.0,1.087758552126628,1.0925383914856137,1281.337228564847,76.83442633517174,15.0,21.0,8.0,1.382714536203134,1.303900200912181,1.2661086426117716,0.9907773241241284,0.15847443445453577,65733.0,0.5342598999850452,641789.0,0.11999894046174055,77014.0,641789.0,14140.259587276261,0.02203256769323915,12188.0,309.0,147.0,156.0,1.248151220549581,0.9827615167183954,1.4713302504067993,1.08710943423651,1.088086867990992,236.0,3.021315566878226,1.0,0.15847443445453577,10417.0,65733.0,1540.9301576774099,0.023442261233739672,1320.0,38.0,11.0,43.0,0.9989133371226757,0.9892585448871256,1.3232478601597537,1.0840760212218037,1.0848033201860043,31.0,3.590882719983231,1.0,916.875,495.0,64.6875,1.0,1.6156009691979485,1.248151220549581,1.382714536203134,0.9989133371226757,1.0985078754739492,1.088086867990992,1.0925383914856137,1.0848033201860043,0.11999894046174055,0.11999894046174055,0.15847443445453577,0.15847443445453577,12125.677625983244,14140.259587276261,1281.337228564847,1540.9301576774099
maplesdr,20060412_59636_0200_PP,test,20060412_59636_0200_PP,R1,p5_e4_gt_maples_preannot,5,74462,956.25,492.1875,81.5625,1.0,5.289901256561279,3.4825174808502197,1.0,903.9690519331116,5.082644799957052,641796.0,74462.0,1.1318603138634462,1.093259886482533,11531.829862874743,74.23927693172499,2.0,64.0,96.0,1.576563882422252,1.5478030018033084,1.5333716935945674,0.6246512493655672,0.11602129025422409,1.0,1.0,1.0,956.25,492.1875,81.5625,12597.0,1.0802215652474485,1.0774461769089805,1501.3027406794404,78.81307827761992,12.0,16.0,7.0,1.3478998253531542,1.2907196904290603,1.2613702859006872,0.8360844891374535,0.13137749780985358,95884.0,0.5013851000112481,641796.0,0.11602129025422409,74462.0,641796.0,12736.231016576516,0.019844671853013286,10937.0,263.0,129.0,118.0,1.231686392690092,0.983937039770803,1.4639131591255736,1.0821435762767402,1.0935746832763804,197.0,3.2400248406598915,1.0,0.13137749780985358,12597.0,95884.0,1906.7484835343887,0.019885992277485175,1627.0,34.0,9.0,41.0,1.0282058700649461,0.9926862866992736,1.3247319617912563,1.0687240086423178,1.0734954079974004,32.0,3.5147061960899,1.0,956.25,492.1875,81.5625,1.0,1.576563882422252,1.231686392690092,1.3478998253531542,1.0282058700649461,1.093259886482533,1.0935746832763804,1.0774461769089805,1.0734954079974004,0.11602129025422409,0.11602129025422409,0.13137749780985358,0.13137749780985358,11531.829862874743,12736.231016576516,1501.3027406794404,1906.7484835343887
maplesdr,20060412_59717_0200_PP,train,20060412_59717_0200_PP,R1,p5_e4_gt_maples_preannot,5,63863,947.8125,475.3125,87.1875,1.0,7.186148166656494,3.883561611175537,1.0,903.9077801482055,5.381885899987537,641709.0,63863.0,1.1147290219403292,1.0986396093683504,9576.662115144094,105.30876451360089,6.0,62.0,70.0,1.5760985933967784,1.5284782683916747,1.5043766095535756,0.6881119010848626,0.09952018749931822,1.0,1.0,1.0,947.8125,475.3125,87.1875,10599.0,1.1079691188505079,1.084674917870529,1190.9108216936538,,11.0,15.0,5.0,1.3130588663487504,1.2526087268629489,1.2245446240856628,0.7914063472042774,0.09818798288032905,107946.0,0.50723329995526,641709.0,0.09952018749931822,63863.0,641709.0,11557.07250356186,0.018009833902223375,9932.0,206.0,97.0,115.0,1.2075307633452748,0.9861505425525969,1.4351539073205863,1.0903824433429787,1.1041767722522824,163.0,3.0577059415514958,1.0,0.09818798288032905,10599.0,107946.0,1784.1677477306457,0.016528335906199818,1539.0,43.0,10.0,53.0,0.9828506074987944,0.9947227317391201,1.2630646478523981,1.0873154764122743,1.100742309766191,31.0,3.1243778487556666,1.0,947.8125,475.3125,87.1875,1.0,1.5760985933967784,1.2075307633452748,1.3130588663487504,0.9828506074987944,1.0986396093683504,1.1041767722522824,1.084674917870529,1.100742309766191,0.09952018749931822,0.09952018749931822,0.09818798288032905,0.09818798288032905,9576.662115144094,11557.07250356186,1190.9108216936538,1784.1677477306457
maplesdr,20060412_60337_0200_PP,train,20060412_60337_0200_PP,R1,p5_e4_gt_maples_preannot,5,73754,967.5,523.125,56.25,1.0,3.7204620838165283,4.189542770385742,1.0,903.7809977502317,6.478416400030255,641529.0,73754.0,1.1263361371626248,1.096386593172297,8862.186935037622,105.40471761562588,9.0,58.0,70.0,1.5926525768059758,1.5581089502728795,1.542142645123525,0.6113414939440738,0.11496596412632944,1.0,1.0,1.0,967.5,523.125,56.25,7233.0,1.0740635349093735,1.0770804835356484,705.3696244092001,,11.0,17.0,6.0,1.3407825514361464,1.2608123698845595,1.2177661047537103,1.0121088473197606,0.14546295551443972,49724.0,0.5283573999768123,641529.0,0.11496596412632944,73754.0,641529.0,12742.544725075502,0.019862772727461273,10980.0,311.0,131.0,202.0,1.2264273643743884,0.9824841602521885,1.4585525160674921,1.092989953045912,1.0994684013457803,216.0,3.1451511574324127,1.0,0.14546295551443972,7233.0,49724.0,1065.7442994522837,0.02143319723779832,927.0,35.0,9.0,43.0,0.981559852494354,0.9947234476275063,1.297382379450176,1.065407774115124,1.0674287603210157,30.0,3.5671357216666864,1.0,967.5,523.125,56.25,1.0,1.5926525768059758,1.2264273643743884,1.3407825514361464,0.981559852494354,1.096386593172297,1.0994684013457803,1.0770804835356484,1.0674287603210157,0.11496596412632944,0.11496596412632944,0.14546295551443972,0.14546295551443972,8862.186935037622,12742.544725075502,705.3696244092001,1065.7442994522837
maplesdr,20060412_60396_0200_PP,train,20060412_60396_0200_PP,R1,p5_e4_gt_maples_preannot,5,72166,500.625,475.3125,70.3125,1.0,3.8485257625579834,3.077380895614624,1.0,903.787337292522,6.543773900019005,641538.0,72166.0,1.1136880392395327,1.0951115938071085,7596.612116419539,90.0,11.0,55.0,65.0,1.5763269832218632,1.541577483242173,1.5251560049205062,0.6732273612912643,0.11248904975231397,1.0,1.0,1.0,500.625,475.3125,70.3125,10546.0,1.1209166200012184,1.0823589408097627,1147.2072862499354,46.68589301311609,13.0,16.0,10.0,1.3740469363775671,1.294701415461817,1.2512355747557402,0.9913449670936303,0.13575336294007853,77685.0,0.5311315999715589,641538.0,0.11248904975231397,72166.0,641538.0,12331.589314228673,0.019221915637466017,10648.0,280.0,125.0,167.0,1.2156146906456071,0.9850609962642265,1.453250856237808,1.0983324145152384,1.0973794467196474,215.0,3.1855073324860372,1.0,0.13575336294007853,10546.0,77685.0,1691.7068529740468,0.021776492926228318,1422.0,57.0,18.0,57.0,1.042981221445438,0.9872317845931856,1.3401403341721814,1.098989957799459,1.0874034987247914,41.0,3.278981570609424,1.0,500.625,475.3125,70.3125,1.0,1.5763269832218632,1.2156146906456071,1.3740469363775671,1.042981221445438,1.0951115938071085,1.0973794467196474,1.0823589408097627,1.0874034987247914,0.11248904975231397,0.11248904975231397,0.13575336294007853,0.13575336294007853,7596.612116419539,12331.589314228673,1147.2072862499354,1691.7068529740468
maplesdr,20060412_60573_0200_PP,train,20060412_60573_0200_PP,R1,p5_e4_gt_maples_preannot,5,78617,548.4375,486.5625,50.625,1.0,5.112311363220215,3.115384817123413,1.0,903.8366433257938,5.930642799998168,641608.0,78617.0,1.136300639140169,1.1072623147001421,13316.826037730138,86.18592516570965,1.0,93.0,97.0,1.612555367603319,1.5677092993309627,1.5453299072526436,0.7318171629565107,0.12253120285283225,1.0,1.0,1.0,548.4375,486.5625,50.625,6169.0,1.1293625425647102,1.0837740040186254,659.2152954766493,,11.0,12.0,4.0,1.3320021084366245,1.2628083879862233,1.236460257010813,0.9414005155482708,0.15320617891024685,40266.0,0.5464208000339568,641608.0,0.12253120285283225,78617.0,641608.0,14489.038374613952,0.022582384219981596,12395.0,276.0,134.0,111.0,1.2582829231368444,0.9806816208578414,1.4762097465075572,1.1018257812164685,1.119507958850113,206.0,3.049176658981263,1.0,0.15320617891024685,6169.0,40266.0,1005.447834896002,0.02497014441205985,884.0,30.0,7.0,36.0,0.9956797868982521,0.9909626979420665,1.3189113731555964,1.0897895164400742,1.1050959707983805,22.0,3.37546988236502,1.0,548.4375,486.5625,50.625,1.0,1.612555367603319,1.2582829231368444,1.3320021084366245,0.9956797868982521,1.1072623147001421,1.119507958850113,1.0837740040186254,1.1050959707983805,0.12253120285283225,0.12253120285283225,0.15320617891024685,0.15320617891024685,13316.826037730138,14489.038374613952,659.2152954766493,1005.447834896002
maplesdr,20060412_60751_0200_PP,test,20060412_60751_0200_PP,R1,p5_e4_gt_maples_preannot,5,74394,922.5,528.75,72.36770564995223,1.0,3.323974609375,3.786163568496704,0.0,904.5963206244029,6.450837400043383,642687.0,74394.0,1.10235324921375,1.094362084135339,12606.49090120634,72.40448971079032,5.0,83.0,97.0,1.6018729127067173,1.5560097880053692,1.528515883974575,0.6966554450487783,0.11575463639376556,1.0,1.0,1.0,922.5,528.75,72.36770564995223,11527.0,1.0903601927478677,1.0860050251517273,1646.6458864299482,53.26010493111109,16.0,24.0,10.0,1.398289008348363,1.3312967063109749,1.2994595539052722,0.8515762005683003,0.1401186395351664,82266.0,0.537815599993337,642687.0,0.11575463639376556,74394.0,642687.0,13906.472790711861,0.02163801786983689,11945.0,266.0,125.0,130.0,1.2476950053779339,0.9836476939165948,1.4658003809480584,1.0817873124693327,1.089738018114579,209.0,2.9760615358451434,1.0,0.1401186395351664,11527.0,82266.0,2009.2215715998082,0.02442347472345572,1744.0,48.0,13.0,54.0,1.0473346976743436,0.9859664515833444,1.3341180143538125,1.091632183651957,1.0929767858760329,38.0,3.0914070259486,1.0,922.5,528.75,72.36770564995223,1.0,1.6018729127067173,1.2476950053779339,1.398289008348363,1.0473346976743436,1.094362084135339,1.089738018114579,1.0860050251517273,1.0929767858760329,0.11575463639376556,0.11575463639376556,0.1401186395351664,0.1401186395351664,12606.49090120634,13906.472790711861,1646.6458864299482,2009.2215715998082
maplesdr,20060412_60895_0200_PP,test,20060412_60895_0200_PP,R1,p5_e4_gt_maples_preannot,5,52922,1004.0625,545.625,61.875,1.0,2.9152045249938965,3.6624205112457275,1.0,904.1148198313136,4.5780037000076845,642003.0,52922.0,1.0997341919821573,1.093926224000218,7063.039389842512,83.59472116375693,1.0,36.0,41.0,1.5202788688147049,1.4889679754419738,1.4753028142518099,0.5984489726331861,0.0824326366076171,1.0,1.0,1.0,1004.0625,545.625,61.875,6394.0,1.1012099528858057,1.0898706290238103,615.9848480983499,,9.0,9.0,5.0,1.2564955436148726,1.197690233495535,1.1744351329816411,0.8013893006711375,0.115623869801085,55300.0,0.4733173999702558,642003.0,0.0824326366076171,52922.0,642003.0,8046.788739928682,0.01253388027770693,6999.0,111.0,53.0,57.0,1.1412728963223033,0.9925155342831544,1.4015310224616457,1.090115181956691,1.097016998339512,85.0,3.5668007166049143,1.0,0.115623869801085,6394.0,55300.0,852.3940110268394,0.015413996582763823,747.0,25.0,7.0,29.0,0.9125620385727371,0.9997606220659835,1.2778683640398114,1.0872484160790956,1.102206913574666,20.0,3.991864598423139,1.0,1004.0625,545.625,61.875,1.0,1.5202788688147049,1.1412728963223033,1.2564955436148726,0.9125620385727371,1.093926224000218,1.097016998339512,1.0898706290238103,1.102206913574666,0.0824326366076171,0.0824326366076171,0.115623869801085,0.115623869801085,7063.039389842512,8046.788739928682,615.9848480983499,852.3940110268394
maplesdr,20060412_60913_0200_PP,train,20060412_60913_0200_PP,R1,p5_e4_gt_maples_preannot,5,18261,534.375,601.875,47.8125,1.0,3.3941099643707275,5.474074363708496,1.0,903.8817207739635,3.9721266999840736,641672.0,18261.0,1.1203436950635142,1.1123484471194436,1673.9423509862308,64.147788314805,4.0,12.0,8.0,1.3868335697227248,1.3541069982688796,1.3419660225578318,0.6253608203876584,0.028458464760812378,1.0,1.0,1.0,534.375,601.875,47.8125,2769.0,1.128388632359696,1.1291441060491216,192.75230867899725,67.38013505195957,2.0,3.0,0.0,1.2007854379559622,1.10774722444307,1.0689207153910747,1.1338190610421601,0.07708153550650002,35923.0,0.4671284000505693,641672.0,0.028458464760812378,18261.0,641672.0,2960.5638507985404,0.004613827392809006,2526.0,55.0,15.0,56.0,1.0274079293554548,0.9955353495080085,1.2625554568814439,1.091427793763807,1.101387932019639,42.0,3.25162932348693,1.0,0.07708153550650002,2769.0,35923.0,415.9604614807103,0.011579223936773384,361.0,17.0,4.0,19.0,0.890561374581625,0.9945160892732959,1.2391539405377607,1.0875966985497196,1.0896020224225322,10.0,3.484386190055344,1.0,534.375,601.875,47.8125,1.0,1.3868335697227248,1.0274079293554548,1.2007854379559622,0.890561374581625,1.1123484471194436,1.101387932019639,1.1291441060491216,1.0896020224225322,0.028458464760812378,0.028458464760812378,0.07708153550650002,0.07708153550650002,1673.9423509862308,2960.5638507985404,192.75230867899725,415.9604614807103
maplesdr,20060412_61000_0200_PP,test,20060412_61000_0200_PP,R1,p5_e4_gt_maples_preannot,5,75322,478.125,483.75,70.3125,1.0,4.283158302307129,3.8965516090393066,1.0,903.9937003303254,6.1007579999859445,641831.0,75322.0,1.126027107124644,1.1054432511046244,11940.604466130322,84.98134952491361,3.0,76.0,92.0,1.588113249784311,1.551417552642311,1.530879552015522,0.6391521899729273,0.11735488002293439,1.0,1.0,1.0,478.125,483.75,70.3125,10368.0,1.0891442563231117,1.0891132668674661,1342.52099474892,57.9234714069014,12.0,19.0,8.0,1.344996865669438,1.263289408868032,1.22403034925486,0.9466612676269968,0.13348611450863257,77671.0,0.5180358000216074,641831.0,0.11735488002293439,75322.0,641831.0,13168.159948764649,0.020516553343114696,11368.0,242.0,123.0,100.0,1.2454353854966465,0.9835272650755151,1.4757683308668528,1.0945887098240945,1.1033630009141973,192.0,3.1948240922681337,1.0,0.13348611450863257,10368.0,77671.0,1593.1139238614833,0.020511052051106374,1358.0,33.0,9.0,36.0,0.9761989863532827,0.9933527650109835,1.2692551142094477,1.0784312707595753,1.0825693519416861,29.0,3.4725321301727585,1.0,478.125,483.75,70.3125,1.0,1.588113249784311,1.2454353854966465,1.344996865669438,0.9761989863532827,1.1054432511046244,1.1033630009141973,1.0891132668674661,1.0825693519416861,0.11735488002293439,0.11735488002293439,0.13348611450863257,0.13348611450863257,11940.604466130322,13168.159948764649,1342.52099474892,1593.1139238614833
maplesdr,20060412_61081_0200_PP,train,20060412_61081_0200_PP,R1,p5_e4_gt_maples_preannot,5,53428,472.5,461.25,78.75,1.0,3.359625816345215,4.312883377075195,1.0,904.0774998542645,6.7799544999725185,641950.0,53428.0,1.1230898342595559,1.112157238348794,6356.794657114343,70.96148879300662,10.0,30.0,31.0,1.5199946272864884,1.4873906153674155,1.4748221666994052,0.6473589139150058,0.08322766570605188,1.0,1.0,1.0,472.5,461.25,78.75,9840.0,1.0806031241111718,1.0796691275336332,1361.4133470105953,47.08552060205585,15.0,17.0,2.0,1.3178188450158088,1.2651174371314027,1.2395055039867868,0.7752207648087608,0.10463632496809869,94040.0,0.5526026000152342,641950.0,0.08322766570605188,53428.0,641950.0,9240.025463430142,0.014393684030578927,8013.0,147.0,58.0,105.0,1.1579612462056141,0.9882140234311294,1.3911118108319303,1.1039867989192536,1.1285851017270543,102.0,3.142522645749103,1.0,0.10463632496809869,9840.0,94040.0,1660.6631303726513,0.01765911452969642,1469.0,28.0,4.0,44.0,0.9929582513042032,0.9933537053814185,1.2779925703182435,1.079216925146519,1.081492740895717,24.0,3.116626646891794,1.0,472.5,461.25,78.75,1.0,1.5199946272864884,1.1579612462056141,1.3178188450158088,0.9929582513042032,1.112157238348794,1.1285851017270543,1.0796691275336332,1.081492740895717,0.08322766570605188,0.08322766570605188,0.10463632496809869,0.10463632496809869,6356.794657114343,9240.025463430142,1361.4133470105953,1660.6631303726513
maplesdr,20060412_61251_0200_PP,train,20060412_61251_0200_PP,R1,p5_e4_gt_maples_preannot,5,67773,478.125,503.4375,72.36044247010929,1.0,3.939283847808838,3.9261741638183594,0.0,904.505530876366,6.644928299996536,642558.0,67773.0,1.1174035446320343,1.0972533611337347,10716.416515864148,83.04013470971033,4.0,71.0,73.0,1.5703077542251178,1.5321267886922698,1.5163907074722711,0.6279615350466721,0.10547374711699177,1.0,1.0,1.0,478.125,503.4375,72.36044247010929,10045.0,1.107569166060493,1.0783127955532503,1414.312841947207,107.85622325731426,18.0,21.0,3.0,1.3595482715273444,1.2964791751639655,1.2659892445311804,0.8745212308575008,0.12212468997714342,82252.0,0.6833280000137165,642558.0,0.10547374711699177,67773.0,642558.0,12210.878636110023,0.01900354308266339,10523.0,203.0,101.0,90.0,1.2303393421309874,0.9854123236435293,1.4512905573453228,1.0902890857994134,1.1002250048721405,167.0,3.0908040322143946,1.0,0.12212468997714342,10045.0,82252.0,1749.7758287448592,0.02127335297311748,1548.0,39.0,9.0,48.0,1.0023369825612438,0.994767958331355,1.2736376975407608,1.0804997043341114,1.0767348677091848,28.0,3.055610993597648,1.0,478.125,503.4375,72.36044247010929,1.0,1.5703077542251178,1.2303393421309874,1.3595482715273444,1.0023369825612438,1.0972533611337347,1.1002250048721405,1.0783127955532503,1.0767348677091848,0.10547374711699177,0.10547374711699177,0.12212468997714342,0.12212468997714342,10716.416515864148,12210.878636110023,1414.312841947207,1749.7758287448592
maplesdr,20060412_61299_0200_PP,train,20060412_61299_0200_PP,R1,p5_e4_gt_maples_preannot,5,76652,930.9375,472.5,61.875,1.0,8.110607147216797,2.5117645263671875,1.0,903.9746859117275,7.102553800039459,641804.0,76652.0,1.1220838103974078,1.0959077573109393,12954.164999398534,,8.0,89.0,107.0,1.6187574618685547,1.5748860577245316,1.5508703951013774,0.6894606861027046,0.11943210076596593,1.0,1.0,1.0,930.9375,472.5,61.875,7935.0,1.1025072825185613,1.0870047595546033,1127.359523141433,170.18556951872284,13.0,20.0,8.0,1.3417229818662013,1.2570732900587727,1.2160784792921564,0.9351502991582257,0.13196846726982436,60128.0,0.5638192999758758,641804.0,0.11943210076596593,76652.0,641804.0,14618.20785544815,0.022776747816230736,12609.0,298.0,144.0,143.0,1.2664545090761505,0.9824206855533104,1.481076427191874,1.0935712465788974,1.106586495125078,232.0,2.925081023717217,1.0,0.13196846726982436,7935.0,60128.0,1383.35447250755,0.02300682664494994,1220.0,38.0,10.0,43.0,0.974561000245177,0.9968928501375276,1.276116275653886,1.0769771382532485,1.079238195514811,31.0,3.0669917487674017,1.0,930.9375,472.5,61.875,1.0,1.6187574618685547,1.2664545090761505,1.3417229818662013,0.974561000245177,1.0959077573109393,1.106586495125078,1.0870047595546033,1.079238195514811,0.11943210076596593,0.11943210076596593,0.13196846726982436,0.13196846726982436,12954.164999398534,14618.20785544815,1127.359523141433,1383.35447250755
maplesdr,20060412_61365_0200_PP,train,20060412_61365_0200_PP,R0,p5_e4_gt_maples_preannot,5,83527,967.5,509.0625,81.5625,1.0,3.780348300933838,3.4331209659576416,1.0,904.1324230593808,5.87006729998393,642028.0,83527.0,1.1028117003829156,1.0921750395429166,12210.201579324992,76.44623590226836,6.0,97.0,113.0,1.6103795774220657,1.5725056775818749,1.5543640682650939,0.6425173039365162,0.13009868728466673,1.0,1.0,1.0,967.5,509.0625,81.5625,13187.0,1.0845344535468042,1.0813480350658744,1260.0062761231584,49.199762475634905,13.0,17.0,14.0,1.356986108013362,1.2829721280489101,1.2484987231363576,0.8772869516162758,0.1436367201115371,91808.0,0.5356524999951944,642028.0,0.13009868728466673,83527.0,642028.0,14226.364276421755,0.02215847949999339,12142.0,327.0,151.0,174.0,1.2609479244459407,0.981393435136674,1.4882530051790845,1.0891976527576295,1.089632032827928,250.0,3.26501365632748,1.0,0.1436367201115371,13187.0,91808.0,1986.4591616530445,0.021637103102703954,1691.0,67.0,22.0,65.0,1.0260562475113708,0.9918179320200269,1.3366141756446226,1.1226500265006372,1.2348052560423957,50.0,3.5596684773077096,1.0,967.5,509.0625,81.5625,1.0,1.6103795774220657,1.2609479244459407,1.356986108013362,1.0260562475113708,1.0921750395429166,1.089632032827928,1.0813480350658744,1.2348052560423957,0.13009868728466673,0.13009868728466673,0.1436367201115371,0.1436367201115371,12210.201579324992,14226.364276421755,1260.0062761231584,1986.4591616530445
maplesdr,20060412_61433_0200_PP,train,20060412_61433_0200_PP,R1,p5_e4_gt_maples_preannot,5,75015,964.6875,464.0625,59.0625,1.0,3.69150710105896,2.367816209793091,1.0,903.7697273430265,5.498346600041259,641513.0,75015.0,1.1203649273338467,1.108380253586166,6977.287081163513,83.49144390546125,11.0,42.0,55.0,1.569933750271197,1.5323944146160482,1.5146408486671492,0.6384705982261758,0.11693449704058997,1.0,1.0,1.0,964.6875,464.0625,59.0625,7651.0,1.0888464512875045,1.0814712604780194,572.4751801064718,,9.0,12.0,3.0,1.299616698904324,1.2177239584824378,1.1810872058104092,1.0250012359302278,0.1396422704873152,54790.0,0.5258742999867536,641513.0,0.11693449704058997,75015.0,641513.0,10881.970773009198,0.016962977793137782,9524.0,267.0,109.0,192.0,1.191958721028916,0.9844450217189051,1.4569535229530932,1.1009387475061694,1.1047048054463857,176.0,3.6698292331435223,1.0,0.1396422704873152,7651.0,54790.0,1001.447834896002,0.018277930916152617,884.0,28.0,5.0,41.0,0.944119951356968,0.9948441340269968,1.2884777981473088,1.082387275120526,1.0812857575469226,22.0,3.8963352600228034,1.0,964.6875,464.0625,59.0625,1.0,1.569933750271197,1.191958721028916,1.299616698904324,0.944119951356968,1.108380253586166,1.1047048054463857,1.0814712604780194,1.0812857575469226,0.11693449704058997,0.11693449704058997,0.1396422704873152,0.1396422704873152,6977.287081163513,10881.970773009198,572.4751801064718,1001.447834896002
maplesdr,20060412_61501_0200_PP,train,20060412_61501_0200_PP,R1,p5_e4_gt_maples_preannot,5,70684,950.625,562.5,72.31589027730162,1.0,3.5442168712615967,4.8053693771362305,0.0,903.9486284662703,6.361158499959856,641767.0,70684.0,1.1302156340183709,1.108046942585083,8786.550283323664,106.58135813810651,3.0,56.0,83.0,1.5542022532642366,1.5257890730612382,1.5155009466227631,0.6244339943510311,0.11013966127893768,1.0,1.0,1.0,950.625,562.5,72.31589027730162,14443.0,1.147641265050043,1.1240649082947516,1301.1707063234767,,7.0,17.0,20.0,1.3595105634380882,1.3050376714146452,1.281038299150087,0.7709582890689128,0.1790913374500905,80646.0,0.6844375999644399,641767.0,0.11013966127893768,70684.0,641767.0,10666.931234489904,0.0166211899871603,9216.0,270.0,121.0,150.0,1.1978944643801077,0.9871595573578179,1.4550062320359558,1.0967178727502427,1.1037181905048021,193.0,3.799149217288497,1.0,0.1790913374500905,14443.0,80646.0,1874.912913734707,0.023248678344055588,1631.0,88.0,34.0,59.0,1.0717646434316725,0.9967461772355528,1.4045067924204484,1.0996590122034222,1.1099553942014628,52.0,4.929272601562462,1.0,950.625,562.5,72.31589027730162,1.0,1.5542022532642366,1.1978944643801077,1.3595105634380882,1.0717646434316725,1.108046942585083,1.1037181905048021,1.1240649082947516,1.1099553942014628,0.11013966127893768,0.11013966127893768,0.1790913374500905,0.1790913374500905,8786.550283323664,10666.931234489904,1301.1707063234767,1874.912913734707
maplesdr,20060412_61593_0200_PP,test,20060412_61593_0200_PP,R1,p5_e4_gt_maples_preannot,5,90905,905.625,500.625,67.5,1.0,7.292365550994873,2.5029239654541016,1.0,903.8077644040818,7.355892200022936,641567.0,90905.0,1.1130039518257546,1.0965248934245626,13980.723440625694,82.34725123926754,5.0,103.0,126.0,1.6257824173832278,1.5911605516895158,1.5711812960303495,0.6761218018882624,0.14169213815548493,1.0,1.0,1.0,905.625,500.625,67.5,12578.0,1.1071069111579046,1.0874557942384007,1411.6093065034886,77.19815946089557,13.0,21.0,9.0,1.394319515365089,1.324785011145171,1.2927900156869778,0.9588172489922202,0.17578578116920324,71553.0,0.6413322999724187,641567.0,0.14169213815548493,90905.0,641567.0,15490.84241512106,0.024145322959443143,13418.0,332.0,162.0,136.0,1.2670374784312812,0.983881210451936,1.5027303388179238,1.0894804040262334,1.1009169755628174,258.0,3.257908148107092,1.0,0.17578578116920324,12578.0,71553.0,1801.5697679841992,0.025178116472883025,1562.0,50.0,15.0,49.0,1.0190672027088117,0.992288853296002,1.3370731593856806,1.0854039310352828,1.0980780443205334,35.0,3.758236862759575,1.0,905.625,500.625,67.5,1.0,1.6257824173832278,1.2670374784312812,1.394319515365089,1.0190672027088117,1.0965248934245626,1.1009169755628174,1.0874557942384007,1.0980780443205334,0.14169213815548493,0.14169213815548493,0.17578578116920324,0.17578578116920324,13980.723440625694,15490.84241512106,1411.6093065034886,1801.5697679841992
maplesdr,20060412_61790_0200_PP,test,20060412_61790_0200_PP,R1,p5_e4_gt_maples_preannot,5,79740,953.4375,534.375,101.25,1.0,3.6885733604431152,4.283018589019775,1.0,904.3626417308244,6.345995399984531,642355.0,79740.0,1.104255517835827,1.1031680138055624,10625.781956191238,93.36243340684592,4.0,72.0,97.0,1.5744653396628152,1.531405288477254,1.5095721138923255,0.7248658447729142,0.12413696476247557,1.0,1.0,1.0,953.4375,534.375,101.25,13667.0,,,0.0,,0.0,0.0,0.0,1.3112476067781942,1.243307977420964,1.210856725914312,0.825858947407031,0.11778139731292606,116037.0,0.7441081000142731,642355.0,0.12413696476247557,79740.0,642355.0,12445.854249492379,0.019375352024180365,10788.0,295.0,144.0,146.0,1.2178852235895086,0.9856581382715944,1.4706497640908407,1.0845792208739975,1.088736918100586,216.0,3.532886916646414,1.0,0.11778139731292606,13667.0,116037.0,2109.8073580374344,0.018182194972615928,1847.0,61.0,19.0,65.0,1.0020040714673666,0.9958872368803721,1.297623126455872,1.082812785876986,1.085672988007117,47.0,3.5006656723671647,1.0,953.4375,534.375,101.25,1.0,1.5744653396628152,1.2178852235895086,1.3112476067781942,1.0020040714673666,1.1031680138055624,1.088736918100586,,1.085672988007117,0.12413696476247557,0.12413696476247557,0.11778139731292606,0.11778139731292606,10625.781956191238,12445.854249492379,0.0,2109.8073580374344
maplesdr,20060412_63032_0200_PP,train,20060412_63032_0200_PP,R1,p5_e4_gt_maples_preannot,5,62058,472.5,489.375,70.3125,1.0,9.42802906036377,3.8782052993774414,1.0,903.8521389521753,5.305551600002218,641630.0,62058.0,1.1003534554562162,1.0932798900740366,9633.368609180645,90.96659653102935,5.0,56.0,72.0,1.5439754974832065,1.500796107610001,1.4793280300157603,0.6968116594819218,0.09671929305051198,1.0,1.0,1.0,472.5,489.375,70.3125,8605.0,1.0819194873418274,1.0814812252193893,1162.1707063234762,49.53543328366156,12.0,17.0,7.0,1.3122069540574153,1.2280454821465987,1.1815183614023808,1.004069729595336,0.11077212224196081,77682.0,0.5217420000117272,641630.0,0.09671929305051198,62058.0,641630.0,10703.674308452915,0.016682004127694956,9327.0,193.0,93.0,98.0,1.1948425846272228,0.9864564499799907,1.427513348387273,1.080417960025015,1.0874619393106075,148.0,3.180420558919518,1.0,0.11077929099194192,8606.0,77686.0,1398.579869251966,0.018002984698040396,1214.0,33.0,10.0,36.0,0.9794898855808337,0.9910959862013782,1.2758678385381914,1.075960345401445,1.0761569446687673,27.0,3.2736537468256692,1.0,472.5,489.375,70.3125,1.0,1.5439754974832065,1.1948425846272228,1.3122069540574153,0.9794898855808337,1.0932798900740366,1.0874619393106075,1.0814812252193893,1.0761569446687673,0.09671929305051198,0.09671929305051198,0.11077212224196081,0.11077929099194192,9633.368609180645,10703.674308452915,1162.1707063234762,1398.579869251966
maplesdr,20060522_45248_0100_PP,train,20060522_45248_0100_PP,R1,p5_e4_gt_maples_preannot,5,178139,835.625,735.0,91.875,1.0,5.849757671356201,3.1310346126556396,1.0,1380.3739577396047,13.041090899962,1496523.0,178139.0,1.1065880648988127,1.093458395257665,19777.686712022463,97.99512583451968,8.0,99.0,110.0,1.5817217600203723,1.5405303484213906,1.517562657805839,0.7196484644161143,0.11903525705919656,1.0,1.0,1.0,835.625,735.0,91.875,17062.0,1.0930572155982774,1.0871469241261078,1499.7220048756967,,14.0,19.0,5.0,1.295922156827753,1.2344982660713828,1.208392177908585,0.7589609145409997,0.12870570131104506,132566.0,1.1653232999960892,1496523.0,0.11903525705919656,178139.0,1496523.0,22172.96925016637,0.014816323738536842,19048.0,306.0,147.0,159.0,1.2325330743510527,0.9796747179069789,1.502234313083154,1.0859984839129753,1.089841490474501,255.0,4.36181007387706,1.0,0.12870570131104506,17062.0,132566.0,1800.3149339882596,0.01358051788534209,1576.0,34.0,7.0,44.0,0.9824392735365497,0.9947196689184813,1.3331031819004875,1.0848371327873882,1.0847696782246685,29.0,5.015124323760515,1.0,835.625,735.0,91.875,1.0,1.5817217600203723,1.2325330743510527,1.295922156827753,0.9824392735365497,1.093458395257665,1.089841490474501,1.0871469241261078,1.0847696782246685,0.11903525705919656,0.11903525705919656,0.12870570131104506,0.12870570131104506,19777.686712022463,22172.96925016637,1499.7220048756967,1800.3149339882596
maplesdr,20060522_45583_0100_PP,train,20060522_45583_0100_PP,R4A,p5_e4_gt_maples_preannot,5,214086,840.0,765.625,87.5,1.0,8.516626358032227,2.0058481693267822,1.0,1379.5541731061908,16.849873400002252,1494746.0,214086.0,1.1185568327120383,1.0977339386093514,19897.907924684765,99.14885298579385,4.0,116.0,176.0,1.586144933262441,1.5535420812519447,1.5352779361275415,0.6092540569934262,0.14322567178637707,1.0,1.0,1.0,840.0,765.625,87.5,22370.0,1.100268780055621,1.0920474583051323,1921.0012254892752,80.77917595936209,12.0,26.0,17.0,1.3697010482395864,1.3091456036426685,1.2843563954313382,0.7027613795281784,0.18599043857825817,120275.0,1.3946959000313655,1494746.0,0.14322567178637707,214086.0,1494746.0,24347.52978343457,0.016288740550859188,21072.0,576.0,281.0,285.0,1.262801701940838,0.9825400364759174,1.5445085642166412,1.0947271704726715,1.098008999142947,422.0,4.879362679432617,1.0,0.18599043857825817,22370.0,120275.0,2446.015510839148,0.020336857292364566,2139.0,76.0,31.0,59.0,1.0589202850539263,0.9888126414924852,1.4153712410427384,1.087502572466898,1.0898157394831436,50.0,5.091565530802724,1.0,840.0,765.625,87.5,1.0,1.586144933262441,1.262801701940838,1.3697010482395864,1.0589202850539263,1.0977339386093514,1.098008999142947,1.0920474583051323,1.0898157394831436,0.14322567178637707,0.14322567178637707,0.18599043857825817,0.18599043857825817,19897.907924684765,24347.52978343457,1921.0012254892752,2446.015510839148
maplesdr,20060522_45967_0100_PP,train,20060522_45967_0100_PP,R1,p5_e4_gt_maples_preannot,5,172586,844.375,796.25,105.0,1.0,4.1920928955078125,3.0129871368408203,1.0,1382.4735594475264,16.721196200000122,1501079.0,172586.0,1.1079880314946686,1.0884688849525548,18653.104750729446,69.5145377807605,10.0,78.0,87.0,1.5699374504112027,1.5300678849146683,1.507055681618841,0.6673247751722569,0.11497462825074496,1.0,1.0,1.0,844.375,796.25,105.0,21402.0,,,0.0,,0.0,0.0,0.0,1.3532770862888985,1.2897234363463508,1.257668273515294,0.8150037522479974,0.12358025903235306,173183.0,1.2696023999596946,1501079.0,0.11497462825074496,172586.0,1501079.0,20946.439020701466,0.013954254919762028,18144.0,242.0,114.0,133.0,1.224321400392154,0.9815173547905703,1.4996589471229715,1.0892030336199816,1.0972482951744906,200.0,4.453838206593293,1.0,0.12358025903235306,21402.0,173183.0,2438.613490585594,0.014081136662291297,2129.0,39.0,8.0,54.0,1.0009986144579317,0.9938277763671988,1.3425629991313244,1.0879900899641384,1.0872746301502692,32.0,4.612003344920076,1.0,844.375,796.25,105.0,1.0,1.5699374504112027,1.224321400392154,1.3532770862888985,1.0009986144579317,1.0884688849525548,1.0972482951744906,,1.0872746301502692,0.11497462825074496,0.11497462825074496,0.12358025903235306,0.12358025903235306,18653.104750729446,20946.439020701466,0.0,2438.613490585594
maplesdr,20060523_43016_0100_PP,train,20060523_43016_0100_PP,R1,p5_e4_gt_maples_preannot,5,168984,1443.75,721.875,96.25,1.0,6.786984443664551,2.5062501430511475,1.0,1380.1438028962334,17.125605100009125,1496024.0,168984.0,1.0976827781589897,1.0925505573186558,21276.877620881474,79.89496363496204,12.0,118.0,123.0,1.5944268538959905,1.555752691527193,1.534039607585722,0.6369061510696978,0.11295540713250589,1.0,1.0,1.0,1443.75,721.875,96.25,17644.0,1.0898147645968395,1.0891805359719275,1847.7169542418135,79.37367349750888,13.0,21.0,9.0,1.314028873995163,1.236323535139857,1.1987760192611698,0.9480437605147789,0.1212604377856431,145505.0,1.2266945999581367,1496024.0,0.11295540713250589,168984.0,1496024.0,23252.814921233818,0.015543076127945686,20138.0,316.0,147.0,155.0,1.2469620806236903,0.9814041313558823,1.495791901886223,1.0805387327382796,1.0869382359011899,262.0,3.941379146868601,1.0,0.1212604377856431,17644.0,145505.0,2223.836795288958,0.015283576477021119,1962.0,36.0,9.0,45.0,1.0281667566829298,0.9931165603585366,1.3492643189890556,1.0814942799217522,1.0829532190167659,34.0,4.161035209740303,1.0,1443.75,721.875,96.25,1.0,1.5944268538959905,1.2469620806236903,1.314028873995163,1.0281667566829298,1.0925505573186558,1.0869382359011899,1.0891805359719275,1.0829532190167659,0.11295540713250589,0.11295540713250589,0.1212604377856431,0.1212604377856431,21276.877620881474,23252.814921233818,1847.7169542418135,2223.836795288958
maplesdr,20060523_43038_0100_PP,train,20060523_43038_0100_PP,R1,p5_e4_gt_maples_preannot,5,169566,813.75,708.75,96.25,1.0,6.056487560272217,2.638709783554077,1.0,1379.7202914978132,12.945432199980132,1495106.0,169566.0,1.1094623184300987,1.0926271193992805,20706.785125044793,88.70087926515677,8.0,102.0,123.0,1.5856557791401475,1.5433312625712592,1.5208691763406543,0.6886586083134467,0.11341403218233356,1.0,1.0,1.0,813.75,708.75,96.25,19879.0,1.0867112574493119,1.087355765085509,1799.3199846221437,65.30909545112439,13.0,20.0,9.0,1.3369594218707417,1.2845325739514282,1.2596690591947808,0.764564156080854,0.13663106382393775,145494.0,1.161921200051438,1495106.0,0.11341403218233356,169566.0,1495106.0,22609.36203570393,0.015122246874605498,19596.0,341.0,162.0,160.0,1.2427983800468525,0.980518717680954,1.4995525130827925,1.083121320906018,1.0910630436921354,272.0,4.1199728787115015,1.0,0.13663106382393775,19879.0,145494.0,2381.174890405582,0.016366138056590526,2090.0,53.0,16.0,52.0,1.0031871088020807,0.9960552489631731,1.3334306402236904,1.0929612993969562,1.0855856672913753,41.0,4.5626749175765715,1.0,813.75,708.75,96.25,1.0,1.5856557791401475,1.2427983800468525,1.3369594218707417,1.0031871088020807,1.0926271193992805,1.0910630436921354,1.087355765085509,1.0855856672913753,0.11341403218233356,0.11341403218233356,0.13663106382393775,0.13663106382393775,20706.785125044793,22609.36203570393,1799.3199846221437,2381.174890405582
maplesdr,20060523_43267_0100_PP,test,20060523_43267_0100_PP,R1,p5_e4_gt_maples_preannot,5,151257,805.0,765.625,91.875,1.0,5.453797340393066,2.7232706546783447,1.0,1380.5731790415985,15.368044299946632,1496955.0,151257.0,1.1087575871342648,1.0895948143000533,17948.548401543343,84.74456635756758,7.0,72.0,81.0,1.549289623072376,1.5125262655697003,1.4942050556191677,0.6372507058037211,0.10104311752858303,1.0,1.0,1.0,805.0,765.625,91.875,20355.0,1.0835431174137728,1.082311745970046,1934.1849916733488,71.45650426209949,12.0,21.0,14.0,1.3516107487504665,1.280529410288882,1.2453535633210002,0.9674007543297862,0.15354615814009626,132566.0,1.258958199992776,1496955.0,0.10104311752858303,151257.0,1496955.0,19048.86124349055,0.012725072726628758,16358.0,212.0,105.0,94.0,1.2008935008839607,0.9834589969945496,1.4684135889003749,1.085919147285614,1.093880015051049,176.0,4.329147559751429,1.0,0.15354615814009626,20355.0,132566.0,2288.6896090313435,0.01726452943463138,1997.0,50.0,16.0,46.0,1.0264169118053932,0.9946774119896695,1.3692266447239527,1.0815607973219734,1.0759864031306114,39.0,4.869788423213963,1.0,805.0,765.625,91.875,1.0,1.549289623072376,1.2008935008839607,1.3516107487504665,1.0264169118053932,1.0895948143000533,1.093880015051049,1.082311745970046,1.0759864031306114,0.10104311752858303,0.10104311752858303,0.15354615814009626,0.15354615814009626,17948.548401543343,19048.86124349055,1934.1849916733488,2288.6896090313435
maplesdr,20060523_45235_0100_PP,train,20060523_45235_0100_PP,R1,p5_e4_gt_maples_preannot,5,158192,853.125,704.375,113.75,1.0,7.190378189086914,3.183098554611206,1.0,1379.2878805084142,12.671575799991842,1494169.0,158192.0,1.110044047170581,1.0905893212162825,12106.398405369677,85.99456973529718,13.0,43.0,52.0,1.5454316869606577,1.510799239854355,1.4927245879572744,0.6252566110214997,0.1058728965732792,1.0,1.0,1.0,853.125,704.375,113.75,28896.0,,,0.0,,0.0,0.0,0.0,1.350042317214286,1.299891639452548,1.2762362258449966,0.7131002640832078,0.14217393871405798,203244.0,1.1693429999868385,1494169.0,0.1058728965732792,158192.0,1494169.0,17270.350350009398,0.011558498637041323,14883.0,194.0,80.0,142.0,1.184850322516425,0.9828399224529422,1.4768531571493901,1.095983492659395,1.1046455754825575,160.0,4.872587711307982,1.0,0.14217393871405798,28896.0,203244.0,3024.887660565289,0.0148830354675429,2645.0,51.0,15.0,54.0,1.014080042606704,0.9951758472239881,1.3626515963206463,1.0936262313122909,1.1005095112201877,44.0,5.093360772005313,1.0,853.125,704.375,113.75,1.0,1.5454316869606577,1.184850322516425,1.350042317214286,1.014080042606704,1.0905893212162825,1.1046455754825575,,1.1005095112201877,0.1058728965732792,0.1058728965732792,0.14217393871405798,0.14217393871405798,12106.398405369677,17270.350350009398,0.0,3024.887660565289
maplesdr,20060523_45369_0100_PP,test,20060523_45369_0100_PP,R1,p5_e4_gt_maples_preannot,5,165957,1618.75,682.5,91.875,1.0,6.448171615600586,3.375,1.0,1381.222754376555,13.13695449999068,1498364.0,165957.0,1.1124367961953436,1.0984351882202086,18471.730075686362,88.55115976802541,3.0,89.0,110.0,1.559273717760894,1.5282810685193906,1.5129651812627445,0.5916640377719304,0.11075880093221674,1.0,1.0,1.0,1618.75,682.5,91.875,17880.0,1.0970695428995543,1.0946362515725294,1501.7220048756967,85.32583628886923,11.0,18.0,10.0,1.3074622254695702,1.2400369517704266,1.2091428085527742,0.9531070218030633,0.1783986031429284,100225.0,1.3136478000087664,1498364.0,0.11075880093221674,165957.0,1498364.0,20105.471416545814,0.01341828248446026,17387.0,256.0,131.0,110.0,1.219365189125035,0.9835434879551213,1.4932014485654859,1.095632645470576,1.103288254134162,230.0,4.504042045603406,1.0,0.1783986031429284,17880.0,100225.0,1995.221571599808,0.019907424011971143,1723.0,44.0,15.0,43.0,1.0238890573810464,0.9948746114657447,1.3979400605968724,1.094296196115954,1.0898603564766116,38.0,4.821727125931044,1.0,1618.75,682.5,91.875,1.0,1.559273717760894,1.219365189125035,1.3074622254695702,1.0238890573810464,1.0984351882202086,1.103288254134162,1.0946362515725294,1.0898603564766116,0.11075880093221674,0.11075880093221674,0.1783986031429284,0.1783986031429284,18471.730075686362,20105.471416545814,1501.7220048756967,1995.221571599808
maplesdr,20060523_45389_0100_PP,train,20060523_45389_0100_PP,R1,p5_e4_gt_maples_preannot,5,176700,800.625,721.875,96.25,1.0,6.814305305480957,4.2582783699035645,1.0,1382.899450122963,12.017976699979044,1502004.0,176700.0,1.1167960246144797,1.100583325485097,17418.76247153071,85.91404304476252,4.0,74.0,98.0,1.5531492902714383,1.5210040508002944,1.5080242688671934,0.5863204962598123,0.11764282918021524,1.0,1.0,1.0,800.625,721.875,96.25,23049.0,1.1055426952122551,1.0938498750569172,2035.7362902255693,90.35957805827255,15.0,21.0,8.0,1.3785929610132892,1.312906729963781,1.2812996835736072,0.8484357701863059,0.15838080382604156,145529.0,1.1719096000306308,1502004.0,0.11764282918021524,176700.0,1502004.0,19693.351575498666,0.013111384240986486,17032.0,249.0,125.0,117.0,1.2160454382538068,0.9841558323719973,1.5059056341492183,1.1007866010549139,1.116089445318211,211.0,4.8753746099175865,1.0,0.15838080382604156,23049.0,145529.0,2414.655121145937,0.01659226079438419,2094.0,47.0,13.0,52.0,1.0123222504655667,0.9932834489430857,1.3806744347858129,1.0929377022558675,1.0986951797307423,37.0,5.131453162804923,1.0,800.625,721.875,96.25,1.0,1.5531492902714383,1.2160454382538068,1.3785929610132892,1.0123222504655667,1.100583325485097,1.116089445318211,1.0938498750569172,1.0986951797307423,0.11764282918021524,0.11764282918021524,0.15838080382604156,0.15838080382604156,17418.76247153071,19693.351575498666,2035.7362902255693,2414.655121145937
maplesdr,20060523_48199_0100_PP,train,20060523_48199_0100_PP,R2,p5_e4_gt_maples_preannot,5,142773,822.5,721.875,109.375,1.0,5.263252258300781,3.325443983078003,1.0,1379.1249413153623,15.737259999965318,1493816.0,142773.0,1.1215699368061445,1.104387923230481,8622.110816591889,90.0,10.0,24.0,28.0,1.4972655738886715,1.4641295715423501,1.452179520731415,0.6107595081760191,0.09557602810520172,1.0,1.0,1.0,822.5,721.875,109.375,21185.0,,,0.0,,0.0,0.0,0.0,1.2830797756166767,1.2302335339222081,1.2094741003714262,0.7717918792066847,0.11274134150754625,187908.0,1.5831527999835089,1493816.0,0.09557602810520172,142773.0,1493816.0,13742.410957616,0.00919953391690543,11715.0,162.0,58.0,144.0,1.1537384836244469,0.9855516175510507,1.469233945957572,1.1074236910222306,1.1178927698321797,116.0,5.409533709828498,1.0,0.11274134150754625,21185.0,187908.0,1770.6063479106579,0.009422729995054271,1493.0,24.0,5.0,33.0,0.9747576897878271,0.9945478707306564,1.3716295219410146,1.0940720917684563,1.10209099763914,23.0,6.270390585868766,1.0,822.5,721.875,109.375,1.0,1.4972655738886715,1.1537384836244469,1.2830797756166767,0.9747576897878271,1.104387923230481,1.1178927698321797,,1.10209099763914,0.09557602810520172,0.09557602810520172,0.11274134150754625,0.11274134150754625,8622.110816591889,13742.410957616,0.0,1770.6063479106579
maplesdr,20060523_48425_0100_PP,train,20060523_48425_0100_PP,R1,p5_e4_gt_maples_preannot,5,154379,739.375,691.25,91.875,1.0,10.234231948852539,3.6418919563293457,1.0,1378.209723873851,15.08931719994871,1491834.0,154379.0,1.0991802420747339,1.0877351332556073,14341.129644961362,90.0,3.0,61.0,71.0,1.5260368641216884,1.4896447708032148,1.4726067592580223,0.6218202671785684,0.10348269311464948,1.0,1.0,1.0,739.375,691.25,91.875,20095.0,1.09509715291456,1.0706040453940169,1465.4377336282348,119.21409425853346,12.0,16.0,4.0,1.329434500579535,1.260341064468276,1.2300856279515193,0.898869442359185,0.15154600301659124,132600.0,1.3830726000014693,1491834.0,0.10348269311464948,154379.0,1491834.0,16004.81716195165,0.010728282879966303,13813.0,188.0,90.0,103.0,1.169072853259168,0.9848607745730401,1.4716635550226103,1.0852120207064229,1.090433591456417,158.0,5.193283174585614,1.0,0.15154600301659124,20095.0,132600.0,1873.71190360793,0.014130557342442911,1631.0,33.0,8.0,42.0,0.9801605923192241,0.9929397905065418,1.364127626926621,1.0634914976149707,1.0647022139852147,27.0,5.571104093117828,1.0,739.375,691.25,91.875,1.0,1.5260368641216884,1.169072853259168,1.329434500579535,0.9801605923192241,1.0877351332556073,1.090433591456417,1.0706040453940169,1.0647022139852147,0.10348269311464948,0.10348269311464948,0.15154600301659124,0.15154600301659124,14341.129644961362,16004.81716195165,1465.4377336282348,1873.71190360793
maplesdr,20060523_49010_0100_PP,test,20060523_49010_0100_PP,R1,p5_e4_gt_maples_preannot,5,177991,883.75,748.125,91.875,1.0,7.207682132720947,3.549669027328491,1.0,1381.8780133717198,16.724944999965373,1499786.0,177991.0,1.1218223441697661,1.097017105079529,20023.686712022456,86.21548276244475,8.0,101.0,111.0,1.5770784941553557,1.5347371053625398,1.5135667033009512,0.6787403844163731,0.11867759800398191,1.0,1.0,1.0,883.75,748.125,91.875,20500.0,1.1725697273349522,1.0956289270459176,1713.0083681642116,,14.0,16.0,4.0,1.3486178990475741,1.2909997475813046,1.2668689848611085,0.7981016737188047,0.15460962954024376,132592.0,1.2850723000010476,1499786.0,0.11867759800398191,177991.0,1499786.0,21819.81282919276,0.014548617488890256,18769.0,283.0,143.0,128.0,1.2275339696577474,0.981314848856936,1.5000603032596174,1.095323182201517,1.1076283677644894,235.0,4.454200054141695,1.0,0.15460962954024376,20500.0,132592.0,2134.826694021191,0.016100720209523887,1815.0,29.0,5.0,43.0,0.9922515261001157,0.9910504323454161,1.376283493456807,1.1041040041857466,1.1072410497489493,26.0,4.983658585437422,1.0,883.75,748.125,91.875,1.0,1.5770784941553557,1.2275339696577474,1.3486178990475741,0.9922515261001157,1.097017105079529,1.1076283677644894,1.0956289270459176,1.1072410497489493,0.11867759800398191,0.11867759800398191,0.15460962954024376,0.15460962954024376,20023.686712022456,21819.81282919276,1713.0083681642116,2134.826694021191
maplesdr,20060523_49681_0100_PP,train,20060523_49681_0100_PP,R0,p5_e4_gt_maples_preannot,5,149548,818.125,682.5,70.0,1.0,3.461437940597534,3.5,1.0,1378.7809979461113,11.307020500011276,1493071.0,149548.0,1.1148007296369735,1.1018901337329887,12594.660382040553,89.3163407064524,5.0,45.0,58.0,1.5021148606190946,1.464020202460129,1.446918526318377,0.6185889568545064,0.1001613453077583,1.0,1.0,1.0,818.125,682.5,70.0,14728.0,1.1387387283322543,1.095272117820733,1157.295598004504,40.11881527480964,11.0,15.0,6.0,1.3166031115087868,1.2539443251465006,1.2262610454985186,0.8000152150169699,0.19135225028583308,76968.0,1.1745234999689274,1493071.0,0.1001613453077583,149548.0,1493071.0,14233.360092339666,0.009532942567593681,12289.0,169.0,79.0,95.0,1.16059350624662,0.987646141673947,1.4777685238645035,1.092437158461548,1.1069089219954686,130.0,5.632263065765283,1.0,0.19135225028583308,14728.0,76968.0,1397.6753236814707,0.01815917425009706,1186.0,30.0,9.0,33.0,0.993506032688359,0.9949455062215248,1.3982247606345681,1.085449817420417,1.0824540454530682,24.0,5.706903899042536,1.0,818.125,682.5,70.0,1.0,1.5021148606190946,1.16059350624662,1.3166031115087868,0.993506032688359,1.1018901337329887,1.1069089219954686,1.095272117820733,1.0824540454530682,0.1001613453077583,0.1001613453077583,0.19135225028583308,0.19135225028583308,12594.660382040553,14233.360092339666,1157.295598004504,1397.6753236814707
maplesdr,20060523_49859_0100_PP,train,20060523_49859_0100_PP,R1,p5_e4_gt_maples_preannot,5,196958,1456.875,708.75,105.0,1.0,9.27253532409668,3.7066667079925537,1.0,1379.779350995128,15.984532100032084,1495234.0,196958.0,1.1050541777329819,1.0906951982198323,20009.44407133534,84.7192909955819,7.0,113.0,137.0,1.5866747443223719,1.5455165409419707,1.5237733580198405,0.6694307404477398,0.13172386395707963,1.0,1.0,1.0,1456.875,708.75,105.0,25837.0,,,0.0,,0.0,0.0,0.0,1.3523504643469613,1.2836537331323976,1.2485483279450231,0.8984161896444072,0.14918900815899944,173183.0,1.2983419999945909,1495234.0,0.13172386395707963,196958.0,1495234.0,23154.73584419524,0.015485693773814157,19925.0,365.0,173.0,196.0,1.2453197142221157,0.9797415096593378,1.5235729676131364,1.0860046399602852,1.0923870977935248,300.0,4.637228600782418,1.0,0.14918900815899944,25837.0,173183.0,2847.7455249415584,0.016443562733880108,2479.0,68.0,20.0,67.0,1.0271220683150795,0.991698499578156,1.3827782739918206,1.0920059143068002,1.0968234894625866,54.0,4.930508150858353,1.0,1456.875,708.75,105.0,1.0,1.5866747443223719,1.2453197142221157,1.3523504643469613,1.0271220683150795,1.0906951982198323,1.0923870977935248,,1.0968234894625866,0.13172386395707963,0.13172386395707963,0.14918900815899944,0.14918900815899944,20009.44407133534,23154.73584419524,0.0,2847.7455249415584
maplesdr,20060523_50408_0100_PP,train,20060523_50408_0100_PP,R1,p5_e4_gt_maples_preannot,5,168053,743.75,708.75,105.0,1.0,7.9548444747924805,4.311110973358154,1.0,1379.898385112135,11.152499399962835,1495492.0,168053.0,1.1111004802318218,1.0955144211126435,15610.714564847212,100.54603401309022,4.0,66.0,73.0,1.540107484891593,1.5075698105970512,1.4947671519126149,0.5612472183017152,0.11237305181171146,1.0,1.0,1.0,743.75,708.75,105.0,26669.0,,,0.0,,0.0,0.0,0.0,1.3540960636244799,1.3001347262792007,1.2722825400877098,0.8367252293816763,0.15399228566149298,173184.0,1.1711072999751195,1495492.0,0.11237305181171146,168053.0,1495492.0,17630.421417821257,0.011789044286309293,15214.0,221.0,108.0,115.0,1.1905667585522728,0.9835628788016513,1.4888028253541392,1.0946882300611858,1.103681774301939,170.0,5.116107748324808,1.0,0.15399228566149298,26669.0,173184.0,2627.8510806388304,0.015173752082402707,2283.0,32.0,7.0,43.0,0.9891653049798266,0.9953122143879389,1.366147631801341,1.0871140278990206,1.0915909195726905,30.0,5.311387084998447,1.0,743.75,708.75,105.0,1.0,1.540107484891593,1.1905667585522728,1.3540960636244799,0.9891653049798266,1.0955144211126435,1.103681774301939,,1.0915909195726905,0.11237305181171146,0.11237305181171146,0.15399228566149298,0.15399228566149298,15610.714564847212,17630.421417821257,0.0,2627.8510806388304
maplesdr,20060523_50489_0100_PP,train,20060523_50489_0100_PP,R4A,p5_e4_gt_maples_preannot,5,138595,813.75,678.125,70.0,1.0,3.7153303623199463,3.0849673748016357,1.0,1380.0538521962299,13.249886300007347,1495829.0,138595.0,1.108811351716411,1.089801703601051,10469.281522915364,88.4720911363564,3.0,36.0,41.0,1.5005651783471152,1.4631033927932098,1.4435362812050652,0.654855731539038,0.09265430741080699,1.0,1.0,1.0,813.75,678.125,70.0,10170.0,1.0926108724750203,1.0806900156876686,684.7371567773471,,7.0,9.0,5.0,1.2613396441162097,1.2014988655758196,1.1680764540941517,0.7586787520928837,0.13214485258767428,76961.0,1.4658624000148848,1495829.0,0.09265430741080699,138595.0,1495829.0,14307.048475881733,0.00956462836051563,12320.0,178.0,70.0,136.0,1.1523307217266783,0.9842087530747322,1.4547559130646874,1.1007846391096563,1.1141175649950104,141.0,5.1220939951619116,1.0,0.13214485258767428,10170.0,76961.0,965.6316010800754,0.01254702513065157,832.0,25.0,6.0,32.0,0.8723013133660379,0.9956208251601238,1.2892105238811136,1.062779655003439,1.0694873714523818,22.0,5.59683871945093,1.0,813.75,678.125,70.0,1.0,1.5005651783471152,1.1523307217266783,1.2613396441162097,0.8723013133660379,1.089801703601051,1.1141175649950104,1.0806900156876686,1.0694873714523818,0.09265430741080699,0.09265430741080699,0.13214485258767428,0.13214485258767428,10469.281522915364,14307.048475881733,684.7371567773471,965.6316010800754
maplesdr,20060529_56338_0100_PP,test,20060529_56338_0100_PP,R1,p5_e4_gt_maples_preannot,5,158046,831.25,721.875,100.625,1.0,7.1838297843933105,4.342857360839844,1.0,1380.6718567246885,14.997151299961843,1497169.0,158046.0,1.1191521474999075,1.0948764028908715,14491.874810965417,82.37244064847111,9.0,73.0,76.0,1.5474116957939985,1.5163749737699017,1.5020879549511823,0.545661729266431,0.10556323300843125,1.0,1.0,1.0,831.25,721.875,100.625,22209.0,,,0.0,,0.0,0.0,0.0,1.3205163418310293,1.2593243078970031,1.2296662817335762,0.8321291137231763,0.13964323664966896,159041.0,1.262394800025504,1497169.0,0.10556323300843125,158046.0,1497169.0,18574.141330655897,0.012406175475618248,16036.0,268.0,123.0,152.0,1.203122688963746,0.983837654789571,1.4828223673837777,1.090143261023996,1.092908244547732,208.0,4.567003592950113,1.0,0.13964323664966896,22209.0,159041.0,2142.7779207859116,0.013473116496915334,1872.0,39.0,9.0,48.0,0.9765484599895683,0.9955107581411559,1.3548918806819006,1.0867205731278233,1.0868634635834804,32.0,5.376169397141989,1.0,831.25,721.875,100.625,1.0,1.5474116957939985,1.203122688963746,1.3205163418310293,0.9765484599895683,1.0948764028908715,1.092908244547732,,1.0868634635834804,0.10556323300843125,0.10556323300843125,0.13964323664966896,0.13964323664966896,14491.874810965417,18574.141330655897,0.0,2142.7779207859116
maplesdr,20060530_36860_0100_PP,train,20060530_36860_0100_PP,R3,p5_e4_gt_maples_preannot,5,149953,1465.625,691.25,100.625,1.0,6.902477741241455,3.9800000190734863,1.0,1382.385602434599,10.21928099996876,1500888.0,149953.0,1.1023420004689017,1.0967020815646187,16941.791908782237,82.79817970311566,2.0,80.0,94.0,1.5483117779098148,1.5020876044477929,1.4773158422414314,0.6760176019946988,0.0999095202306901,1.0,1.0,1.0,1465.625,691.25,100.625,18567.0,,,0.0,,0.0,0.0,0.0,1.2809512139067492,1.2209069826350913,1.1927609894445605,0.7801769008632853,0.11671045849414782,159086.0,1.1667818000423722,1500888.0,0.0999095202306901,149953.0,1500888.0,19107.96679918782,0.012731107717023403,16447.0,235.0,118.0,103.0,1.2077317377769985,0.9836094194378682,1.4703170075052097,1.0895748800778078,1.0948201426720734,208.0,4.327851625813592,1.0,0.11671045849414782,18567.0,159086.0,1985.9545442950493,0.012483528055863178,1741.0,35.0,10.0,40.0,0.9695398256610892,0.9977351204609682,1.327479985785224,1.0832102170492346,1.0792671441986925,32.0,5.046348037970338,1.0,1465.625,691.25,100.625,1.0,1.5483117779098148,1.2077317377769985,1.2809512139067492,0.9695398256610892,1.0967020815646187,1.0948201426720734,,1.0792671441986925,0.0999095202306901,0.0999095202306901,0.11671045849414782,0.11671045849414782,16941.791908782237,19107.96679918782,0.0,1985.9545442950493
maplesdr,20060530_36895_0100_PP,train,20060530_36895_0100_PP,R1,p5_e4_gt_maples_preannot,5,143625,857.5,691.25,91.875,1.0,9.878632545471191,3.957446813583374,1.0,1382.089454699371,16.73335750005208,1500245.0,143625.0,1.1146289871649147,1.0948959187065457,16971.750278221894,78.9994739318968,5.0,68.0,76.0,1.554315779523433,1.5143959748004154,1.494246009060195,0.6696090328363,0.0957343633873134,1.0,1.0,1.0,857.5,691.25,91.875,17291.0,1.0843773275070039,1.0796691275336332,1753.1677477306453,49.62657070937153,17.0,18.0,5.0,1.3768943595073233,1.3182395203362167,1.2872402177369735,0.7760913356312154,0.1303977315575934,132602.0,1.209337799984496,1500245.0,0.0957343633873134,143625.0,1500245.0,19558.145514738015,0.013036634359546617,16864.0,203.0,100.0,97.0,1.216011388590214,0.9834472930296358,1.467595906093218,1.0866921007180714,1.0975870360292468,172.0,4.007037986419725,1.0,0.1303977315575934,17291.0,132602.0,2130.0571413994903,0.016063537061277285,1821.0,31.0,6.0,44.0,1.0005385496108286,0.991192620000724,1.3316922111360574,1.083202530113973,1.085807654635411,29.0,4.272518325913649,1.0,857.5,691.25,91.875,1.0,1.554315779523433,1.216011388590214,1.3768943595073233,1.0005385496108286,1.0948959187065457,1.0975870360292468,1.0796691275336332,1.085807654635411,0.0957343633873134,0.0957343633873134,0.1303977315575934,0.1303977315575934,16971.750278221894,19558.145514738015,1753.1677477306453,2130.0571413994903
maplesdr,20060530_53062_0100_PP,train,20060530_53062_0100_PP,R0,p5_e4_gt_maples_preannot,5,144905,822.5,700.0,109.375,1.0,8.577290534973145,3.570469856262207,1.0,1378.724666158119,10.34439859999111,1492949.0,144905.0,1.0954758321528117,1.087561570428564,15376.223366287313,75.54401474073819,4.0,58.0,68.0,1.5351570904634604,1.4956800258140936,1.4778173840979203,0.6320561098917061,0.09705957805658465,1.0,1.0,1.0,822.5,700.0,109.375,21406.0,,,0.0,,0.0,0.0,0.0,1.3159882909247418,1.2420410452070823,1.2048183836908177,0.8796801137544186,0.11391138688151214,187918.0,1.1155077999574132,1492949.0,0.09705957805658465,144905.0,1492949.0,17417.663191956606,0.011666616335827015,14829.0,205.0,97.0,104.0,1.1953483260540911,0.9851669212898274,1.4688210420762406,1.0844895931069094,1.0920810369555396,160.0,4.484470584642059,1.0,0.11391138688151214,21406.0,187918.0,2298.917097816812,0.012233618375125386,1923.0,28.0,5.0,41.0,0.9909651423397132,0.9949646582197181,1.3326756704429281,1.0704707637178876,1.0742245642522577,26.0,4.82907135310401,1.0,822.5,700.0,109.375,1.0,1.5351570904634604,1.1953483260540911,1.3159882909247418,0.9909651423397132,1.087561570428564,1.0920810369555396,,1.0742245642522577,0.09705957805658465,0.09705957805658465,0.11391138688151214,0.11391138688151214,15376.223366287313,17417.663191956606,0.0,2298.917097816812
maplesdr,20060530_53233_0100_PP,train,20060530_53233_0100_PP,R1,p5_e4_gt_maples_preannot,5,182913,1487.5,686.875,113.75,1.0,5.603770732879639,2.1524391174316406,1.0,1379.962050308722,12.10969670000486,1495630.0,182913.0,1.1212804264893206,1.0944609468217685,20010.53952576485,90.54783916002089,5.0,106.0,111.0,1.5733712265033082,1.534802431141705,1.5140300918948641,0.6636124959032506,0.12229829570147698,1.0,1.0,1.0,1487.5,686.875,113.75,24698.0,,,0.0,,0.0,0.0,0.0,1.323010134807376,1.2522933416655995,1.2189774012286279,0.8835975805201117,0.12612925465362715,195815.0,1.3221928999992087,1495630.0,0.12229829570147698,182913.0,1495630.0,21140.73966933984,0.01413500643163071,18152.0,274.0,141.0,110.0,1.2225795167014948,0.9815853848115846,1.5038044623062845,1.0900502526700913,1.1061077153076422,229.0,4.756550885320408,1.0,0.12612925465362715,24698.0,195815.0,2609.679507763576,0.013327270677749794,2261.0,37.0,11.0,41.0,1.0085747893655785,0.99209142351023,1.367009087655443,1.084476898134905,1.0984283997051374,33.0,5.062153232186622,1.0,1487.5,686.875,113.75,1.0,1.5733712265033082,1.2225795167014948,1.323010134807376,1.0085747893655785,1.0944609468217685,1.1061077153076422,,1.0984283997051374,0.12229829570147698,0.12229829570147698,0.12612925465362715,0.12612925465362715,20010.53952576485,21140.73966933984,0.0,2609.679507763576
maplesdr,20060530_53522_0100_PP,train,20060530_53522_0100_PP,R1,p5_e4_gt_maples_preannot,5,136822,1474.375,726.25,78.75,1.0,6.121747016906738,2.611842155456543,1.0,1381.6135510125446,10.896020899992436,1499212.0,136822.0,1.1179436947948476,1.0999539284533875,15151.62416105159,90.82513033463145,4.0,69.0,77.0,1.5199620242920486,1.4795166983715016,1.4598291915098172,0.650781356053739,0.09126260995776447,1.0,1.0,1.0,1474.375,726.25,78.75,11735.0,1.0872216796826815,1.0802436119793404,985.7442994522834,45.40866482099016,11.0,14.0,4.0,1.2705685577675656,1.238426492754473,1.2218986139220458,0.6771610333515388,0.12048502022628801,97398.0,1.1927601000061259,1499212.0,0.09126260995776447,136822.0,1499212.0,16819.64263048357,0.011218988795769757,14518.0,210.0,101.0,99.0,1.178672120560004,0.9858644010955963,1.4488382044075945,1.0900739549361236,1.1021094894038337,173.0,4.449148105851085,1.0,0.12048502022628801,11735.0,97398.0,1241.165655689593,0.012743235545797583,1059.0,25.0,5.0,35.0,0.933182651329164,0.9968997498572869,1.3206852576072918,1.0827473318581136,1.076595827141732,22.0,4.934409110508945,1.0,1474.375,726.25,78.75,1.0,1.5199620242920486,1.178672120560004,1.2705685577675656,0.933182651329164,1.0999539284533875,1.1021094894038337,1.0802436119793404,1.076595827141732,0.09126260995776447,0.09126260995776447,0.12048502022628801,0.12048502022628801,15151.62416105159,16819.64263048357,985.7442994522834,1241.165655689593
maplesdr,20060530_53540_0100_PP,train,20060530_53540_0100_PP,R1,p5_e4_gt_maples_preannot,5,134335,844.375,669.375,91.875,1.0,6.249810218811035,3.8843536376953125,1.0,1381.3642465866094,13.292254599975422,1498671.0,134335.0,1.1336610415120323,1.096198559149932,14285.357133746837,83.25627841322996,6.0,54.0,56.0,1.5200630196265819,1.4826610004975949,1.4630324181316732,0.5722564812890438,0.08963608423730092,1.0,1.0,1.0,844.375,669.375,91.875,15924.0,1.0842123057350144,1.0784197331880807,1394.4671708797573,,13.0,16.0,3.0,1.3054584029203264,1.2506779745650771,1.2190901371779275,0.762365571962031,0.12012129807039512,132566.0,1.6166751999990083,1498671.0,0.08963608423730092,134335.0,1498671.0,16195.899556520568,0.01080684123234557,13818.0,159.0,75.0,83.0,1.1754271918254109,0.9841320810802282,1.4497335979035268,1.0925101855016877,1.103670201514523,132.0,4.520486443299357,1.0,0.12012129807039512,15924.0,132566.0,1666.8174593052017,0.012573491387725372,1454.0,23.0,4.0,34.0,0.9553992517269796,0.997305465005896,1.3074236530216323,1.0801016933616554,1.0791631726729518,22.0,5.022536026371826,1.0,844.375,669.375,91.875,1.0,1.5200630196265819,1.1754271918254109,1.3054584029203264,0.9553992517269796,1.096198559149932,1.103670201514523,1.0784197331880807,1.0791631726729518,0.08963608423730092,0.08963608423730092,0.12012129807039512,0.12012129807039512,14285.357133746837,16195.899556520568,1394.4671708797573,1666.8174593052017
maplesdr,20060530_53954_0100_PP,train,20060530_53954_0100_PP,R0,p5_e4_gt_maples_preannot,5,120258,848.75,735.0,126.875,1.0,8.105332374572754,3.679487466812134,1.0,1382.324351575642,13.001744200009853,1500755.0,120258.0,1.1019018289160634,1.0892613619409506,10802.715072461488,63.814385524341,10.0,51.0,53.0,1.4577721566238615,1.4325002035222176,1.4226264722790272,0.5536196191449649,0.08013166706091267,1.0,1.0,1.0,848.75,735.0,126.875,20797.0,,,0.0,,0.0,0.0,0.0,1.2275435723345367,1.1768067258018813,1.1514123484213037,0.7306783683713616,0.082246767987155,252861.0,1.4439875000389293,1500755.0,0.08013166706091267,120258.0,1500755.0,13086.22091530876,0.008719758331845478,11252.0,153.0,67.0,96.0,1.1461925842270582,0.9889848748761864,1.438064427142644,1.0884707833642149,1.0990817272536866,126.0,4.91253329401834,1.0,0.08224384070866453,20797.0,252870.0,2029.8590898655443,0.00802728314891266,1807.0,41.0,14.0,37.0,0.9698883166808379,0.993415863382693,1.328612990651111,1.0857503628557612,1.0810671529710913,32.0,5.434175268724841,1.0,848.75,735.0,126.875,1.0,1.4577721566238615,1.1461925842270582,1.2275435723345367,0.9698883166808379,1.0892613619409506,1.0990817272536866,,1.0810671529710913,0.08013166706091267,0.08013166706091267,0.082246767987155,0.08224384070866453,10802.715072461488,13086.22091530876,0.0,2029.8590898655443
maplesdr,20060530_54117_0100_PP,train,20060530_54117_0100_PP,R1,p5_e4_gt_maples_preannot,5,176879,800.625,726.25,70.0,1.0,4.507420539855957,2.816901445388794,1.0,1379.3224968379398,11.75598999997601,1494244.0,176879.0,1.1129189313077825,1.094010524121091,16133.093423972397,80.20754812647374,6.0,73.0,89.0,1.5565497157913148,1.5187831705303416,1.4991871283429785,0.6242012900840059,0.11837357218767484,1.0,1.0,1.0,800.625,726.25,70.0,14310.0,1.103207641497648,1.087960855469187,1069.7270555095802,73.57891318493334,11.0,14.0,5.0,1.3118482816611714,1.2471643462036046,1.2222316618033324,0.9000400276927409,0.18589243959469992,76980.0,1.2091627000481822,1494244.0,0.11837357218767484,176879.0,1494244.0,19707.049193756728,0.013188642011449755,16881.0,264.0,127.0,144.0,1.2158728388304263,0.982739782056978,1.504098405030342,1.0871940389228725,1.0979235243724625,223.0,4.839134671153919,1.0,0.18589243959469992,14310.0,76980.0,1351.0773439350241,0.01755101771804396,1154.0,32.0,9.0,36.0,0.9793836546026171,0.9955014365673498,1.3803589674955667,1.0816832955742142,1.0887348485844237,27.0,5.6089286104134,1.0,800.625,726.25,70.0,1.0,1.5565497157913148,1.2158728388304263,1.3118482816611714,0.9793836546026171,1.094010524121091,1.0979235243724625,1.087960855469187,1.0887348485844237,0.11837357218767484,0.11837357218767484,0.18589243959469992,0.18589243959469992,16133.093423972397,19707.049193756728,1069.7270555095802,1351.0773439350241
maplesdr,20060530_54529_0100_PP,train,20060530_54529_0100_PP,R1,p5_e4_gt_maples_preannot,5,168722,1653.75,770.0,96.25,1.0,5.126486778259277,4.388489246368408,1.0,1379.1923349307133,15.108125299972016,1493962.0,168722.0,1.117401392175572,1.0937835703790255,10452.88455329568,97.57123767734888,11.0,70.0,69.0,1.567757891296628,1.526010700342113,1.505758101117851,0.6778542630534712,0.11293593812961776,1.0,1.0,1.0,1653.75,770.0,96.25,14653.0,1.1099943748446153,1.0823117459700455,984.5189027078673,63.97754039931006,8.0,12.0,5.0,1.2646936245139044,1.207135546609611,1.1813419585700276,0.8239351223174187,0.152188363349328,96282.0,1.2509887000196613,1493962.0,0.11293593812961776,168722.0,1493962.0,19749.47350858686,0.013219528681845227,16987.0,308.0,145.0,175.0,1.2115455019328467,0.9824725036414976,1.490948843637417,1.1034599444969801,1.1114442533312954,242.0,4.619906092129287,1.0,0.152188363349328,14653.0,96282.0,1574.5626253092628,0.01635365515163024,1375.0,31.0,8.0,38.0,0.9873828717293391,0.9962163002045729,1.3818857036669292,1.0952319372666541,1.1039258705972355,26.0,4.918992682160448,1.0,1653.75,770.0,96.25,1.0,1.567757891296628,1.2115455019328467,1.2646936245139044,0.9873828717293391,1.0937835703790255,1.1114442533312954,1.0823117459700455,1.1039258705972355,0.11293593812961776,0.11293593812961776,0.152188363349328,0.152188363349328,10452.88455329568,19749.47350858686,984.5189027078673,1574.5626253092628
maplesdr,20060530_55180_0100_PP,train,20060530_55180_0100_PP,R0,p5_e4_gt_maples_preannot,5,181446,1413.125,818.125,135.625,1.0,6.593113422393799,3.87195086479187,1.0,1381.1029125035998,13.269495100015774,1498104.0,181446.0,1.0946057815918806,1.0888747755315642,21246.983535516232,90.0,2.0,115.0,141.0,1.5911686904291276,1.5584470139000226,1.5409283083048249,0.6094508579566922,0.12111709200429342,1.0,1.0,1.0,1413.125,818.125,135.625,35613.0,,,0.0,,0.0,0.0,0.0,1.3867290423798049,1.3233195252299637,1.2897202448370104,0.8477989003004922,0.12646347569485133,281607.0,1.2811012000311166,1498104.0,0.12111709200429342,181446.0,1498104.0,23484.709724474036,0.015676287977653112,19917.0,343.0,171.0,149.0,1.2507343956013606,0.9796968113147078,1.5112174651405001,1.0827344062199056,1.085944028455563,290.0,4.2335922881514785,1.0,0.12646347569485133,35613.0,281607.0,4450.285855674236,0.015803179095953707,3810.0,77.0,30.0,61.0,1.067670993502577,0.9893771206567991,1.3688106563712241,1.0753311067453468,1.0791065682936465,60.0,4.307822516123772,1.0,1413.125,818.125,135.625,1.0,1.5911686904291276,1.2507343956013606,1.3867290423798049,1.067670993502577,1.0888747755315642,1.085944028455563,,1.0791065682936465,0.12111709200429342,0.12111709200429342,0.12646347569485133,0.12646347569485133,21246.983535516232,23484.709724474036,0.0,4450.285855674236
maplesdr,20060530_55390_0100_PP,train,20060530_55390_0100_PP,R1,p5_e4_gt_maples_preannot,5,143462,813.75,673.75,131.25,1.0,4.603386402130127,3.512500286102295,1.0,1380.8051065157701,11.201457599992864,1497458.0,143462.0,1.1118767845339614,1.0972351468235428,17662.776756880587,77.37667420217133,3.0,78.0,89.0,1.5576835038625583,1.5157468200310047,1.4963100375883975,0.6418519986575069,0.09580368865103395,1.0,1.0,1.0,813.75,673.75,131.25,23988.0,,,0.0,,0.0,0.0,0.0,1.3279822487054909,1.2732532641750418,1.2446718874757274,0.7032701334306266,0.0893660775489524,268424.0,1.1172166999895126,1497458.0,0.09580368865103395,143462.0,1497458.0,19926.976033903804,0.013307201960858871,17161.0,233.0,114.0,109.0,1.215116852434436,0.9821799140166116,1.463840098252959,1.0907919544018672,1.0940703437251467,198.0,3.9292558287927735,1.0,0.0893660775489524,23988.0,268424.0,3181.622725301584,0.011852974120427325,2757.0,43.0,12.0,50.0,0.9929756676063273,0.9961246856936734,1.2861677870097605,1.086245670227084,1.087714871740364,39.0,4.044550137191251,1.0,813.75,673.75,131.25,1.0,1.5576835038625583,1.215116852434436,1.3279822487054909,0.9929756676063273,1.0972351468235428,1.0940703437251467,,1.087714871740364,0.09580368865103395,0.09580368865103395,0.0893660775489524,0.0893660775489524,17662.776756880587,19926.976033903804,0.0,3181.622725301584
maplesdr,20060530_55746_0100_PP,train,20060530_55746_0100_PP,R3,p5_e4_gt_maples_preannot,5,160076,826.875,730.625,100.625,1.0,7.269198417663574,3.2287580966949463,1.0,1381.1268817100956,12.823464800021611,1498156.0,160076.0,1.1255912657753817,1.0942809041582064,17767.44789647995,84.76202500183688,4.0,83.0,86.0,1.5589299104240344,1.519579434327117,1.500511593700109,0.650996419591299,0.10684868598463712,1.0,1.0,1.0,826.875,730.625,100.625,20402.0,,,0.0,,0.0,0.0,0.0,1.3272922581323934,1.2562016809396197,1.218137035164573,0.9054829662088923,0.12827170817274744,159053.0,1.2328691000002436,1498156.0,0.10684868598463712,160076.0,1498156.0,19247.240969167513,0.012847287578307942,16524.0,215.0,109.0,97.0,1.2091785482051705,0.983229379982828,1.4841738120305334,1.0946971051458558,1.1046228331317816,189.0,4.521603919200123,1.0,0.12827170817274744,20402.0,159053.0,2250.566809391368,0.014149791637953187,1914.0,32.0,7.0,43.0,0.9831610263600339,0.9969453890884459,1.3218320679402362,1.0788107068731707,1.0783771854927737,30.0,4.798133734614639,1.0,826.875,730.625,100.625,1.0,1.5589299104240344,1.2091785482051705,1.3272922581323934,0.9831610263600339,1.0942809041582064,1.1046228331317816,,1.0783771854927737,0.10684868598463712,0.10684868598463712,0.12827170817274744,0.12827170817274744,17767.44789647995,19247.240969167513,0.0,2250.566809391368
maplesdr,20060530_55837_0100_PP,train,20060530_55837_0100_PP,R1,p5_e4_gt_maples_preannot,5,136884,805.0,651.875,91.875,1.0,7.8376264572143555,3.125786066055298,1.0,1381.222754376555,14.251882799959276,1498364.0,136884.0,1.1150339262535842,1.1046993517150807,9368.757569573609,74.08133529045216,8.0,40.0,48.0,1.5225378171638815,1.4918424348360704,1.4766601893658533,0.5754242001463656,0.0913556385497783,1.0,1.0,1.0,805.0,651.875,91.875,16448.0,1.0969316776146525,1.0926486246448197,1563.5920625607857,46.78991060824607,11.0,19.0,8.0,1.2806522074511428,1.2149371903305901,1.1854996476147073,0.861280207152322,0.12402913719516794,132614.0,1.1825329000130296,1498364.0,0.0913556385497783,136884.0,1498364.0,16333.710739702608,0.010901029883060864,13956.0,188.0,82.0,124.0,1.1763268382873506,0.9856778951384298,1.4521215705036303,1.0922145196104835,1.10677088922648,158.0,4.472759842135167,1.0,0.12402913719516794,16448.0,132614.0,1787.042856049618,0.013475521860811211,1552.0,37.0,13.0,35.0,0.9644043954144597,0.9983690630618962,1.3375591293261229,1.0713038304105797,1.0775219903517852,32.0,4.9855017770592465,1.0,805.0,651.875,91.875,1.0,1.5225378171638815,1.1763268382873506,1.2806522074511428,0.9644043954144597,1.1046993517150807,1.10677088922648,1.0926486246448197,1.0775219903517852,0.0913556385497783,0.0913556385497783,0.12402913719516794,0.12402913719516794,9368.757569573609,16333.710739702608,1563.5920625607857,1787.042856049618
