anchor,kind,stratum,source_dataset,seed,config,reference,biomarker,pipeline,n,sigma,r_pearson,r_spearman,bias_const_sigma,resid_sd_sigma,mae_sigma,d_r,lo,hi,pred_path,gt_path,sigma_source
preannot,fidelity,all,fives,0,baseline,,FD,pvbm,162,0.05863112950581929,0.8257220346165445,0.843714232084464,0.20820850050046094,0.5691718440306573,0.43671449170158244,,,,runs/pivot/e4/maples/e4mp_fives_s0_baseline/bio.csv,results/pivot/e4_gt_maplesdr_preannot.csv,1.4826*MAD of MAPLES-DR's own 162-image network PRE-ANNOTATION-mask biomarkers (results/pivot/e4_gt_maplesdr_preannot.csv); no Gate A train scale exists for this set
preannot,fidelity,all,fives,0,baseline,,FD,skan,162,0.04989361650504784,0.7718846859670988,0.7372082290727263,0.14595877988087153,0.7147068971168525,0.5618263251121357,,,,runs/pivot/e4/maples/e4mp_fives_s0_baseline/bio.csv,results/pivot/e4_gt_maplesdr_preannot.csv,1.4826*MAD of MAPLES-DR's own 162-image network PRE-ANNOTATION-mask biomarkers (results/pivot/e4_gt_maplesdr_preannot.csv); no Gate A train scale exists for this set
preannot,fidelity,all,fives,0,baseline,,tortuosity,pvbm,162,0.0062787696728688735,0.665628984561541,0.626703454895058,-0.7087009840743943,0.8652671799326072,0.8654473480223297,,,,runs/pivot/e4/maples/e4mp_fives_s0_baseline/bio.csv,results/pivot/e4_gt_maplesdr_preannot.csv,1.4826*MAD of MAPLES-DR's own 162-image network PRE-ANNOTATION-mask biomarkers (results/pivot/e4_gt_maplesdr_preannot.csv); no Gate A train scale exists for this set
preannot,fidelity,all,fives,0,baseline,,tortuosity,skan,162,0.009258289494123093,0.3487332907966297,0.6543614452390126,-0.43492034845886013,1.9494459767021202,0.9017806082156642,,,,runs/pivot/e4/maples/e4mp_fives_s0_baseline/bio.csv,results/pivot/e4_gt_maplesdr_preannot.csv,1.4826*MAD of MAPLES-DR's own 162-image network PRE-ANNOTATION-mask biomarkers (results/pivot/e4_gt_maplesdr_preannot.csv); no Gate A train scale exists for this set
preannot,fidelity,all,fives,0,baseline,,density,pvbm,162,0.019181209714760065,0.7048922906963268,0.6590752242926156,0.5984029713131442,0.818421001286154,0.7559679532860901,,,,runs/pivot/e4/maples/e4mp_fives_s0_baseline/bio.csv,results/pivot/e4_gt_maplesdr_preannot.csv,1.4826*MAD of MAPLES-DR's own 162-image network PRE-ANNOTATION-mask biomarkers (results/pivot/e4_gt_maplesdr_preannot.csv); no Gate A train scale exists for this set
preannot,fidelity,all,fives,0,baseline,,density,skan,162,0.019181209714760065,0.7048922906963268,0.6590752242926156,0.5984029713131442,0.818421001286154,0.7559679532860901,,,,runs/pivot/e4/maples/e4mp_fives_s0_baseline/bio.csv,results/pivot/e4_gt_maplesdr_preannot.csv,1.4826*MAD of MAPLES-DR's own 162-image network PRE-ANNOTATION-mask biomarkers (results/pivot/e4_gt_maplesdr_preannot.csv); no Gate A train scale exists for this set
preannot,fidelity,all,fives,0,baseline,,total_length,pvbm,162,3742.5705005907253,0.49831557691805095,0.5189856624905971,0.6071881604039824,1.1116459209987337,0.8428494490102204,,,,runs/pivot/e4/maples/e4mp_fives_s0_baseline/bio.csv,results/pivot/e4_gt_maplesdr_preannot.csv,1.4826*MAD of MAPLES-DR's own 162-image network PRE-ANNOTATION-mask biomarkers (results/pivot/e4_gt_maplesdr_preannot.csv); no Gate A train scale exists for this set
preannot,fidelity,all,fives,0,baseline,,total_length,skan,162,3130.1513354528465,0.797212620601729,0.8236764371733696,0.23883199365395433,0.8320417821656163,0.6591265866090125,,,,runs/pivot/e4/maples/e4mp_fives_s0_baseline/bio.csv,results/pivot/e4_gt_maplesdr_preannot.csv,1.4826*MAD of MAPLES-DR's own 162-image network PRE-ANNOTATION-mask biomarkers (results/pivot/e4_gt_maplesdr_preannot.csv); no Gate A train scale exists for this set
preannot,fidelity,all,fives,0,cfloss,,FD,pvbm,162,0.05863112950581929,0.8248815843109186,0.8411033065607619,0.21708242348099485,0.5690897601006317,0.43952243084696196,,,,runs/pivot/e4/maples/e4mp_fives_s0_cfloss/bio.csv,results/pivot/e4_gt_maplesdr_preannot.csv,1.4826*MAD of MAPLES-DR's own 162-image network PRE-ANNOTATION-mask biomarkers (results/pivot/e4_gt_maplesdr_preannot.csv); no Gate A train scale exists for this set
preannot,fidelity,all,fives,0,cfloss,,FD,skan,162,0.04989361650504784,0.7691438399615055,0.7345154475055783,0.15362569275912616,0.7134049359003626,0.5658454610008196,,,,runs/pivot/e4/maples/e4mp_fives_s0_cfloss/bio.csv,results/pivot/e4_gt_maplesdr_preannot.csv,1.4826*MAD of MAPLES-DR's own 162-image network PRE-ANNOTATION-mask biomarkers (results/pivot/e4_gt_maplesdr_preannot.csv); no Gate A train scale exists for this set
preannot,fidelity,all,fives,0,cfloss,,tortuosity,pvbm,162,0.0062787696728688735,0.677326218628579,0.6419616136684545,-0.6935396640439181,0.8505063686342653,0.8488326916386817,,,,runs/pivot/e4/maples/e4mp_fives_s0_cfloss/bio.csv,results/pivot/e4_gt_maplesdr_preannot.csv,1.4826*MAD of MAPLES-DR's own 162-image network PRE-ANNOTATION-mask biomarkers (results/pivot/e4_gt_maplesdr_preannot.csv); no Gate A train scale exists for this set
preannot,fidelity,all,fives,0,cfloss,,tortuosity,skan,162,0.009258289494123093,0.3454793306006986,0.6422975580084143,-0.40628993574221406,1.9532008990167247,0.9043468689346239,,,,runs/pivot/e4/maples/e4mp_fives_s0_cfloss/bio.csv,results/pivot/e4_gt_maplesdr_preannot.csv,1.4826*MAD of MAPLES-DR's own 162-image network PRE-ANNOTATION-mask biomarkers (results/pivot/e4_gt_maplesdr_preannot.csv); no Gate A train scale exists for this set
preannot,fidelity,all,fives,0,cfloss,,density,pvbm,162,0.019181209714760065,0.7074547309034701,0.6625047102507757,0.5247125177373647,0.8167979744766152,0.7147271061168344,,,,runs/pivot/e4/maples/e4mp_fives_s0_cfloss/bio.csv,results/pivot/e4_gt_maplesdr_preannot.csv,1.4826*MAD of MAPLES-DR's own 162-image network PRE-ANNOTATION-mask biomarkers (results/pivot/e4_gt_maplesdr_preannot.csv); no Gate A train scale exists for this set
preannot,fidelity,all,fives,0,cfloss,,density,skan,162,0.019181209714760065,0.7074547309034701,0.6625047102507757,0.5247125177373647,0.8167979744766152,0.7147271061168344,,,,runs/pivot/e4/maples/e4mp_fives_s0_cfloss/bio.csv,results/pivot/e4_gt_maplesdr_preannot.csv,1.4826*MAD of MAPLES-DR's own 162-image network PRE-ANNOTATION-mask biomarkers (results/pivot/e4_gt_maplesdr_preannot.csv); no Gate A train scale exists for this set
preannot,fidelity,all,fives,0,cfloss,,total_length,pvbm,162,3742.5705005907253,0.4996625787458917,0.5137694566875682,0.6258014417516701,1.1124484368920327,0.8473928586911265,,,,runs/pivot/e4/maples/e4mp_fives_s0_cfloss/bio.csv,results/pivot/e4_gt_maplesdr_preannot.csv,1.4826*MAD of MAPLES-DR's own 162-image network PRE-ANNOTATION-mask biomarkers (results/pivot/e4_gt_maplesdr_preannot.csv); no Gate A train scale exists for this set
preannot,fidelity,all,fives,0,cfloss,,total_length,skan,162,3130.1513354528465,0.7989544689677259,0.8237244217505622,0.2575783395478842,0.8306547803880481,0.6587518135200396,,,,runs/pivot/e4/maples/e4mp_fives_s0_cfloss/bio.csv,results/pivot/e4_gt_maplesdr_preannot.csv,1.4826*MAD of MAPLES-DR's own 162-image network PRE-ANNOTATION-mask biomarkers (results/pivot/e4_gt_maplesdr_preannot.csv); no Gate A train scale exists for this set
preannot,fidelity,all,fives,0,continued,,FD,pvbm,162,0.05863112950581929,0.8237907812732373,0.8385657692139421,0.2437113558100388,0.5691632844155953,0.44251715525574314,,,,runs/pivot/e4/maples/e4mp_fives_s0_continued/bio.csv,results/pivot/e4_gt_maplesdr_preannot.csv,1.4826*MAD of MAPLES-DR's own 162-image network PRE-ANNOTATION-mask biomarkers (results/pivot/e4_gt_maplesdr_preannot.csv); no Gate A train scale exists for this set
preannot,fidelity,all,fives,0,continued,,FD,skan,162,0.04989361650504784,0.7665581710357269,0.7294516633006897,0.17650784742503287,0.7140126734046675,0.5669232955821353,,,,runs/pivot/e4/maples/e4mp_fives_s0_continued/bio.csv,results/pivot/e4_gt_maplesdr_preannot.csv,1.4826*MAD of MAPLES-DR's own 162-image network PRE-ANNOTATION-mask biomarkers (results/pivot/e4_gt_maplesdr_preannot.csv); no Gate A train scale exists for this set
preannot,fidelity,all,fives,0,continued,,tortuosity,pvbm,162,0.0062787696728688735,0.6556368881454102,0.642948575912521,-0.6929138396261588,0.8882914907049841,0.8695715981308153,,,,runs/pivot/e4/maples/e4mp_fives_s0_continued/bio.csv,results/pivot/e4_gt_maplesdr_preannot.csv,1.4826*MAD of MAPLES-DR's own 162-image network PRE-ANNOTATION-mask biomarkers (results/pivot/e4_gt_maplesdr_preannot.csv); no Gate A train scale exists for this set
preannot,fidelity,all,fives,0,continued,,tortuosity,skan,162,0.009258289494123093,0.36181910553591073,0.631472801918254,-0.44504083155132923,1.932655759729824,0.9130820683002857,,,,runs/pivot/e4/maples/e4mp_fives_s0_continued/bio.csv,results/pivot/e4_gt_maplesdr_preannot.csv,1.4826*MAD of MAPLES-DR's own 162-image network PRE-ANNOTATION-mask biomarkers (results/pivot/e4_gt_maplesdr_preannot.csv); no Gate A train scale exists for this set
preannot,fidelity,all,fives,0,continued,,density,pvbm,162,0.019181209714760065,0.7069765520407627,0.6653612039048156,0.7125952088672831,0.814826420182903,0.8295471272245923,,,,runs/pivot/e4/maples/e4mp_fives_s0_continued/bio.csv,results/pivot/e4_gt_maplesdr_preannot.csv,1.4826*MAD of MAPLES-DR's own 162-image network PRE-ANNOTATION-mask biomarkers (results/pivot/e4_gt_maplesdr_preannot.csv); no Gate A train scale exists for this set
preannot,fidelity,all,fives,0,continued,,density,skan,162,0.019181209714760065,0.7069765520407627,0.6653612039048156,0.7125952088672831,0.814826420182903,0.8295471272245923,,,,runs/pivot/e4/maples/e4mp_fives_s0_continued/bio.csv,results/pivot/e4_gt_maplesdr_preannot.csv,1.4826*MAD of MAPLES-DR's own 162-image network PRE-ANNOTATION-mask biomarkers (results/pivot/e4_gt_maplesdr_preannot.csv); no Gate A train scale exists for this set
preannot,fidelity,all,fives,0,continued,,total_length,pvbm,162,3742.5705005907253,0.5026252046036435,0.5180654876573788,0.6559995740664815,1.1134291221293728,0.8561425203129618,,,,runs/pivot/e4/maples/e4mp_fives_s0_continued/bio.csv,results/pivot/e4_gt_maplesdr_preannot.csv,1.4826*MAD of MAPLES-DR's own 162-image network PRE-ANNOTATION-mask biomarkers (results/pivot/e4_gt_maplesdr_preannot.csv); no Gate A train scale exists for this set
preannot,fidelity,all,fives,0,continued,,total_length,skan,162,3130.1513354528465,0.7987566022632947,0.8215312443106523,0.28030638804952607,0.8320808945574678,0.664944561915147,,,,runs/pivot/e4/maples/e4mp_fives_s0_continued/bio.csv,results/pivot/e4_gt_maplesdr_preannot.csv,1.4826*MAD of MAPLES-DR's own 162-image network PRE-ANNOTATION-mask biomarkers (results/pivot/e4_gt_maplesdr_preannot.csv); no Gate A train scale exists for this set
preannot,fidelity,all,fives,0,reliseg,,FD,pvbm,162,0.05863112950581929,0.821599015432192,0.8377641445126107,0.3093652567086549,0.5766058476219449,0.4643157286751777,,,,runs/pivot/e4/maples/e4mp_fives_s0_reliseg/bio.csv,results/pivot/e4_gt_maplesdr_preannot.csv,1.4826*MAD of MAPLES-DR's own 162-image network PRE-ANNOTATION-mask biomarkers (results/pivot/e4_gt_maplesdr_preannot.csv); no Gate A train scale exists for this set
preannot,fidelity,all,fives,0,reliseg,,FD,skan,162,0.04989361650504784,0.7684680923585732,0.7329573600579201,0.2817386124107354,0.7177226419547628,0.5880660761476684,,,,runs/pivot/e4/maples/e4mp_fives_s0_reliseg/bio.csv,results/pivot/e4_gt_maplesdr_preannot.csv,1.4826*MAD of MAPLES-DR's own 162-image network PRE-ANNOTATION-mask biomarkers (results/pivot/e4_gt_maplesdr_preannot.csv); no Gate A train scale exists for this set
preannot,fidelity,all,fives,0,reliseg,,tortuosity,pvbm,162,0.0062787696728688735,0.4932038999111457,0.5151377441576769,-0.03664789075348844,1.151560068000645,0.8387324934114123,,,,runs/pivot/e4/maples/e4mp_fives_s0_reliseg/bio.csv,results/pivot/e4_gt_maplesdr_preannot.csv,1.4826*MAD of MAPLES-DR's own 162-image network PRE-ANNOTATION-mask biomarkers (results/pivot/e4_gt_maplesdr_preannot.csv); no Gate A train scale exists for this set
preannot,fidelity,all,fives,0,reliseg,,tortuosity,skan,162,0.009258289494123093,0.36571709551132014,0.628263480490741,-0.39409747148813457,1.9383222305666508,0.9287461637661636,,,,runs/pivot/e4/maples/e4mp_fives_s0_reliseg/bio.csv,results/pivot/e4_gt_maplesdr_preannot.csv,1.4826*MAD of MAPLES-DR's own 162-image network PRE-ANNOTATION-mask biomarkers (results/pivot/e4_gt_maplesdr_preannot.csv); no Gate A train scale exists for this set
preannot,fidelity,all,fives,0,reliseg,,density,pvbm,162,0.019181209714760065,0.7030381216601199,0.6550304066975179,0.7825576078639472,0.8180749592724269,0.8793428012362757,,,,runs/pivot/e4/maples/e4mp_fives_s0_reliseg/bio.csv,results/pivot/e4_gt_maplesdr_preannot.csv,1.4826*MAD of MAPLES-DR's own 162-image network PRE-ANNOTATION-mask biomarkers (results/pivot/e4_gt_maplesdr_preannot.csv); no Gate A train scale exists for this set
preannot,fidelity,all,fives,0,reliseg,,density,skan,162,0.019181209714760065,0.7030381216601199,0.6550304066975179,0.7825576078639472,0.8180749592724269,0.8793428012362757,,,,runs/pivot/e4/maples/e4mp_fives_s0_reliseg/bio.csv,results/pivot/e4_gt_maplesdr_preannot.csv,1.4826*MAD of MAPLES-DR's own 162-image network PRE-ANNOTATION-mask biomarkers (results/pivot/e4_gt_maplesdr_preannot.csv); no Gate A train scale exists for this set
preannot,fidelity,all,fives,0,reliseg,,total_length,pvbm,162,3742.5705005907253,0.5004131703666352,0.5121746751514689,0.7445987555414925,1.1270178367297192,0.8942328947685163,,,,runs/pivot/e4/maples/e4mp_fives_s0_reliseg/bio.csv,results/pivot/e4_gt_maplesdr_preannot.csv,1.4826*MAD of MAPLES-DR's own 162-image network PRE-ANNOTATION-mask biomarkers (results/pivot/e4_gt_maplesdr_preannot.csv); no Gate A train scale exists for this set
preannot,fidelity,all,fives,0,reliseg,,total_length,skan,162,3130.1513354528465,0.7957623678423413,0.8196372648226475,0.4418467043781391,0.8531017827021498,0.7167333114424392,,,,runs/pivot/e4/maples/e4mp_fives_s0_reliseg/bio.csv,results/pivot/e4_gt_maplesdr_preannot.csv,1.4826*MAD of MAPLES-DR's own 162-image network PRE-ANNOTATION-mask biomarkers (results/pivot/e4_gt_maplesdr_preannot.csv); no Gate A train scale exists for this set
preannot,fidelity,all,fives,1,baseline,,FD,pvbm,162,0.05863112950581929,0.834732827827761,0.8469348440007282,0.32588011494696806,0.5621491489278174,0.4616200983288258,,,,runs/pivot/e4/maples/e4mp_fives_s1_baseline/bio.csv,results/pivot/e4_gt_maplesdr_preannot.csv,1.4826*MAD of MAPLES-DR's own 162-image network PRE-ANNOTATION-mask biomarkers (results/pivot/e4_gt_maplesdr_preannot.csv); no Gate A train scale exists for this set
preannot,fidelity,all,fives,1,baseline,,FD,skan,162,0.04989361650504784,0.785509202246577,0.7478325789875536,0.273876732432555,0.7020073696034417,0.5688748498790592,,,,runs/pivot/e4/maples/e4mp_fives_s1_baseline/bio.csv,results/pivot/e4_gt_maplesdr_preannot.csv,1.4826*MAD of MAPLES-DR's own 162-image network PRE-ANNOTATION-mask biomarkers (results/pivot/e4_gt_maplesdr_preannot.csv); no Gate A train scale exists for this set
preannot,fidelity,all,fives,1,baseline,,tortuosity,pvbm,162,0.0062787696728688735,0.6426105436081788,0.6075321779389589,-0.701871944984781,0.9004332521492938,0.8959193348779828,,,,runs/pivot/e4/maples/e4mp_fives_s1_baseline/bio.csv,results/pivot/e4_gt_maplesdr_preannot.csv,1.4826*MAD of MAPLES-DR's own 162-image network PRE-ANNOTATION-mask biomarkers (results/pivot/e4_gt_maplesdr_preannot.csv); no Gate A train scale exists for this set
preannot,fidelity,all,fives,1,baseline,,tortuosity,skan,162,0.009258289494123093,0.19430949684993715,0.6255452953239029,-0.18088978580511347,2.841453306631466,1.1221025244372376,,,,runs/pivot/e4/maples/e4mp_fives_s1_baseline/bio.csv,results/pivot/e4_gt_maplesdr_preannot.csv,1.4826*MAD of MAPLES-DR's own 162-image network PRE-ANNOTATION-mask biomarkers (results/pivot/e4_gt_maplesdr_preannot.csv); no Gate A train scale exists for this set
preannot,fidelity,all,fives,1,baseline,,density,pvbm,162,0.019181209714760065,0.7228846504697639,0.6645285303594186,0.6891194277789036,0.7978367725245704,0.8074153047812287,,,,runs/pivot/e4/maples/e4mp_fives_s1_baseline/bio.csv,results/pivot/e4_gt_maplesdr_preannot.csv,1.4826*MAD of MAPLES-DR's own 162-image network PRE-ANNOTATION-mask biomarkers (results/pivot/e4_gt_maplesdr_preannot.csv); no Gate A train scale exists for this set
preannot,fidelity,all,fives,1,baseline,,density,skan,162,0.019181209714760065,0.7228846504697639,0.6645285303594186,0.6891194277789036,0.7978367725245704,0.8074153047812287,,,,runs/pivot/e4/maples/e4mp_fives_s1_baseline/bio.csv,results/pivot/e4_gt_maplesdr_preannot.csv,1.4826*MAD of MAPLES-DR's own 162-image network PRE-ANNOTATION-mask biomarkers (results/pivot/e4_gt_maplesdr_preannot.csv); no Gate A train scale exists for this set
preannot,fidelity,all,fives,1,baseline,,total_length,pvbm,162,3742.5705005907253,0.5123153044731494,0.5300983260439115,0.7242597060228133,1.108783934549353,0.8742456678882692,,,,runs/pivot/e4/maples/e4mp_fives_s1_baseline/bio.csv,results/pivot/e4_gt_maplesdr_preannot.csv,1.4826*MAD of MAPLES-DR's own 162-image network PRE-ANNOTATION-mask biomarkers (results/pivot/e4_gt_maplesdr_preannot.csv); no Gate A train scale exists for this set
preannot,fidelity,all,fives,1,baseline,,total_length,skan,162,3130.1513354528465,0.8072404998603581,0.8301120157615223,0.4068652849600015,0.8206461507524014,0.6812814629004723,,,,runs/pivot/e4/maples/e4mp_fives_s1_baseline/bio.csv,results/pivot/e4_gt_maplesdr_preannot.csv,1.4826*MAD of MAPLES-DR's own 162-image network PRE-ANNOTATION-mask biomarkers (results/pivot/e4_gt_maplesdr_preannot.csv); no Gate A train scale exists for this set
preannot,fidelity,all,fives,1,cfloss,,FD,pvbm,162,0.05863112950581929,0.8354254246887807,0.8478663093226977,0.33944805609417916,0.5605056376813222,0.46434782537501307,,,,runs/pivot/e4/maples/e4mp_fives_s1_cfloss/bio.csv,results/pivot/e4_gt_maplesdr_preannot.csv,1.4826*MAD of MAPLES-DR's own 162-image network PRE-ANNOTATION-mask biomarkers (results/pivot/e4_gt_maplesdr_preannot.csv); no Gate A train scale exists for this set
preannot,fidelity,all,fives,1,cfloss,,FD,skan,162,0.04989361650504784,0.7913208407291189,0.7562976229287246,0.3024248995874484,0.6925676200057805,0.5684451952639614,,,,runs/pivot/e4/maples/e4mp_fives_s1_cfloss/bio.csv,results/pivot/e4_gt_maplesdr_preannot.csv,1.4826*MAD of MAPLES-DR's own 162-image network PRE-ANNOTATION-mask biomarkers (results/pivot/e4_gt_maplesdr_preannot.csv); no Gate A train scale exists for this set
preannot,fidelity,all,fives,1,cfloss,,tortuosity,pvbm,162,0.0062787696728688735,0.6421608090850651,0.6220620851179185,-0.6795834605547477,0.8981394437130708,0.8777300688753223,,,,runs/pivot/e4/maples/e4mp_fives_s1_cfloss/bio.csv,results/pivot/e4_gt_maplesdr_preannot.csv,1.4826*MAD of MAPLES-DR's own 162-image network PRE-ANNOTATION-mask biomarkers (results/pivot/e4_gt_maplesdr_preannot.csv); no Gate A train scale exists for this set
preannot,fidelity,all,fives,1,cfloss,,tortuosity,skan,162,0.009258289494123093,0.1873161921002746,0.6711419341454018,-0.24317674439498585,2.7850862261197733,1.053793681111744,,,,runs/pivot/e4/maples/e4mp_fives_s1_cfloss/bio.csv,results/pivot/e4_gt_maplesdr_preannot.csv,1.4826*MAD of MAPLES-DR's own 162-image network PRE-ANNOTATION-mask biomarkers (results/pivot/e4_gt_maplesdr_preannot.csv); no Gate A train scale exists for this set
preannot,fidelity,all,fives,1,cfloss,,density,pvbm,162,0.019181209714760065,0.7260826684082499,0.668694720708591,0.6732050462026805,0.7944003742518773,0.7952753186378801,,,,runs/pivot/e4/maples/e4mp_fives_s1_cfloss/bio.csv,results/pivot/e4_gt_maplesdr_preannot.csv,1.4826*MAD of MAPLES-DR's own 162-image network PRE-ANNOTATION-mask biomarkers (results/pivot/e4_gt_maplesdr_preannot.csv); no Gate A train scale exists for this set
preannot,fidelity,all,fives,1,cfloss,,density,skan,162,0.019181209714760065,0.7260826684082499,0.668694720708591,0.6732050462026805,0.7944003742518773,0.7952753186378801,,,,runs/pivot/e4/maples/e4mp_fives_s1_cfloss/bio.csv,results/pivot/e4_gt_maplesdr_preannot.csv,1.4826*MAD of MAPLES-DR's own 162-image network PRE-ANNOTATION-mask biomarkers (results/pivot/e4_gt_maplesdr_preannot.csv); no Gate A train scale exists for this set
preannot,fidelity,all,fives,1,cfloss,,total_length,pvbm,162,3742.5705005907253,0.514614721828896,0.5320007733984795,0.7536043347091522,1.1094059491120405,0.8838989391070915,,,,runs/pivot/e4/maples/e4mp_fives_s1_cfloss/bio.csv,results/pivot/e4_gt_maplesdr_preannot.csv,1.4826*MAD of MAPLES-DR's own 162-image network PRE-ANNOTATION-mask biomarkers (results/pivot/e4_gt_maplesdr_preannot.csv); no Gate A train scale exists for this set
preannot,fidelity,all,fives,1,cfloss,,total_length,skan,162,3130.1513354528465,0.8089800096591672,0.8318366379182596,0.43501373734524856,0.8191394401961936,0.6860011603465607,,,,runs/pivot/e4/maples/e4mp_fives_s1_cfloss/bio.csv,results/pivot/e4_gt_maplesdr_preannot.csv,1.4826*MAD of MAPLES-DR's own 162-image network PRE-ANNOTATION-mask biomarkers (results/pivot/e4_gt_maplesdr_preannot.csv); no Gate A train scale exists for this set
preannot,fidelity,all,fives,1,continued,,FD,pvbm,162,0.05863112950581929,0.836660757790346,0.85008206774011,0.35419250191861457,0.5589551698911636,0.46933499230770215,,,,runs/pivot/e4/maples/e4mp_fives_s1_continued/bio.csv,results/pivot/e4_gt_maplesdr_preannot.csv,1.4826*MAD of MAPLES-DR's own 162-image network PRE-ANNOTATION-mask biomarkers (results/pivot/e4_gt_maplesdr_preannot.csv); no Gate A train scale exists for this set
preannot,fidelity,all,fives,1,continued,,FD,skan,162,0.04989361650504784,0.787513874031801,0.7539661370016131,0.3039667749755621,0.6990220252559634,0.571556499452627,,,,runs/pivot/e4/maples/e4mp_fives_s1_continued/bio.csv,results/pivot/e4_gt_maplesdr_preannot.csv,1.4826*MAD of MAPLES-DR's own 162-image network PRE-ANNOTATION-mask biomarkers (results/pivot/e4_gt_maplesdr_preannot.csv); no Gate A train scale exists for this set
preannot,fidelity,all,fives,1,continued,,tortuosity,pvbm,162,0.0062787696728688735,0.6501557718004952,0.6358541519803379,-0.6389849494603095,0.89476724193208,0.8536278044971625,,,,runs/pivot/e4/maples/e4mp_fives_s1_continued/bio.csv,results/pivot/e4_gt_maplesdr_preannot.csv,1.4826*MAD of MAPLES-DR's own 162-image network PRE-ANNOTATION-mask biomarkers (results/pivot/e4_gt_maplesdr_preannot.csv); no Gate A train scale exists for this set
preannot,fidelity,all,fives,1,continued,,tortuosity,skan,162,0.009258289494123093,0.19954591654039858,0.6586574762088232,-0.14560301955775962,2.8483451448824235,1.075846357904097,,,,runs/pivot/e4/maples/e4mp_fives_s1_continued/bio.csv,results/pivot/e4_gt_maplesdr_preannot.csv,1.4826*MAD of MAPLES-DR's own 162-image network PRE-ANNOTATION-mask biomarkers (results/pivot/e4_gt_maplesdr_preannot.csv); no Gate A train scale exists for this set
preannot,fidelity,all,fives,1,continued,,density,pvbm,162,0.019181209714760065,0.727099998601767,0.6683193119576155,0.7603442903989657,0.7942712536813795,0.8574231852976408,,,,runs/pivot/e4/maples/e4mp_fives_s1_continued/bio.csv,results/pivot/e4_gt_maplesdr_preannot.csv,1.4826*MAD of MAPLES-DR's own 162-image network PRE-ANNOTATION-mask biomarkers (results/pivot/e4_gt_maplesdr_preannot.csv); no Gate A train scale exists for this set
preannot,fidelity,all,fives,1,continued,,density,skan,162,0.019181209714760065,0.727099998601767,0.6683193119576155,0.7603442903989657,0.7942712536813795,0.8574231852976408,,,,runs/pivot/e4/maples/e4mp_fives_s1_continued/bio.csv,results/pivot/e4_gt_maplesdr_preannot.csv,1.4826*MAD of MAPLES-DR's own 162-image network PRE-ANNOTATION-mask biomarkers (results/pivot/e4_gt_maplesdr_preannot.csv); no Gate A train scale exists for this set
preannot,fidelity,all,fives,1,continued,,total_length,pvbm,162,3742.5705005907253,0.5185523905651679,0.5366693904970778,0.7575548792394962,1.105086422695235,0.8848614457921188,,,,runs/pivot/e4/maples/e4mp_fives_s1_continued/bio.csv,results/pivot/e4_gt_maplesdr_preannot.csv,1.4826*MAD of MAPLES-DR's own 162-image network PRE-ANNOTATION-mask biomarkers (results/pivot/e4_gt_maplesdr_preannot.csv); no Gate A train scale exists for this set
preannot,fidelity,all,fives,1,continued,,total_length,skan,162,3130.1513354528465,0.8089056267271029,0.830721702154084,0.42775476414630687,0.818158760858811,0.685838760813995,,,,runs/pivot/e4/maples/e4mp_fives_s1_continued/bio.csv,results/pivot/e4_gt_maplesdr_preannot.csv,1.4826*MAD of MAPLES-DR's own 162-image network PRE-ANNOTATION-mask biomarkers (results/pivot/e4_gt_maplesdr_preannot.csv); no Gate A train scale exists for this set
preannot,fidelity,all,fives,1,reliseg,,FD,pvbm,162,0.05863112950581929,0.8308707350357203,0.8446654557617481,0.4073196944342121,0.5694126882803636,0.4953663841174928,,,,runs/pivot/e4/maples/e4mp_fives_s1_reliseg/bio.csv,results/pivot/e4_gt_maplesdr_preannot.csv,1.4826*MAD of MAPLES-DR's own 162-image network PRE-ANNOTATION-mask biomarkers (results/pivot/e4_gt_maplesdr_preannot.csv); no Gate A train scale exists for this set
preannot,fidelity,all,fives,1,reliseg,,FD,skan,162,0.04989361650504784,0.7743281171389316,0.734490043905888,0.42900243973647695,0.7180644607573691,0.6269278368776886,,,,runs/pivot/e4/maples/e4mp_fives_s1_reliseg/bio.csv,results/pivot/e4_gt_maplesdr_preannot.csv,1.4826*MAD of MAPLES-DR's own 162-image network PRE-ANNOTATION-mask biomarkers (results/pivot/e4_gt_maplesdr_preannot.csv); no Gate A train scale exists for this set
preannot,fidelity,all,fives,1,reliseg,,tortuosity,pvbm,162,0.0062787696728688735,0.21310075214019616,0.3187636324120363,0.8852899508979084,1.7902074578967326,1.315803492985978,,,,runs/pivot/e4/maples/e4mp_fives_s1_reliseg/bio.csv,results/pivot/e4_gt_maplesdr_preannot.csv,1.4826*MAD of MAPLES-DR's own 162-image network PRE-ANNOTATION-mask biomarkers (results/pivot/e4_gt_maplesdr_preannot.csv); no Gate A train scale exists for this set
preannot,fidelity,all,fives,1,reliseg,,tortuosity,skan,162,0.009258289494123093,0.18790854531071893,0.6594365199326522,-0.09384509077810245,2.844460014437343,1.1092458434530523,,,,runs/pivot/e4/maples/e4mp_fives_s1_reliseg/bio.csv,results/pivot/e4_gt_maplesdr_preannot.csv,1.4826*MAD of MAPLES-DR's own 162-image network PRE-ANNOTATION-mask biomarkers (results/pivot/e4_gt_maplesdr_preannot.csv); no Gate A train scale exists for this set
preannot,fidelity,all,fives,1,reliseg,,density,pvbm,162,0.019181209714760065,0.7189878633891297,0.6617962320816415,0.8298384796927275,0.8028437922427216,0.9088126206343119,,,,runs/pivot/e4/maples/e4mp_fives_s1_reliseg/bio.csv,results/pivot/e4_gt_maplesdr_preannot.csv,1.4826*MAD of MAPLES-DR's own 162-image network PRE-ANNOTATION-mask biomarkers (results/pivot/e4_gt_maplesdr_preannot.csv); no Gate A train scale exists for this set
preannot,fidelity,all,fives,1,reliseg,,density,skan,162,0.019181209714760065,0.7189878633891297,0.6617962320816415,0.8298384796927275,0.8028437922427216,0.9088126206343119,,,,runs/pivot/e4/maples/e4mp_fives_s1_reliseg/bio.csv,results/pivot/e4_gt_maplesdr_preannot.csv,1.4826*MAD of MAPLES-DR's own 162-image network PRE-ANNOTATION-mask biomarkers (results/pivot/e4_gt_maplesdr_preannot.csv); no Gate A train scale exists for this set
preannot,fidelity,all,fives,1,reliseg,,total_length,pvbm,162,3742.5705005907253,0.5078029225805879,0.5225957962687757,0.866083673475201,1.135605648202529,0.9524351273725097,,,,runs/pivot/e4/maples/e4mp_fives_s1_reliseg/bio.csv,results/pivot/e4_gt_maplesdr_preannot.csv,1.4826*MAD of MAPLES-DR's own 162-image network PRE-ANNOTATION-mask biomarkers (results/pivot/e4_gt_maplesdr_preannot.csv); no Gate A train scale exists for this set
preannot,fidelity,all,fives,1,reliseg,,total_length,skan,162,3130.1513354528465,0.7991385408836028,0.8235353060639803,0.6238000882924697,0.8653286127275884,0.7921942219252868,,,,runs/pivot/e4/maples/e4mp_fives_s1_reliseg/bio.csv,results/pivot/e4_gt_maplesdr_preannot.csv,1.4826*MAD of MAPLES-DR's own 162-image network PRE-ANNOTATION-mask biomarkers (results/pivot/e4_gt_maplesdr_preannot.csv); no Gate A train scale exists for this set
preannot,fidelity,all,fives,2,baseline,,FD,pvbm,162,0.05863112950581929,0.8413639983131593,0.8597043867782731,0.18662763431180715,0.5537995984194974,0.4175021563817747,,,,runs/pivot/e4/maples/e4mp_fives_s2_baseline/bio.csv,results/pivot/e4_gt_maplesdr_preannot.csv,1.4826*MAD of MAPLES-DR's own 162-image network PRE-ANNOTATION-mask biomarkers (results/pivot/e4_gt_maplesdr_preannot.csv); no Gate A train scale exists for this set
preannot,fidelity,all,fives,2,baseline,,FD,skan,162,0.04989361650504784,0.7835132997913109,0.7435845325949353,0.1365512557179603,0.6988213558235175,0.5450208537793375,,,,runs/pivot/e4/maples/e4mp_fives_s2_baseline/bio.csv,results/pivot/e4_gt_maplesdr_preannot.csv,1.4826*MAD of MAPLES-DR's own 162-image network PRE-ANNOTATION-mask biomarkers (results/pivot/e4_gt_maplesdr_preannot.csv); no Gate A train scale exists for this set
preannot,fidelity,all,fives,2,baseline,,tortuosity,pvbm,162,0.0062787696728688735,0.6477986205408327,0.6197837868358888,-0.7412827103921567,0.8791498470833418,0.8892384312670164,,,,runs/pivot/e4/maples/e4mp_fives_s2_baseline/bio.csv,results/pivot/e4_gt_maplesdr_preannot.csv,1.4826*MAD of MAPLES-DR's own 162-image network PRE-ANNOTATION-mask biomarkers (results/pivot/e4_gt_maplesdr_preannot.csv); no Gate A train scale exists for this set
preannot,fidelity,all,fives,2,baseline,,tortuosity,skan,162,0.009258289494123093,0.16537911443332157,0.6702725665115635,-0.2356833895226684,3.0762913989456626,1.1299838485726832,,,,runs/pivot/e4/maples/e4mp_fives_s2_baseline/bio.csv,results/pivot/e4_gt_maplesdr_preannot.csv,1.4826*MAD of MAPLES-DR's own 162-image network PRE-ANNOTATION-mask biomarkers (results/pivot/e4_gt_maplesdr_preannot.csv); no Gate A train scale exists for this set
preannot,fidelity,all,fives,2,baseline,,density,pvbm,162,0.019181209714760065,0.7050320692331333,0.641086653089854,0.5643729434924354,0.8147152677608224,0.740352184576402,,,,runs/pivot/e4/maples/e4mp_fives_s2_baseline/bio.csv,results/pivot/e4_gt_maplesdr_preannot.csv,1.4826*MAD of MAPLES-DR's own 162-image network PRE-ANNOTATION-mask biomarkers (results/pivot/e4_gt_maplesdr_preannot.csv); no Gate A train scale exists for this set
preannot,fidelity,all,fives,2,baseline,,density,skan,162,0.019181209714760065,0.7050320692331333,0.641086653089854,0.5643729434924354,0.8147152677608224,0.740352184576402,,,,runs/pivot/e4/maples/e4mp_fives_s2_baseline/bio.csv,results/pivot/e4_gt_maplesdr_preannot.csv,1.4826*MAD of MAPLES-DR's own 162-image network PRE-ANNOTATION-mask biomarkers (results/pivot/e4_gt_maplesdr_preannot.csv); no Gate A train scale exists for this set
preannot,fidelity,all,fives,2,baseline,,total_length,pvbm,162,3742.5705005907253,0.5095311766327932,0.5190957447559208,0.60120356612581,1.1021789976443286,0.8331545617237628,,,,runs/pivot/e4/maples/e4mp_fives_s2_baseline/bio.csv,results/pivot/e4_gt_maplesdr_preannot.csv,1.4826*MAD of MAPLES-DR's own 162-image network PRE-ANNOTATION-mask biomarkers (results/pivot/e4_gt_maplesdr_preannot.csv); no Gate A train scale exists for this set
preannot,fidelity,all,fives,2,baseline,,total_length,skan,162,3130.1513354528465,0.8093174164426665,0.8275518974372001,0.21358558189866717,0.8079396964750614,0.6346484846072076,,,,runs/pivot/e4/maples/e4mp_fives_s2_baseline/bio.csv,results/pivot/e4_gt_maplesdr_preannot.csv,1.4826*MAD of MAPLES-DR's own 162-image network PRE-ANNOTATION-mask biomarkers (results/pivot/e4_gt_maplesdr_preannot.csv); no Gate A train scale exists for this set
preannot,fidelity,all,fives,2,cfloss,,FD,pvbm,162,0.05863112950581929,0.8410579186561588,0.8575055640939877,0.2135693073564504,0.5544615763219819,0.4225595178069216,,,,runs/pivot/e4/maples/e4mp_fives_s2_cfloss/bio.csv,results/pivot/e4_gt_maplesdr_preannot.csv,1.4826*MAD of MAPLES-DR's own 162-image network PRE-ANNOTATION-mask biomarkers (results/pivot/e4_gt_maplesdr_preannot.csv); no Gate A train scale exists for this set
preannot,fidelity,all,fives,2,cfloss,,FD,skan,162,0.04989361650504784,0.7896773574998688,0.7490858232389308,0.16982602717061251,0.6918270355618672,0.5462284981511379,,,,runs/pivot/e4/maples/e4mp_fives_s2_cfloss/bio.csv,results/pivot/e4_gt_maplesdr_preannot.csv,1.4826*MAD of MAPLES-DR's own 162-image network PRE-ANNOTATION-mask biomarkers (results/pivot/e4_gt_maplesdr_preannot.csv); no Gate A train scale exists for this set
preannot,fidelity,all,fives,2,cfloss,,tortuosity,pvbm,162,0.0062787696728688735,0.6210191300910841,0.6082971096314063,-0.7037937423330168,0.9053945543501848,0.875130182668637,,,,runs/pivot/e4/maples/e4mp_fives_s2_cfloss/bio.csv,results/pivot/e4_gt_maplesdr_preannot.csv,1.4826*MAD of MAPLES-DR's own 162-image network PRE-ANNOTATION-mask biomarkers (results/pivot/e4_gt_maplesdr_preannot.csv); no Gate A train scale exists for this set
preannot,fidelity,all,fives,2,cfloss,,tortuosity,skan,162,0.009258289494123093,0.1607653553971314,0.6685310086216995,-0.22143781983067437,3.130922356298245,1.156013804908355,,,,runs/pivot/e4/maples/e4mp_fives_s2_cfloss/bio.csv,results/pivot/e4_gt_maplesdr_preannot.csv,1.4826*MAD of MAPLES-DR's own 162-image network PRE-ANNOTATION-mask biomarkers (results/pivot/e4_gt_maplesdr_preannot.csv); no Gate A train scale exists for this set
preannot,fidelity,all,fives,2,cfloss,,density,pvbm,162,0.019181209714760065,0.7184945201143463,0.6589990134935454,0.6010649335282142,0.7998078146821163,0.7553151224836013,,,,runs/pivot/e4/maples/e4mp_fives_s2_cfloss/bio.csv,results/pivot/e4_gt_maplesdr_preannot.csv,1.4826*MAD of MAPLES-DR's own 162-image network PRE-ANNOTATION-mask biomarkers (results/pivot/e4_gt_maplesdr_preannot.csv); no Gate A train scale exists for this set
preannot,fidelity,all,fives,2,cfloss,,density,skan,162,0.019181209714760065,0.7184945201143463,0.6589990134935454,0.6010649335282142,0.7998078146821163,0.7553151224836013,,,,runs/pivot/e4/maples/e4mp_fives_s2_cfloss/bio.csv,results/pivot/e4_gt_maplesdr_preannot.csv,1.4826*MAD of MAPLES-DR's own 162-image network PRE-ANNOTATION-mask biomarkers (results/pivot/e4_gt_maplesdr_preannot.csv); no Gate A train scale exists for this set
preannot,fidelity,all,fives,2,cfloss,,total_length,pvbm,162,3742.5705005907253,0.5117177121396179,0.5228526548878643,0.6332575103882494,1.104184806231993,0.8412384845200943,,,,runs/pivot/e4/maples/e4mp_fives_s2_cfloss/bio.csv,results/pivot/e4_gt_maplesdr_preannot.csv,1.4826*MAD of MAPLES-DR's own 162-image network PRE-ANNOTATION-mask biomarkers (results/pivot/e4_gt_maplesdr_preannot.csv); no Gate A train scale exists for this set
preannot,fidelity,all,fives,2,cfloss,,total_length,skan,162,3130.1513354528465,0.8112749168036709,0.8319184939617054,0.2555978665821083,0.8071381660630372,0.6375891478321285,,,,runs/pivot/e4/maples/e4mp_fives_s2_cfloss/bio.csv,results/pivot/e4_gt_maplesdr_preannot.csv,1.4826*MAD of MAPLES-DR's own 162-image network PRE-ANNOTATION-mask biomarkers (results/pivot/e4_gt_maplesdr_preannot.csv); no Gate A train scale exists for this set
preannot,fidelity,all,fives,2,continued,,FD,pvbm,162,0.05863112950581929,0.8428453816947916,0.8573192710295937,0.26520704300306064,0.5541567115296687,0.4333867373039472,,,,runs/pivot/e4/maples/e4mp_fives_s2_continued/bio.csv,results/pivot/e4_gt_maplesdr_preannot.csv,1.4826*MAD of MAPLES-DR's own 162-image network PRE-ANNOTATION-mask biomarkers (results/pivot/e4_gt_maplesdr_preannot.csv); no Gate A train scale exists for this set
preannot,fidelity,all,fives,2,continued,,FD,skan,162,0.04989361650504784,0.7899097075975654,0.7485523476454391,0.22172169750558177,0.6934687373855762,0.5509638899318413,,,,runs/pivot/e4/maples/e4mp_fives_s2_continued/bio.csv,results/pivot/e4_gt_maplesdr_preannot.csv,1.4826*MAD of MAPLES-DR's own 162-image network PRE-ANNOTATION-mask biomarkers (results/pivot/e4_gt_maplesdr_preannot.csv); no Gate A train scale exists for this set
preannot,fidelity,all,fives,2,continued,,tortuosity,pvbm,162,0.0062787696728688735,0.6875819200186841,0.6530823077798081,-0.695495894110016,0.8357012039133351,0.8391292073294782,,,,runs/pivot/e4/maples/e4mp_fives_s2_continued/bio.csv,results/pivot/e4_gt_maplesdr_preannot.csv,1.4826*MAD of MAPLES-DR's own 162-image network PRE-ANNOTATION-mask biomarkers (results/pivot/e4_gt_maplesdr_preannot.csv); no Gate A train scale exists for this set
preannot,fidelity,all,fives,2,continued,,tortuosity,skan,162,0.009258289494123093,0.14046303331641613,0.6182996241678557,-0.15525727836520697,3.1301752029501304,1.2049833368213183,,,,runs/pivot/e4/maples/e4mp_fives_s2_continued/bio.csv,results/pivot/e4_gt_maplesdr_preannot.csv,1.4826*MAD of MAPLES-DR's own 162-image network PRE-ANNOTATION-mask biomarkers (results/pivot/e4_gt_maplesdr_preannot.csv); no Gate A train scale exists for this set
preannot,fidelity,all,fives,2,continued,,density,pvbm,162,0.019181209714760065,0.7142689565913514,0.651239625099321,0.7961469704117984,0.8053783262512154,0.889129459472561,,,,runs/pivot/e4/maples/e4mp_fives_s2_continued/bio.csv,results/pivot/e4_gt_maplesdr_preannot.csv,1.4826*MAD of MAPLES-DR's own 162-image network PRE-ANNOTATION-mask biomarkers (results/pivot/e4_gt_maplesdr_preannot.csv); no Gate A train scale exists for this set
preannot,fidelity,all,fives,2,continued,,density,skan,162,0.019181209714760065,0.7142689565913514,0.651239625099321,0.7961469704117984,0.8053783262512154,0.889129459472561,,,,runs/pivot/e4/maples/e4mp_fives_s2_continued/bio.csv,results/pivot/e4_gt_maplesdr_preannot.csv,1.4826*MAD of MAPLES-DR's own 162-image network PRE-ANNOTATION-mask biomarkers (results/pivot/e4_gt_maplesdr_preannot.csv); no Gate A train scale exists for this set
preannot,fidelity,all,fives,2,continued,,total_length,pvbm,162,3742.5705005907253,0.5147952165094885,0.5230107217303803,0.6999425111844957,1.1080209433222352,0.8605448689271722,,,,runs/pivot/e4/maples/e4mp_fives_s2_continued/bio.csv,results/pivot/e4_gt_maplesdr_preannot.csv,1.4826*MAD of MAPLES-DR's own 162-image network PRE-ANNOTATION-mask biomarkers (results/pivot/e4_gt_maplesdr_preannot.csv); no Gate A train scale exists for this set
preannot,fidelity,all,fives,2,continued,,total_length,skan,162,3130.1513354528465,0.8105364708898919,0.8287882059554506,0.32362711063142446,0.8111409406652782,0.652837352655865,,,,runs/pivot/e4/maples/e4mp_fives_s2_continued/bio.csv,results/pivot/e4_gt_maplesdr_preannot.csv,1.4826*MAD of MAPLES-DR's own 162-image network PRE-ANNOTATION-mask biomarkers (results/pivot/e4_gt_maplesdr_preannot.csv); no Gate A train scale exists for this set
preannot,fidelity,all,fives,2,reliseg,,FD,pvbm,162,0.05863112950581929,0.8410174815981498,0.8551543198115616,0.30766458146669284,0.5571326774083201,0.44791202050774725,,,,runs/pivot/e4/maples/e4mp_fives_s2_reliseg/bio.csv,results/pivot/e4_gt_maplesdr_preannot.csv,1.4826*MAD of MAPLES-DR's own 162-image network PRE-ANNOTATION-mask biomarkers (results/pivot/e4_gt_maplesdr_preannot.csv); no Gate A train scale exists for this set
preannot,fidelity,all,fives,2,reliseg,,FD,skan,162,0.04989361650504784,0.7820378077306231,0.7399405273505033,0.31680501271709777,0.7066878839167422,0.5797978130899576,,,,runs/pivot/e4/maples/e4mp_fives_s2_reliseg/bio.csv,results/pivot/e4_gt_maplesdr_preannot.csv,1.4826*MAD of MAPLES-DR's own 162-image network PRE-ANNOTATION-mask biomarkers (results/pivot/e4_gt_maplesdr_preannot.csv); no Gate A train scale exists for this set
preannot,fidelity,all,fives,2,reliseg,,tortuosity,pvbm,162,0.0062787696728688735,0.4942811844753763,0.4554663369838106,0.08562888688122203,1.1183728195239164,0.8320682780181228,,,,runs/pivot/e4/maples/e4mp_fives_s2_reliseg/bio.csv,results/pivot/e4_gt_maplesdr_preannot.csv,1.4826*MAD of MAPLES-DR's own 162-image network PRE-ANNOTATION-mask biomarkers (results/pivot/e4_gt_maplesdr_preannot.csv); no Gate A train scale exists for this set
preannot,fidelity,all,fives,2,reliseg,,tortuosity,skan,162,0.009258289494123093,0.14153939422701275,0.6142406934618191,-0.1472317404384441,3.1149610467333484,1.2027518672073003,,,,runs/pivot/e4/maples/e4mp_fives_s2_reliseg/bio.csv,results/pivot/e4_gt_maplesdr_preannot.csv,1.4826*MAD of MAPLES-DR's own 162-image network PRE-ANNOTATION-mask biomarkers (results/pivot/e4_gt_maplesdr_preannot.csv); no Gate A train scale exists for this set
preannot,fidelity,all,fives,2,reliseg,,density,pvbm,162,0.019181209714760065,0.7203469200236946,0.6607292808946583,0.7799194106135817,0.798062611527625,0.872435076834892,,,,runs/pivot/e4/maples/e4mp_fives_s2_reliseg/bio.csv,results/pivot/e4_gt_maplesdr_preannot.csv,1.4826*MAD of MAPLES-DR's own 162-image network PRE-ANNOTATION-mask biomarkers (results/pivot/e4_gt_maplesdr_preannot.csv); no Gate A train scale exists for this set
preannot,fidelity,all,fives,2,reliseg,,density,skan,162,0.019181209714760065,0.7203469200236946,0.6607292808946583,0.7799194106135817,0.798062611527625,0.872435076834892,,,,runs/pivot/e4/maples/e4mp_fives_s2_reliseg/bio.csv,results/pivot/e4_gt_maplesdr_preannot.csv,1.4826*MAD of MAPLES-DR's own 162-image network PRE-ANNOTATION-mask biomarkers (results/pivot/e4_gt_maplesdr_preannot.csv); no Gate A train scale exists for this set
preannot,fidelity,all,fives,2,reliseg,,total_length,pvbm,162,3742.5705005907253,0.510021013022654,0.5250571228165253,0.7580491798915755,1.1214969916499031,0.8915277432796989,,,,runs/pivot/e4/maples/e4mp_fives_s2_reliseg/bio.csv,results/pivot/e4_gt_maplesdr_preannot.csv,1.4826*MAD of MAPLES-DR's own 162-image network PRE-ANNOTATION-mask biomarkers (results/pivot/e4_gt_maplesdr_preannot.csv); no Gate A train scale exists for this set
preannot,fidelity,all,fives,2,reliseg,,total_length,skan,162,3130.1513354528465,0.8057187466724673,0.8273458460174918,0.4551533580499727,0.8361544411757674,0.7079622342898666,,,,runs/pivot/e4/maples/e4mp_fives_s2_reliseg/bio.csv,results/pivot/e4_gt_maplesdr_preannot.csv,1.4826*MAD of MAPLES-DR's own 162-image network PRE-ANNOTATION-mask biomarkers (results/pivot/e4_gt_maplesdr_preannot.csv); no Gate A train scale exists for this set
preannot,fidelity,all,hrf,0,baseline,,FD,pvbm,162,0.05863112950581929,0.7784375259797881,0.8122843340234644,0.9590632426337131,0.5995136240805702,0.9648969195294428,,,,runs/pivot/e4/maples/e4mp_hrf_s0_baseline/bio.csv,results/pivot/e4_gt_maplesdr_preannot.csv,1.4826*MAD of MAPLES-DR's own 162-image network PRE-ANNOTATION-mask biomarkers (results/pivot/e4_gt_maplesdr_preannot.csv); no Gate A train scale exists for this set
preannot,fidelity,all,hrf,0,baseline,,FD,skan,162,0.04989361650504784,0.7656247317357271,0.7487217049767063,1.2535147342079576,0.6634992880293522,1.2610037282911681,,,,runs/pivot/e4/maples/e4mp_hrf_s0_baseline/bio.csv,results/pivot/e4_gt_maplesdr_preannot.csv,1.4826*MAD of MAPLES-DR's own 162-image network PRE-ANNOTATION-mask biomarkers (results/pivot/e4_gt_maplesdr_preannot.csv); no Gate A train scale exists for this set
preannot,fidelity,all,hrf,0,baseline,,tortuosity,pvbm,162,0.0062787696728688735,0.6626201861623883,0.6584242990615522,-0.3087676550290644,0.8717800796969091,0.6929080079004639,,,,runs/pivot/e4/maples/e4mp_hrf_s0_baseline/bio.csv,results/pivot/e4_gt_maplesdr_preannot.csv,1.4826*MAD of MAPLES-DR's own 162-image network PRE-ANNOTATION-mask biomarkers (results/pivot/e4_gt_maplesdr_preannot.csv); no Gate A train scale exists for this set
preannot,fidelity,all,hrf,0,baseline,,tortuosity,skan,162,0.009258289494123093,0.3835211294041685,0.6533735274732875,-0.9439733922948548,1.8682889243594478,1.0829666476073811,,,,runs/pivot/e4/maples/e4mp_hrf_s0_baseline/bio.csv,results/pivot/e4_gt_maplesdr_preannot.csv,1.4826*MAD of MAPLES-DR's own 162-image network PRE-ANNOTATION-mask biomarkers (results/pivot/e4_gt_maplesdr_preannot.csv); no Gate A train scale exists for this set
preannot,fidelity,all,hrf,0,baseline,,density,pvbm,162,0.019181209714760065,0.5919266560269618,0.520464716516997,0.22873190486396733,0.9346000584760807,0.722589453176892,,,,runs/pivot/e4/maples/e4mp_hrf_s0_baseline/bio.csv,results/pivot/e4_gt_maplesdr_preannot.csv,1.4826*MAD of MAPLES-DR's own 162-image network PRE-ANNOTATION-mask biomarkers (results/pivot/e4_gt_maplesdr_preannot.csv); no Gate A train scale exists for this set
preannot,fidelity,all,hrf,0,baseline,,density,skan,162,0.019181209714760065,0.5919266560269618,0.520464716516997,0.22873190486396733,0.9346000584760807,0.722589453176892,,,,runs/pivot/e4/maples/e4mp_hrf_s0_baseline/bio.csv,results/pivot/e4_gt_maplesdr_preannot.csv,1.4826*MAD of MAPLES-DR's own 162-image network PRE-ANNOTATION-mask biomarkers (results/pivot/e4_gt_maplesdr_preannot.csv); no Gate A train scale exists for this set
preannot,fidelity,all,hrf,0,baseline,,total_length,pvbm,162,3742.5705005907253,0.5318002728528842,0.5266773079523146,1.5276183281983189,1.2484840655136868,1.5322014078013806,,,,runs/pivot/e4/maples/e4mp_hrf_s0_baseline/bio.csv,results/pivot/e4_gt_maplesdr_preannot.csv,1.4826*MAD of MAPLES-DR's own 162-image network PRE-ANNOTATION-mask biomarkers (results/pivot/e4_gt_maplesdr_preannot.csv); no Gate A train scale exists for this set
preannot,fidelity,all,hrf,0,baseline,,total_length,skan,162,3130.1513354528465,0.7956596654290192,0.8031644417347271,1.767179118843733,1.0813263268627933,1.7761942227875462,,,,runs/pivot/e4/maples/e4mp_hrf_s0_baseline/bio.csv,results/pivot/e4_gt_maplesdr_preannot.csv,1.4826*MAD of MAPLES-DR's own 162-image network PRE-ANNOTATION-mask biomarkers (results/pivot/e4_gt_maplesdr_preannot.csv); no Gate A train scale exists for this set
preannot,fidelity,all,hrf,0,cfloss,,FD,pvbm,162,0.05863112950581929,0.7525578212324906,0.7590186307177504,0.6227021762643554,0.6054470582544208,0.6637698845976469,,,,runs/pivot/e4/maples/e4mp_hrf_s0_cfloss/bio.csv,results/pivot/e4_gt_maplesdr_preannot.csv,1.4826*MAD of MAPLES-DR's own 162-image network PRE-ANNOTATION-mask biomarkers (results/pivot/e4_gt_maplesdr_preannot.csv); no Gate A train scale exists for this set
preannot,fidelity,all,hrf,0,cfloss,,FD,skan,162,0.04989361650504784,0.7497455471875335,0.7022218270551158,0.7964794406211272,0.6751046095514216,0.8469035669760206,,,,runs/pivot/e4/maples/e4mp_hrf_s0_cfloss/bio.csv,results/pivot/e4_gt_maplesdr_preannot.csv,1.4826*MAD of MAPLES-DR's own 162-image network PRE-ANNOTATION-mask biomarkers (results/pivot/e4_gt_maplesdr_preannot.csv); no Gate A train scale exists for this set
preannot,fidelity,all,hrf,0,cfloss,,tortuosity,pvbm,162,0.0062787696728688735,0.6601698493080403,0.658128216473163,-0.3589225587040877,0.8836611402545065,0.722994590402265,,,,runs/pivot/e4/maples/e4mp_hrf_s0_cfloss/bio.csv,results/pivot/e4_gt_maplesdr_preannot.csv,1.4826*MAD of MAPLES-DR's own 162-image network PRE-ANNOTATION-mask biomarkers (results/pivot/e4_gt_maplesdr_preannot.csv); no Gate A train scale exists for this set
preannot,fidelity,all,hrf,0,cfloss,,tortuosity,skan,162,0.009258289494123093,0.33957152262911794,0.6405785810960524,-0.8265509603318723,1.9463000830683639,1.1019564766716243,,,,runs/pivot/e4/maples/e4mp_hrf_s0_cfloss/bio.csv,results/pivot/e4_gt_maplesdr_preannot.csv,1.4826*MAD of MAPLES-DR's own 162-image network PRE-ANNOTATION-mask biomarkers (results/pivot/e4_gt_maplesdr_preannot.csv); no Gate A train scale exists for this set
preannot,fidelity,all,hrf,0,cfloss,,density,pvbm,162,0.019181209714760065,0.5769789042853636,0.5147009220095377,-0.6658821965609059,0.9542805989810874,0.971346414318821,,,,runs/pivot/e4/maples/e4mp_hrf_s0_cfloss/bio.csv,results/pivot/e4_gt_maplesdr_preannot.csv,1.4826*MAD of MAPLES-DR's own 162-image network PRE-ANNOTATION-mask biomarkers (results/pivot/e4_gt_maplesdr_preannot.csv); no Gate A train scale exists for this set
preannot,fidelity,all,hrf,0,cfloss,,density,skan,162,0.019181209714760065,0.5769789042853636,0.5147009220095377,-0.6658821965609059,0.9542805989810874,0.971346414318821,,,,runs/pivot/e4/maples/e4mp_hrf_s0_cfloss/bio.csv,results/pivot/e4_gt_maplesdr_preannot.csv,1.4826*MAD of MAPLES-DR's own 162-image network PRE-ANNOTATION-mask biomarkers (results/pivot/e4_gt_maplesdr_preannot.csv); no Gate A train scale exists for this set
preannot,fidelity,all,hrf,0,cfloss,,total_length,pvbm,162,3742.5705005907253,0.5131678158968178,0.5026567931342537,1.121370896017643,1.2443530287788551,1.1679731378271192,,,,runs/pivot/e4/maples/e4mp_hrf_s0_cfloss/bio.csv,results/pivot/e4_gt_maplesdr_preannot.csv,1.4826*MAD of MAPLES-DR's own 162-image network PRE-ANNOTATION-mask biomarkers (results/pivot/e4_gt_maplesdr_preannot.csv); no Gate A train scale exists for this set
preannot,fidelity,all,hrf,0,cfloss,,total_length,skan,162,3130.1513354528465,0.7971021744669967,0.7985861485461379,1.1753193839983427,1.0393628069009386,1.2240957710501836,,,,runs/pivot/e4/maples/e4mp_hrf_s0_cfloss/bio.csv,results/pivot/e4_gt_maplesdr_preannot.csv,1.4826*MAD of MAPLES-DR's own 162-image network PRE-ANNOTATION-mask biomarkers (results/pivot/e4_gt_maplesdr_preannot.csv); no Gate A train scale exists for this set
preannot,fidelity,all,hrf,0,continued,,FD,pvbm,162,0.05863112950581929,0.8156189336237181,0.8329289927049329,0.8348964035052362,0.5677004038716617,0.8466032273003694,,,,runs/pivot/e4/maples/e4mp_hrf_s0_continued/bio.csv,results/pivot/e4_gt_maplesdr_preannot.csv,1.4826*MAD of MAPLES-DR's own 162-image network PRE-ANNOTATION-mask biomarkers (results/pivot/e4_gt_maplesdr_preannot.csv); no Gate A train scale exists for this set
preannot,fidelity,all,hrf,0,continued,,FD,skan,162,0.04989361650504784,0.7968717159648494,0.7615335870870681,1.0177998457375177,0.632092541770522,1.0344961175257694,,,,runs/pivot/e4/maples/e4mp_hrf_s0_continued/bio.csv,results/pivot/e4_gt_maplesdr_preannot.csv,1.4826*MAD of MAPLES-DR's own 162-image network PRE-ANNOTATION-mask biomarkers (results/pivot/e4_gt_maplesdr_preannot.csv); no Gate A train scale exists for this set
preannot,fidelity,all,hrf,0,continued,,tortuosity,pvbm,162,0.0062787696728688735,0.607460001347611,0.6279105706720618,-0.3102882929316951,0.9419636856823017,0.7443309424403411,,,,runs/pivot/e4/maples/e4mp_hrf_s0_continued/bio.csv,results/pivot/e4_gt_maplesdr_preannot.csv,1.4826*MAD of MAPLES-DR's own 162-image network PRE-ANNOTATION-mask biomarkers (results/pivot/e4_gt_maplesdr_preannot.csv); no Gate A train scale exists for this set
preannot,fidelity,all,hrf,0,continued,,tortuosity,skan,162,0.009258289494123093,0.37312689443494573,0.6780912299717314,-0.8904630879255349,1.8884570455768446,1.0799297382939135,,,,runs/pivot/e4/maples/e4mp_hrf_s0_continued/bio.csv,results/pivot/e4_gt_maplesdr_preannot.csv,1.4826*MAD of MAPLES-DR's own 162-image network PRE-ANNOTATION-mask biomarkers (results/pivot/e4_gt_maplesdr_preannot.csv); no Gate A train scale exists for this set
preannot,fidelity,all,hrf,0,continued,,density,pvbm,162,0.019181209714760065,0.6279194707551718,0.5615084657495968,-0.12406844206776695,0.8926245934651955,0.6971346177569088,,,,runs/pivot/e4/maples/e4mp_hrf_s0_continued/bio.csv,results/pivot/e4_gt_maplesdr_preannot.csv,1.4826*MAD of MAPLES-DR's own 162-image network PRE-ANNOTATION-mask biomarkers (results/pivot/e4_gt_maplesdr_preannot.csv); no Gate A train scale exists for this set
preannot,fidelity,all,hrf,0,continued,,density,skan,162,0.019181209714760065,0.6279194707551718,0.5615084657495968,-0.12406844206776695,0.8926245934651955,0.6971346177569088,,,,runs/pivot/e4/maples/e4mp_hrf_s0_continued/bio.csv,results/pivot/e4_gt_maplesdr_preannot.csv,1.4826*MAD of MAPLES-DR's own 162-image network PRE-ANNOTATION-mask biomarkers (results/pivot/e4_gt_maplesdr_preannot.csv); no Gate A train scale exists for this set
preannot,fidelity,all,hrf,0,continued,,total_length,pvbm,162,3742.5705005907253,0.5356005033651889,0.5295338016063542,1.385621881470149,1.2210412411708855,1.3986515783434617,,,,runs/pivot/e4/maples/e4mp_hrf_s0_continued/bio.csv,results/pivot/e4_gt_maplesdr_preannot.csv,1.4826*MAD of MAPLES-DR's own 162-image network PRE-ANNOTATION-mask biomarkers (results/pivot/e4_gt_maplesdr_preannot.csv); no Gate A train scale exists for this set
preannot,fidelity,all,hrf,0,continued,,total_length,skan,162,3130.1513354528465,0.8126962796330274,0.8190388689188369,1.4450903324407258,0.9835267842559314,1.4656454874997142,,,,runs/pivot/e4/maples/e4mp_hrf_s0_continued/bio.csv,results/pivot/e4_gt_maplesdr_preannot.csv,1.4826*MAD of MAPLES-DR's own 162-image network PRE-ANNOTATION-mask biomarkers (results/pivot/e4_gt_maplesdr_preannot.csv); no Gate A train scale exists for this set
preannot,fidelity,all,hrf,0,reliseg,,FD,pvbm,162,0.05863112950581929,0.7902344231027403,0.8156009150941133,1.09982950540082,0.607296199428448,1.1020515682073673,,,,runs/pivot/e4/maples/e4mp_hrf_s0_reliseg/bio.csv,results/pivot/e4_gt_maplesdr_preannot.csv,1.4826*MAD of MAPLES-DR's own 162-image network PRE-ANNOTATION-mask biomarkers (results/pivot/e4_gt_maplesdr_preannot.csv); no Gate A train scale exists for this set
preannot,fidelity,all,hrf,0,reliseg,,FD,skan,162,0.04989361650504784,0.7859303482847722,0.74545310848325,1.5209207938437326,0.6560809982453462,1.5229453218136288,,,,runs/pivot/e4/maples/e4mp_hrf_s0_reliseg/bio.csv,results/pivot/e4_gt_maplesdr_preannot.csv,1.4826*MAD of MAPLES-DR's own 162-image network PRE-ANNOTATION-mask biomarkers (results/pivot/e4_gt_maplesdr_preannot.csv); no Gate A train scale exists for this set
preannot,fidelity,all,hrf,0,reliseg,,tortuosity,pvbm,162,0.0062787696728688735,-0.013623222246825375,0.07524133453772876,1.7104067377586003,2.4838799532060793,2.009164002118692,,,,runs/pivot/e4/maples/e4mp_hrf_s0_reliseg/bio.csv,results/pivot/e4_gt_maplesdr_preannot.csv,1.4826*MAD of MAPLES-DR's own 162-image network PRE-ANNOTATION-mask biomarkers (results/pivot/e4_gt_maplesdr_preannot.csv); no Gate A train scale exists for this set
preannot,fidelity,all,hrf,0,reliseg,,tortuosity,skan,162,0.009258289494123093,0.31928493730561824,0.5603399001638532,-0.5325168889990686,1.9378997192189147,0.9928492750569988,,,,runs/pivot/e4/maples/e4mp_hrf_s0_reliseg/bio.csv,results/pivot/e4_gt_maplesdr_preannot.csv,1.4826*MAD of MAPLES-DR's own 162-image network PRE-ANNOTATION-mask biomarkers (results/pivot/e4_gt_maplesdr_preannot.csv); no Gate A train scale exists for this set
preannot,fidelity,all,hrf,0,reliseg,,density,pvbm,162,0.019181209714760065,0.5861889906951158,0.5206256059817009,-0.24620416026592104,0.9367199583951403,0.7677125867615657,,,,runs/pivot/e4/maples/e4mp_hrf_s0_reliseg/bio.csv,results/pivot/e4_gt_maplesdr_preannot.csv,1.4826*MAD of MAPLES-DR's own 162-image network PRE-ANNOTATION-mask biomarkers (results/pivot/e4_gt_maplesdr_preannot.csv); no Gate A train scale exists for this set
preannot,fidelity,all,hrf,0,reliseg,,density,skan,162,0.019181209714760065,0.5861889906951158,0.5206256059817009,-0.24620416026592104,0.9367199583951403,0.7677125867615657,,,,runs/pivot/e4/maples/e4mp_hrf_s0_reliseg/bio.csv,results/pivot/e4_gt_maplesdr_preannot.csv,1.4826*MAD of MAPLES-DR's own 162-image network PRE-ANNOTATION-mask biomarkers (results/pivot/e4_gt_maplesdr_preannot.csv); no Gate A train scale exists for this set
preannot,fidelity,all,hrf,0,reliseg,,total_length,pvbm,162,3742.5705005907253,0.524266165173009,0.5242893695814475,1.6303735232634116,1.2896650900926898,1.638070682617899,,,,runs/pivot/e4/maples/e4mp_hrf_s0_reliseg/bio.csv,results/pivot/e4_gt_maplesdr_preannot.csv,1.4826*MAD of MAPLES-DR's own 162-image network PRE-ANNOTATION-mask biomarkers (results/pivot/e4_gt_maplesdr_preannot.csv); no Gate A train scale exists for this set
preannot,fidelity,all,hrf,0,reliseg,,total_length,skan,162,3130.1513354528465,0.7962950763470629,0.8015950637983179,2.1799365914911153,1.1865864777756394,2.1824183457571062,,,,runs/pivot/e4/maples/e4mp_hrf_s0_reliseg/bio.csv,results/pivot/e4_gt_maplesdr_preannot.csv,1.4826*MAD of MAPLES-DR's own 162-image network PRE-ANNOTATION-mask biomarkers (results/pivot/e4_gt_maplesdr_preannot.csv); no Gate A train scale exists for this set
preannot,fidelity,all,hrf,1,baseline,,FD,pvbm,162,0.05863112950581929,0.813369884491083,0.8227449718514002,0.6204549270393365,0.558618039309647,0.6536808064036458,,,,runs/pivot/e4/maples/e4mp_hrf_s1_baseline/bio.csv,results/pivot/e4_gt_maplesdr_preannot.csv,1.4826*MAD of MAPLES-DR's own 162-image network PRE-ANNOTATION-mask biomarkers (results/pivot/e4_gt_maplesdr_preannot.csv); no Gate A train scale exists for this set
preannot,fidelity,all,hrf,1,baseline,,FD,skan,162,0.04989361650504784,0.7908524216002957,0.755947617777439,0.8648837073139882,0.6300726681122514,0.8991047169324415,,,,runs/pivot/e4/maples/e4mp_hrf_s1_baseline/bio.csv,results/pivot/e4_gt_maplesdr_preannot.csv,1.4826*MAD of MAPLES-DR's own 162-image network PRE-ANNOTATION-mask biomarkers (results/pivot/e4_gt_maplesdr_preannot.csv); no Gate A train scale exists for this set
preannot,fidelity,all,hrf,1,baseline,,tortuosity,pvbm,162,0.0062787696728688735,0.6524888488528102,0.659670753147998,-0.30497701091384594,0.8879844048276835,0.6928532928665895,,,,runs/pivot/e4/maples/e4mp_hrf_s1_baseline/bio.csv,results/pivot/e4_gt_maplesdr_preannot.csv,1.4826*MAD of MAPLES-DR's own 162-image network PRE-ANNOTATION-mask biomarkers (results/pivot/e4_gt_maplesdr_preannot.csv); no Gate A train scale exists for this set
preannot,fidelity,all,hrf,1,baseline,,tortuosity,skan,162,0.009258289494123093,0.40701706951794475,0.700384300010867,-0.7848096506710431,1.8647787291011204,1.010157594065664,,,,runs/pivot/e4/maples/e4mp_hrf_s1_baseline/bio.csv,results/pivot/e4_gt_maplesdr_preannot.csv,1.4826*MAD of MAPLES-DR's own 162-image network PRE-ANNOTATION-mask biomarkers (results/pivot/e4_gt_maplesdr_preannot.csv); no Gate A train scale exists for this set
preannot,fidelity,all,hrf,1,baseline,,density,pvbm,162,0.019181209714760065,0.5785710704786139,0.5301491332432916,-0.6648176356749584,0.9395156128940791,0.9527414586016922,,,,runs/pivot/e4/maples/e4mp_hrf_s1_baseline/bio.csv,results/pivot/e4_gt_maplesdr_preannot.csv,1.4826*MAD of MAPLES-DR's own 162-image network PRE-ANNOTATION-mask biomarkers (results/pivot/e4_gt_maplesdr_preannot.csv); no Gate A train scale exists for this set
preannot,fidelity,all,hrf,1,baseline,,density,skan,162,0.019181209714760065,0.5785710704786139,0.5301491332432916,-0.6648176356749584,0.9395156128940791,0.9527414586016922,,,,runs/pivot/e4/maples/e4mp_hrf_s1_baseline/bio.csv,results/pivot/e4_gt_maplesdr_preannot.csv,1.4826*MAD of MAPLES-DR's own 162-image network PRE-ANNOTATION-mask biomarkers (results/pivot/e4_gt_maplesdr_preannot.csv); no Gate A train scale exists for this set
preannot,fidelity,all,hrf,1,baseline,,total_length,pvbm,162,3742.5705005907253,0.525161129993823,0.5198437396356842,1.1312753802060906,1.2219387121049352,1.1627224324024439,,,,runs/pivot/e4/maples/e4mp_hrf_s1_baseline/bio.csv,results/pivot/e4_gt_maplesdr_preannot.csv,1.4826*MAD of MAPLES-DR's own 162-image network PRE-ANNOTATION-mask biomarkers (results/pivot/e4_gt_maplesdr_preannot.csv); no Gate A train scale exists for this set
preannot,fidelity,all,hrf,1,baseline,,total_length,skan,162,3130.1513354528465,0.8151060808704698,0.823131671091127,1.1445342445953777,0.9721632723600478,1.1825376083088708,,,,runs/pivot/e4/maples/e4mp_hrf_s1_baseline/bio.csv,results/pivot/e4_gt_maplesdr_preannot.csv,1.4826*MAD of MAPLES-DR's own 162-image network PRE-ANNOTATION-mask biomarkers (results/pivot/e4_gt_maplesdr_preannot.csv); no Gate A train scale exists for this set
preannot,fidelity,all,hrf,1,cfloss,,FD,pvbm,162,0.05863112950581929,0.7563790111145182,0.7443155917415719,0.4708303508274205,0.5974247372278355,0.5748435971574126,,,,runs/pivot/e4/maples/e4mp_hrf_s1_cfloss/bio.csv,results/pivot/e4_gt_maplesdr_preannot.csv,1.4826*MAD of MAPLES-DR's own 162-image network PRE-ANNOTATION-mask biomarkers (results/pivot/e4_gt_maplesdr_preannot.csv); no Gate A train scale exists for this set
preannot,fidelity,all,hrf,1,cfloss,,FD,skan,162,0.04989361650504784,0.7464132177985957,0.6955293898478747,0.68466220242667,0.6787140739535223,0.7688887308152289,,,,runs/pivot/e4/maples/e4mp_hrf_s1_cfloss/bio.csv,results/pivot/e4_gt_maplesdr_preannot.csv,1.4826*MAD of MAPLES-DR's own 162-image network PRE-ANNOTATION-mask biomarkers (results/pivot/e4_gt_maplesdr_preannot.csv); no Gate A train scale exists for this set
preannot,fidelity,all,hrf,1,cfloss,,tortuosity,pvbm,162,0.0062787696728688735,0.7199315260946327,0.7336090098234697,-0.39419839625298814,0.8056144844573172,0.659723513765471,,,,runs/pivot/e4/maples/e4mp_hrf_s1_cfloss/bio.csv,results/pivot/e4_gt_maplesdr_preannot.csv,1.4826*MAD of MAPLES-DR's own 162-image network PRE-ANNOTATION-mask biomarkers (results/pivot/e4_gt_maplesdr_preannot.csv); no Gate A train scale exists for this set
preannot,fidelity,all,hrf,1,cfloss,,tortuosity,skan,162,0.009258289494123093,0.4424312183684697,0.7072065778387464,-0.8234799022462467,1.8124168248085595,0.9885962606338684,,,,runs/pivot/e4/maples/e4mp_hrf_s1_cfloss/bio.csv,results/pivot/e4_gt_maplesdr_preannot.csv,1.4826*MAD of MAPLES-DR's own 162-image network PRE-ANNOTATION-mask biomarkers (results/pivot/e4_gt_maplesdr_preannot.csv); no Gate A train scale exists for this set
preannot,fidelity,all,hrf,1,cfloss,,density,pvbm,162,0.019181209714760065,0.5172446221690418,0.44956609240418255,-0.9928964643467127,1.003721619856901,1.1856279830720422,,,,runs/pivot/e4/maples/e4mp_hrf_s1_cfloss/bio.csv,results/pivot/e4_gt_maplesdr_preannot.csv,1.4826*MAD of MAPLES-DR's own 162-image network PRE-ANNOTATION-mask biomarkers (results/pivot/e4_gt_maplesdr_preannot.csv); no Gate A train scale exists for this set
preannot,fidelity,all,hrf,1,cfloss,,density,skan,162,0.019181209714760065,0.5172446221690418,0.44956609240418255,-0.9928964643467127,1.003721619856901,1.1856279830720422,,,,runs/pivot/e4/maples/e4mp_hrf_s1_cfloss/bio.csv,results/pivot/e4_gt_maplesdr_preannot.csv,1.4826*MAD of MAPLES-DR's own 162-image network PRE-ANNOTATION-mask biomarkers (results/pivot/e4_gt_maplesdr_preannot.csv); no Gate A train scale exists for this set
preannot,fidelity,all,hrf,1,cfloss,,total_length,pvbm,162,3742.5705005907253,0.5061490976487532,0.4997551375252095,0.9431686635730477,1.2307873387709753,1.0408133873730114,,,,runs/pivot/e4/maples/e4mp_hrf_s1_cfloss/bio.csv,results/pivot/e4_gt_maplesdr_preannot.csv,1.4826*MAD of MAPLES-DR's own 162-image network PRE-ANNOTATION-mask biomarkers (results/pivot/e4_gt_maplesdr_preannot.csv); no Gate A train scale exists for this set
preannot,fidelity,all,hrf,1,cfloss,,total_length,skan,162,3130.1513354528465,0.7904286759895607,0.7964127294615425,0.9082615635805705,0.9980750248678301,1.0047090117839859,,,,runs/pivot/e4/maples/e4mp_hrf_s1_cfloss/bio.csv,results/pivot/e4_gt_maplesdr_preannot.csv,1.4826*MAD of MAPLES-DR's own 162-image network PRE-ANNOTATION-mask biomarkers (results/pivot/e4_gt_maplesdr_preannot.csv); no Gate A train scale exists for this set
preannot,fidelity,all,hrf,1,continued,,FD,pvbm,162,0.05863112950581929,0.8428885095148321,0.8453005457539999,0.7773294024717238,0.5431073204375371,0.7891619022673309,,,,runs/pivot/e4/maples/e4mp_hrf_s1_continued/bio.csv,results/pivot/e4_gt_maplesdr_preannot.csv,1.4826*MAD of MAPLES-DR's own 162-image network PRE-ANNOTATION-mask biomarkers (results/pivot/e4_gt_maplesdr_preannot.csv); no Gate A train scale exists for this set
preannot,fidelity,all,hrf,1,continued,,FD,skan,162,0.04989361650504784,0.810516567164502,0.7782209294612603,0.9775392619482202,0.6118821461402241,0.9968180007322186,,,,runs/pivot/e4/maples/e4mp_hrf_s1_continued/bio.csv,results/pivot/e4_gt_maplesdr_preannot.csv,1.4826*MAD of MAPLES-DR's own 162-image network PRE-ANNOTATION-mask biomarkers (results/pivot/e4_gt_maplesdr_preannot.csv); no Gate A train scale exists for this set
preannot,fidelity,all,hrf,1,continued,,tortuosity,pvbm,162,0.0062787696728688735,0.6849894169345055,0.6815875916930979,-0.25015179460864,0.8467558431592995,0.6613644984506883,,,,runs/pivot/e4/maples/e4mp_hrf_s1_continued/bio.csv,results/pivot/e4_gt_maplesdr_preannot.csv,1.4826*MAD of MAPLES-DR's own 162-image network PRE-ANNOTATION-mask biomarkers (results/pivot/e4_gt_maplesdr_preannot.csv); no Gate A train scale exists for this set
preannot,fidelity,all,hrf,1,continued,,tortuosity,skan,162,0.009258289494123093,0.2224960278430193,0.6521061701109714,-0.682423532952627,2.5187808918368986,1.1984638613887812,,,,runs/pivot/e4/maples/e4mp_hrf_s1_continued/bio.csv,results/pivot/e4_gt_maplesdr_preannot.csv,1.4826*MAD of MAPLES-DR's own 162-image network PRE-ANNOTATION-mask biomarkers (results/pivot/e4_gt_maplesdr_preannot.csv); no Gate A train scale exists for this set
preannot,fidelity,all,hrf,1,continued,,density,pvbm,162,0.019181209714760065,0.5722095813047271,0.5044265772459958,-0.3264381687634257,0.9421071938140717,0.7930064036566977,,,,runs/pivot/e4/maples/e4mp_hrf_s1_continued/bio.csv,results/pivot/e4_gt_maplesdr_preannot.csv,1.4826*MAD of MAPLES-DR's own 162-image network PRE-ANNOTATION-mask biomarkers (results/pivot/e4_gt_maplesdr_preannot.csv); no Gate A train scale exists for this set
preannot,fidelity,all,hrf,1,continued,,density,skan,162,0.019181209714760065,0.5722095813047271,0.5044265772459958,-0.3264381687634257,0.9421071938140717,0.7930064036566977,,,,runs/pivot/e4/maples/e4mp_hrf_s1_continued/bio.csv,results/pivot/e4_gt_maplesdr_preannot.csv,1.4826*MAD of MAPLES-DR's own 162-image network PRE-ANNOTATION-mask biomarkers (results/pivot/e4_gt_maplesdr_preannot.csv); no Gate A train scale exists for this set
preannot,fidelity,all,hrf,1,continued,,total_length,pvbm,162,3742.5705005907253,0.527115585541204,0.5293813800082138,1.2941362776205698,1.2128796310122056,1.3097620546092323,,,,runs/pivot/e4/maples/e4mp_hrf_s1_continued/bio.csv,results/pivot/e4_gt_maplesdr_preannot.csv,1.4826*MAD of MAPLES-DR's own 162-image network PRE-ANNOTATION-mask biomarkers (results/pivot/e4_gt_maplesdr_preannot.csv); no Gate A train scale exists for this set
preannot,fidelity,all,hrf,1,continued,,total_length,skan,162,3130.1513354528465,0.8136105673988061,0.8279752907653682,1.316121546540873,0.9500916185811343,1.3398868037036014,,,,runs/pivot/e4/maples/e4mp_hrf_s1_continued/bio.csv,results/pivot/e4_gt_maplesdr_preannot.csv,1.4826*MAD of MAPLES-DR's own 162-image network PRE-ANNOTATION-mask biomarkers (results/pivot/e4_gt_maplesdr_preannot.csv); no Gate A train scale exists for this set
preannot,fidelity,all,hrf,1,reliseg,,FD,pvbm,162,0.05863112950581929,0.8520858044125188,0.8601644741948823,1.0786039739603992,0.5572479381506861,1.0797508607590889,,,,runs/pivot/e4/maples/e4mp_hrf_s1_reliseg/bio.csv,results/pivot/e4_gt_maplesdr_preannot.csv,1.4826*MAD of MAPLES-DR's own 162-image network PRE-ANNOTATION-mask biomarkers (results/pivot/e4_gt_maplesdr_preannot.csv); no Gate A train scale exists for this set
preannot,fidelity,all,hrf,1,reliseg,,FD,skan,162,0.04989361650504784,0.8120350439675773,0.7885630171573089,1.536106021924698,0.6174202548931104,1.5391562505559298,,,,runs/pivot/e4/maples/e4mp_hrf_s1_reliseg/bio.csv,results/pivot/e4_gt_maplesdr_preannot.csv,1.4826*MAD of MAPLES-DR's own 162-image network PRE-ANNOTATION-mask biomarkers (results/pivot/e4_gt_maplesdr_preannot.csv); no Gate A train scale exists for this set
preannot,fidelity,all,hrf,1,reliseg,,tortuosity,pvbm,162,0.0062787696728688735,0.5715153509299596,0.566415969359697,0.018194332792269022,0.9611779231791863,0.718048730717816,,,,runs/pivot/e4/maples/e4mp_hrf_s1_reliseg/bio.csv,results/pivot/e4_gt_maplesdr_preannot.csv,1.4826*MAD of MAPLES-DR's own 162-image network PRE-ANNOTATION-mask biomarkers (results/pivot/e4_gt_maplesdr_preannot.csv); no Gate A train scale exists for this set
preannot,fidelity,all,hrf,1,reliseg,,tortuosity,skan,162,0.009258289494123093,0.3030752280999888,0.6271965293037578,-0.7284074092420251,1.979719925018547,1.0167374555986821,,,,runs/pivot/e4/maples/e4mp_hrf_s1_reliseg/bio.csv,results/pivot/e4_gt_maplesdr_preannot.csv,1.4826*MAD of MAPLES-DR's own 162-image network PRE-ANNOTATION-mask biomarkers (results/pivot/e4_gt_maplesdr_preannot.csv); no Gate A train scale exists for this set
preannot,fidelity,all,hrf,1,reliseg,,density,pvbm,162,0.019181209714760065,0.5586809692131487,0.4877194765164891,-0.37751992135617024,0.9537353627756072,0.8249355191314276,,,,runs/pivot/e4/maples/e4mp_hrf_s1_reliseg/bio.csv,results/pivot/e4_gt_maplesdr_preannot.csv,1.4826*MAD of MAPLES-DR's own 162-image network PRE-ANNOTATION-mask biomarkers (results/pivot/e4_gt_maplesdr_preannot.csv); no Gate A train scale exists for this set
preannot,fidelity,all,hrf,1,reliseg,,density,skan,162,0.019181209714760065,0.5586809692131487,0.4877194765164891,-0.37751992135617024,0.9537353627756072,0.8249355191314276,,,,runs/pivot/e4/maples/e4mp_hrf_s1_reliseg/bio.csv,results/pivot/e4_gt_maplesdr_preannot.csv,1.4826*MAD of MAPLES-DR's own 162-image network PRE-ANNOTATION-mask biomarkers (results/pivot/e4_gt_maplesdr_preannot.csv); no Gate A train scale exists for this set
preannot,fidelity,all,hrf,1,reliseg,,total_length,pvbm,162,3742.5705005907253,0.5195773109955747,0.5235865366566888,1.5571305332719052,1.271195089337716,1.568400711668712,,,,runs/pivot/e4/maples/e4mp_hrf_s1_reliseg/bio.csv,results/pivot/e4_gt_maplesdr_preannot.csv,1.4826*MAD of MAPLES-DR's own 162-image network PRE-ANNOTATION-mask biomarkers (results/pivot/e4_gt_maplesdr_preannot.csv); no Gate A train scale exists for this set
preannot,fidelity,all,hrf,1,reliseg,,total_length,skan,162,3130.1513354528465,0.8090165554650366,0.8218050386628674,2.016572977639031,1.089097058295486,2.0230695978064483,,,,runs/pivot/e4/maples/e4mp_hrf_s1_reliseg/bio.csv,results/pivot/e4_gt_maplesdr_preannot.csv,1.4826*MAD of MAPLES-DR's own 162-image network PRE-ANNOTATION-mask biomarkers (results/pivot/e4_gt_maplesdr_preannot.csv); no Gate A train scale exists for this set
preannot,fidelity,all,hrf,2,baseline,,FD,pvbm,162,0.05863112950581929,0.7769526596311251,0.7877755055669164,0.7750732649130505,0.6011763641692051,0.7897269658222456,,,,runs/pivot/e4/maples/e4mp_hrf_s2_baseline/bio.csv,results/pivot/e4_gt_maplesdr_preannot.csv,1.4826*MAD of MAPLES-DR's own 162-image network PRE-ANNOTATION-mask biomarkers (results/pivot/e4_gt_maplesdr_preannot.csv); no Gate A train scale exists for this set
preannot,fidelity,all,hrf,2,baseline,,FD,skan,162,0.04989361650504784,0.7699812691494861,0.7275492159461217,0.978465514540206,0.6596519977942146,0.9990088009079264,,,,runs/pivot/e4/maples/e4mp_hrf_s2_baseline/bio.csv,results/pivot/e4_gt_maplesdr_preannot.csv,1.4826*MAD of MAPLES-DR's own 162-image network PRE-ANNOTATION-mask biomarkers (results/pivot/e4_gt_maplesdr_preannot.csv); no Gate A train scale exists for this set
preannot,fidelity,all,hrf,2,baseline,,tortuosity,pvbm,162,0.0062787696728688735,0.6479978821538384,0.6635782431981319,-0.3495322831765506,0.8973753591660175,0.7178813387706783,,,,runs/pivot/e4/maples/e4mp_hrf_s2_baseline/bio.csv,results/pivot/e4_gt_maplesdr_preannot.csv,1.4826*MAD of MAPLES-DR's own 162-image network PRE-ANNOTATION-mask biomarkers (results/pivot/e4_gt_maplesdr_preannot.csv); no Gate A train scale exists for this set
preannot,fidelity,all,hrf,2,baseline,,tortuosity,skan,162,0.009258289494123093,0.3218741935932197,0.6656801602120354,-0.774055633015077,1.9634604553788433,1.031491059014141,,,,runs/pivot/e4/maples/e4mp_hrf_s2_baseline/bio.csv,results/pivot/e4_gt_maplesdr_preannot.csv,1.4826*MAD of MAPLES-DR's own 162-image network PRE-ANNOTATION-mask biomarkers (results/pivot/e4_gt_maplesdr_preannot.csv); no Gate A train scale exists for this set
preannot,fidelity,all,hrf,2,baseline,,density,pvbm,162,0.019181209714760065,0.5791956682136227,0.5120335440420796,-0.26632816711515533,0.9399131867851802,0.7787925659811239,,,,runs/pivot/e4/maples/e4mp_hrf_s2_baseline/bio.csv,results/pivot/e4_gt_maplesdr_preannot.csv,1.4826*MAD of MAPLES-DR's own 162-image network PRE-ANNOTATION-mask biomarkers (results/pivot/e4_gt_maplesdr_preannot.csv); no Gate A train scale exists for this set
preannot,fidelity,all,hrf,2,baseline,,density,skan,162,0.019181209714760065,0.5791956682136227,0.5120335440420796,-0.26632816711515533,0.9399131867851802,0.7787925659811239,,,,runs/pivot/e4/maples/e4mp_hrf_s2_baseline/bio.csv,results/pivot/e4_gt_maplesdr_preannot.csv,1.4826*MAD of MAPLES-DR's own 162-image network PRE-ANNOTATION-mask biomarkers (results/pivot/e4_gt_maplesdr_preannot.csv); no Gate A train scale exists for this set
preannot,fidelity,all,hrf,2,baseline,,total_length,pvbm,162,3742.5705005907253,0.5177061085027931,0.5167924850506872,1.2509103518439437,1.2204088970396596,1.2697089017022196,,,,runs/pivot/e4/maples/e4mp_hrf_s2_baseline/bio.csv,results/pivot/e4_gt_maplesdr_preannot.csv,1.4826*MAD of MAPLES-DR's own 162-image network PRE-ANNOTATION-mask biomarkers (results/pivot/e4_gt_maplesdr_preannot.csv); no Gate A train scale exists for this set
preannot,fidelity,all,hrf,2,baseline,,total_length,skan,162,3130.1513354528465,0.7930000860080405,0.8021087810364951,1.3774065638651658,1.016427402439022,1.4022193901088653,,,,runs/pivot/e4/maples/e4mp_hrf_s2_baseline/bio.csv,results/pivot/e4_gt_maplesdr_preannot.csv,1.4826*MAD of MAPLES-DR's own 162-image network PRE-ANNOTATION-mask biomarkers (results/pivot/e4_gt_maplesdr_preannot.csv); no Gate A train scale exists for this set
preannot,fidelity,all,hrf,2,cfloss,,FD,pvbm,162,0.05863112950581929,0.7923102657169311,0.7926642871961622,0.5676367236850342,0.5732323217102188,0.6176034527164695,,,,runs/pivot/e4/maples/e4mp_hrf_s2_cfloss/bio.csv,results/pivot/e4_gt_maplesdr_preannot.csv,1.4826*MAD of MAPLES-DR's own 162-image network PRE-ANNOTATION-mask biomarkers (results/pivot/e4_gt_maplesdr_preannot.csv); no Gate A train scale exists for this set
preannot,fidelity,all,hrf,2,cfloss,,FD,skan,162,0.04989361650504784,0.7781172739269109,0.7355908665591248,0.8212743541344341,0.6484188607199146,0.8582842825006124,,,,runs/pivot/e4/maples/e4mp_hrf_s2_cfloss/bio.csv,results/pivot/e4_gt_maplesdr_preannot.csv,1.4826*MAD of MAPLES-DR's own 162-image network PRE-ANNOTATION-mask biomarkers (results/pivot/e4_gt_maplesdr_preannot.csv); no Gate A train scale exists for this set
preannot,fidelity,all,hrf,2,cfloss,,tortuosity,pvbm,162,0.0062787696728688735,0.6344057405743736,0.6514616284600153,-0.40557073412181444,0.8993903642830104,0.7469713182088727,,,,runs/pivot/e4/maples/e4mp_hrf_s2_cfloss/bio.csv,results/pivot/e4_gt_maplesdr_preannot.csv,1.4826*MAD of MAPLES-DR's own 162-image network PRE-ANNOTATION-mask biomarkers (results/pivot/e4_gt_maplesdr_preannot.csv); no Gate A train scale exists for this set
preannot,fidelity,all,hrf,2,cfloss,,tortuosity,skan,162,0.009258289494123093,0.37370754066812384,0.6927152355266519,-0.8357326706491748,1.8937524669625763,1.0343804374637122,,,,runs/pivot/e4/maples/e4mp_hrf_s2_cfloss/bio.csv,results/pivot/e4_gt_maplesdr_preannot.csv,1.4826*MAD of MAPLES-DR's own 162-image network PRE-ANNOTATION-mask biomarkers (results/pivot/e4_gt_maplesdr_preannot.csv); no Gate A train scale exists for this set
preannot,fidelity,all,hrf,2,cfloss,,density,pvbm,162,0.019181209714760065,0.564500296440351,0.5122791121724171,-0.6354886209858579,0.956215322009857,0.93550527053269,,,,runs/pivot/e4/maples/e4mp_hrf_s2_cfloss/bio.csv,results/pivot/e4_gt_maplesdr_preannot.csv,1.4826*MAD of MAPLES-DR's own 162-image network PRE-ANNOTATION-mask biomarkers (results/pivot/e4_gt_maplesdr_preannot.csv); no Gate A train scale exists for this set
preannot,fidelity,all,hrf,2,cfloss,,density,skan,162,0.019181209714760065,0.564500296440351,0.5122791121724171,-0.6354886209858579,0.956215322009857,0.93550527053269,,,,runs/pivot/e4/maples/e4mp_hrf_s2_cfloss/bio.csv,results/pivot/e4_gt_maplesdr_preannot.csv,1.4826*MAD of MAPLES-DR's own 162-image network PRE-ANNOTATION-mask biomarkers (results/pivot/e4_gt_maplesdr_preannot.csv); no Gate A train scale exists for this set
preannot,fidelity,all,hrf,2,cfloss,,total_length,pvbm,162,3742.5705005907253,0.5055656122020239,0.501268063017863,1.078287548116745,1.2238888934291388,1.1263415526754679,,,,runs/pivot/e4/maples/e4mp_hrf_s2_cfloss/bio.csv,results/pivot/e4_gt_maplesdr_preannot.csv,1.4826*MAD of MAPLES-DR's own 162-image network PRE-ANNOTATION-mask biomarkers (results/pivot/e4_gt_maplesdr_preannot.csv); no Gate A train scale exists for this set
preannot,fidelity,all,hrf,2,cfloss,,total_length,skan,162,3130.1513354528465,0.8005413653410002,0.8120698147371928,1.066444099668435,0.9704026373268096,1.1193906062215162,,,,runs/pivot/e4/maples/e4mp_hrf_s2_cfloss/bio.csv,results/pivot/e4_gt_maplesdr_preannot.csv,1.4826*MAD of MAPLES-DR's own 162-image network PRE-ANNOTATION-mask biomarkers (results/pivot/e4_gt_maplesdr_preannot.csv); no Gate A train scale exists for this set
preannot,fidelity,all,hrf,2,continued,,FD,pvbm,162,0.05863112950581929,0.8335746121268347,0.838196005707342,0.8183334281566836,0.5477142902157273,0.828188167761898,,,,runs/pivot/e4/maples/e4mp_hrf_s2_continued/bio.csv,results/pivot/e4_gt_maplesdr_preannot.csv,1.4826*MAD of MAPLES-DR's own 162-image network PRE-ANNOTATION-mask biomarkers (results/pivot/e4_gt_maplesdr_preannot.csv); no Gate A train scale exists for this set
preannot,fidelity,all,hrf,2,continued,,FD,skan,162,0.04989361650504784,0.8158177959666485,0.780930646761535,1.0855485389503976,0.6161088442203848,1.0983115999156803,,,,runs/pivot/e4/maples/e4mp_hrf_s2_continued/bio.csv,results/pivot/e4_gt_maplesdr_preannot.csv,1.4826*MAD of MAPLES-DR's own 162-image network PRE-ANNOTATION-mask biomarkers (results/pivot/e4_gt_maplesdr_preannot.csv); no Gate A train scale exists for this set
preannot,fidelity,all,hrf,2,continued,,tortuosity,pvbm,162,0.0062787696728688735,0.6675168714913045,0.6486399519025776,-0.31161094632654796,0.8664391450196259,0.6717140488888311,,,,runs/pivot/e4/maples/e4mp_hrf_s2_continued/bio.csv,results/pivot/e4_gt_maplesdr_preannot.csv,1.4826*MAD of MAPLES-DR's own 162-image network PRE-ANNOTATION-mask biomarkers (results/pivot/e4_gt_maplesdr_preannot.csv); no Gate A train scale exists for this set
preannot,fidelity,all,hrf,2,continued,,tortuosity,skan,162,0.009258289494123093,0.33887474283537666,0.6749186026326598,-0.8024551418995904,1.951134347605159,1.0534664019445192,,,,runs/pivot/e4/maples/e4mp_hrf_s2_continued/bio.csv,results/pivot/e4_gt_maplesdr_preannot.csv,1.4826*MAD of MAPLES-DR's own 162-image network PRE-ANNOTATION-mask biomarkers (results/pivot/e4_gt_maplesdr_preannot.csv); no Gate A train scale exists for this set
preannot,fidelity,all,hrf,2,continued,,density,pvbm,162,0.019181209714760065,0.6208981958108711,0.5642210056720594,-0.09312593458662463,0.8966448891320049,0.6863853355246616,,,,runs/pivot/e4/maples/e4mp_hrf_s2_continued/bio.csv,results/pivot/e4_gt_maplesdr_preannot.csv,1.4826*MAD of MAPLES-DR's own 162-image network PRE-ANNOTATION-mask biomarkers (results/pivot/e4_gt_maplesdr_preannot.csv); no Gate A train scale exists for this set
preannot,fidelity,all,hrf,2,continued,,density,skan,162,0.019181209714760065,0.6208981958108711,0.5642210056720594,-0.09312593458662463,0.8966448891320049,0.6863853355246616,,,,runs/pivot/e4/maples/e4mp_hrf_s2_continued/bio.csv,results/pivot/e4_gt_maplesdr_preannot.csv,1.4826*MAD of MAPLES-DR's own 162-image network PRE-ANNOTATION-mask biomarkers (results/pivot/e4_gt_maplesdr_preannot.csv); no Gate A train scale exists for this set
preannot,fidelity,all,hrf,2,continued,,total_length,pvbm,162,3742.5705005907253,0.5300801886099257,0.5342532259043329,1.34873670211947,1.2037482251902667,1.3619965087440056,,,,runs/pivot/e4/maples/e4mp_hrf_s2_continued/bio.csv,results/pivot/e4_gt_maplesdr_preannot.csv,1.4826*MAD of MAPLES-DR's own 162-image network PRE-ANNOTATION-mask biomarkers (results/pivot/e4_gt_maplesdr_preannot.csv); no Gate A train scale exists for this set
preannot,fidelity,all,hrf,2,continued,,total_length,skan,162,3130.1513354528465,0.8198440764663772,0.82858497715793,1.3900403155729693,0.9370510478495906,1.4099175107251973,,,,runs/pivot/e4/maples/e4mp_hrf_s2_continued/bio.csv,results/pivot/e4_gt_maplesdr_preannot.csv,1.4826*MAD of MAPLES-DR's own 162-image network PRE-ANNOTATION-mask biomarkers (results/pivot/e4_gt_maplesdr_preannot.csv); no Gate A train scale exists for this set
preannot,fidelity,all,hrf,2,reliseg,,FD,pvbm,162,0.05863112950581929,0.8228098447050279,0.8365024323946704,1.0788484798688542,0.5869391091917567,1.0808585564440742,,,,runs/pivot/e4/maples/e4mp_hrf_s2_reliseg/bio.csv,results/pivot/e4_gt_maplesdr_preannot.csv,1.4826*MAD of MAPLES-DR's own 162-image network PRE-ANNOTATION-mask biomarkers (results/pivot/e4_gt_maplesdr_preannot.csv); no Gate A train scale exists for this set
preannot,fidelity,all,hrf,2,reliseg,,FD,skan,162,0.04989361650504784,0.7920278634696772,0.7527524094608652,1.5185560107485416,0.6487925676778294,1.5240577881490796,,,,runs/pivot/e4/maples/e4mp_hrf_s2_reliseg/bio.csv,results/pivot/e4_gt_maplesdr_preannot.csv,1.4826*MAD of MAPLES-DR's own 162-image network PRE-ANNOTATION-mask biomarkers (results/pivot/e4_gt_maplesdr_preannot.csv); no Gate A train scale exists for this set
preannot,fidelity,all,hrf,2,reliseg,,tortuosity,pvbm,162,0.0062787696728688735,0.5933948831200722,0.5509328779501931,0.047389011590155995,0.9548491352273024,0.7101735593836278,,,,runs/pivot/e4/maples/e4mp_hrf_s2_reliseg/bio.csv,results/pivot/e4_gt_maplesdr_preannot.csv,1.4826*MAD of MAPLES-DR's own 162-image network PRE-ANNOTATION-mask biomarkers (results/pivot/e4_gt_maplesdr_preannot.csv); no Gate A train scale exists for this set
preannot,fidelity,all,hrf,2,reliseg,,tortuosity,skan,162,0.009258289494123093,0.32994275786255306,0.6398164731053502,-0.625834609299298,1.964043789568552,1.021702126574807,,,,runs/pivot/e4/maples/e4mp_hrf_s2_reliseg/bio.csv,results/pivot/e4_gt_maplesdr_preannot.csv,1.4826*MAD of MAPLES-DR's own 162-image network PRE-ANNOTATION-mask biomarkers (results/pivot/e4_gt_maplesdr_preannot.csv); no Gate A train scale exists for this set
preannot,fidelity,all,hrf,2,reliseg,,density,pvbm,162,0.019181209714760065,0.5836030689885716,0.5247494569980566,-0.21036262757011157,0.9318436010194407,0.7408483443156457,,,,runs/pivot/e4/maples/e4mp_hrf_s2_reliseg/bio.csv,results/pivot/e4_gt_maplesdr_preannot.csv,1.4826*MAD of MAPLES-DR's own 162-image network PRE-ANNOTATION-mask biomarkers (results/pivot/e4_gt_maplesdr_preannot.csv); no Gate A train scale exists for this set
preannot,fidelity,all,hrf,2,reliseg,,density,skan,162,0.019181209714760065,0.5836030689885716,0.5247494569980566,-0.21036262757011157,0.9318436010194407,0.7408483443156457,,,,runs/pivot/e4/maples/e4mp_hrf_s2_reliseg/bio.csv,results/pivot/e4_gt_maplesdr_preannot.csv,1.4826*MAD of MAPLES-DR's own 162-image network PRE-ANNOTATION-mask biomarkers (results/pivot/e4_gt_maplesdr_preannot.csv); no Gate A train scale exists for this set
preannot,fidelity,all,hrf,2,reliseg,,total_length,pvbm,162,3742.5705005907253,0.5156265713970478,0.5192594568428123,1.5242459687308,1.257846451399423,1.5363892485994834,,,,runs/pivot/e4/maples/e4mp_hrf_s2_reliseg/bio.csv,results/pivot/e4_gt_maplesdr_preannot.csv,1.4826*MAD of MAPLES-DR's own 162-image network PRE-ANNOTATION-mask biomarkers (results/pivot/e4_gt_maplesdr_preannot.csv); no Gate A train scale exists for this set
preannot,fidelity,all,hrf,2,reliseg,,total_length,skan,162,3130.1513354528465,0.8043067008173548,0.8113472234571195,1.931800886319193,1.0533415474129963,1.9409679812838658,,,,runs/pivot/e4/maples/e4mp_hrf_s2_reliseg/bio.csv,results/pivot/e4_gt_maplesdr_preannot.csv,1.4826*MAD of MAPLES-DR's own 162-image network PRE-ANNOTATION-mask biomarkers (results/pivot/e4_gt_maplesdr_preannot.csv); no Gate A train scale exists for this set
preannot,delta,all,fives,0,reliseg,continued,FD,pvbm,162,0.05863112950581929,,,,,,-0.002191765841045301,-0.008758804130637805,0.004727644875392233,runs/pivot/e4/maples/e4mp_fives_s0_reliseg/bio.csv,results/pivot/e4_gt_maplesdr_preannot.csv,1.4826*MAD of MAPLES-DR's own 162-image network PRE-ANNOTATION-mask biomarkers (results/pivot/e4_gt_maplesdr_preannot.csv); no Gate A train scale exists for this set
preannot,delta,all,fives,0,reliseg,baseline,FD,pvbm,162,0.05863112950581929,,,,,,-0.004123019184352428,-0.014874576509275522,0.005360433648682477,runs/pivot/e4/maples/e4mp_fives_s0_reliseg/bio.csv,results/pivot/e4_gt_maplesdr_preannot.csv,1.4826*MAD of MAPLES-DR's own 162-image network PRE-ANNOTATION-mask biomarkers (results/pivot/e4_gt_maplesdr_preannot.csv); no Gate A train scale exists for this set
preannot,delta,all,fives,0,cfloss,continued,FD,pvbm,162,0.05863112950581929,,,,,,0.001090803037681276,-0.005112676788148576,0.008175175513045183,runs/pivot/e4/maples/e4mp_fives_s0_cfloss/bio.csv,results/pivot/e4_gt_maplesdr_preannot.csv,1.4826*MAD of MAPLES-DR's own 162-image network PRE-ANNOTATION-mask biomarkers (results/pivot/e4_gt_maplesdr_preannot.csv); no Gate A train scale exists for this set
preannot,delta,all,fives,0,cfloss,baseline,FD,pvbm,162,0.05863112950581929,,,,,,-0.0008404503056258505,-0.006569053155967208,0.00511943869566525,runs/pivot/e4/maples/e4mp_fives_s0_cfloss/bio.csv,results/pivot/e4_gt_maplesdr_preannot.csv,1.4826*MAD of MAPLES-DR's own 162-image network PRE-ANNOTATION-mask biomarkers (results/pivot/e4_gt_maplesdr_preannot.csv); no Gate A train scale exists for this set
preannot,delta,all,fives,0,reliseg,continued,FD,skan,162,0.04989361650504784,,,,,,0.0019099213228462864,-0.012205657882069768,0.017858791712150632,runs/pivot/e4/maples/e4mp_fives_s0_reliseg/bio.csv,results/pivot/e4_gt_maplesdr_preannot.csv,1.4826*MAD of MAPLES-DR's own 162-image network PRE-ANNOTATION-mask biomarkers (results/pivot/e4_gt_maplesdr_preannot.csv); no Gate A train scale exists for this set
preannot,delta,all,fives,0,reliseg,baseline,FD,skan,162,0.04989361650504784,,,,,,-0.003416593608525642,-0.01885430041585161,0.013259642130196736,runs/pivot/e4/maples/e4mp_fives_s0_reliseg/bio.csv,results/pivot/e4_gt_maplesdr_preannot.csv,1.4826*MAD of MAPLES-DR's own 162-image network PRE-ANNOTATION-mask biomarkers (results/pivot/e4_gt_maplesdr_preannot.csv); no Gate A train scale exists for this set
preannot,delta,all,fives,0,cfloss,continued,FD,skan,162,0.04989361650504784,,,,,,0.002585668925778606,-0.005507864262780146,0.011693722012283683,runs/pivot/e4/maples/e4mp_fives_s0_cfloss/bio.csv,results/pivot/e4_gt_maplesdr_preannot.csv,1.4826*MAD of MAPLES-DR's own 162-image network PRE-ANNOTATION-mask biomarkers (results/pivot/e4_gt_maplesdr_preannot.csv); no Gate A train scale exists for this set
preannot,delta,all,fives,0,cfloss,baseline,FD,skan,162,0.04989361650504784,,,,,,-0.0027408460055933226,-0.011303677645002947,0.006042944143646779,runs/pivot/e4/maples/e4mp_fives_s0_cfloss/bio.csv,results/pivot/e4_gt_maplesdr_preannot.csv,1.4826*MAD of MAPLES-DR's own 162-image network PRE-ANNOTATION-mask biomarkers (results/pivot/e4_gt_maplesdr_preannot.csv); no Gate A train scale exists for this set
preannot,delta,all,fives,0,reliseg,continued,tortuosity,pvbm,162,0.0062787696728688735,,,,,,-0.1624329882342645,-0.3114730764401348,-0.04063422178288222,runs/pivot/e4/maples/e4mp_fives_s0_reliseg/bio.csv,results/pivot/e4_gt_maplesdr_preannot.csv,1.4826*MAD of MAPLES-DR's own 162-image network PRE-ANNOTATION-mask biomarkers (results/pivot/e4_gt_maplesdr_preannot.csv); no Gate A train scale exists for this set
preannot,delta,all,fives,0,reliseg,baseline,tortuosity,pvbm,162,0.0062787696728688735,,,,,,-0.17242508465039524,-0.3240126284752094,-0.04256330137902388,runs/pivot/e4/maples/e4mp_fives_s0_reliseg/bio.csv,results/pivot/e4_gt_maplesdr_preannot.csv,1.4826*MAD of MAPLES-DR's own 162-image network PRE-ANNOTATION-mask biomarkers (results/pivot/e4_gt_maplesdr_preannot.csv); no Gate A train scale exists for this set
preannot,delta,all,fives,0,cfloss,continued,tortuosity,pvbm,162,0.0062787696728688735,,,,,,0.02168933048316879,-0.02664356377928312,0.06462680900461291,runs/pivot/e4/maples/e4mp_fives_s0_cfloss/bio.csv,results/pivot/e4_gt_maplesdr_preannot.csv,1.4826*MAD of MAPLES-DR's own 162-image network PRE-ANNOTATION-mask biomarkers (results/pivot/e4_gt_maplesdr_preannot.csv); no Gate A train scale exists for this set
preannot,delta,all,fives,0,cfloss,baseline,tortuosity,pvbm,162,0.0062787696728688735,,,,,,0.011697234067038043,-0.02973707753150317,0.05619282158738794,runs/pivot/e4/maples/e4mp_fives_s0_cfloss/bio.csv,results/pivot/e4_gt_maplesdr_preannot.csv,1.4826*MAD of MAPLES-DR's own 162-image network PRE-ANNOTATION-mask biomarkers (results/pivot/e4_gt_maplesdr_preannot.csv); no Gate A train scale exists for this set
preannot,delta,all,fives,0,reliseg,continued,tortuosity,skan,162,0.009258289494123093,,,,,,0.0038979899754094105,-0.03532048056027974,0.04449901743529369,runs/pivot/e4/maples/e4mp_fives_s0_reliseg/bio.csv,results/pivot/e4_gt_maplesdr_preannot.csv,1.4826*MAD of MAPLES-DR's own 162-image network PRE-ANNOTATION-mask biomarkers (results/pivot/e4_gt_maplesdr_preannot.csv); no Gate A train scale exists for this set
preannot,delta,all,fives,0,reliseg,baseline,tortuosity,skan,162,0.009258289494123093,,,,,,0.016983804714690465,-0.03966195809021336,0.06256052674862529,runs/pivot/e4/maples/e4mp_fives_s0_reliseg/bio.csv,results/pivot/e4_gt_maplesdr_preannot.csv,1.4826*MAD of MAPLES-DR's own 162-image network PRE-ANNOTATION-mask biomarkers (results/pivot/e4_gt_maplesdr_preannot.csv); no Gate A train scale exists for this set
preannot,delta,all,fives,0,cfloss,continued,tortuosity,skan,162,0.009258289494123093,,,,,,-0.01633977493521216,-0.06020881205704193,0.0376325700005372,runs/pivot/e4/maples/e4mp_fives_s0_cfloss/bio.csv,results/pivot/e4_gt_maplesdr_preannot.csv,1.4826*MAD of MAPLES-DR's own 162-image network PRE-ANNOTATION-mask biomarkers (results/pivot/e4_gt_maplesdr_preannot.csv); no Gate A train scale exists for this set
preannot,delta,all,fives,0,cfloss,baseline,tortuosity,skan,162,0.009258289494123093,,,,,,-0.003253960195931105,-0.03815007419423029,0.026131666960259804,runs/pivot/e4/maples/e4mp_fives_s0_cfloss/bio.csv,results/pivot/e4_gt_maplesdr_preannot.csv,1.4826*MAD of MAPLES-DR's own 162-image network PRE-ANNOTATION-mask biomarkers (results/pivot/e4_gt_maplesdr_preannot.csv); no Gate A train scale exists for this set
preannot,delta,all,fives,0,reliseg,continued,density,pvbm,162,0.019181209714760065,,,,,,-0.003938430380642788,-0.011428229252844393,0.0030569997755036825,runs/pivot/e4/maples/e4mp_fives_s0_reliseg/bio.csv,results/pivot/e4_gt_maplesdr_preannot.csv,1.4826*MAD of MAPLES-DR's own 162-image network PRE-ANNOTATION-mask biomarkers (results/pivot/e4_gt_maplesdr_preannot.csv); no Gate A train scale exists for this set
preannot,delta,all,fives,0,reliseg,baseline,density,pvbm,162,0.019181209714760065,,,,,,-0.001854169036206832,-0.008101702314880527,0.004510642880462206,runs/pivot/e4/maples/e4mp_fives_s0_reliseg/bio.csv,results/pivot/e4_gt_maplesdr_preannot.csv,1.4826*MAD of MAPLES-DR's own 162-image network PRE-ANNOTATION-mask biomarkers (results/pivot/e4_gt_maplesdr_preannot.csv); no Gate A train scale exists for this set
preannot,delta,all,fives,0,cfloss,continued,density,pvbm,162,0.019181209714760065,,,,,,0.0004781788627074013,-0.0046190259499523465,0.005577110021533082,runs/pivot/e4/maples/e4mp_fives_s0_cfloss/bio.csv,results/pivot/e4_gt_maplesdr_preannot.csv,1.4826*MAD of MAPLES-DR's own 162-image network PRE-ANNOTATION-mask biomarkers (results/pivot/e4_gt_maplesdr_preannot.csv); no Gate A train scale exists for this set
preannot,delta,all,fives,0,cfloss,baseline,density,pvbm,162,0.019181209714760065,,,,,,0.002562440207143357,-0.003252766678505825,0.008649030917417732,runs/pivot/e4/maples/e4mp_fives_s0_cfloss/bio.csv,results/pivot/e4_gt_maplesdr_preannot.csv,1.4826*MAD of MAPLES-DR's own 162-image network PRE-ANNOTATION-mask biomarkers (results/pivot/e4_gt_maplesdr_preannot.csv); no Gate A train scale exists for this set
preannot,delta,all,fives,0,reliseg,continued,density,skan,162,0.019181209714760065,,,,,,-0.003938430380642788,-0.011428229252844393,0.0030569997755036825,runs/pivot/e4/maples/e4mp_fives_s0_reliseg/bio.csv,results/pivot/e4_gt_maplesdr_preannot.csv,1.4826*MAD of MAPLES-DR's own 162-image network PRE-ANNOTATION-mask biomarkers (results/pivot/e4_gt_maplesdr_preannot.csv); no Gate A train scale exists for this set
preannot,delta,all,fives,0,reliseg,baseline,density,skan,162,0.019181209714760065,,,,,,-0.001854169036206832,-0.008101702314880527,0.004510642880462206,runs/pivot/e4/maples/e4mp_fives_s0_reliseg/bio.csv,results/pivot/e4_gt_maplesdr_preannot.csv,1.4826*MAD of MAPLES-DR's own 162-image network PRE-ANNOTATION-mask biomarkers (results/pivot/e4_gt_maplesdr_preannot.csv); no Gate A train scale exists for this set
preannot,delta,all,fives,0,cfloss,continued,density,skan,162,0.019181209714760065,,,,,,0.0004781788627074013,-0.0046190259499523465,0.005577110021533082,runs/pivot/e4/maples/e4mp_fives_s0_cfloss/bio.csv,results/pivot/e4_gt_maplesdr_preannot.csv,1.4826*MAD of MAPLES-DR's own 162-image network PRE-ANNOTATION-mask biomarkers (results/pivot/e4_gt_maplesdr_preannot.csv); no Gate A train scale exists for this set
preannot,delta,all,fives,0,cfloss,baseline,density,skan,162,0.019181209714760065,,,,,,0.002562440207143357,-0.003252766678505825,0.008649030917417732,runs/pivot/e4/maples/e4mp_fives_s0_cfloss/bio.csv,results/pivot/e4_gt_maplesdr_preannot.csv,1.4826*MAD of MAPLES-DR's own 162-image network PRE-ANNOTATION-mask biomarkers (results/pivot/e4_gt_maplesdr_preannot.csv); no Gate A train scale exists for this set
preannot,delta,all,fives,0,reliseg,continued,total_length,pvbm,162,3742.5705005907253,,,,,,-0.00221203423700822,-0.01104695884461889,0.006006513286317352,runs/pivot/e4/maples/e4mp_fives_s0_reliseg/bio.csv,results/pivot/e4_gt_maplesdr_preannot.csv,1.4826*MAD of MAPLES-DR's own 162-image network PRE-ANNOTATION-mask biomarkers (results/pivot/e4_gt_maplesdr_preannot.csv); no Gate A train scale exists for this set
preannot,delta,all,fives,0,reliseg,baseline,total_length,pvbm,162,3742.5705005907253,,,,,,0.0020975934485842895,-0.006253039976579844,0.0107735666043525,runs/pivot/e4/maples/e4mp_fives_s0_reliseg/bio.csv,results/pivot/e4_gt_maplesdr_preannot.csv,1.4826*MAD of MAPLES-DR's own 162-image network PRE-ANNOTATION-mask biomarkers (results/pivot/e4_gt_maplesdr_preannot.csv); no Gate A train scale exists for this set
preannot,delta,all,fives,0,cfloss,continued,total_length,pvbm,162,3742.5705005907253,,,,,,-0.002962625857751755,-0.008357911866791521,0.002114461208348919,runs/pivot/e4/maples/e4mp_fives_s0_cfloss/bio.csv,results/pivot/e4_gt_maplesdr_preannot.csv,1.4826*MAD of MAPLES-DR's own 162-image network PRE-ANNOTATION-mask biomarkers (results/pivot/e4_gt_maplesdr_preannot.csv); no Gate A train scale exists for this set
preannot,delta,all,fives,0,cfloss,baseline,total_length,pvbm,162,3742.5705005907253,,,,,,0.0013470018278407547,-0.0023764086417489825,0.005689759054318488,runs/pivot/e4/maples/e4mp_fives_s0_cfloss/bio.csv,results/pivot/e4_gt_maplesdr_preannot.csv,1.4826*MAD of MAPLES-DR's own 162-image network PRE-ANNOTATION-mask biomarkers (results/pivot/e4_gt_maplesdr_preannot.csv); no Gate A train scale exists for this set
preannot,delta,all,fives,0,reliseg,continued,total_length,skan,162,3130.1513354528465,,,,,,-0.0029942344209533678,-0.00902440840225965,0.0026557549378487186,runs/pivot/e4/maples/e4mp_fives_s0_reliseg/bio.csv,results/pivot/e4_gt_maplesdr_preannot.csv,1.4826*MAD of MAPLES-DR's own 162-image network PRE-ANNOTATION-mask biomarkers (results/pivot/e4_gt_maplesdr_preannot.csv); no Gate A train scale exists for this set
preannot,delta,all,fives,0,reliseg,baseline,total_length,skan,162,3130.1513354528465,,,,,,-0.0014502527593877046,-0.0069663233562986095,0.0038116145325956794,runs/pivot/e4/maples/e4mp_fives_s0_reliseg/bio.csv,results/pivot/e4_gt_maplesdr_preannot.csv,1.4826*MAD of MAPLES-DR's own 162-image network PRE-ANNOTATION-mask biomarkers (results/pivot/e4_gt_maplesdr_preannot.csv); no Gate A train scale exists for this set
preannot,delta,all,fives,0,cfloss,continued,total_length,skan,162,3130.1513354528465,,,,,,0.00019786670443122656,-0.0015649495260682488,0.001818762695167541,runs/pivot/e4/maples/e4mp_fives_s0_cfloss/bio.csv,results/pivot/e4_gt_maplesdr_preannot.csv,1.4826*MAD of MAPLES-DR's own 162-image network PRE-ANNOTATION-mask biomarkers (results/pivot/e4_gt_maplesdr_preannot.csv); no Gate A train scale exists for this set
preannot,delta,all,fives,0,cfloss,baseline,total_length,skan,162,3130.1513354528465,,,,,,0.0017418483659968897,-0.00035523873435727157,0.003925066160537297,runs/pivot/e4/maples/e4mp_fives_s0_cfloss/bio.csv,results/pivot/e4_gt_maplesdr_preannot.csv,1.4826*MAD of MAPLES-DR's own 162-image network PRE-ANNOTATION-mask biomarkers (results/pivot/e4_gt_maplesdr_preannot.csv); no Gate A train scale exists for this set
preannot,delta,all,fives,1,reliseg,continued,FD,pvbm,162,0.05863112950581929,,,,,,-0.005790022754625701,-0.01642812041542824,0.0026506869442922674,runs/pivot/e4/maples/e4mp_fives_s1_reliseg/bio.csv,results/pivot/e4_gt_maplesdr_preannot.csv,1.4826*MAD of MAPLES-DR's own 162-image network PRE-ANNOTATION-mask biomarkers (results/pivot/e4_gt_maplesdr_preannot.csv); no Gate A train scale exists for this set
preannot,delta,all,fives,1,reliseg,baseline,FD,pvbm,162,0.05863112950581929,,,,,,-0.00386209279204075,-0.014934415162181155,0.005766964097504482,runs/pivot/e4/maples/e4mp_fives_s1_reliseg/bio.csv,results/pivot/e4_gt_maplesdr_preannot.csv,1.4826*MAD of MAPLES-DR's own 162-image network PRE-ANNOTATION-mask biomarkers (results/pivot/e4_gt_maplesdr_preannot.csv); no Gate A train scale exists for this set
preannot,delta,all,fives,1,cfloss,continued,FD,pvbm,162,0.05863112950581929,,,,,,-0.0012353331015653168,-0.006503857289470549,0.003792944468631786,runs/pivot/e4/maples/e4mp_fives_s1_cfloss/bio.csv,results/pivot/e4_gt_maplesdr_preannot.csv,1.4826*MAD of MAPLES-DR's own 162-image network PRE-ANNOTATION-mask biomarkers (results/pivot/e4_gt_maplesdr_preannot.csv); no Gate A train scale exists for this set
preannot,delta,all,fives,1,cfloss,baseline,FD,pvbm,162,0.05863112950581929,,,,,,0.0006925968610196342,-0.003789433972242537,0.005651354844824491,runs/pivot/e4/maples/e4mp_fives_s1_cfloss/bio.csv,results/pivot/e4_gt_maplesdr_preannot.csv,1.4826*MAD of MAPLES-DR's own 162-image network PRE-ANNOTATION-mask biomarkers (results/pivot/e4_gt_maplesdr_preannot.csv); no Gate A train scale exists for this set
preannot,delta,all,fives,1,reliseg,continued,FD,skan,162,0.04989361650504784,,,,,,-0.013185756892869382,-0.026542119813531415,-0.0010347582424370528,runs/pivot/e4/maples/e4mp_fives_s1_reliseg/bio.csv,results/pivot/e4_gt_maplesdr_preannot.csv,1.4826*MAD of MAPLES-DR's own 162-image network PRE-ANNOTATION-mask biomarkers (results/pivot/e4_gt_maplesdr_preannot.csv); no Gate A train scale exists for this set
preannot,delta,all,fives,1,reliseg,baseline,FD,skan,162,0.04989361650504784,,,,,,-0.011181085107645483,-0.02414468301688288,0.002396324810396853,runs/pivot/e4/maples/e4mp_fives_s1_reliseg/bio.csv,results/pivot/e4_gt_maplesdr_preannot.csv,1.4826*MAD of MAPLES-DR's own 162-image network PRE-ANNOTATION-mask biomarkers (results/pivot/e4_gt_maplesdr_preannot.csv); no Gate A train scale exists for this set
preannot,delta,all,fives,1,cfloss,continued,FD,skan,162,0.04989361650504784,,,,,,0.0038069666973179483,-0.006071001893542932,0.013433198238424147,runs/pivot/e4/maples/e4mp_fives_s1_cfloss/bio.csv,results/pivot/e4_gt_maplesdr_preannot.csv,1.4826*MAD of MAPLES-DR's own 162-image network PRE-ANNOTATION-mask biomarkers (results/pivot/e4_gt_maplesdr_preannot.csv); no Gate A train scale exists for this set
preannot,delta,all,fives,1,cfloss,baseline,FD,skan,162,0.04989361650504784,,,,,,0.005811638482541848,-0.002725547316645263,0.015317235131928413,runs/pivot/e4/maples/e4mp_fives_s1_cfloss/bio.csv,results/pivot/e4_gt_maplesdr_preannot.csv,1.4826*MAD of MAPLES-DR's own 162-image network PRE-ANNOTATION-mask biomarkers (results/pivot/e4_gt_maplesdr_preannot.csv); no Gate A train scale exists for this set
preannot,delta,all,fives,1,reliseg,continued,tortuosity,pvbm,162,0.0062787696728688735,,,,,,-0.437055019660299,-0.6015471071727044,-0.24929913592711708,runs/pivot/e4/maples/e4mp_fives_s1_reliseg/bio.csv,results/pivot/e4_gt_maplesdr_preannot.csv,1.4826*MAD of MAPLES-DR's own 162-image network PRE-ANNOTATION-mask biomarkers (results/pivot/e4_gt_maplesdr_preannot.csv); no Gate A train scale exists for this set
preannot,delta,all,fives,1,reliseg,baseline,tortuosity,pvbm,162,0.0062787696728688735,,,,,,-0.4295097914679826,-0.5988849597452245,-0.24826806778092586,runs/pivot/e4/maples/e4mp_fives_s1_reliseg/bio.csv,results/pivot/e4_gt_maplesdr_preannot.csv,1.4826*MAD of MAPLES-DR's own 162-image network PRE-ANNOTATION-mask biomarkers (results/pivot/e4_gt_maplesdr_preannot.csv); no Gate A train scale exists for this set
preannot,delta,all,fives,1,cfloss,continued,tortuosity,pvbm,162,0.0062787696728688735,,,,,,-0.007994962715430098,-0.05760044156797767,0.04405057504356813,runs/pivot/e4/maples/e4mp_fives_s1_cfloss/bio.csv,results/pivot/e4_gt_maplesdr_preannot.csv,1.4826*MAD of MAPLES-DR's own 162-image network PRE-ANNOTATION-mask biomarkers (results/pivot/e4_gt_maplesdr_preannot.csv); no Gate A train scale exists for this set
preannot,delta,all,fives,1,cfloss,baseline,tortuosity,pvbm,162,0.0062787696728688735,,,,,,-0.00044973452311369844,-0.05028920449923025,0.04964197109202632,runs/pivot/e4/maples/e4mp_fives_s1_cfloss/bio.csv,results/pivot/e4_gt_maplesdr_preannot.csv,1.4826*MAD of MAPLES-DR's own 162-image network PRE-ANNOTATION-mask biomarkers (results/pivot/e4_gt_maplesdr_preannot.csv); no Gate A train scale exists for this set
preannot,delta,all,fives,1,reliseg,continued,tortuosity,skan,162,0.009258289494123093,,,,,,-0.011637371229679644,-0.06351698802905065,0.016839907835174975,runs/pivot/e4/maples/e4mp_fives_s1_reliseg/bio.csv,results/pivot/e4_gt_maplesdr_preannot.csv,1.4826*MAD of MAPLES-DR's own 162-image network PRE-ANNOTATION-mask biomarkers (results/pivot/e4_gt_maplesdr_preannot.csv); no Gate A train scale exists for this set
preannot,delta,all,fives,1,reliseg,baseline,tortuosity,skan,162,0.009258289494123093,,,,,,-0.006400951539218214,-0.043332262640509225,0.02393140067215916,runs/pivot/e4/maples/e4mp_fives_s1_reliseg/bio.csv,results/pivot/e4_gt_maplesdr_preannot.csv,1.4826*MAD of MAPLES-DR's own 162-image network PRE-ANNOTATION-mask biomarkers (results/pivot/e4_gt_maplesdr_preannot.csv); no Gate A train scale exists for this set
preannot,delta,all,fives,1,cfloss,continued,tortuosity,skan,162,0.009258289494123093,,,,,,-0.01222972444012399,-0.04906883349374999,0.038454397327855605,runs/pivot/e4/maples/e4mp_fives_s1_cfloss/bio.csv,results/pivot/e4_gt_maplesdr_preannot.csv,1.4826*MAD of MAPLES-DR's own 162-image network PRE-ANNOTATION-mask biomarkers (results/pivot/e4_gt_maplesdr_preannot.csv); no Gate A train scale exists for this set
preannot,delta,all,fives,1,cfloss,baseline,tortuosity,skan,162,0.009258289494123093,,,,,,-0.00699330474966256,-0.0329085231186458,0.05301756824209828,runs/pivot/e4/maples/e4mp_fives_s1_cfloss/bio.csv,results/pivot/e4_gt_maplesdr_preannot.csv,1.4826*MAD of MAPLES-DR's own 162-image network PRE-ANNOTATION-mask biomarkers (results/pivot/e4_gt_maplesdr_preannot.csv); no Gate A train scale exists for this set
preannot,delta,all,fives,1,reliseg,continued,density,pvbm,162,0.019181209714760065,,,,,,-0.008112135212637317,-0.016263565120857054,-0.0009375226658071332,runs/pivot/e4/maples/e4mp_fives_s1_reliseg/bio.csv,results/pivot/e4_gt_maplesdr_preannot.csv,1.4826*MAD of MAPLES-DR's own 162-image network PRE-ANNOTATION-mask biomarkers (results/pivot/e4_gt_maplesdr_preannot.csv); no Gate A train scale exists for this set
preannot,delta,all,fives,1,reliseg,baseline,density,pvbm,162,0.019181209714760065,,,,,,-0.003896787080634234,-0.011643452553009595,0.003721354165561771,runs/pivot/e4/maples/e4mp_fives_s1_reliseg/bio.csv,results/pivot/e4_gt_maplesdr_preannot.csv,1.4826*MAD of MAPLES-DR's own 162-image network PRE-ANNOTATION-mask biomarkers (results/pivot/e4_gt_maplesdr_preannot.csv); no Gate A train scale exists for this set
preannot,delta,all,fives,1,cfloss,continued,density,pvbm,162,0.019181209714760065,,,,,,-0.0010173301935171297,-0.00467361715072089,0.0026253866208420557,runs/pivot/e4/maples/e4mp_fives_s1_cfloss/bio.csv,results/pivot/e4_gt_maplesdr_preannot.csv,1.4826*MAD of MAPLES-DR's own 162-image network PRE-ANNOTATION-mask biomarkers (results/pivot/e4_gt_maplesdr_preannot.csv); no Gate A train scale exists for this set
preannot,delta,all,fives,1,cfloss,baseline,density,pvbm,162,0.019181209714760065,,,,,,0.003198017938485953,-0.00035863862264541856,0.007456906986250796,runs/pivot/e4/maples/e4mp_fives_s1_cfloss/bio.csv,results/pivot/e4_gt_maplesdr_preannot.csv,1.4826*MAD of MAPLES-DR's own 162-image network PRE-ANNOTATION-mask biomarkers (results/pivot/e4_gt_maplesdr_preannot.csv); no Gate A train scale exists for this set
preannot,delta,all,fives,1,reliseg,continued,density,skan,162,0.019181209714760065,,,,,,-0.008112135212637317,-0.016263565120857054,-0.0009375226658071332,runs/pivot/e4/maples/e4mp_fives_s1_reliseg/bio.csv,results/pivot/e4_gt_maplesdr_preannot.csv,1.4826*MAD of MAPLES-DR's own 162-image network PRE-ANNOTATION-mask biomarkers (results/pivot/e4_gt_maplesdr_preannot.csv); no Gate A train scale exists for this set
preannot,delta,all,fives,1,reliseg,baseline,density,skan,162,0.019181209714760065,,,,,,-0.003896787080634234,-0.011643452553009595,0.003721354165561771,runs/pivot/e4/maples/e4mp_fives_s1_reliseg/bio.csv,results/pivot/e4_gt_maplesdr_preannot.csv,1.4826*MAD of MAPLES-DR's own 162-image network PRE-ANNOTATION-mask biomarkers (results/pivot/e4_gt_maplesdr_preannot.csv); no Gate A train scale exists for this set
preannot,delta,all,fives,1,cfloss,continued,density,skan,162,0.019181209714760065,,,,,,-0.0010173301935171297,-0.00467361715072089,0.0026253866208420557,runs/pivot/e4/maples/e4mp_fives_s1_cfloss/bio.csv,results/pivot/e4_gt_maplesdr_preannot.csv,1.4826*MAD of MAPLES-DR's own 162-image network PRE-ANNOTATION-mask biomarkers (results/pivot/e4_gt_maplesdr_preannot.csv); no Gate A train scale exists for this set
preannot,delta,all,fives,1,cfloss,baseline,density,skan,162,0.019181209714760065,,,,,,0.003198017938485953,-0.00035863862264541856,0.007456906986250796,runs/pivot/e4/maples/e4mp_fives_s1_cfloss/bio.csv,results/pivot/e4_gt_maplesdr_preannot.csv,1.4826*MAD of MAPLES-DR's own 162-image network PRE-ANNOTATION-mask biomarkers (results/pivot/e4_gt_maplesdr_preannot.csv); no Gate A train scale exists for this set
preannot,delta,all,fives,1,reliseg,continued,total_length,pvbm,162,3742.5705005907253,,,,,,-0.010749467984579986,-0.01950416550934193,-0.002161934928014158,runs/pivot/e4/maples/e4mp_fives_s1_reliseg/bio.csv,results/pivot/e4_gt_maplesdr_preannot.csv,1.4826*MAD of MAPLES-DR's own 162-image network PRE-ANNOTATION-mask biomarkers (results/pivot/e4_gt_maplesdr_preannot.csv); no Gate A train scale exists for this set
preannot,delta,all,fives,1,reliseg,baseline,total_length,pvbm,162,3742.5705005907253,,,,,,-0.0045123818925615344,-0.01368441573221033,0.005268474321160892,runs/pivot/e4/maples/e4mp_fives_s1_reliseg/bio.csv,results/pivot/e4_gt_maplesdr_preannot.csv,1.4826*MAD of MAPLES-DR's own 162-image network PRE-ANNOTATION-mask biomarkers (results/pivot/e4_gt_maplesdr_preannot.csv); no Gate A train scale exists for this set
preannot,delta,all,fives,1,cfloss,continued,total_length,pvbm,162,3742.5705005907253,,,,,,-0.003937668736271882,-0.006957572041629246,-0.0008466664811363938,runs/pivot/e4/maples/e4mp_fives_s1_cfloss/bio.csv,results/pivot/e4_gt_maplesdr_preannot.csv,1.4826*MAD of MAPLES-DR's own 162-image network PRE-ANNOTATION-mask biomarkers (results/pivot/e4_gt_maplesdr_preannot.csv); no Gate A train scale exists for this set
preannot,delta,all,fives,1,cfloss,baseline,total_length,pvbm,162,3742.5705005907253,,,,,,0.002299417355746569,-0.0015166960640024152,0.006102647423708471,runs/pivot/e4/maples/e4mp_fives_s1_cfloss/bio.csv,results/pivot/e4_gt_maplesdr_preannot.csv,1.4826*MAD of MAPLES-DR's own 162-image network PRE-ANNOTATION-mask biomarkers (results/pivot/e4_gt_maplesdr_preannot.csv); no Gate A train scale exists for this set
preannot,delta,all,fives,1,reliseg,continued,total_length,skan,162,3130.1513354528465,,,,,,-0.009767085843500056,-0.016537029119071373,-0.0031234553659156695,runs/pivot/e4/maples/e4mp_fives_s1_reliseg/bio.csv,results/pivot/e4_gt_maplesdr_preannot.csv,1.4826*MAD of MAPLES-DR's own 162-image network PRE-ANNOTATION-mask biomarkers (results/pivot/e4_gt_maplesdr_preannot.csv); no Gate A train scale exists for this set
preannot,delta,all,fives,1,reliseg,baseline,total_length,skan,162,3130.1513354528465,,,,,,-0.008101958976755252,-0.015940173436378744,-0.0004774269308376932,runs/pivot/e4/maples/e4mp_fives_s1_reliseg/bio.csv,results/pivot/e4_gt_maplesdr_preannot.csv,1.4826*MAD of MAPLES-DR's own 162-image network PRE-ANNOTATION-mask biomarkers (results/pivot/e4_gt_maplesdr_preannot.csv); no Gate A train scale exists for this set
preannot,delta,all,fives,1,cfloss,continued,total_length,skan,162,3130.1513354528465,,,,,,7.438293206429858e-05,-0.0016401150577599083,0.0018473775286863769,runs/pivot/e4/maples/e4mp_fives_s1_cfloss/bio.csv,results/pivot/e4_gt_maplesdr_preannot.csv,1.4826*MAD of MAPLES-DR's own 162-image network PRE-ANNOTATION-mask biomarkers (results/pivot/e4_gt_maplesdr_preannot.csv); no Gate A train scale exists for this set
preannot,delta,all,fives,1,cfloss,baseline,total_length,skan,162,3130.1513354528465,,,,,,0.0017395097988091024,0.00011661585454844358,0.003443358947605745,runs/pivot/e4/maples/e4mp_fives_s1_cfloss/bio.csv,results/pivot/e4_gt_maplesdr_preannot.csv,1.4826*MAD of MAPLES-DR's own 162-image network PRE-ANNOTATION-mask biomarkers (results/pivot/e4_gt_maplesdr_preannot.csv); no Gate A train scale exists for this set
preannot,delta,all,fives,2,reliseg,continued,FD,pvbm,162,0.05863112950581929,,,,,,-0.001827900096641799,-0.00656080927651892,0.0025761491910644804,runs/pivot/e4/maples/e4mp_fives_s2_reliseg/bio.csv,results/pivot/e4_gt_maplesdr_preannot.csv,1.4826*MAD of MAPLES-DR's own 162-image network PRE-ANNOTATION-mask biomarkers (results/pivot/e4_gt_maplesdr_preannot.csv); no Gate A train scale exists for this set
preannot,delta,all,fives,2,reliseg,baseline,FD,pvbm,162,0.05863112950581929,,,,,,-0.000346516715009515,-0.011615745203351579,0.01135549229548056,runs/pivot/e4/maples/e4mp_fives_s2_reliseg/bio.csv,results/pivot/e4_gt_maplesdr_preannot.csv,1.4826*MAD of MAPLES-DR's own 162-image network PRE-ANNOTATION-mask biomarkers (results/pivot/e4_gt_maplesdr_preannot.csv); no Gate A train scale exists for this set
preannot,delta,all,fives,2,cfloss,continued,FD,pvbm,162,0.05863112950581929,,,,,,-0.0017874630386328638,-0.011103902918876734,0.006951612330505554,runs/pivot/e4/maples/e4mp_fives_s2_cfloss/bio.csv,results/pivot/e4_gt_maplesdr_preannot.csv,1.4826*MAD of MAPLES-DR's own 162-image network PRE-ANNOTATION-mask biomarkers (results/pivot/e4_gt_maplesdr_preannot.csv); no Gate A train scale exists for this set
preannot,delta,all,fives,2,cfloss,baseline,FD,pvbm,162,0.05863112950581929,,,,,,-0.0003060796570005797,-0.006119729979868557,0.005968784042506934,runs/pivot/e4/maples/e4mp_fives_s2_cfloss/bio.csv,results/pivot/e4_gt_maplesdr_preannot.csv,1.4826*MAD of MAPLES-DR's own 162-image network PRE-ANNOTATION-mask biomarkers (results/pivot/e4_gt_maplesdr_preannot.csv); no Gate A train scale exists for this set
preannot,delta,all,fives,2,reliseg,continued,FD,skan,162,0.04989361650504784,,,,,,-0.007871899866942256,-0.01801600979087476,0.0019797602925955074,runs/pivot/e4/maples/e4mp_fives_s2_reliseg/bio.csv,results/pivot/e4_gt_maplesdr_preannot.csv,1.4826*MAD of MAPLES-DR's own 162-image network PRE-ANNOTATION-mask biomarkers (results/pivot/e4_gt_maplesdr_preannot.csv); no Gate A train scale exists for this set
preannot,delta,all,fives,2,reliseg,baseline,FD,skan,162,0.04989361650504784,,,,,,-0.0014754920606877553,-0.012509640305462092,0.010798342108850443,runs/pivot/e4/maples/e4mp_fives_s2_reliseg/bio.csv,results/pivot/e4_gt_maplesdr_preannot.csv,1.4826*MAD of MAPLES-DR's own 162-image network PRE-ANNOTATION-mask biomarkers (results/pivot/e4_gt_maplesdr_preannot.csv); no Gate A train scale exists for this set
preannot,delta,all,fives,2,cfloss,continued,FD,skan,162,0.04989361650504784,,,,,,-0.00023235009769662085,-0.009580082152409995,0.008522492415226549,runs/pivot/e4/maples/e4mp_fives_s2_cfloss/bio.csv,results/pivot/e4_gt_maplesdr_preannot.csv,1.4826*MAD of MAPLES-DR's own 162-image network PRE-ANNOTATION-mask biomarkers (results/pivot/e4_gt_maplesdr_preannot.csv); no Gate A train scale exists for this set
preannot,delta,all,fives,2,cfloss,baseline,FD,skan,162,0.04989361650504784,,,,,,0.00616405770855788,-0.002817318530047186,0.015271531909129157,runs/pivot/e4/maples/e4mp_fives_s2_cfloss/bio.csv,results/pivot/e4_gt_maplesdr_preannot.csv,1.4826*MAD of MAPLES-DR's own 162-image network PRE-ANNOTATION-mask biomarkers (results/pivot/e4_gt_maplesdr_preannot.csv); no Gate A train scale exists for this set
preannot,delta,all,fives,2,reliseg,continued,tortuosity,pvbm,162,0.0062787696728688735,,,,,,-0.19330073554330784,-0.30795682569181065,-0.08465529245847787,runs/pivot/e4/maples/e4mp_fives_s2_reliseg/bio.csv,results/pivot/e4_gt_maplesdr_preannot.csv,1.4826*MAD of MAPLES-DR's own 162-image network PRE-ANNOTATION-mask biomarkers (results/pivot/e4_gt_maplesdr_preannot.csv); no Gate A train scale exists for this set
preannot,delta,all,fives,2,reliseg,baseline,tortuosity,pvbm,162,0.0062787696728688735,,,,,,-0.15351743606545643,-0.2725923799526746,-0.04385352240441474,runs/pivot/e4/maples/e4mp_fives_s2_reliseg/bio.csv,results/pivot/e4_gt_maplesdr_preannot.csv,1.4826*MAD of MAPLES-DR's own 162-image network PRE-ANNOTATION-mask biomarkers (results/pivot/e4_gt_maplesdr_preannot.csv); no Gate A train scale exists for this set
preannot,delta,all,fives,2,cfloss,continued,tortuosity,pvbm,162,0.0062787696728688735,,,,,,-0.06656278992760001,-0.12141653767915739,-0.011825650259843714,runs/pivot/e4/maples/e4mp_fives_s2_cfloss/bio.csv,results/pivot/e4_gt_maplesdr_preannot.csv,1.4826*MAD of MAPLES-DR's own 162-image network PRE-ANNOTATION-mask biomarkers (results/pivot/e4_gt_maplesdr_preannot.csv); no Gate A train scale exists for this set
preannot,delta,all,fives,2,cfloss,baseline,tortuosity,pvbm,162,0.0062787696728688735,,,,,,-0.02677949044974859,-0.07759673119299379,0.028702582789429013,runs/pivot/e4/maples/e4mp_fives_s2_cfloss/bio.csv,results/pivot/e4_gt_maplesdr_preannot.csv,1.4826*MAD of MAPLES-DR's own 162-image network PRE-ANNOTATION-mask biomarkers (results/pivot/e4_gt_maplesdr_preannot.csv); no Gate A train scale exists for this set
preannot,delta,all,fives,2,reliseg,continued,tortuosity,skan,162,0.009258289494123093,,,,,,0.0010763609105966243,-0.013641693637201349,0.012316554349275756,runs/pivot/e4/maples/e4mp_fives_s2_reliseg/bio.csv,results/pivot/e4_gt_maplesdr_preannot.csv,1.4826*MAD of MAPLES-DR's own 162-image network PRE-ANNOTATION-mask biomarkers (results/pivot/e4_gt_maplesdr_preannot.csv); no Gate A train scale exists for this set
preannot,delta,all,fives,2,reliseg,baseline,tortuosity,skan,162,0.009258289494123093,,,,,,-0.023839720206308812,-0.1398044148524507,0.0011188760530821775,runs/pivot/e4/maples/e4mp_fives_s2_reliseg/bio.csv,results/pivot/e4_gt_maplesdr_preannot.csv,1.4826*MAD of MAPLES-DR's own 162-image network PRE-ANNOTATION-mask biomarkers (results/pivot/e4_gt_maplesdr_preannot.csv); no Gate A train scale exists for this set
preannot,delta,all,fives,2,cfloss,continued,tortuosity,skan,162,0.009258289494123093,,,,,,0.02030232208071528,0.0038645968104667246,0.08782587824865415,runs/pivot/e4/maples/e4mp_fives_s2_cfloss/bio.csv,results/pivot/e4_gt_maplesdr_preannot.csv,1.4826*MAD of MAPLES-DR's own 162-image network PRE-ANNOTATION-mask biomarkers (results/pivot/e4_gt_maplesdr_preannot.csv); no Gate A train scale exists for this set
preannot,delta,all,fives,2,cfloss,baseline,tortuosity,skan,162,0.009258289494123093,,,,,,-0.004613759036190157,-0.07808652031950895,0.02322219951001003,runs/pivot/e4/maples/e4mp_fives_s2_cfloss/bio.csv,results/pivot/e4_gt_maplesdr_preannot.csv,1.4826*MAD of MAPLES-DR's own 162-image network PRE-ANNOTATION-mask biomarkers (results/pivot/e4_gt_maplesdr_preannot.csv); no Gate A train scale exists for this set
preannot,delta,all,fives,2,reliseg,continued,density,pvbm,162,0.019181209714760065,,,,,,0.006077963432343236,0.0001324343116506283,0.012264539590399089,runs/pivot/e4/maples/e4mp_fives_s2_reliseg/bio.csv,results/pivot/e4_gt_maplesdr_preannot.csv,1.4826*MAD of MAPLES-DR's own 162-image network PRE-ANNOTATION-mask biomarkers (results/pivot/e4_gt_maplesdr_preannot.csv); no Gate A train scale exists for this set
preannot,delta,all,fives,2,reliseg,baseline,density,pvbm,162,0.019181209714760065,,,,,,0.015314850790561274,0.00489521145802752,0.02714631011910497,runs/pivot/e4/maples/e4mp_fives_s2_reliseg/bio.csv,results/pivot/e4_gt_maplesdr_preannot.csv,1.4826*MAD of MAPLES-DR's own 162-image network PRE-ANNOTATION-mask biomarkers (results/pivot/e4_gt_maplesdr_preannot.csv); no Gate A train scale exists for this set
preannot,delta,all,fives,2,cfloss,continued,density,pvbm,162,0.019181209714760065,,,,,,0.004225563522994968,-0.002725773230472472,0.011000802088842253,runs/pivot/e4/maples/e4mp_fives_s2_cfloss/bio.csv,results/pivot/e4_gt_maplesdr_preannot.csv,1.4826*MAD of MAPLES-DR's own 162-image network PRE-ANNOTATION-mask biomarkers (results/pivot/e4_gt_maplesdr_preannot.csv); no Gate A train scale exists for this set
preannot,delta,all,fives,2,cfloss,baseline,density,pvbm,162,0.019181209714760065,,,,,,0.013462450881213006,0.005168523621138066,0.023267722587261765,runs/pivot/e4/maples/e4mp_fives_s2_cfloss/bio.csv,results/pivot/e4_gt_maplesdr_preannot.csv,1.4826*MAD of MAPLES-DR's own 162-image network PRE-ANNOTATION-mask biomarkers (results/pivot/e4_gt_maplesdr_preannot.csv); no Gate A train scale exists for this set
preannot,delta,all,fives,2,reliseg,continued,density,skan,162,0.019181209714760065,,,,,,0.006077963432343236,0.0001324343116506283,0.012264539590399089,runs/pivot/e4/maples/e4mp_fives_s2_reliseg/bio.csv,results/pivot/e4_gt_maplesdr_preannot.csv,1.4826*MAD of MAPLES-DR's own 162-image network PRE-ANNOTATION-mask biomarkers (results/pivot/e4_gt_maplesdr_preannot.csv); no Gate A train scale exists for this set
preannot,delta,all,fives,2,reliseg,baseline,density,skan,162,0.019181209714760065,,,,,,0.015314850790561274,0.00489521145802752,0.02714631011910497,runs/pivot/e4/maples/e4mp_fives_s2_reliseg/bio.csv,results/pivot/e4_gt_maplesdr_preannot.csv,1.4826*MAD of MAPLES-DR's own 162-image network PRE-ANNOTATION-mask biomarkers (results/pivot/e4_gt_maplesdr_preannot.csv); no Gate A train scale exists for this set
preannot,delta,all,fives,2,cfloss,continued,density,skan,162,0.019181209714760065,,,,,,0.004225563522994968,-0.002725773230472472,0.011000802088842253,runs/pivot/e4/maples/e4mp_fives_s2_cfloss/bio.csv,results/pivot/e4_gt_maplesdr_preannot.csv,1.4826*MAD of MAPLES-DR's own 162-image network PRE-ANNOTATION-mask biomarkers (results/pivot/e4_gt_maplesdr_preannot.csv); no Gate A train scale exists for this set
preannot,delta,all,fives,2,cfloss,baseline,density,skan,162,0.019181209714760065,,,,,,0.013462450881213006,0.005168523621138066,0.023267722587261765,runs/pivot/e4/maples/e4mp_fives_s2_cfloss/bio.csv,results/pivot/e4_gt_maplesdr_preannot.csv,1.4826*MAD of MAPLES-DR's own 162-image network PRE-ANNOTATION-mask biomarkers (results/pivot/e4_gt_maplesdr_preannot.csv); no Gate A train scale exists for this set
preannot,delta,all,fives,2,reliseg,continued,total_length,pvbm,162,3742.5705005907253,,,,,,-0.0047742034868344385,-0.010926254372086969,0.0013454676909957404,runs/pivot/e4/maples/e4mp_fives_s2_reliseg/bio.csv,results/pivot/e4_gt_maplesdr_preannot.csv,1.4826*MAD of MAPLES-DR's own 162-image network PRE-ANNOTATION-mask biomarkers (results/pivot/e4_gt_maplesdr_preannot.csv); no Gate A train scale exists for this set
preannot,delta,all,fives,2,reliseg,baseline,total_length,pvbm,162,3742.5705005907253,,,,,,0.000489836389860776,-0.008833885874783256,0.010748667948880542,runs/pivot/e4/maples/e4mp_fives_s2_reliseg/bio.csv,results/pivot/e4_gt_maplesdr_preannot.csv,1.4826*MAD of MAPLES-DR's own 162-image network PRE-ANNOTATION-mask biomarkers (results/pivot/e4_gt_maplesdr_preannot.csv); no Gate A train scale exists for this set
preannot,delta,all,fives,2,cfloss,continued,total_length,pvbm,162,3742.5705005907253,,,,,,-0.0030775043698705318,-0.010618503261548186,0.003257263538986589,runs/pivot/e4/maples/e4mp_fives_s2_cfloss/bio.csv,results/pivot/e4_gt_maplesdr_preannot.csv,1.4826*MAD of MAPLES-DR's own 162-image network PRE-ANNOTATION-mask biomarkers (results/pivot/e4_gt_maplesdr_preannot.csv); no Gate A train scale exists for this set
preannot,delta,all,fives,2,cfloss,baseline,total_length,pvbm,162,3742.5705005907253,,,,,,0.002186535506824683,-0.0026233766176497974,0.007019175304556387,runs/pivot/e4/maples/e4mp_fives_s2_cfloss/bio.csv,results/pivot/e4_gt_maplesdr_preannot.csv,1.4826*MAD of MAPLES-DR's own 162-image network PRE-ANNOTATION-mask biomarkers (results/pivot/e4_gt_maplesdr_preannot.csv); no Gate A train scale exists for this set
preannot,delta,all,fives,2,reliseg,continued,total_length,skan,162,3130.1513354528465,,,,,,-0.004817724217424546,-0.00894558690486474,-0.0006123156964471568,runs/pivot/e4/maples/e4mp_fives_s2_reliseg/bio.csv,results/pivot/e4_gt_maplesdr_preannot.csv,1.4826*MAD of MAPLES-DR's own 162-image network PRE-ANNOTATION-mask biomarkers (results/pivot/e4_gt_maplesdr_preannot.csv); no Gate A train scale exists for this set
preannot,delta,all,fives,2,reliseg,baseline,total_length,skan,162,3130.1513354528465,,,,,,-0.003598669770199181,-0.00976717146629318,0.003100648575652228,runs/pivot/e4/maples/e4mp_fives_s2_reliseg/bio.csv,results/pivot/e4_gt_maplesdr_preannot.csv,1.4826*MAD of MAPLES-DR's own 162-image network PRE-ANNOTATION-mask biomarkers (results/pivot/e4_gt_maplesdr_preannot.csv); no Gate A train scale exists for this set
preannot,delta,all,fives,2,cfloss,continued,total_length,skan,162,3130.1513354528465,,,,,,0.0007384459137790289,-0.0026105293562839666,0.003325006724971401,runs/pivot/e4/maples/e4mp_fives_s2_cfloss/bio.csv,results/pivot/e4_gt_maplesdr_preannot.csv,1.4826*MAD of MAPLES-DR's own 162-image network PRE-ANNOTATION-mask biomarkers (results/pivot/e4_gt_maplesdr_preannot.csv); no Gate A train scale exists for this set
preannot,delta,all,fives,2,cfloss,baseline,total_length,skan,162,3130.1513354528465,,,,,,0.001957500361004394,-9.56456008581352e-05,0.003973956193871632,runs/pivot/e4/maples/e4mp_fives_s2_cfloss/bio.csv,results/pivot/e4_gt_maplesdr_preannot.csv,1.4826*MAD of MAPLES-DR's own 162-image network PRE-ANNOTATION-mask biomarkers (results/pivot/e4_gt_maplesdr_preannot.csv); no Gate A train scale exists for this set
preannot,delta,all,hrf,0,reliseg,continued,FD,pvbm,162,0.05863112950581929,,,,,,-0.025384510520977788,-0.052721016776195215,-0.00017788723721303575,runs/pivot/e4/maples/e4mp_hrf_s0_reliseg/bio.csv,results/pivot/e4_gt_maplesdr_preannot.csv,1.4826*MAD of MAPLES-DR's own 162-image network PRE-ANNOTATION-mask biomarkers (results/pivot/e4_gt_maplesdr_preannot.csv); no Gate A train scale exists for this set
preannot,delta,all,hrf,0,reliseg,baseline,FD,pvbm,162,0.05863112950581929,,,,,,0.011796897122952177,-0.008753206007286426,0.033226509999610916,runs/pivot/e4/maples/e4mp_hrf_s0_reliseg/bio.csv,results/pivot/e4_gt_maplesdr_preannot.csv,1.4826*MAD of MAPLES-DR's own 162-image network PRE-ANNOTATION-mask biomarkers (results/pivot/e4_gt_maplesdr_preannot.csv); no Gate A train scale exists for this set
preannot,delta,all,hrf,0,cfloss,continued,FD,pvbm,162,0.05863112950581929,,,,,,-0.06306111239122747,-0.09444713084390899,-0.03649659524353371,runs/pivot/e4/maples/e4mp_hrf_s0_cfloss/bio.csv,results/pivot/e4_gt_maplesdr_preannot.csv,1.4826*MAD of MAPLES-DR's own 162-image network PRE-ANNOTATION-mask biomarkers (results/pivot/e4_gt_maplesdr_preannot.csv); no Gate A train scale exists for this set
preannot,delta,all,hrf,0,cfloss,baseline,FD,pvbm,162,0.05863112950581929,,,,,,-0.025879704747297505,-0.06505591101623907,0.010302669518461751,runs/pivot/e4/maples/e4mp_hrf_s0_cfloss/bio.csv,results/pivot/e4_gt_maplesdr_preannot.csv,1.4826*MAD of MAPLES-DR's own 162-image network PRE-ANNOTATION-mask biomarkers (results/pivot/e4_gt_maplesdr_preannot.csv); no Gate A train scale exists for this set
preannot,delta,all,hrf,0,reliseg,continued,FD,skan,162,0.04989361650504784,,,,,,-0.010941367680077252,-0.03172417804944766,0.009224082312855883,runs/pivot/e4/maples/e4mp_hrf_s0_reliseg/bio.csv,results/pivot/e4_gt_maplesdr_preannot.csv,1.4826*MAD of MAPLES-DR's own 162-image network PRE-ANNOTATION-mask biomarkers (results/pivot/e4_gt_maplesdr_preannot.csv); no Gate A train scale exists for this set
preannot,delta,all,hrf,0,reliseg,baseline,FD,skan,162,0.04989361650504784,,,,,,0.020305616549045058,-0.008734793435575127,0.04511665653783037,runs/pivot/e4/maples/e4mp_hrf_s0_reliseg/bio.csv,results/pivot/e4_gt_maplesdr_preannot.csv,1.4826*MAD of MAPLES-DR's own 162-image network PRE-ANNOTATION-mask biomarkers (results/pivot/e4_gt_maplesdr_preannot.csv); no Gate A train scale exists for this set
preannot,delta,all,hrf,0,cfloss,continued,FD,skan,162,0.04989361650504784,,,,,,-0.0471261687773159,-0.07463389340202313,-0.02448407931101809,runs/pivot/e4/maples/e4mp_hrf_s0_cfloss/bio.csv,results/pivot/e4_gt_maplesdr_preannot.csv,1.4826*MAD of MAPLES-DR's own 162-image network PRE-ANNOTATION-mask biomarkers (results/pivot/e4_gt_maplesdr_preannot.csv); no Gate A train scale exists for this set
preannot,delta,all,hrf,0,cfloss,baseline,FD,skan,162,0.04989361650504784,,,,,,-0.015879184548193592,-0.05275725608240383,0.012234082943224374,runs/pivot/e4/maples/e4mp_hrf_s0_cfloss/bio.csv,results/pivot/e4_gt_maplesdr_preannot.csv,1.4826*MAD of MAPLES-DR's own 162-image network PRE-ANNOTATION-mask biomarkers (results/pivot/e4_gt_maplesdr_preannot.csv); no Gate A train scale exists for this set
preannot,delta,all,hrf,0,reliseg,continued,tortuosity,pvbm,162,0.0062787696728688735,,,,,,-0.6210832235944364,-0.7805867580390812,-0.45283699023170226,runs/pivot/e4/maples/e4mp_hrf_s0_reliseg/bio.csv,results/pivot/e4_gt_maplesdr_preannot.csv,1.4826*MAD of MAPLES-DR's own 162-image network PRE-ANNOTATION-mask biomarkers (results/pivot/e4_gt_maplesdr_preannot.csv); no Gate A train scale exists for this set
preannot,delta,all,hrf,0,reliseg,baseline,tortuosity,pvbm,162,0.0062787696728688735,,,,,,-0.6762434084092136,-0.8392694674320168,-0.5137105823270798,runs/pivot/e4/maples/e4mp_hrf_s0_reliseg/bio.csv,results/pivot/e4_gt_maplesdr_preannot.csv,1.4826*MAD of MAPLES-DR's own 162-image network PRE-ANNOTATION-mask biomarkers (results/pivot/e4_gt_maplesdr_preannot.csv); no Gate A train scale exists for this set
preannot,delta,all,hrf,0,cfloss,continued,tortuosity,pvbm,162,0.0062787696728688735,,,,,,0.052709847960429324,-0.02553427799988867,0.1176868359596143,runs/pivot/e4/maples/e4mp_hrf_s0_cfloss/bio.csv,results/pivot/e4_gt_maplesdr_preannot.csv,1.4826*MAD of MAPLES-DR's own 162-image network PRE-ANNOTATION-mask biomarkers (results/pivot/e4_gt_maplesdr_preannot.csv); no Gate A train scale exists for this set
preannot,delta,all,hrf,0,cfloss,baseline,tortuosity,pvbm,162,0.0062787696728688735,,,,,,-0.002450336854347923,-0.0927450603493206,0.06974806301388049,runs/pivot/e4/maples/e4mp_hrf_s0_cfloss/bio.csv,results/pivot/e4_gt_maplesdr_preannot.csv,1.4826*MAD of MAPLES-DR's own 162-image network PRE-ANNOTATION-mask biomarkers (results/pivot/e4_gt_maplesdr_preannot.csv); no Gate A train scale exists for this set
preannot,delta,all,hrf,0,reliseg,continued,tortuosity,skan,162,0.009258289494123093,,,,,,-0.05384195712932749,-0.15659483379585604,0.027111106827803513,runs/pivot/e4/maples/e4mp_hrf_s0_reliseg/bio.csv,results/pivot/e4_gt_maplesdr_preannot.csv,1.4826*MAD of MAPLES-DR's own 162-image network PRE-ANNOTATION-mask biomarkers (results/pivot/e4_gt_maplesdr_preannot.csv); no Gate A train scale exists for this set
preannot,delta,all,hrf,0,reliseg,baseline,tortuosity,skan,162,0.009258289494123093,,,,,,-0.06423619209855025,-0.13550917625437928,-0.0013488773593940031,runs/pivot/e4/maples/e4mp_hrf_s0_reliseg/bio.csv,results/pivot/e4_gt_maplesdr_preannot.csv,1.4826*MAD of MAPLES-DR's own 162-image network PRE-ANNOTATION-mask biomarkers (results/pivot/e4_gt_maplesdr_preannot.csv); no Gate A train scale exists for this set
preannot,delta,all,hrf,0,cfloss,continued,tortuosity,skan,162,0.009258289494123093,,,,,,-0.033555371805827794,-0.11496945003449503,0.03991378448941303,runs/pivot/e4/maples/e4mp_hrf_s0_cfloss/bio.csv,results/pivot/e4_gt_maplesdr_preannot.csv,1.4826*MAD of MAPLES-DR's own 162-image network PRE-ANNOTATION-mask biomarkers (results/pivot/e4_gt_maplesdr_preannot.csv); no Gate A train scale exists for this set
preannot,delta,all,hrf,0,cfloss,baseline,tortuosity,skan,162,0.009258289494123093,,,,,,-0.043949606775050554,-0.12820348596741718,0.04063422221746425,runs/pivot/e4/maples/e4mp_hrf_s0_cfloss/bio.csv,results/pivot/e4_gt_maplesdr_preannot.csv,1.4826*MAD of MAPLES-DR's own 162-image network PRE-ANNOTATION-mask biomarkers (results/pivot/e4_gt_maplesdr_preannot.csv); no Gate A train scale exists for this set
preannot,delta,all,hrf,0,reliseg,continued,density,pvbm,162,0.019181209714760065,,,,,,-0.041730480060056085,-0.06384765130993339,-0.022467576204871824,runs/pivot/e4/maples/e4mp_hrf_s0_reliseg/bio.csv,results/pivot/e4_gt_maplesdr_preannot.csv,1.4826*MAD of MAPLES-DR's own 162-image network PRE-ANNOTATION-mask biomarkers (results/pivot/e4_gt_maplesdr_preannot.csv); no Gate A train scale exists for this set
preannot,delta,all,hrf,0,reliseg,baseline,density,pvbm,162,0.019181209714760065,,,,,,-0.0057376653318460535,-0.03455113000425023,0.022521116252910846,runs/pivot/e4/maples/e4mp_hrf_s0_reliseg/bio.csv,results/pivot/e4_gt_maplesdr_preannot.csv,1.4826*MAD of MAPLES-DR's own 162-image network PRE-ANNOTATION-mask biomarkers (results/pivot/e4_gt_maplesdr_preannot.csv); no Gate A train scale exists for this set
preannot,delta,all,hrf,0,cfloss,continued,density,pvbm,162,0.019181209714760065,,,,,,-0.05094056646980827,-0.07194755123281289,-0.03252552202355159,runs/pivot/e4/maples/e4mp_hrf_s0_cfloss/bio.csv,results/pivot/e4_gt_maplesdr_preannot.csv,1.4826*MAD of MAPLES-DR's own 162-image network PRE-ANNOTATION-mask biomarkers (results/pivot/e4_gt_maplesdr_preannot.csv); no Gate A train scale exists for this set
preannot,delta,all,hrf,0,cfloss,baseline,density,pvbm,162,0.019181209714760065,,,,,,-0.014947751741598236,-0.041646392376185386,0.010145179778969579,runs/pivot/e4/maples/e4mp_hrf_s0_cfloss/bio.csv,results/pivot/e4_gt_maplesdr_preannot.csv,1.4826*MAD of MAPLES-DR's own 162-image network PRE-ANNOTATION-mask biomarkers (results/pivot/e4_gt_maplesdr_preannot.csv); no Gate A train scale exists for this set
preannot,delta,all,hrf,0,reliseg,continued,density,skan,162,0.019181209714760065,,,,,,-0.041730480060056085,-0.06384765130993339,-0.022467576204871824,runs/pivot/e4/maples/e4mp_hrf_s0_reliseg/bio.csv,results/pivot/e4_gt_maplesdr_preannot.csv,1.4826*MAD of MAPLES-DR's own 162-image network PRE-ANNOTATION-mask biomarkers (results/pivot/e4_gt_maplesdr_preannot.csv); no Gate A train scale exists for this set
preannot,delta,all,hrf,0,reliseg,baseline,density,skan,162,0.019181209714760065,,,,,,-0.0057376653318460535,-0.03455113000425023,0.022521116252910846,runs/pivot/e4/maples/e4mp_hrf_s0_reliseg/bio.csv,results/pivot/e4_gt_maplesdr_preannot.csv,1.4826*MAD of MAPLES-DR's own 162-image network PRE-ANNOTATION-mask biomarkers (results/pivot/e4_gt_maplesdr_preannot.csv); no Gate A train scale exists for this set
preannot,delta,all,hrf,0,cfloss,continued,density,skan,162,0.019181209714760065,,,,,,-0.05094056646980827,-0.07194755123281289,-0.03252552202355159,runs/pivot/e4/maples/e4mp_hrf_s0_cfloss/bio.csv,results/pivot/e4_gt_maplesdr_preannot.csv,1.4826*MAD of MAPLES-DR's own 162-image network PRE-ANNOTATION-mask biomarkers (results/pivot/e4_gt_maplesdr_preannot.csv); no Gate A train scale exists for this set
preannot,delta,all,hrf,0,cfloss,baseline,density,skan,162,0.019181209714760065,,,,,,-0.014947751741598236,-0.041646392376185386,0.010145179778969579,runs/pivot/e4/maples/e4mp_hrf_s0_cfloss/bio.csv,results/pivot/e4_gt_maplesdr_preannot.csv,1.4826*MAD of MAPLES-DR's own 162-image network PRE-ANNOTATION-mask biomarkers (results/pivot/e4_gt_maplesdr_preannot.csv); no Gate A train scale exists for this set
preannot,delta,all,hrf,0,reliseg,continued,total_length,pvbm,162,3742.5705005907253,,,,,,-0.011334338192179993,-0.02716221940708683,0.0017049770986487917,runs/pivot/e4/maples/e4mp_hrf_s0_reliseg/bio.csv,results/pivot/e4_gt_maplesdr_preannot.csv,1.4826*MAD of MAPLES-DR's own 162-image network PRE-ANNOTATION-mask biomarkers (results/pivot/e4_gt_maplesdr_preannot.csv); no Gate A train scale exists for this set
preannot,delta,all,hrf,0,reliseg,baseline,total_length,pvbm,162,3742.5705005907253,,,,,,-0.007534107679875279,-0.025362146191527074,0.008860232410301146,runs/pivot/e4/maples/e4mp_hrf_s0_reliseg/bio.csv,results/pivot/e4_gt_maplesdr_preannot.csv,1.4826*MAD of MAPLES-DR's own 162-image network PRE-ANNOTATION-mask biomarkers (results/pivot/e4_gt_maplesdr_preannot.csv); no Gate A train scale exists for this set
preannot,delta,all,hrf,0,cfloss,continued,total_length,pvbm,162,3742.5705005907253,,,,,,-0.022432687468371126,-0.041183495955372434,-0.0049757865448049375,runs/pivot/e4/maples/e4mp_hrf_s0_cfloss/bio.csv,results/pivot/e4_gt_maplesdr_preannot.csv,1.4826*MAD of MAPLES-DR's own 162-image network PRE-ANNOTATION-mask biomarkers (results/pivot/e4_gt_maplesdr_preannot.csv); no Gate A train scale exists for this set
preannot,delta,all,hrf,0,cfloss,baseline,total_length,pvbm,162,3742.5705005907253,,,,,,-0.018632456956066412,-0.04371851826535009,0.003067720062678486,runs/pivot/e4/maples/e4mp_hrf_s0_cfloss/bio.csv,results/pivot/e4_gt_maplesdr_preannot.csv,1.4826*MAD of MAPLES-DR's own 162-image network PRE-ANNOTATION-mask biomarkers (results/pivot/e4_gt_maplesdr_preannot.csv); no Gate A train scale exists for this set
preannot,delta,all,hrf,0,reliseg,continued,total_length,skan,162,3130.1513354528465,,,,,,-0.016401203285964505,-0.03176381432315127,-0.0019730532644502558,runs/pivot/e4/maples/e4mp_hrf_s0_reliseg/bio.csv,results/pivot/e4_gt_maplesdr_preannot.csv,1.4826*MAD of MAPLES-DR's own 162-image network PRE-ANNOTATION-mask biomarkers (results/pivot/e4_gt_maplesdr_preannot.csv); no Gate A train scale exists for this set
preannot,delta,all,hrf,0,reliseg,baseline,total_length,skan,162,3130.1513354528465,,,,,,0.000635410918043644,-0.013795385281627498,0.014872577520020495,runs/pivot/e4/maples/e4mp_hrf_s0_reliseg/bio.csv,results/pivot/e4_gt_maplesdr_preannot.csv,1.4826*MAD of MAPLES-DR's own 162-image network PRE-ANNOTATION-mask biomarkers (results/pivot/e4_gt_maplesdr_preannot.csv); no Gate A train scale exists for this set
preannot,delta,all,hrf,0,cfloss,continued,total_length,skan,162,3130.1513354528465,,,,,,-0.015594105166030658,-0.03246102657908139,-0.0032713941177693537,runs/pivot/e4/maples/e4mp_hrf_s0_cfloss/bio.csv,results/pivot/e4_gt_maplesdr_preannot.csv,1.4826*MAD of MAPLES-DR's own 162-image network PRE-ANNOTATION-mask biomarkers (results/pivot/e4_gt_maplesdr_preannot.csv); no Gate A train scale exists for this set
preannot,delta,all,hrf,0,cfloss,baseline,total_length,skan,162,3130.1513354528465,,,,,,0.0014425090379774907,-0.020060108728327718,0.017865841020167635,runs/pivot/e4/maples/e4mp_hrf_s0_cfloss/bio.csv,results/pivot/e4_gt_maplesdr_preannot.csv,1.4826*MAD of MAPLES-DR's own 162-image network PRE-ANNOTATION-mask biomarkers (results/pivot/e4_gt_maplesdr_preannot.csv); no Gate A train scale exists for this set
preannot,delta,all,hrf,1,reliseg,continued,FD,pvbm,162,0.05863112950581929,,,,,,0.009197294897686725,-0.004030638397247183,0.025651740219027146,runs/pivot/e4/maples/e4mp_hrf_s1_reliseg/bio.csv,results/pivot/e4_gt_maplesdr_preannot.csv,1.4826*MAD of MAPLES-DR's own 162-image network PRE-ANNOTATION-mask biomarkers (results/pivot/e4_gt_maplesdr_preannot.csv); no Gate A train scale exists for this set
preannot,delta,all,hrf,1,reliseg,baseline,FD,pvbm,162,0.05863112950581929,,,,,,0.03871591992143575,0.014552519443532475,0.06589943867866337,runs/pivot/e4/maples/e4mp_hrf_s1_reliseg/bio.csv,results/pivot/e4_gt_maplesdr_preannot.csv,1.4826*MAD of MAPLES-DR's own 162-image network PRE-ANNOTATION-mask biomarkers (results/pivot/e4_gt_maplesdr_preannot.csv); no Gate A train scale exists for this set
preannot,delta,all,hrf,1,cfloss,continued,FD,pvbm,162,0.05863112950581929,,,,,,-0.08650949840031386,-0.12856038523688246,-0.05149421527029227,runs/pivot/e4/maples/e4mp_hrf_s1_cfloss/bio.csv,results/pivot/e4_gt_maplesdr_preannot.csv,1.4826*MAD of MAPLES-DR's own 162-image network PRE-ANNOTATION-mask biomarkers (results/pivot/e4_gt_maplesdr_preannot.csv); no Gate A train scale exists for this set
preannot,delta,all,hrf,1,cfloss,baseline,FD,pvbm,162,0.05863112950581929,,,,,,-0.05699087337656483,-0.0920776112885521,-0.030098960434736616,runs/pivot/e4/maples/e4mp_hrf_s1_cfloss/bio.csv,results/pivot/e4_gt_maplesdr_preannot.csv,1.4826*MAD of MAPLES-DR's own 162-image network PRE-ANNOTATION-mask biomarkers (results/pivot/e4_gt_maplesdr_preannot.csv); no Gate A train scale exists for this set
preannot,delta,all,hrf,1,reliseg,continued,FD,skan,162,0.04989361650504784,,,,,,0.0015184768030752638,-0.01770141928308063,0.026106522109778495,runs/pivot/e4/maples/e4mp_hrf_s1_reliseg/bio.csv,results/pivot/e4_gt_maplesdr_preannot.csv,1.4826*MAD of MAPLES-DR's own 162-image network PRE-ANNOTATION-mask biomarkers (results/pivot/e4_gt_maplesdr_preannot.csv); no Gate A train scale exists for this set
preannot,delta,all,hrf,1,reliseg,baseline,FD,skan,162,0.04989361650504784,,,,,,0.021182622367281634,-0.008032778992146624,0.056300823167302116,runs/pivot/e4/maples/e4mp_hrf_s1_reliseg/bio.csv,results/pivot/e4_gt_maplesdr_preannot.csv,1.4826*MAD of MAPLES-DR's own 162-image network PRE-ANNOTATION-mask biomarkers (results/pivot/e4_gt_maplesdr_preannot.csv); no Gate A train scale exists for this set
preannot,delta,all,hrf,1,cfloss,continued,FD,skan,162,0.04989361650504784,,,,,,-0.06410334936590634,-0.097432219697692,-0.03800728189531777,runs/pivot/e4/maples/e4mp_hrf_s1_cfloss/bio.csv,results/pivot/e4_gt_maplesdr_preannot.csv,1.4826*MAD of MAPLES-DR's own 162-image network PRE-ANNOTATION-mask biomarkers (results/pivot/e4_gt_maplesdr_preannot.csv); no Gate A train scale exists for this set
preannot,delta,all,hrf,1,cfloss,baseline,FD,skan,162,0.04989361650504784,,,,,,-0.04443920380169997,-0.07191260548934404,-0.022933399182286412,runs/pivot/e4/maples/e4mp_hrf_s1_cfloss/bio.csv,results/pivot/e4_gt_maplesdr_preannot.csv,1.4826*MAD of MAPLES-DR's own 162-image network PRE-ANNOTATION-mask biomarkers (results/pivot/e4_gt_maplesdr_preannot.csv); no Gate A train scale exists for this set
preannot,delta,all,hrf,1,reliseg,continued,tortuosity,pvbm,162,0.0062787696728688735,,,,,,-0.1134740660045459,-0.1997160033670867,-0.029772028455133773,runs/pivot/e4/maples/e4mp_hrf_s1_reliseg/bio.csv,results/pivot/e4_gt_maplesdr_preannot.csv,1.4826*MAD of MAPLES-DR's own 162-image network PRE-ANNOTATION-mask biomarkers (results/pivot/e4_gt_maplesdr_preannot.csv); no Gate A train scale exists for this set
preannot,delta,all,hrf,1,reliseg,baseline,tortuosity,pvbm,162,0.0062787696728688735,,,,,,-0.08097349792285058,-0.17815334669554533,0.014602798146210336,runs/pivot/e4/maples/e4mp_hrf_s1_reliseg/bio.csv,results/pivot/e4_gt_maplesdr_preannot.csv,1.4826*MAD of MAPLES-DR's own 162-image network PRE-ANNOTATION-mask biomarkers (results/pivot/e4_gt_maplesdr_preannot.csv); no Gate A train scale exists for this set
preannot,delta,all,hrf,1,cfloss,continued,tortuosity,pvbm,162,0.0062787696728688735,,,,,,0.03494210916012719,-0.0206075918745228,0.09466044570538623,runs/pivot/e4/maples/e4mp_hrf_s1_cfloss/bio.csv,results/pivot/e4_gt_maplesdr_preannot.csv,1.4826*MAD of MAPLES-DR's own 162-image network PRE-ANNOTATION-mask biomarkers (results/pivot/e4_gt_maplesdr_preannot.csv); no Gate A train scale exists for this set
preannot,delta,all,hrf,1,cfloss,baseline,tortuosity,pvbm,162,0.0062787696728688735,,,,,,0.06744267724182251,0.01212439619851402,0.11923209587370893,runs/pivot/e4/maples/e4mp_hrf_s1_cfloss/bio.csv,results/pivot/e4_gt_maplesdr_preannot.csv,1.4826*MAD of MAPLES-DR's own 162-image network PRE-ANNOTATION-mask biomarkers (results/pivot/e4_gt_maplesdr_preannot.csv); no Gate A train scale exists for this set
preannot,delta,all,hrf,1,reliseg,continued,tortuosity,skan,162,0.009258289494123093,,,,,,0.08057920025696952,-0.11346304373255836,0.26903319171672857,runs/pivot/e4/maples/e4mp_hrf_s1_reliseg/bio.csv,results/pivot/e4_gt_maplesdr_preannot.csv,1.4826*MAD of MAPLES-DR's own 162-image network PRE-ANNOTATION-mask biomarkers (results/pivot/e4_gt_maplesdr_preannot.csv); no Gate A train scale exists for this set
preannot,delta,all,hrf,1,reliseg,baseline,tortuosity,skan,162,0.009258289494123093,,,,,,-0.10394184141795593,-0.1982614391019508,-0.0019262618993613693,runs/pivot/e4/maples/e4mp_hrf_s1_reliseg/bio.csv,results/pivot/e4_gt_maplesdr_preannot.csv,1.4826*MAD of MAPLES-DR's own 162-image network PRE-ANNOTATION-mask biomarkers (results/pivot/e4_gt_maplesdr_preannot.csv); no Gate A train scale exists for this set
preannot,delta,all,hrf,1,cfloss,continued,tortuosity,skan,162,0.009258289494123093,,,,,,0.2199351905254504,-0.000626661755805556,0.38141488735767215,runs/pivot/e4/maples/e4mp_hrf_s1_cfloss/bio.csv,results/pivot/e4_gt_maplesdr_preannot.csv,1.4826*MAD of MAPLES-DR's own 162-image network PRE-ANNOTATION-mask biomarkers (results/pivot/e4_gt_maplesdr_preannot.csv); no Gate A train scale exists for this set
preannot,delta,all,hrf,1,cfloss,baseline,tortuosity,skan,162,0.009258289494123093,,,,,,0.03541414885052496,-0.011870600359506078,0.08916170726281296,runs/pivot/e4/maples/e4mp_hrf_s1_cfloss/bio.csv,results/pivot/e4_gt_maplesdr_preannot.csv,1.4826*MAD of MAPLES-DR's own 162-image network PRE-ANNOTATION-mask biomarkers (results/pivot/e4_gt_maplesdr_preannot.csv); no Gate A train scale exists for this set
preannot,delta,all,hrf,1,reliseg,continued,density,pvbm,162,0.019181209714760065,,,,,,-0.013528612091578407,-0.029464953857073893,0.0021587944635369154,runs/pivot/e4/maples/e4mp_hrf_s1_reliseg/bio.csv,results/pivot/e4_gt_maplesdr_preannot.csv,1.4826*MAD of MAPLES-DR's own 162-image network PRE-ANNOTATION-mask biomarkers (results/pivot/e4_gt_maplesdr_preannot.csv); no Gate A train scale exists for this set
preannot,delta,all,hrf,1,reliseg,baseline,density,pvbm,162,0.019181209714760065,,,,,,-0.0198901012654652,-0.05696136242446001,0.015153034684054035,runs/pivot/e4/maples/e4mp_hrf_s1_reliseg/bio.csv,results/pivot/e4_gt_maplesdr_preannot.csv,1.4826*MAD of MAPLES-DR's own 162-image network PRE-ANNOTATION-mask biomarkers (results/pivot/e4_gt_maplesdr_preannot.csv); no Gate A train scale exists for this set
preannot,delta,all,hrf,1,cfloss,continued,density,pvbm,162,0.019181209714760065,,,,,,-0.05496495913568533,-0.08192247962528139,-0.029418428674018622,runs/pivot/e4/maples/e4mp_hrf_s1_cfloss/bio.csv,results/pivot/e4_gt_maplesdr_preannot.csv,1.4826*MAD of MAPLES-DR's own 162-image network PRE-ANNOTATION-mask biomarkers (results/pivot/e4_gt_maplesdr_preannot.csv); no Gate A train scale exists for this set
preannot,delta,all,hrf,1,cfloss,baseline,density,pvbm,162,0.019181209714760065,,,,,,-0.061326448309572124,-0.1036093854292378,-0.02361413162034717,runs/pivot/e4/maples/e4mp_hrf_s1_cfloss/bio.csv,results/pivot/e4_gt_maplesdr_preannot.csv,1.4826*MAD of MAPLES-DR's own 162-image network PRE-ANNOTATION-mask biomarkers (results/pivot/e4_gt_maplesdr_preannot.csv); no Gate A train scale exists for this set
preannot,delta,all,hrf,1,reliseg,continued,density,skan,162,0.019181209714760065,,,,,,-0.013528612091578407,-0.029464953857073893,0.0021587944635369154,runs/pivot/e4/maples/e4mp_hrf_s1_reliseg/bio.csv,results/pivot/e4_gt_maplesdr_preannot.csv,1.4826*MAD of MAPLES-DR's own 162-image network PRE-ANNOTATION-mask biomarkers (results/pivot/e4_gt_maplesdr_preannot.csv); no Gate A train scale exists for this set
preannot,delta,all,hrf,1,reliseg,baseline,density,skan,162,0.019181209714760065,,,,,,-0.0198901012654652,-0.05696136242446001,0.015153034684054035,runs/pivot/e4/maples/e4mp_hrf_s1_reliseg/bio.csv,results/pivot/e4_gt_maplesdr_preannot.csv,1.4826*MAD of MAPLES-DR's own 162-image network PRE-ANNOTATION-mask biomarkers (results/pivot/e4_gt_maplesdr_preannot.csv); no Gate A train scale exists for this set
preannot,delta,all,hrf,1,cfloss,continued,density,skan,162,0.019181209714760065,,,,,,-0.05496495913568533,-0.08192247962528139,-0.029418428674018622,runs/pivot/e4/maples/e4mp_hrf_s1_cfloss/bio.csv,results/pivot/e4_gt_maplesdr_preannot.csv,1.4826*MAD of MAPLES-DR's own 162-image network PRE-ANNOTATION-mask biomarkers (results/pivot/e4_gt_maplesdr_preannot.csv); no Gate A train scale exists for this set
preannot,delta,all,hrf,1,cfloss,baseline,density,skan,162,0.019181209714760065,,,,,,-0.061326448309572124,-0.1036093854292378,-0.02361413162034717,runs/pivot/e4/maples/e4mp_hrf_s1_cfloss/bio.csv,results/pivot/e4_gt_maplesdr_preannot.csv,1.4826*MAD of MAPLES-DR's own 162-image network PRE-ANNOTATION-mask biomarkers (results/pivot/e4_gt_maplesdr_preannot.csv); no Gate A train scale exists for this set
preannot,delta,all,hrf,1,reliseg,continued,total_length,pvbm,162,3742.5705005907253,,,,,,-0.0075382745456292755,-0.020013680413287025,0.0036500392700249793,runs/pivot/e4/maples/e4mp_hrf_s1_reliseg/bio.csv,results/pivot/e4_gt_maplesdr_preannot.csv,1.4826*MAD of MAPLES-DR's own 162-image network PRE-ANNOTATION-mask biomarkers (results/pivot/e4_gt_maplesdr_preannot.csv); no Gate A train scale exists for this set
preannot,delta,all,hrf,1,reliseg,baseline,total_length,pvbm,162,3742.5705005907253,,,,,,-0.0055838189982483355,-0.02453560481174049,0.01007795817314679,runs/pivot/e4/maples/e4mp_hrf_s1_reliseg/bio.csv,results/pivot/e4_gt_maplesdr_preannot.csv,1.4826*MAD of MAPLES-DR's own 162-image network PRE-ANNOTATION-mask biomarkers (results/pivot/e4_gt_maplesdr_preannot.csv); no Gate A train scale exists for this set
preannot,delta,all,hrf,1,cfloss,continued,total_length,pvbm,162,3742.5705005907253,,,,,,-0.020966487892450814,-0.05232422375323313,0.01769316031456347,runs/pivot/e4/maples/e4mp_hrf_s1_cfloss/bio.csv,results/pivot/e4_gt_maplesdr_preannot.csv,1.4826*MAD of MAPLES-DR's own 162-image network PRE-ANNOTATION-mask biomarkers (results/pivot/e4_gt_maplesdr_preannot.csv); no Gate A train scale exists for this set
preannot,delta,all,hrf,1,cfloss,baseline,total_length,pvbm,162,3742.5705005907253,,,,,,-0.019012032345069874,-0.047326110221630226,0.015814273408071858,runs/pivot/e4/maples/e4mp_hrf_s1_cfloss/bio.csv,results/pivot/e4_gt_maplesdr_preannot.csv,1.4826*MAD of MAPLES-DR's own 162-image network PRE-ANNOTATION-mask biomarkers (results/pivot/e4_gt_maplesdr_preannot.csv); no Gate A train scale exists for this set
preannot,delta,all,hrf,1,reliseg,continued,total_length,skan,162,3130.1513354528465,,,,,,-0.004594011933769515,-0.01876862590060353,0.009444683126330315,runs/pivot/e4/maples/e4mp_hrf_s1_reliseg/bio.csv,results/pivot/e4_gt_maplesdr_preannot.csv,1.4826*MAD of MAPLES-DR's own 162-image network PRE-ANNOTATION-mask biomarkers (results/pivot/e4_gt_maplesdr_preannot.csv); no Gate A train scale exists for this set
preannot,delta,all,hrf,1,reliseg,baseline,total_length,skan,162,3130.1513354528465,,,,,,-0.0060895254054331716,-0.02437029077523134,0.011224804117774857,runs/pivot/e4/maples/e4mp_hrf_s1_reliseg/bio.csv,results/pivot/e4_gt_maplesdr_preannot.csv,1.4826*MAD of MAPLES-DR's own 162-image network PRE-ANNOTATION-mask biomarkers (results/pivot/e4_gt_maplesdr_preannot.csv); no Gate A train scale exists for this set
preannot,delta,all,hrf,1,cfloss,continued,total_length,skan,162,3130.1513354528465,,,,,,-0.023181891409245425,-0.04146711998766196,-0.008776207037193898,runs/pivot/e4/maples/e4mp_hrf_s1_cfloss/bio.csv,results/pivot/e4_gt_maplesdr_preannot.csv,1.4826*MAD of MAPLES-DR's own 162-image network PRE-ANNOTATION-mask biomarkers (results/pivot/e4_gt_maplesdr_preannot.csv); no Gate A train scale exists for this set
preannot,delta,all,hrf,1,cfloss,baseline,total_length,skan,162,3130.1513354528465,,,,,,-0.024677404880909082,-0.04191083208998572,-0.011309593989633666,runs/pivot/e4/maples/e4mp_hrf_s1_cfloss/bio.csv,results/pivot/e4_gt_maplesdr_preannot.csv,1.4826*MAD of MAPLES-DR's own 162-image network PRE-ANNOTATION-mask biomarkers (results/pivot/e4_gt_maplesdr_preannot.csv); no Gate A train scale exists for this set
preannot,delta,all,hrf,2,reliseg,continued,FD,pvbm,162,0.05863112950581929,,,,,,-0.010764767421806765,-0.03250517378996964,0.010980071309503155,runs/pivot/e4/maples/e4mp_hrf_s2_reliseg/bio.csv,results/pivot/e4_gt_maplesdr_preannot.csv,1.4826*MAD of MAPLES-DR's own 162-image network PRE-ANNOTATION-mask biomarkers (results/pivot/e4_gt_maplesdr_preannot.csv); no Gate A train scale exists for this set
preannot,delta,all,hrf,2,reliseg,baseline,FD,pvbm,162,0.05863112950581929,,,,,,0.045857185073902795,0.00981869894170062,0.07944400398671705,runs/pivot/e4/maples/e4mp_hrf_s2_reliseg/bio.csv,results/pivot/e4_gt_maplesdr_preannot.csv,1.4826*MAD of MAPLES-DR's own 162-image network PRE-ANNOTATION-mask biomarkers (results/pivot/e4_gt_maplesdr_preannot.csv); no Gate A train scale exists for this set
preannot,delta,all,hrf,2,cfloss,continued,FD,pvbm,162,0.05863112950581929,,,,,,-0.04126434640990362,-0.06500156332484437,-0.020850766552361236,runs/pivot/e4/maples/e4mp_hrf_s2_cfloss/bio.csv,results/pivot/e4_gt_maplesdr_preannot.csv,1.4826*MAD of MAPLES-DR's own 162-image network PRE-ANNOTATION-mask biomarkers (results/pivot/e4_gt_maplesdr_preannot.csv); no Gate A train scale exists for this set
preannot,delta,all,hrf,2,cfloss,baseline,FD,pvbm,162,0.05863112950581929,,,,,,0.015357606085805942,-0.017244416085022245,0.0477668866227426,runs/pivot/e4/maples/e4mp_hrf_s2_cfloss/bio.csv,results/pivot/e4_gt_maplesdr_preannot.csv,1.4826*MAD of MAPLES-DR's own 162-image network PRE-ANNOTATION-mask biomarkers (results/pivot/e4_gt_maplesdr_preannot.csv); no Gate A train scale exists for this set
preannot,delta,all,hrf,2,reliseg,continued,FD,skan,162,0.04989361650504784,,,,,,-0.023789932496971256,-0.049238334150620774,-2.6759717198910377e-05,runs/pivot/e4/maples/e4mp_hrf_s2_reliseg/bio.csv,results/pivot/e4_gt_maplesdr_preannot.csv,1.4826*MAD of MAPLES-DR's own 162-image network PRE-ANNOTATION-mask biomarkers (results/pivot/e4_gt_maplesdr_preannot.csv); no Gate A train scale exists for this set
preannot,delta,all,hrf,2,reliseg,baseline,FD,skan,162,0.04989361650504784,,,,,,0.022046594320191182,-0.005709686419818241,0.051609490873402386,runs/pivot/e4/maples/e4mp_hrf_s2_reliseg/bio.csv,results/pivot/e4_gt_maplesdr_preannot.csv,1.4826*MAD of MAPLES-DR's own 162-image network PRE-ANNOTATION-mask biomarkers (results/pivot/e4_gt_maplesdr_preannot.csv); no Gate A train scale exists for this set
preannot,delta,all,hrf,2,cfloss,continued,FD,skan,162,0.04989361650504784,,,,,,-0.037700522039737616,-0.05602668528613422,-0.021870939044820344,runs/pivot/e4/maples/e4mp_hrf_s2_cfloss/bio.csv,results/pivot/e4_gt_maplesdr_preannot.csv,1.4826*MAD of MAPLES-DR's own 162-image network PRE-ANNOTATION-mask biomarkers (results/pivot/e4_gt_maplesdr_preannot.csv); no Gate A train scale exists for this set
preannot,delta,all,hrf,2,cfloss,baseline,FD,skan,162,0.04989361650504784,,,,,,0.008136004777424821,-0.011910618402984616,0.026250179091359682,runs/pivot/e4/maples/e4mp_hrf_s2_cfloss/bio.csv,results/pivot/e4_gt_maplesdr_preannot.csv,1.4826*MAD of MAPLES-DR's own 162-image network PRE-ANNOTATION-mask biomarkers (results/pivot/e4_gt_maplesdr_preannot.csv); no Gate A train scale exists for this set
preannot,delta,all,hrf,2,reliseg,continued,tortuosity,pvbm,162,0.0062787696728688735,,,,,,-0.0741219883712323,-0.15469487619203182,0.011263219004274447,runs/pivot/e4/maples/e4mp_hrf_s2_reliseg/bio.csv,results/pivot/e4_gt_maplesdr_preannot.csv,1.4826*MAD of MAPLES-DR's own 162-image network PRE-ANNOTATION-mask biomarkers (results/pivot/e4_gt_maplesdr_preannot.csv); no Gate A train scale exists for this set
preannot,delta,all,hrf,2,reliseg,baseline,tortuosity,pvbm,162,0.0062787696728688735,,,,,,-0.0546029990337662,-0.16088939940642524,0.02378679513544438,runs/pivot/e4/maples/e4mp_hrf_s2_reliseg/bio.csv,results/pivot/e4_gt_maplesdr_preannot.csv,1.4826*MAD of MAPLES-DR's own 162-image network PRE-ANNOTATION-mask biomarkers (results/pivot/e4_gt_maplesdr_preannot.csv); no Gate A train scale exists for this set
preannot,delta,all,hrf,2,cfloss,continued,tortuosity,pvbm,162,0.0062787696728688735,,,,,,-0.03311113091693085,-0.10126756617664343,0.04868287750520385,runs/pivot/e4/maples/e4mp_hrf_s2_cfloss/bio.csv,results/pivot/e4_gt_maplesdr_preannot.csv,1.4826*MAD of MAPLES-DR's own 162-image network PRE-ANNOTATION-mask biomarkers (results/pivot/e4_gt_maplesdr_preannot.csv); no Gate A train scale exists for this set
preannot,delta,all,hrf,2,cfloss,baseline,tortuosity,pvbm,162,0.0062787696728688735,,,,,,-0.013592141579464756,-0.07610402282231765,0.04432609334062705,runs/pivot/e4/maples/e4mp_hrf_s2_cfloss/bio.csv,results/pivot/e4_gt_maplesdr_preannot.csv,1.4826*MAD of MAPLES-DR's own 162-image network PRE-ANNOTATION-mask biomarkers (results/pivot/e4_gt_maplesdr_preannot.csv); no Gate A train scale exists for this set
preannot,delta,all,hrf,2,reliseg,continued,tortuosity,skan,162,0.009258289494123093,,,,,,-0.008931984972823603,-0.08251766017567636,0.06031878432429256,runs/pivot/e4/maples/e4mp_hrf_s2_reliseg/bio.csv,results/pivot/e4_gt_maplesdr_preannot.csv,1.4826*MAD of MAPLES-DR's own 162-image network PRE-ANNOTATION-mask biomarkers (results/pivot/e4_gt_maplesdr_preannot.csv); no Gate A train scale exists for this set
preannot,delta,all,hrf,2,reliseg,baseline,tortuosity,skan,162,0.009258289494123093,,,,,,0.008068564269333334,-0.10628460397710439,0.1130400351839242,runs/pivot/e4/maples/e4mp_hrf_s2_reliseg/bio.csv,results/pivot/e4_gt_maplesdr_preannot.csv,1.4826*MAD of MAPLES-DR's own 162-image network PRE-ANNOTATION-mask biomarkers (results/pivot/e4_gt_maplesdr_preannot.csv); no Gate A train scale exists for this set
preannot,delta,all,hrf,2,cfloss,continued,tortuosity,skan,162,0.009258289494123093,,,,,,0.034832797832747175,-0.08340689639014487,0.17586116878331964,runs/pivot/e4/maples/e4mp_hrf_s2_cfloss/bio.csv,results/pivot/e4_gt_maplesdr_preannot.csv,1.4826*MAD of MAPLES-DR's own 162-image network PRE-ANNOTATION-mask biomarkers (results/pivot/e4_gt_maplesdr_preannot.csv); no Gate A train scale exists for this set
preannot,delta,all,hrf,2,cfloss,baseline,tortuosity,skan,162,0.009258289494123093,,,,,,0.05183334707490411,-0.06172512696765282,0.18533183351372848,runs/pivot/e4/maples/e4mp_hrf_s2_cfloss/bio.csv,results/pivot/e4_gt_maplesdr_preannot.csv,1.4826*MAD of MAPLES-DR's own 162-image network PRE-ANNOTATION-mask biomarkers (results/pivot/e4_gt_maplesdr_preannot.csv); no Gate A train scale exists for this set
preannot,delta,all,hrf,2,reliseg,continued,density,pvbm,162,0.019181209714760065,,,,,,-0.03729512682229952,-0.055048997994270585,-0.021538990217557872,runs/pivot/e4/maples/e4mp_hrf_s2_reliseg/bio.csv,results/pivot/e4_gt_maplesdr_preannot.csv,1.4826*MAD of MAPLES-DR's own 162-image network PRE-ANNOTATION-mask biomarkers (results/pivot/e4_gt_maplesdr_preannot.csv); no Gate A train scale exists for this set
preannot,delta,all,hrf,2,reliseg,baseline,density,pvbm,162,0.019181209714760065,,,,,,0.004407400774948944,-0.02392299758928279,0.034037954936605816,runs/pivot/e4/maples/e4mp_hrf_s2_reliseg/bio.csv,results/pivot/e4_gt_maplesdr_preannot.csv,1.4826*MAD of MAPLES-DR's own 162-image network PRE-ANNOTATION-mask biomarkers (results/pivot/e4_gt_maplesdr_preannot.csv); no Gate A train scale exists for this set
preannot,delta,all,hrf,2,cfloss,continued,density,pvbm,162,0.019181209714760065,,,,,,-0.05639789937052009,-0.07609485551249091,-0.037777029502724054,runs/pivot/e4/maples/e4mp_hrf_s2_cfloss/bio.csv,results/pivot/e4_gt_maplesdr_preannot.csv,1.4826*MAD of MAPLES-DR's own 162-image network PRE-ANNOTATION-mask biomarkers (results/pivot/e4_gt_maplesdr_preannot.csv); no Gate A train scale exists for this set
preannot,delta,all,hrf,2,cfloss,baseline,density,pvbm,162,0.019181209714760065,,,,,,-0.014695371773271626,-0.035732527920539714,0.008256659782863114,runs/pivot/e4/maples/e4mp_hrf_s2_cfloss/bio.csv,results/pivot/e4_gt_maplesdr_preannot.csv,1.4826*MAD of MAPLES-DR's own 162-image network PRE-ANNOTATION-mask biomarkers (results/pivot/e4_gt_maplesdr_preannot.csv); no Gate A train scale exists for this set
preannot,delta,all,hrf,2,reliseg,continued,density,skan,162,0.019181209714760065,,,,,,-0.03729512682229952,-0.055048997994270585,-0.021538990217557872,runs/pivot/e4/maples/e4mp_hrf_s2_reliseg/bio.csv,results/pivot/e4_gt_maplesdr_preannot.csv,1.4826*MAD of MAPLES-DR's own 162-image network PRE-ANNOTATION-mask biomarkers (results/pivot/e4_gt_maplesdr_preannot.csv); no Gate A train scale exists for this set
preannot,delta,all,hrf,2,reliseg,baseline,density,skan,162,0.019181209714760065,,,,,,0.004407400774948944,-0.02392299758928279,0.034037954936605816,runs/pivot/e4/maples/e4mp_hrf_s2_reliseg/bio.csv,results/pivot/e4_gt_maplesdr_preannot.csv,1.4826*MAD of MAPLES-DR's own 162-image network PRE-ANNOTATION-mask biomarkers (results/pivot/e4_gt_maplesdr_preannot.csv); no Gate A train scale exists for this set
preannot,delta,all,hrf,2,cfloss,continued,density,skan,162,0.019181209714760065,,,,,,-0.05639789937052009,-0.07609485551249091,-0.037777029502724054,runs/pivot/e4/maples/e4mp_hrf_s2_cfloss/bio.csv,results/pivot/e4_gt_maplesdr_preannot.csv,1.4826*MAD of MAPLES-DR's own 162-image network PRE-ANNOTATION-mask biomarkers (results/pivot/e4_gt_maplesdr_preannot.csv); no Gate A train scale exists for this set
preannot,delta,all,hrf,2,cfloss,baseline,density,skan,162,0.019181209714760065,,,,,,-0.014695371773271626,-0.035732527920539714,0.008256659782863114,runs/pivot/e4/maples/e4mp_hrf_s2_cfloss/bio.csv,results/pivot/e4_gt_maplesdr_preannot.csv,1.4826*MAD of MAPLES-DR's own 162-image network PRE-ANNOTATION-mask biomarkers (results/pivot/e4_gt_maplesdr_preannot.csv); no Gate A train scale exists for this set
preannot,delta,all,hrf,2,reliseg,continued,total_length,pvbm,162,3742.5705005907253,,,,,,-0.014453617212877856,-0.032550874710771956,0.001047564395702055,runs/pivot/e4/maples/e4mp_hrf_s2_reliseg/bio.csv,results/pivot/e4_gt_maplesdr_preannot.csv,1.4826*MAD of MAPLES-DR's own 162-image network PRE-ANNOTATION-mask biomarkers (results/pivot/e4_gt_maplesdr_preannot.csv); no Gate A train scale exists for this set
preannot,delta,all,hrf,2,reliseg,baseline,total_length,pvbm,162,3742.5705005907253,,,,,,-0.002079537105745266,-0.022614639136837474,0.016388830077586805,runs/pivot/e4/maples/e4mp_hrf_s2_reliseg/bio.csv,results/pivot/e4_gt_maplesdr_preannot.csv,1.4826*MAD of MAPLES-DR's own 162-image network PRE-ANNOTATION-mask biomarkers (results/pivot/e4_gt_maplesdr_preannot.csv); no Gate A train scale exists for this set
preannot,delta,all,hrf,2,cfloss,continued,total_length,pvbm,162,3742.5705005907253,,,,,,-0.024514576407901778,-0.039142129088677695,-0.010712222618163666,runs/pivot/e4/maples/e4mp_hrf_s2_cfloss/bio.csv,results/pivot/e4_gt_maplesdr_preannot.csv,1.4826*MAD of MAPLES-DR's own 162-image network PRE-ANNOTATION-mask biomarkers (results/pivot/e4_gt_maplesdr_preannot.csv); no Gate A train scale exists for this set
preannot,delta,all,hrf,2,cfloss,baseline,total_length,pvbm,162,3742.5705005907253,,,,,,-0.012140496300769188,-0.029474067972389505,0.0037891968679529546,runs/pivot/e4/maples/e4mp_hrf_s2_cfloss/bio.csv,results/pivot/e4_gt_maplesdr_preannot.csv,1.4826*MAD of MAPLES-DR's own 162-image network PRE-ANNOTATION-mask biomarkers (results/pivot/e4_gt_maplesdr_preannot.csv); no Gate A train scale exists for this set
preannot,delta,all,hrf,2,reliseg,continued,total_length,skan,162,3130.1513354528465,,,,,,-0.015537375649022467,-0.029456897894871287,-0.003740871446891726,runs/pivot/e4/maples/e4mp_hrf_s2_reliseg/bio.csv,results/pivot/e4_gt_maplesdr_preannot.csv,1.4826*MAD of MAPLES-DR's own 162-image network PRE-ANNOTATION-mask biomarkers (results/pivot/e4_gt_maplesdr_preannot.csv); no Gate A train scale exists for this set
preannot,delta,all,hrf,2,reliseg,baseline,total_length,skan,162,3130.1513354528465,,,,,,0.011306614809314275,-0.006235065368388096,0.02735783241751364,runs/pivot/e4/maples/e4mp_hrf_s2_reliseg/bio.csv,results/pivot/e4_gt_maplesdr_preannot.csv,1.4826*MAD of MAPLES-DR's own 162-image network PRE-ANNOTATION-mask biomarkers (results/pivot/e4_gt_maplesdr_preannot.csv); no Gate A train scale exists for this set
preannot,delta,all,hrf,2,cfloss,continued,total_length,skan,162,3130.1513354528465,,,,,,-0.01930271112537707,-0.031274129482648245,-0.009694257715231745,runs/pivot/e4/maples/e4mp_hrf_s2_cfloss/bio.csv,results/pivot/e4_gt_maplesdr_preannot.csv,1.4826*MAD of MAPLES-DR's own 162-image network PRE-ANNOTATION-mask biomarkers (results/pivot/e4_gt_maplesdr_preannot.csv); no Gate A train scale exists for this set
preannot,delta,all,hrf,2,cfloss,baseline,total_length,skan,162,3130.1513354528465,,,,,,0.007541279332959672,-0.006582465275507418,0.02047140971362026,runs/pivot/e4/maples/e4mp_hrf_s2_cfloss/bio.csv,results/pivot/e4_gt_maplesdr_preannot.csv,1.4826*MAD of MAPLES-DR's own 162-image network PRE-ANNOTATION-mask biomarkers (results/pivot/e4_gt_maplesdr_preannot.csv); no Gate A train scale exists for this set
preannot,fidelity,higher_resolution,fives,0,baseline,,FD,pvbm,71,0.05863112950581929,0.7060820159078227,0.667739771965124,0.32435159660307483,0.529522385180929,0.47279089440082295,,,,runs/pivot/e4/maples/e4mp_fives_s0_baseline/bio.csv,results/pivot/e4_gt_maplesdr_preannot.csv,1.4826*MAD of MAPLES-DR's own 162-image network PRE-ANNOTATION-mask biomarkers (results/pivot/e4_gt_maplesdr_preannot.csv); no Gate A train scale exists for this set
preannot,fidelity,higher_resolution,fives,0,baseline,,FD,skan,71,0.04989361650504784,0.6142881070379418,0.5653252850435948,0.32802802983820634,0.6417631542180301,0.5539428575262436,,,,runs/pivot/e4/maples/e4mp_fives_s0_baseline/bio.csv,results/pivot/e4_gt_maplesdr_preannot.csv,1.4826*MAD of MAPLES-DR's own 162-image network PRE-ANNOTATION-mask biomarkers (results/pivot/e4_gt_maplesdr_preannot.csv); no Gate A train scale exists for this set
preannot,fidelity,higher_resolution,fives,0,baseline,,tortuosity,pvbm,71,0.0062787696728688735,0.42910647059528073,0.41572769953051636,-0.6454066655302034,0.7938586746134965,0.732911493716291,,,,runs/pivot/e4/maples/e4mp_fives_s0_baseline/bio.csv,results/pivot/e4_gt_maplesdr_preannot.csv,1.4826*MAD of MAPLES-DR's own 162-image network PRE-ANNOTATION-mask biomarkers (results/pivot/e4_gt_maplesdr_preannot.csv); no Gate A train scale exists for this set
preannot,fidelity,higher_resolution,fives,0,baseline,,tortuosity,skan,71,0.009258289494123093,0.16987139673285942,0.6332997987927564,-0.7562634339051338,2.347030688766617,1.0000389888923251,,,,runs/pivot/e4/maples/e4mp_fives_s0_baseline/bio.csv,results/pivot/e4_gt_maplesdr_preannot.csv,1.4826*MAD of MAPLES-DR's own 162-image network PRE-ANNOTATION-mask biomarkers (results/pivot/e4_gt_maplesdr_preannot.csv); no Gate A train scale exists for this set
preannot,fidelity,higher_resolution,fives,0,baseline,,density,pvbm,71,0.019181209714760065,0.587349798955855,0.531421864520456,0.8746652441678775,0.8132461139381101,0.9718008332110308,,,,runs/pivot/e4/maples/e4mp_fives_s0_baseline/bio.csv,results/pivot/e4_gt_maplesdr_preannot.csv,1.4826*MAD of MAPLES-DR's own 162-image network PRE-ANNOTATION-mask biomarkers (results/pivot/e4_gt_maplesdr_preannot.csv); no Gate A train scale exists for this set
preannot,fidelity,higher_resolution,fives,0,baseline,,density,skan,71,0.019181209714760065,0.587349798955855,0.531421864520456,0.8746652441678775,0.8132461139381101,0.9718008332110308,,,,runs/pivot/e4/maples/e4mp_fives_s0_baseline/bio.csv,results/pivot/e4_gt_maplesdr_preannot.csv,1.4826*MAD of MAPLES-DR's own 162-image network PRE-ANNOTATION-mask biomarkers (results/pivot/e4_gt_maplesdr_preannot.csv); no Gate A train scale exists for this set
preannot,fidelity,higher_resolution,fives,0,baseline,,total_length,pvbm,71,3742.5705005907253,0.27413296746569776,0.2850771294433266,1.11947060763977,1.356701608933192,1.3058115059674322,,,,runs/pivot/e4/maples/e4mp_fives_s0_baseline/bio.csv,results/pivot/e4_gt_maplesdr_preannot.csv,1.4826*MAD of MAPLES-DR's own 162-image network PRE-ANNOTATION-mask biomarkers (results/pivot/e4_gt_maplesdr_preannot.csv); no Gate A train scale exists for this set
preannot,fidelity,higher_resolution,fives,0,baseline,,total_length,skan,71,3130.1513354528465,0.5713901855683082,0.5202548625083836,0.5511917741176114,0.9724096028730267,0.8779682722653819,,,,runs/pivot/e4/maples/e4mp_fives_s0_baseline/bio.csv,results/pivot/e4_gt_maplesdr_preannot.csv,1.4826*MAD of MAPLES-DR's own 162-image network PRE-ANNOTATION-mask biomarkers (results/pivot/e4_gt_maplesdr_preannot.csv); no Gate A train scale exists for this set
preannot,fidelity,higher_resolution,fives,0,cfloss,,FD,pvbm,71,0.05863112950581929,0.699997072883746,0.6650905432595572,0.3408238453972618,0.5336046927110895,0.48369993774585546,,,,runs/pivot/e4/maples/e4mp_fives_s0_cfloss/bio.csv,results/pivot/e4_gt_maplesdr_preannot.csv,1.4826*MAD of MAPLES-DR's own 162-image network PRE-ANNOTATION-mask biomarkers (results/pivot/e4_gt_maplesdr_preannot.csv); no Gate A train scale exists for this set
preannot,fidelity,higher_resolution,fives,0,cfloss,,FD,skan,71,0.04989361650504784,0.6105947866275123,0.5600268276324614,0.3363228053006337,0.6416453190809905,0.5583270600714061,,,,runs/pivot/e4/maples/e4mp_fives_s0_cfloss/bio.csv,results/pivot/e4_gt_maplesdr_preannot.csv,1.4826*MAD of MAPLES-DR's own 162-image network PRE-ANNOTATION-mask biomarkers (results/pivot/e4_gt_maplesdr_preannot.csv); no Gate A train scale exists for this set
preannot,fidelity,higher_resolution,fives,0,cfloss,,tortuosity,pvbm,71,0.0062787696728688735,0.4088440816462458,0.4003688799463447,-0.6292123487934074,0.8080377864018822,0.7559662001114358,,,,runs/pivot/e4/maples/e4mp_fives_s0_cfloss/bio.csv,results/pivot/e4_gt_maplesdr_preannot.csv,1.4826*MAD of MAPLES-DR's own 162-image network PRE-ANNOTATION-mask biomarkers (results/pivot/e4_gt_maplesdr_preannot.csv); no Gate A train scale exists for this set
preannot,fidelity,higher_resolution,fives,0,cfloss,,tortuosity,skan,71,0.009258289494123093,0.16361518978160142,0.6056002682763245,-0.7600915467348024,2.35421087368996,1.042121697998316,,,,runs/pivot/e4/maples/e4mp_fives_s0_cfloss/bio.csv,results/pivot/e4_gt_maplesdr_preannot.csv,1.4826*MAD of MAPLES-DR's own 162-image network PRE-ANNOTATION-mask biomarkers (results/pivot/e4_gt_maplesdr_preannot.csv); no Gate A train scale exists for this set
preannot,fidelity,higher_resolution,fives,0,cfloss,,density,pvbm,71,0.019181209714760065,0.5861664571799159,0.5346411804158282,0.7982763332902327,0.8130010160665813,0.9044843954955117,,,,runs/pivot/e4/maples/e4mp_fives_s0_cfloss/bio.csv,results/pivot/e4_gt_maplesdr_preannot.csv,1.4826*MAD of MAPLES-DR's own 162-image network PRE-ANNOTATION-mask biomarkers (results/pivot/e4_gt_maplesdr_preannot.csv); no Gate A train scale exists for this set
preannot,fidelity,higher_resolution,fives,0,cfloss,,density,skan,71,0.019181209714760065,0.5861664571799159,0.5346411804158282,0.7982763332902327,0.8130010160665813,0.9044843954955117,,,,runs/pivot/e4/maples/e4mp_fives_s0_cfloss/bio.csv,results/pivot/e4_gt_maplesdr_preannot.csv,1.4826*MAD of MAPLES-DR's own 162-image network PRE-ANNOTATION-mask biomarkers (results/pivot/e4_gt_maplesdr_preannot.csv); no Gate A train scale exists for this set
preannot,fidelity,higher_resolution,fives,0,cfloss,,total_length,pvbm,71,3742.5705005907253,0.2796430764840168,0.28470824949698187,1.1433050970372693,1.3538571174922693,1.318777451391066,,,,runs/pivot/e4/maples/e4mp_fives_s0_cfloss/bio.csv,results/pivot/e4_gt_maplesdr_preannot.csv,1.4826*MAD of MAPLES-DR's own 162-image network PRE-ANNOTATION-mask biomarkers (results/pivot/e4_gt_maplesdr_preannot.csv); no Gate A train scale exists for this set
preannot,fidelity,higher_resolution,fives,0,cfloss,,total_length,skan,71,3130.1513354528465,0.5750789753943965,0.5339034205231388,0.5763805680800468,0.96921911952414,0.8845526539627392,,,,runs/pivot/e4/maples/e4mp_fives_s0_cfloss/bio.csv,results/pivot/e4_gt_maplesdr_preannot.csv,1.4826*MAD of MAPLES-DR's own 162-image network PRE-ANNOTATION-mask biomarkers (results/pivot/e4_gt_maplesdr_preannot.csv); no Gate A train scale exists for this set
preannot,fidelity,higher_resolution,fives,0,continued,,FD,pvbm,71,0.05863112950581929,0.7032259437027997,0.6676056338028168,0.35767226480886677,0.5319989254474957,0.4921904965994446,,,,runs/pivot/e4/maples/e4mp_fives_s0_continued/bio.csv,results/pivot/e4_gt_maplesdr_preannot.csv,1.4826*MAD of MAPLES-DR's own 162-image network PRE-ANNOTATION-mask biomarkers (results/pivot/e4_gt_maplesdr_preannot.csv); no Gate A train scale exists for this set
preannot,fidelity,higher_resolution,fives,0,continued,,FD,skan,71,0.04989361650504784,0.6154862527575405,0.5746814218645204,0.35589119912689227,0.6394510692878044,0.5642406187382204,,,,runs/pivot/e4/maples/e4mp_fives_s0_continued/bio.csv,results/pivot/e4_gt_maplesdr_preannot.csv,1.4826*MAD of MAPLES-DR's own 162-image network PRE-ANNOTATION-mask biomarkers (results/pivot/e4_gt_maplesdr_preannot.csv); no Gate A train scale exists for this set
preannot,fidelity,higher_resolution,fives,0,continued,,tortuosity,pvbm,71,0.0062787696728688735,0.4783825820237311,0.4421063221678019,-0.6777564475452251,0.7703790797302581,0.7727149627916257,,,,runs/pivot/e4/maples/e4mp_fives_s0_continued/bio.csv,results/pivot/e4_gt_maplesdr_preannot.csv,1.4826*MAD of MAPLES-DR's own 162-image network PRE-ANNOTATION-mask biomarkers (results/pivot/e4_gt_maplesdr_preannot.csv); no Gate A train scale exists for this set
preannot,fidelity,higher_resolution,fives,0,continued,,tortuosity,skan,71,0.009258289494123093,0.17902280409416532,0.605533199195171,-0.7530349735471553,2.3344669235542033,1.006790057732543,,,,runs/pivot/e4/maples/e4mp_fives_s0_continued/bio.csv,results/pivot/e4_gt_maplesdr_preannot.csv,1.4826*MAD of MAPLES-DR's own 162-image network PRE-ANNOTATION-mask biomarkers (results/pivot/e4_gt_maplesdr_preannot.csv); no Gate A train scale exists for this set
preannot,fidelity,higher_resolution,fives,0,continued,,density,pvbm,71,0.019181209714760065,0.5950379872166672,0.5595238095238095,0.9924344833537587,0.8074921167874956,1.0788074401189396,,,,runs/pivot/e4/maples/e4mp_fives_s0_continued/bio.csv,results/pivot/e4_gt_maplesdr_preannot.csv,1.4826*MAD of MAPLES-DR's own 162-image network PRE-ANNOTATION-mask biomarkers (results/pivot/e4_gt_maplesdr_preannot.csv); no Gate A train scale exists for this set
preannot,fidelity,higher_resolution,fives,0,continued,,density,skan,71,0.019181209714760065,0.5950379872166672,0.5595238095238095,0.9924344833537587,0.8074921167874956,1.0788074401189396,,,,runs/pivot/e4/maples/e4mp_fives_s0_continued/bio.csv,results/pivot/e4_gt_maplesdr_preannot.csv,1.4826*MAD of MAPLES-DR's own 162-image network PRE-ANNOTATION-mask biomarkers (results/pivot/e4_gt_maplesdr_preannot.csv); no Gate A train scale exists for this set
preannot,fidelity,higher_resolution,fives,0,continued,,total_length,pvbm,71,3742.5705005907253,0.2893263758159368,0.29932930918846407,1.1840088655548342,1.3495701607466435,1.3442950317189422,,,,runs/pivot/e4/maples/e4mp_fives_s0_continued/bio.csv,results/pivot/e4_gt_maplesdr_preannot.csv,1.4826*MAD of MAPLES-DR's own 162-image network PRE-ANNOTATION-mask biomarkers (results/pivot/e4_gt_maplesdr_preannot.csv); no Gate A train scale exists for this set
preannot,fidelity,higher_resolution,fives,0,continued,,total_length,skan,71,3130.1513354528465,0.5776695179050139,0.532562038900067,0.6039359076506384,0.9670801008259893,0.8987120653070021,,,,runs/pivot/e4/maples/e4mp_fives_s0_continued/bio.csv,results/pivot/e4_gt_maplesdr_preannot.csv,1.4826*MAD of MAPLES-DR's own 162-image network PRE-ANNOTATION-mask biomarkers (results/pivot/e4_gt_maplesdr_preannot.csv); no Gate A train scale exists for this set
preannot,fidelity,higher_resolution,fives,0,reliseg,,FD,pvbm,71,0.05863112950581929,0.7076557876245906,0.6783702213279678,0.4277074502357706,0.5337807800874962,0.5318109998719152,,,,runs/pivot/e4/maples/e4mp_fives_s0_reliseg/bio.csv,results/pivot/e4_gt_maplesdr_preannot.csv,1.4826*MAD of MAPLES-DR's own 162-image network PRE-ANNOTATION-mask biomarkers (results/pivot/e4_gt_maplesdr_preannot.csv); no Gate A train scale exists for this set
preannot,fidelity,higher_resolution,fives,0,reliseg,,FD,skan,71,0.04989361650504784,0.6269229314204935,0.5692488262910798,0.47164641877855545,0.6362852011741542,0.6280502031843463,,,,runs/pivot/e4/maples/e4mp_fives_s0_reliseg/bio.csv,results/pivot/e4_gt_maplesdr_preannot.csv,1.4826*MAD of MAPLES-DR's own 162-image network PRE-ANNOTATION-mask biomarkers (results/pivot/e4_gt_maplesdr_preannot.csv); no Gate A train scale exists for this set
preannot,fidelity,higher_resolution,fives,0,reliseg,,tortuosity,pvbm,71,0.0062787696728688735,0.22457201624833026,0.32793427230046945,0.20079580978287437,1.2617423258421974,0.8455864338618135,,,,runs/pivot/e4/maples/e4mp_fives_s0_reliseg/bio.csv,results/pivot/e4_gt_maplesdr_preannot.csv,1.4826*MAD of MAPLES-DR's own 162-image network PRE-ANNOTATION-mask biomarkers (results/pivot/e4_gt_maplesdr_preannot.csv); no Gate A train scale exists for this set
preannot,fidelity,higher_resolution,fives,0,reliseg,,tortuosity,skan,71,0.009258289494123093,0.16247511784769963,0.5957411133467471,-0.7231436925969852,2.347159967322942,1.0342832657224956,,,,runs/pivot/e4/maples/e4mp_fives_s0_reliseg/bio.csv,results/pivot/e4_gt_maplesdr_preannot.csv,1.4826*MAD of MAPLES-DR's own 162-image network PRE-ANNOTATION-mask biomarkers (results/pivot/e4_gt_maplesdr_preannot.csv); no Gate A train scale exists for this set
preannot,fidelity,higher_resolution,fives,0,reliseg,,density,pvbm,71,0.019181209714760065,0.6014128000486312,0.5465124077800133,1.0699460386858706,0.8027612842920459,1.1460658123446692,,,,runs/pivot/e4/maples/e4mp_fives_s0_reliseg/bio.csv,results/pivot/e4_gt_maplesdr_preannot.csv,1.4826*MAD of MAPLES-DR's own 162-image network PRE-ANNOTATION-mask biomarkers (results/pivot/e4_gt_maplesdr_preannot.csv); no Gate A train scale exists for this set
preannot,fidelity,higher_resolution,fives,0,reliseg,,density,skan,71,0.019181209714760065,0.6014128000486312,0.5465124077800133,1.0699460386858706,0.8027612842920459,1.1460658123446692,,,,runs/pivot/e4/maples/e4mp_fives_s0_reliseg/bio.csv,results/pivot/e4_gt_maplesdr_preannot.csv,1.4826*MAD of MAPLES-DR's own 162-image network PRE-ANNOTATION-mask biomarkers (results/pivot/e4_gt_maplesdr_preannot.csv); no Gate A train scale exists for this set
preannot,fidelity,higher_resolution,fives,0,reliseg,,total_length,pvbm,71,3742.5705005907253,0.2974820259808502,0.28876592890677394,1.3122164552910198,1.3439353167630146,1.4265491994494517,,,,runs/pivot/e4/maples/e4mp_fives_s0_reliseg/bio.csv,results/pivot/e4_gt_maplesdr_preannot.csv,1.4826*MAD of MAPLES-DR's own 162-image network PRE-ANNOTATION-mask biomarkers (results/pivot/e4_gt_maplesdr_preannot.csv); no Gate A train scale exists for this set
preannot,fidelity,higher_resolution,fives,0,reliseg,,total_length,skan,71,3130.1513354528465,0.5891647731166348,0.5437961099932931,0.8341076859624197,0.9578144141621353,1.0212360182603617,,,,runs/pivot/e4/maples/e4mp_fives_s0_reliseg/bio.csv,results/pivot/e4_gt_maplesdr_preannot.csv,1.4826*MAD of MAPLES-DR's own 162-image network PRE-ANNOTATION-mask biomarkers (results/pivot/e4_gt_maplesdr_preannot.csv); no Gate A train scale exists for this set
preannot,fidelity,higher_resolution,fives,1,baseline,,FD,pvbm,71,0.05863112950581929,0.730547194885207,0.7062709590878604,0.4416419228488022,0.5207462660254273,0.5349296141531399,,,,runs/pivot/e4/maples/e4mp_fives_s1_baseline/bio.csv,results/pivot/e4_gt_maplesdr_preannot.csv,1.4826*MAD of MAPLES-DR's own 162-image network PRE-ANNOTATION-mask biomarkers (results/pivot/e4_gt_maplesdr_preannot.csv); no Gate A train scale exists for this set
preannot,fidelity,higher_resolution,fives,1,baseline,,FD,skan,71,0.04989361650504784,0.649884104126697,0.6087525150905432,0.4474334403393512,0.6231744466415292,0.5966000194353468,,,,runs/pivot/e4/maples/e4mp_fives_s1_baseline/bio.csv,results/pivot/e4_gt_maplesdr_preannot.csv,1.4826*MAD of MAPLES-DR's own 162-image network PRE-ANNOTATION-mask biomarkers (results/pivot/e4_gt_maplesdr_preannot.csv); no Gate A train scale exists for this set
preannot,fidelity,higher_resolution,fives,1,baseline,,tortuosity,pvbm,71,0.0062787696728688735,0.3963474111561188,0.3639168343393695,-0.6060701460183954,0.8501933601520064,0.7889718130473447,,,,runs/pivot/e4/maples/e4mp_fives_s1_baseline/bio.csv,results/pivot/e4_gt_maplesdr_preannot.csv,1.4826*MAD of MAPLES-DR's own 162-image network PRE-ANNOTATION-mask biomarkers (results/pivot/e4_gt_maplesdr_preannot.csv); no Gate A train scale exists for this set
preannot,fidelity,higher_resolution,fives,1,baseline,,tortuosity,skan,71,0.009258289494123093,0.04380510810845374,0.5740107310529845,-0.42058096362399605,3.7929932261079893,1.365527101996327,,,,runs/pivot/e4/maples/e4mp_fives_s1_baseline/bio.csv,results/pivot/e4_gt_maplesdr_preannot.csv,1.4826*MAD of MAPLES-DR's own 162-image network PRE-ANNOTATION-mask biomarkers (results/pivot/e4_gt_maplesdr_preannot.csv); no Gate A train scale exists for this set
preannot,fidelity,higher_resolution,fives,1,baseline,,density,pvbm,71,0.019181209714760065,0.6079467195017776,0.5474513749161636,0.9720631046015906,0.7968707419779102,1.0546366275426533,,,,runs/pivot/e4/maples/e4mp_fives_s1_baseline/bio.csv,results/pivot/e4_gt_maplesdr_preannot.csv,1.4826*MAD of MAPLES-DR's own 162-image network PRE-ANNOTATION-mask biomarkers (results/pivot/e4_gt_maplesdr_preannot.csv); no Gate A train scale exists for this set
preannot,fidelity,higher_resolution,fives,1,baseline,,density,skan,71,0.019181209714760065,0.6079467195017776,0.5474513749161636,0.9720631046015906,0.7968707419779102,1.0546366275426533,,,,runs/pivot/e4/maples/e4mp_fives_s1_baseline/bio.csv,results/pivot/e4_gt_maplesdr_preannot.csv,1.4826*MAD of MAPLES-DR's own 162-image network PRE-ANNOTATION-mask biomarkers (results/pivot/e4_gt_maplesdr_preannot.csv); no Gate A train scale exists for this set
preannot,fidelity,higher_resolution,fives,1,baseline,,total_length,pvbm,71,3742.5705005907253,0.3147411595793205,0.32904091213950365,1.2713230673418068,1.3347640574767234,1.3978872203469495,,,,runs/pivot/e4/maples/e4mp_fives_s1_baseline/bio.csv,results/pivot/e4_gt_maplesdr_preannot.csv,1.4826*MAD of MAPLES-DR's own 162-image network PRE-ANNOTATION-mask biomarkers (results/pivot/e4_gt_maplesdr_preannot.csv); no Gate A train scale exists for this set
preannot,fidelity,higher_resolution,fives,1,baseline,,total_length,skan,71,3130.1513354528465,0.6125818465085406,0.5759557344064385,0.7586146424131026,0.9382499717402473,0.9585465497215548,,,,runs/pivot/e4/maples/e4mp_fives_s1_baseline/bio.csv,results/pivot/e4_gt_maplesdr_preannot.csv,1.4826*MAD of MAPLES-DR's own 162-image network PRE-ANNOTATION-mask biomarkers (results/pivot/e4_gt_maplesdr_preannot.csv); no Gate A train scale exists for this set
preannot,fidelity,higher_resolution,fives,1,cfloss,,FD,pvbm,71,0.05863112950581929,0.7289732246763602,0.6961770623742454,0.4558704162236953,0.5214883749914461,0.541985362572648,,,,runs/pivot/e4/maples/e4mp_fives_s1_cfloss/bio.csv,results/pivot/e4_gt_maplesdr_preannot.csv,1.4826*MAD of MAPLES-DR's own 162-image network PRE-ANNOTATION-mask biomarkers (results/pivot/e4_gt_maplesdr_preannot.csv); no Gate A train scale exists for this set
preannot,fidelity,higher_resolution,fives,1,cfloss,,FD,skan,71,0.04989361650504784,0.6484902715749742,0.6076123407109323,0.46621478622160945,0.6238687373315603,0.6104665457203181,,,,runs/pivot/e4/maples/e4mp_fives_s1_cfloss/bio.csv,results/pivot/e4_gt_maplesdr_preannot.csv,1.4826*MAD of MAPLES-DR's own 162-image network PRE-ANNOTATION-mask biomarkers (results/pivot/e4_gt_maplesdr_preannot.csv); no Gate A train scale exists for this set
preannot,fidelity,higher_resolution,fives,1,cfloss,,tortuosity,pvbm,71,0.0062787696728688735,0.4379962257763033,0.4128772635814889,-0.6216887019551689,0.8063842499001244,0.7507048375776023,,,,runs/pivot/e4/maples/e4mp_fives_s1_cfloss/bio.csv,results/pivot/e4_gt_maplesdr_preannot.csv,1.4826*MAD of MAPLES-DR's own 162-image network PRE-ANNOTATION-mask biomarkers (results/pivot/e4_gt_maplesdr_preannot.csv); no Gate A train scale exists for this set
preannot,fidelity,higher_resolution,fives,1,cfloss,,tortuosity,skan,71,0.009258289494123093,0.05293659779802761,0.6294097920858484,-0.4317578337930617,3.7568748185630456,1.3246165707434214,,,,runs/pivot/e4/maples/e4mp_fives_s1_cfloss/bio.csv,results/pivot/e4_gt_maplesdr_preannot.csv,1.4826*MAD of MAPLES-DR's own 162-image network PRE-ANNOTATION-mask biomarkers (results/pivot/e4_gt_maplesdr_preannot.csv); no Gate A train scale exists for this set
preannot,fidelity,higher_resolution,fives,1,cfloss,,density,pvbm,71,0.019181209714760065,0.6107201180345311,0.552749832327297,0.9558626824604178,0.7941756025550475,1.0378949410141438,,,,runs/pivot/e4/maples/e4mp_fives_s1_cfloss/bio.csv,results/pivot/e4_gt_maplesdr_preannot.csv,1.4826*MAD of MAPLES-DR's own 162-image network PRE-ANNOTATION-mask biomarkers (results/pivot/e4_gt_maplesdr_preannot.csv); no Gate A train scale exists for this set
preannot,fidelity,higher_resolution,fives,1,cfloss,,density,skan,71,0.019181209714760065,0.6107201180345311,0.552749832327297,0.9558626824604178,0.7941756025550475,1.0378949410141438,,,,runs/pivot/e4/maples/e4mp_fives_s1_cfloss/bio.csv,results/pivot/e4_gt_maplesdr_preannot.csv,1.4826*MAD of MAPLES-DR's own 162-image network PRE-ANNOTATION-mask biomarkers (results/pivot/e4_gt_maplesdr_preannot.csv); no Gate A train scale exists for this set
preannot,fidelity,higher_resolution,fives,1,cfloss,,total_length,pvbm,71,3742.5705005907253,0.3205372367080471,0.33034875922199863,1.3072437514916715,1.3319154865971161,1.4189424884012698,,,,runs/pivot/e4/maples/e4mp_fives_s1_cfloss/bio.csv,results/pivot/e4_gt_maplesdr_preannot.csv,1.4826*MAD of MAPLES-DR's own 162-image network PRE-ANNOTATION-mask biomarkers (results/pivot/e4_gt_maplesdr_preannot.csv); no Gate A train scale exists for this set
preannot,fidelity,higher_resolution,fives,1,cfloss,,total_length,skan,71,3130.1513354528465,0.6160461782483767,0.5697853789403085,0.7943669945162215,0.9351077993105147,0.9786914780635063,,,,runs/pivot/e4/maples/e4mp_fives_s1_cfloss/bio.csv,results/pivot/e4_gt_maplesdr_preannot.csv,1.4826*MAD of MAPLES-DR's own 162-image network PRE-ANNOTATION-mask biomarkers (results/pivot/e4_gt_maplesdr_preannot.csv); no Gate A train scale exists for this set
preannot,fidelity,higher_resolution,fives,1,continued,,FD,pvbm,71,0.05863112950581929,0.7379865415125252,0.724748490945674,0.465915584180517,0.5164646548362558,0.5458256493513107,,,,runs/pivot/e4/maples/e4mp_fives_s1_continued/bio.csv,results/pivot/e4_gt_maplesdr_preannot.csv,1.4826*MAD of MAPLES-DR's own 162-image network PRE-ANNOTATION-mask biomarkers (results/pivot/e4_gt_maplesdr_preannot.csv); no Gate A train scale exists for this set
preannot,fidelity,higher_resolution,fives,1,continued,,FD,skan,71,0.04989361650504784,0.6679819237052895,0.6426224010731052,0.4746782185226367,0.6138568870825201,0.6039904135543208,,,,runs/pivot/e4/maples/e4mp_fives_s1_continued/bio.csv,results/pivot/e4_gt_maplesdr_preannot.csv,1.4826*MAD of MAPLES-DR's own 162-image network PRE-ANNOTATION-mask biomarkers (results/pivot/e4_gt_maplesdr_preannot.csv); no Gate A train scale exists for this set
preannot,fidelity,higher_resolution,fives,1,continued,,tortuosity,pvbm,71,0.0062787696728688735,0.41021190641418054,0.4579812206572769,-0.591831542090185,0.830116144825017,0.7634099648527974,,,,runs/pivot/e4/maples/e4mp_fives_s1_continued/bio.csv,results/pivot/e4_gt_maplesdr_preannot.csv,1.4826*MAD of MAPLES-DR's own 162-image network PRE-ANNOTATION-mask biomarkers (results/pivot/e4_gt_maplesdr_preannot.csv); no Gate A train scale exists for this set
preannot,fidelity,higher_resolution,fives,1,continued,,tortuosity,skan,71,0.009258289494123093,0.050328050862662246,0.6138162307176391,-0.35179321704549493,3.83199178525421,1.3436057790786975,,,,runs/pivot/e4/maples/e4mp_fives_s1_continued/bio.csv,results/pivot/e4_gt_maplesdr_preannot.csv,1.4826*MAD of MAPLES-DR's own 162-image network PRE-ANNOTATION-mask biomarkers (results/pivot/e4_gt_maplesdr_preannot.csv); no Gate A train scale exists for this set
preannot,fidelity,higher_resolution,fives,1,continued,,density,pvbm,71,0.019181209714760065,0.6137825820719619,0.5580147551978537,1.0438261936586322,0.7901172694616024,1.1186859343330573,,,,runs/pivot/e4/maples/e4mp_fives_s1_continued/bio.csv,results/pivot/e4_gt_maplesdr_preannot.csv,1.4826*MAD of MAPLES-DR's own 162-image network PRE-ANNOTATION-mask biomarkers (results/pivot/e4_gt_maplesdr_preannot.csv); no Gate A train scale exists for this set
preannot,fidelity,higher_resolution,fives,1,continued,,density,skan,71,0.019181209714760065,0.6137825820719619,0.5580147551978537,1.0438261936586322,0.7901172694616024,1.1186859343330573,,,,runs/pivot/e4/maples/e4mp_fives_s1_continued/bio.csv,results/pivot/e4_gt_maplesdr_preannot.csv,1.4826*MAD of MAPLES-DR's own 162-image network PRE-ANNOTATION-mask biomarkers (results/pivot/e4_gt_maplesdr_preannot.csv); no Gate A train scale exists for this set
preannot,fidelity,higher_resolution,fives,1,continued,,total_length,pvbm,71,3742.5705005907253,0.33460664576372234,0.35,1.3129292405956736,1.3230254119788276,1.4207055996600602,,,,runs/pivot/e4/maples/e4mp_fives_s1_continued/bio.csv,results/pivot/e4_gt_maplesdr_preannot.csv,1.4826*MAD of MAPLES-DR's own 162-image network PRE-ANNOTATION-mask biomarkers (results/pivot/e4_gt_maplesdr_preannot.csv); no Gate A train scale exists for this set
preannot,fidelity,higher_resolution,fives,1,continued,,total_length,skan,71,3130.1513354528465,0.6196927139931188,0.5790744466800803,0.7842530109140344,0.9324286554814457,0.9724872711719778,,,,runs/pivot/e4/maples/e4mp_fives_s1_continued/bio.csv,results/pivot/e4_gt_maplesdr_preannot.csv,1.4826*MAD of MAPLES-DR's own 162-image network PRE-ANNOTATION-mask biomarkers (results/pivot/e4_gt_maplesdr_preannot.csv); no Gate A train scale exists for this set
preannot,fidelity,higher_resolution,fives,1,reliseg,,FD,pvbm,71,0.05863112950581929,0.7389023567922623,0.7099932930918845,0.5205133183342787,0.5204701053169836,0.5856634303308006,,,,runs/pivot/e4/maples/e4mp_fives_s1_reliseg/bio.csv,results/pivot/e4_gt_maplesdr_preannot.csv,1.4826*MAD of MAPLES-DR's own 162-image network PRE-ANNOTATION-mask biomarkers (results/pivot/e4_gt_maplesdr_preannot.csv); no Gate A train scale exists for this set
preannot,fidelity,higher_resolution,fives,1,reliseg,,FD,skan,71,0.04989361650504784,0.6737035527559994,0.6409121395036887,0.637005024619765,0.6131581980055718,0.7185322015677391,,,,runs/pivot/e4/maples/e4mp_fives_s1_reliseg/bio.csv,results/pivot/e4_gt_maplesdr_preannot.csv,1.4826*MAD of MAPLES-DR's own 162-image network PRE-ANNOTATION-mask biomarkers (results/pivot/e4_gt_maplesdr_preannot.csv); no Gate A train scale exists for this set
preannot,fidelity,higher_resolution,fives,1,reliseg,,tortuosity,pvbm,71,0.0062787696728688735,0.17377788164759408,0.2802169703063794,1.7051710318255653,2.113404399639973,1.876117673131939,,,,runs/pivot/e4/maples/e4mp_fives_s1_reliseg/bio.csv,results/pivot/e4_gt_maplesdr_preannot.csv,1.4826*MAD of MAPLES-DR's own 162-image network PRE-ANNOTATION-mask biomarkers (results/pivot/e4_gt_maplesdr_preannot.csv); no Gate A train scale exists for this set
preannot,fidelity,higher_resolution,fives,1,reliseg,,tortuosity,skan,71,0.009258289494123093,0.04386248570876801,0.6051307847082494,-0.28606020739747084,3.770981734940481,1.3464382487102546,,,,runs/pivot/e4/maples/e4mp_fives_s1_reliseg/bio.csv,results/pivot/e4_gt_maplesdr_preannot.csv,1.4826*MAD of MAPLES-DR's own 162-image network PRE-ANNOTATION-mask biomarkers (results/pivot/e4_gt_maplesdr_preannot.csv); no Gate A train scale exists for this set
preannot,fidelity,higher_resolution,fives,1,reliseg,,density,pvbm,71,0.019181209714760065,0.6078490559604616,0.541348088531187,1.1129459275253633,0.7959562443308239,1.1807990977193916,,,,runs/pivot/e4/maples/e4mp_fives_s1_reliseg/bio.csv,results/pivot/e4_gt_maplesdr_preannot.csv,1.4826*MAD of MAPLES-DR's own 162-image network PRE-ANNOTATION-mask biomarkers (results/pivot/e4_gt_maplesdr_preannot.csv); no Gate A train scale exists for this set
preannot,fidelity,higher_resolution,fives,1,reliseg,,density,skan,71,0.019181209714760065,0.6078490559604616,0.541348088531187,1.1129459275253633,0.7959562443308239,1.1807990977193916,,,,runs/pivot/e4/maples/e4mp_fives_s1_reliseg/bio.csv,results/pivot/e4_gt_maplesdr_preannot.csv,1.4826*MAD of MAPLES-DR's own 162-image network PRE-ANNOTATION-mask biomarkers (results/pivot/e4_gt_maplesdr_preannot.csv); no Gate A train scale exists for this set
preannot,fidelity,higher_resolution,fives,1,reliseg,,total_length,pvbm,71,3742.5705005907253,0.3204345763830312,0.31435278336686784,1.4802535403364745,1.331127957092323,1.5491579711463734,,,,runs/pivot/e4/maples/e4mp_fives_s1_reliseg/bio.csv,results/pivot/e4_gt_maplesdr_preannot.csv,1.4826*MAD of MAPLES-DR's own 162-image network PRE-ANNOTATION-mask biomarkers (results/pivot/e4_gt_maplesdr_preannot.csv); no Gate A train scale exists for this set
preannot,fidelity,higher_resolution,fives,1,reliseg,,total_length,skan,71,3130.1513354528465,0.6148736078624804,0.5715627095908785,1.085754929463847,0.9365407511978674,1.1982864334715613,,,,runs/pivot/e4/maples/e4mp_fives_s1_reliseg/bio.csv,results/pivot/e4_gt_maplesdr_preannot.csv,1.4826*MAD of MAPLES-DR's own 162-image network PRE-ANNOTATION-mask biomarkers (results/pivot/e4_gt_maplesdr_preannot.csv); no Gate A train scale exists for this set
preannot,fidelity,higher_resolution,fives,2,baseline,,FD,pvbm,71,0.05863112950581929,0.7433743226721068,0.7217303822937625,0.3123937875922392,0.5078205431682289,0.448053091531866,,,,runs/pivot/e4/maples/e4mp_fives_s2_baseline/bio.csv,results/pivot/e4_gt_maplesdr_preannot.csv,1.4826*MAD of MAPLES-DR's own 162-image network PRE-ANNOTATION-mask biomarkers (results/pivot/e4_gt_maplesdr_preannot.csv); no Gate A train scale exists for this set
preannot,fidelity,higher_resolution,fives,2,baseline,,FD,skan,71,0.04989361650504784,0.6420861094633663,0.5850771294433266,0.31735287034326587,0.6247774842061148,0.5336856513263568,,,,runs/pivot/e4/maples/e4mp_fives_s2_baseline/bio.csv,results/pivot/e4_gt_maplesdr_preannot.csv,1.4826*MAD of MAPLES-DR's own 162-image network PRE-ANNOTATION-mask biomarkers (results/pivot/e4_gt_maplesdr_preannot.csv); no Gate A train scale exists for this set
preannot,fidelity,higher_resolution,fives,2,baseline,,tortuosity,pvbm,71,0.0062787696728688735,0.329971897251243,0.31911468812877264,-0.5879122998103026,0.8768532347711876,0.7451850914169779,,,,runs/pivot/e4/maples/e4mp_fives_s2_baseline/bio.csv,results/pivot/e4_gt_maplesdr_preannot.csv,1.4826*MAD of MAPLES-DR's own 162-image network PRE-ANNOTATION-mask biomarkers (results/pivot/e4_gt_maplesdr_preannot.csv); no Gate A train scale exists for this set
preannot,fidelity,higher_resolution,fives,2,baseline,,tortuosity,skan,71,0.009258289494123093,0.03802694143217721,0.6143192488262911,-0.16523485148011513,4.385680837807722,1.5780223009743373,,,,runs/pivot/e4/maples/e4mp_fives_s2_baseline/bio.csv,results/pivot/e4_gt_maplesdr_preannot.csv,1.4826*MAD of MAPLES-DR's own 162-image network PRE-ANNOTATION-mask biomarkers (results/pivot/e4_gt_maplesdr_preannot.csv); no Gate A train scale exists for this set
preannot,fidelity,higher_resolution,fives,2,baseline,,density,pvbm,71,0.019181209714760065,0.5952473956365126,0.5376257545271629,0.8588855874506256,0.8087514649181963,0.9576326051886634,,,,runs/pivot/e4/maples/e4mp_fives_s2_baseline/bio.csv,results/pivot/e4_gt_maplesdr_preannot.csv,1.4826*MAD of MAPLES-DR's own 162-image network PRE-ANNOTATION-mask biomarkers (results/pivot/e4_gt_maplesdr_preannot.csv); no Gate A train scale exists for this set
preannot,fidelity,higher_resolution,fives,2,baseline,,density,skan,71,0.019181209714760065,0.5952473956365126,0.5376257545271629,0.8588855874506256,0.8087514649181963,0.9576326051886634,,,,runs/pivot/e4/maples/e4mp_fives_s2_baseline/bio.csv,results/pivot/e4_gt_maplesdr_preannot.csv,1.4826*MAD of MAPLES-DR's own 162-image network PRE-ANNOTATION-mask biomarkers (results/pivot/e4_gt_maplesdr_preannot.csv); no Gate A train scale exists for this set
preannot,fidelity,higher_resolution,fives,2,baseline,,total_length,pvbm,71,3742.5705005907253,0.30383381268752757,0.29999999999999993,1.1153617901959119,1.3411072718614863,1.29634172696513,,,,runs/pivot/e4/maples/e4mp_fives_s2_baseline/bio.csv,results/pivot/e4_gt_maplesdr_preannot.csv,1.4826*MAD of MAPLES-DR's own 162-image network PRE-ANNOTATION-mask biomarkers (results/pivot/e4_gt_maplesdr_preannot.csv); no Gate A train scale exists for this set
preannot,fidelity,higher_resolution,fives,2,baseline,,total_length,skan,71,3130.1513354528465,0.6078391763927725,0.5482226693494299,0.5177962888780787,0.9416628599414609,0.8358085396248848,,,,runs/pivot/e4/maples/e4mp_fives_s2_baseline/bio.csv,results/pivot/e4_gt_maplesdr_preannot.csv,1.4826*MAD of MAPLES-DR's own 162-image network PRE-ANNOTATION-mask biomarkers (results/pivot/e4_gt_maplesdr_preannot.csv); no Gate A train scale exists for this set
preannot,fidelity,higher_resolution,fives,2,cfloss,,FD,pvbm,71,0.05863112950581929,0.7357951414030497,0.7049966465459423,0.3399264705954422,0.5124750155616945,0.46631642145460345,,,,runs/pivot/e4/maples/e4mp_fives_s2_cfloss/bio.csv,results/pivot/e4_gt_maplesdr_preannot.csv,1.4826*MAD of MAPLES-DR's own 162-image network PRE-ANNOTATION-mask biomarkers (results/pivot/e4_gt_maplesdr_preannot.csv); no Gate A train scale exists for this set
preannot,fidelity,higher_resolution,fives,2,cfloss,,FD,skan,71,0.04989361650504784,0.6539829313147382,0.599664654594232,0.3540942504044701,0.6166830262047536,0.5450412658105015,,,,runs/pivot/e4/maples/e4mp_fives_s2_cfloss/bio.csv,results/pivot/e4_gt_maplesdr_preannot.csv,1.4826*MAD of MAPLES-DR's own 162-image network PRE-ANNOTATION-mask biomarkers (results/pivot/e4_gt_maplesdr_preannot.csv); no Gate A train scale exists for this set
preannot,fidelity,higher_resolution,fives,2,cfloss,,tortuosity,pvbm,71,0.0062787696728688735,0.2863685186113708,0.2721663313212609,-0.5589065575441085,0.9059495862970625,0.7741954034567193,,,,runs/pivot/e4/maples/e4mp_fives_s2_cfloss/bio.csv,results/pivot/e4_gt_maplesdr_preannot.csv,1.4826*MAD of MAPLES-DR's own 162-image network PRE-ANNOTATION-mask biomarkers (results/pivot/e4_gt_maplesdr_preannot.csv); no Gate A train scale exists for this set
preannot,fidelity,higher_resolution,fives,2,cfloss,,tortuosity,skan,71,0.009258289494123093,0.041997547580885246,0.6523474178403754,-0.18710860891953682,4.42687067898557,1.5899850543715865,,,,runs/pivot/e4/maples/e4mp_fives_s2_cfloss/bio.csv,results/pivot/e4_gt_maplesdr_preannot.csv,1.4826*MAD of MAPLES-DR's own 162-image network PRE-ANNOTATION-mask biomarkers (results/pivot/e4_gt_maplesdr_preannot.csv); no Gate A train scale exists for this set
preannot,fidelity,higher_resolution,fives,2,cfloss,,density,pvbm,71,0.019181209714760065,0.6078888791349016,0.5505365526492286,0.9003294906740561,0.7992584253607111,0.9914691765411009,,,,runs/pivot/e4/maples/e4mp_fives_s2_cfloss/bio.csv,results/pivot/e4_gt_maplesdr_preannot.csv,1.4826*MAD of MAPLES-DR's own 162-image network PRE-ANNOTATION-mask biomarkers (results/pivot/e4_gt_maplesdr_preannot.csv); no Gate A train scale exists for this set
preannot,fidelity,higher_resolution,fives,2,cfloss,,density,skan,71,0.019181209714760065,0.6078888791349016,0.5505365526492286,0.9003294906740561,0.7992584253607111,0.9914691765411009,,,,runs/pivot/e4/maples/e4mp_fives_s2_cfloss/bio.csv,results/pivot/e4_gt_maplesdr_preannot.csv,1.4826*MAD of MAPLES-DR's own 162-image network PRE-ANNOTATION-mask biomarkers (results/pivot/e4_gt_maplesdr_preannot.csv); no Gate A train scale exists for this set
preannot,fidelity,higher_resolution,fives,2,cfloss,,total_length,pvbm,71,3742.5705005907253,0.30842230858418684,0.30617035546613003,1.1601740924005237,1.338743328964931,1.324392859839353,,,,runs/pivot/e4/maples/e4mp_fives_s2_cfloss/bio.csv,results/pivot/e4_gt_maplesdr_preannot.csv,1.4826*MAD of MAPLES-DR's own 162-image network PRE-ANNOTATION-mask biomarkers (results/pivot/e4_gt_maplesdr_preannot.csv); no Gate A train scale exists for this set
preannot,fidelity,higher_resolution,fives,2,cfloss,,total_length,skan,71,3130.1513354528465,0.6131119128982803,0.5636485580147551,0.5764521890504942,0.9370021797847464,0.8588144950742284,,,,runs/pivot/e4/maples/e4mp_fives_s2_cfloss/bio.csv,results/pivot/e4_gt_maplesdr_preannot.csv,1.4826*MAD of MAPLES-DR's own 162-image network PRE-ANNOTATION-mask biomarkers (results/pivot/e4_gt_maplesdr_preannot.csv); no Gate A train scale exists for this set
preannot,fidelity,higher_resolution,fives,2,continued,,FD,pvbm,71,0.05863112950581929,0.7412498168387395,0.7292756539235412,0.38139623476536016,0.5125171456521528,0.4884843616517222,,,,runs/pivot/e4/maples/e4mp_fives_s2_continued/bio.csv,results/pivot/e4_gt_maplesdr_preannot.csv,1.4826*MAD of MAPLES-DR's own 162-image network PRE-ANNOTATION-mask biomarkers (results/pivot/e4_gt_maplesdr_preannot.csv); no Gate A train scale exists for this set
preannot,fidelity,higher_resolution,fives,2,continued,,FD,skan,71,0.04989361650504784,0.6615864050059118,0.6074111334674714,0.4041182535115394,0.6139956114815622,0.5626671808603532,,,,runs/pivot/e4/maples/e4mp_fives_s2_continued/bio.csv,results/pivot/e4_gt_maplesdr_preannot.csv,1.4826*MAD of MAPLES-DR's own 162-image network PRE-ANNOTATION-mask biomarkers (results/pivot/e4_gt_maplesdr_preannot.csv); no Gate A train scale exists for this set
preannot,fidelity,higher_resolution,fives,2,continued,,tortuosity,pvbm,71,0.0062787696728688735,0.3245617026302052,0.3476190476190476,-0.5635851046685402,0.8882832355511984,0.7325347632718229,,,,runs/pivot/e4/maples/e4mp_fives_s2_continued/bio.csv,results/pivot/e4_gt_maplesdr_preannot.csv,1.4826*MAD of MAPLES-DR's own 162-image network PRE-ANNOTATION-mask biomarkers (results/pivot/e4_gt_maplesdr_preannot.csv); no Gate A train scale exists for this set
preannot,fidelity,higher_resolution,fives,2,continued,,tortuosity,skan,71,0.009258289494123093,0.030568189409521877,0.5754191817572099,-0.13224389368543069,4.3567901649729235,1.5899533170696933,,,,runs/pivot/e4/maples/e4mp_fives_s2_continued/bio.csv,results/pivot/e4_gt_maplesdr_preannot.csv,1.4826*MAD of MAPLES-DR's own 162-image network PRE-ANNOTATION-mask biomarkers (results/pivot/e4_gt_maplesdr_preannot.csv); no Gate A train scale exists for this set
preannot,fidelity,higher_resolution,fives,2,continued,,density,pvbm,71,0.019181209714760065,0.6108345910742635,0.550637156270959,1.0936779126724485,0.7951881500232323,1.1682917503640367,,,,runs/pivot/e4/maples/e4mp_fives_s2_continued/bio.csv,results/pivot/e4_gt_maplesdr_preannot.csv,1.4826*MAD of MAPLES-DR's own 162-image network PRE-ANNOTATION-mask biomarkers (results/pivot/e4_gt_maplesdr_preannot.csv); no Gate A train scale exists for this set
preannot,fidelity,higher_resolution,fives,2,continued,,density,skan,71,0.019181209714760065,0.6108345910742635,0.550637156270959,1.0936779126724485,0.7951881500232323,1.1682917503640367,,,,runs/pivot/e4/maples/e4mp_fives_s2_continued/bio.csv,results/pivot/e4_gt_maplesdr_preannot.csv,1.4826*MAD of MAPLES-DR's own 162-image network PRE-ANNOTATION-mask biomarkers (results/pivot/e4_gt_maplesdr_preannot.csv); no Gate A train scale exists for this set
preannot,fidelity,higher_resolution,fives,2,continued,,total_length,pvbm,71,3742.5705005907253,0.32558082725076054,0.31046277665995975,1.251309319149372,1.3283641318990602,1.3751124676365292,,,,runs/pivot/e4/maples/e4mp_fives_s2_continued/bio.csv,results/pivot/e4_gt_maplesdr_preannot.csv,1.4826*MAD of MAPLES-DR's own 162-image network PRE-ANNOTATION-mask biomarkers (results/pivot/e4_gt_maplesdr_preannot.csv); no Gate A train scale exists for this set
preannot,fidelity,higher_resolution,fives,2,continued,,total_length,skan,71,3130.1513354528465,0.6225611016840756,0.5615023474178402,0.6606157780482531,0.9293484844343465,0.8951487369914363,,,,runs/pivot/e4/maples/e4mp_fives_s2_continued/bio.csv,results/pivot/e4_gt_maplesdr_preannot.csv,1.4826*MAD of MAPLES-DR's own 162-image network PRE-ANNOTATION-mask biomarkers (results/pivot/e4_gt_maplesdr_preannot.csv); no Gate A train scale exists for this set
preannot,fidelity,higher_resolution,fives,2,reliseg,,FD,pvbm,71,0.05863112950581929,0.7406025999097967,0.7230717639168343,0.4242064686401515,0.5135536538932253,0.5154926848289316,,,,runs/pivot/e4/maples/e4mp_fives_s2_reliseg/bio.csv,results/pivot/e4_gt_maplesdr_preannot.csv,1.4826*MAD of MAPLES-DR's own 162-image network PRE-ANNOTATION-mask biomarkers (results/pivot/e4_gt_maplesdr_preannot.csv); no Gate A train scale exists for this set
preannot,fidelity,higher_resolution,fives,2,reliseg,,FD,skan,71,0.04989361650504784,0.6680319993534327,0.6134138162307174,0.5170357172914528,0.6128887180913577,0.6256817916917096,,,,runs/pivot/e4/maples/e4mp_fives_s2_reliseg/bio.csv,results/pivot/e4_gt_maplesdr_preannot.csv,1.4826*MAD of MAPLES-DR's own 162-image network PRE-ANNOTATION-mask biomarkers (results/pivot/e4_gt_maplesdr_preannot.csv); no Gate A train scale exists for this set
preannot,fidelity,higher_resolution,fives,2,reliseg,,tortuosity,pvbm,71,0.0062787696728688735,0.2828716525465926,0.2871562709590878,0.502585559745041,1.2342084451907127,0.9593130845257156,,,,runs/pivot/e4/maples/e4mp_fives_s2_reliseg/bio.csv,results/pivot/e4_gt_maplesdr_preannot.csv,1.4826*MAD of MAPLES-DR's own 162-image network PRE-ANNOTATION-mask biomarkers (results/pivot/e4_gt_maplesdr_preannot.csv); no Gate A train scale exists for this set
preannot,fidelity,higher_resolution,fives,2,reliseg,,tortuosity,skan,71,0.009258289494123093,0.03227096726676646,0.5825285043594902,-0.17818383636514018,4.326825513259575,1.6193724253516049,,,,runs/pivot/e4/maples/e4mp_fives_s2_reliseg/bio.csv,results/pivot/e4_gt_maplesdr_preannot.csv,1.4826*MAD of MAPLES-DR's own 162-image network PRE-ANNOTATION-mask biomarkers (results/pivot/e4_gt_maplesdr_preannot.csv); no Gate A train scale exists for this set
preannot,fidelity,higher_resolution,fives,2,reliseg,,density,pvbm,71,0.019181209714760065,0.6139622388477021,0.552917505030181,1.0698140226099928,0.7940233951966739,1.1431539619464772,,,,runs/pivot/e4/maples/e4mp_fives_s2_reliseg/bio.csv,results/pivot/e4_gt_maplesdr_preannot.csv,1.4826*MAD of MAPLES-DR's own 162-image network PRE-ANNOTATION-mask biomarkers (results/pivot/e4_gt_maplesdr_preannot.csv); no Gate A train scale exists for this set
preannot,fidelity,higher_resolution,fives,2,reliseg,,density,skan,71,0.019181209714760065,0.6139622388477021,0.552917505030181,1.0698140226099928,0.7940233951966739,1.1431539619464772,,,,runs/pivot/e4/maples/e4mp_fives_s2_reliseg/bio.csv,results/pivot/e4_gt_maplesdr_preannot.csv,1.4826*MAD of MAPLES-DR's own 162-image network PRE-ANNOTATION-mask biomarkers (results/pivot/e4_gt_maplesdr_preannot.csv); no Gate A train scale exists for this set
preannot,fidelity,higher_resolution,fives,2,reliseg,,total_length,pvbm,71,3742.5705005907253,0.32248137976172947,0.3208584842387659,1.3374982972709344,1.3300017599214755,1.4400499624152425,,,,runs/pivot/e4/maples/e4mp_fives_s2_reliseg/bio.csv,results/pivot/e4_gt_maplesdr_preannot.csv,1.4826*MAD of MAPLES-DR's own 162-image network PRE-ANNOTATION-mask biomarkers (results/pivot/e4_gt_maplesdr_preannot.csv); no Gate A train scale exists for this set
preannot,fidelity,higher_resolution,fives,2,reliseg,,total_length,skan,71,3130.1513354528465,0.6228736599099094,0.5749832327297115,0.8595469941011614,0.9290844467058736,1.0244613182532922,,,,runs/pivot/e4/maples/e4mp_fives_s2_reliseg/bio.csv,results/pivot/e4_gt_maplesdr_preannot.csv,1.4826*MAD of MAPLES-DR's own 162-image network PRE-ANNOTATION-mask biomarkers (results/pivot/e4_gt_maplesdr_preannot.csv); no Gate A train scale exists for this set
preannot,fidelity,higher_resolution,hrf,0,baseline,,FD,pvbm,71,0.05863112950581929,0.6228265304010697,0.6251173708920188,1.1479441317581205,0.5705530129252399,1.155926563488869,,,,runs/pivot/e4/maples/e4mp_hrf_s0_baseline/bio.csv,results/pivot/e4_gt_maplesdr_preannot.csv,1.4826*MAD of MAPLES-DR's own 162-image network PRE-ANNOTATION-mask biomarkers (results/pivot/e4_gt_maplesdr_preannot.csv); no Gate A train scale exists for this set
preannot,fidelity,higher_resolution,hrf,0,baseline,,FD,skan,71,0.04989361650504784,0.5845935732270178,0.5402749832327296,1.3991466800656525,0.6518725079186679,1.4142984762657207,,,,runs/pivot/e4/maples/e4mp_hrf_s0_baseline/bio.csv,results/pivot/e4_gt_maplesdr_preannot.csv,1.4826*MAD of MAPLES-DR's own 162-image network PRE-ANNOTATION-mask biomarkers (results/pivot/e4_gt_maplesdr_preannot.csv); no Gate A train scale exists for this set
preannot,fidelity,higher_resolution,hrf,0,baseline,,tortuosity,pvbm,71,0.0062787696728688735,0.44146141655817994,0.42293762575452715,-0.24046763602958582,0.8070406758989879,0.6346989506465953,,,,runs/pivot/e4/maples/e4mp_hrf_s0_baseline/bio.csv,results/pivot/e4_gt_maplesdr_preannot.csv,1.4826*MAD of MAPLES-DR's own 162-image network PRE-ANNOTATION-mask biomarkers (results/pivot/e4_gt_maplesdr_preannot.csv); no Gate A train scale exists for this set
preannot,fidelity,higher_resolution,hrf,0,baseline,,tortuosity,skan,71,0.009258289494123093,0.2262768037577536,0.5936619718309859,-1.1516658210633817,2.268729873707991,1.2275853211224492,,,,runs/pivot/e4/maples/e4mp_hrf_s0_baseline/bio.csv,results/pivot/e4_gt_maplesdr_preannot.csv,1.4826*MAD of MAPLES-DR's own 162-image network PRE-ANNOTATION-mask biomarkers (results/pivot/e4_gt_maplesdr_preannot.csv); no Gate A train scale exists for this set
preannot,fidelity,higher_resolution,hrf,0,baseline,,density,pvbm,71,0.019181209714760065,0.419778392773325,0.4203890006706908,0.519609026890508,0.979207925836583,0.8601071024819014,,,,runs/pivot/e4/maples/e4mp_hrf_s0_baseline/bio.csv,results/pivot/e4_gt_maplesdr_preannot.csv,1.4826*MAD of MAPLES-DR's own 162-image network PRE-ANNOTATION-mask biomarkers (results/pivot/e4_gt_maplesdr_preannot.csv); no Gate A train scale exists for this set
preannot,fidelity,higher_resolution,hrf,0,baseline,,density,skan,71,0.019181209714760065,0.419778392773325,0.4203890006706908,0.519609026890508,0.979207925836583,0.8601071024819014,,,,runs/pivot/e4/maples/e4mp_hrf_s0_baseline/bio.csv,results/pivot/e4_gt_maplesdr_preannot.csv,1.4826*MAD of MAPLES-DR's own 162-image network PRE-ANNOTATION-mask biomarkers (results/pivot/e4_gt_maplesdr_preannot.csv); no Gate A train scale exists for this set
preannot,fidelity,higher_resolution,hrf,0,baseline,,total_length,pvbm,71,3742.5705005907253,0.3343710709341128,0.3259557344064386,2.357956281959044,1.3667061071313766,2.3684134495040574,,,,runs/pivot/e4/maples/e4mp_hrf_s0_baseline/bio.csv,results/pivot/e4_gt_maplesdr_preannot.csv,1.4826*MAD of MAPLES-DR's own 162-image network PRE-ANNOTATION-mask biomarkers (results/pivot/e4_gt_maplesdr_preannot.csv); no Gate A train scale exists for this set
preannot,fidelity,higher_resolution,hrf,0,baseline,,total_length,skan,71,3130.1513354528465,0.5378683954606625,0.5092555331991951,2.570484609765788,1.0564242694095094,2.5910542835530808,,,,runs/pivot/e4/maples/e4mp_hrf_s0_baseline/bio.csv,results/pivot/e4_gt_maplesdr_preannot.csv,1.4826*MAD of MAPLES-DR's own 162-image network PRE-ANNOTATION-mask biomarkers (results/pivot/e4_gt_maplesdr_preannot.csv); no Gate A train scale exists for this set
preannot,fidelity,higher_resolution,hrf,0,cfloss,,FD,pvbm,71,0.05863112950581929,0.5610712768427434,0.5635479543930247,0.8379596880841388,0.5994869299290683,0.8740147565717756,,,,runs/pivot/e4/maples/e4mp_hrf_s0_cfloss/bio.csv,results/pivot/e4_gt_maplesdr_preannot.csv,1.4826*MAD of MAPLES-DR's own 162-image network PRE-ANNOTATION-mask biomarkers (results/pivot/e4_gt_maplesdr_preannot.csv); no Gate A train scale exists for this set
preannot,fidelity,higher_resolution,hrf,0,cfloss,,FD,skan,71,0.04989361650504784,0.5224005476080845,0.47803487592219984,0.9726279173845299,0.701739530944136,1.0279181343099488,,,,runs/pivot/e4/maples/e4mp_hrf_s0_cfloss/bio.csv,results/pivot/e4_gt_maplesdr_preannot.csv,1.4826*MAD of MAPLES-DR's own 162-image network PRE-ANNOTATION-mask biomarkers (results/pivot/e4_gt_maplesdr_preannot.csv); no Gate A train scale exists for this set
preannot,fidelity,higher_resolution,hrf,0,cfloss,,tortuosity,pvbm,71,0.0062787696728688735,0.42890434552545303,0.4146881287726357,-0.31779881198864407,0.8321496999374356,0.6823234482795731,,,,runs/pivot/e4/maples/e4mp_hrf_s0_cfloss/bio.csv,results/pivot/e4_gt_maplesdr_preannot.csv,1.4826*MAD of MAPLES-DR's own 162-image network PRE-ANNOTATION-mask biomarkers (results/pivot/e4_gt_maplesdr_preannot.csv); no Gate A train scale exists for this set
preannot,fidelity,higher_resolution,hrf,0,cfloss,,tortuosity,skan,71,0.009258289494123093,0.19315489220608034,0.5994299128101944,-1.0544724545899078,2.3707947998367827,1.2872099159439778,,,,runs/pivot/e4/maples/e4mp_hrf_s0_cfloss/bio.csv,results/pivot/e4_gt_maplesdr_preannot.csv,1.4826*MAD of MAPLES-DR's own 162-image network PRE-ANNOTATION-mask biomarkers (results/pivot/e4_gt_maplesdr_preannot.csv); no Gate A train scale exists for this set
preannot,fidelity,higher_resolution,hrf,0,cfloss,,density,pvbm,71,0.019181209714760065,0.4235905037946162,0.4242454728370221,-0.3580700969257487,1.0088566018642555,0.8258241420429829,,,,runs/pivot/e4/maples/e4mp_hrf_s0_cfloss/bio.csv,results/pivot/e4_gt_maplesdr_preannot.csv,1.4826*MAD of MAPLES-DR's own 162-image network PRE-ANNOTATION-mask biomarkers (results/pivot/e4_gt_maplesdr_preannot.csv); no Gate A train scale exists for this set
preannot,fidelity,higher_resolution,hrf,0,cfloss,,density,skan,71,0.019181209714760065,0.4235905037946162,0.4242454728370221,-0.3580700969257487,1.0088566018642555,0.8258241420429829,,,,runs/pivot/e4/maples/e4mp_hrf_s0_cfloss/bio.csv,results/pivot/e4_gt_maplesdr_preannot.csv,1.4826*MAD of MAPLES-DR's own 162-image network PRE-ANNOTATION-mask biomarkers (results/pivot/e4_gt_maplesdr_preannot.csv); no Gate A train scale exists for this set
preannot,fidelity,higher_resolution,hrf,0,cfloss,,total_length,pvbm,71,3742.5705005907253,0.25273982699419534,0.25285043594902745,1.8427759661682594,1.4646627833291175,1.895899097414625,,,,runs/pivot/e4/maples/e4mp_hrf_s0_cfloss/bio.csv,results/pivot/e4_gt_maplesdr_preannot.csv,1.4826*MAD of MAPLES-DR's own 162-image network PRE-ANNOTATION-mask biomarkers (results/pivot/e4_gt_maplesdr_preannot.csv); no Gate A train scale exists for this set
preannot,fidelity,higher_resolution,hrf,0,cfloss,,total_length,skan,71,3130.1513354528465,0.5267088852923993,0.5060362173038229,1.843214833605635,1.121562778399079,1.9056318284141662,,,,runs/pivot/e4/maples/e4mp_hrf_s0_cfloss/bio.csv,results/pivot/e4_gt_maplesdr_preannot.csv,1.4826*MAD of MAPLES-DR's own 162-image network PRE-ANNOTATION-mask biomarkers (results/pivot/e4_gt_maplesdr_preannot.csv); no Gate A train scale exists for this set
preannot,fidelity,higher_resolution,hrf,0,continued,,FD,pvbm,71,0.05863112950581929,0.6726027172740975,0.6501006036217303,1.0352847007090795,0.5441358450099599,1.0497698141804481,,,,runs/pivot/e4/maples/e4mp_hrf_s0_continued/bio.csv,results/pivot/e4_gt_maplesdr_preannot.csv,1.4826*MAD of MAPLES-DR's own 162-image network PRE-ANNOTATION-mask biomarkers (results/pivot/e4_gt_maplesdr_preannot.csv); no Gate A train scale exists for this set
preannot,fidelity,higher_resolution,hrf,0,continued,,FD,skan,71,0.04989361650504784,0.6056578135086661,0.5368879946344735,1.1579328695307047,0.6393108833526339,1.180444161540124,,,,runs/pivot/e4/maples/e4mp_hrf_s0_continued/bio.csv,results/pivot/e4_gt_maplesdr_preannot.csv,1.4826*MAD of MAPLES-DR's own 162-image network PRE-ANNOTATION-mask biomarkers (results/pivot/e4_gt_maplesdr_preannot.csv); no Gate A train scale exists for this set
preannot,fidelity,higher_resolution,hrf,0,continued,,tortuosity,pvbm,71,0.0062787696728688735,0.3712024085210181,0.38645204560697516,-0.25358947256607417,0.8620644444215245,0.6654653944714086,,,,runs/pivot/e4/maples/e4mp_hrf_s0_continued/bio.csv,results/pivot/e4_gt_maplesdr_preannot.csv,1.4826*MAD of MAPLES-DR's own 162-image network PRE-ANNOTATION-mask biomarkers (results/pivot/e4_gt_maplesdr_preannot.csv); no Gate A train scale exists for this set
preannot,fidelity,higher_resolution,hrf,0,continued,,tortuosity,skan,71,0.009258289494123093,0.23241789678268032,0.6652246814218645,-1.1374498813892746,2.261412681567246,1.2018853263198397,,,,runs/pivot/e4/maples/e4mp_hrf_s0_continued/bio.csv,results/pivot/e4_gt_maplesdr_preannot.csv,1.4826*MAD of MAPLES-DR's own 162-image network PRE-ANNOTATION-mask biomarkers (results/pivot/e4_gt_maplesdr_preannot.csv); no Gate A train scale exists for this set
preannot,fidelity,higher_resolution,hrf,0,continued,,density,pvbm,71,0.019181209714760065,0.48522640493431557,0.4718645204560697,0.18194282069337447,0.9257413110605925,0.6981695456751941,,,,runs/pivot/e4/maples/e4mp_hrf_s0_continued/bio.csv,results/pivot/e4_gt_maplesdr_preannot.csv,1.4826*MAD of MAPLES-DR's own 162-image network PRE-ANNOTATION-mask biomarkers (results/pivot/e4_gt_maplesdr_preannot.csv); no Gate A train scale exists for this set
preannot,fidelity,higher_resolution,hrf,0,continued,,density,skan,71,0.019181209714760065,0.48522640493431557,0.4718645204560697,0.18194282069337447,0.9257413110605925,0.6981695456751941,,,,runs/pivot/e4/maples/e4mp_hrf_s0_continued/bio.csv,results/pivot/e4_gt_maplesdr_preannot.csv,1.4826*MAD of MAPLES-DR's own 162-image network PRE-ANNOTATION-mask biomarkers (results/pivot/e4_gt_maplesdr_preannot.csv); no Gate A train scale exists for this set
preannot,fidelity,higher_resolution,hrf,0,continued,,total_length,pvbm,71,3742.5705005907253,0.3357688306905632,0.33024815560026827,2.1753788194152217,1.3618265368693068,2.1993296729270857,,,,runs/pivot/e4/maples/e4mp_hrf_s0_continued/bio.csv,results/pivot/e4_gt_maplesdr_preannot.csv,1.4826*MAD of MAPLES-DR's own 162-image network PRE-ANNOTATION-mask biomarkers (results/pivot/e4_gt_maplesdr_preannot.csv); no Gate A train scale exists for this set
preannot,fidelity,higher_resolution,hrf,0,continued,,total_length,skan,71,3130.1513354528465,0.5870738296584928,0.5420523138832998,2.141478264875968,0.9963718657949953,2.1765737532270077,,,,runs/pivot/e4/maples/e4mp_hrf_s0_continued/bio.csv,results/pivot/e4_gt_maplesdr_preannot.csv,1.4826*MAD of MAPLES-DR's own 162-image network PRE-ANNOTATION-mask biomarkers (results/pivot/e4_gt_maplesdr_preannot.csv); no Gate A train scale exists for this set
preannot,fidelity,higher_resolution,hrf,0,reliseg,,FD,pvbm,71,0.05863112950581929,0.6456515550866184,0.6348088531187123,1.3035382516413005,0.5652531521014603,1.3086083104393378,,,,runs/pivot/e4/maples/e4mp_hrf_s0_reliseg/bio.csv,results/pivot/e4_gt_maplesdr_preannot.csv,1.4826*MAD of MAPLES-DR's own 162-image network PRE-ANNOTATION-mask biomarkers (results/pivot/e4_gt_maplesdr_preannot.csv); no Gate A train scale exists for this set
preannot,fidelity,higher_resolution,hrf,0,reliseg,,FD,skan,71,0.04989361650504784,0.5879188862064928,0.5198859825620388,1.6891206310859277,0.6503303752481903,1.6937399765947052,,,,runs/pivot/e4/maples/e4mp_hrf_s0_reliseg/bio.csv,results/pivot/e4_gt_maplesdr_preannot.csv,1.4826*MAD of MAPLES-DR's own 162-image network PRE-ANNOTATION-mask biomarkers (results/pivot/e4_gt_maplesdr_preannot.csv); no Gate A train scale exists for this set
preannot,fidelity,higher_resolution,hrf,0,reliseg,,tortuosity,pvbm,71,0.0062787696728688735,0.1355703524341361,0.13427230046948355,2.914428140960971,2.7763673308991264,3.039815828566727,,,,runs/pivot/e4/maples/e4mp_hrf_s0_reliseg/bio.csv,results/pivot/e4_gt_maplesdr_preannot.csv,1.4826*MAD of MAPLES-DR's own 162-image network PRE-ANNOTATION-mask biomarkers (results/pivot/e4_gt_maplesdr_preannot.csv); no Gate A train scale exists for this set
preannot,fidelity,higher_resolution,hrf,0,reliseg,,tortuosity,skan,71,0.009258289494123093,0.12637449870432613,0.45254862508383625,-0.4260674182424536,2.388769797929847,1.1229068689571824,,,,runs/pivot/e4/maples/e4mp_hrf_s0_reliseg/bio.csv,results/pivot/e4_gt_maplesdr_preannot.csv,1.4826*MAD of MAPLES-DR's own 162-image network PRE-ANNOTATION-mask biomarkers (results/pivot/e4_gt_maplesdr_preannot.csv); no Gate A train scale exists for this set
preannot,fidelity,higher_resolution,hrf,0,reliseg,,density,pvbm,71,0.019181209714760065,0.4454601484208064,0.43547954393024807,0.05865170013544849,0.9741154882095756,0.7329202952189122,,,,runs/pivot/e4/maples/e4mp_hrf_s0_reliseg/bio.csv,results/pivot/e4_gt_maplesdr_preannot.csv,1.4826*MAD of MAPLES-DR's own 162-image network PRE-ANNOTATION-mask biomarkers (results/pivot/e4_gt_maplesdr_preannot.csv); no Gate A train scale exists for this set
preannot,fidelity,higher_resolution,hrf,0,reliseg,,density,skan,71,0.019181209714760065,0.4454601484208064,0.43547954393024807,0.05865170013544849,0.9741154882095756,0.7329202952189122,,,,runs/pivot/e4/maples/e4mp_hrf_s0_reliseg/bio.csv,results/pivot/e4_gt_maplesdr_preannot.csv,1.4826*MAD of MAPLES-DR's own 162-image network PRE-ANNOTATION-mask biomarkers (results/pivot/e4_gt_maplesdr_preannot.csv); no Gate A train scale exists for this set
preannot,fidelity,higher_resolution,hrf,0,reliseg,,total_length,pvbm,71,3742.5705005907253,0.3116602141454951,0.328336686787391,2.5255841930339864,1.3873888096516402,2.543146725645634,,,,runs/pivot/e4/maples/e4mp_hrf_s0_reliseg/bio.csv,results/pivot/e4_gt_maplesdr_preannot.csv,1.4826*MAD of MAPLES-DR's own 162-image network PRE-ANNOTATION-mask biomarkers (results/pivot/e4_gt_maplesdr_preannot.csv); no Gate A train scale exists for this set
preannot,fidelity,higher_resolution,hrf,0,reliseg,,total_length,skan,71,3130.1513354528465,0.5849918189886112,0.5041247484909456,3.2023733175501894,0.9847526114860089,3.208035911790901,,,,runs/pivot/e4/maples/e4mp_hrf_s0_reliseg/bio.csv,results/pivot/e4_gt_maplesdr_preannot.csv,1.4826*MAD of MAPLES-DR's own 162-image network PRE-ANNOTATION-mask biomarkers (results/pivot/e4_gt_maplesdr_preannot.csv); no Gate A train scale exists for this set
preannot,fidelity,higher_resolution,hrf,1,baseline,,FD,pvbm,71,0.05863112950581929,0.6675210848135563,0.644600938967136,0.8505360487400038,0.5387585680311642,0.8782651218392533,,,,runs/pivot/e4/maples/e4mp_hrf_s1_baseline/bio.csv,results/pivot/e4_gt_maplesdr_preannot.csv,1.4826*MAD of MAPLES-DR's own 162-image network PRE-ANNOTATION-mask biomarkers (results/pivot/e4_gt_maplesdr_preannot.csv); no Gate A train scale exists for this set
preannot,fidelity,higher_resolution,hrf,1,baseline,,FD,skan,71,0.04989361650504784,0.5955573544571872,0.5553990610328638,1.0566847242875252,0.6497149052992349,1.0972913677515375,,,,runs/pivot/e4/maples/e4mp_hrf_s1_baseline/bio.csv,results/pivot/e4_gt_maplesdr_preannot.csv,1.4826*MAD of MAPLES-DR's own 162-image network PRE-ANNOTATION-mask biomarkers (results/pivot/e4_gt_maplesdr_preannot.csv); no Gate A train scale exists for this set
preannot,fidelity,higher_resolution,hrf,1,baseline,,tortuosity,pvbm,71,0.0062787696728688735,0.3540147001231128,0.3396378269617706,-0.30059389329511166,0.8834117091551206,0.6921692381512081,,,,runs/pivot/e4/maples/e4mp_hrf_s1_baseline/bio.csv,results/pivot/e4_gt_maplesdr_preannot.csv,1.4826*MAD of MAPLES-DR's own 162-image network PRE-ANNOTATION-mask biomarkers (results/pivot/e4_gt_maplesdr_preannot.csv); no Gate A train scale exists for this set
preannot,fidelity,higher_resolution,hrf,1,baseline,,tortuosity,skan,71,0.009258289494123093,0.20894110080465722,0.6112005365526492,-0.9932400658247914,2.3368079017410297,1.2360177848489886,,,,runs/pivot/e4/maples/e4mp_hrf_s1_baseline/bio.csv,results/pivot/e4_gt_maplesdr_preannot.csv,1.4826*MAD of MAPLES-DR's own 162-image network PRE-ANNOTATION-mask biomarkers (results/pivot/e4_gt_maplesdr_preannot.csv); no Gate A train scale exists for this set
preannot,fidelity,higher_resolution,hrf,1,baseline,,density,pvbm,71,0.019181209714760065,0.49251324102871286,0.4970824949698188,-0.28245722778534404,0.930255423817694,0.7330213594487911,,,,runs/pivot/e4/maples/e4mp_hrf_s1_baseline/bio.csv,results/pivot/e4_gt_maplesdr_preannot.csv,1.4826*MAD of MAPLES-DR's own 162-image network PRE-ANNOTATION-mask biomarkers (results/pivot/e4_gt_maplesdr_preannot.csv); no Gate A train scale exists for this set
preannot,fidelity,higher_resolution,hrf,1,baseline,,density,skan,71,0.019181209714760065,0.49251324102871286,0.4970824949698188,-0.28245722778534404,0.930255423817694,0.7330213594487911,,,,runs/pivot/e4/maples/e4mp_hrf_s1_baseline/bio.csv,results/pivot/e4_gt_maplesdr_preannot.csv,1.4826*MAD of MAPLES-DR's own 162-image network PRE-ANNOTATION-mask biomarkers (results/pivot/e4_gt_maplesdr_preannot.csv); no Gate A train scale exists for this set
preannot,fidelity,higher_resolution,hrf,1,baseline,,total_length,pvbm,71,3742.5705005907253,0.28651720165653144,0.30684104627766595,1.8770813614206645,1.411197110772992,1.9198941137824432,,,,runs/pivot/e4/maples/e4mp_hrf_s1_baseline/bio.csv,results/pivot/e4_gt_maplesdr_preannot.csv,1.4826*MAD of MAPLES-DR's own 162-image network PRE-ANNOTATION-mask biomarkers (results/pivot/e4_gt_maplesdr_preannot.csv); no Gate A train scale exists for this set
preannot,fidelity,higher_resolution,hrf,1,baseline,,total_length,skan,71,3130.1513354528465,0.5794762884940267,0.5534540576794097,1.8063858429919346,1.0208998937171077,1.8601255402960328,,,,runs/pivot/e4/maples/e4mp_hrf_s1_baseline/bio.csv,results/pivot/e4_gt_maplesdr_preannot.csv,1.4826*MAD of MAPLES-DR's own 162-image network PRE-ANNOTATION-mask biomarkers (results/pivot/e4_gt_maplesdr_preannot.csv); no Gate A train scale exists for this set
preannot,fidelity,higher_resolution,hrf,1,cfloss,,FD,pvbm,71,0.05863112950581929,0.5496616691021402,0.5624748490945674,0.6844932279458503,0.6089085337033538,0.74680083012365,,,,runs/pivot/e4/maples/e4mp_hrf_s1_cfloss/bio.csv,results/pivot/e4_gt_maplesdr_preannot.csv,1.4826*MAD of MAPLES-DR's own 162-image network PRE-ANNOTATION-mask biomarkers (results/pivot/e4_gt_maplesdr_preannot.csv); no Gate A train scale exists for this set
preannot,fidelity,higher_resolution,hrf,1,cfloss,,FD,skan,71,0.04989361650504784,0.48129692013988845,0.45549966465459424,0.8534373884843081,0.7320398773617602,0.9333510031385304,,,,runs/pivot/e4/maples/e4mp_hrf_s1_cfloss/bio.csv,results/pivot/e4_gt_maplesdr_preannot.csv,1.4826*MAD of MAPLES-DR's own 162-image network PRE-ANNOTATION-mask biomarkers (results/pivot/e4_gt_maplesdr_preannot.csv); no Gate A train scale exists for this set
preannot,fidelity,higher_resolution,hrf,1,cfloss,,tortuosity,pvbm,71,0.0062787696728688735,0.5184822103583128,0.5223340040241449,-0.4365594649653176,0.7678491337259201,0.6413216839225283,,,,runs/pivot/e4/maples/e4mp_hrf_s1_cfloss/bio.csv,results/pivot/e4_gt_maplesdr_preannot.csv,1.4826*MAD of MAPLES-DR's own 162-image network PRE-ANNOTATION-mask biomarkers (results/pivot/e4_gt_maplesdr_preannot.csv); no Gate A train scale exists for this set
preannot,fidelity,higher_resolution,hrf,1,cfloss,,tortuosity,skan,71,0.009258289494123093,0.2607206812651357,0.634674714956405,-1.0321299010366023,2.2528389472385304,1.1650147533869222,,,,runs/pivot/e4/maples/e4mp_hrf_s1_cfloss/bio.csv,results/pivot/e4_gt_maplesdr_preannot.csv,1.4826*MAD of MAPLES-DR's own 162-image network PRE-ANNOTATION-mask biomarkers (results/pivot/e4_gt_maplesdr_preannot.csv); no Gate A train scale exists for this set
preannot,fidelity,higher_resolution,hrf,1,cfloss,,density,pvbm,71,0.019181209714760065,0.3951091380579379,0.4219315895372233,-0.6652770515331187,1.0186932700496454,0.9433425055654299,,,,runs/pivot/e4/maples/e4mp_hrf_s1_cfloss/bio.csv,results/pivot/e4_gt_maplesdr_preannot.csv,1.4826*MAD of MAPLES-DR's own 162-image network PRE-ANNOTATION-mask biomarkers (results/pivot/e4_gt_maplesdr_preannot.csv); no Gate A train scale exists for this set
preannot,fidelity,higher_resolution,hrf,1,cfloss,,density,skan,71,0.019181209714760065,0.3951091380579379,0.4219315895372233,-0.6652770515331187,1.0186932700496454,0.9433425055654299,,,,runs/pivot/e4/maples/e4mp_hrf_s1_cfloss/bio.csv,results/pivot/e4_gt_maplesdr_preannot.csv,1.4826*MAD of MAPLES-DR's own 162-image network PRE-ANNOTATION-mask biomarkers (results/pivot/e4_gt_maplesdr_preannot.csv); no Gate A train scale exists for this set
preannot,fidelity,higher_resolution,hrf,1,cfloss,,total_length,pvbm,71,3742.5705005907253,0.2339032205978238,0.23712273641851103,1.602494486873819,1.4914499041042626,1.7175367903847656,,,,runs/pivot/e4/maples/e4mp_hrf_s1_cfloss/bio.csv,results/pivot/e4_gt_maplesdr_preannot.csv,1.4826*MAD of MAPLES-DR's own 162-image network PRE-ANNOTATION-mask biomarkers (results/pivot/e4_gt_maplesdr_preannot.csv); no Gate A train scale exists for this set
preannot,fidelity,higher_resolution,hrf,1,cfloss,,total_length,skan,71,3130.1513354528465,0.48649588098434937,0.4797116029510396,1.4787668348841385,1.1458506802085524,1.5749952296227545,,,,runs/pivot/e4/maples/e4mp_hrf_s1_cfloss/bio.csv,results/pivot/e4_gt_maplesdr_preannot.csv,1.4826*MAD of MAPLES-DR's own 162-image network PRE-ANNOTATION-mask biomarkers (results/pivot/e4_gt_maplesdr_preannot.csv); no Gate A train scale exists for this set
preannot,fidelity,higher_resolution,hrf,1,continued,,FD,pvbm,71,0.05863112950581929,0.6729956267754533,0.6289403085177733,0.9727427723310167,0.5418252281583785,0.9874794575748348,,,,runs/pivot/e4/maples/e4mp_hrf_s1_continued/bio.csv,results/pivot/e4_gt_maplesdr_preannot.csv,1.4826*MAD of MAPLES-DR's own 162-image network PRE-ANNOTATION-mask biomarkers (results/pivot/e4_gt_maplesdr_preannot.csv); no Gate A train scale exists for this set
preannot,fidelity,higher_resolution,hrf,1,continued,,FD,skan,71,0.04989361650504784,0.5920871403384144,0.5433266264252179,1.1096251708554246,0.6476224482975111,1.1360575702327125,,,,runs/pivot/e4/maples/e4mp_hrf_s1_continued/bio.csv,results/pivot/e4_gt_maplesdr_preannot.csv,1.4826*MAD of MAPLES-DR's own 162-image network PRE-ANNOTATION-mask biomarkers (results/pivot/e4_gt_maplesdr_preannot.csv); no Gate A train scale exists for this set
preannot,fidelity,higher_resolution,hrf,1,continued,,tortuosity,pvbm,71,0.0062787696728688735,0.44442994983438133,0.4054996646545942,-0.26540114217907385,0.811686594154674,0.6572621661452905,,,,runs/pivot/e4/maples/e4mp_hrf_s1_continued/bio.csv,results/pivot/e4_gt_maplesdr_preannot.csv,1.4826*MAD of MAPLES-DR's own 162-image network PRE-ANNOTATION-mask biomarkers (results/pivot/e4_gt_maplesdr_preannot.csv); no Gate A train scale exists for this set
preannot,fidelity,higher_resolution,hrf,1,continued,,tortuosity,skan,71,0.009258289494123093,0.0898834453127296,0.6293427230046947,-0.7947243561020133,3.3738911757445225,1.4933426684681308,,,,runs/pivot/e4/maples/e4mp_hrf_s1_continued/bio.csv,results/pivot/e4_gt_maplesdr_preannot.csv,1.4826*MAD of MAPLES-DR's own 162-image network PRE-ANNOTATION-mask biomarkers (results/pivot/e4_gt_maplesdr_preannot.csv); no Gate A train scale exists for this set
preannot,fidelity,higher_resolution,hrf,1,continued,,density,pvbm,71,0.019181209714760065,0.44722085532636113,0.45080482897384305,0.001357136467936963,0.9531791552866844,0.6946188255956515,,,,runs/pivot/e4/maples/e4mp_hrf_s1_continued/bio.csv,results/pivot/e4_gt_maplesdr_preannot.csv,1.4826*MAD of MAPLES-DR's own 162-image network PRE-ANNOTATION-mask biomarkers (results/pivot/e4_gt_maplesdr_preannot.csv); no Gate A train scale exists for this set
preannot,fidelity,higher_resolution,hrf,1,continued,,density,skan,71,0.019181209714760065,0.44722085532636113,0.45080482897384305,0.001357136467936963,0.9531791552866844,0.6946188255956515,,,,runs/pivot/e4/maples/e4mp_hrf_s1_continued/bio.csv,results/pivot/e4_gt_maplesdr_preannot.csv,1.4826*MAD of MAPLES-DR's own 162-image network PRE-ANNOTATION-mask biomarkers (results/pivot/e4_gt_maplesdr_preannot.csv); no Gate A train scale exists for this set
preannot,fidelity,higher_resolution,hrf,1,continued,,total_length,pvbm,71,3742.5705005907253,0.2856494561272834,0.2836351441985245,2.046014278405109,1.3975472798099042,2.0739497327740275,,,,runs/pivot/e4/maples/e4mp_hrf_s1_continued/bio.csv,results/pivot/e4_gt_maplesdr_preannot.csv,1.4826*MAD of MAPLES-DR's own 162-image network PRE-ANNOTATION-mask biomarkers (results/pivot/e4_gt_maplesdr_preannot.csv); no Gate A train scale exists for this set
preannot,fidelity,higher_resolution,hrf,1,continued,,total_length,skan,71,3130.1513354528465,0.5564653956464345,0.5162307176391683,1.9511330620709533,1.0246799547512735,1.9977054093840745,,,,runs/pivot/e4/maples/e4mp_hrf_s1_continued/bio.csv,results/pivot/e4_gt_maplesdr_preannot.csv,1.4826*MAD of MAPLES-DR's own 162-image network PRE-ANNOTATION-mask biomarkers (results/pivot/e4_gt_maplesdr_preannot.csv); no Gate A train scale exists for this set
preannot,fidelity,higher_resolution,hrf,1,reliseg,,FD,pvbm,71,0.05863112950581929,0.691645982266943,0.6479208584842387,1.280016747621996,0.5462785178698643,1.282633587923231,,,,runs/pivot/e4/maples/e4mp_hrf_s1_reliseg/bio.csv,results/pivot/e4_gt_maplesdr_preannot.csv,1.4826*MAD of MAPLES-DR's own 162-image network PRE-ANNOTATION-mask biomarkers (results/pivot/e4_gt_maplesdr_preannot.csv); no Gate A train scale exists for this set
preannot,fidelity,higher_resolution,hrf,1,reliseg,,FD,skan,71,0.04989361650504784,0.5814666073110082,0.5207243460764587,1.668667726158153,0.6535670144570089,1.6756274027533582,,,,runs/pivot/e4/maples/e4mp_hrf_s1_reliseg/bio.csv,results/pivot/e4_gt_maplesdr_preannot.csv,1.4826*MAD of MAPLES-DR's own 162-image network PRE-ANNOTATION-mask biomarkers (results/pivot/e4_gt_maplesdr_preannot.csv); no Gate A train scale exists for this set
preannot,fidelity,higher_resolution,hrf,1,reliseg,,tortuosity,pvbm,71,0.0062787696728688735,0.3873159125057208,0.3556338028169014,0.16979783475152097,0.8729173146249277,0.6865464499224482,,,,runs/pivot/e4/maples/e4mp_hrf_s1_reliseg/bio.csv,results/pivot/e4_gt_maplesdr_preannot.csv,1.4826*MAD of MAPLES-DR's own 162-image network PRE-ANNOTATION-mask biomarkers (results/pivot/e4_gt_maplesdr_preannot.csv); no Gate A train scale exists for this set
preannot,fidelity,higher_resolution,hrf,1,reliseg,,tortuosity,skan,71,0.009258289494123093,0.11343467056131945,0.5115358819584171,-0.9187267508203647,2.3869582971256342,1.144276210297502,,,,runs/pivot/e4/maples/e4mp_hrf_s1_reliseg/bio.csv,results/pivot/e4_gt_maplesdr_preannot.csv,1.4826*MAD of MAPLES-DR's own 162-image network PRE-ANNOTATION-mask biomarkers (results/pivot/e4_gt_maplesdr_preannot.csv); no Gate A train scale exists for this set
preannot,fidelity,higher_resolution,hrf,1,reliseg,,density,pvbm,71,0.019181209714760065,0.43252711723552006,0.4325955734406438,-0.047860121207312666,0.9634337486983403,0.712477322346341,,,,runs/pivot/e4/maples/e4mp_hrf_s1_reliseg/bio.csv,results/pivot/e4_gt_maplesdr_preannot.csv,1.4826*MAD of MAPLES-DR's own 162-image network PRE-ANNOTATION-mask biomarkers (results/pivot/e4_gt_maplesdr_preannot.csv); no Gate A train scale exists for this set
preannot,fidelity,higher_resolution,hrf,1,reliseg,,density,skan,71,0.019181209714760065,0.43252711723552006,0.4325955734406438,-0.047860121207312666,0.9634337486983403,0.712477322346341,,,,runs/pivot/e4/maples/e4mp_hrf_s1_reliseg/bio.csv,results/pivot/e4_gt_maplesdr_preannot.csv,1.4826*MAD of MAPLES-DR's own 162-image network PRE-ANNOTATION-mask biomarkers (results/pivot/e4_gt_maplesdr_preannot.csv); no Gate A train scale exists for this set
preannot,fidelity,higher_resolution,hrf,1,reliseg,,total_length,pvbm,71,3742.5705005907253,0.2656306178144484,0.29054325955734406,2.398996808339085,1.422911829429835,2.424711863272644,,,,runs/pivot/e4/maples/e4mp_hrf_s1_reliseg/bio.csv,results/pivot/e4_gt_maplesdr_preannot.csv,1.4826*MAD of MAPLES-DR's own 162-image network PRE-ANNOTATION-mask biomarkers (results/pivot/e4_gt_maplesdr_preannot.csv); no Gate A train scale exists for this set
preannot,fidelity,higher_resolution,hrf,1,reliseg,,total_length,skan,71,3130.1513354528465,0.571508371152779,0.49758551307847076,2.904808275115941,1.0075153515764586,2.9196315493007527,,,,runs/pivot/e4/maples/e4mp_hrf_s1_reliseg/bio.csv,results/pivot/e4_gt_maplesdr_preannot.csv,1.4826*MAD of MAPLES-DR's own 162-image network PRE-ANNOTATION-mask biomarkers (results/pivot/e4_gt_maplesdr_preannot.csv); no Gate A train scale exists for this set
preannot,fidelity,higher_resolution,hrf,2,baseline,,FD,pvbm,71,0.05863112950581929,0.6248881235335367,0.5932260228034875,0.9682163518880578,0.566622979314323,0.9878331234160442,,,,runs/pivot/e4/maples/e4mp_hrf_s2_baseline/bio.csv,results/pivot/e4_gt_maplesdr_preannot.csv,1.4826*MAD of MAPLES-DR's own 162-image network PRE-ANNOTATION-mask biomarkers (results/pivot/e4_gt_maplesdr_preannot.csv); no Gate A train scale exists for this set
preannot,fidelity,higher_resolution,hrf,2,baseline,,FD,skan,71,0.04989361650504784,0.5465217732395593,0.49061032863849763,1.1194217424093436,0.6771326995008139,1.1541226362640027,,,,runs/pivot/e4/maples/e4mp_hrf_s2_baseline/bio.csv,results/pivot/e4_gt_maplesdr_preannot.csv,1.4826*MAD of MAPLES-DR's own 162-image network PRE-ANNOTATION-mask biomarkers (results/pivot/e4_gt_maplesdr_preannot.csv); no Gate A train scale exists for this set
preannot,fidelity,higher_resolution,hrf,2,baseline,,tortuosity,pvbm,71,0.0062787696728688735,0.4787408139949585,0.4694500335345405,-0.2786522812319107,0.8102735565689383,0.6830885602823288,,,,runs/pivot/e4/maples/e4mp_hrf_s2_baseline/bio.csv,results/pivot/e4_gt_maplesdr_preannot.csv,1.4826*MAD of MAPLES-DR's own 162-image network PRE-ANNOTATION-mask biomarkers (results/pivot/e4_gt_maplesdr_preannot.csv); no Gate A train scale exists for this set
preannot,fidelity,higher_resolution,hrf,2,baseline,,tortuosity,skan,71,0.009258289494123093,0.18803239273259367,0.593796109993293,-0.9943036294417037,2.3325360780156137,1.1669508933865897,,,,runs/pivot/e4/maples/e4mp_hrf_s2_baseline/bio.csv,results/pivot/e4_gt_maplesdr_preannot.csv,1.4826*MAD of MAPLES-DR's own 162-image network PRE-ANNOTATION-mask biomarkers (results/pivot/e4_gt_maplesdr_preannot.csv); no Gate A train scale exists for this set
preannot,fidelity,higher_resolution,hrf,2,baseline,,density,pvbm,71,0.019181209714760065,0.4425961666538254,0.4364185110663984,0.060984459833240114,0.9667404455561204,0.7079357897009748,,,,runs/pivot/e4/maples/e4mp_hrf_s2_baseline/bio.csv,results/pivot/e4_gt_maplesdr_preannot.csv,1.4826*MAD of MAPLES-DR's own 162-image network PRE-ANNOTATION-mask biomarkers (results/pivot/e4_gt_maplesdr_preannot.csv); no Gate A train scale exists for this set
preannot,fidelity,higher_resolution,hrf,2,baseline,,density,skan,71,0.019181209714760065,0.4425961666538254,0.4364185110663984,0.060984459833240114,0.9667404455561204,0.7079357897009748,,,,runs/pivot/e4/maples/e4mp_hrf_s2_baseline/bio.csv,results/pivot/e4_gt_maplesdr_preannot.csv,1.4826*MAD of MAPLES-DR's own 162-image network PRE-ANNOTATION-mask biomarkers (results/pivot/e4_gt_maplesdr_preannot.csv); no Gate A train scale exists for this set
preannot,fidelity,higher_resolution,hrf,2,baseline,,total_length,pvbm,71,3742.5705005907253,0.2903988353014115,0.2775318578135479,1.9840039212477365,1.4070109196088876,2.0199753771548985,,,,runs/pivot/e4/maples/e4mp_hrf_s2_baseline/bio.csv,results/pivot/e4_gt_maplesdr_preannot.csv,1.4826*MAD of MAPLES-DR's own 162-image network PRE-ANNOTATION-mask biomarkers (results/pivot/e4_gt_maplesdr_preannot.csv); no Gate A train scale exists for this set
preannot,fidelity,higher_resolution,hrf,2,baseline,,total_length,skan,71,3130.1513354528465,0.5326639658592985,0.48772635814889337,2.055582324449218,1.0563606999919628,2.102874611754133,,,,runs/pivot/e4/maples/e4mp_hrf_s2_baseline/bio.csv,results/pivot/e4_gt_maplesdr_preannot.csv,1.4826*MAD of MAPLES-DR's own 162-image network PRE-ANNOTATION-mask biomarkers (results/pivot/e4_gt_maplesdr_preannot.csv); no Gate A train scale exists for this set
preannot,fidelity,higher_resolution,hrf,2,cfloss,,FD,pvbm,71,0.05863112950581929,0.5892809379580893,0.5416163648558014,0.7501793648480539,0.5829833175368369,0.7959446877982778,,,,runs/pivot/e4/maples/e4mp_hrf_s2_cfloss/bio.csv,results/pivot/e4_gt_maplesdr_preannot.csv,1.4826*MAD of MAPLES-DR's own 162-image network PRE-ANNOTATION-mask biomarkers (results/pivot/e4_gt_maplesdr_preannot.csv); no Gate A train scale exists for this set
preannot,fidelity,higher_resolution,hrf,2,cfloss,,FD,skan,71,0.04989361650504784,0.5514527947671495,0.5150905432595573,0.9920513788838302,0.6774451931124613,1.0414800761849463,,,,runs/pivot/e4/maples/e4mp_hrf_s2_cfloss/bio.csv,results/pivot/e4_gt_maplesdr_preannot.csv,1.4826*MAD of MAPLES-DR's own 162-image network PRE-ANNOTATION-mask biomarkers (results/pivot/e4_gt_maplesdr_preannot.csv); no Gate A train scale exists for this set
preannot,fidelity,higher_resolution,hrf,2,cfloss,,tortuosity,pvbm,71,0.0062787696728688735,0.4973425457783229,0.4877598926894701,-0.3061032323677693,0.782289791300513,0.6341046419605938,,,,runs/pivot/e4/maples/e4mp_hrf_s2_cfloss/bio.csv,results/pivot/e4_gt_maplesdr_preannot.csv,1.4826*MAD of MAPLES-DR's own 162-image network PRE-ANNOTATION-mask biomarkers (results/pivot/e4_gt_maplesdr_preannot.csv); no Gate A train scale exists for this set
preannot,fidelity,higher_resolution,hrf,2,cfloss,,tortuosity,skan,71,0.009258289494123093,0.15284341448341002,0.6049966465459422,-0.9722028196426499,2.404405747511858,1.2161917690097965,,,,runs/pivot/e4/maples/e4mp_hrf_s2_cfloss/bio.csv,results/pivot/e4_gt_maplesdr_preannot.csv,1.4826*MAD of MAPLES-DR's own 162-image network PRE-ANNOTATION-mask biomarkers (results/pivot/e4_gt_maplesdr_preannot.csv); no Gate A train scale exists for this set
preannot,fidelity,higher_resolution,hrf,2,cfloss,,density,pvbm,71,0.019181209714760065,0.42779035656073744,0.4193158953722334,-0.32154817687696746,0.9930577914530309,0.788297053155537,,,,runs/pivot/e4/maples/e4mp_hrf_s2_cfloss/bio.csv,results/pivot/e4_gt_maplesdr_preannot.csv,1.4826*MAD of MAPLES-DR's own 162-image network PRE-ANNOTATION-mask biomarkers (results/pivot/e4_gt_maplesdr_preannot.csv); no Gate A train scale exists for this set
preannot,fidelity,higher_resolution,hrf,2,cfloss,,density,skan,71,0.019181209714760065,0.42779035656073744,0.4193158953722334,-0.32154817687696746,0.9930577914530309,0.788297053155537,,,,runs/pivot/e4/maples/e4mp_hrf_s2_cfloss/bio.csv,results/pivot/e4_gt_maplesdr_preannot.csv,1.4826*MAD of MAPLES-DR's own 162-image network PRE-ANNOTATION-mask biomarkers (results/pivot/e4_gt_maplesdr_preannot.csv); no Gate A train scale exists for this set
preannot,fidelity,higher_resolution,hrf,2,cfloss,,total_length,pvbm,71,3742.5705005907253,0.23791888497810318,0.23755868544600936,1.7545611677003476,1.4625198282556022,1.8206120178511358,,,,runs/pivot/e4/maples/e4mp_hrf_s2_cfloss/bio.csv,results/pivot/e4_gt_maplesdr_preannot.csv,1.4826*MAD of MAPLES-DR's own 162-image network PRE-ANNOTATION-mask biomarkers (results/pivot/e4_gt_maplesdr_preannot.csv); no Gate A train scale exists for this set
preannot,fidelity,higher_resolution,hrf,2,cfloss,,total_length,skan,71,3130.1513354528465,0.5190107813923648,0.4932930918846411,1.6408318283236965,1.0957084672461646,1.7182826791186052,,,,runs/pivot/e4/maples/e4mp_hrf_s2_cfloss/bio.csv,results/pivot/e4_gt_maplesdr_preannot.csv,1.4826*MAD of MAPLES-DR's own 162-image network PRE-ANNOTATION-mask biomarkers (results/pivot/e4_gt_maplesdr_preannot.csv); no Gate A train scale exists for this set
preannot,fidelity,higher_resolution,hrf,2,continued,,FD,pvbm,71,0.05863112950581929,0.6866168587521703,0.6545942320590207,0.992893441320646,0.5346951239128293,1.0078294204293636,,,,runs/pivot/e4/maples/e4mp_hrf_s2_continued/bio.csv,results/pivot/e4_gt_maplesdr_preannot.csv,1.4826*MAD of MAPLES-DR's own 162-image network PRE-ANNOTATION-mask biomarkers (results/pivot/e4_gt_maplesdr_preannot.csv); no Gate A train scale exists for this set
preannot,fidelity,higher_resolution,hrf,2,continued,,FD,skan,71,0.04989361650504784,0.6234052607319988,0.582729711602951,1.2237387332795004,0.6279743581967879,1.2484990155153362,,,,runs/pivot/e4/maples/e4mp_hrf_s2_continued/bio.csv,results/pivot/e4_gt_maplesdr_preannot.csv,1.4826*MAD of MAPLES-DR's own 162-image network PRE-ANNOTATION-mask biomarkers (results/pivot/e4_gt_maplesdr_preannot.csv); no Gate A train scale exists for this set
preannot,fidelity,higher_resolution,hrf,2,continued,,tortuosity,pvbm,71,0.0062787696728688735,0.44897203400238306,0.45563762273250086,-0.27769768288763874,0.8099360201768803,0.6329674588681881,,,,runs/pivot/e4/maples/e4mp_hrf_s2_continued/bio.csv,results/pivot/e4_gt_maplesdr_preannot.csv,1.4826*MAD of MAPLES-DR's own 162-image network PRE-ANNOTATION-mask biomarkers (results/pivot/e4_gt_maplesdr_preannot.csv); no Gate A train scale exists for this set
preannot,fidelity,higher_resolution,hrf,2,continued,,tortuosity,skan,71,0.009258289494123093,0.22169599740240703,0.6373574782025486,-1.0547667949607058,2.2695956524534995,1.163398244815829,,,,runs/pivot/e4/maples/e4mp_hrf_s2_continued/bio.csv,results/pivot/e4_gt_maplesdr_preannot.csv,1.4826*MAD of MAPLES-DR's own 162-image network PRE-ANNOTATION-mask biomarkers (results/pivot/e4_gt_maplesdr_preannot.csv); no Gate A train scale exists for this set
preannot,fidelity,higher_resolution,hrf,2,continued,,density,pvbm,71,0.019181209714760065,0.48245902434706983,0.46820925553319914,0.19731394939597918,0.9274711785754389,0.6937596993370656,,,,runs/pivot/e4/maples/e4mp_hrf_s2_continued/bio.csv,results/pivot/e4_gt_maplesdr_preannot.csv,1.4826*MAD of MAPLES-DR's own 162-image network PRE-ANNOTATION-mask biomarkers (results/pivot/e4_gt_maplesdr_preannot.csv); no Gate A train scale exists for this set
preannot,fidelity,higher_resolution,hrf,2,continued,,density,skan,71,0.019181209714760065,0.48245902434706983,0.46820925553319914,0.19731394939597918,0.9274711785754389,0.6937596993370656,,,,runs/pivot/e4/maples/e4mp_hrf_s2_continued/bio.csv,results/pivot/e4_gt_maplesdr_preannot.csv,1.4826*MAD of MAPLES-DR's own 162-image network PRE-ANNOTATION-mask biomarkers (results/pivot/e4_gt_maplesdr_preannot.csv); no Gate A train scale exists for this set
preannot,fidelity,higher_resolution,hrf,2,continued,,total_length,pvbm,71,3742.5705005907253,0.3003239283556867,0.3009054325955734,2.085635368593117,1.3900749764698563,2.1118519269688094,,,,runs/pivot/e4/maples/e4mp_hrf_s2_continued/bio.csv,results/pivot/e4_gt_maplesdr_preannot.csv,1.4826*MAD of MAPLES-DR's own 162-image network PRE-ANNOTATION-mask biomarkers (results/pivot/e4_gt_maplesdr_preannot.csv); no Gate A train scale exists for this set
preannot,fidelity,higher_resolution,hrf,2,continued,,total_length,skan,71,3130.1513354528465,0.5870222299966952,0.5381287726358148,2.0141574711551393,0.9979882695495107,2.0556896522189345,,,,runs/pivot/e4/maples/e4mp_hrf_s2_continued/bio.csv,results/pivot/e4_gt_maplesdr_preannot.csv,1.4826*MAD of MAPLES-DR's own 162-image network PRE-ANNOTATION-mask biomarkers (results/pivot/e4_gt_maplesdr_preannot.csv); no Gate A train scale exists for this set
preannot,fidelity,higher_resolution,hrf,2,reliseg,,FD,pvbm,71,0.05863112950581929,0.6841240127258109,0.6704560697518442,1.2524081532522073,0.5525011829084517,1.2569945251562307,,,,runs/pivot/e4/maples/e4mp_hrf_s2_reliseg/bio.csv,results/pivot/e4_gt_maplesdr_preannot.csv,1.4826*MAD of MAPLES-DR's own 162-image network PRE-ANNOTATION-mask biomarkers (results/pivot/e4_gt_maplesdr_preannot.csv); no Gate A train scale exists for this set
preannot,fidelity,higher_resolution,hrf,2,reliseg,,FD,skan,71,0.04989361650504784,0.5821176634309687,0.5271629778672031,1.6229818157479068,0.6530135054074221,1.635535166999838,,,,runs/pivot/e4/maples/e4mp_hrf_s2_reliseg/bio.csv,results/pivot/e4_gt_maplesdr_preannot.csv,1.4826*MAD of MAPLES-DR's own 162-image network PRE-ANNOTATION-mask biomarkers (results/pivot/e4_gt_maplesdr_preannot.csv); no Gate A train scale exists for this set
preannot,fidelity,higher_resolution,hrf,2,reliseg,,tortuosity,pvbm,71,0.0062787696728688735,0.4741173375191538,0.4657612340710932,0.2521364650763711,0.8490387712624916,0.693234567946312,,,,runs/pivot/e4/maples/e4mp_hrf_s2_reliseg/bio.csv,results/pivot/e4_gt_maplesdr_preannot.csv,1.4826*MAD of MAPLES-DR's own 162-image network PRE-ANNOTATION-mask biomarkers (results/pivot/e4_gt_maplesdr_preannot.csv); no Gate A train scale exists for this set
preannot,fidelity,higher_resolution,hrf,2,reliseg,,tortuosity,skan,71,0.009258289494123093,0.25817891990183295,0.6597920858484237,-0.7698686834044288,2.235805979237185,1.0368223233290332,,,,runs/pivot/e4/maples/e4mp_hrf_s2_reliseg/bio.csv,results/pivot/e4_gt_maplesdr_preannot.csv,1.4826*MAD of MAPLES-DR's own 162-image network PRE-ANNOTATION-mask biomarkers (results/pivot/e4_gt_maplesdr_preannot.csv); no Gate A train scale exists for this set
preannot,fidelity,higher_resolution,hrf,2,reliseg,,density,pvbm,71,0.019181209714760065,0.43664397717280184,0.42984574111334667,0.08632470148289051,0.9644911864696037,0.7094420538054352,,,,runs/pivot/e4/maples/e4mp_hrf_s2_reliseg/bio.csv,results/pivot/e4_gt_maplesdr_preannot.csv,1.4826*MAD of MAPLES-DR's own 162-image network PRE-ANNOTATION-mask biomarkers (results/pivot/e4_gt_maplesdr_preannot.csv); no Gate A train scale exists for this set
preannot,fidelity,higher_resolution,hrf,2,reliseg,,density,skan,71,0.019181209714760065,0.43664397717280184,0.42984574111334667,0.08632470148289051,0.9644911864696037,0.7094420538054352,,,,runs/pivot/e4/maples/e4mp_hrf_s2_reliseg/bio.csv,results/pivot/e4_gt_maplesdr_preannot.csv,1.4826*MAD of MAPLES-DR's own 162-image network PRE-ANNOTATION-mask biomarkers (results/pivot/e4_gt_maplesdr_preannot.csv); no Gate A train scale exists for this set
preannot,fidelity,higher_resolution,hrf,2,reliseg,,total_length,pvbm,71,3742.5705005907253,0.2673018331787599,0.2699530516431925,2.323633200499757,1.428234668734052,2.3512173553195694,,,,runs/pivot/e4/maples/e4mp_hrf_s2_reliseg/bio.csv,results/pivot/e4_gt_maplesdr_preannot.csv,1.4826*MAD of MAPLES-DR's own 162-image network PRE-ANNOTATION-mask biomarkers (results/pivot/e4_gt_maplesdr_preannot.csv); no Gate A train scale exists for this set
preannot,fidelity,higher_resolution,hrf,2,reliseg,,total_length,skan,71,3130.1513354528465,0.5707727516907307,0.5132461435278336,2.74157990682441,1.0062757942000518,2.7624963770254953,,,,runs/pivot/e4/maples/e4mp_hrf_s2_reliseg/bio.csv,results/pivot/e4_gt_maplesdr_preannot.csv,1.4826*MAD of MAPLES-DR's own 162-image network PRE-ANNOTATION-mask biomarkers (results/pivot/e4_gt_maplesdr_preannot.csv); no Gate A train scale exists for this set
preannot,delta,higher_resolution,fives,0,reliseg,continued,FD,pvbm,71,0.05863112950581929,,,,,,0.00442984392179091,-0.015716819410584105,0.02800091049567298,runs/pivot/e4/maples/e4mp_fives_s0_reliseg/bio.csv,results/pivot/e4_gt_maplesdr_preannot.csv,1.4826*MAD of MAPLES-DR's own 162-image network PRE-ANNOTATION-mask biomarkers (results/pivot/e4_gt_maplesdr_preannot.csv); no Gate A train scale exists for this set
preannot,delta,higher_resolution,fives,0,reliseg,baseline,FD,pvbm,71,0.05863112950581929,,,,,,0.0015737717167678689,-0.022428014342106617,0.02896183006876787,runs/pivot/e4/maples/e4mp_fives_s0_reliseg/bio.csv,results/pivot/e4_gt_maplesdr_preannot.csv,1.4826*MAD of MAPLES-DR's own 162-image network PRE-ANNOTATION-mask biomarkers (results/pivot/e4_gt_maplesdr_preannot.csv); no Gate A train scale exists for this set
preannot,delta,higher_resolution,fives,0,cfloss,continued,FD,pvbm,71,0.05863112950581929,,,,,,-0.003228870819053653,-0.017353917631511787,0.010278704134355313,runs/pivot/e4/maples/e4mp_fives_s0_cfloss/bio.csv,results/pivot/e4_gt_maplesdr_preannot.csv,1.4826*MAD of MAPLES-DR's own 162-image network PRE-ANNOTATION-mask biomarkers (results/pivot/e4_gt_maplesdr_preannot.csv); no Gate A train scale exists for this set
preannot,delta,higher_resolution,fives,0,cfloss,baseline,FD,pvbm,71,0.05863112950581929,,,,,,-0.006084943024076694,-0.021929108155705514,0.008215395982973052,runs/pivot/e4/maples/e4mp_fives_s0_cfloss/bio.csv,results/pivot/e4_gt_maplesdr_preannot.csv,1.4826*MAD of MAPLES-DR's own 162-image network PRE-ANNOTATION-mask biomarkers (results/pivot/e4_gt_maplesdr_preannot.csv); no Gate A train scale exists for this set
preannot,delta,higher_resolution,fives,0,reliseg,continued,FD,skan,71,0.04989361650504784,,,,,,0.011436678662952948,-0.021887184253047524,0.04858948369774836,runs/pivot/e4/maples/e4mp_fives_s0_reliseg/bio.csv,results/pivot/e4_gt_maplesdr_preannot.csv,1.4826*MAD of MAPLES-DR's own 162-image network PRE-ANNOTATION-mask biomarkers (results/pivot/e4_gt_maplesdr_preannot.csv); no Gate A train scale exists for this set
preannot,delta,higher_resolution,fives,0,reliseg,baseline,FD,skan,71,0.04989361650504784,,,,,,0.012634824382551701,-0.022138667460950053,0.05291174462369306,runs/pivot/e4/maples/e4mp_fives_s0_reliseg/bio.csv,results/pivot/e4_gt_maplesdr_preannot.csv,1.4826*MAD of MAPLES-DR's own 162-image network PRE-ANNOTATION-mask biomarkers (results/pivot/e4_gt_maplesdr_preannot.csv); no Gate A train scale exists for this set
preannot,delta,higher_resolution,fives,0,cfloss,continued,FD,skan,71,0.04989361650504784,,,,,,-0.004891466130028221,-0.023694596627302077,0.011166232163145648,runs/pivot/e4/maples/e4mp_fives_s0_cfloss/bio.csv,results/pivot/e4_gt_maplesdr_preannot.csv,1.4826*MAD of MAPLES-DR's own 162-image network PRE-ANNOTATION-mask biomarkers (results/pivot/e4_gt_maplesdr_preannot.csv); no Gate A train scale exists for this set
preannot,delta,higher_resolution,fives,0,cfloss,baseline,FD,skan,71,0.04989361650504784,,,,,,-0.003693320410429468,-0.021888086336179658,0.01297442924754259,runs/pivot/e4/maples/e4mp_fives_s0_cfloss/bio.csv,results/pivot/e4_gt_maplesdr_preannot.csv,1.4826*MAD of MAPLES-DR's own 162-image network PRE-ANNOTATION-mask biomarkers (results/pivot/e4_gt_maplesdr_preannot.csv); no Gate A train scale exists for this set
preannot,delta,higher_resolution,fives,0,reliseg,continued,tortuosity,pvbm,71,0.0062787696728688735,,,,,,-0.25381056577540084,-0.44932791273350964,-0.023746420776290147,runs/pivot/e4/maples/e4mp_fives_s0_reliseg/bio.csv,results/pivot/e4_gt_maplesdr_preannot.csv,1.4826*MAD of MAPLES-DR's own 162-image network PRE-ANNOTATION-mask biomarkers (results/pivot/e4_gt_maplesdr_preannot.csv); no Gate A train scale exists for this set
preannot,delta,higher_resolution,fives,0,reliseg,baseline,tortuosity,pvbm,71,0.0062787696728688735,,,,,,-0.20453445434695047,-0.4059877828079648,0.03890984787989569,runs/pivot/e4/maples/e4mp_fives_s0_reliseg/bio.csv,results/pivot/e4_gt_maplesdr_preannot.csv,1.4826*MAD of MAPLES-DR's own 162-image network PRE-ANNOTATION-mask biomarkers (results/pivot/e4_gt_maplesdr_preannot.csv); no Gate A train scale exists for this set
preannot,delta,higher_resolution,fives,0,cfloss,continued,tortuosity,pvbm,71,0.0062787696728688735,,,,,,-0.06953850037748527,-0.18499035656601714,0.05395511218358696,runs/pivot/e4/maples/e4mp_fives_s0_cfloss/bio.csv,results/pivot/e4_gt_maplesdr_preannot.csv,1.4826*MAD of MAPLES-DR's own 162-image network PRE-ANNOTATION-mask biomarkers (results/pivot/e4_gt_maplesdr_preannot.csv); no Gate A train scale exists for this set
preannot,delta,higher_resolution,fives,0,cfloss,baseline,tortuosity,pvbm,71,0.0062787696728688735,,,,,,-0.020262388949034926,-0.11739720812539257,0.09408211034920733,runs/pivot/e4/maples/e4mp_fives_s0_cfloss/bio.csv,results/pivot/e4_gt_maplesdr_preannot.csv,1.4826*MAD of MAPLES-DR's own 162-image network PRE-ANNOTATION-mask biomarkers (results/pivot/e4_gt_maplesdr_preannot.csv); no Gate A train scale exists for this set
preannot,delta,higher_resolution,fives,0,reliseg,continued,tortuosity,skan,71,0.009258289494123093,,,,,,-0.016547686246465687,-0.04338830816855725,0.012098365086277124,runs/pivot/e4/maples/e4mp_fives_s0_reliseg/bio.csv,results/pivot/e4_gt_maplesdr_preannot.csv,1.4826*MAD of MAPLES-DR's own 162-image network PRE-ANNOTATION-mask biomarkers (results/pivot/e4_gt_maplesdr_preannot.csv); no Gate A train scale exists for this set
preannot,delta,higher_resolution,fives,0,reliseg,baseline,tortuosity,skan,71,0.009258289494123093,,,,,,-0.007396278885159785,-0.05389723988333947,0.01951211472757378,runs/pivot/e4/maples/e4mp_fives_s0_reliseg/bio.csv,results/pivot/e4_gt_maplesdr_preannot.csv,1.4826*MAD of MAPLES-DR's own 162-image network PRE-ANNOTATION-mask biomarkers (results/pivot/e4_gt_maplesdr_preannot.csv); no Gate A train scale exists for this set
preannot,delta,higher_resolution,fives,0,cfloss,continued,tortuosity,skan,71,0.009258289494123093,,,,,,-0.015407614312563905,-0.053218227828940715,0.019620931436252386,runs/pivot/e4/maples/e4mp_fives_s0_cfloss/bio.csv,results/pivot/e4_gt_maplesdr_preannot.csv,1.4826*MAD of MAPLES-DR's own 162-image network PRE-ANNOTATION-mask biomarkers (results/pivot/e4_gt_maplesdr_preannot.csv); no Gate A train scale exists for this set
preannot,delta,higher_resolution,fives,0,cfloss,baseline,tortuosity,skan,71,0.009258289494123093,,,,,,-0.006256206951258003,-0.05445878436047641,0.021729288274007864,runs/pivot/e4/maples/e4mp_fives_s0_cfloss/bio.csv,results/pivot/e4_gt_maplesdr_preannot.csv,1.4826*MAD of MAPLES-DR's own 162-image network PRE-ANNOTATION-mask biomarkers (results/pivot/e4_gt_maplesdr_preannot.csv); no Gate A train scale exists for this set
preannot,delta,higher_resolution,fives,0,reliseg,continued,density,pvbm,71,0.019181209714760065,,,,,,0.00637481283196395,-0.006771926995118613,0.01783983712669249,runs/pivot/e4/maples/e4mp_fives_s0_reliseg/bio.csv,results/pivot/e4_gt_maplesdr_preannot.csv,1.4826*MAD of MAPLES-DR's own 162-image network PRE-ANNOTATION-mask biomarkers (results/pivot/e4_gt_maplesdr_preannot.csv); no Gate A train scale exists for this set
preannot,delta,higher_resolution,fives,0,reliseg,baseline,density,pvbm,71,0.019181209714760065,,,,,,0.01406300109277614,0.004484129578795251,0.025132975093570153,runs/pivot/e4/maples/e4mp_fives_s0_reliseg/bio.csv,results/pivot/e4_gt_maplesdr_preannot.csv,1.4826*MAD of MAPLES-DR's own 162-image network PRE-ANNOTATION-mask biomarkers (results/pivot/e4_gt_maplesdr_preannot.csv); no Gate A train scale exists for this set
preannot,delta,higher_resolution,fives,0,cfloss,continued,density,pvbm,71,0.019181209714760065,,,,,,-0.00887153003675134,-0.016306056684078907,-0.0016523439332261306,runs/pivot/e4/maples/e4mp_fives_s0_cfloss/bio.csv,results/pivot/e4_gt_maplesdr_preannot.csv,1.4826*MAD of MAPLES-DR's own 162-image network PRE-ANNOTATION-mask biomarkers (results/pivot/e4_gt_maplesdr_preannot.csv); no Gate A train scale exists for this set
preannot,delta,higher_resolution,fives,0,cfloss,baseline,density,pvbm,71,0.019181209714760065,,,,,,-0.0011833417759391507,-0.010379587379427466,0.011017366057287188,runs/pivot/e4/maples/e4mp_fives_s0_cfloss/bio.csv,results/pivot/e4_gt_maplesdr_preannot.csv,1.4826*MAD of MAPLES-DR's own 162-image network PRE-ANNOTATION-mask biomarkers (results/pivot/e4_gt_maplesdr_preannot.csv); no Gate A train scale exists for this set
preannot,delta,higher_resolution,fives,0,reliseg,continued,density,skan,71,0.019181209714760065,,,,,,0.00637481283196395,-0.006771926995118613,0.01783983712669249,runs/pivot/e4/maples/e4mp_fives_s0_reliseg/bio.csv,results/pivot/e4_gt_maplesdr_preannot.csv,1.4826*MAD of MAPLES-DR's own 162-image network PRE-ANNOTATION-mask biomarkers (results/pivot/e4_gt_maplesdr_preannot.csv); no Gate A train scale exists for this set
preannot,delta,higher_resolution,fives,0,reliseg,baseline,density,skan,71,0.019181209714760065,,,,,,0.01406300109277614,0.004484129578795251,0.025132975093570153,runs/pivot/e4/maples/e4mp_fives_s0_reliseg/bio.csv,results/pivot/e4_gt_maplesdr_preannot.csv,1.4826*MAD of MAPLES-DR's own 162-image network PRE-ANNOTATION-mask biomarkers (results/pivot/e4_gt_maplesdr_preannot.csv); no Gate A train scale exists for this set
preannot,delta,higher_resolution,fives,0,cfloss,continued,density,skan,71,0.019181209714760065,,,,,,-0.00887153003675134,-0.016306056684078907,-0.0016523439332261306,runs/pivot/e4/maples/e4mp_fives_s0_cfloss/bio.csv,results/pivot/e4_gt_maplesdr_preannot.csv,1.4826*MAD of MAPLES-DR's own 162-image network PRE-ANNOTATION-mask biomarkers (results/pivot/e4_gt_maplesdr_preannot.csv); no Gate A train scale exists for this set
preannot,delta,higher_resolution,fives,0,cfloss,baseline,density,skan,71,0.019181209714760065,,,,,,-0.0011833417759391507,-0.010379587379427466,0.011017366057287188,runs/pivot/e4/maples/e4mp_fives_s0_cfloss/bio.csv,results/pivot/e4_gt_maplesdr_preannot.csv,1.4826*MAD of MAPLES-DR's own 162-image network PRE-ANNOTATION-mask biomarkers (results/pivot/e4_gt_maplesdr_preannot.csv); no Gate A train scale exists for this set
preannot,delta,higher_resolution,fives,0,reliseg,continued,total_length,pvbm,71,3742.5705005907253,,,,,,0.00815565016491343,-0.01880175837004047,0.03174032475084172,runs/pivot/e4/maples/e4mp_fives_s0_reliseg/bio.csv,results/pivot/e4_gt_maplesdr_preannot.csv,1.4826*MAD of MAPLES-DR's own 162-image network PRE-ANNOTATION-mask biomarkers (results/pivot/e4_gt_maplesdr_preannot.csv); no Gate A train scale exists for this set
preannot,delta,higher_resolution,fives,0,reliseg,baseline,total_length,pvbm,71,3742.5705005907253,,,,,,0.023349058515152454,-0.002432391156469812,0.04910855006076603,runs/pivot/e4/maples/e4mp_fives_s0_reliseg/bio.csv,results/pivot/e4_gt_maplesdr_preannot.csv,1.4826*MAD of MAPLES-DR's own 162-image network PRE-ANNOTATION-mask biomarkers (results/pivot/e4_gt_maplesdr_preannot.csv); no Gate A train scale exists for this set
preannot,delta,higher_resolution,fives,0,cfloss,continued,total_length,pvbm,71,3742.5705005907253,,,,,,-0.00968329933191997,-0.02928322575819238,0.008422730519022472,runs/pivot/e4/maples/e4mp_fives_s0_cfloss/bio.csv,results/pivot/e4_gt_maplesdr_preannot.csv,1.4826*MAD of MAPLES-DR's own 162-image network PRE-ANNOTATION-mask biomarkers (results/pivot/e4_gt_maplesdr_preannot.csv); no Gate A train scale exists for this set
preannot,delta,higher_resolution,fives,0,cfloss,baseline,total_length,pvbm,71,3742.5705005907253,,,,,,0.005510109018319054,-0.006799025837336262,0.0217459535614,runs/pivot/e4/maples/e4mp_fives_s0_cfloss/bio.csv,results/pivot/e4_gt_maplesdr_preannot.csv,1.4826*MAD of MAPLES-DR's own 162-image network PRE-ANNOTATION-mask biomarkers (results/pivot/e4_gt_maplesdr_preannot.csv); no Gate A train scale exists for this set
preannot,delta,higher_resolution,fives,0,reliseg,continued,total_length,skan,71,3130.1513354528465,,,,,,0.01149525521162098,-0.009799464278666384,0.0335681219412254,runs/pivot/e4/maples/e4mp_fives_s0_reliseg/bio.csv,results/pivot/e4_gt_maplesdr_preannot.csv,1.4826*MAD of MAPLES-DR's own 162-image network PRE-ANNOTATION-mask biomarkers (results/pivot/e4_gt_maplesdr_preannot.csv); no Gate A train scale exists for this set
preannot,delta,higher_resolution,fives,0,reliseg,baseline,total_length,skan,71,3130.1513354528465,,,,,,0.017774587548326615,-0.0030709943737738444,0.041251239895512,runs/pivot/e4/maples/e4mp_fives_s0_reliseg/bio.csv,results/pivot/e4_gt_maplesdr_preannot.csv,1.4826*MAD of MAPLES-DR's own 162-image network PRE-ANNOTATION-mask biomarkers (results/pivot/e4_gt_maplesdr_preannot.csv); no Gate A train scale exists for this set
preannot,delta,higher_resolution,fives,0,cfloss,continued,total_length,skan,71,3130.1513354528465,,,,,,-0.0025905425106174107,-0.010831115178337588,0.004962836831865033,runs/pivot/e4/maples/e4mp_fives_s0_cfloss/bio.csv,results/pivot/e4_gt_maplesdr_preannot.csv,1.4826*MAD of MAPLES-DR's own 162-image network PRE-ANNOTATION-mask biomarkers (results/pivot/e4_gt_maplesdr_preannot.csv); no Gate A train scale exists for this set
preannot,delta,higher_resolution,fives,0,cfloss,baseline,total_length,skan,71,3130.1513354528465,,,,,,0.0036887898260882235,-0.0048010006472708425,0.015427622066866365,runs/pivot/e4/maples/e4mp_fives_s0_cfloss/bio.csv,results/pivot/e4_gt_maplesdr_preannot.csv,1.4826*MAD of MAPLES-DR's own 162-image network PRE-ANNOTATION-mask biomarkers (results/pivot/e4_gt_maplesdr_preannot.csv); no Gate A train scale exists for this set
preannot,delta,higher_resolution,fives,1,reliseg,continued,FD,pvbm,71,0.05863112950581929,,,,,,0.0009158152797371644,-0.01603548503924226,0.01771202746857811,runs/pivot/e4/maples/e4mp_fives_s1_reliseg/bio.csv,results/pivot/e4_gt_maplesdr_preannot.csv,1.4826*MAD of MAPLES-DR's own 162-image network PRE-ANNOTATION-mask biomarkers (results/pivot/e4_gt_maplesdr_preannot.csv); no Gate A train scale exists for this set
preannot,delta,higher_resolution,fives,1,reliseg,baseline,FD,pvbm,71,0.05863112950581929,,,,,,0.00835516190705532,-0.010886691093082546,0.030987664423610697,runs/pivot/e4/maples/e4mp_fives_s1_reliseg/bio.csv,results/pivot/e4_gt_maplesdr_preannot.csv,1.4826*MAD of MAPLES-DR's own 162-image network PRE-ANNOTATION-mask biomarkers (results/pivot/e4_gt_maplesdr_preannot.csv); no Gate A train scale exists for this set
preannot,delta,higher_resolution,fives,1,cfloss,continued,FD,pvbm,71,0.05863112950581929,,,,,,-0.00901331683616502,-0.024925930684195692,0.002961937616725578,runs/pivot/e4/maples/e4mp_fives_s1_cfloss/bio.csv,results/pivot/e4_gt_maplesdr_preannot.csv,1.4826*MAD of MAPLES-DR's own 162-image network PRE-ANNOTATION-mask biomarkers (results/pivot/e4_gt_maplesdr_preannot.csv); no Gate A train scale exists for this set
preannot,delta,higher_resolution,fives,1,cfloss,baseline,FD,pvbm,71,0.05863112950581929,,,,,,-0.0015739702088468643,-0.01330081968057811,0.009460277457453896,runs/pivot/e4/maples/e4mp_fives_s1_cfloss/bio.csv,results/pivot/e4_gt_maplesdr_preannot.csv,1.4826*MAD of MAPLES-DR's own 162-image network PRE-ANNOTATION-mask biomarkers (results/pivot/e4_gt_maplesdr_preannot.csv); no Gate A train scale exists for this set
preannot,delta,higher_resolution,fives,1,reliseg,continued,FD,skan,71,0.04989361650504784,,,,,,0.005721629050709831,-0.01670148440612116,0.03144801740125702,runs/pivot/e4/maples/e4mp_fives_s1_reliseg/bio.csv,results/pivot/e4_gt_maplesdr_preannot.csv,1.4826*MAD of MAPLES-DR's own 162-image network PRE-ANNOTATION-mask biomarkers (results/pivot/e4_gt_maplesdr_preannot.csv); no Gate A train scale exists for this set
preannot,delta,higher_resolution,fives,1,reliseg,baseline,FD,skan,71,0.04989361650504784,,,,,,0.02381944862930241,-0.005126541576939197,0.061638853631462216,runs/pivot/e4/maples/e4mp_fives_s1_reliseg/bio.csv,results/pivot/e4_gt_maplesdr_preannot.csv,1.4826*MAD of MAPLES-DR's own 162-image network PRE-ANNOTATION-mask biomarkers (results/pivot/e4_gt_maplesdr_preannot.csv); no Gate A train scale exists for this set
preannot,delta,higher_resolution,fives,1,cfloss,continued,FD,skan,71,0.04989361650504784,,,,,,-0.01949165213031534,-0.04283969249249227,-0.0023165535796149266,runs/pivot/e4/maples/e4mp_fives_s1_cfloss/bio.csv,results/pivot/e4_gt_maplesdr_preannot.csv,1.4826*MAD of MAPLES-DR's own 162-image network PRE-ANNOTATION-mask biomarkers (results/pivot/e4_gt_maplesdr_preannot.csv); no Gate A train scale exists for this set
preannot,delta,higher_resolution,fives,1,cfloss,baseline,FD,skan,71,0.04989361650504784,,,,,,-0.0013938325517227623,-0.017953459967907433,0.015747339144492244,runs/pivot/e4/maples/e4mp_fives_s1_cfloss/bio.csv,results/pivot/e4_gt_maplesdr_preannot.csv,1.4826*MAD of MAPLES-DR's own 162-image network PRE-ANNOTATION-mask biomarkers (results/pivot/e4_gt_maplesdr_preannot.csv); no Gate A train scale exists for this set
preannot,delta,higher_resolution,fives,1,reliseg,continued,tortuosity,pvbm,71,0.0062787696728688735,,,,,,-0.23643402476658645,-0.5132116494001489,0.028885269189991587,runs/pivot/e4/maples/e4mp_fives_s1_reliseg/bio.csv,results/pivot/e4_gt_maplesdr_preannot.csv,1.4826*MAD of MAPLES-DR's own 162-image network PRE-ANNOTATION-mask biomarkers (results/pivot/e4_gt_maplesdr_preannot.csv); no Gate A train scale exists for this set
preannot,delta,higher_resolution,fives,1,reliseg,baseline,tortuosity,pvbm,71,0.0062787696728688735,,,,,,-0.22256952950852474,-0.5173605376343287,0.0743141815824547,runs/pivot/e4/maples/e4mp_fives_s1_reliseg/bio.csv,results/pivot/e4_gt_maplesdr_preannot.csv,1.4826*MAD of MAPLES-DR's own 162-image network PRE-ANNOTATION-mask biomarkers (results/pivot/e4_gt_maplesdr_preannot.csv); no Gate A train scale exists for this set
preannot,delta,higher_resolution,fives,1,cfloss,continued,tortuosity,pvbm,71,0.0062787696728688735,,,,,,0.027784319362122778,-0.07852062733513386,0.12658914261285592,runs/pivot/e4/maples/e4mp_fives_s1_cfloss/bio.csv,results/pivot/e4_gt_maplesdr_preannot.csv,1.4826*MAD of MAPLES-DR's own 162-image network PRE-ANNOTATION-mask biomarkers (results/pivot/e4_gt_maplesdr_preannot.csv); no Gate A train scale exists for this set
preannot,delta,higher_resolution,fives,1,cfloss,baseline,tortuosity,pvbm,71,0.0062787696728688735,,,,,,0.04164881462018449,-0.07618994458362179,0.16700170024714178,runs/pivot/e4/maples/e4mp_fives_s1_cfloss/bio.csv,results/pivot/e4_gt_maplesdr_preannot.csv,1.4826*MAD of MAPLES-DR's own 162-image network PRE-ANNOTATION-mask biomarkers (results/pivot/e4_gt_maplesdr_preannot.csv); no Gate A train scale exists for this set
preannot,delta,higher_resolution,fives,1,reliseg,continued,tortuosity,skan,71,0.009258289494123093,,,,,,-0.006465565153894237,-0.04637471614398444,0.010976470056065495,runs/pivot/e4/maples/e4mp_fives_s1_reliseg/bio.csv,results/pivot/e4_gt_maplesdr_preannot.csv,1.4826*MAD of MAPLES-DR's own 162-image network PRE-ANNOTATION-mask biomarkers (results/pivot/e4_gt_maplesdr_preannot.csv); no Gate A train scale exists for this set
preannot,delta,higher_resolution,fives,1,reliseg,baseline,tortuosity,skan,71,0.009258289494123093,,,,,,5.737760031426786e-05,-0.027599004699296145,0.023269175885208243,runs/pivot/e4/maples/e4mp_fives_s1_reliseg/bio.csv,results/pivot/e4_gt_maplesdr_preannot.csv,1.4826*MAD of MAPLES-DR's own 162-image network PRE-ANNOTATION-mask biomarkers (results/pivot/e4_gt_maplesdr_preannot.csv); no Gate A train scale exists for this set
preannot,delta,higher_resolution,fives,1,cfloss,continued,tortuosity,skan,71,0.009258289494123093,,,,,,0.002608546935365365,-0.010325542124271232,0.03195935353455585,runs/pivot/e4/maples/e4mp_fives_s1_cfloss/bio.csv,results/pivot/e4_gt_maplesdr_preannot.csv,1.4826*MAD of MAPLES-DR's own 162-image network PRE-ANNOTATION-mask biomarkers (results/pivot/e4_gt_maplesdr_preannot.csv); no Gate A train scale exists for this set
preannot,delta,higher_resolution,fives,1,cfloss,baseline,tortuosity,skan,71,0.009258289494123093,,,,,,0.00913148968957387,-0.001448265083898284,0.052068326513055735,runs/pivot/e4/maples/e4mp_fives_s1_cfloss/bio.csv,results/pivot/e4_gt_maplesdr_preannot.csv,1.4826*MAD of MAPLES-DR's own 162-image network PRE-ANNOTATION-mask biomarkers (results/pivot/e4_gt_maplesdr_preannot.csv); no Gate A train scale exists for this set
preannot,delta,higher_resolution,fives,1,reliseg,continued,density,pvbm,71,0.019181209714760065,,,,,,-0.005933526111500331,-0.0203883962754546,0.005689671478626082,runs/pivot/e4/maples/e4mp_fives_s1_reliseg/bio.csv,results/pivot/e4_gt_maplesdr_preannot.csv,1.4826*MAD of MAPLES-DR's own 162-image network PRE-ANNOTATION-mask biomarkers (results/pivot/e4_gt_maplesdr_preannot.csv); no Gate A train scale exists for this set
preannot,delta,higher_resolution,fives,1,reliseg,baseline,density,pvbm,71,0.019181209714760065,,,,,,-9.766354131601762e-05,-0.014892180714511849,0.013848363116429901,runs/pivot/e4/maples/e4mp_fives_s1_reliseg/bio.csv,results/pivot/e4_gt_maplesdr_preannot.csv,1.4826*MAD of MAPLES-DR's own 162-image network PRE-ANNOTATION-mask biomarkers (results/pivot/e4_gt_maplesdr_preannot.csv); no Gate A train scale exists for this set
preannot,delta,higher_resolution,fives,1,cfloss,continued,density,pvbm,71,0.019181209714760065,,,,,,-0.003062464037430823,-0.008891188715338536,0.0025127999638784706,runs/pivot/e4/maples/e4mp_fives_s1_cfloss/bio.csv,results/pivot/e4_gt_maplesdr_preannot.csv,1.4826*MAD of MAPLES-DR's own 162-image network PRE-ANNOTATION-mask biomarkers (results/pivot/e4_gt_maplesdr_preannot.csv); no Gate A train scale exists for this set
preannot,delta,higher_resolution,fives,1,cfloss,baseline,density,pvbm,71,0.019181209714760065,,,,,,0.0027733985327534905,-0.0031677385569008425,0.010927339540873141,runs/pivot/e4/maples/e4mp_fives_s1_cfloss/bio.csv,results/pivot/e4_gt_maplesdr_preannot.csv,1.4826*MAD of MAPLES-DR's own 162-image network PRE-ANNOTATION-mask biomarkers (results/pivot/e4_gt_maplesdr_preannot.csv); no Gate A train scale exists for this set
preannot,delta,higher_resolution,fives,1,reliseg,continued,density,skan,71,0.019181209714760065,,,,,,-0.005933526111500331,-0.0203883962754546,0.005689671478626082,runs/pivot/e4/maples/e4mp_fives_s1_reliseg/bio.csv,results/pivot/e4_gt_maplesdr_preannot.csv,1.4826*MAD of MAPLES-DR's own 162-image network PRE-ANNOTATION-mask biomarkers (results/pivot/e4_gt_maplesdr_preannot.csv); no Gate A train scale exists for this set
preannot,delta,higher_resolution,fives,1,reliseg,baseline,density,skan,71,0.019181209714760065,,,,,,-9.766354131601762e-05,-0.014892180714511849,0.013848363116429901,runs/pivot/e4/maples/e4mp_fives_s1_reliseg/bio.csv,results/pivot/e4_gt_maplesdr_preannot.csv,1.4826*MAD of MAPLES-DR's own 162-image network PRE-ANNOTATION-mask biomarkers (results/pivot/e4_gt_maplesdr_preannot.csv); no Gate A train scale exists for this set
preannot,delta,higher_resolution,fives,1,cfloss,continued,density,skan,71,0.019181209714760065,,,,,,-0.003062464037430823,-0.008891188715338536,0.0025127999638784706,runs/pivot/e4/maples/e4mp_fives_s1_cfloss/bio.csv,results/pivot/e4_gt_maplesdr_preannot.csv,1.4826*MAD of MAPLES-DR's own 162-image network PRE-ANNOTATION-mask biomarkers (results/pivot/e4_gt_maplesdr_preannot.csv); no Gate A train scale exists for this set
preannot,delta,higher_resolution,fives,1,cfloss,baseline,density,skan,71,0.019181209714760065,,,,,,0.0027733985327534905,-0.0031677385569008425,0.010927339540873141,runs/pivot/e4/maples/e4mp_fives_s1_cfloss/bio.csv,results/pivot/e4_gt_maplesdr_preannot.csv,1.4826*MAD of MAPLES-DR's own 162-image network PRE-ANNOTATION-mask biomarkers (results/pivot/e4_gt_maplesdr_preannot.csv); no Gate A train scale exists for this set
preannot,delta,higher_resolution,fives,1,reliseg,continued,total_length,pvbm,71,3742.5705005907253,,,,,,-0.014172069380691155,-0.0413244153160441,0.010577911904228878,runs/pivot/e4/maples/e4mp_fives_s1_reliseg/bio.csv,results/pivot/e4_gt_maplesdr_preannot.csv,1.4826*MAD of MAPLES-DR's own 162-image network PRE-ANNOTATION-mask biomarkers (results/pivot/e4_gt_maplesdr_preannot.csv); no Gate A train scale exists for this set
preannot,delta,higher_resolution,fives,1,reliseg,baseline,total_length,pvbm,71,3742.5705005907253,,,,,,0.005693416803710716,-0.020401525621642023,0.031077530300980566,runs/pivot/e4/maples/e4mp_fives_s1_reliseg/bio.csv,results/pivot/e4_gt_maplesdr_preannot.csv,1.4826*MAD of MAPLES-DR's own 162-image network PRE-ANNOTATION-mask biomarkers (results/pivot/e4_gt_maplesdr_preannot.csv); no Gate A train scale exists for this set
preannot,delta,higher_resolution,fives,1,cfloss,continued,total_length,pvbm,71,3742.5705005907253,,,,,,-0.01406940905567522,-0.022844757494671353,-0.004629387768412862,runs/pivot/e4/maples/e4mp_fives_s1_cfloss/bio.csv,results/pivot/e4_gt_maplesdr_preannot.csv,1.4826*MAD of MAPLES-DR's own 162-image network PRE-ANNOTATION-mask biomarkers (results/pivot/e4_gt_maplesdr_preannot.csv); no Gate A train scale exists for this set
preannot,delta,higher_resolution,fives,1,cfloss,baseline,total_length,pvbm,71,3742.5705005907253,,,,,,0.005796077128726651,-0.0065299574489975296,0.020104503475907143,runs/pivot/e4/maples/e4mp_fives_s1_cfloss/bio.csv,results/pivot/e4_gt_maplesdr_preannot.csv,1.4826*MAD of MAPLES-DR's own 162-image network PRE-ANNOTATION-mask biomarkers (results/pivot/e4_gt_maplesdr_preannot.csv); no Gate A train scale exists for this set
preannot,delta,higher_resolution,fives,1,reliseg,continued,total_length,skan,71,3130.1513354528465,,,,,,-0.004819106130638406,-0.028845884810930582,0.019622077236098486,runs/pivot/e4/maples/e4mp_fives_s1_reliseg/bio.csv,results/pivot/e4_gt_maplesdr_preannot.csv,1.4826*MAD of MAPLES-DR's own 162-image network PRE-ANNOTATION-mask biomarkers (results/pivot/e4_gt_maplesdr_preannot.csv); no Gate A train scale exists for this set
preannot,delta,higher_resolution,fives,1,reliseg,baseline,total_length,skan,71,3130.1513354528465,,,,,,0.002291761353939714,-0.02395229404902239,0.031103718670315347,runs/pivot/e4/maples/e4mp_fives_s1_reliseg/bio.csv,results/pivot/e4_gt_maplesdr_preannot.csv,1.4826*MAD of MAPLES-DR's own 162-image network PRE-ANNOTATION-mask biomarkers (results/pivot/e4_gt_maplesdr_preannot.csv); no Gate A train scale exists for this set
preannot,delta,higher_resolution,fives,1,cfloss,continued,total_length,skan,71,3130.1513354528465,,,,,,-0.003646535744742052,-0.011489061583533612,0.003037709854686334,runs/pivot/e4/maples/e4mp_fives_s1_cfloss/bio.csv,results/pivot/e4_gt_maplesdr_preannot.csv,1.4826*MAD of MAPLES-DR's own 162-image network PRE-ANNOTATION-mask biomarkers (results/pivot/e4_gt_maplesdr_preannot.csv); no Gate A train scale exists for this set
preannot,delta,higher_resolution,fives,1,cfloss,baseline,total_length,skan,71,3130.1513354528465,,,,,,0.0034643317398360685,-0.0036786018667147005,0.011928267650009405,runs/pivot/e4/maples/e4mp_fives_s1_cfloss/bio.csv,results/pivot/e4_gt_maplesdr_preannot.csv,1.4826*MAD of MAPLES-DR's own 162-image network PRE-ANNOTATION-mask biomarkers (results/pivot/e4_gt_maplesdr_preannot.csv); no Gate A train scale exists for this set
preannot,delta,higher_resolution,fives,2,reliseg,continued,FD,pvbm,71,0.05863112950581929,,,,,,-0.0006472169289427621,-0.013360812929550396,0.009997519039483373,runs/pivot/e4/maples/e4mp_fives_s2_reliseg/bio.csv,results/pivot/e4_gt_maplesdr_preannot.csv,1.4826*MAD of MAPLES-DR's own 162-image network PRE-ANNOTATION-mask biomarkers (results/pivot/e4_gt_maplesdr_preannot.csv); no Gate A train scale exists for this set
preannot,delta,higher_resolution,fives,2,reliseg,baseline,FD,pvbm,71,0.05863112950581929,,,,,,-0.0027717227623100804,-0.029412590832248696,0.028882737633830948,runs/pivot/e4/maples/e4mp_fives_s2_reliseg/bio.csv,results/pivot/e4_gt_maplesdr_preannot.csv,1.4826*MAD of MAPLES-DR's own 162-image network PRE-ANNOTATION-mask biomarkers (results/pivot/e4_gt_maplesdr_preannot.csv); no Gate A train scale exists for this set
preannot,delta,higher_resolution,fives,2,cfloss,continued,FD,pvbm,71,0.05863112950581929,,,,,,-0.005454675435689782,-0.02882302204157882,0.012909626515558666,runs/pivot/e4/maples/e4mp_fives_s2_cfloss/bio.csv,results/pivot/e4_gt_maplesdr_preannot.csv,1.4826*MAD of MAPLES-DR's own 162-image network PRE-ANNOTATION-mask biomarkers (results/pivot/e4_gt_maplesdr_preannot.csv); no Gate A train scale exists for this set
preannot,delta,higher_resolution,fives,2,cfloss,baseline,FD,pvbm,71,0.05863112950581929,,,,,,-0.0075791812690571,-0.023354065339401146,0.007792061193576715,runs/pivot/e4/maples/e4mp_fives_s2_cfloss/bio.csv,results/pivot/e4_gt_maplesdr_preannot.csv,1.4826*MAD of MAPLES-DR's own 162-image network PRE-ANNOTATION-mask biomarkers (results/pivot/e4_gt_maplesdr_preannot.csv); no Gate A train scale exists for this set
preannot,delta,higher_resolution,fives,2,reliseg,continued,FD,skan,71,0.04989361650504784,,,,,,0.0064455943475209,-0.009199068692678284,0.022895339354193155,runs/pivot/e4/maples/e4mp_fives_s2_reliseg/bio.csv,results/pivot/e4_gt_maplesdr_preannot.csv,1.4826*MAD of MAPLES-DR's own 162-image network PRE-ANNOTATION-mask biomarkers (results/pivot/e4_gt_maplesdr_preannot.csv); no Gate A train scale exists for this set
preannot,delta,higher_resolution,fives,2,reliseg,baseline,FD,skan,71,0.04989361650504784,,,,,,0.02594588989006641,-0.0011580781364458586,0.05984162217851662,runs/pivot/e4/maples/e4mp_fives_s2_reliseg/bio.csv,results/pivot/e4_gt_maplesdr_preannot.csv,1.4826*MAD of MAPLES-DR's own 162-image network PRE-ANNOTATION-mask biomarkers (results/pivot/e4_gt_maplesdr_preannot.csv); no Gate A train scale exists for this set
preannot,delta,higher_resolution,fives,2,cfloss,continued,FD,skan,71,0.04989361650504784,,,,,,-0.007603473691173646,-0.028214942710049692,0.008769508642801632,runs/pivot/e4/maples/e4mp_fives_s2_cfloss/bio.csv,results/pivot/e4_gt_maplesdr_preannot.csv,1.4826*MAD of MAPLES-DR's own 162-image network PRE-ANNOTATION-mask biomarkers (results/pivot/e4_gt_maplesdr_preannot.csv); no Gate A train scale exists for this set
preannot,delta,higher_resolution,fives,2,cfloss,baseline,FD,skan,71,0.04989361650504784,,,,,,0.011896821851371864,-0.0072220205455820865,0.03670532396958256,runs/pivot/e4/maples/e4mp_fives_s2_cfloss/bio.csv,results/pivot/e4_gt_maplesdr_preannot.csv,1.4826*MAD of MAPLES-DR's own 162-image network PRE-ANNOTATION-mask biomarkers (results/pivot/e4_gt_maplesdr_preannot.csv); no Gate A train scale exists for this set
preannot,delta,higher_resolution,fives,2,reliseg,continued,tortuosity,pvbm,71,0.0062787696728688735,,,,,,-0.041690050083612595,-0.2707690370868264,0.1779903288520363,runs/pivot/e4/maples/e4mp_fives_s2_reliseg/bio.csv,results/pivot/e4_gt_maplesdr_preannot.csv,1.4826*MAD of MAPLES-DR's own 162-image network PRE-ANNOTATION-mask biomarkers (results/pivot/e4_gt_maplesdr_preannot.csv); no Gate A train scale exists for this set
preannot,delta,higher_resolution,fives,2,reliseg,baseline,tortuosity,pvbm,71,0.0062787696728688735,,,,,,-0.04710024470465041,-0.24739925713595617,0.1750047356034421,runs/pivot/e4/maples/e4mp_fives_s2_reliseg/bio.csv,results/pivot/e4_gt_maplesdr_preannot.csv,1.4826*MAD of MAPLES-DR's own 162-image network PRE-ANNOTATION-mask biomarkers (results/pivot/e4_gt_maplesdr_preannot.csv); no Gate A train scale exists for this set
preannot,delta,higher_resolution,fives,2,cfloss,continued,tortuosity,pvbm,71,0.0062787696728688735,,,,,,-0.03819318401883437,-0.17476067967960066,0.0892478138044157,runs/pivot/e4/maples/e4mp_fives_s2_cfloss/bio.csv,results/pivot/e4_gt_maplesdr_preannot.csv,1.4826*MAD of MAPLES-DR's own 162-image network PRE-ANNOTATION-mask biomarkers (results/pivot/e4_gt_maplesdr_preannot.csv); no Gate A train scale exists for this set
preannot,delta,higher_resolution,fives,2,cfloss,baseline,tortuosity,pvbm,71,0.0062787696728688735,,,,,,-0.04360337863987218,-0.15147394305868087,0.07190737153961406,runs/pivot/e4/maples/e4mp_fives_s2_cfloss/bio.csv,results/pivot/e4_gt_maplesdr_preannot.csv,1.4826*MAD of MAPLES-DR's own 162-image network PRE-ANNOTATION-mask biomarkers (results/pivot/e4_gt_maplesdr_preannot.csv); no Gate A train scale exists for this set
preannot,delta,higher_resolution,fives,2,reliseg,continued,tortuosity,skan,71,0.009258289494123093,,,,,,0.0017027778572445834,-0.01751262305021788,0.023987002305773945,runs/pivot/e4/maples/e4mp_fives_s2_reliseg/bio.csv,results/pivot/e4_gt_maplesdr_preannot.csv,1.4826*MAD of MAPLES-DR's own 162-image network PRE-ANNOTATION-mask biomarkers (results/pivot/e4_gt_maplesdr_preannot.csv); no Gate A train scale exists for this set
preannot,delta,higher_resolution,fives,2,reliseg,baseline,tortuosity,skan,71,0.009258289494123093,,,,,,-0.005755974165410752,-0.04716509916802875,0.0014861789388231506,runs/pivot/e4/maples/e4mp_fives_s2_reliseg/bio.csv,results/pivot/e4_gt_maplesdr_preannot.csv,1.4826*MAD of MAPLES-DR's own 162-image network PRE-ANNOTATION-mask biomarkers (results/pivot/e4_gt_maplesdr_preannot.csv); no Gate A train scale exists for this set
preannot,delta,higher_resolution,fives,2,cfloss,continued,tortuosity,skan,71,0.009258289494123093,,,,,,0.011429358171363369,0.0011038088242425275,0.07113105917062554,runs/pivot/e4/maples/e4mp_fives_s2_cfloss/bio.csv,results/pivot/e4_gt_maplesdr_preannot.csv,1.4826*MAD of MAPLES-DR's own 162-image network PRE-ANNOTATION-mask biomarkers (results/pivot/e4_gt_maplesdr_preannot.csv); no Gate A train scale exists for this set
preannot,delta,higher_resolution,fives,2,cfloss,baseline,tortuosity,skan,71,0.009258289494123093,,,,,,0.0039706061487080335,-0.0019402261319445778,0.02263418432844005,runs/pivot/e4/maples/e4mp_fives_s2_cfloss/bio.csv,results/pivot/e4_gt_maplesdr_preannot.csv,1.4826*MAD of MAPLES-DR's own 162-image network PRE-ANNOTATION-mask biomarkers (results/pivot/e4_gt_maplesdr_preannot.csv); no Gate A train scale exists for this set
preannot,delta,higher_resolution,fives,2,reliseg,continued,density,pvbm,71,0.019181209714760065,,,,,,0.0031276477734385466,-0.009725646708516065,0.014427308688970675,runs/pivot/e4/maples/e4mp_fives_s2_reliseg/bio.csv,results/pivot/e4_gt_maplesdr_preannot.csv,1.4826*MAD of MAPLES-DR's own 162-image network PRE-ANNOTATION-mask biomarkers (results/pivot/e4_gt_maplesdr_preannot.csv); no Gate A train scale exists for this set
preannot,delta,higher_resolution,fives,2,reliseg,baseline,density,pvbm,71,0.019181209714760065,,,,,,0.018714843211189436,-0.00020467683809704526,0.040570646549493355,runs/pivot/e4/maples/e4mp_fives_s2_reliseg/bio.csv,results/pivot/e4_gt_maplesdr_preannot.csv,1.4826*MAD of MAPLES-DR's own 162-image network PRE-ANNOTATION-mask biomarkers (results/pivot/e4_gt_maplesdr_preannot.csv); no Gate A train scale exists for this set
preannot,delta,higher_resolution,fives,2,cfloss,continued,density,pvbm,71,0.019181209714760065,,,,,,-0.0029457119393618836,-0.012480532306931361,0.006332059963761252,runs/pivot/e4/maples/e4mp_fives_s2_cfloss/bio.csv,results/pivot/e4_gt_maplesdr_preannot.csv,1.4826*MAD of MAPLES-DR's own 162-image network PRE-ANNOTATION-mask biomarkers (results/pivot/e4_gt_maplesdr_preannot.csv); no Gate A train scale exists for this set
preannot,delta,higher_resolution,fives,2,cfloss,baseline,density,pvbm,71,0.019181209714760065,,,,,,0.012641483498389006,0.0015663148910207425,0.0257042230094465,runs/pivot/e4/maples/e4mp_fives_s2_cfloss/bio.csv,results/pivot/e4_gt_maplesdr_preannot.csv,1.4826*MAD of MAPLES-DR's own 162-image network PRE-ANNOTATION-mask biomarkers (results/pivot/e4_gt_maplesdr_preannot.csv); no Gate A train scale exists for this set
preannot,delta,higher_resolution,fives,2,reliseg,continued,density,skan,71,0.019181209714760065,,,,,,0.0031276477734385466,-0.009725646708516065,0.014427308688970675,runs/pivot/e4/maples/e4mp_fives_s2_reliseg/bio.csv,results/pivot/e4_gt_maplesdr_preannot.csv,1.4826*MAD of MAPLES-DR's own 162-image network PRE-ANNOTATION-mask biomarkers (results/pivot/e4_gt_maplesdr_preannot.csv); no Gate A train scale exists for this set
preannot,delta,higher_resolution,fives,2,reliseg,baseline,density,skan,71,0.019181209714760065,,,,,,0.018714843211189436,-0.00020467683809704526,0.040570646549493355,runs/pivot/e4/maples/e4mp_fives_s2_reliseg/bio.csv,results/pivot/e4_gt_maplesdr_preannot.csv,1.4826*MAD of MAPLES-DR's own 162-image network PRE-ANNOTATION-mask biomarkers (results/pivot/e4_gt_maplesdr_preannot.csv); no Gate A train scale exists for this set
preannot,delta,higher_resolution,fives,2,cfloss,continued,density,skan,71,0.019181209714760065,,,,,,-0.0029457119393618836,-0.012480532306931361,0.006332059963761252,runs/pivot/e4/maples/e4mp_fives_s2_cfloss/bio.csv,results/pivot/e4_gt_maplesdr_preannot.csv,1.4826*MAD of MAPLES-DR's own 162-image network PRE-ANNOTATION-mask biomarkers (results/pivot/e4_gt_maplesdr_preannot.csv); no Gate A train scale exists for this set
preannot,delta,higher_resolution,fives,2,cfloss,baseline,density,skan,71,0.019181209714760065,,,,,,0.012641483498389006,0.0015663148910207425,0.0257042230094465,runs/pivot/e4/maples/e4mp_fives_s2_cfloss/bio.csv,results/pivot/e4_gt_maplesdr_preannot.csv,1.4826*MAD of MAPLES-DR's own 162-image network PRE-ANNOTATION-mask biomarkers (results/pivot/e4_gt_maplesdr_preannot.csv); no Gate A train scale exists for this set
preannot,delta,higher_resolution,fives,2,reliseg,continued,total_length,pvbm,71,3742.5705005907253,,,,,,-0.003099447489031071,-0.02249962777502689,0.016505967025586456,runs/pivot/e4/maples/e4mp_fives_s2_reliseg/bio.csv,results/pivot/e4_gt_maplesdr_preannot.csv,1.4826*MAD of MAPLES-DR's own 162-image network PRE-ANNOTATION-mask biomarkers (results/pivot/e4_gt_maplesdr_preannot.csv); no Gate A train scale exists for this set
preannot,delta,higher_resolution,fives,2,reliseg,baseline,total_length,pvbm,71,3742.5705005907253,,,,,,0.0186475670742019,-0.009479877136733662,0.04659348146043714,runs/pivot/e4/maples/e4mp_fives_s2_reliseg/bio.csv,results/pivot/e4_gt_maplesdr_preannot.csv,1.4826*MAD of MAPLES-DR's own 162-image network PRE-ANNOTATION-mask biomarkers (results/pivot/e4_gt_maplesdr_preannot.csv); no Gate A train scale exists for this set
preannot,delta,higher_resolution,fives,2,cfloss,continued,total_length,pvbm,71,3742.5705005907253,,,,,,-0.017158518666573697,-0.04309428599801818,0.007120288694964156,runs/pivot/e4/maples/e4mp_fives_s2_cfloss/bio.csv,results/pivot/e4_gt_maplesdr_preannot.csv,1.4826*MAD of MAPLES-DR's own 162-image network PRE-ANNOTATION-mask biomarkers (results/pivot/e4_gt_maplesdr_preannot.csv); no Gate A train scale exists for this set
preannot,delta,higher_resolution,fives,2,cfloss,baseline,total_length,pvbm,71,3742.5705005907253,,,,,,0.004588495896659273,-0.010749703538805212,0.021547622921742175,runs/pivot/e4/maples/e4mp_fives_s2_cfloss/bio.csv,results/pivot/e4_gt_maplesdr_preannot.csv,1.4826*MAD of MAPLES-DR's own 162-image network PRE-ANNOTATION-mask biomarkers (results/pivot/e4_gt_maplesdr_preannot.csv); no Gate A train scale exists for this set
preannot,delta,higher_resolution,fives,2,reliseg,continued,total_length,skan,71,3130.1513354528465,,,,,,0.0003125582258337589,-0.016299007874438342,0.017326851793527873,runs/pivot/e4/maples/e4mp_fives_s2_reliseg/bio.csv,results/pivot/e4_gt_maplesdr_preannot.csv,1.4826*MAD of MAPLES-DR's own 162-image network PRE-ANNOTATION-mask biomarkers (results/pivot/e4_gt_maplesdr_preannot.csv); no Gate A train scale exists for this set
preannot,delta,higher_resolution,fives,2,reliseg,baseline,total_length,skan,71,3130.1513354528465,,,,,,0.015034483517136876,-0.0064162487435509286,0.04016772588606779,runs/pivot/e4/maples/e4mp_fives_s2_reliseg/bio.csv,results/pivot/e4_gt_maplesdr_preannot.csv,1.4826*MAD of MAPLES-DR's own 162-image network PRE-ANNOTATION-mask biomarkers (results/pivot/e4_gt_maplesdr_preannot.csv); no Gate A train scale exists for this set
preannot,delta,higher_resolution,fives,2,cfloss,continued,total_length,skan,71,3130.1513354528465,,,,,,-0.00944918878579537,-0.022055953282900262,0.0014819989971495127,runs/pivot/e4/maples/e4mp_fives_s2_cfloss/bio.csv,results/pivot/e4_gt_maplesdr_preannot.csv,1.4826*MAD of MAPLES-DR's own 162-image network PRE-ANNOTATION-mask biomarkers (results/pivot/e4_gt_maplesdr_preannot.csv); no Gate A train scale exists for this set
preannot,delta,higher_resolution,fives,2,cfloss,baseline,total_length,skan,71,3130.1513354528465,,,,,,0.005272736505507747,-0.002086791696294729,0.014852213678353304,runs/pivot/e4/maples/e4mp_fives_s2_cfloss/bio.csv,results/pivot/e4_gt_maplesdr_preannot.csv,1.4826*MAD of MAPLES-DR's own 162-image network PRE-ANNOTATION-mask biomarkers (results/pivot/e4_gt_maplesdr_preannot.csv); no Gate A train scale exists for this set
preannot,delta,higher_resolution,hrf,0,reliseg,continued,FD,pvbm,71,0.05863112950581929,,,,,,-0.02695116218747906,-0.0713729733874935,0.013898839921686465,runs/pivot/e4/maples/e4mp_hrf_s0_reliseg/bio.csv,results/pivot/e4_gt_maplesdr_preannot.csv,1.4826*MAD of MAPLES-DR's own 162-image network PRE-ANNOTATION-mask biomarkers (results/pivot/e4_gt_maplesdr_preannot.csv); no Gate A train scale exists for this set
preannot,delta,higher_resolution,hrf,0,reliseg,baseline,FD,pvbm,71,0.05863112950581929,,,,,,0.0228250246855487,-0.0316699652070248,0.07249648048787737,runs/pivot/e4/maples/e4mp_hrf_s0_reliseg/bio.csv,results/pivot/e4_gt_maplesdr_preannot.csv,1.4826*MAD of MAPLES-DR's own 162-image network PRE-ANNOTATION-mask biomarkers (results/pivot/e4_gt_maplesdr_preannot.csv); no Gate A train scale exists for this set
preannot,delta,higher_resolution,hrf,0,cfloss,continued,FD,pvbm,71,0.05863112950581929,,,,,,-0.1115314404313541,-0.16197471150437512,-0.05869526818039668,runs/pivot/e4/maples/e4mp_hrf_s0_cfloss/bio.csv,results/pivot/e4_gt_maplesdr_preannot.csv,1.4826*MAD of MAPLES-DR's own 162-image network PRE-ANNOTATION-mask biomarkers (results/pivot/e4_gt_maplesdr_preannot.csv); no Gate A train scale exists for this set
preannot,delta,higher_resolution,hrf,0,cfloss,baseline,FD,pvbm,71,0.05863112950581929,,,,,,-0.06175525355832634,-0.13152960944674533,0.0009828538266231342,runs/pivot/e4/maples/e4mp_hrf_s0_cfloss/bio.csv,results/pivot/e4_gt_maplesdr_preannot.csv,1.4826*MAD of MAPLES-DR's own 162-image network PRE-ANNOTATION-mask biomarkers (results/pivot/e4_gt_maplesdr_preannot.csv); no Gate A train scale exists for this set
preannot,delta,higher_resolution,hrf,0,reliseg,continued,FD,skan,71,0.04989361650504784,,,,,,-0.017738927302173302,-0.07436351233552897,0.03575609175406815,runs/pivot/e4/maples/e4mp_hrf_s0_reliseg/bio.csv,results/pivot/e4_gt_maplesdr_preannot.csv,1.4826*MAD of MAPLES-DR's own 162-image network PRE-ANNOTATION-mask biomarkers (results/pivot/e4_gt_maplesdr_preannot.csv); no Gate A train scale exists for this set
preannot,delta,higher_resolution,hrf,0,reliseg,baseline,FD,skan,71,0.04989361650504784,,,,,,0.003325312979475026,-0.06735776147702273,0.06324643865077093,runs/pivot/e4/maples/e4mp_hrf_s0_reliseg/bio.csv,results/pivot/e4_gt_maplesdr_preannot.csv,1.4826*MAD of MAPLES-DR's own 162-image network PRE-ANNOTATION-mask biomarkers (results/pivot/e4_gt_maplesdr_preannot.csv); no Gate A train scale exists for this set
preannot,delta,higher_resolution,hrf,0,cfloss,continued,FD,skan,71,0.04989361650504784,,,,,,-0.08325726590058158,-0.1287622008826308,-0.02947506460332545,runs/pivot/e4/maples/e4mp_hrf_s0_cfloss/bio.csv,results/pivot/e4_gt_maplesdr_preannot.csv,1.4826*MAD of MAPLES-DR's own 162-image network PRE-ANNOTATION-mask biomarkers (results/pivot/e4_gt_maplesdr_preannot.csv); no Gate A train scale exists for this set
preannot,delta,higher_resolution,hrf,0,cfloss,baseline,FD,skan,71,0.04989361650504784,,,,,,-0.06219302561893325,-0.12634917692088354,9.63122895081502e-05,runs/pivot/e4/maples/e4mp_hrf_s0_cfloss/bio.csv,results/pivot/e4_gt_maplesdr_preannot.csv,1.4826*MAD of MAPLES-DR's own 162-image network PRE-ANNOTATION-mask biomarkers (results/pivot/e4_gt_maplesdr_preannot.csv); no Gate A train scale exists for this set
preannot,delta,higher_resolution,hrf,0,reliseg,continued,tortuosity,pvbm,71,0.0062787696728688735,,,,,,-0.235632056086882,-0.4959773433220348,0.01817363048730346,runs/pivot/e4/maples/e4mp_hrf_s0_reliseg/bio.csv,results/pivot/e4_gt_maplesdr_preannot.csv,1.4826*MAD of MAPLES-DR's own 162-image network PRE-ANNOTATION-mask biomarkers (results/pivot/e4_gt_maplesdr_preannot.csv); no Gate A train scale exists for this set
preannot,delta,higher_resolution,hrf,0,reliseg,baseline,tortuosity,pvbm,71,0.0062787696728688735,,,,,,-0.3058910641240439,-0.5466794946113436,-0.04998615034009137,runs/pivot/e4/maples/e4mp_hrf_s0_reliseg/bio.csv,results/pivot/e4_gt_maplesdr_preannot.csv,1.4826*MAD of MAPLES-DR's own 162-image network PRE-ANNOTATION-mask biomarkers (results/pivot/e4_gt_maplesdr_preannot.csv); no Gate A train scale exists for this set
preannot,delta,higher_resolution,hrf,0,cfloss,continued,tortuosity,pvbm,71,0.0062787696728688735,,,,,,0.05770193700443493,-0.07358746434813272,0.17746603552180082,runs/pivot/e4/maples/e4mp_hrf_s0_cfloss/bio.csv,results/pivot/e4_gt_maplesdr_preannot.csv,1.4826*MAD of MAPLES-DR's own 162-image network PRE-ANNOTATION-mask biomarkers (results/pivot/e4_gt_maplesdr_preannot.csv); no Gate A train scale exists for this set
preannot,delta,higher_resolution,hrf,0,cfloss,baseline,tortuosity,pvbm,71,0.0062787696728688735,,,,,,-0.012557071032726908,-0.1412125355712078,0.12284848685923293,runs/pivot/e4/maples/e4mp_hrf_s0_cfloss/bio.csv,results/pivot/e4_gt_maplesdr_preannot.csv,1.4826*MAD of MAPLES-DR's own 162-image network PRE-ANNOTATION-mask biomarkers (results/pivot/e4_gt_maplesdr_preannot.csv); no Gate A train scale exists for this set
preannot,delta,higher_resolution,hrf,0,reliseg,continued,tortuosity,skan,71,0.009258289494123093,,,,,,-0.1060433980783542,-0.27407852014963235,0.012448228892546565,runs/pivot/e4/maples/e4mp_hrf_s0_reliseg/bio.csv,results/pivot/e4_gt_maplesdr_preannot.csv,1.4826*MAD of MAPLES-DR's own 162-image network PRE-ANNOTATION-mask biomarkers (results/pivot/e4_gt_maplesdr_preannot.csv); no Gate A train scale exists for this set
preannot,delta,higher_resolution,hrf,0,reliseg,baseline,tortuosity,skan,71,0.009258289494123093,,,,,,-0.09990230505342748,-0.22602527400636818,-0.014001363647326372,runs/pivot/e4/maples/e4mp_hrf_s0_reliseg/bio.csv,results/pivot/e4_gt_maplesdr_preannot.csv,1.4826*MAD of MAPLES-DR's own 162-image network PRE-ANNOTATION-mask biomarkers (results/pivot/e4_gt_maplesdr_preannot.csv); no Gate A train scale exists for this set
preannot,delta,higher_resolution,hrf,0,cfloss,continued,tortuosity,skan,71,0.009258289494123093,,,,,,-0.03926300457659998,-0.13893150665524465,0.009450446207512737,runs/pivot/e4/maples/e4mp_hrf_s0_cfloss/bio.csv,results/pivot/e4_gt_maplesdr_preannot.csv,1.4826*MAD of MAPLES-DR's own 162-image network PRE-ANNOTATION-mask biomarkers (results/pivot/e4_gt_maplesdr_preannot.csv); no Gate A train scale exists for this set
preannot,delta,higher_resolution,hrf,0,cfloss,baseline,tortuosity,skan,71,0.009258289494123093,,,,,,-0.033121911551673267,-0.09914458117124633,0.0471347353040041,runs/pivot/e4/maples/e4mp_hrf_s0_cfloss/bio.csv,results/pivot/e4_gt_maplesdr_preannot.csv,1.4826*MAD of MAPLES-DR's own 162-image network PRE-ANNOTATION-mask biomarkers (results/pivot/e4_gt_maplesdr_preannot.csv); no Gate A train scale exists for this set
preannot,delta,higher_resolution,hrf,0,reliseg,continued,density,pvbm,71,0.019181209714760065,,,,,,-0.03976625651350918,-0.0772957127078735,-0.006991542507049048,runs/pivot/e4/maples/e4mp_hrf_s0_reliseg/bio.csv,results/pivot/e4_gt_maplesdr_preannot.csv,1.4826*MAD of MAPLES-DR's own 162-image network PRE-ANNOTATION-mask biomarkers (results/pivot/e4_gt_maplesdr_preannot.csv); no Gate A train scale exists for this set
preannot,delta,higher_resolution,hrf,0,reliseg,baseline,density,pvbm,71,0.019181209714760065,,,,,,0.025681755647481375,-0.022482196162381427,0.0673897626028113,runs/pivot/e4/maples/e4mp_hrf_s0_reliseg/bio.csv,results/pivot/e4_gt_maplesdr_preannot.csv,1.4826*MAD of MAPLES-DR's own 162-image network PRE-ANNOTATION-mask biomarkers (results/pivot/e4_gt_maplesdr_preannot.csv); no Gate A train scale exists for this set
preannot,delta,higher_resolution,hrf,0,cfloss,continued,density,pvbm,71,0.019181209714760065,,,,,,-0.061635901139699356,-0.08665922595638345,-0.03479020271503783,runs/pivot/e4/maples/e4mp_hrf_s0_cfloss/bio.csv,results/pivot/e4_gt_maplesdr_preannot.csv,1.4826*MAD of MAPLES-DR's own 162-image network PRE-ANNOTATION-mask biomarkers (results/pivot/e4_gt_maplesdr_preannot.csv); no Gate A train scale exists for this set
preannot,delta,higher_resolution,hrf,0,cfloss,baseline,density,pvbm,71,0.019181209714760065,,,,,,0.003812111021291198,-0.0345560555104415,0.04203636871131546,runs/pivot/e4/maples/e4mp_hrf_s0_cfloss/bio.csv,results/pivot/e4_gt_maplesdr_preannot.csv,1.4826*MAD of MAPLES-DR's own 162-image network PRE-ANNOTATION-mask biomarkers (results/pivot/e4_gt_maplesdr_preannot.csv); no Gate A train scale exists for this set
preannot,delta,higher_resolution,hrf,0,reliseg,continued,density,skan,71,0.019181209714760065,,,,,,-0.03976625651350918,-0.0772957127078735,-0.006991542507049048,runs/pivot/e4/maples/e4mp_hrf_s0_reliseg/bio.csv,results/pivot/e4_gt_maplesdr_preannot.csv,1.4826*MAD of MAPLES-DR's own 162-image network PRE-ANNOTATION-mask biomarkers (results/pivot/e4_gt_maplesdr_preannot.csv); no Gate A train scale exists for this set
preannot,delta,higher_resolution,hrf,0,reliseg,baseline,density,skan,71,0.019181209714760065,,,,,,0.025681755647481375,-0.022482196162381427,0.0673897626028113,runs/pivot/e4/maples/e4mp_hrf_s0_reliseg/bio.csv,results/pivot/e4_gt_maplesdr_preannot.csv,1.4826*MAD of MAPLES-DR's own 162-image network PRE-ANNOTATION-mask biomarkers (results/pivot/e4_gt_maplesdr_preannot.csv); no Gate A train scale exists for this set
preannot,delta,higher_resolution,hrf,0,cfloss,continued,density,skan,71,0.019181209714760065,,,,,,-0.061635901139699356,-0.08665922595638345,-0.03479020271503783,runs/pivot/e4/maples/e4mp_hrf_s0_cfloss/bio.csv,results/pivot/e4_gt_maplesdr_preannot.csv,1.4826*MAD of MAPLES-DR's own 162-image network PRE-ANNOTATION-mask biomarkers (results/pivot/e4_gt_maplesdr_preannot.csv); no Gate A train scale exists for this set
preannot,delta,higher_resolution,hrf,0,cfloss,baseline,density,skan,71,0.019181209714760065,,,,,,0.003812111021291198,-0.0345560555104415,0.04203636871131546,runs/pivot/e4/maples/e4mp_hrf_s0_cfloss/bio.csv,results/pivot/e4_gt_maplesdr_preannot.csv,1.4826*MAD of MAPLES-DR's own 162-image network PRE-ANNOTATION-mask biomarkers (results/pivot/e4_gt_maplesdr_preannot.csv); no Gate A train scale exists for this set
preannot,delta,higher_resolution,hrf,0,reliseg,continued,total_length,pvbm,71,3742.5705005907253,,,,,,-0.024108616545068073,-0.07117475244790987,0.01574264570713017,runs/pivot/e4/maples/e4mp_hrf_s0_reliseg/bio.csv,results/pivot/e4_gt_maplesdr_preannot.csv,1.4826*MAD of MAPLES-DR's own 162-image network PRE-ANNOTATION-mask biomarkers (results/pivot/e4_gt_maplesdr_preannot.csv); no Gate A train scale exists for this set
preannot,delta,higher_resolution,hrf,0,reliseg,baseline,total_length,pvbm,71,3742.5705005907253,,,,,,-0.022710856788617673,-0.07891672189218372,0.030479868732564034,runs/pivot/e4/maples/e4mp_hrf_s0_reliseg/bio.csv,results/pivot/e4_gt_maplesdr_preannot.csv,1.4826*MAD of MAPLES-DR's own 162-image network PRE-ANNOTATION-mask biomarkers (results/pivot/e4_gt_maplesdr_preannot.csv); no Gate A train scale exists for this set
preannot,delta,higher_resolution,hrf,0,cfloss,continued,total_length,pvbm,71,3742.5705005907253,,,,,,-0.08302900369636784,-0.10970250816533506,-0.051752217826202186,runs/pivot/e4/maples/e4mp_hrf_s0_cfloss/bio.csv,results/pivot/e4_gt_maplesdr_preannot.csv,1.4826*MAD of MAPLES-DR's own 162-image network PRE-ANNOTATION-mask biomarkers (results/pivot/e4_gt_maplesdr_preannot.csv); no Gate A train scale exists for this set
preannot,delta,higher_resolution,hrf,0,cfloss,baseline,total_length,pvbm,71,3742.5705005907253,,,,,,-0.08163124393991744,-0.12678008242321126,-0.03366671256344002,runs/pivot/e4/maples/e4mp_hrf_s0_cfloss/bio.csv,results/pivot/e4_gt_maplesdr_preannot.csv,1.4826*MAD of MAPLES-DR's own 162-image network PRE-ANNOTATION-mask biomarkers (results/pivot/e4_gt_maplesdr_preannot.csv); no Gate A train scale exists for this set
preannot,delta,higher_resolution,hrf,0,reliseg,continued,total_length,skan,71,3130.1513354528465,,,,,,-0.002082010669881562,-0.059466744311560335,0.04351334125352523,runs/pivot/e4/maples/e4mp_hrf_s0_reliseg/bio.csv,results/pivot/e4_gt_maplesdr_preannot.csv,1.4826*MAD of MAPLES-DR's own 162-image network PRE-ANNOTATION-mask biomarkers (results/pivot/e4_gt_maplesdr_preannot.csv); no Gate A train scale exists for this set
preannot,delta,higher_resolution,hrf,0,reliseg,baseline,total_length,skan,71,3130.1513354528465,,,,,,0.04712342352794874,-0.01895596107536063,0.10180424714502657,runs/pivot/e4/maples/e4mp_hrf_s0_reliseg/bio.csv,results/pivot/e4_gt_maplesdr_preannot.csv,1.4826*MAD of MAPLES-DR's own 162-image network PRE-ANNOTATION-mask biomarkers (results/pivot/e4_gt_maplesdr_preannot.csv); no Gate A train scale exists for this set
preannot,delta,higher_resolution,hrf,0,cfloss,continued,total_length,skan,71,3130.1513354528465,,,,,,-0.06036494436609341,-0.0930437894247834,-0.024576080481566738,runs/pivot/e4/maples/e4mp_hrf_s0_cfloss/bio.csv,results/pivot/e4_gt_maplesdr_preannot.csv,1.4826*MAD of MAPLES-DR's own 162-image network PRE-ANNOTATION-mask biomarkers (results/pivot/e4_gt_maplesdr_preannot.csv); no Gate A train scale exists for this set
preannot,delta,higher_resolution,hrf,0,cfloss,baseline,total_length,skan,71,3130.1513354528465,,,,,,-0.01115951016826311,-0.06091019333689541,0.035735358581477805,runs/pivot/e4/maples/e4mp_hrf_s0_cfloss/bio.csv,results/pivot/e4_gt_maplesdr_preannot.csv,1.4826*MAD of MAPLES-DR's own 162-image network PRE-ANNOTATION-mask biomarkers (results/pivot/e4_gt_maplesdr_preannot.csv); no Gate A train scale exists for this set
preannot,delta,higher_resolution,hrf,1,reliseg,continued,FD,pvbm,71,0.05863112950581929,,,,,,0.018650355491489634,-0.013278643056445952,0.053689673560153604,runs/pivot/e4/maples/e4mp_hrf_s1_reliseg/bio.csv,results/pivot/e4_gt_maplesdr_preannot.csv,1.4826*MAD of MAPLES-DR's own 162-image network PRE-ANNOTATION-mask biomarkers (results/pivot/e4_gt_maplesdr_preannot.csv); no Gate A train scale exists for this set
preannot,delta,higher_resolution,hrf,1,reliseg,baseline,FD,pvbm,71,0.05863112950581929,,,,,,0.02412489745338664,-0.027759902120536792,0.07534712740965706,runs/pivot/e4/maples/e4mp_hrf_s1_reliseg/bio.csv,results/pivot/e4_gt_maplesdr_preannot.csv,1.4826*MAD of MAPLES-DR's own 162-image network PRE-ANNOTATION-mask biomarkers (results/pivot/e4_gt_maplesdr_preannot.csv); no Gate A train scale exists for this set
preannot,delta,higher_resolution,hrf,1,cfloss,continued,FD,pvbm,71,0.05863112950581929,,,,,,-0.12333395767331312,-0.1985678306358942,-0.05327483047377288,runs/pivot/e4/maples/e4mp_hrf_s1_cfloss/bio.csv,results/pivot/e4_gt_maplesdr_preannot.csv,1.4826*MAD of MAPLES-DR's own 162-image network PRE-ANNOTATION-mask biomarkers (results/pivot/e4_gt_maplesdr_preannot.csv); no Gate A train scale exists for this set
preannot,delta,higher_resolution,hrf,1,cfloss,baseline,FD,pvbm,71,0.05863112950581929,,,,,,-0.11785941571141612,-0.17598367448932895,-0.06348209370990562,runs/pivot/e4/maples/e4mp_hrf_s1_cfloss/bio.csv,results/pivot/e4_gt_maplesdr_preannot.csv,1.4826*MAD of MAPLES-DR's own 162-image network PRE-ANNOTATION-mask biomarkers (results/pivot/e4_gt_maplesdr_preannot.csv); no Gate A train scale exists for this set
preannot,delta,higher_resolution,hrf,1,reliseg,continued,FD,skan,71,0.04989361650504784,,,,,,-0.010620533027406176,-0.07094621010874463,0.04496347621805754,runs/pivot/e4/maples/e4mp_hrf_s1_reliseg/bio.csv,results/pivot/e4_gt_maplesdr_preannot.csv,1.4826*MAD of MAPLES-DR's own 162-image network PRE-ANNOTATION-mask biomarkers (results/pivot/e4_gt_maplesdr_preannot.csv); no Gate A train scale exists for this set
preannot,delta,higher_resolution,hrf,1,reliseg,baseline,FD,skan,71,0.04989361650504784,,,,,,-0.014090747146178972,-0.09672546005090205,0.0571395672331001,runs/pivot/e4/maples/e4mp_hrf_s1_reliseg/bio.csv,results/pivot/e4_gt_maplesdr_preannot.csv,1.4826*MAD of MAPLES-DR's own 162-image network PRE-ANNOTATION-mask biomarkers (results/pivot/e4_gt_maplesdr_preannot.csv); no Gate A train scale exists for this set
preannot,delta,higher_resolution,hrf,1,cfloss,continued,FD,skan,71,0.04989361650504784,,,,,,-0.11079022019852591,-0.17343135407207227,-0.054562104508383405,runs/pivot/e4/maples/e4mp_hrf_s1_cfloss/bio.csv,results/pivot/e4_gt_maplesdr_preannot.csv,1.4826*MAD of MAPLES-DR's own 162-image network PRE-ANNOTATION-mask biomarkers (results/pivot/e4_gt_maplesdr_preannot.csv); no Gate A train scale exists for this set
preannot,delta,higher_resolution,hrf,1,cfloss,baseline,FD,skan,71,0.04989361650504784,,,,,,-0.11426043431729871,-0.1668310611750682,-0.06346479331282551,runs/pivot/e4/maples/e4mp_hrf_s1_cfloss/bio.csv,results/pivot/e4_gt_maplesdr_preannot.csv,1.4826*MAD of MAPLES-DR's own 162-image network PRE-ANNOTATION-mask biomarkers (results/pivot/e4_gt_maplesdr_preannot.csv); no Gate A train scale exists for this set
preannot,delta,higher_resolution,hrf,1,reliseg,continued,tortuosity,pvbm,71,0.0062787696728688735,,,,,,-0.05711403732866055,-0.22491740363796536,0.09215058390544519,runs/pivot/e4/maples/e4mp_hrf_s1_reliseg/bio.csv,results/pivot/e4_gt_maplesdr_preannot.csv,1.4826*MAD of MAPLES-DR's own 162-image network PRE-ANNOTATION-mask biomarkers (results/pivot/e4_gt_maplesdr_preannot.csv); no Gate A train scale exists for this set
preannot,delta,higher_resolution,hrf,1,reliseg,baseline,tortuosity,pvbm,71,0.0062787696728688735,,,,,,0.03330121238260797,-0.15541041323205418,0.21348645221184165,runs/pivot/e4/maples/e4mp_hrf_s1_reliseg/bio.csv,results/pivot/e4_gt_maplesdr_preannot.csv,1.4826*MAD of MAPLES-DR's own 162-image network PRE-ANNOTATION-mask biomarkers (results/pivot/e4_gt_maplesdr_preannot.csv); no Gate A train scale exists for this set
preannot,delta,higher_resolution,hrf,1,cfloss,continued,tortuosity,pvbm,71,0.0062787696728688735,,,,,,0.07405226052393143,-0.044850029824431356,0.21041607065765075,runs/pivot/e4/maples/e4mp_hrf_s1_cfloss/bio.csv,results/pivot/e4_gt_maplesdr_preannot.csv,1.4826*MAD of MAPLES-DR's own 162-image network PRE-ANNOTATION-mask biomarkers (results/pivot/e4_gt_maplesdr_preannot.csv); no Gate A train scale exists for this set
preannot,delta,higher_resolution,hrf,1,cfloss,baseline,tortuosity,pvbm,71,0.0062787696728688735,,,,,,0.16446751023519995,0.015229486389773075,0.3196756450176653,runs/pivot/e4/maples/e4mp_hrf_s1_cfloss/bio.csv,results/pivot/e4_gt_maplesdr_preannot.csv,1.4826*MAD of MAPLES-DR's own 162-image network PRE-ANNOTATION-mask biomarkers (results/pivot/e4_gt_maplesdr_preannot.csv); no Gate A train scale exists for this set
preannot,delta,higher_resolution,hrf,1,reliseg,continued,tortuosity,skan,71,0.009258289494123093,,,,,,0.023551225248589852,-0.20099192074998373,0.35330760861494515,runs/pivot/e4/maples/e4mp_hrf_s1_reliseg/bio.csv,results/pivot/e4_gt_maplesdr_preannot.csv,1.4826*MAD of MAPLES-DR's own 162-image network PRE-ANNOTATION-mask biomarkers (results/pivot/e4_gt_maplesdr_preannot.csv); no Gate A train scale exists for this set
preannot,delta,higher_resolution,hrf,1,reliseg,baseline,tortuosity,skan,71,0.009258289494123093,,,,,,-0.09550643024333777,-0.19828583294198876,0.048550855798930294,runs/pivot/e4/maples/e4mp_hrf_s1_reliseg/bio.csv,results/pivot/e4_gt_maplesdr_preannot.csv,1.4826*MAD of MAPLES-DR's own 162-image network PRE-ANNOTATION-mask biomarkers (results/pivot/e4_gt_maplesdr_preannot.csv); no Gate A train scale exists for this set
preannot,delta,higher_resolution,hrf,1,cfloss,continued,tortuosity,skan,71,0.009258289494123093,,,,,,0.1708372359524061,-0.01664276794311732,0.421570506906761,runs/pivot/e4/maples/e4mp_hrf_s1_cfloss/bio.csv,results/pivot/e4_gt_maplesdr_preannot.csv,1.4826*MAD of MAPLES-DR's own 162-image network PRE-ANNOTATION-mask biomarkers (results/pivot/e4_gt_maplesdr_preannot.csv); no Gate A train scale exists for this set
preannot,delta,higher_resolution,hrf,1,cfloss,baseline,tortuosity,skan,71,0.009258289494123093,,,,,,0.05177958046047848,0.006446569167042259,0.13555087098508398,runs/pivot/e4/maples/e4mp_hrf_s1_cfloss/bio.csv,results/pivot/e4_gt_maplesdr_preannot.csv,1.4826*MAD of MAPLES-DR's own 162-image network PRE-ANNOTATION-mask biomarkers (results/pivot/e4_gt_maplesdr_preannot.csv); no Gate A train scale exists for this set
preannot,delta,higher_resolution,hrf,1,reliseg,continued,density,pvbm,71,0.019181209714760065,,,,,,-0.014693738090841069,-0.04312606614183559,0.008210163814500314,runs/pivot/e4/maples/e4mp_hrf_s1_reliseg/bio.csv,results/pivot/e4_gt_maplesdr_preannot.csv,1.4826*MAD of MAPLES-DR's own 162-image network PRE-ANNOTATION-mask biomarkers (results/pivot/e4_gt_maplesdr_preannot.csv); no Gate A train scale exists for this set
preannot,delta,higher_resolution,hrf,1,reliseg,baseline,density,pvbm,71,0.019181209714760065,,,,,,-0.05998612379319279,-0.11489185149234048,-0.01166171596736119,runs/pivot/e4/maples/e4mp_hrf_s1_reliseg/bio.csv,results/pivot/e4_gt_maplesdr_preannot.csv,1.4826*MAD of MAPLES-DR's own 162-image network PRE-ANNOTATION-mask biomarkers (results/pivot/e4_gt_maplesdr_preannot.csv); no Gate A train scale exists for this set
preannot,delta,higher_resolution,hrf,1,cfloss,continued,density,pvbm,71,0.019181209714760065,,,,,,-0.05211171726842323,-0.09284251615901849,-0.0021029498001961535,runs/pivot/e4/maples/e4mp_hrf_s1_cfloss/bio.csv,results/pivot/e4_gt_maplesdr_preannot.csv,1.4826*MAD of MAPLES-DR's own 162-image network PRE-ANNOTATION-mask biomarkers (results/pivot/e4_gt_maplesdr_preannot.csv); no Gate A train scale exists for this set
preannot,delta,higher_resolution,hrf,1,cfloss,baseline,density,pvbm,71,0.019181209714760065,,,,,,-0.09740410297077495,-0.1511096360487196,-0.0380323628961168,runs/pivot/e4/maples/e4mp_hrf_s1_cfloss/bio.csv,results/pivot/e4_gt_maplesdr_preannot.csv,1.4826*MAD of MAPLES-DR's own 162-image network PRE-ANNOTATION-mask biomarkers (results/pivot/e4_gt_maplesdr_preannot.csv); no Gate A train scale exists for this set
preannot,delta,higher_resolution,hrf,1,reliseg,continued,density,skan,71,0.019181209714760065,,,,,,-0.014693738090841069,-0.04312606614183559,0.008210163814500314,runs/pivot/e4/maples/e4mp_hrf_s1_reliseg/bio.csv,results/pivot/e4_gt_maplesdr_preannot.csv,1.4826*MAD of MAPLES-DR's own 162-image network PRE-ANNOTATION-mask biomarkers (results/pivot/e4_gt_maplesdr_preannot.csv); no Gate A train scale exists for this set
preannot,delta,higher_resolution,hrf,1,reliseg,baseline,density,skan,71,0.019181209714760065,,,,,,-0.05998612379319279,-0.11489185149234048,-0.01166171596736119,runs/pivot/e4/maples/e4mp_hrf_s1_reliseg/bio.csv,results/pivot/e4_gt_maplesdr_preannot.csv,1.4826*MAD of MAPLES-DR's own 162-image network PRE-ANNOTATION-mask biomarkers (results/pivot/e4_gt_maplesdr_preannot.csv); no Gate A train scale exists for this set
preannot,delta,higher_resolution,hrf,1,cfloss,continued,density,skan,71,0.019181209714760065,,,,,,-0.05211171726842323,-0.09284251615901849,-0.0021029498001961535,runs/pivot/e4/maples/e4mp_hrf_s1_cfloss/bio.csv,results/pivot/e4_gt_maplesdr_preannot.csv,1.4826*MAD of MAPLES-DR's own 162-image network PRE-ANNOTATION-mask biomarkers (results/pivot/e4_gt_maplesdr_preannot.csv); no Gate A train scale exists for this set
preannot,delta,higher_resolution,hrf,1,cfloss,baseline,density,skan,71,0.019181209714760065,,,,,,-0.09740410297077495,-0.1511096360487196,-0.0380323628961168,runs/pivot/e4/maples/e4mp_hrf_s1_cfloss/bio.csv,results/pivot/e4_gt_maplesdr_preannot.csv,1.4826*MAD of MAPLES-DR's own 162-image network PRE-ANNOTATION-mask biomarkers (results/pivot/e4_gt_maplesdr_preannot.csv); no Gate A train scale exists for this set
preannot,delta,higher_resolution,hrf,1,reliseg,continued,total_length,pvbm,71,3742.5705005907253,,,,,,-0.020018838312834963,-0.05486503251881193,0.015604461967368253,runs/pivot/e4/maples/e4mp_hrf_s1_reliseg/bio.csv,results/pivot/e4_gt_maplesdr_preannot.csv,1.4826*MAD of MAPLES-DR's own 162-image network PRE-ANNOTATION-mask biomarkers (results/pivot/e4_gt_maplesdr_preannot.csv); no Gate A train scale exists for this set
preannot,delta,higher_resolution,hrf,1,reliseg,baseline,total_length,pvbm,71,3742.5705005907253,,,,,,-0.02088658384208303,-0.07164317126432221,0.018136329717708417,runs/pivot/e4/maples/e4mp_hrf_s1_reliseg/bio.csv,results/pivot/e4_gt_maplesdr_preannot.csv,1.4826*MAD of MAPLES-DR's own 162-image network PRE-ANNOTATION-mask biomarkers (results/pivot/e4_gt_maplesdr_preannot.csv); no Gate A train scale exists for this set
preannot,delta,higher_resolution,hrf,1,cfloss,continued,total_length,pvbm,71,3742.5705005907253,,,,,,-0.05174623552945956,-0.11574406268446051,0.03190052690837985,runs/pivot/e4/maples/e4mp_hrf_s1_cfloss/bio.csv,results/pivot/e4_gt_maplesdr_preannot.csv,1.4826*MAD of MAPLES-DR's own 162-image network PRE-ANNOTATION-mask biomarkers (results/pivot/e4_gt_maplesdr_preannot.csv); no Gate A train scale exists for this set
preannot,delta,higher_resolution,hrf,1,cfloss,baseline,total_length,pvbm,71,3742.5705005907253,,,,,,-0.052613981058707626,-0.11620376320771295,0.028148410230639312,runs/pivot/e4/maples/e4mp_hrf_s1_cfloss/bio.csv,results/pivot/e4_gt_maplesdr_preannot.csv,1.4826*MAD of MAPLES-DR's own 162-image network PRE-ANNOTATION-mask biomarkers (results/pivot/e4_gt_maplesdr_preannot.csv); no Gate A train scale exists for this set
preannot,delta,higher_resolution,hrf,1,reliseg,continued,total_length,skan,71,3130.1513354528465,,,,,,0.01504297550634448,-0.03921941854206036,0.057503056518670055,runs/pivot/e4/maples/e4mp_hrf_s1_reliseg/bio.csv,results/pivot/e4_gt_maplesdr_preannot.csv,1.4826*MAD of MAPLES-DR's own 162-image network PRE-ANNOTATION-mask biomarkers (results/pivot/e4_gt_maplesdr_preannot.csv); no Gate A train scale exists for this set
preannot,delta,higher_resolution,hrf,1,reliseg,baseline,total_length,skan,71,3130.1513354528465,,,,,,-0.007967917341247688,-0.08006464547790226,0.04055276707314782,runs/pivot/e4/maples/e4mp_hrf_s1_reliseg/bio.csv,results/pivot/e4_gt_maplesdr_preannot.csv,1.4826*MAD of MAPLES-DR's own 162-image network PRE-ANNOTATION-mask biomarkers (results/pivot/e4_gt_maplesdr_preannot.csv); no Gate A train scale exists for this set
preannot,delta,higher_resolution,hrf,1,cfloss,continued,total_length,skan,71,3130.1513354528465,,,,,,-0.06996951466208512,-0.10503984586821426,-0.029284409635060366,runs/pivot/e4/maples/e4mp_hrf_s1_cfloss/bio.csv,results/pivot/e4_gt_maplesdr_preannot.csv,1.4826*MAD of MAPLES-DR's own 162-image network PRE-ANNOTATION-mask biomarkers (results/pivot/e4_gt_maplesdr_preannot.csv); no Gate A train scale exists for this set
preannot,delta,higher_resolution,hrf,1,cfloss,baseline,total_length,skan,71,3130.1513354528465,,,,,,-0.09298040750967729,-0.1352080379091797,-0.04925875134694541,runs/pivot/e4/maples/e4mp_hrf_s1_cfloss/bio.csv,results/pivot/e4_gt_maplesdr_preannot.csv,1.4826*MAD of MAPLES-DR's own 162-image network PRE-ANNOTATION-mask biomarkers (results/pivot/e4_gt_maplesdr_preannot.csv); no Gate A train scale exists for this set
preannot,delta,higher_resolution,hrf,2,reliseg,continued,FD,pvbm,71,0.05863112950581929,,,,,,-0.002492846026359352,-0.037197901203854425,0.037790213623221554,runs/pivot/e4/maples/e4mp_hrf_s2_reliseg/bio.csv,results/pivot/e4_gt_maplesdr_preannot.csv,1.4826*MAD of MAPLES-DR's own 162-image network PRE-ANNOTATION-mask biomarkers (results/pivot/e4_gt_maplesdr_preannot.csv); no Gate A train scale exists for this set
preannot,delta,higher_resolution,hrf,2,reliseg,baseline,FD,pvbm,71,0.05863112950581929,,,,,,0.05923588919227418,-0.01245277024547953,0.12142136218647763,runs/pivot/e4/maples/e4mp_hrf_s2_reliseg/bio.csv,results/pivot/e4_gt_maplesdr_preannot.csv,1.4826*MAD of MAPLES-DR's own 162-image network PRE-ANNOTATION-mask biomarkers (results/pivot/e4_gt_maplesdr_preannot.csv); no Gate A train scale exists for this set
preannot,delta,higher_resolution,hrf,2,cfloss,continued,FD,pvbm,71,0.05863112950581929,,,,,,-0.09733592079408093,-0.1481459806544061,-0.04717205361595758,runs/pivot/e4/maples/e4mp_hrf_s2_cfloss/bio.csv,results/pivot/e4_gt_maplesdr_preannot.csv,1.4826*MAD of MAPLES-DR's own 162-image network PRE-ANNOTATION-mask biomarkers (results/pivot/e4_gt_maplesdr_preannot.csv); no Gate A train scale exists for this set
preannot,delta,higher_resolution,hrf,2,cfloss,baseline,FD,pvbm,71,0.05863112950581929,,,,,,-0.0356071855754474,-0.09442011491381763,0.01708415358683451,runs/pivot/e4/maples/e4mp_hrf_s2_cfloss/bio.csv,results/pivot/e4_gt_maplesdr_preannot.csv,1.4826*MAD of MAPLES-DR's own 162-image network PRE-ANNOTATION-mask biomarkers (results/pivot/e4_gt_maplesdr_preannot.csv); no Gate A train scale exists for this set
preannot,delta,higher_resolution,hrf,2,reliseg,continued,FD,skan,71,0.04989361650504784,,,,,,-0.04128759730103004,-0.12124952913180884,0.02087995971538403,runs/pivot/e4/maples/e4mp_hrf_s2_reliseg/bio.csv,results/pivot/e4_gt_maplesdr_preannot.csv,1.4826*MAD of MAPLES-DR's own 162-image network PRE-ANNOTATION-mask biomarkers (results/pivot/e4_gt_maplesdr_preannot.csv); no Gate A train scale exists for this set
preannot,delta,higher_resolution,hrf,2,reliseg,baseline,FD,skan,71,0.04989361650504784,,,,,,0.03559589019140941,-0.054186185195980945,0.12404282913702618,runs/pivot/e4/maples/e4mp_hrf_s2_reliseg/bio.csv,results/pivot/e4_gt_maplesdr_preannot.csv,1.4826*MAD of MAPLES-DR's own 162-image network PRE-ANNOTATION-mask biomarkers (results/pivot/e4_gt_maplesdr_preannot.csv); no Gate A train scale exists for this set
preannot,delta,higher_resolution,hrf,2,cfloss,continued,FD,skan,71,0.04989361650504784,,,,,,-0.07195246596484928,-0.10546367105746299,-0.039282739357120865,runs/pivot/e4/maples/e4mp_hrf_s2_cfloss/bio.csv,results/pivot/e4_gt_maplesdr_preannot.csv,1.4826*MAD of MAPLES-DR's own 162-image network PRE-ANNOTATION-mask biomarkers (results/pivot/e4_gt_maplesdr_preannot.csv); no Gate A train scale exists for this set
preannot,delta,higher_resolution,hrf,2,cfloss,baseline,FD,skan,71,0.04989361650504784,,,,,,0.004931021527590174,-0.03123304544738794,0.046642745071566606,runs/pivot/e4/maples/e4mp_hrf_s2_cfloss/bio.csv,results/pivot/e4_gt_maplesdr_preannot.csv,1.4826*MAD of MAPLES-DR's own 162-image network PRE-ANNOTATION-mask biomarkers (results/pivot/e4_gt_maplesdr_preannot.csv); no Gate A train scale exists for this set
preannot,delta,higher_resolution,hrf,2,reliseg,continued,tortuosity,pvbm,71,0.0062787696728688735,,,,,,0.025145303516770745,-0.12597240872701232,0.18255878345920665,runs/pivot/e4/maples/e4mp_hrf_s2_reliseg/bio.csv,results/pivot/e4_gt_maplesdr_preannot.csv,1.4826*MAD of MAPLES-DR's own 162-image network PRE-ANNOTATION-mask biomarkers (results/pivot/e4_gt_maplesdr_preannot.csv); no Gate A train scale exists for this set
preannot,delta,higher_resolution,hrf,2,reliseg,baseline,tortuosity,pvbm,71,0.0062787696728688735,,,,,,-0.004623476475804689,-0.1683741262756623,0.15745317054448674,runs/pivot/e4/maples/e4mp_hrf_s2_reliseg/bio.csv,results/pivot/e4_gt_maplesdr_preannot.csv,1.4826*MAD of MAPLES-DR's own 162-image network PRE-ANNOTATION-mask biomarkers (results/pivot/e4_gt_maplesdr_preannot.csv); no Gate A train scale exists for this set
preannot,delta,higher_resolution,hrf,2,cfloss,continued,tortuosity,pvbm,71,0.0062787696728688735,,,,,,0.04837051177593982,-0.08948684868128817,0.20747924327544748,runs/pivot/e4/maples/e4mp_hrf_s2_cfloss/bio.csv,results/pivot/e4_gt_maplesdr_preannot.csv,1.4826*MAD of MAPLES-DR's own 162-image network PRE-ANNOTATION-mask biomarkers (results/pivot/e4_gt_maplesdr_preannot.csv); no Gate A train scale exists for this set
preannot,delta,higher_resolution,hrf,2,cfloss,baseline,tortuosity,pvbm,71,0.0062787696728688735,,,,,,0.018601731783364384,-0.10349662267922773,0.15989829544814832,runs/pivot/e4/maples/e4mp_hrf_s2_cfloss/bio.csv,results/pivot/e4_gt_maplesdr_preannot.csv,1.4826*MAD of MAPLES-DR's own 162-image network PRE-ANNOTATION-mask biomarkers (results/pivot/e4_gt_maplesdr_preannot.csv); no Gate A train scale exists for this set
preannot,delta,higher_resolution,hrf,2,reliseg,continued,tortuosity,skan,71,0.009258289494123093,,,,,,0.03648292249942592,-0.056960926605360965,0.12998893898022845,runs/pivot/e4/maples/e4mp_hrf_s2_reliseg/bio.csv,results/pivot/e4_gt_maplesdr_preannot.csv,1.4826*MAD of MAPLES-DR's own 162-image network PRE-ANNOTATION-mask biomarkers (results/pivot/e4_gt_maplesdr_preannot.csv); no Gate A train scale exists for this set
preannot,delta,higher_resolution,hrf,2,reliseg,baseline,tortuosity,skan,71,0.009258289494123093,,,,,,0.07014652716923928,-0.08942243693490957,0.2233036756297852,runs/pivot/e4/maples/e4mp_hrf_s2_reliseg/bio.csv,results/pivot/e4_gt_maplesdr_preannot.csv,1.4826*MAD of MAPLES-DR's own 162-image network PRE-ANNOTATION-mask biomarkers (results/pivot/e4_gt_maplesdr_preannot.csv); no Gate A train scale exists for this set
preannot,delta,higher_resolution,hrf,2,cfloss,continued,tortuosity,skan,71,0.009258289494123093,,,,,,-0.06885258291899701,-0.1305168166414637,0.03096109907874392,runs/pivot/e4/maples/e4mp_hrf_s2_cfloss/bio.csv,results/pivot/e4_gt_maplesdr_preannot.csv,1.4826*MAD of MAPLES-DR's own 162-image network PRE-ANNOTATION-mask biomarkers (results/pivot/e4_gt_maplesdr_preannot.csv); no Gate A train scale exists for this set
preannot,delta,higher_resolution,hrf,2,cfloss,baseline,tortuosity,skan,71,0.009258289494123093,,,,,,-0.035188978249183656,-0.11054640046302823,0.029034091386116526,runs/pivot/e4/maples/e4mp_hrf_s2_cfloss/bio.csv,results/pivot/e4_gt_maplesdr_preannot.csv,1.4826*MAD of MAPLES-DR's own 162-image network PRE-ANNOTATION-mask biomarkers (results/pivot/e4_gt_maplesdr_preannot.csv); no Gate A train scale exists for this set
preannot,delta,higher_resolution,hrf,2,reliseg,continued,density,pvbm,71,0.019181209714760065,,,,,,-0.04581504717426799,-0.0745466262727858,-0.018704874341598662,runs/pivot/e4/maples/e4mp_hrf_s2_reliseg/bio.csv,results/pivot/e4_gt_maplesdr_preannot.csv,1.4826*MAD of MAPLES-DR's own 162-image network PRE-ANNOTATION-mask biomarkers (results/pivot/e4_gt_maplesdr_preannot.csv); no Gate A train scale exists for this set
preannot,delta,higher_resolution,hrf,2,reliseg,baseline,density,pvbm,71,0.019181209714760065,,,,,,-0.005952189481023551,-0.05848636432629344,0.04153903647649284,runs/pivot/e4/maples/e4mp_hrf_s2_reliseg/bio.csv,results/pivot/e4_gt_maplesdr_preannot.csv,1.4826*MAD of MAPLES-DR's own 162-image network PRE-ANNOTATION-mask biomarkers (results/pivot/e4_gt_maplesdr_preannot.csv); no Gate A train scale exists for this set
preannot,delta,higher_resolution,hrf,2,cfloss,continued,density,pvbm,71,0.019181209714760065,,,,,,-0.05466866778633239,-0.07851696112096891,-0.027564952215907518,runs/pivot/e4/maples/e4mp_hrf_s2_cfloss/bio.csv,results/pivot/e4_gt_maplesdr_preannot.csv,1.4826*MAD of MAPLES-DR's own 162-image network PRE-ANNOTATION-mask biomarkers (results/pivot/e4_gt_maplesdr_preannot.csv); no Gate A train scale exists for this set
preannot,delta,higher_resolution,hrf,2,cfloss,baseline,density,pvbm,71,0.019181209714760065,,,,,,-0.014805810093087957,-0.044260129161546306,0.016535210025170725,runs/pivot/e4/maples/e4mp_hrf_s2_cfloss/bio.csv,results/pivot/e4_gt_maplesdr_preannot.csv,1.4826*MAD of MAPLES-DR's own 162-image network PRE-ANNOTATION-mask biomarkers (results/pivot/e4_gt_maplesdr_preannot.csv); no Gate A train scale exists for this set
preannot,delta,higher_resolution,hrf,2,reliseg,continued,density,skan,71,0.019181209714760065,,,,,,-0.04581504717426799,-0.0745466262727858,-0.018704874341598662,runs/pivot/e4/maples/e4mp_hrf_s2_reliseg/bio.csv,results/pivot/e4_gt_maplesdr_preannot.csv,1.4826*MAD of MAPLES-DR's own 162-image network PRE-ANNOTATION-mask biomarkers (results/pivot/e4_gt_maplesdr_preannot.csv); no Gate A train scale exists for this set
preannot,delta,higher_resolution,hrf,2,reliseg,baseline,density,skan,71,0.019181209714760065,,,,,,-0.005952189481023551,-0.05848636432629344,0.04153903647649284,runs/pivot/e4/maples/e4mp_hrf_s2_reliseg/bio.csv,results/pivot/e4_gt_maplesdr_preannot.csv,1.4826*MAD of MAPLES-DR's own 162-image network PRE-ANNOTATION-mask biomarkers (results/pivot/e4_gt_maplesdr_preannot.csv); no Gate A train scale exists for this set
preannot,delta,higher_resolution,hrf,2,cfloss,continued,density,skan,71,0.019181209714760065,,,,,,-0.05466866778633239,-0.07851696112096891,-0.027564952215907518,runs/pivot/e4/maples/e4mp_hrf_s2_cfloss/bio.csv,results/pivot/e4_gt_maplesdr_preannot.csv,1.4826*MAD of MAPLES-DR's own 162-image network PRE-ANNOTATION-mask biomarkers (results/pivot/e4_gt_maplesdr_preannot.csv); no Gate A train scale exists for this set
preannot,delta,higher_resolution,hrf,2,cfloss,baseline,density,skan,71,0.019181209714760065,,,,,,-0.014805810093087957,-0.044260129161546306,0.016535210025170725,runs/pivot/e4/maples/e4mp_hrf_s2_cfloss/bio.csv,results/pivot/e4_gt_maplesdr_preannot.csv,1.4826*MAD of MAPLES-DR's own 162-image network PRE-ANNOTATION-mask biomarkers (results/pivot/e4_gt_maplesdr_preannot.csv); no Gate A train scale exists for this set
preannot,delta,higher_resolution,hrf,2,reliseg,continued,total_length,pvbm,71,3742.5705005907253,,,,,,-0.033022095176926836,-0.08952246552310772,0.011240262585742351,runs/pivot/e4/maples/e4mp_hrf_s2_reliseg/bio.csv,results/pivot/e4_gt_maplesdr_preannot.csv,1.4826*MAD of MAPLES-DR's own 162-image network PRE-ANNOTATION-mask biomarkers (results/pivot/e4_gt_maplesdr_preannot.csv); no Gate A train scale exists for this set
preannot,delta,higher_resolution,hrf,2,reliseg,baseline,total_length,pvbm,71,3742.5705005907253,,,,,,-0.02309700212265159,-0.08247459825847546,0.029659076716687882,runs/pivot/e4/maples/e4mp_hrf_s2_reliseg/bio.csv,results/pivot/e4_gt_maplesdr_preannot.csv,1.4826*MAD of MAPLES-DR's own 162-image network PRE-ANNOTATION-mask biomarkers (results/pivot/e4_gt_maplesdr_preannot.csv); no Gate A train scale exists for this set
preannot,delta,higher_resolution,hrf,2,cfloss,continued,total_length,pvbm,71,3742.5705005907253,,,,,,-0.06240504337758354,-0.08477600031883682,-0.036895445200354676,runs/pivot/e4/maples/e4mp_hrf_s2_cfloss/bio.csv,results/pivot/e4_gt_maplesdr_preannot.csv,1.4826*MAD of MAPLES-DR's own 162-image network PRE-ANNOTATION-mask biomarkers (results/pivot/e4_gt_maplesdr_preannot.csv); no Gate A train scale exists for this set
preannot,delta,higher_resolution,hrf,2,cfloss,baseline,total_length,pvbm,71,3742.5705005907253,,,,,,-0.052479950323308294,-0.09268751353274837,-0.007839769110416629,runs/pivot/e4/maples/e4mp_hrf_s2_cfloss/bio.csv,results/pivot/e4_gt_maplesdr_preannot.csv,1.4826*MAD of MAPLES-DR's own 162-image network PRE-ANNOTATION-mask biomarkers (results/pivot/e4_gt_maplesdr_preannot.csv); no Gate A train scale exists for this set
preannot,delta,higher_resolution,hrf,2,reliseg,continued,total_length,skan,71,3130.1513354528465,,,,,,-0.01624947830596446,-0.07430529309823557,0.02525819114938889,runs/pivot/e4/maples/e4mp_hrf_s2_reliseg/bio.csv,results/pivot/e4_gt_maplesdr_preannot.csv,1.4826*MAD of MAPLES-DR's own 162-image network PRE-ANNOTATION-mask biomarkers (results/pivot/e4_gt_maplesdr_preannot.csv); no Gate A train scale exists for this set
preannot,delta,higher_resolution,hrf,2,reliseg,baseline,total_length,skan,71,3130.1513354528465,,,,,,0.03810878583143218,-0.036391402324915265,0.10077742292693428,runs/pivot/e4/maples/e4mp_hrf_s2_reliseg/bio.csv,results/pivot/e4_gt_maplesdr_preannot.csv,1.4826*MAD of MAPLES-DR's own 162-image network PRE-ANNOTATION-mask biomarkers (results/pivot/e4_gt_maplesdr_preannot.csv); no Gate A train scale exists for this set
preannot,delta,higher_resolution,hrf,2,cfloss,continued,total_length,skan,71,3130.1513354528465,,,,,,-0.0680114486043304,-0.09753616803129875,-0.03783982672352627,runs/pivot/e4/maples/e4mp_hrf_s2_cfloss/bio.csv,results/pivot/e4_gt_maplesdr_preannot.csv,1.4826*MAD of MAPLES-DR's own 162-image network PRE-ANNOTATION-mask biomarkers (results/pivot/e4_gt_maplesdr_preannot.csv); no Gate A train scale exists for this set
preannot,delta,higher_resolution,hrf,2,cfloss,baseline,total_length,skan,71,3130.1513354528465,,,,,,-0.013653184466933754,-0.055536362850491926,0.031204759612844968,runs/pivot/e4/maples/e4mp_hrf_s2_cfloss/bio.csv,results/pivot/e4_gt_maplesdr_preannot.csv,1.4826*MAD of MAPLES-DR's own 162-image network PRE-ANNOTATION-mask biomarkers (results/pivot/e4_gt_maplesdr_preannot.csv); no Gate A train scale exists for this set
preannot,fidelity,lower_resolution,fives,0,baseline,,FD,pvbm,91,0.05863112950581929,0.8280047860728572,0.7994425863991081,0.1175913595852347,0.5852298291735968,0.40856696871646064,,,,runs/pivot/e4/maples/e4mp_fives_s0_baseline/bio.csv,results/pivot/e4_gt_maplesdr_preannot.csv,1.4826*MAD of MAPLES-DR's own 162-image network PRE-ANNOTATION-mask biomarkers (results/pivot/e4_gt_maplesdr_preannot.csv); no Gate A train scale exists for this set
preannot,fidelity,lower_resolution,fives,0,baseline,,FD,skan,91,0.04989361650504784,0.7956012827115937,0.6921962095875139,0.0039047496943794627,0.7395167105662445,0.5679771624593702,,,,runs/pivot/e4/maples/e4mp_fives_s0_baseline/bio.csv,results/pivot/e4_gt_maplesdr_preannot.csv,1.4826*MAD of MAPLES-DR's own 162-image network PRE-ANNOTATION-mask biomarkers (results/pivot/e4_gt_maplesdr_preannot.csv); no Gate A train scale exists for this set
preannot,fidelity,lower_resolution,fives,0,baseline,,tortuosity,pvbm,91,0.0062787696728688735,0.6116715665423387,0.5852467958590578,-0.7580844633781034,0.9184375626088348,0.9688544431402281,,,,runs/pivot/e4/maples/e4mp_fives_s0_baseline/bio.csv,results/pivot/e4_gt_maplesdr_preannot.csv,1.4826*MAD of MAPLES-DR's own 162-image network PRE-ANNOTATION-mask biomarkers (results/pivot/e4_gt_maplesdr_preannot.csv); no Gate A train scale exists for this set
preannot,fidelity,lower_resolution,fives,0,baseline,,tortuosity,skan,91,0.009258289494123093,0.5344954065149281,0.6787386526516962,-0.18420211695682237,1.5391346055267396,0.8251174760393682,,,,runs/pivot/e4/maples/e4mp_fives_s0_baseline/bio.csv,results/pivot/e4_gt_maplesdr_preannot.csv,1.4826*MAD of MAPLES-DR's own 162-image network PRE-ANNOTATION-mask biomarkers (results/pivot/e4_gt_maplesdr_preannot.csv); no Gate A train scale exists for this set
preannot,fidelity,lower_resolution,fives,0,baseline,,density,pvbm,91,0.019181209714760065,0.8294063641344023,0.8055741360089187,0.38285768150340727,0.7593668161506912,0.5875708711468509,,,,runs/pivot/e4/maples/e4mp_fives_s0_baseline/bio.csv,results/pivot/e4_gt_maplesdr_preannot.csv,1.4826*MAD of MAPLES-DR's own 162-image network PRE-ANNOTATION-mask biomarkers (results/pivot/e4_gt_maplesdr_preannot.csv); no Gate A train scale exists for this set
preannot,fidelity,lower_resolution,fives,0,baseline,,density,skan,91,0.019181209714760065,0.8294063641344023,0.8055741360089187,0.38285768150340727,0.7593668161506912,0.5875708711468509,,,,runs/pivot/e4/maples/e4mp_fives_s0_baseline/bio.csv,results/pivot/e4_gt_maplesdr_preannot.csv,1.4826*MAD of MAPLES-DR's own 162-image network PRE-ANNOTATION-mask biomarkers (results/pivot/e4_gt_maplesdr_preannot.csv); no Gate A train scale exists for this set
preannot,fidelity,lower_resolution,fives,0,baseline,,total_length,pvbm,91,3742.5705005907253,0.6940014787010299,0.6790253225035834,0.20749526201122528,0.6406737516981729,0.48163729468096733,,,,runs/pivot/e4/maples/e4mp_fives_s0_baseline/bio.csv,results/pivot/e4_gt_maplesdr_preannot.csv,1.4826*MAD of MAPLES-DR's own 162-image network PRE-ANNOTATION-mask biomarkers (results/pivot/e4_gt_maplesdr_preannot.csv); no Gate A train scale exists for this set
preannot,fidelity,lower_resolution,fives,0,baseline,,total_length,skan,91,3130.1513354528465,0.8255771625368198,0.7588788023570633,-0.004877285608899092,0.6049461052069051,0.48838197472327366,,,,runs/pivot/e4/maples/e4mp_fives_s0_baseline/bio.csv,results/pivot/e4_gt_maplesdr_preannot.csv,1.4826*MAD of MAPLES-DR's own 162-image network PRE-ANNOTATION-mask biomarkers (results/pivot/e4_gt_maplesdr_preannot.csv); no Gate A train scale exists for this set
preannot,fidelity,lower_resolution,fives,0,cfloss,,FD,pvbm,91,0.05863112950581929,0.8229011380008313,0.7894409937888199,0.12053691846940201,0.5799926086707475,0.40505426612364953,,,,runs/pivot/e4/maples/e4mp_fives_s0_cfloss/bio.csv,results/pivot/e4_gt_maplesdr_preannot.csv,1.4826*MAD of MAPLES-DR's own 162-image network PRE-ANNOTATION-mask biomarkers (results/pivot/e4_gt_maplesdr_preannot.csv); no Gate A train scale exists for this set
preannot,fidelity,lower_resolution,fives,0,cfloss,,FD,skan,91,0.04989361650504784,0.7950769736937422,0.6960662525879918,0.011081791765202714,0.7371260313664602,0.5717114661215708,,,,runs/pivot/e4/maples/e4mp_fives_s0_cfloss/bio.csv,results/pivot/e4_gt_maplesdr_preannot.csv,1.4826*MAD of MAPLES-DR's own 162-image network PRE-ANNOTATION-mask biomarkers (results/pivot/e4_gt_maplesdr_preannot.csv); no Gate A train scale exists for this set
preannot,fidelity,lower_resolution,fives,0,cfloss,,tortuosity,pvbm,91,0.0062787696728688735,0.6408464433851264,0.6175211718522106,-0.7437291078107999,0.8833858753403644,0.9212889652478515,,,,runs/pivot/e4/maples/e4mp_fives_s0_cfloss/bio.csv,results/pivot/e4_gt_maplesdr_preannot.csv,1.4826*MAD of MAPLES-DR's own 162-image network PRE-ANNOTATION-mask biomarkers (results/pivot/e4_gt_maplesdr_preannot.csv); no Gate A train scale exists for this set
preannot,fidelity,lower_resolution,fives,0,cfloss,,tortuosity,skan,91,0.009258289494123093,0.5395033876077121,0.690157668418538,-0.1302469205721727,1.5290909875219199,0.7968522220827323,,,,runs/pivot/e4/maples/e4mp_fives_s0_cfloss/bio.csv,results/pivot/e4_gt_maplesdr_preannot.csv,1.4826*MAD of MAPLES-DR's own 162-image network PRE-ANNOTATION-mask biomarkers (results/pivot/e4_gt_maplesdr_preannot.csv); no Gate A train scale exists for this set
preannot,fidelity,lower_resolution,fives,0,cfloss,,density,pvbm,91,0.019181209714760065,0.8319390866469162,0.8061156235069278,0.3112726176906217,0.7578152372388021,0.5666747155027014,,,,runs/pivot/e4/maples/e4mp_fives_s0_cfloss/bio.csv,results/pivot/e4_gt_maplesdr_preannot.csv,1.4826*MAD of MAPLES-DR's own 162-image network PRE-ANNOTATION-mask biomarkers (results/pivot/e4_gt_maplesdr_preannot.csv); no Gate A train scale exists for this set
preannot,fidelity,lower_resolution,fives,0,cfloss,,density,skan,91,0.019181209714760065,0.8319390866469162,0.8061156235069278,0.3112726176906217,0.7578152372388021,0.5666747155027014,,,,runs/pivot/e4/maples/e4mp_fives_s0_cfloss/bio.csv,results/pivot/e4_gt_maplesdr_preannot.csv,1.4826*MAD of MAPLES-DR's own 162-image network PRE-ANNOTATION-mask biomarkers (results/pivot/e4_gt_maplesdr_preannot.csv); no Gate A train scale exists for this set
preannot,fidelity,lower_resolution,fives,0,cfloss,,total_length,pvbm,91,3742.5705005907253,0.6846925012046862,0.6522216913521262,0.22203485356180683,0.6419513467976768,0.47960927537578907,,,,runs/pivot/e4/maples/e4mp_fives_s0_cfloss/bio.csv,results/pivot/e4_gt_maplesdr_preannot.csv,1.4826*MAD of MAPLES-DR's own 162-image network PRE-ANNOTATION-mask biomarkers (results/pivot/e4_gt_maplesdr_preannot.csv); no Gate A train scale exists for this set
preannot,fidelity,lower_resolution,fives,0,cfloss,,total_length,skan,91,3130.1513354528465,0.8221811586783457,0.7510272336359294,0.008842534868944195,0.6007843654975554,0.4825775314163949,,,,runs/pivot/e4/maples/e4mp_fives_s0_cfloss/bio.csv,results/pivot/e4_gt_maplesdr_preannot.csv,1.4826*MAD of MAPLES-DR's own 162-image network PRE-ANNOTATION-mask biomarkers (results/pivot/e4_gt_maplesdr_preannot.csv); no Gate A train scale exists for this set
preannot,fidelity,lower_resolution,fives,0,continued,,FD,pvbm,91,0.05863112950581929,0.8229224218966427,0.7899984073897117,0.15479680043732685,0.5840693550287114,0.40376103178977824,,,,runs/pivot/e4/maples/e4mp_fives_s0_continued/bio.csv,results/pivot/e4_gt_maplesdr_preannot.csv,1.4826*MAD of MAPLES-DR's own 162-image network PRE-ANNOTATION-mask biomarkers (results/pivot/e4_gt_maplesdr_preannot.csv); no Gate A train scale exists for this set
preannot,fidelity,lower_resolution,fives,0,continued,,FD,skan,91,0.04989361650504784,0.7868312227287454,0.6711896798853322,0.03654940818512068,0.7407955647321701,0.5690163731196952,,,,runs/pivot/e4/maples/e4mp_fives_s0_continued/bio.csv,results/pivot/e4_gt_maplesdr_preannot.csv,1.4826*MAD of MAPLES-DR's own 162-image network PRE-ANNOTATION-mask biomarkers (results/pivot/e4_gt_maplesdr_preannot.csv); no Gate A train scale exists for this set
preannot,fidelity,lower_resolution,fives,0,continued,,tortuosity,pvbm,91,0.0062787696728688735,0.5713636205746314,0.5720223922789638,-0.7047399367442504,0.9744857992223774,0.9451410608679853,,,,runs/pivot/e4/maples/e4mp_fives_s0_continued/bio.csv,results/pivot/e4_gt_maplesdr_preannot.csv,1.4826*MAD of MAPLES-DR's own 162-image network PRE-ANNOTATION-mask biomarkers (results/pivot/e4_gt_maplesdr_preannot.csv); no Gate A train scale exists for this set
preannot,fidelity,lower_resolution,fives,0,continued,,tortuosity,skan,91,0.009258289494123093,0.5484172198365774,0.6492753623188406,-0.20473770977436595,1.5198283538507882,0.8399692413806125,,,,runs/pivot/e4/maples/e4mp_fives_s0_continued/bio.csv,results/pivot/e4_gt_maplesdr_preannot.csv,1.4826*MAD of MAPLES-DR's own 162-image network PRE-ANNOTATION-mask biomarkers (results/pivot/e4_gt_maplesdr_preannot.csv); no Gate A train scale exists for this set
preannot,fidelity,lower_resolution,fives,0,continued,,density,pvbm,91,0.019181209714760065,0.8269324700694868,0.7994585125019908,0.4942590716305823,0.7553776740567777,0.6350693006806509,,,,runs/pivot/e4/maples/e4mp_fives_s0_continued/bio.csv,results/pivot/e4_gt_maplesdr_preannot.csv,1.4826*MAD of MAPLES-DR's own 162-image network PRE-ANNOTATION-mask biomarkers (results/pivot/e4_gt_maplesdr_preannot.csv); no Gate A train scale exists for this set
preannot,fidelity,lower_resolution,fives,0,continued,,density,skan,91,0.019181209714760065,0.8269324700694868,0.7994585125019908,0.4942590716305823,0.7553776740567777,0.6350693006806509,,,,runs/pivot/e4/maples/e4mp_fives_s0_continued/bio.csv,results/pivot/e4_gt_maplesdr_preannot.csv,1.4826*MAD of MAPLES-DR's own 162-image network PRE-ANNOTATION-mask biomarkers (results/pivot/e4_gt_maplesdr_preannot.csv); no Gate A train scale exists for this set
preannot,fidelity,lower_resolution,fives,0,continued,,total_length,pvbm,91,3742.5705005907253,0.6877167407149488,0.658337314859054,0.24403628070743702,0.6399960446048335,0.47527627515005366,,,,runs/pivot/e4/maples/e4mp_fives_s0_continued/bio.csv,results/pivot/e4_gt_maplesdr_preannot.csv,1.4826*MAD of MAPLES-DR's own 162-image network PRE-ANNOTATION-mask biomarkers (results/pivot/e4_gt_maplesdr_preannot.csv); no Gate A train scale exists for this set
preannot,fidelity,lower_resolution,fives,0,continued,,total_length,skan,91,3130.1513354528465,0.8179091775640215,0.7422360248447205,0.027804235393713198,0.6033654150905015,0.48255453179622715,,,,runs/pivot/e4/maples/e4mp_fives_s0_continued/bio.csv,results/pivot/e4_gt_maplesdr_preannot.csv,1.4826*MAD of MAPLES-DR's own 162-image network PRE-ANNOTATION-mask biomarkers (results/pivot/e4_gt_maplesdr_preannot.csv); no Gate A train scale exists for this set
preannot,fidelity,lower_resolution,fives,0,reliseg,,FD,pvbm,91,0.05863112950581929,0.8169372478215933,0.7828475871954134,0.21703233648420198,0.594546267437594,0.41165458301618457,,,,runs/pivot/e4/maples/e4mp_fives_s0_reliseg/bio.csv,results/pivot/e4_gt_maplesdr_preannot.csv,1.4826*MAD of MAPLES-DR's own 162-image network PRE-ANNOTATION-mask biomarkers (results/pivot/e4_gt_maplesdr_preannot.csv); no Gate A train scale exists for this set
preannot,fidelity,lower_resolution,fives,0,reliseg,,FD,skan,91,0.04989361650504784,0.7837874281166278,0.6797738493390668,0.13356878546441428,0.7456293240978648,0.5568696693388316,,,,runs/pivot/e4/maples/e4mp_fives_s0_reliseg/bio.csv,results/pivot/e4_gt_maplesdr_preannot.csv,1.4826*MAD of MAPLES-DR's own 162-image network PRE-ANNOTATION-mask biomarkers (results/pivot/e4_gt_maplesdr_preannot.csv); no Gate A train scale exists for this set
preannot,fidelity,lower_resolution,fives,0,reliseg,,tortuosity,pvbm,91,0.0062787696728688735,0.5656467254811324,0.5435998710023617,-0.22190616260054075,1.027050274048408,0.8333849134995606,,,,runs/pivot/e4/maples/e4mp_fives_s0_reliseg/bio.csv,results/pivot/e4_gt_maplesdr_preannot.csv,1.4826*MAD of MAPLES-DR's own 162-image network PRE-ANNOTATION-mask biomarkers (results/pivot/e4_gt_maplesdr_preannot.csv); no Gate A train scale exists for this set
preannot,fidelity,lower_resolution,fives,0,reliseg,,tortuosity,skan,91,0.009258289494123093,0.5644077477216961,0.660758082497213,-0.13736910117243778,1.511312010288746,0.8464040292727616,,,,runs/pivot/e4/maples/e4mp_fives_s0_reliseg/bio.csv,results/pivot/e4_gt_maplesdr_preannot.csv,1.4826*MAD of MAPLES-DR's own 162-image network PRE-ANNOTATION-mask biomarkers (results/pivot/e4_gt_maplesdr_preannot.csv); no Gate A train scale exists for this set
preannot,fidelity,lower_resolution,fives,0,reliseg,,density,pvbm,91,0.019181209714760065,0.8202418134864322,0.7938843764930722,0.5583314695303585,0.7615746233576051,0.6712402321297268,,,,runs/pivot/e4/maples/e4mp_fives_s0_reliseg/bio.csv,results/pivot/e4_gt_maplesdr_preannot.csv,1.4826*MAD of MAPLES-DR's own 162-image network PRE-ANNOTATION-mask biomarkers (results/pivot/e4_gt_maplesdr_preannot.csv); no Gate A train scale exists for this set
preannot,fidelity,lower_resolution,fives,0,reliseg,,density,skan,91,0.019181209714760065,0.8202418134864322,0.7938843764930722,0.5583314695303585,0.7615746233576051,0.6712402321297268,,,,runs/pivot/e4/maples/e4mp_fives_s0_reliseg/bio.csv,results/pivot/e4_gt_maplesdr_preannot.csv,1.4826*MAD of MAPLES-DR's own 162-image network PRE-ANNOTATION-mask biomarkers (results/pivot/e4_gt_maplesdr_preannot.csv); no Gate A train scale exists for this set
preannot,fidelity,lower_resolution,fives,0,reliseg,,total_length,pvbm,91,3742.5705005907253,0.6813714235912679,0.65303392259914,0.30173219859405936,0.6441403503864079,0.4789091845229513,,,,runs/pivot/e4/maples/e4mp_fives_s0_reliseg/bio.csv,results/pivot/e4_gt_maplesdr_preannot.csv,1.4826*MAD of MAPLES-DR's own 162-image network PRE-ANNOTATION-mask biomarkers (results/pivot/e4_gt_maplesdr_preannot.csv); no Gate A train scale exists for this set
preannot,fidelity,lower_resolution,fives,0,reliseg,,total_length,skan,91,3130.1513354528465,0.8048726234141456,0.7363274406752668,0.13579692753765643,0.6101556337445634,0.4791542764526318,,,,runs/pivot/e4/maples/e4mp_fives_s0_reliseg/bio.csv,results/pivot/e4_gt_maplesdr_preannot.csv,1.4826*MAD of MAPLES-DR's own 162-image network PRE-ANNOTATION-mask biomarkers (results/pivot/e4_gt_maplesdr_preannot.csv); no Gate A train scale exists for this set
preannot,fidelity,lower_resolution,fives,1,baseline,,FD,pvbm,91,0.05863112950581929,0.8304456915430857,0.794186972447842,0.2355604626279547,0.579287966064071,0.40442256400436094,,,,runs/pivot/e4/maples/e4mp_fives_s1_baseline/bio.csv,results/pivot/e4_gt_maplesdr_preannot.csv,1.4826*MAD of MAPLES-DR's own 162-image network PRE-ANNOTATION-mask biomarkers (results/pivot/e4_gt_maplesdr_preannot.csv); no Gate A train scale exists for this set
preannot,fidelity,lower_resolution,fives,1,baseline,,FD,skan,91,0.04989361650504784,0.8014826636916917,0.693422519509476,0.13846435593384582,0.7329664448932763,0.5472431241812964,,,,runs/pivot/e4/maples/e4mp_fives_s1_baseline/bio.csv,results/pivot/e4_gt_maplesdr_preannot.csv,1.4826*MAD of MAPLES-DR's own 162-image network PRE-ANNOTATION-mask biomarkers (results/pivot/e4_gt_maplesdr_preannot.csv); no Gate A train scale exists for this set
preannot,fidelity,lower_resolution,fives,1,baseline,,tortuosity,pvbm,91,0.0062787696728688735,0.6051020214853696,0.563396095704799,-0.7766184035189942,0.9355777614636654,0.9793619068557334,,,,runs/pivot/e4/maples/e4mp_fives_s1_baseline/bio.csv,results/pivot/e4_gt_maplesdr_preannot.csv,1.4826*MAD of MAPLES-DR's own 162-image network PRE-ANNOTATION-mask biomarkers (results/pivot/e4_gt_maplesdr_preannot.csv); no Gate A train scale exists for this set
preannot,fidelity,lower_resolution,fives,1,baseline,,tortuosity,skan,91,0.009258289494123093,0.4824521595939927,0.6780856824335085,0.0061220122733553865,1.7812400933229555,0.9321778540339916,,,,runs/pivot/e4/maples/e4mp_fives_s1_baseline/bio.csv,results/pivot/e4_gt_maplesdr_preannot.csv,1.4826*MAD of MAPLES-DR's own 162-image network PRE-ANNOTATION-mask biomarkers (results/pivot/e4_gt_maplesdr_preannot.csv); no Gate A train scale exists for this set
preannot,fidelity,lower_resolution,fives,1,baseline,,density,pvbm,91,0.019181209714760065,0.8454136253916296,0.7983118330944418,0.4683611744337297,0.7296454911248906,0.614528338670667,,,,runs/pivot/e4/maples/e4mp_fives_s1_baseline/bio.csv,results/pivot/e4_gt_maplesdr_preannot.csv,1.4826*MAD of MAPLES-DR's own 162-image network PRE-ANNOTATION-mask biomarkers (results/pivot/e4_gt_maplesdr_preannot.csv); no Gate A train scale exists for this set
preannot,fidelity,lower_resolution,fives,1,baseline,,density,skan,91,0.019181209714760065,0.8454136253916296,0.7983118330944418,0.4683611744337297,0.7296454911248906,0.614528338670667,,,,runs/pivot/e4/maples/e4mp_fives_s1_baseline/bio.csv,results/pivot/e4_gt_maplesdr_preannot.csv,1.4826*MAD of MAPLES-DR's own 162-image network PRE-ANNOTATION-mask biomarkers (results/pivot/e4_gt_maplesdr_preannot.csv); no Gate A train scale exists for this set
preannot,fidelity,lower_resolution,fives,1,baseline,,total_length,pvbm,91,3742.5705005907253,0.714450523003233,0.6858098423315816,0.29743005048821375,0.6271148347235976,0.46569017091501336,,,,runs/pivot/e4/maples/e4mp_fives_s1_baseline/bio.csv,results/pivot/e4_gt_maplesdr_preannot.csv,1.4826*MAD of MAPLES-DR's own 162-image network PRE-ANNOTATION-mask biomarkers (results/pivot/e4_gt_maplesdr_preannot.csv); no Gate A train scale exists for this set
preannot,fidelity,lower_resolution,fives,1,baseline,,total_length,skan,91,3130.1513354528465,0.8303050272200101,0.7598184424271381,0.1324234785954943,0.5884682573838099,0.46495375779830866,,,,runs/pivot/e4/maples/e4mp_fives_s1_baseline/bio.csv,results/pivot/e4_gt_maplesdr_preannot.csv,1.4826*MAD of MAPLES-DR's own 162-image network PRE-ANNOTATION-mask biomarkers (results/pivot/e4_gt_maplesdr_preannot.csv); no Gate A train scale exists for this set
preannot,fidelity,lower_resolution,fives,1,cfloss,,FD,pvbm,91,0.05863112950581929,0.8311260049541418,0.7965121834687052,0.24861302786126005,0.5757229463520596,0.40377348316586925,,,,runs/pivot/e4/maples/e4mp_fives_s1_cfloss/bio.csv,results/pivot/e4_gt_maplesdr_preannot.csv,1.4826*MAD of MAPLES-DR's own 162-image network PRE-ANNOTATION-mask biomarkers (results/pivot/e4_gt_maplesdr_preannot.csv); no Gate A train scale exists for this set
preannot,fidelity,lower_resolution,fives,1,cfloss,,FD,skan,91,0.04989361650504784,0.8098300625724224,0.7095556617295747,0.1746327902355205,0.7194747328357202,0.5356593064463646,,,,runs/pivot/e4/maples/e4mp_fives_s1_cfloss/bio.csv,results/pivot/e4_gt_maplesdr_preannot.csv,1.4826*MAD of MAPLES-DR's own 162-image network PRE-ANNOTATION-mask biomarkers (results/pivot/e4_gt_maplesdr_preannot.csv); no Gate A train scale exists for this set
preannot,fidelity,lower_resolution,fives,1,cfloss,,tortuosity,pvbm,91,0.0062787696728688735,0.5706520846262813,0.5601414249197716,-0.7247540963851883,0.9656881590492566,0.9768376669207964,,,,runs/pivot/e4/maples/e4mp_fives_s1_cfloss/bio.csv,results/pivot/e4_gt_maplesdr_preannot.csv,1.4826*MAD of MAPLES-DR's own 162-image network PRE-ANNOTATION-mask biomarkers (results/pivot/e4_gt_maplesdr_preannot.csv); no Gate A train scale exists for this set
preannot,fidelity,lower_resolution,fives,1,cfloss,,tortuosity,skan,91,0.009258289494123093,0.4826954146965693,0.7191431756649148,-0.09604204827121232,1.687690657482539,0.8424923056848311,,,,runs/pivot/e4/maples/e4mp_fives_s1_cfloss/bio.csv,results/pivot/e4_gt_maplesdr_preannot.csv,1.4826*MAD of MAPLES-DR's own 162-image network PRE-ANNOTATION-mask biomarkers (results/pivot/e4_gt_maplesdr_preannot.csv); no Gate A train scale exists for this set
preannot,fidelity,lower_resolution,fives,1,cfloss,,density,pvbm,91,0.019181209714760065,0.8476377153940731,0.8020066889632107,0.45266996736422604,0.7253667490026658,0.6059786901904658,,,,runs/pivot/e4/maples/e4mp_fives_s1_cfloss/bio.csv,results/pivot/e4_gt_maplesdr_preannot.csv,1.4826*MAD of MAPLES-DR's own 162-image network PRE-ANNOTATION-mask biomarkers (results/pivot/e4_gt_maplesdr_preannot.csv); no Gate A train scale exists for this set
preannot,fidelity,lower_resolution,fives,1,cfloss,,density,skan,91,0.019181209714760065,0.8476377153940731,0.8020066889632107,0.45266996736422604,0.7253667490026658,0.6059786901904658,,,,runs/pivot/e4/maples/e4mp_fives_s1_cfloss/bio.csv,results/pivot/e4_gt_maplesdr_preannot.csv,1.4826*MAD of MAPLES-DR's own 162-image network PRE-ANNOTATION-mask biomarkers (results/pivot/e4_gt_maplesdr_preannot.csv); no Gate A train scale exists for this set
preannot,fidelity,lower_resolution,fives,1,cfloss,,total_length,pvbm,91,3742.5705005907253,0.7106797020198244,0.6893772893772895,0.3216439106260876,0.6256868165004977,0.4664473786687764,,,,runs/pivot/e4/maples/e4mp_fives_s1_cfloss/bio.csv,results/pivot/e4_gt_maplesdr_preannot.csv,1.4826*MAD of MAPLES-DR's own 162-image network PRE-ANNOTATION-mask biomarkers (results/pivot/e4_gt_maplesdr_preannot.csv); no Gate A train scale exists for this set
preannot,fidelity,lower_resolution,fives,1,cfloss,,total_length,skan,91,3130.1513354528465,0.8332780179038352,0.7717789456919892,0.15463921801405006,0.5821165290317237,0.4576383849849877,,,,runs/pivot/e4/maples/e4mp_fives_s1_cfloss/bio.csv,results/pivot/e4_gt_maplesdr_preannot.csv,1.4826*MAD of MAPLES-DR's own 162-image network PRE-ANNOTATION-mask biomarkers (results/pivot/e4_gt_maplesdr_preannot.csv); no Gate A train scale exists for this set
preannot,fidelity,lower_resolution,fives,1,continued,,FD,pvbm,91,0.05863112950581929,0.8312412350810411,0.7940277114190158,0.26702394323075673,0.5778522910687164,0.4096554686802714,,,,runs/pivot/e4/maples/e4mp_fives_s1_continued/bio.csv,results/pivot/e4_gt_maplesdr_preannot.csv,1.4826*MAD of MAPLES-DR's own 162-image network PRE-ANNOTATION-mask biomarkers (results/pivot/e4_gt_maplesdr_preannot.csv); no Gate A train scale exists for this set
preannot,fidelity,lower_resolution,fives,1,continued,,FD,skan,91,0.04989361650504784,0.7957374302935629,0.6865265169612996,0.1707743300102622,0.7349136620063774,0.5462509181205362,,,,runs/pivot/e4/maples/e4mp_fives_s1_continued/bio.csv,results/pivot/e4_gt_maplesdr_preannot.csv,1.4826*MAD of MAPLES-DR's own 162-image network PRE-ANNOTATION-mask biomarkers (results/pivot/e4_gt_maplesdr_preannot.csv); no Gate A train scale exists for this set
preannot,fidelity,lower_resolution,fives,1,continued,,tortuosity,pvbm,91,0.0062787696728688735,0.5978152446075149,0.5606391195980219,-0.6757749705952418,0.9450480568353743,0.9240175475163921,,,,runs/pivot/e4/maples/e4mp_fives_s1_continued/bio.csv,results/pivot/e4_gt_maplesdr_preannot.csv,1.4826*MAD of MAPLES-DR's own 162-image network PRE-ANNOTATION-mask biomarkers (results/pivot/e4_gt_maplesdr_preannot.csv); no Gate A train scale exists for this set
preannot,fidelity,lower_resolution,fives,1,continued,,tortuosity,skan,91,0.009258289494123093,0.49666630817969204,0.7128842172320433,0.015270651009594217,1.74145333441139,0.8669351611634746,,,,runs/pivot/e4/maples/e4mp_fives_s1_continued/bio.csv,results/pivot/e4_gt_maplesdr_preannot.csv,1.4826*MAD of MAPLES-DR's own 162-image network PRE-ANNOTATION-mask biomarkers (results/pivot/e4_gt_maplesdr_preannot.csv); no Gate A train scale exists for this set
preannot,fidelity,lower_resolution,fives,1,continued,,density,pvbm,91,0.019181209714760065,0.8461533398586102,0.8012103838190794,0.5391661021414237,0.7281039725588629,0.6535808206656124,,,,runs/pivot/e4/maples/e4mp_fives_s1_continued/bio.csv,results/pivot/e4_gt_maplesdr_preannot.csv,1.4826*MAD of MAPLES-DR's own 162-image network PRE-ANNOTATION-mask biomarkers (results/pivot/e4_gt_maplesdr_preannot.csv); no Gate A train scale exists for this set
preannot,fidelity,lower_resolution,fives,1,continued,,density,skan,91,0.019181209714760065,0.8461533398586102,0.8012103838190794,0.5391661021414237,0.7281039725588629,0.6535808206656124,,,,runs/pivot/e4/maples/e4mp_fives_s1_continued/bio.csv,results/pivot/e4_gt_maplesdr_preannot.csv,1.4826*MAD of MAPLES-DR's own 162-image network PRE-ANNOTATION-mask biomarkers (results/pivot/e4_gt_maplesdr_preannot.csv); no Gate A train scale exists for this set
preannot,fidelity,lower_resolution,fives,1,continued,,total_length,pvbm,91,3742.5705005907253,0.7129106717605613,0.6890428412167542,0.3242408170824789,0.6245219779314637,0.4667852378292199,,,,runs/pivot/e4/maples/e4mp_fives_s1_continued/bio.csv,results/pivot/e4_gt_maplesdr_preannot.csv,1.4826*MAD of MAPLES-DR's own 162-image network PRE-ANNOTATION-mask biomarkers (results/pivot/e4_gt_maplesdr_preannot.csv); no Gate A train scale exists for this set
preannot,fidelity,lower_resolution,fives,1,continued,,total_length,skan,91,3130.1513354528465,0.8318626219982715,0.7608854913202738,0.14960778040445338,0.5854477626573119,0.46218992306216206,,,,runs/pivot/e4/maples/e4mp_fives_s1_continued/bio.csv,results/pivot/e4_gt_maplesdr_preannot.csv,1.4826*MAD of MAPLES-DR's own 162-image network PRE-ANNOTATION-mask biomarkers (results/pivot/e4_gt_maplesdr_preannot.csv); no Gate A train scale exists for this set
preannot,fidelity,lower_resolution,fives,1,reliseg,,FD,pvbm,91,0.05863112950581929,0.8218126312271764,0.7864628125497691,0.3190037900726218,0.5927285311539947,0.4249148425664505,,,,runs/pivot/e4/maples/e4mp_fives_s1_reliseg/bio.csv,results/pivot/e4_gt_maplesdr_preannot.csv,1.4826*MAD of MAPLES-DR's own 162-image network PRE-ANNOTATION-mask biomarkers (results/pivot/e4_gt_maplesdr_preannot.csv); no Gate A train scale exists for this set
preannot,fidelity,lower_resolution,fives,1,reliseg,,FD,skan,91,0.04989361650504784,0.775603031450234,0.6583850931677019,0.2667147086736918,0.7544559783158622,0.5554562995920448,,,,runs/pivot/e4/maples/e4mp_fives_s1_reliseg/bio.csv,results/pivot/e4_gt_maplesdr_preannot.csv,1.4826*MAD of MAPLES-DR's own 162-image network PRE-ANNOTATION-mask biomarkers (results/pivot/e4_gt_maplesdr_preannot.csv); no Gate A train scale exists for this set
preannot,fidelity,lower_resolution,fives,1,reliseg,,tortuosity,pvbm,91,0.0062787696728688735,0.5024794208149226,0.4721710151773975,0.24560251413017617,1.146794832809297,0.8786352864984701,,,,runs/pivot/e4/maples/e4mp_fives_s1_reliseg/bio.csv,results/pivot/e4_gt_maplesdr_preannot.csv,1.4826*MAD of MAPLES-DR's own 162-image network PRE-ANNOTATION-mask biomarkers (results/pivot/e4_gt_maplesdr_preannot.csv); no Gate A train scale exists for this set
preannot,fidelity,lower_resolution,fives,1,reliseg,,tortuosity,skan,91,0.009258289494123093,0.4561946540154347,0.7138079311992355,0.05612494526558051,1.8334917359218128,0.9241836371534771,,,,runs/pivot/e4/maples/e4mp_fives_s1_reliseg/bio.csv,results/pivot/e4_gt_maplesdr_preannot.csv,1.4826*MAD of MAPLES-DR's own 162-image network PRE-ANNOTATION-mask biomarkers (results/pivot/e4_gt_maplesdr_preannot.csv); no Gate A train scale exists for this set
preannot,fidelity,lower_resolution,fives,1,reliseg,,density,pvbm,91,0.019181209714760065,0.8392361494081347,0.7997611084567607,0.6089524489661653,0.7400828263192512,0.696603391260239,,,,runs/pivot/e4/maples/e4mp_fives_s1_reliseg/bio.csv,results/pivot/e4_gt_maplesdr_preannot.csv,1.4826*MAD of MAPLES-DR's own 162-image network PRE-ANNOTATION-mask biomarkers (results/pivot/e4_gt_maplesdr_preannot.csv); no Gate A train scale exists for this set
preannot,fidelity,lower_resolution,fives,1,reliseg,,density,skan,91,0.019181209714760065,0.8392361494081347,0.7997611084567607,0.6089524489661653,0.7400828263192512,0.696603391260239,,,,runs/pivot/e4/maples/e4mp_fives_s1_reliseg/bio.csv,results/pivot/e4_gt_maplesdr_preannot.csv,1.4826*MAD of MAPLES-DR's own 162-image network PRE-ANNOTATION-mask biomarkers (results/pivot/e4_gt_maplesdr_preannot.csv); no Gate A train scale exists for this set
preannot,fidelity,lower_resolution,fives,1,reliseg,,total_length,pvbm,91,3742.5705005907253,0.6989826997743601,0.674120082815735,0.38689619493508653,0.63171291854421,0.4868601613511433,,,,runs/pivot/e4/maples/e4mp_fives_s1_reliseg/bio.csv,results/pivot/e4_gt_maplesdr_preannot.csv,1.4826*MAD of MAPLES-DR's own 162-image network PRE-ANNOTATION-mask biomarkers (results/pivot/e4_gt_maplesdr_preannot.csv); no Gate A train scale exists for this set
preannot,fidelity,lower_resolution,fives,1,reliseg,,total_length,skan,91,3130.1513354528465,0.8148170664961107,0.7462653288740246,0.26337378364227426,0.5980065107355598,0.47535304588368804,,,,runs/pivot/e4/maples/e4mp_fives_s1_reliseg/bio.csv,results/pivot/e4_gt_maplesdr_preannot.csv,1.4826*MAD of MAPLES-DR's own 162-image network PRE-ANNOTATION-mask biomarkers (results/pivot/e4_gt_maplesdr_preannot.csv); no Gate A train scale exists for this set
preannot,fidelity,lower_resolution,fives,2,baseline,,FD,pvbm,91,0.05863112950581929,0.8337639656674105,0.8180124223602485,0.08850239384026135,0.5708356333852287,0.39366571247346166,,,,runs/pivot/e4/maples/e4mp_fives_s2_baseline/bio.csv,results/pivot/e4_gt_maplesdr_preannot.csv,1.4826*MAD of MAPLES-DR's own 162-image network PRE-ANNOTATION-mask biomarkers (results/pivot/e4_gt_maplesdr_preannot.csv); no Gate A train scale exists for this set
preannot,fidelity,lower_resolution,fives,2,baseline,,FD,skan,91,0.04989361650504784,0.8035072281855211,0.7003344481605351,-0.0045137403083770145,0.7239436727958909,0.5538648029459489,,,,runs/pivot/e4/maples/e4mp_fives_s2_baseline/bio.csv,results/pivot/e4_gt_maplesdr_preannot.csv,1.4826*MAD of MAPLES-DR's own 162-image network PRE-ANNOTATION-mask biomarkers (results/pivot/e4_gt_maplesdr_preannot.csv); no Gate A train scale exists for this set
preannot,fidelity,lower_resolution,fives,2,baseline,,tortuosity,pvbm,91,0.0062787696728688735,0.6503695099305746,0.6698943697073712,-0.8609453384285483,0.8669452560262538,1.001631696424739,,,,runs/pivot/e4/maples/e4mp_fives_s2_baseline/bio.csv,results/pivot/e4_gt_maplesdr_preannot.csv,1.4826*MAD of MAPLES-DR's own 162-image network PRE-ANNOTATION-mask biomarkers (results/pivot/e4_gt_maplesdr_preannot.csv); no Gate A train scale exists for this set
preannot,fidelity,lower_resolution,fives,2,baseline,,tortuosity,skan,91,0.009258289494123093,0.6172780082416378,0.7266284440197484,-0.2906487323910342,1.4008470550420498,0.7804153857098545,,,,runs/pivot/e4/maples/e4mp_fives_s2_baseline/bio.csv,results/pivot/e4_gt_maplesdr_preannot.csv,1.4826*MAD of MAPLES-DR's own 162-image network PRE-ANNOTATION-mask biomarkers (results/pivot/e4_gt_maplesdr_preannot.csv); no Gate A train scale exists for this set
preannot,fidelity,lower_resolution,fives,2,baseline,,density,pvbm,91,0.019181209714760065,0.8275601369591059,0.7852365026278071,0.33458835315143,0.7462255157895988,0.5708257025602419,,,,runs/pivot/e4/maples/e4mp_fives_s2_baseline/bio.csv,results/pivot/e4_gt_maplesdr_preannot.csv,1.4826*MAD of MAPLES-DR's own 162-image network PRE-ANNOTATION-mask biomarkers (results/pivot/e4_gt_maplesdr_preannot.csv); no Gate A train scale exists for this set
preannot,fidelity,lower_resolution,fives,2,baseline,,density,skan,91,0.019181209714760065,0.8275601369591059,0.7852365026278071,0.33458835315143,0.7462255157895988,0.5708257025602419,,,,runs/pivot/e4/maples/e4mp_fives_s2_baseline/bio.csv,results/pivot/e4_gt_maplesdr_preannot.csv,1.4826*MAD of MAPLES-DR's own 162-image network PRE-ANNOTATION-mask biomarkers (results/pivot/e4_gt_maplesdr_preannot.csv); no Gate A train scale exists for this set
preannot,fidelity,lower_resolution,fives,2,baseline,,total_length,pvbm,91,3742.5705005907253,0.6965606628911599,0.6678451982799809,0.20004714954364267,0.6348138862555953,0.4717667734585199,,,,runs/pivot/e4/maples/e4mp_fives_s2_baseline/bio.csv,results/pivot/e4_gt_maplesdr_preannot.csv,1.4826*MAD of MAPLES-DR's own 162-image network PRE-ANNOTATION-mask biomarkers (results/pivot/e4_gt_maplesdr_preannot.csv); no Gate A train scale exists for this set
preannot,fidelity,lower_resolution,fives,2,baseline,,total_length,skan,91,3130.1513354528465,0.8271671914295606,0.7592928810320114,-0.02376562904131336,0.5899831901700914,0.4776994306923164,,,,runs/pivot/e4/maples/e4mp_fives_s2_baseline/bio.csv,results/pivot/e4_gt_maplesdr_preannot.csv,1.4826*MAD of MAPLES-DR's own 162-image network PRE-ANNOTATION-mask biomarkers (results/pivot/e4_gt_maplesdr_preannot.csv); no Gate A train scale exists for this set
preannot,fidelity,lower_resolution,fives,2,cfloss,,FD,pvbm,91,0.05863112950581929,0.8371847597866102,0.8221372830068482,0.11498294922492942,0.5685620856888636,0.3884195160598292,,,,runs/pivot/e4/maples/e4mp_fives_s2_cfloss/bio.csv,results/pivot/e4_gt_maplesdr_preannot.csv,1.4826*MAD of MAPLES-DR's own 162-image network PRE-ANNOTATION-mask biomarkers (results/pivot/e4_gt_maplesdr_preannot.csv); no Gate A train scale exists for this set
preannot,fidelity,lower_resolution,fives,2,cfloss,,FD,skan,91,0.04989361650504784,0.8102212874514843,0.6999362955884696,0.026056314537602737,0.7160538205463501,0.5471548003070192,,,,runs/pivot/e4/maples/e4mp_fives_s2_cfloss/bio.csv,results/pivot/e4_gt_maplesdr_preannot.csv,1.4826*MAD of MAPLES-DR's own 162-image network PRE-ANNOTATION-mask biomarkers (results/pivot/e4_gt_maplesdr_preannot.csv); no Gate A train scale exists for this set
preannot,fidelity,lower_resolution,fives,2,cfloss,,tortuosity,pvbm,91,0.0062787696728688735,0.6197099263152961,0.6337897507207056,-0.8168375898056817,0.8936353187478125,0.9538814939218914,,,,runs/pivot/e4/maples/e4mp_fives_s2_cfloss/bio.csv,results/pivot/e4_gt_maplesdr_preannot.csv,1.4826*MAD of MAPLES-DR's own 162-image network PRE-ANNOTATION-mask biomarkers (results/pivot/e4_gt_maplesdr_preannot.csv); no Gate A train scale exists for this set
preannot,fidelity,lower_resolution,fives,2,cfloss,,tortuosity,skan,91,0.009258289494123093,0.5529020641096373,0.6873387482083135,-0.24822214922288052,1.5139308873227457,0.8174208520304492,,,,runs/pivot/e4/maples/e4mp_fives_s2_cfloss/bio.csv,results/pivot/e4_gt_maplesdr_preannot.csv,1.4826*MAD of MAPLES-DR's own 162-image network PRE-ANNOTATION-mask biomarkers (results/pivot/e4_gt_maplesdr_preannot.csv); no Gate A train scale exists for this set
preannot,fidelity,lower_resolution,fives,2,cfloss,,density,pvbm,91,0.019181209714760065,0.8444443280090705,0.8055741360089187,0.3675728065243156,0.722292785813391,0.5710630583288488,,,,runs/pivot/e4/maples/e4mp_fives_s2_cfloss/bio.csv,results/pivot/e4_gt_maplesdr_preannot.csv,1.4826*MAD of MAPLES-DR's own 162-image network PRE-ANNOTATION-mask biomarkers (results/pivot/e4_gt_maplesdr_preannot.csv); no Gate A train scale exists for this set
preannot,fidelity,lower_resolution,fives,2,cfloss,,density,skan,91,0.019181209714760065,0.8444443280090705,0.8055741360089187,0.3675728065243156,0.722292785813391,0.5710630583288488,,,,runs/pivot/e4/maples/e4mp_fives_s2_cfloss/bio.csv,results/pivot/e4_gt_maplesdr_preannot.csv,1.4826*MAD of MAPLES-DR's own 162-image network PRE-ANNOTATION-mask biomarkers (results/pivot/e4_gt_maplesdr_preannot.csv); no Gate A train scale exists for this set
preannot,fidelity,lower_resolution,fives,2,cfloss,,total_length,pvbm,91,3742.5705005907253,0.7018602707823058,0.6754419493549928,0.22214677057647483,0.6302213559041875,0.4642718839962775,,,,runs/pivot/e4/maples/e4mp_fives_s2_cfloss/bio.csv,results/pivot/e4_gt_maplesdr_preannot.csv,1.4826*MAD of MAPLES-DR's own 162-image network PRE-ANNOTATION-mask biomarkers (results/pivot/e4_gt_maplesdr_preannot.csv); no Gate A train scale exists for this set
preannot,fidelity,lower_resolution,fives,2,cfloss,,total_length,skan,91,3130.1513354528465,0.8357293159318624,0.7711100493709189,0.005260977623257728,0.5813467900201634,0.46498475602785283,,,,runs/pivot/e4/maples/e4mp_fives_s2_cfloss/bio.csv,results/pivot/e4_gt_maplesdr_preannot.csv,1.4826*MAD of MAPLES-DR's own 162-image network PRE-ANNOTATION-mask biomarkers (results/pivot/e4_gt_maplesdr_preannot.csv); no Gate A train scale exists for this set
preannot,fidelity,lower_resolution,fives,2,continued,,FD,pvbm,91,0.05863112950581929,0.8424352702890366,0.8129160694378087,0.17455393734236532,0.5710413109652812,0.3903984809446942,,,,runs/pivot/e4/maples/e4mp_fives_s2_continued/bio.csv,results/pivot/e4_gt_maplesdr_preannot.csv,1.4826*MAD of MAPLES-DR's own 162-image network PRE-ANNOTATION-mask biomarkers (results/pivot/e4_gt_maplesdr_preannot.csv); no Gate A train scale exists for this set
preannot,fidelity,lower_resolution,fives,2,continued,,FD,skan,91,0.04989361650504784,0.8055692600468778,0.6925465838509317,0.0794122966657687,0.7213443148974447,0.5418327508557498,,,,runs/pivot/e4/maples/e4mp_fives_s2_continued/bio.csv,results/pivot/e4_gt_maplesdr_preannot.csv,1.4826*MAD of MAPLES-DR's own 162-image network PRE-ANNOTATION-mask biomarkers (results/pivot/e4_gt_maplesdr_preannot.csv); no Gate A train scale exists for this set
preannot,fidelity,lower_resolution,fives,2,continued,,tortuosity,pvbm,91,0.0062787696728688735,0.7238569616011264,0.7213438499175265,-0.7984153012566618,0.7818013259894763,0.9222963010447913,,,,runs/pivot/e4/maples/e4mp_fives_s2_continued/bio.csv,results/pivot/e4_gt_maplesdr_preannot.csv,1.4826*MAD of MAPLES-DR's own 162-image network PRE-ANNOTATION-mask biomarkers (results/pivot/e4_gt_maplesdr_preannot.csv); no Gate A train scale exists for this set
preannot,fidelity,lower_resolution,fives,2,continued,,tortuosity,skan,91,0.009258289494123093,0.4671316540132646,0.659229176620481,-0.17321277630217521,1.6623180132858164,0.9046221434407182,,,,runs/pivot/e4/maples/e4mp_fives_s2_continued/bio.csv,results/pivot/e4_gt_maplesdr_preannot.csv,1.4826*MAD of MAPLES-DR's own 162-image network PRE-ANNOTATION-mask biomarkers (results/pivot/e4_gt_maplesdr_preannot.csv); no Gate A train scale exists for this set
preannot,fidelity,lower_resolution,fives,2,continued,,density,pvbm,91,0.019181209714760065,0.8352338880988267,0.7907150820194299,0.5640074440326098,0.7377013270125511,0.6713215182275634,,,,runs/pivot/e4/maples/e4mp_fives_s2_continued/bio.csv,results/pivot/e4_gt_maplesdr_preannot.csv,1.4826*MAD of MAPLES-DR's own 162-image network PRE-ANNOTATION-mask biomarkers (results/pivot/e4_gt_maplesdr_preannot.csv); no Gate A train scale exists for this set
preannot,fidelity,lower_resolution,fives,2,continued,,density,skan,91,0.019181209714760065,0.8352338880988267,0.7907150820194299,0.5640074440326098,0.7377013270125511,0.6713215182275634,,,,runs/pivot/e4/maples/e4mp_fives_s2_continued/bio.csv,results/pivot/e4_gt_maplesdr_preannot.csv,1.4826*MAD of MAPLES-DR's own 162-image network PRE-ANNOTATION-mask biomarkers (results/pivot/e4_gt_maplesdr_preannot.csv); no Gate A train scale exists for this set
preannot,fidelity,lower_resolution,fives,2,continued,,total_length,pvbm,91,3742.5705005907253,0.7010072319692076,0.6757604714126453,0.2697552214536585,0.6299721919184793,0.4590690501539377,,,,runs/pivot/e4/maples/e4mp_fives_s2_continued/bio.csv,results/pivot/e4_gt_maplesdr_preannot.csv,1.4826*MAD of MAPLES-DR's own 162-image network PRE-ANNOTATION-mask biomarkers (results/pivot/e4_gt_maplesdr_preannot.csv); no Gate A train scale exists for this set
preannot,fidelity,lower_resolution,fives,2,continued,,total_length,skan,91,3130.1513354528465,0.8298849408637842,0.7614747571269311,0.060701886602909774,0.5880101128861724,0.4637812176248148,,,,runs/pivot/e4/maples/e4mp_fives_s2_continued/bio.csv,results/pivot/e4_gt_maplesdr_preannot.csv,1.4826*MAD of MAPLES-DR's own 162-image network PRE-ANNOTATION-mask biomarkers (results/pivot/e4_gt_maplesdr_preannot.csv); no Gate A train scale exists for this set
preannot,fidelity,lower_resolution,fives,2,reliseg,,FD,pvbm,91,0.05863112950581929,0.8399520192876839,0.8088389870998568,0.21673629586981843,0.5753797454240265,0.39518424944396596,,,,runs/pivot/e4/maples/e4mp_fives_s2_reliseg/bio.csv,results/pivot/e4_gt_maplesdr_preannot.csv,1.4826*MAD of MAPLES-DR's own 162-image network PRE-ANNOTATION-mask biomarkers (results/pivot/e4_gt_maplesdr_preannot.csv); no Gate A train scale exists for this set
preannot,fidelity,lower_resolution,fives,2,reliseg,,FD,skan,91,0.04989361650504784,0.7912385908635792,0.669915591654722,0.16058105640084275,0.7381875298846563,0.5439982253896893,,,,runs/pivot/e4/maples/e4mp_fives_s2_reliseg/bio.csv,results/pivot/e4_gt_maplesdr_preannot.csv,1.4826*MAD of MAPLES-DR's own 162-image network PRE-ANNOTATION-mask biomarkers (results/pivot/e4_gt_maplesdr_preannot.csv); no Gate A train scale exists for this set
preannot,fidelity,lower_resolution,fives,2,reliseg,,tortuosity,pvbm,91,0.0062787696728688735,0.6469327629358532,0.593122285091041,-0.23968895678175767,0.899189929737248,0.73278936305066,,,,runs/pivot/e4/maples/e4mp_fives_s2_reliseg/bio.csv,results/pivot/e4_gt_maplesdr_preannot.csv,1.4826*MAD of MAPLES-DR's own 162-image network PRE-ANNOTATION-mask biomarkers (results/pivot/e4_gt_maplesdr_preannot.csv); no Gate A train scale exists for this set
preannot,fidelity,lower_resolution,fives,2,reliseg,,tortuosity,skan,91,0.009258289494123093,0.46313223353037924,0.6590380633858895,-0.12308230295717561,1.6718576870966546,0.877696266896909,,,,runs/pivot/e4/maples/e4mp_fives_s2_reliseg/bio.csv,results/pivot/e4_gt_maplesdr_preannot.csv,1.4826*MAD of MAPLES-DR's own 162-image network PRE-ANNOTATION-mask biomarkers (results/pivot/e4_gt_maplesdr_preannot.csv); no Gate A train scale exists for this set
preannot,fidelity,lower_resolution,fives,2,reliseg,,density,pvbm,91,0.019181209714760065,0.8401976080599087,0.8009874183787227,0.5537379001548435,0.7286690042171053,0.6612148477917873,,,,runs/pivot/e4/maples/e4mp_fives_s2_reliseg/bio.csv,results/pivot/e4_gt_maplesdr_preannot.csv,1.4826*MAD of MAPLES-DR's own 162-image network PRE-ANNOTATION-mask biomarkers (results/pivot/e4_gt_maplesdr_preannot.csv); no Gate A train scale exists for this set
preannot,fidelity,lower_resolution,fives,2,reliseg,,density,skan,91,0.019181209714760065,0.8401976080599087,0.8009874183787227,0.5537379001548435,0.7286690042171053,0.6612148477917873,,,,runs/pivot/e4/maples/e4mp_fives_s2_reliseg/bio.csv,results/pivot/e4_gt_maplesdr_preannot.csv,1.4826*MAD of MAPLES-DR's own 162-image network PRE-ANNOTATION-mask biomarkers (results/pivot/e4_gt_maplesdr_preannot.csv); no Gate A train scale exists for this set
preannot,fidelity,lower_resolution,fives,2,reliseg,,total_length,pvbm,91,3742.5705005907253,0.695301646724343,0.6726071030418856,0.30595151688130673,0.6345300824473444,0.463559858020099,,,,runs/pivot/e4/maples/e4mp_fives_s2_reliseg/bio.csv,results/pivot/e4_gt_maplesdr_preannot.csv,1.4826*MAD of MAPLES-DR's own 162-image network PRE-ANNOTATION-mask biomarkers (results/pivot/e4_gt_maplesdr_preannot.csv); no Gate A train scale exists for this set
preannot,fidelity,lower_resolution,fives,2,reliseg,,total_length,skan,91,3130.1513354528465,0.8271667951242562,0.7580347189042842,0.13963744420783628,0.5913259568804812,0.46102338856016123,,,,runs/pivot/e4/maples/e4mp_fives_s2_reliseg/bio.csv,results/pivot/e4_gt_maplesdr_preannot.csv,1.4826*MAD of MAPLES-DR's own 162-image network PRE-ANNOTATION-mask biomarkers (results/pivot/e4_gt_maplesdr_preannot.csv); no Gate A train scale exists for this set
preannot,fidelity,lower_resolution,hrf,0,baseline,,FD,pvbm,91,0.05863112950581929,0.7665654460096843,0.7304347826086957,0.8116946368333514,0.5828057620616915,0.8158518127039566,,,,runs/pivot/e4/maples/e4mp_hrf_s0_baseline/bio.csv,results/pivot/e4_gt_maplesdr_preannot.csv,1.4826*MAD of MAPLES-DR's own 162-image network PRE-ANNOTATION-mask biomarkers (results/pivot/e4_gt_maplesdr_preannot.csv); no Gate A train scale exists for this set
preannot,fidelity,lower_resolution,hrf,0,baseline,,FD,skan,91,0.04989361650504784,0.7959308830059947,0.7280936454849498,1.139889809417888,0.6536301589164955,1.1414001337176158,,,,runs/pivot/e4/maples/e4mp_hrf_s0_baseline/bio.csv,results/pivot/e4_gt_maplesdr_preannot.csv,1.4826*MAD of MAPLES-DR's own 162-image network PRE-ANNOTATION-mask biomarkers (results/pivot/e4_gt_maplesdr_preannot.csv); no Gate A train scale exists for this set
preannot,fidelity,lower_resolution,hrf,0,baseline,,tortuosity,pvbm,91,0.0062787696728688735,0.6095740410077733,0.6614719994101321,-0.3620566808418444,0.9200146984723205,0.7383238657578779,,,,runs/pivot/e4/maples/e4mp_hrf_s0_baseline/bio.csv,results/pivot/e4_gt_maplesdr_preannot.csv,1.4826*MAD of MAPLES-DR's own 162-image network PRE-ANNOTATION-mask biomarkers (results/pivot/e4_gt_maplesdr_preannot.csv); no Gate A train scale exists for this set
preannot,fidelity,lower_resolution,hrf,0,baseline,,tortuosity,skan,91,0.009258289494123093,0.5556735001512009,0.7069915591654722,-0.7819276511677622,1.4765552192029798,0.9701322979417785,,,,runs/pivot/e4/maples/e4mp_hrf_s0_baseline/bio.csv,results/pivot/e4_gt_maplesdr_preannot.csv,1.4826*MAD of MAPLES-DR's own 162-image network PRE-ANNOTATION-mask biomarkers (results/pivot/e4_gt_maplesdr_preannot.csv); no Gate A train scale exists for this set
preannot,fidelity,lower_resolution,hrf,0,baseline,,density,pvbm,91,0.019181209714760065,0.722359060724673,0.6051600573339704,0.0017838206454575244,0.8354386745982225,0.6152954630597969,,,,runs/pivot/e4/maples/e4mp_hrf_s0_baseline/bio.csv,results/pivot/e4_gt_maplesdr_preannot.csv,1.4826*MAD of MAPLES-DR's own 162-image network PRE-ANNOTATION-mask biomarkers (results/pivot/e4_gt_maplesdr_preannot.csv); no Gate A train scale exists for this set
preannot,fidelity,lower_resolution,hrf,0,baseline,,density,skan,91,0.019181209714760065,0.722359060724673,0.6051600573339704,0.0017838206454575244,0.8354386745982225,0.6152954630597969,,,,runs/pivot/e4/maples/e4mp_hrf_s0_baseline/bio.csv,results/pivot/e4_gt_maplesdr_preannot.csv,1.4826*MAD of MAPLES-DR's own 162-image network PRE-ANNOTATION-mask biomarkers (results/pivot/e4_gt_maplesdr_preannot.csv); no Gate A train scale exists for this set
preannot,fidelity,lower_resolution,hrf,0,baseline,,total_length,pvbm,91,3742.5705005907253,0.6791413830324513,0.6737537824494347,0.8797722324069839,0.6060423608179187,0.8797722324069839,,,,runs/pivot/e4/maples/e4mp_hrf_s0_baseline/bio.csv,results/pivot/e4_gt_maplesdr_preannot.csv,1.4826*MAD of MAPLES-DR's own 162-image network PRE-ANNOTATION-mask biomarkers (results/pivot/e4_gt_maplesdr_preannot.csv); no Gate A train scale exists for this set
preannot,fidelity,lower_resolution,hrf,0,baseline,,total_length,skan,91,3130.1513354528465,0.7802589962042371,0.6967032967032967,1.1404242852671849,0.563388784052123,1.1404242852671849,,,,runs/pivot/e4/maples/e4mp_hrf_s0_baseline/bio.csv,results/pivot/e4_gt_maplesdr_preannot.csv,1.4826*MAD of MAPLES-DR's own 162-image network PRE-ANNOTATION-mask biomarkers (results/pivot/e4_gt_maplesdr_preannot.csv); no Gate A train scale exists for this set
preannot,fidelity,lower_resolution,hrf,0,cfloss,,FD,pvbm,91,0.05863112950581929,0.7784152610060197,0.6901098901098901,0.4547540077016671,0.5578090778990751,0.4997326767936562,,,,runs/pivot/e4/maples/e4mp_hrf_s0_cfloss/bio.csv,results/pivot/e4_gt_maplesdr_preannot.csv,1.4826*MAD of MAPLES-DR's own 162-image network PRE-ANNOTATION-mask biomarkers (results/pivot/e4_gt_maplesdr_preannot.csv); no Gate A train scale exists for this set
preannot,fidelity,lower_resolution,hrf,0,cfloss,,FD,skan,91,0.04989361650504784,0.8128827391304495,0.6909698996655519,0.6590449147947363,0.6234833941669099,0.7056724210341648,,,,runs/pivot/e4/maples/e4mp_hrf_s0_cfloss/bio.csv,results/pivot/e4_gt_maplesdr_preannot.csv,1.4826*MAD of MAPLES-DR's own 162-image network PRE-ANNOTATION-mask biomarkers (results/pivot/e4_gt_maplesdr_preannot.csv); no Gate A train scale exists for this set
preannot,fidelity,lower_resolution,hrf,0,cfloss,,tortuosity,pvbm,91,0.0062787696728688735,0.6113449886653267,0.5997316441027156,-0.39100811932822516,0.9251492648867959,0.7547270199705189,,,,runs/pivot/e4/maples/e4mp_hrf_s0_cfloss/bio.csv,results/pivot/e4_gt_maplesdr_preannot.csv,1.4826*MAD of MAPLES-DR's own 162-image network PRE-ANNOTATION-mask biomarkers (results/pivot/e4_gt_maplesdr_preannot.csv); no Gate A train scale exists for this set
preannot,fidelity,lower_resolution,hrf,0,cfloss,,tortuosity,skan,91,0.009258289494123093,0.519062591152766,0.677512342729734,-0.6487221021745038,1.5270477772284252,0.9574180789975905,,,,runs/pivot/e4/maples/e4mp_hrf_s0_cfloss/bio.csv,results/pivot/e4_gt_maplesdr_preannot.csv,1.4826*MAD of MAPLES-DR's own 162-image network PRE-ANNOTATION-mask biomarkers (results/pivot/e4_gt_maplesdr_preannot.csv); no Gate A train scale exists for this set
preannot,fidelity,lower_resolution,hrf,0,cfloss,,density,pvbm,91,0.019181209714760065,0.7193101536739231,0.5913202739289697,-0.9060432852872372,0.8392702060197688,1.0848857696109582,,,,runs/pivot/e4/maples/e4mp_hrf_s0_cfloss/bio.csv,results/pivot/e4_gt_maplesdr_preannot.csv,1.4826*MAD of MAPLES-DR's own 162-image network PRE-ANNOTATION-mask biomarkers (results/pivot/e4_gt_maplesdr_preannot.csv); no Gate A train scale exists for this set
preannot,fidelity,lower_resolution,hrf,0,cfloss,,density,skan,91,0.019181209714760065,0.7193101536739231,0.5913202739289697,-0.9060432852872372,0.8392702060197688,1.0848857696109582,,,,runs/pivot/e4/maples/e4mp_hrf_s0_cfloss/bio.csv,results/pivot/e4_gt_maplesdr_preannot.csv,1.4826*MAD of MAPLES-DR's own 162-image network PRE-ANNOTATION-mask biomarkers (results/pivot/e4_gt_maplesdr_preannot.csv); no Gate A train scale exists for this set
preannot,fidelity,lower_resolution,hrf,0,cfloss,,total_length,pvbm,91,3742.5705005907253,0.6779732551133227,0.6475075648988693,0.5585163907352937,0.608720571451729,0.6000309056214823,,,,runs/pivot/e4/maples/e4mp_hrf_s0_cfloss/bio.csv,results/pivot/e4_gt_maplesdr_preannot.csv,1.4826*MAD of MAPLES-DR's own 162-image network PRE-ANNOTATION-mask biomarkers (results/pivot/e4_gt_maplesdr_preannot.csv); no Gate A train scale exists for this set
preannot,fidelity,lower_resolution,hrf,0,cfloss,,total_length,skan,91,3130.1513354528465,0.7734355795442364,0.6634018155757286,0.65421414309595,0.5724020423358697,0.6923478581618016,,,,runs/pivot/e4/maples/e4mp_hrf_s0_cfloss/bio.csv,results/pivot/e4_gt_maplesdr_preannot.csv,1.4826*MAD of MAPLES-DR's own 162-image network PRE-ANNOTATION-mask biomarkers (results/pivot/e4_gt_maplesdr_preannot.csv); no Gate A train scale exists for this set
preannot,fidelity,lower_resolution,hrf,0,continued,,FD,pvbm,91,0.05863112950581929,0.8176512740056557,0.7809364548494984,0.6785494903022373,0.5383755547199643,0.6880886375367913,,,,runs/pivot/e4/maples/e4mp_hrf_s0_continued/bio.csv,results/pivot/e4_gt_maplesdr_preannot.csv,1.4826*MAD of MAPLES-DR's own 162-image network PRE-ANNOTATION-mask biomarkers (results/pivot/e4_gt_maplesdr_preannot.csv); no Gate A train scale exists for this set
preannot,fidelity,lower_resolution,hrf,0,continued,,FD,skan,91,0.04989361650504784,0.8381038901427134,0.7499442586399108,0.9084652887120639,0.6076708329717991,0.9206245667013833,,,,runs/pivot/e4/maples/e4mp_hrf_s0_continued/bio.csv,results/pivot/e4_gt_maplesdr_preannot.csv,1.4826*MAD of MAPLES-DR's own 162-image network PRE-ANNOTATION-mask biomarkers (results/pivot/e4_gt_maplesdr_preannot.csv); no Gate A train scale exists for this set
preannot,fidelity,lower_resolution,hrf,0,continued,,tortuosity,pvbm,91,0.0062787696728688735,0.5378171059118941,0.5741405808295973,-0.3545258340960807,1.0023716360485895,0.8058634029435742,,,,runs/pivot/e4/maples/e4mp_hrf_s0_continued/bio.csv,results/pivot/e4_gt_maplesdr_preannot.csv,1.4826*MAD of MAPLES-DR's own 162-image network PRE-ANNOTATION-mask biomarkers (results/pivot/e4_gt_maplesdr_preannot.csv); no Gate A train scale exists for this set
preannot,fidelity,lower_resolution,hrf,0,continued,,tortuosity,skan,91,0.009258289494123093,0.5252999639401711,0.7089823220258002,-0.6977591062120679,1.5219866954610513,0.9847775762077513,,,,runs/pivot/e4/maples/e4mp_hrf_s0_continued/bio.csv,results/pivot/e4_gt_maplesdr_preannot.csv,1.4826*MAD of MAPLES-DR's own 162-image network PRE-ANNOTATION-mask biomarkers (results/pivot/e4_gt_maplesdr_preannot.csv); no Gate A train scale exists for this set
preannot,fidelity,lower_resolution,hrf,0,continued,,density,pvbm,91,0.019181209714760065,0.7592108478438749,0.6504538939321548,-0.36282448224404223,0.7920123928737745,0.6963271465239607,,,,runs/pivot/e4/maples/e4mp_hrf_s0_continued/bio.csv,results/pivot/e4_gt_maplesdr_preannot.csv,1.4826*MAD of MAPLES-DR's own 162-image network PRE-ANNOTATION-mask biomarkers (results/pivot/e4_gt_maplesdr_preannot.csv); no Gate A train scale exists for this set
preannot,fidelity,lower_resolution,hrf,0,continued,,density,skan,91,0.019181209714760065,0.7592108478438749,0.6504538939321548,-0.36282448224404223,0.7920123928737745,0.6963271465239607,,,,runs/pivot/e4/maples/e4mp_hrf_s0_continued/bio.csv,results/pivot/e4_gt_maplesdr_preannot.csv,1.4826*MAD of MAPLES-DR's own 162-image network PRE-ANNOTATION-mask biomarkers (results/pivot/e4_gt_maplesdr_preannot.csv); no Gate A train scale exists for this set
preannot,fidelity,lower_resolution,hrf,0,continued,,total_length,pvbm,91,3742.5705005907253,0.6990658718488423,0.6863991081382387,0.769437896919598,0.5905425577753959,0.7739466913606349,,,,runs/pivot/e4/maples/e4mp_hrf_s0_continued/bio.csv,results/pivot/e4_gt_maplesdr_preannot.csv,1.4826*MAD of MAPLES-DR's own 162-image network PRE-ANNOTATION-mask biomarkers (results/pivot/e4_gt_maplesdr_preannot.csv); no Gate A train scale exists for this set
preannot,fidelity,lower_resolution,hrf,0,continued,,total_length,skan,91,3130.1513354528465,0.814095270268469,0.7375218983914638,0.9017546928483936,0.5265190294293617,0.910965192261936,,,,runs/pivot/e4/maples/e4mp_hrf_s0_continued/bio.csv,results/pivot/e4_gt_maplesdr_preannot.csv,1.4826*MAD of MAPLES-DR's own 162-image network PRE-ANNOTATION-mask biomarkers (results/pivot/e4_gt_maplesdr_preannot.csv); no Gate A train scale exists for this set
preannot,fidelity,lower_resolution,hrf,0,reliseg,,FD,pvbm,91,0.05863112950581929,0.7757834386527966,0.7248447204968944,0.940891912180225,0.5941132258348595,0.940891912180225,,,,runs/pivot/e4/maples/e4mp_hrf_s0_reliseg/bio.csv,results/pivot/e4_gt_maplesdr_preannot.csv,1.4826*MAD of MAPLES-DR's own 162-image network PRE-ANNOTATION-mask biomarkers (results/pivot/e4_gt_maplesdr_preannot.csv); no Gate A train scale exists for this set
preannot,fidelity,lower_resolution,hrf,0,reliseg,,FD,skan,91,0.04989361650504784,0.8261640333644191,0.728937728937729,1.3896879537976243,0.6335109683447349,1.3896879537976243,,,,runs/pivot/e4/maples/e4mp_hrf_s0_reliseg/bio.csv,results/pivot/e4_gt_maplesdr_preannot.csv,1.4826*MAD of MAPLES-DR's own 162-image network PRE-ANNOTATION-mask biomarkers (results/pivot/e4_gt_maplesdr_preannot.csv); no Gate A train scale exists for this set
preannot,fidelity,lower_resolution,hrf,0,reliseg,,tortuosity,pvbm,91,0.0062787696728688735,0.12131597309864378,0.28191703263893086,0.7710054231721354,1.7336810721539055,1.2050290606042917,,,,runs/pivot/e4/maples/e4mp_hrf_s0_reliseg/bio.csv,results/pivot/e4_gt_maplesdr_preannot.csv,1.4826*MAD of MAPLES-DR's own 162-image network PRE-ANNOTATION-mask biomarkers (results/pivot/e4_gt_maplesdr_preannot.csv); no Gate A train scale exists for this set
preannot,fidelity,lower_resolution,hrf,0,reliseg,,tortuosity,skan,91,0.009258289494123093,0.5310311682982592,0.6435101130753306,-0.6155708716773067,1.5046615565242172,0.8913757677282841,,,,runs/pivot/e4/maples/e4mp_hrf_s0_reliseg/bio.csv,results/pivot/e4_gt_maplesdr_preannot.csv,1.4826*MAD of MAPLES-DR's own 162-image network PRE-ANNOTATION-mask biomarkers (results/pivot/e4_gt_maplesdr_preannot.csv); no Gate A train scale exists for this set
preannot,fidelity,lower_resolution,hrf,0,reliseg,,density,pvbm,91,0.019181209714760065,0.7225522942216827,0.6053830227743271,-0.48405873266698957,0.837314622108495,0.7948582208223174,,,,runs/pivot/e4/maples/e4mp_hrf_s0_reliseg/bio.csv,results/pivot/e4_gt_maplesdr_preannot.csv,1.4826*MAD of MAPLES-DR's own 162-image network PRE-ANNOTATION-mask biomarkers (results/pivot/e4_gt_maplesdr_preannot.csv); no Gate A train scale exists for this set
preannot,fidelity,lower_resolution,hrf,0,reliseg,,density,skan,91,0.019181209714760065,0.7225522942216827,0.6053830227743271,-0.48405873266698957,0.837314622108495,0.7948582208223174,,,,runs/pivot/e4/maples/e4mp_hrf_s0_reliseg/bio.csv,results/pivot/e4_gt_maplesdr_preannot.csv,1.4826*MAD of MAPLES-DR's own 162-image network PRE-ANNOTATION-mask biomarkers (results/pivot/e4_gt_maplesdr_preannot.csv); no Gate A train scale exists for this set
preannot,fidelity,lower_resolution,hrf,0,reliseg,,total_length,pvbm,91,3742.5705005907253,0.6944659009937771,0.6830546265328875,0.9319124512446121,0.593931863640443,0.9319124512446121,,,,runs/pivot/e4/maples/e4mp_hrf_s0_reliseg/bio.csv,results/pivot/e4_gt_maplesdr_preannot.csv,1.4826*MAD of MAPLES-DR's own 162-image network PRE-ANNOTATION-mask biomarkers (results/pivot/e4_gt_maplesdr_preannot.csv); no Gate A train scale exists for this set
preannot,fidelity,lower_resolution,hrf,0,reliseg,,total_length,skan,91,3130.1513354528465,0.7979572611488955,0.7070711896798854,1.3822112337966728,0.5443987840947645,1.3822112337966728,,,,runs/pivot/e4/maples/e4mp_hrf_s0_reliseg/bio.csv,results/pivot/e4_gt_maplesdr_preannot.csv,1.4826*MAD of MAPLES-DR's own 162-image network PRE-ANNOTATION-mask biomarkers (results/pivot/e4_gt_maplesdr_preannot.csv); no Gate A train scale exists for this set
preannot,fidelity,lower_resolution,hrf,1,baseline,,FD,pvbm,91,0.05863112950581929,0.837730036143789,0.7876891224717312,0.4409410848333214,0.5080618053419329,0.47845568117366644,,,,runs/pivot/e4/maples/e4mp_hrf_s1_baseline/bio.csv,results/pivot/e4_gt_maplesdr_preannot.csv,1.4826*MAD of MAPLES-DR's own 162-image network PRE-ANNOTATION-mask biomarkers (results/pivot/e4_gt_maplesdr_preannot.csv); no Gate A train scale exists for this set
preannot,fidelity,lower_resolution,hrf,1,baseline,,FD,skan,91,0.04989361650504784,0.8490011566856226,0.7655040611562353,0.7152367600049647,0.5746185738709967,0.744475571787872,,,,runs/pivot/e4/maples/e4mp_hrf_s1_baseline/bio.csv,results/pivot/e4_gt_maplesdr_preannot.csv,1.4826*MAD of MAPLES-DR's own 162-image network PRE-ANNOTATION-mask biomarkers (results/pivot/e4_gt_maplesdr_preannot.csv); no Gate A train scale exists for this set
preannot,fidelity,lower_resolution,hrf,1,baseline,,tortuosity,pvbm,91,0.0062787696728688735,0.6229707345136085,0.6768809328554496,-0.3083968059790122,0.8964098714683466,0.6933870058862824,,,,runs/pivot/e4/maples/e4mp_hrf_s1_baseline/bio.csv,results/pivot/e4_gt_maplesdr_preannot.csv,1.4826*MAD of MAPLES-DR's own 162-image network PRE-ANNOTATION-mask biomarkers (results/pivot/e4_gt_maplesdr_preannot.csv); no Gate A train scale exists for this set
preannot,fidelity,lower_resolution,hrf,1,baseline,,tortuosity,skan,91,0.009258289494123093,0.6274255833149259,0.7900939640070076,-0.6221881179686681,1.3829249874251277,0.8339370056523008,,,,runs/pivot/e4/maples/e4mp_hrf_s1_baseline/bio.csv,results/pivot/e4_gt_maplesdr_preannot.csv,1.4826*MAD of MAPLES-DR's own 162-image network PRE-ANNOTATION-mask biomarkers (results/pivot/e4_gt_maplesdr_preannot.csv); no Gate A train scale exists for this set
preannot,fidelity,lower_resolution,hrf,1,baseline,,density,pvbm,91,0.019181209714760065,0.7288894456116288,0.6345277910495302,-0.9631427890833392,0.837043679393651,1.1241714260726372,,,,runs/pivot/e4/maples/e4mp_hrf_s1_baseline/bio.csv,results/pivot/e4_gt_maplesdr_preannot.csv,1.4826*MAD of MAPLES-DR's own 162-image network PRE-ANNOTATION-mask biomarkers (results/pivot/e4_gt_maplesdr_preannot.csv); no Gate A train scale exists for this set
preannot,fidelity,lower_resolution,hrf,1,baseline,,density,skan,91,0.019181209714760065,0.7288894456116288,0.6345277910495302,-0.9631427890833392,0.837043679393651,1.1241714260726372,,,,runs/pivot/e4/maples/e4mp_hrf_s1_baseline/bio.csv,results/pivot/e4_gt_maplesdr_preannot.csv,1.4826*MAD of MAPLES-DR's own 162-image network PRE-ANNOTATION-mask biomarkers (results/pivot/e4_gt_maplesdr_preannot.csv); no Gate A train scale exists for this set
preannot,fidelity,lower_resolution,hrf,1,baseline,,total_length,pvbm,91,3742.5705005907253,0.7070195681239148,0.6762064022933588,0.5493828014562584,0.5839197659933265,0.5719621095674993,,,,runs/pivot/e4/maples/e4mp_hrf_s1_baseline/bio.csv,results/pivot/e4_gt_maplesdr_preannot.csv,1.4826*MAD of MAPLES-DR's own 162-image network PRE-ANNOTATION-mask biomarkers (results/pivot/e4_gt_maplesdr_preannot.csv); no Gate A train scale exists for this set
preannot,fidelity,lower_resolution,hrf,1,baseline,,total_length,skan,91,3130.1513354528465,0.8227343895814507,0.7513935340022297,0.628144535956306,0.5146464272941422,0.6538701009342719,,,,runs/pivot/e4/maples/e4mp_hrf_s1_baseline/bio.csv,results/pivot/e4_gt_maplesdr_preannot.csv,1.4826*MAD of MAPLES-DR's own 162-image network PRE-ANNOTATION-mask biomarkers (results/pivot/e4_gt_maplesdr_preannot.csv); no Gate A train scale exists for this set
preannot,fidelity,lower_resolution,hrf,1,cfloss,,FD,pvbm,91,0.05863112950581929,0.7972714256399401,0.6741360089186176,0.30412634780095327,0.5347841183518509,0.4406791626452934,,,,runs/pivot/e4/maples/e4mp_hrf_s1_cfloss/bio.csv,results/pivot/e4_gt_maplesdr_preannot.csv,1.4826*MAD of MAPLES-DR's own 162-image network PRE-ANNOTATION-mask biomarkers (results/pivot/e4_gt_maplesdr_preannot.csv); no Gate A train scale exists for this set
preannot,fidelity,lower_resolution,hrf,1,cfloss,,FD,skan,91,0.04989361650504784,0.8259614240955298,0.7029463290332856,0.5529804638542272,0.6060156425531534,0.6405720128486967,,,,runs/pivot/e4/maples/e4mp_hrf_s1_cfloss/bio.csv,results/pivot/e4_gt_maplesdr_preannot.csv,1.4826*MAD of MAPLES-DR's own 162-image network PRE-ANNOTATION-mask biomarkers (results/pivot/e4_gt_maplesdr_preannot.csv); no Gate A train scale exists for this set
preannot,fidelity,lower_resolution,hrf,1,cfloss,,tortuosity,pvbm,91,0.0062787696728688735,0.6765409544344392,0.6861231331601332,-0.3611474525323794,0.8366141682243308,0.6740809854011736,,,,runs/pivot/e4/maples/e4mp_hrf_s1_cfloss/bio.csv,results/pivot/e4_gt_maplesdr_preannot.csv,1.4826*MAD of MAPLES-DR's own 162-image network PRE-ANNOTATION-mask biomarkers (results/pivot/e4_gt_maplesdr_preannot.csv); no Gate A train scale exists for this set
preannot,fidelity,lower_resolution,hrf,1,cfloss,,tortuosity,skan,91,0.009258289494123093,0.6386307489688081,0.7693422519509475,-0.6606870460471782,1.3666226478713244,0.8509510629913759,,,,runs/pivot/e4/maples/e4mp_hrf_s1_cfloss/bio.csv,results/pivot/e4_gt_maplesdr_preannot.csv,1.4826*MAD of MAPLES-DR's own 162-image network PRE-ANNOTATION-mask biomarkers (results/pivot/e4_gt_maplesdr_preannot.csv); no Gate A train scale exists for this set
preannot,fidelity,lower_resolution,hrf,1,cfloss,,density,pvbm,91,0.019181209714760065,0.6494769150249261,0.5013377926421405,-1.2485116106078686,0.9188910381409635,1.3746639050826959,,,,runs/pivot/e4/maples/e4mp_hrf_s1_cfloss/bio.csv,results/pivot/e4_gt_maplesdr_preannot.csv,1.4826*MAD of MAPLES-DR's own 162-image network PRE-ANNOTATION-mask biomarkers (results/pivot/e4_gt_maplesdr_preannot.csv); no Gate A train scale exists for this set
preannot,fidelity,lower_resolution,hrf,1,cfloss,,density,skan,91,0.019181209714760065,0.6494769150249261,0.5013377926421405,-1.2485116106078686,0.9188910381409635,1.3746639050826959,,,,runs/pivot/e4/maples/e4mp_hrf_s1_cfloss/bio.csv,results/pivot/e4_gt_maplesdr_preannot.csv,1.4826*MAD of MAPLES-DR's own 162-image network PRE-ANNOTATION-mask biomarkers (results/pivot/e4_gt_maplesdr_preannot.csv); no Gate A train scale exists for this set
preannot,fidelity,lower_resolution,hrf,1,cfloss,,total_length,pvbm,91,3742.5705005907253,0.6780806835180101,0.62427138079312,0.42874961462409433,0.6076707299654566,0.5128204026055991,,,,runs/pivot/e4/maples/e4mp_hrf_s1_cfloss/bio.csv,results/pivot/e4_gt_maplesdr_preannot.csv,1.4826*MAD of MAPLES-DR's own 162-image network PRE-ANNOTATION-mask biomarkers (results/pivot/e4_gt_maplesdr_preannot.csv); no Gate A train scale exists for this set
preannot,fidelity,lower_resolution,hrf,1,cfloss,,total_length,skan,91,3130.1513354528465,0.79102499674229,0.6833094441790094,0.46314206618987475,0.5510981030389257,0.5597604242394518,,,,runs/pivot/e4/maples/e4mp_hrf_s1_cfloss/bio.csv,results/pivot/e4_gt_maplesdr_preannot.csv,1.4826*MAD of MAPLES-DR's own 162-image network PRE-ANNOTATION-mask biomarkers (results/pivot/e4_gt_maplesdr_preannot.csv); no Gate A train scale exists for this set
preannot,fidelity,lower_resolution,hrf,1,continued,,FD,pvbm,91,0.05863112950581929,0.8686847443224016,0.8101130753304666,0.6248640259880999,0.495677356148466,0.6344306228515862,,,,runs/pivot/e4/maples/e4mp_hrf_s1_continued/bio.csv,results/pivot/e4_gt_maplesdr_preannot.csv,1.4826*MAD of MAPLES-DR's own 162-image network PRE-ANNOTATION-mask biomarkers (results/pivot/e4_gt_maplesdr_preannot.csv); no Gate A train scale exists for this set
preannot,fidelity,lower_resolution,hrf,1,continued,,FD,skan,91,0.04989361650504784,0.8622391508664253,0.7792005096352923,0.8744832231305111,0.5648415550248689,0.8881805344186461,,,,runs/pivot/e4/maples/e4mp_hrf_s1_continued/bio.csv,results/pivot/e4_gt_maplesdr_preannot.csv,1.4826*MAD of MAPLES-DR's own 162-image network PRE-ANNOTATION-mask biomarkers (results/pivot/e4_gt_maplesdr_preannot.csv); no Gate A train scale exists for this set
preannot,fidelity,lower_resolution,hrf,1,continued,,tortuosity,pvbm,91,0.0062787696728688735,0.6388223686853779,0.6380206881723856,-0.2382539519987411,0.8774231049819817,0.6645652192603941,,,,runs/pivot/e4/maples/e4mp_hrf_s1_continued/bio.csv,results/pivot/e4_gt_maplesdr_preannot.csv,1.4826*MAD of MAPLES-DR's own 162-image network PRE-ANNOTATION-mask biomarkers (results/pivot/e4_gt_maplesdr_preannot.csv); no Gate A train scale exists for this set
preannot,fidelity,lower_resolution,hrf,1,continued,,tortuosity,skan,91,0.009258289494123093,0.5139872118635617,0.6820194298455169,-0.5948042093965124,1.574136287198855,0.9683935833378604,,,,runs/pivot/e4/maples/e4mp_hrf_s1_continued/bio.csv,results/pivot/e4_gt_maplesdr_preannot.csv,1.4826*MAD of MAPLES-DR's own 162-image network PRE-ANNOTATION-mask biomarkers (results/pivot/e4_gt_maplesdr_preannot.csv); no Gate A train scale exists for this set
preannot,fidelity,lower_resolution,hrf,1,continued,,density,pvbm,91,0.019181209714760065,0.7129803448348966,0.5881032011466794,-0.5821905497681152,0.8545200572024603,0.8697703381878437,,,,runs/pivot/e4/maples/e4mp_hrf_s1_continued/bio.csv,results/pivot/e4_gt_maplesdr_preannot.csv,1.4826*MAD of MAPLES-DR's own 162-image network PRE-ANNOTATION-mask biomarkers (results/pivot/e4_gt_maplesdr_preannot.csv); no Gate A train scale exists for this set
preannot,fidelity,lower_resolution,hrf,1,continued,,density,skan,91,0.019181209714760065,0.7129803448348966,0.5881032011466794,-0.5821905497681152,0.8545200572024603,0.8697703381878437,,,,runs/pivot/e4/maples/e4mp_hrf_s1_continued/bio.csv,results/pivot/e4_gt_maplesdr_preannot.csv,1.4826*MAD of MAPLES-DR's own 162-image network PRE-ANNOTATION-mask biomarkers (results/pivot/e4_gt_maplesdr_preannot.csv); no Gate A train scale exists for this set
preannot,fidelity,lower_resolution,hrf,1,continued,,total_length,pvbm,91,3742.5705005907253,0.7321329266635024,0.7158783245739768,0.7075061890963692,0.5644041018638655,0.7135277123048317,,,,runs/pivot/e4/maples/e4mp_hrf_s1_continued/bio.csv,results/pivot/e4_gt_maplesdr_preannot.csv,1.4826*MAD of MAPLES-DR's own 162-image network PRE-ANNOTATION-mask biomarkers (results/pivot/e4_gt_maplesdr_preannot.csv); no Gate A train scale exists for this set
preannot,fidelity,lower_resolution,hrf,1,continued,,total_length,skan,91,3130.1513354528465,0.8517715900040969,0.7838987099856666,0.8206730014569645,0.4814905179481213,0.8266437157551002,,,,runs/pivot/e4/maples/e4mp_hrf_s1_continued/bio.csv,results/pivot/e4_gt_maplesdr_preannot.csv,1.4826*MAD of MAPLES-DR's own 162-image network PRE-ANNOTATION-mask biomarkers (results/pivot/e4_gt_maplesdr_preannot.csv); no Gate A train scale exists for this set
preannot,fidelity,lower_resolution,hrf,1,reliseg,,FD,pvbm,91,0.05863112950581929,0.8706443579189763,0.8301162605510433,0.9214577439606925,0.5161572591478834,0.9214577439606925,,,,runs/pivot/e4/maples/e4mp_hrf_s1_reliseg/bio.csv,results/pivot/e4_gt_maplesdr_preannot.csv,1.4826*MAD of MAPLES-DR's own 162-image network PRE-ANNOTATION-mask biomarkers (results/pivot/e4_gt_maplesdr_preannot.csv); no Gate A train scale exists for this set
preannot,fidelity,lower_resolution,hrf,1,reliseg,,FD,skan,91,0.04989361650504784,0.8683052698420131,0.8147157190635451,1.432678758182112,0.5701156033300964,1.432678758182112,,,,runs/pivot/e4/maples/e4mp_hrf_s1_reliseg/bio.csv,results/pivot/e4_gt_maplesdr_preannot.csv,1.4826*MAD of MAPLES-DR's own 162-image network PRE-ANNOTATION-mask biomarkers (results/pivot/e4_gt_maplesdr_preannot.csv); no Gate A train scale exists for this set
preannot,fidelity,lower_resolution,hrf,1,reliseg,,tortuosity,pvbm,91,0.0062787696728688735,0.4943681577172073,0.5353129952819836,-0.10008971818692754,1.013782737844793,0.7426274333163998,,,,runs/pivot/e4/maples/e4mp_hrf_s1_reliseg/bio.csv,results/pivot/e4_gt_maplesdr_preannot.csv,1.4826*MAD of MAPLES-DR's own 162-image network PRE-ANNOTATION-mask biomarkers (results/pivot/e4_gt_maplesdr_preannot.csv); no Gate A train scale exists for this set
preannot,fidelity,lower_resolution,hrf,1,reliseg,,tortuosity,skan,91,0.009258289494123093,0.48350472162115665,0.7137760789934703,-0.5799164943841997,1.5902401002473854,0.9172291964380646,,,,runs/pivot/e4/maples/e4mp_hrf_s1_reliseg/bio.csv,results/pivot/e4_gt_maplesdr_preannot.csv,1.4826*MAD of MAPLES-DR's own 162-image network PRE-ANNOTATION-mask biomarkers (results/pivot/e4_gt_maplesdr_preannot.csv); no Gate A train scale exists for this set
preannot,fidelity,lower_resolution,hrf,1,reliseg,,density,pvbm,91,0.019181209714760065,0.701495881304013,0.5740404523013218,-0.6347270181756085,0.8675441495308678,0.9126776287110007,,,,runs/pivot/e4/maples/e4mp_hrf_s1_reliseg/bio.csv,results/pivot/e4_gt_maplesdr_preannot.csv,1.4826*MAD of MAPLES-DR's own 162-image network PRE-ANNOTATION-mask biomarkers (results/pivot/e4_gt_maplesdr_preannot.csv); no Gate A train scale exists for this set
preannot,fidelity,lower_resolution,hrf,1,reliseg,,density,skan,91,0.019181209714760065,0.701495881304013,0.5740404523013218,-0.6347270181756085,0.8675441495308678,0.9126776287110007,,,,runs/pivot/e4/maples/e4mp_hrf_s1_reliseg/bio.csv,results/pivot/e4_gt_maplesdr_preannot.csv,1.4826*MAD of MAPLES-DR's own 162-image network PRE-ANNOTATION-mask biomarkers (results/pivot/e4_gt_maplesdr_preannot.csv); no Gate A train scale exists for this set
preannot,fidelity,lower_resolution,hrf,1,reliseg,,total_length,pvbm,91,3742.5705005907253,0.7277047470119111,0.7190635451505016,0.9002898131645458,0.5662440818469076,0.9002898131645458,,,,runs/pivot/e4/maples/e4mp_hrf_s1_reliseg/bio.csv,results/pivot/e4_gt_maplesdr_preannot.csv,1.4826*MAD of MAPLES-DR's own 162-image network PRE-ANNOTATION-mask biomarkers (results/pivot/e4_gt_maplesdr_preannot.csv); no Gate A train scale exists for this set
preannot,fidelity,lower_resolution,hrf,1,reliseg,,total_length,skan,91,3130.1513354528465,0.8547240871216956,0.8034718904284123,1.3235542290581452,0.4736371350286791,1.3235542290581452,,,,runs/pivot/e4/maples/e4mp_hrf_s1_reliseg/bio.csv,results/pivot/e4_gt_maplesdr_preannot.csv,1.4826*MAD of MAPLES-DR's own 162-image network PRE-ANNOTATION-mask biomarkers (results/pivot/e4_gt_maplesdr_preannot.csv); no Gate A train scale exists for this set
preannot,fidelity,lower_resolution,hrf,2,baseline,,FD,pvbm,91,0.05863112950581929,0.7666617418857311,0.6971333014811276,0.6243792080424403,0.5868758227782261,0.6351606230842267,,,,runs/pivot/e4/maples/e4mp_hrf_s2_baseline/bio.csv,results/pivot/e4_gt_maplesdr_preannot.csv,1.4826*MAD of MAPLES-DR's own 162-image network PRE-ANNOTATION-mask biomarkers (results/pivot/e4_gt_maplesdr_preannot.csv); no Gate A train scale exists for this set
preannot,fidelity,lower_resolution,hrf,2,baseline,,FD,skan,91,0.04989361650504784,0.8215907249729875,0.7121675426023252,0.8684886774115385,0.627612252193613,0.8779859183773616,,,,runs/pivot/e4/maples/e4mp_hrf_s2_baseline/bio.csv,results/pivot/e4_gt_maplesdr_preannot.csv,1.4826*MAD of MAPLES-DR's own 162-image network PRE-ANNOTATION-mask biomarkers (results/pivot/e4_gt_maplesdr_preannot.csv); no Gate A train scale exists for this set
preannot,fidelity,lower_resolution,hrf,2,baseline,,tortuosity,pvbm,91,0.0062787696728688735,0.5773612433144519,0.6230634777222412,-0.4048342627157752,0.9606563341135953,0.7450273527560939,,,,runs/pivot/e4/maples/e4mp_hrf_s2_baseline/bio.csv,results/pivot/e4_gt_maplesdr_preannot.csv,1.4826*MAD of MAPLES-DR's own 162-image network PRE-ANNOTATION-mask biomarkers (results/pivot/e4_gt_maplesdr_preannot.csv); no Gate A train scale exists for this set
preannot,fidelity,lower_resolution,hrf,2,baseline,,tortuosity,skan,91,0.009258289494123093,0.4647268972734125,0.7367255932473324,-0.6022137896492471,1.611422506671195,0.9258026168114614,,,,runs/pivot/e4/maples/e4mp_hrf_s2_baseline/bio.csv,results/pivot/e4_gt_maplesdr_preannot.csv,1.4826*MAD of MAPLES-DR's own 162-image network PRE-ANNOTATION-mask biomarkers (results/pivot/e4_gt_maplesdr_preannot.csv); no Gate A train scale exists for this set
preannot,fidelity,lower_resolution,hrf,2,baseline,,density,pvbm,91,0.019181209714760065,0.7234521793348339,0.6207198598502948,-0.5217039529759913,0.8384576966935549,0.8340764243975038,,,,runs/pivot/e4/maples/e4mp_hrf_s2_baseline/bio.csv,results/pivot/e4_gt_maplesdr_preannot.csv,1.4826*MAD of MAPLES-DR's own 162-image network PRE-ANNOTATION-mask biomarkers (results/pivot/e4_gt_maplesdr_preannot.csv); no Gate A train scale exists for this set
preannot,fidelity,lower_resolution,hrf,2,baseline,,density,skan,91,0.019181209714760065,0.7234521793348339,0.6207198598502948,-0.5217039529759913,0.8384576966935549,0.8340764243975038,,,,runs/pivot/e4/maples/e4mp_hrf_s2_baseline/bio.csv,results/pivot/e4_gt_maplesdr_preannot.csv,1.4826*MAD of MAPLES-DR's own 162-image network PRE-ANNOTATION-mask biomarkers (results/pivot/e4_gt_maplesdr_preannot.csv); no Gate A train scale exists for this set
preannot,fidelity,lower_resolution,hrf,2,baseline,,total_length,pvbm,91,3742.5705005907253,0.6771469514903773,0.6419334288899508,0.6789362482431822,0.6081590622523788,0.684336157118261,,,,runs/pivot/e4/maples/e4mp_hrf_s2_baseline/bio.csv,results/pivot/e4_gt_maplesdr_preannot.csv,1.4826*MAD of MAPLES-DR's own 162-image network PRE-ANNOTATION-mask biomarkers (results/pivot/e4_gt_maplesdr_preannot.csv); no Gate A train scale exists for this set
preannot,fidelity,lower_resolution,hrf,2,baseline,,total_length,skan,91,3130.1513354528465,0.7680142652537773,0.6747412008281575,0.8482804209918948,0.5781969198203775,0.8555543270669533,,,,runs/pivot/e4/maples/e4mp_hrf_s2_baseline/bio.csv,results/pivot/e4_gt_maplesdr_preannot.csv,1.4826*MAD of MAPLES-DR's own 162-image network PRE-ANNOTATION-mask biomarkers (results/pivot/e4_gt_maplesdr_preannot.csv); no Gate A train scale exists for this set
preannot,fidelity,lower_resolution,hrf,2,cfloss,,FD,pvbm,91,0.05863112950581929,0.8201245811414082,0.7330307373785635,0.4252133443160847,0.5260042563128947,0.478458093476817,,,,runs/pivot/e4/maples/e4mp_hrf_s2_cfloss/bio.csv,results/pivot/e4_gt_maplesdr_preannot.csv,1.4826*MAD of MAPLES-DR's own 162-image network PRE-ANNOTATION-mask biomarkers (results/pivot/e4_gt_maplesdr_preannot.csv); no Gate A train scale exists for this set
preannot,fidelity,lower_resolution,hrf,2,cfloss,,FD,skan,91,0.04989361650504784,0.8419078569599775,0.7253384296862558,0.6880307414178721,0.5951697165699528,0.7153513006150329,,,,runs/pivot/e4/maples/e4mp_hrf_s2_cfloss/bio.csv,results/pivot/e4_gt_maplesdr_preannot.csv,1.4826*MAD of MAPLES-DR's own 162-image network PRE-ANNOTATION-mask biomarkers (results/pivot/e4_gt_maplesdr_preannot.csv); no Gate A train scale exists for this set
preannot,fidelity,lower_resolution,hrf,2,cfloss,,tortuosity,pvbm,91,0.0062787696728688735,0.5409521368320115,0.5410458755046624,-0.48317724647936633,0.9783457942376179,0.8350321315454419,,,,runs/pivot/e4/maples/e4mp_hrf_s2_cfloss/bio.csv,results/pivot/e4_gt_maplesdr_preannot.csv,1.4826*MAD of MAPLES-DR's own 162-image network PRE-ANNOTATION-mask biomarkers (results/pivot/e4_gt_maplesdr_preannot.csv); no Gate A train scale exists for this set
preannot,fidelity,lower_resolution,hrf,2,cfloss,,tortuosity,skan,91,0.009258289494123093,0.6349844491974215,0.7663322185061316,-0.7292559609949248,1.375816318917044,0.892527640323361,,,,runs/pivot/e4/maples/e4mp_hrf_s2_cfloss/bio.csv,results/pivot/e4_gt_maplesdr_preannot.csv,1.4826*MAD of MAPLES-DR's own 162-image network PRE-ANNOTATION-mask biomarkers (results/pivot/e4_gt_maplesdr_preannot.csv); no Gate A train scale exists for this set
preannot,fidelity,lower_resolution,hrf,2,cfloss,,density,pvbm,91,0.019181209714760065,0.7094023231077127,0.6061474757126932,-0.8804311652905965,0.8545378734417527,1.0503600335412375,,,,runs/pivot/e4/maples/e4mp_hrf_s2_cfloss/bio.csv,results/pivot/e4_gt_maplesdr_preannot.csv,1.4826*MAD of MAPLES-DR's own 162-image network PRE-ANNOTATION-mask biomarkers (results/pivot/e4_gt_maplesdr_preannot.csv); no Gate A train scale exists for this set
preannot,fidelity,lower_resolution,hrf,2,cfloss,,density,skan,91,0.019181209714760065,0.7094023231077127,0.6061474757126932,-0.8804311652905965,0.8545378734417527,1.0503600335412375,,,,runs/pivot/e4/maples/e4mp_hrf_s2_cfloss/bio.csv,results/pivot/e4_gt_maplesdr_preannot.csv,1.4826*MAD of MAPLES-DR's own 162-image network PRE-ANNOTATION-mask biomarkers (results/pivot/e4_gt_maplesdr_preannot.csv); no Gate A train scale exists for this set
preannot,fidelity,lower_resolution,hrf,2,cfloss,,total_length,pvbm,91,3742.5705005907253,0.6722770960334474,0.625752508361204,0.5506454932767917,0.6112694009295585,0.5846580029230235,,,,runs/pivot/e4/maples/e4mp_hrf_s2_cfloss/bio.csv,results/pivot/e4_gt_maplesdr_preannot.csv,1.4826*MAD of MAPLES-DR's own 162-image network PRE-ANNOTATION-mask biomarkers (results/pivot/e4_gt_maplesdr_preannot.csv); no Gate A train scale exists for this set
preannot,fidelity,lower_resolution,hrf,2,cfloss,,total_length,skan,91,3130.1513354528465,0.8041674811896719,0.7158623984710941,0.6182954322560882,0.5361352986523104,0.6521231647303802,,,,runs/pivot/e4/maples/e4mp_hrf_s2_cfloss/bio.csv,results/pivot/e4_gt_maplesdr_preannot.csv,1.4826*MAD of MAPLES-DR's own 162-image network PRE-ANNOTATION-mask biomarkers (results/pivot/e4_gt_maplesdr_preannot.csv); no Gate A train scale exists for this set
preannot,fidelity,lower_resolution,hrf,2,continued,,FD,pvbm,91,0.05863112950581929,0.8401618807472618,0.7918617614269787,0.6821382530507346,0.5210480372032433,0.6880285090872813,,,,runs/pivot/e4/maples/e4mp_hrf_s2_continued/bio.csv,results/pivot/e4_gt_maplesdr_preannot.csv,1.4826*MAD of MAPLES-DR's own 162-image network PRE-ANNOTATION-mask biomarkers (results/pivot/e4_gt_maplesdr_preannot.csv); no Gate A train scale exists for this set
preannot,fidelity,lower_resolution,hrf,2,continued,,FD,skan,91,0.04989361650504784,0.8607762599402713,0.7655836916706482,0.9777298159024167,0.5877987593127162,0.98113240752474,,,,runs/pivot/e4/maples/e4mp_hrf_s2_continued/bio.csv,results/pivot/e4_gt_maplesdr_preannot.csv,1.4826*MAD of MAPLES-DR's own 162-image network PRE-ANNOTATION-mask biomarkers (results/pivot/e4_gt_maplesdr_preannot.csv); no Gate A train scale exists for this set
preannot,fidelity,lower_resolution,hrf,2,continued,,tortuosity,pvbm,91,0.0062787696728688735,0.6102329985095876,0.5804848721373935,-0.33807074527338926,0.9116547212110694,0.7019449048390031,,,,runs/pivot/e4/maples/e4mp_hrf_s2_continued/bio.csv,results/pivot/e4_gt_maplesdr_preannot.csv,1.4826*MAD of MAPLES-DR's own 162-image network PRE-ANNOTATION-mask biomarkers (results/pivot/e4_gt_maplesdr_preannot.csv); no Gate A train scale exists for this set
preannot,fidelity,lower_resolution,hrf,2,continued,,tortuosity,skan,91,0.009258289494123093,0.4614532170201533,0.703567447045708,-0.6055965994013576,1.6475367544029398,0.9676954036603104,,,,runs/pivot/e4/maples/e4mp_hrf_s2_continued/bio.csv,results/pivot/e4_gt_maplesdr_preannot.csv,1.4826*MAD of MAPLES-DR's own 162-image network PRE-ANNOTATION-mask biomarkers (results/pivot/e4_gt_maplesdr_preannot.csv); no Gate A train scale exists for this set
preannot,fidelity,lower_resolution,hrf,2,continued,,density,pvbm,91,0.019181209714760065,0.7541545839860835,0.6663322185061316,-0.3197328770345902,0.8066609068255731,0.6806317110116872,,,,runs/pivot/e4/maples/e4mp_hrf_s2_continued/bio.csv,results/pivot/e4_gt_maplesdr_preannot.csv,1.4826*MAD of MAPLES-DR's own 162-image network PRE-ANNOTATION-mask biomarkers (results/pivot/e4_gt_maplesdr_preannot.csv); no Gate A train scale exists for this set
preannot,fidelity,lower_resolution,hrf,2,continued,,density,skan,91,0.019181209714760065,0.7541545839860835,0.6663322185061316,-0.3197328770345902,0.8066609068255731,0.6806317110116872,,,,runs/pivot/e4/maples/e4mp_hrf_s2_continued/bio.csv,results/pivot/e4_gt_maplesdr_preannot.csv,1.4826*MAD of MAPLES-DR's own 162-image network PRE-ANNOTATION-mask biomarkers (results/pivot/e4_gt_maplesdr_preannot.csv); no Gate A train scale exists for this set
preannot,fidelity,lower_resolution,hrf,2,continued,,total_length,pvbm,91,3742.5705005907253,0.7245435494477199,0.7226946966077401,0.7737937865191524,0.5714862604997859,0.7769444791400382,,,,runs/pivot/e4/maples/e4mp_hrf_s2_continued/bio.csv,results/pivot/e4_gt_maplesdr_preannot.csv,1.4826*MAD of MAPLES-DR's own 162-image network PRE-ANNOTATION-mask biomarkers (results/pivot/e4_gt_maplesdr_preannot.csv); no Gate A train scale exists for this set
preannot,fidelity,lower_resolution,hrf,2,continued,,total_length,skan,91,3130.1513354528465,0.8354747986608015,0.7645484949832776,0.903091765613254,0.49906438378899537,0.9060733124168965,,,,runs/pivot/e4/maples/e4mp_hrf_s2_continued/bio.csv,results/pivot/e4_gt_maplesdr_preannot.csv,1.4826*MAD of MAPLES-DR's own 162-image network PRE-ANNOTATION-mask biomarkers (results/pivot/e4_gt_maplesdr_preannot.csv); no Gate A train scale exists for this set
preannot,fidelity,lower_resolution,hrf,2,reliseg,,FD,pvbm,91,0.05863112950581929,0.8162754301460867,0.7783882783882784,0.9434337896466777,0.580121267206039,0.9434337896466777,,,,runs/pivot/e4/maples/e4mp_hrf_s2_reliseg/bio.csv,results/pivot/e4_gt_maplesdr_preannot.csv,1.4826*MAD of MAPLES-DR's own 162-image network PRE-ANNOTATION-mask biomarkers (results/pivot/e4_gt_maplesdr_preannot.csv); no Gate A train scale exists for this set
preannot,fidelity,lower_resolution,hrf,2,reliseg,,FD,skan,91,0.04989361650504784,0.8359803743157893,0.7290173594521422,1.4370809321226632,0.6371973543014535,1.4370809321226632,,,,runs/pivot/e4/maples/e4mp_hrf_s2_reliseg/bio.csv,results/pivot/e4_gt_maplesdr_preannot.csv,1.4826*MAD of MAPLES-DR's own 162-image network PRE-ANNOTATION-mask biomarkers (results/pivot/e4_gt_maplesdr_preannot.csv); no Gate A train scale exists for this set
preannot,fidelity,lower_resolution,hrf,2,reliseg,,tortuosity,pvbm,91,0.0062787696728688735,0.5334754730095955,0.47514124519107775,-0.11235900156941837,1.0057073904020635,0.723389695559995,,,,runs/pivot/e4/maples/e4mp_hrf_s2_reliseg/bio.csv,results/pivot/e4_gt_maplesdr_preannot.csv,1.4826*MAD of MAPLES-DR's own 162-image network PRE-ANNOTATION-mask biomarkers (results/pivot/e4_gt_maplesdr_preannot.csv); no Gate A train scale exists for this set
preannot,fidelity,lower_resolution,hrf,2,reliseg,,tortuosity,skan,91,0.009258289494123093,0.40823767201064176,0.6355629877369008,-0.5134563756568334,1.727272040093124,1.009905049986345,,,,runs/pivot/e4/maples/e4mp_hrf_s2_reliseg/bio.csv,results/pivot/e4_gt_maplesdr_preannot.csv,1.4826*MAD of MAPLES-DR's own 162-image network PRE-ANNOTATION-mask biomarkers (results/pivot/e4_gt_maplesdr_preannot.csv); no Gate A train scale exists for this set
preannot,fidelity,lower_resolution,hrf,2,reliseg,,density,pvbm,91,0.019181209714760065,0.725820254295836,0.6270903010033445,-0.44184395023783846,0.8403619415843421,0.7653521533950406,,,,runs/pivot/e4/maples/e4mp_hrf_s2_reliseg/bio.csv,results/pivot/e4_gt_maplesdr_preannot.csv,1.4826*MAD of MAPLES-DR's own 162-image network PRE-ANNOTATION-mask biomarkers (results/pivot/e4_gt_maplesdr_preannot.csv); no Gate A train scale exists for this set
preannot,fidelity,lower_resolution,hrf,2,reliseg,,density,skan,91,0.019181209714760065,0.725820254295836,0.6270903010033445,-0.44184395023783846,0.8403619415843421,0.7653521533950406,,,,runs/pivot/e4/maples/e4mp_hrf_s2_reliseg/bio.csv,results/pivot/e4_gt_maplesdr_preannot.csv,1.4826*MAD of MAPLES-DR's own 162-image network PRE-ANNOTATION-mask biomarkers (results/pivot/e4_gt_maplesdr_preannot.csv); no Gate A train scale exists for this set
preannot,fidelity,lower_resolution,hrf,2,reliseg,,total_length,pvbm,91,3742.5705005907253,0.701233665985724,0.692705844879758,0.9005482384495259,0.5885150595587156,0.9006442422574382,,,,runs/pivot/e4/maples/e4mp_hrf_s2_reliseg/bio.csv,results/pivot/e4_gt_maplesdr_preannot.csv,1.4826*MAD of MAPLES-DR's own 162-image network PRE-ANNOTATION-mask biomarkers (results/pivot/e4_gt_maplesdr_preannot.csv); no Gate A train scale exists for this set
preannot,fidelity,lower_resolution,hrf,2,reliseg,,total_length,skan,91,3130.1513354528465,0.8151940678783965,0.741328236980411,1.2999952769140228,0.5256719768971512,1.2999952769140228,,,,runs/pivot/e4/maples/e4mp_hrf_s2_reliseg/bio.csv,results/pivot/e4_gt_maplesdr_preannot.csv,1.4826*MAD of MAPLES-DR's own 162-image network PRE-ANNOTATION-mask biomarkers (results/pivot/e4_gt_maplesdr_preannot.csv); no Gate A train scale exists for this set
preannot,delta,lower_resolution,fives,0,reliseg,continued,FD,pvbm,91,0.05863112950581929,,,,,,-0.005985174075049393,-0.013882992980426204,0.0015870593925185457,runs/pivot/e4/maples/e4mp_fives_s0_reliseg/bio.csv,results/pivot/e4_gt_maplesdr_preannot.csv,1.4826*MAD of MAPLES-DR's own 162-image network PRE-ANNOTATION-mask biomarkers (results/pivot/e4_gt_maplesdr_preannot.csv); no Gate A train scale exists for this set
preannot,delta,lower_resolution,fives,0,reliseg,baseline,FD,pvbm,91,0.05863112950581929,,,,,,-0.011067538251263942,-0.028695340887659397,0.004454308639553211,runs/pivot/e4/maples/e4mp_fives_s0_reliseg/bio.csv,results/pivot/e4_gt_maplesdr_preannot.csv,1.4826*MAD of MAPLES-DR's own 162-image network PRE-ANNOTATION-mask biomarkers (results/pivot/e4_gt_maplesdr_preannot.csv); no Gate A train scale exists for this set
preannot,delta,lower_resolution,fives,0,cfloss,continued,FD,pvbm,91,0.05863112950581929,,,,,,-2.1283895811352593e-05,-0.011666953825170117,0.01481369130009158,runs/pivot/e4/maples/e4mp_fives_s0_cfloss/bio.csv,results/pivot/e4_gt_maplesdr_preannot.csv,1.4826*MAD of MAPLES-DR's own 162-image network PRE-ANNOTATION-mask biomarkers (results/pivot/e4_gt_maplesdr_preannot.csv); no Gate A train scale exists for this set
preannot,delta,lower_resolution,fives,0,cfloss,baseline,FD,pvbm,91,0.05863112950581929,,,,,,-0.005103648072025901,-0.011807090425419003,0.0021255733934259233,runs/pivot/e4/maples/e4mp_fives_s0_cfloss/bio.csv,results/pivot/e4_gt_maplesdr_preannot.csv,1.4826*MAD of MAPLES-DR's own 162-image network PRE-ANNOTATION-mask biomarkers (results/pivot/e4_gt_maplesdr_preannot.csv); no Gate A train scale exists for this set
preannot,delta,lower_resolution,fives,0,reliseg,continued,FD,skan,91,0.04989361650504784,,,,,,-0.0030437946121175674,-0.019500828152756083,0.01903963174432562,runs/pivot/e4/maples/e4mp_fives_s0_reliseg/bio.csv,results/pivot/e4_gt_maplesdr_preannot.csv,1.4826*MAD of MAPLES-DR's own 162-image network PRE-ANNOTATION-mask biomarkers (results/pivot/e4_gt_maplesdr_preannot.csv); no Gate A train scale exists for this set
preannot,delta,lower_resolution,fives,0,reliseg,baseline,FD,skan,91,0.04989361650504784,,,,,,-0.011813854594965867,-0.03304624080697591,0.00959224438874683,runs/pivot/e4/maples/e4mp_fives_s0_reliseg/bio.csv,results/pivot/e4_gt_maplesdr_preannot.csv,1.4826*MAD of MAPLES-DR's own 162-image network PRE-ANNOTATION-mask biomarkers (results/pivot/e4_gt_maplesdr_preannot.csv); no Gate A train scale exists for this set
preannot,delta,lower_resolution,fives,0,cfloss,continued,FD,skan,91,0.04989361650504784,,,,,,0.0082457509649968,-0.001861654399037882,0.02251091093313642,runs/pivot/e4/maples/e4mp_fives_s0_cfloss/bio.csv,results/pivot/e4_gt_maplesdr_preannot.csv,1.4826*MAD of MAPLES-DR's own 162-image network PRE-ANNOTATION-mask biomarkers (results/pivot/e4_gt_maplesdr_preannot.csv); no Gate A train scale exists for this set
preannot,delta,lower_resolution,fives,0,cfloss,baseline,FD,skan,91,0.04989361650504784,,,,,,-0.0005243090178514986,-0.013397056871591081,0.011548630001669623,runs/pivot/e4/maples/e4mp_fives_s0_cfloss/bio.csv,results/pivot/e4_gt_maplesdr_preannot.csv,1.4826*MAD of MAPLES-DR's own 162-image network PRE-ANNOTATION-mask biomarkers (results/pivot/e4_gt_maplesdr_preannot.csv); no Gate A train scale exists for this set
preannot,delta,lower_resolution,fives,0,reliseg,continued,tortuosity,pvbm,91,0.0062787696728688735,,,,,,-0.0057168950934990415,-0.10283213272215018,0.0745286670061685,runs/pivot/e4/maples/e4mp_fives_s0_reliseg/bio.csv,results/pivot/e4_gt_maplesdr_preannot.csv,1.4826*MAD of MAPLES-DR's own 162-image network PRE-ANNOTATION-mask biomarkers (results/pivot/e4_gt_maplesdr_preannot.csv); no Gate A train scale exists for this set
preannot,delta,lower_resolution,fives,0,reliseg,baseline,tortuosity,pvbm,91,0.0062787696728688735,,,,,,-0.0460248410612063,-0.14858717616008932,0.05766122992363332,runs/pivot/e4/maples/e4mp_fives_s0_reliseg/bio.csv,results/pivot/e4_gt_maplesdr_preannot.csv,1.4826*MAD of MAPLES-DR's own 162-image network PRE-ANNOTATION-mask biomarkers (results/pivot/e4_gt_maplesdr_preannot.csv); no Gate A train scale exists for this set
preannot,delta,lower_resolution,fives,0,cfloss,continued,tortuosity,pvbm,91,0.0062787696728688735,,,,,,0.069482822810495,-0.010351867118826052,0.13902355446228906,runs/pivot/e4/maples/e4mp_fives_s0_cfloss/bio.csv,results/pivot/e4_gt_maplesdr_preannot.csv,1.4826*MAD of MAPLES-DR's own 162-image network PRE-ANNOTATION-mask biomarkers (results/pivot/e4_gt_maplesdr_preannot.csv); no Gate A train scale exists for this set
preannot,delta,lower_resolution,fives,0,cfloss,baseline,tortuosity,pvbm,91,0.0062787696728688735,,,,,,0.029174876842787745,-0.039074190135847425,0.10222062206354057,runs/pivot/e4/maples/e4mp_fives_s0_cfloss/bio.csv,results/pivot/e4_gt_maplesdr_preannot.csv,1.4826*MAD of MAPLES-DR's own 162-image network PRE-ANNOTATION-mask biomarkers (results/pivot/e4_gt_maplesdr_preannot.csv); no Gate A train scale exists for this set
preannot,delta,lower_resolution,fives,0,reliseg,continued,tortuosity,skan,91,0.009258289494123093,,,,,,0.015990527885118677,-0.06043368845984983,0.09113210439117525,runs/pivot/e4/maples/e4mp_fives_s0_reliseg/bio.csv,results/pivot/e4_gt_maplesdr_preannot.csv,1.4826*MAD of MAPLES-DR's own 162-image network PRE-ANNOTATION-mask biomarkers (results/pivot/e4_gt_maplesdr_preannot.csv); no Gate A train scale exists for this set
preannot,delta,lower_resolution,fives,0,reliseg,baseline,tortuosity,skan,91,0.009258289494123093,,,,,,0.029912341206768,-0.0697631618731384,0.09919065767164262,runs/pivot/e4/maples/e4mp_fives_s0_reliseg/bio.csv,results/pivot/e4_gt_maplesdr_preannot.csv,1.4826*MAD of MAPLES-DR's own 162-image network PRE-ANNOTATION-mask biomarkers (results/pivot/e4_gt_maplesdr_preannot.csv); no Gate A train scale exists for this set
preannot,delta,lower_resolution,fives,0,cfloss,continued,tortuosity,skan,91,0.009258289494123093,,,,,,-0.008913832228865326,-0.08459793721984905,0.09885610846379907,runs/pivot/e4/maples/e4mp_fives_s0_cfloss/bio.csv,results/pivot/e4_gt_maplesdr_preannot.csv,1.4826*MAD of MAPLES-DR's own 162-image network PRE-ANNOTATION-mask biomarkers (results/pivot/e4_gt_maplesdr_preannot.csv); no Gate A train scale exists for this set
preannot,delta,lower_resolution,fives,0,cfloss,baseline,tortuosity,skan,91,0.009258289494123093,,,,,,0.005007981092783997,-0.04984470566672862,0.06194551941842368,runs/pivot/e4/maples/e4mp_fives_s0_cfloss/bio.csv,results/pivot/e4_gt_maplesdr_preannot.csv,1.4826*MAD of MAPLES-DR's own 162-image network PRE-ANNOTATION-mask biomarkers (results/pivot/e4_gt_maplesdr_preannot.csv); no Gate A train scale exists for this set
preannot,delta,lower_resolution,fives,0,reliseg,continued,density,pvbm,91,0.019181209714760065,,,,,,-0.006690656583054566,-0.012993743926418397,-0.0008137475259399554,runs/pivot/e4/maples/e4mp_fives_s0_reliseg/bio.csv,results/pivot/e4_gt_maplesdr_preannot.csv,1.4826*MAD of MAPLES-DR's own 162-image network PRE-ANNOTATION-mask biomarkers (results/pivot/e4_gt_maplesdr_preannot.csv); no Gate A train scale exists for this set
preannot,delta,lower_resolution,fives,0,reliseg,baseline,density,pvbm,91,0.019181209714760065,,,,,,-0.00916455064797006,-0.015636705056543455,-0.0035539087488746708,runs/pivot/e4/maples/e4mp_fives_s0_reliseg/bio.csv,results/pivot/e4_gt_maplesdr_preannot.csv,1.4826*MAD of MAPLES-DR's own 162-image network PRE-ANNOTATION-mask biomarkers (results/pivot/e4_gt_maplesdr_preannot.csv); no Gate A train scale exists for this set
preannot,delta,lower_resolution,fives,0,cfloss,continued,density,pvbm,91,0.019181209714760065,,,,,,0.005006616577429401,-0.0012153255354732577,0.01222921395856035,runs/pivot/e4/maples/e4mp_fives_s0_cfloss/bio.csv,results/pivot/e4_gt_maplesdr_preannot.csv,1.4826*MAD of MAPLES-DR's own 162-image network PRE-ANNOTATION-mask biomarkers (results/pivot/e4_gt_maplesdr_preannot.csv); no Gate A train scale exists for this set
preannot,delta,lower_resolution,fives,0,cfloss,baseline,density,pvbm,91,0.019181209714760065,,,,,,0.0025327225125139075,-0.002774945175538018,0.008185188155317082,runs/pivot/e4/maples/e4mp_fives_s0_cfloss/bio.csv,results/pivot/e4_gt_maplesdr_preannot.csv,1.4826*MAD of MAPLES-DR's own 162-image network PRE-ANNOTATION-mask biomarkers (results/pivot/e4_gt_maplesdr_preannot.csv); no Gate A train scale exists for this set
preannot,delta,lower_resolution,fives,0,reliseg,continued,density,skan,91,0.019181209714760065,,,,,,-0.006690656583054566,-0.012993743926418397,-0.0008137475259399554,runs/pivot/e4/maples/e4mp_fives_s0_reliseg/bio.csv,results/pivot/e4_gt_maplesdr_preannot.csv,1.4826*MAD of MAPLES-DR's own 162-image network PRE-ANNOTATION-mask biomarkers (results/pivot/e4_gt_maplesdr_preannot.csv); no Gate A train scale exists for this set
preannot,delta,lower_resolution,fives,0,reliseg,baseline,density,skan,91,0.019181209714760065,,,,,,-0.00916455064797006,-0.015636705056543455,-0.0035539087488746708,runs/pivot/e4/maples/e4mp_fives_s0_reliseg/bio.csv,results/pivot/e4_gt_maplesdr_preannot.csv,1.4826*MAD of MAPLES-DR's own 162-image network PRE-ANNOTATION-mask biomarkers (results/pivot/e4_gt_maplesdr_preannot.csv); no Gate A train scale exists for this set
preannot,delta,lower_resolution,fives,0,cfloss,continued,density,skan,91,0.019181209714760065,,,,,,0.005006616577429401,-0.0012153255354732577,0.01222921395856035,runs/pivot/e4/maples/e4mp_fives_s0_cfloss/bio.csv,results/pivot/e4_gt_maplesdr_preannot.csv,1.4826*MAD of MAPLES-DR's own 162-image network PRE-ANNOTATION-mask biomarkers (results/pivot/e4_gt_maplesdr_preannot.csv); no Gate A train scale exists for this set
preannot,delta,lower_resolution,fives,0,cfloss,baseline,density,skan,91,0.019181209714760065,,,,,,0.0025327225125139075,-0.002774945175538018,0.008185188155317082,runs/pivot/e4/maples/e4mp_fives_s0_cfloss/bio.csv,results/pivot/e4_gt_maplesdr_preannot.csv,1.4826*MAD of MAPLES-DR's own 162-image network PRE-ANNOTATION-mask biomarkers (results/pivot/e4_gt_maplesdr_preannot.csv); no Gate A train scale exists for this set
preannot,delta,lower_resolution,fives,0,reliseg,continued,total_length,pvbm,91,3742.5705005907253,,,,,,-0.006345317123680916,-0.018844573343693813,0.00394502584587075,runs/pivot/e4/maples/e4mp_fives_s0_reliseg/bio.csv,results/pivot/e4_gt_maplesdr_preannot.csv,1.4826*MAD of MAPLES-DR's own 162-image network PRE-ANNOTATION-mask biomarkers (results/pivot/e4_gt_maplesdr_preannot.csv); no Gate A train scale exists for this set
preannot,delta,lower_resolution,fives,0,reliseg,baseline,total_length,pvbm,91,3742.5705005907253,,,,,,-0.012630055109762006,-0.027935505205273704,-0.00022911755631343204,runs/pivot/e4/maples/e4mp_fives_s0_reliseg/bio.csv,results/pivot/e4_gt_maplesdr_preannot.csv,1.4826*MAD of MAPLES-DR's own 162-image network PRE-ANNOTATION-mask biomarkers (results/pivot/e4_gt_maplesdr_preannot.csv); no Gate A train scale exists for this set
preannot,delta,lower_resolution,fives,0,cfloss,continued,total_length,pvbm,91,3742.5705005907253,,,,,,-0.0030242395102626496,-0.014229334942754338,0.006309040939822773,runs/pivot/e4/maples/e4mp_fives_s0_cfloss/bio.csv,results/pivot/e4_gt_maplesdr_preannot.csv,1.4826*MAD of MAPLES-DR's own 162-image network PRE-ANNOTATION-mask biomarkers (results/pivot/e4_gt_maplesdr_preannot.csv); no Gate A train scale exists for this set
preannot,delta,lower_resolution,fives,0,cfloss,baseline,total_length,pvbm,91,3742.5705005907253,,,,,,-0.00930897749634374,-0.019685457817976017,-0.0009709438192525046,runs/pivot/e4/maples/e4mp_fives_s0_cfloss/bio.csv,results/pivot/e4_gt_maplesdr_preannot.csv,1.4826*MAD of MAPLES-DR's own 162-image network PRE-ANNOTATION-mask biomarkers (results/pivot/e4_gt_maplesdr_preannot.csv); no Gate A train scale exists for this set
preannot,delta,lower_resolution,fives,0,reliseg,continued,total_length,skan,91,3130.1513354528465,,,,,,-0.013036554149875923,-0.025987648823585875,-0.0022240064763088692,runs/pivot/e4/maples/e4mp_fives_s0_reliseg/bio.csv,results/pivot/e4_gt_maplesdr_preannot.csv,1.4826*MAD of MAPLES-DR's own 162-image network PRE-ANNOTATION-mask biomarkers (results/pivot/e4_gt_maplesdr_preannot.csv); no Gate A train scale exists for this set
preannot,delta,lower_resolution,fives,0,reliseg,baseline,total_length,skan,91,3130.1513354528465,,,,,,-0.020704539122674226,-0.03768938931899381,-0.007965122681038264,runs/pivot/e4/maples/e4mp_fives_s0_reliseg/bio.csv,results/pivot/e4_gt_maplesdr_preannot.csv,1.4826*MAD of MAPLES-DR's own 162-image network PRE-ANNOTATION-mask biomarkers (results/pivot/e4_gt_maplesdr_preannot.csv); no Gate A train scale exists for this set
preannot,delta,lower_resolution,fives,0,cfloss,continued,total_length,skan,91,3130.1513354528465,,,,,,0.0042719811143242525,-0.0005040309323578962,0.010071479321229931,runs/pivot/e4/maples/e4mp_fives_s0_cfloss/bio.csv,results/pivot/e4_gt_maplesdr_preannot.csv,1.4826*MAD of MAPLES-DR's own 162-image network PRE-ANNOTATION-mask biomarkers (results/pivot/e4_gt_maplesdr_preannot.csv); no Gate A train scale exists for this set
preannot,delta,lower_resolution,fives,0,cfloss,baseline,total_length,skan,91,3130.1513354528465,,,,,,-0.0033960038584740504,-0.008078179813410696,0.0009180925799944497,runs/pivot/e4/maples/e4mp_fives_s0_cfloss/bio.csv,results/pivot/e4_gt_maplesdr_preannot.csv,1.4826*MAD of MAPLES-DR's own 162-image network PRE-ANNOTATION-mask biomarkers (results/pivot/e4_gt_maplesdr_preannot.csv); no Gate A train scale exists for this set
preannot,delta,lower_resolution,fives,1,reliseg,continued,FD,pvbm,91,0.05863112950581929,,,,,,-0.009428603853864681,-0.023311449077752462,0.0054714052914024425,runs/pivot/e4/maples/e4mp_fives_s1_reliseg/bio.csv,results/pivot/e4_gt_maplesdr_preannot.csv,1.4826*MAD of MAPLES-DR's own 162-image network PRE-ANNOTATION-mask biomarkers (results/pivot/e4_gt_maplesdr_preannot.csv); no Gate A train scale exists for this set
preannot,delta,lower_resolution,fives,1,reliseg,baseline,FD,pvbm,91,0.05863112950581929,,,,,,-0.008633060315909269,-0.024120278485863567,0.006135374766802309,runs/pivot/e4/maples/e4mp_fives_s1_reliseg/bio.csv,results/pivot/e4_gt_maplesdr_preannot.csv,1.4826*MAD of MAPLES-DR's own 162-image network PRE-ANNOTATION-mask biomarkers (results/pivot/e4_gt_maplesdr_preannot.csv); no Gate A train scale exists for this set
preannot,delta,lower_resolution,fives,1,cfloss,continued,FD,pvbm,91,0.05863112950581929,,,,,,-0.00011523012689929057,-0.00735274898242905,0.011252733302016395,runs/pivot/e4/maples/e4mp_fives_s1_cfloss/bio.csv,results/pivot/e4_gt_maplesdr_preannot.csv,1.4826*MAD of MAPLES-DR's own 162-image network PRE-ANNOTATION-mask biomarkers (results/pivot/e4_gt_maplesdr_preannot.csv); no Gate A train scale exists for this set
preannot,delta,lower_resolution,fives,1,cfloss,baseline,FD,pvbm,91,0.05863112950581929,,,,,,0.0006803134110561215,-0.006360860109891525,0.01086930704567305,runs/pivot/e4/maples/e4mp_fives_s1_cfloss/bio.csv,results/pivot/e4_gt_maplesdr_preannot.csv,1.4826*MAD of MAPLES-DR's own 162-image network PRE-ANNOTATION-mask biomarkers (results/pivot/e4_gt_maplesdr_preannot.csv); no Gate A train scale exists for this set
preannot,delta,lower_resolution,fives,1,reliseg,continued,FD,skan,91,0.04989361650504784,,,,,,-0.020134398843328905,-0.042597159355632415,-0.0019229972326188461,runs/pivot/e4/maples/e4mp_fives_s1_reliseg/bio.csv,results/pivot/e4_gt_maplesdr_preannot.csv,1.4826*MAD of MAPLES-DR's own 162-image network PRE-ANNOTATION-mask biomarkers (results/pivot/e4_gt_maplesdr_preannot.csv); no Gate A train scale exists for this set
preannot,delta,lower_resolution,fives,1,reliseg,baseline,FD,skan,91,0.04989361650504784,,,,,,-0.02587963224145773,-0.044731964199609106,-0.007199772715044054,runs/pivot/e4/maples/e4mp_fives_s1_reliseg/bio.csv,results/pivot/e4_gt_maplesdr_preannot.csv,1.4826*MAD of MAPLES-DR's own 162-image network PRE-ANNOTATION-mask biomarkers (results/pivot/e4_gt_maplesdr_preannot.csv); no Gate A train scale exists for this set
preannot,delta,lower_resolution,fives,1,cfloss,continued,FD,skan,91,0.04989361650504784,,,,,,0.014092632278859485,0.0008498628236146222,0.03242936203709343,runs/pivot/e4/maples/e4mp_fives_s1_cfloss/bio.csv,results/pivot/e4_gt_maplesdr_preannot.csv,1.4826*MAD of MAPLES-DR's own 162-image network PRE-ANNOTATION-mask biomarkers (results/pivot/e4_gt_maplesdr_preannot.csv); no Gate A train scale exists for this set
preannot,delta,lower_resolution,fives,1,cfloss,baseline,FD,skan,91,0.04989361650504784,,,,,,0.008347398880730661,-0.003385218325661607,0.025551053444255897,runs/pivot/e4/maples/e4mp_fives_s1_cfloss/bio.csv,results/pivot/e4_gt_maplesdr_preannot.csv,1.4826*MAD of MAPLES-DR's own 162-image network PRE-ANNOTATION-mask biomarkers (results/pivot/e4_gt_maplesdr_preannot.csv); no Gate A train scale exists for this set
preannot,delta,lower_resolution,fives,1,reliseg,continued,tortuosity,pvbm,91,0.0062787696728688735,,,,,,-0.09533582379259231,-0.19674428194254742,-0.003420692491640551,runs/pivot/e4/maples/e4mp_fives_s1_reliseg/bio.csv,results/pivot/e4_gt_maplesdr_preannot.csv,1.4826*MAD of MAPLES-DR's own 162-image network PRE-ANNOTATION-mask biomarkers (results/pivot/e4_gt_maplesdr_preannot.csv); no Gate A train scale exists for this set
preannot,delta,lower_resolution,fives,1,reliseg,baseline,tortuosity,pvbm,91,0.0062787696728688735,,,,,,-0.10262260067044704,-0.2195083702840098,-0.0014225348906345683,runs/pivot/e4/maples/e4mp_fives_s1_reliseg/bio.csv,results/pivot/e4_gt_maplesdr_preannot.csv,1.4826*MAD of MAPLES-DR's own 162-image network PRE-ANNOTATION-mask biomarkers (results/pivot/e4_gt_maplesdr_preannot.csv); no Gate A train scale exists for this set
preannot,delta,lower_resolution,fives,1,cfloss,continued,tortuosity,pvbm,91,0.0062787696728688735,,,,,,-0.027163159981233642,-0.11074786435308603,0.05314619953476557,runs/pivot/e4/maples/e4mp_fives_s1_cfloss/bio.csv,results/pivot/e4_gt_maplesdr_preannot.csv,1.4826*MAD of MAPLES-DR's own 162-image network PRE-ANNOTATION-mask biomarkers (results/pivot/e4_gt_maplesdr_preannot.csv); no Gate A train scale exists for this set
preannot,delta,lower_resolution,fives,1,cfloss,baseline,tortuosity,pvbm,91,0.0062787696728688735,,,,,,-0.03444993685908837,-0.11313910877905906,0.04068677719039377,runs/pivot/e4/maples/e4mp_fives_s1_cfloss/bio.csv,results/pivot/e4_gt_maplesdr_preannot.csv,1.4826*MAD of MAPLES-DR's own 162-image network PRE-ANNOTATION-mask biomarkers (results/pivot/e4_gt_maplesdr_preannot.csv); no Gate A train scale exists for this set
preannot,delta,lower_resolution,fives,1,reliseg,continued,tortuosity,skan,91,0.009258289494123093,,,,,,-0.040471654164257354,-0.10201471140998189,0.030322194578057564,runs/pivot/e4/maples/e4mp_fives_s1_reliseg/bio.csv,results/pivot/e4_gt_maplesdr_preannot.csv,1.4826*MAD of MAPLES-DR's own 162-image network PRE-ANNOTATION-mask biomarkers (results/pivot/e4_gt_maplesdr_preannot.csv); no Gate A train scale exists for this set
preannot,delta,lower_resolution,fives,1,reliseg,baseline,tortuosity,skan,91,0.009258289494123093,,,,,,-0.026257505578557994,-0.07639837383185384,0.04759656821906115,runs/pivot/e4/maples/e4mp_fives_s1_reliseg/bio.csv,results/pivot/e4_gt_maplesdr_preannot.csv,1.4826*MAD of MAPLES-DR's own 162-image network PRE-ANNOTATION-mask biomarkers (results/pivot/e4_gt_maplesdr_preannot.csv); no Gate A train scale exists for this set
preannot,delta,lower_resolution,fives,1,cfloss,continued,tortuosity,skan,91,0.009258289494123093,,,,,,-0.013970893483122748,-0.10051159637932026,0.11161718617356177,runs/pivot/e4/maples/e4mp_fives_s1_cfloss/bio.csv,results/pivot/e4_gt_maplesdr_preannot.csv,1.4826*MAD of MAPLES-DR's own 162-image network PRE-ANNOTATION-mask biomarkers (results/pivot/e4_gt_maplesdr_preannot.csv); no Gate A train scale exists for this set
preannot,delta,lower_resolution,fives,1,cfloss,baseline,tortuosity,skan,91,0.009258289494123093,,,,,,0.00024325510257661165,-0.07582549320770306,0.12522055990998315,runs/pivot/e4/maples/e4mp_fives_s1_cfloss/bio.csv,results/pivot/e4_gt_maplesdr_preannot.csv,1.4826*MAD of MAPLES-DR's own 162-image network PRE-ANNOTATION-mask biomarkers (results/pivot/e4_gt_maplesdr_preannot.csv); no Gate A train scale exists for this set
preannot,delta,lower_resolution,fives,1,reliseg,continued,density,pvbm,91,0.019181209714760065,,,,,,-0.006917190450475452,-0.013089460011811202,-0.0010064338698389198,runs/pivot/e4/maples/e4mp_fives_s1_reliseg/bio.csv,results/pivot/e4_gt_maplesdr_preannot.csv,1.4826*MAD of MAPLES-DR's own 162-image network PRE-ANNOTATION-mask biomarkers (results/pivot/e4_gt_maplesdr_preannot.csv); no Gate A train scale exists for this set
preannot,delta,lower_resolution,fives,1,reliseg,baseline,density,pvbm,91,0.019181209714760065,,,,,,-0.006177475983494829,-0.011767444365082601,-0.0003277355024644244,runs/pivot/e4/maples/e4mp_fives_s1_reliseg/bio.csv,results/pivot/e4_gt_maplesdr_preannot.csv,1.4826*MAD of MAPLES-DR's own 162-image network PRE-ANNOTATION-mask biomarkers (results/pivot/e4_gt_maplesdr_preannot.csv); no Gate A train scale exists for this set
preannot,delta,lower_resolution,fives,1,cfloss,continued,density,pvbm,91,0.019181209714760065,,,,,,0.0014843755354628785,-0.0026212545904556544,0.006222005766746569,runs/pivot/e4/maples/e4mp_fives_s1_cfloss/bio.csv,results/pivot/e4_gt_maplesdr_preannot.csv,1.4826*MAD of MAPLES-DR's own 162-image network PRE-ANNOTATION-mask biomarkers (results/pivot/e4_gt_maplesdr_preannot.csv); no Gate A train scale exists for this set
preannot,delta,lower_resolution,fives,1,cfloss,baseline,density,pvbm,91,0.019181209714760065,,,,,,0.0022240900024435017,-0.0017029929796434668,0.0073653576319897985,runs/pivot/e4/maples/e4mp_fives_s1_cfloss/bio.csv,results/pivot/e4_gt_maplesdr_preannot.csv,1.4826*MAD of MAPLES-DR's own 162-image network PRE-ANNOTATION-mask biomarkers (results/pivot/e4_gt_maplesdr_preannot.csv); no Gate A train scale exists for this set
preannot,delta,lower_resolution,fives,1,reliseg,continued,density,skan,91,0.019181209714760065,,,,,,-0.006917190450475452,-0.013089460011811202,-0.0010064338698389198,runs/pivot/e4/maples/e4mp_fives_s1_reliseg/bio.csv,results/pivot/e4_gt_maplesdr_preannot.csv,1.4826*MAD of MAPLES-DR's own 162-image network PRE-ANNOTATION-mask biomarkers (results/pivot/e4_gt_maplesdr_preannot.csv); no Gate A train scale exists for this set
preannot,delta,lower_resolution,fives,1,reliseg,baseline,density,skan,91,0.019181209714760065,,,,,,-0.006177475983494829,-0.011767444365082601,-0.0003277355024644244,runs/pivot/e4/maples/e4mp_fives_s1_reliseg/bio.csv,results/pivot/e4_gt_maplesdr_preannot.csv,1.4826*MAD of MAPLES-DR's own 162-image network PRE-ANNOTATION-mask biomarkers (results/pivot/e4_gt_maplesdr_preannot.csv); no Gate A train scale exists for this set
preannot,delta,lower_resolution,fives,1,cfloss,continued,density,skan,91,0.019181209714760065,,,,,,0.0014843755354628785,-0.0026212545904556544,0.006222005766746569,runs/pivot/e4/maples/e4mp_fives_s1_cfloss/bio.csv,results/pivot/e4_gt_maplesdr_preannot.csv,1.4826*MAD of MAPLES-DR's own 162-image network PRE-ANNOTATION-mask biomarkers (results/pivot/e4_gt_maplesdr_preannot.csv); no Gate A train scale exists for this set
preannot,delta,lower_resolution,fives,1,cfloss,baseline,density,skan,91,0.019181209714760065,,,,,,0.0022240900024435017,-0.0017029929796434668,0.0073653576319897985,runs/pivot/e4/maples/e4mp_fives_s1_cfloss/bio.csv,results/pivot/e4_gt_maplesdr_preannot.csv,1.4826*MAD of MAPLES-DR's own 162-image network PRE-ANNOTATION-mask biomarkers (results/pivot/e4_gt_maplesdr_preannot.csv); no Gate A train scale exists for this set
preannot,delta,lower_resolution,fives,1,reliseg,continued,total_length,pvbm,91,3742.5705005907253,,,,,,-0.013927971986201215,-0.028965531056322696,1.3975070959459836e-05,runs/pivot/e4/maples/e4mp_fives_s1_reliseg/bio.csv,results/pivot/e4_gt_maplesdr_preannot.csv,1.4826*MAD of MAPLES-DR's own 162-image network PRE-ANNOTATION-mask biomarkers (results/pivot/e4_gt_maplesdr_preannot.csv); no Gate A train scale exists for this set
preannot,delta,lower_resolution,fives,1,reliseg,baseline,total_length,pvbm,91,3742.5705005907253,,,,,,-0.015467823228872857,-0.030623832754086873,-0.0022536663674335494,runs/pivot/e4/maples/e4mp_fives_s1_reliseg/bio.csv,results/pivot/e4_gt_maplesdr_preannot.csv,1.4826*MAD of MAPLES-DR's own 162-image network PRE-ANNOTATION-mask biomarkers (results/pivot/e4_gt_maplesdr_preannot.csv); no Gate A train scale exists for this set
preannot,delta,lower_resolution,fives,1,cfloss,continued,total_length,pvbm,91,3742.5705005907253,,,,,,-0.002230969740736888,-0.012193720013711246,0.010070758882150052,runs/pivot/e4/maples/e4mp_fives_s1_cfloss/bio.csv,results/pivot/e4_gt_maplesdr_preannot.csv,1.4826*MAD of MAPLES-DR's own 162-image network PRE-ANNOTATION-mask biomarkers (results/pivot/e4_gt_maplesdr_preannot.csv); no Gate A train scale exists for this set
preannot,delta,lower_resolution,fives,1,cfloss,baseline,total_length,pvbm,91,3742.5705005907253,,,,,,-0.0037708209834085293,-0.0160247528740582,0.006518603681048296,runs/pivot/e4/maples/e4mp_fives_s1_cfloss/bio.csv,results/pivot/e4_gt_maplesdr_preannot.csv,1.4826*MAD of MAPLES-DR's own 162-image network PRE-ANNOTATION-mask biomarkers (results/pivot/e4_gt_maplesdr_preannot.csv); no Gate A train scale exists for this set
preannot,delta,lower_resolution,fives,1,reliseg,continued,total_length,skan,91,3130.1513354528465,,,,,,-0.017045555502160803,-0.02767147932959577,-0.007142303873447407,runs/pivot/e4/maples/e4mp_fives_s1_reliseg/bio.csv,results/pivot/e4_gt_maplesdr_preannot.csv,1.4826*MAD of MAPLES-DR's own 162-image network PRE-ANNOTATION-mask biomarkers (results/pivot/e4_gt_maplesdr_preannot.csv); no Gate A train scale exists for this set
preannot,delta,lower_resolution,fives,1,reliseg,baseline,total_length,skan,91,3130.1513354528465,,,,,,-0.015487960723899352,-0.0253065620216276,-0.0065468034134692175,runs/pivot/e4/maples/e4mp_fives_s1_reliseg/bio.csv,results/pivot/e4_gt_maplesdr_preannot.csv,1.4826*MAD of MAPLES-DR's own 162-image network PRE-ANNOTATION-mask biomarkers (results/pivot/e4_gt_maplesdr_preannot.csv); no Gate A train scale exists for this set
preannot,delta,lower_resolution,fives,1,cfloss,continued,total_length,skan,91,3130.1513354528465,,,,,,0.00141539590556361,-0.0035463756106753593,0.00906509164848709,runs/pivot/e4/maples/e4mp_fives_s1_cfloss/bio.csv,results/pivot/e4_gt_maplesdr_preannot.csv,1.4826*MAD of MAPLES-DR's own 162-image network PRE-ANNOTATION-mask biomarkers (results/pivot/e4_gt_maplesdr_preannot.csv); no Gate A train scale exists for this set
preannot,delta,lower_resolution,fives,1,cfloss,baseline,total_length,skan,91,3130.1513354528465,,,,,,0.002972990683825061,-0.0019852242565495002,0.010396265976566423,runs/pivot/e4/maples/e4mp_fives_s1_cfloss/bio.csv,results/pivot/e4_gt_maplesdr_preannot.csv,1.4826*MAD of MAPLES-DR's own 162-image network PRE-ANNOTATION-mask biomarkers (results/pivot/e4_gt_maplesdr_preannot.csv); no Gate A train scale exists for this set
preannot,delta,lower_resolution,fives,2,reliseg,continued,FD,pvbm,91,0.05863112950581929,,,,,,-0.0024832510013527154,-0.009290028180300752,0.004526685894799174,runs/pivot/e4/maples/e4mp_fives_s2_reliseg/bio.csv,results/pivot/e4_gt_maplesdr_preannot.csv,1.4826*MAD of MAPLES-DR's own 162-image network PRE-ANNOTATION-mask biomarkers (results/pivot/e4_gt_maplesdr_preannot.csv); no Gate A train scale exists for this set
preannot,delta,lower_resolution,fives,2,reliseg,baseline,FD,pvbm,91,0.05863112950581929,,,,,,0.006188053620273415,-0.012561484846156884,0.02058327491497569,runs/pivot/e4/maples/e4mp_fives_s2_reliseg/bio.csv,results/pivot/e4_gt_maplesdr_preannot.csv,1.4826*MAD of MAPLES-DR's own 162-image network PRE-ANNOTATION-mask biomarkers (results/pivot/e4_gt_maplesdr_preannot.csv); no Gate A train scale exists for this set
preannot,delta,lower_resolution,fives,2,cfloss,continued,FD,pvbm,91,0.05863112950581929,,,,,,-0.00525051050242642,-0.018721131016852726,0.010902176180043159,runs/pivot/e4/maples/e4mp_fives_s2_cfloss/bio.csv,results/pivot/e4_gt_maplesdr_preannot.csv,1.4826*MAD of MAPLES-DR's own 162-image network PRE-ANNOTATION-mask biomarkers (results/pivot/e4_gt_maplesdr_preannot.csv); no Gate A train scale exists for this set
preannot,delta,lower_resolution,fives,2,cfloss,baseline,FD,pvbm,91,0.05863112950581929,,,,,,0.0034207941191997104,-0.006096670953675967,0.010964295672612976,runs/pivot/e4/maples/e4mp_fives_s2_cfloss/bio.csv,results/pivot/e4_gt_maplesdr_preannot.csv,1.4826*MAD of MAPLES-DR's own 162-image network PRE-ANNOTATION-mask biomarkers (results/pivot/e4_gt_maplesdr_preannot.csv); no Gate A train scale exists for this set
preannot,delta,lower_resolution,fives,2,reliseg,continued,FD,skan,91,0.04989361650504784,,,,,,-0.014330669183298617,-0.029235624230582843,0.0022073850727923634,runs/pivot/e4/maples/e4mp_fives_s2_reliseg/bio.csv,results/pivot/e4_gt_maplesdr_preannot.csv,1.4826*MAD of MAPLES-DR's own 162-image network PRE-ANNOTATION-mask biomarkers (results/pivot/e4_gt_maplesdr_preannot.csv); no Gate A train scale exists for this set
preannot,delta,lower_resolution,fives,2,reliseg,baseline,FD,skan,91,0.04989361650504784,,,,,,-0.012268637321941944,-0.026453615599342357,0.002435430277382987,runs/pivot/e4/maples/e4mp_fives_s2_reliseg/bio.csv,results/pivot/e4_gt_maplesdr_preannot.csv,1.4826*MAD of MAPLES-DR's own 162-image network PRE-ANNOTATION-mask biomarkers (results/pivot/e4_gt_maplesdr_preannot.csv); no Gate A train scale exists for this set
preannot,delta,lower_resolution,fives,2,cfloss,continued,FD,skan,91,0.04989361650504784,,,,,,0.0046520274046064625,-0.007406845385722804,0.018099016523370745,runs/pivot/e4/maples/e4mp_fives_s2_cfloss/bio.csv,results/pivot/e4_gt_maplesdr_preannot.csv,1.4826*MAD of MAPLES-DR's own 162-image network PRE-ANNOTATION-mask biomarkers (results/pivot/e4_gt_maplesdr_preannot.csv); no Gate A train scale exists for this set
preannot,delta,lower_resolution,fives,2,cfloss,baseline,FD,skan,91,0.04989361650504784,,,,,,0.006714059265963135,-0.005011072459767732,0.017022331371640626,runs/pivot/e4/maples/e4mp_fives_s2_cfloss/bio.csv,results/pivot/e4_gt_maplesdr_preannot.csv,1.4826*MAD of MAPLES-DR's own 162-image network PRE-ANNOTATION-mask biomarkers (results/pivot/e4_gt_maplesdr_preannot.csv); no Gate A train scale exists for this set
preannot,delta,lower_resolution,fives,2,reliseg,continued,tortuosity,pvbm,91,0.0062787696728688735,,,,,,-0.07692419866527322,-0.18722542725692068,0.01100870970668351,runs/pivot/e4/maples/e4mp_fives_s2_reliseg/bio.csv,results/pivot/e4_gt_maplesdr_preannot.csv,1.4826*MAD of MAPLES-DR's own 162-image network PRE-ANNOTATION-mask biomarkers (results/pivot/e4_gt_maplesdr_preannot.csv); no Gate A train scale exists for this set
preannot,delta,lower_resolution,fives,2,reliseg,baseline,tortuosity,pvbm,91,0.0062787696728688735,,,,,,-0.003436746994721407,-0.13089391725428365,0.10834126365575598,runs/pivot/e4/maples/e4mp_fives_s2_reliseg/bio.csv,results/pivot/e4_gt_maplesdr_preannot.csv,1.4826*MAD of MAPLES-DR's own 162-image network PRE-ANNOTATION-mask biomarkers (results/pivot/e4_gt_maplesdr_preannot.csv); no Gate A train scale exists for this set
preannot,delta,lower_resolution,fives,2,cfloss,continued,tortuosity,pvbm,91,0.0062787696728688735,,,,,,-0.10414703528583036,-0.19134116660154474,-0.026094921532977124,runs/pivot/e4/maples/e4mp_fives_s2_cfloss/bio.csv,results/pivot/e4_gt_maplesdr_preannot.csv,1.4826*MAD of MAPLES-DR's own 162-image network PRE-ANNOTATION-mask biomarkers (results/pivot/e4_gt_maplesdr_preannot.csv); no Gate A train scale exists for this set
preannot,delta,lower_resolution,fives,2,cfloss,baseline,tortuosity,pvbm,91,0.0062787696728688735,,,,,,-0.03065958361527854,-0.11468805686742337,0.06226426913143777,runs/pivot/e4/maples/e4mp_fives_s2_cfloss/bio.csv,results/pivot/e4_gt_maplesdr_preannot.csv,1.4826*MAD of MAPLES-DR's own 162-image network PRE-ANNOTATION-mask biomarkers (results/pivot/e4_gt_maplesdr_preannot.csv); no Gate A train scale exists for this set
preannot,delta,lower_resolution,fives,2,reliseg,continued,tortuosity,skan,91,0.009258289494123093,,,,,,-0.003999420482885374,-0.028077836355239534,0.015181722988459812,runs/pivot/e4/maples/e4mp_fives_s2_reliseg/bio.csv,results/pivot/e4_gt_maplesdr_preannot.csv,1.4826*MAD of MAPLES-DR's own 162-image network PRE-ANNOTATION-mask biomarkers (results/pivot/e4_gt_maplesdr_preannot.csv); no Gate A train scale exists for this set
preannot,delta,lower_resolution,fives,2,reliseg,baseline,tortuosity,skan,91,0.009258289494123093,,,,,,-0.15414577471125857,-0.30129542286759764,-0.007154895360481232,runs/pivot/e4/maples/e4mp_fives_s2_reliseg/bio.csv,results/pivot/e4_gt_maplesdr_preannot.csv,1.4826*MAD of MAPLES-DR's own 162-image network PRE-ANNOTATION-mask biomarkers (results/pivot/e4_gt_maplesdr_preannot.csv); no Gate A train scale exists for this set
preannot,delta,lower_resolution,fives,2,cfloss,continued,tortuosity,skan,91,0.009258289494123093,,,,,,0.08577041009637265,0.010838544339021068,0.17626708586504639,runs/pivot/e4/maples/e4mp_fives_s2_cfloss/bio.csv,results/pivot/e4_gt_maplesdr_preannot.csv,1.4826*MAD of MAPLES-DR's own 162-image network PRE-ANNOTATION-mask biomarkers (results/pivot/e4_gt_maplesdr_preannot.csv); no Gate A train scale exists for this set
preannot,delta,lower_resolution,fives,2,cfloss,baseline,tortuosity,skan,91,0.009258289494123093,,,,,,-0.06437594413200054,-0.23943576204507727,0.06873642800859704,runs/pivot/e4/maples/e4mp_fives_s2_cfloss/bio.csv,results/pivot/e4_gt_maplesdr_preannot.csv,1.4826*MAD of MAPLES-DR's own 162-image network PRE-ANNOTATION-mask biomarkers (results/pivot/e4_gt_maplesdr_preannot.csv); no Gate A train scale exists for this set
preannot,delta,lower_resolution,fives,2,reliseg,continued,density,pvbm,91,0.019181209714760065,,,,,,0.004963719961082025,0.0003121621316900747,0.010789066646480976,runs/pivot/e4/maples/e4mp_fives_s2_reliseg/bio.csv,results/pivot/e4_gt_maplesdr_preannot.csv,1.4826*MAD of MAPLES-DR's own 162-image network PRE-ANNOTATION-mask biomarkers (results/pivot/e4_gt_maplesdr_preannot.csv); no Gate A train scale exists for this set
preannot,delta,lower_resolution,fives,2,reliseg,baseline,density,pvbm,91,0.019181209714760065,,,,,,0.012637471100802822,0.0023953959681508263,0.023962844709686567,runs/pivot/e4/maples/e4mp_fives_s2_reliseg/bio.csv,results/pivot/e4_gt_maplesdr_preannot.csv,1.4826*MAD of MAPLES-DR's own 162-image network PRE-ANNOTATION-mask biomarkers (results/pivot/e4_gt_maplesdr_preannot.csv); no Gate A train scale exists for this set
preannot,delta,lower_resolution,fives,2,cfloss,continued,density,pvbm,91,0.019181209714760065,,,,,,0.00921043991024384,0.0021012947994293123,0.018585245523627544,runs/pivot/e4/maples/e4mp_fives_s2_cfloss/bio.csv,results/pivot/e4_gt_maplesdr_preannot.csv,1.4826*MAD of MAPLES-DR's own 162-image network PRE-ANNOTATION-mask biomarkers (results/pivot/e4_gt_maplesdr_preannot.csv); no Gate A train scale exists for this set
preannot,delta,lower_resolution,fives,2,cfloss,baseline,density,pvbm,91,0.019181209714760065,,,,,,0.016884191049964636,0.005860860187754913,0.030269712847212544,runs/pivot/e4/maples/e4mp_fives_s2_cfloss/bio.csv,results/pivot/e4_gt_maplesdr_preannot.csv,1.4826*MAD of MAPLES-DR's own 162-image network PRE-ANNOTATION-mask biomarkers (results/pivot/e4_gt_maplesdr_preannot.csv); no Gate A train scale exists for this set
preannot,delta,lower_resolution,fives,2,reliseg,continued,density,skan,91,0.019181209714760065,,,,,,0.004963719961082025,0.0003121621316900747,0.010789066646480976,runs/pivot/e4/maples/e4mp_fives_s2_reliseg/bio.csv,results/pivot/e4_gt_maplesdr_preannot.csv,1.4826*MAD of MAPLES-DR's own 162-image network PRE-ANNOTATION-mask biomarkers (results/pivot/e4_gt_maplesdr_preannot.csv); no Gate A train scale exists for this set
preannot,delta,lower_resolution,fives,2,reliseg,baseline,density,skan,91,0.019181209714760065,,,,,,0.012637471100802822,0.0023953959681508263,0.023962844709686567,runs/pivot/e4/maples/e4mp_fives_s2_reliseg/bio.csv,results/pivot/e4_gt_maplesdr_preannot.csv,1.4826*MAD of MAPLES-DR's own 162-image network PRE-ANNOTATION-mask biomarkers (results/pivot/e4_gt_maplesdr_preannot.csv); no Gate A train scale exists for this set
preannot,delta,lower_resolution,fives,2,cfloss,continued,density,skan,91,0.019181209714760065,,,,,,0.00921043991024384,0.0021012947994293123,0.018585245523627544,runs/pivot/e4/maples/e4mp_fives_s2_cfloss/bio.csv,results/pivot/e4_gt_maplesdr_preannot.csv,1.4826*MAD of MAPLES-DR's own 162-image network PRE-ANNOTATION-mask biomarkers (results/pivot/e4_gt_maplesdr_preannot.csv); no Gate A train scale exists for this set
preannot,delta,lower_resolution,fives,2,cfloss,baseline,density,skan,91,0.019181209714760065,,,,,,0.016884191049964636,0.005860860187754913,0.030269712847212544,runs/pivot/e4/maples/e4mp_fives_s2_cfloss/bio.csv,results/pivot/e4_gt_maplesdr_preannot.csv,1.4826*MAD of MAPLES-DR's own 162-image network PRE-ANNOTATION-mask biomarkers (results/pivot/e4_gt_maplesdr_preannot.csv); no Gate A train scale exists for this set
preannot,delta,lower_resolution,fives,2,reliseg,continued,total_length,pvbm,91,3742.5705005907253,,,,,,-0.0057055852448645306,-0.017037603674215876,0.004598463728003053,runs/pivot/e4/maples/e4mp_fives_s2_reliseg/bio.csv,results/pivot/e4_gt_maplesdr_preannot.csv,1.4826*MAD of MAPLES-DR's own 162-image network PRE-ANNOTATION-mask biomarkers (results/pivot/e4_gt_maplesdr_preannot.csv); no Gate A train scale exists for this set
preannot,delta,lower_resolution,fives,2,reliseg,baseline,total_length,pvbm,91,3742.5705005907253,,,,,,-0.0012590161668168953,-0.013440352229506286,0.012273415021024602,runs/pivot/e4/maples/e4mp_fives_s2_reliseg/bio.csv,results/pivot/e4_gt_maplesdr_preannot.csv,1.4826*MAD of MAPLES-DR's own 162-image network PRE-ANNOTATION-mask biomarkers (results/pivot/e4_gt_maplesdr_preannot.csv); no Gate A train scale exists for this set
preannot,delta,lower_resolution,fives,2,cfloss,continued,total_length,pvbm,91,3742.5705005907253,,,,,,0.0008530388130982836,-0.008388049552072539,0.00983483589391566,runs/pivot/e4/maples/e4mp_fives_s2_cfloss/bio.csv,results/pivot/e4_gt_maplesdr_preannot.csv,1.4826*MAD of MAPLES-DR's own 162-image network PRE-ANNOTATION-mask biomarkers (results/pivot/e4_gt_maplesdr_preannot.csv); no Gate A train scale exists for this set
preannot,delta,lower_resolution,fives,2,cfloss,baseline,total_length,pvbm,91,3742.5705005907253,,,,,,0.005299607891145919,-0.0034473898882718982,0.014566110511005587,runs/pivot/e4/maples/e4mp_fives_s2_cfloss/bio.csv,results/pivot/e4_gt_maplesdr_preannot.csv,1.4826*MAD of MAPLES-DR's own 162-image network PRE-ANNOTATION-mask biomarkers (results/pivot/e4_gt_maplesdr_preannot.csv); no Gate A train scale exists for this set
preannot,delta,lower_resolution,fives,2,reliseg,continued,total_length,skan,91,3130.1513354528465,,,,,,-0.0027181457395279995,-0.009418222391520601,0.004524580489057311,runs/pivot/e4/maples/e4mp_fives_s2_reliseg/bio.csv,results/pivot/e4_gt_maplesdr_preannot.csv,1.4826*MAD of MAPLES-DR's own 162-image network PRE-ANNOTATION-mask biomarkers (results/pivot/e4_gt_maplesdr_preannot.csv); no Gate A train scale exists for this set
preannot,delta,lower_resolution,fives,2,reliseg,baseline,total_length,skan,91,3130.1513354528465,,,,,,-3.9630530446199685e-07,-0.008903196462732244,0.007149243507005973,runs/pivot/e4/maples/e4mp_fives_s2_reliseg/bio.csv,results/pivot/e4_gt_maplesdr_preannot.csv,1.4826*MAD of MAPLES-DR's own 162-image network PRE-ANNOTATION-mask biomarkers (results/pivot/e4_gt_maplesdr_preannot.csv); no Gate A train scale exists for this set
preannot,delta,lower_resolution,fives,2,cfloss,continued,total_length,skan,91,3130.1513354528465,,,,,,0.0058443750680782225,0.0004735329556503687,0.013999222860326298,runs/pivot/e4/maples/e4mp_fives_s2_cfloss/bio.csv,results/pivot/e4_gt_maplesdr_preannot.csv,1.4826*MAD of MAPLES-DR's own 162-image network PRE-ANNOTATION-mask biomarkers (results/pivot/e4_gt_maplesdr_preannot.csv); no Gate A train scale exists for this set
preannot,delta,lower_resolution,fives,2,cfloss,baseline,total_length,skan,91,3130.1513354528465,,,,,,0.00856212450230176,0.002361803848095087,0.015881808740996324,runs/pivot/e4/maples/e4mp_fives_s2_cfloss/bio.csv,results/pivot/e4_gt_maplesdr_preannot.csv,1.4826*MAD of MAPLES-DR's own 162-image network PRE-ANNOTATION-mask biomarkers (results/pivot/e4_gt_maplesdr_preannot.csv); no Gate A train scale exists for this set
preannot,delta,lower_resolution,hrf,0,reliseg,continued,FD,pvbm,91,0.05863112950581929,,,,,,-0.041867835352859095,-0.08485415793523701,-0.005194308149825254,runs/pivot/e4/maples/e4mp_hrf_s0_reliseg/bio.csv,results/pivot/e4_gt_maplesdr_preannot.csv,1.4826*MAD of MAPLES-DR's own 162-image network PRE-ANNOTATION-mask biomarkers (results/pivot/e4_gt_maplesdr_preannot.csv); no Gate A train scale exists for this set
preannot,delta,lower_resolution,hrf,0,reliseg,baseline,FD,pvbm,91,0.05863112950581929,,,,,,0.009217992643112294,-0.030554401083729484,0.041339422682723934,runs/pivot/e4/maples/e4mp_hrf_s0_reliseg/bio.csv,results/pivot/e4_gt_maplesdr_preannot.csv,1.4826*MAD of MAPLES-DR's own 162-image network PRE-ANNOTATION-mask biomarkers (results/pivot/e4_gt_maplesdr_preannot.csv); no Gate A train scale exists for this set
preannot,delta,lower_resolution,hrf,0,cfloss,continued,FD,pvbm,91,0.05863112950581929,,,,,,-0.03923601299963608,-0.08523013950000986,-0.009514072749248282,runs/pivot/e4/maples/e4mp_hrf_s0_cfloss/bio.csv,results/pivot/e4_gt_maplesdr_preannot.csv,1.4826*MAD of MAPLES-DR's own 162-image network PRE-ANNOTATION-mask biomarkers (results/pivot/e4_gt_maplesdr_preannot.csv); no Gate A train scale exists for this set
preannot,delta,lower_resolution,hrf,0,cfloss,baseline,FD,pvbm,91,0.05863112950581929,,,,,,0.011849814996335306,-0.04143625043035616,0.050819266589753324,runs/pivot/e4/maples/e4mp_hrf_s0_cfloss/bio.csv,results/pivot/e4_gt_maplesdr_preannot.csv,1.4826*MAD of MAPLES-DR's own 162-image network PRE-ANNOTATION-mask biomarkers (results/pivot/e4_gt_maplesdr_preannot.csv); no Gate A train scale exists for this set
preannot,delta,lower_resolution,hrf,0,reliseg,continued,FD,skan,91,0.04989361650504784,,,,,,-0.011939856778294233,-0.0382404184787823,0.008447134334451767,runs/pivot/e4/maples/e4mp_hrf_s0_reliseg/bio.csv,results/pivot/e4_gt_maplesdr_preannot.csv,1.4826*MAD of MAPLES-DR's own 162-image network PRE-ANNOTATION-mask biomarkers (results/pivot/e4_gt_maplesdr_preannot.csv); no Gate A train scale exists for this set
preannot,delta,lower_resolution,hrf,0,reliseg,baseline,FD,skan,91,0.04989361650504784,,,,,,0.030233150358424443,-0.009261209040490478,0.05311983873317832,runs/pivot/e4/maples/e4mp_hrf_s0_reliseg/bio.csv,results/pivot/e4_gt_maplesdr_preannot.csv,1.4826*MAD of MAPLES-DR's own 162-image network PRE-ANNOTATION-mask biomarkers (results/pivot/e4_gt_maplesdr_preannot.csv); no Gate A train scale exists for this set
preannot,delta,lower_resolution,hrf,0,cfloss,continued,FD,skan,91,0.04989361650504784,,,,,,-0.025221151012263854,-0.054978248040156885,-0.0016428411613015528,runs/pivot/e4/maples/e4mp_hrf_s0_cfloss/bio.csv,results/pivot/e4_gt_maplesdr_preannot.csv,1.4826*MAD of MAPLES-DR's own 162-image network PRE-ANNOTATION-mask biomarkers (results/pivot/e4_gt_maplesdr_preannot.csv); no Gate A train scale exists for this set
preannot,delta,lower_resolution,hrf,0,cfloss,baseline,FD,skan,91,0.04989361650504784,,,,,,0.016951856124454823,-0.02158859667040668,0.04175023612698811,runs/pivot/e4/maples/e4mp_hrf_s0_cfloss/bio.csv,results/pivot/e4_gt_maplesdr_preannot.csv,1.4826*MAD of MAPLES-DR's own 162-image network PRE-ANNOTATION-mask biomarkers (results/pivot/e4_gt_maplesdr_preannot.csv); no Gate A train scale exists for this set
preannot,delta,lower_resolution,hrf,0,reliseg,continued,tortuosity,pvbm,91,0.0062787696728688735,,,,,,-0.41650113281325035,-0.7078056975775394,-0.06738691741063232,runs/pivot/e4/maples/e4mp_hrf_s0_reliseg/bio.csv,results/pivot/e4_gt_maplesdr_preannot.csv,1.4826*MAD of MAPLES-DR's own 162-image network PRE-ANNOTATION-mask biomarkers (results/pivot/e4_gt_maplesdr_preannot.csv); no Gate A train scale exists for this set
preannot,delta,lower_resolution,hrf,0,reliseg,baseline,tortuosity,pvbm,91,0.0062787696728688735,,,,,,-0.48825806790912957,-0.7851002809125693,-0.14444228502276865,runs/pivot/e4/maples/e4mp_hrf_s0_reliseg/bio.csv,results/pivot/e4_gt_maplesdr_preannot.csv,1.4826*MAD of MAPLES-DR's own 162-image network PRE-ANNOTATION-mask biomarkers (results/pivot/e4_gt_maplesdr_preannot.csv); no Gate A train scale exists for this set
preannot,delta,lower_resolution,hrf,0,cfloss,continued,tortuosity,pvbm,91,0.0062787696728688735,,,,,,0.07352788275343258,-0.06234400626536864,0.18109031138037882,runs/pivot/e4/maples/e4mp_hrf_s0_cfloss/bio.csv,results/pivot/e4_gt_maplesdr_preannot.csv,1.4826*MAD of MAPLES-DR's own 162-image network PRE-ANNOTATION-mask biomarkers (results/pivot/e4_gt_maplesdr_preannot.csv); no Gate A train scale exists for this set
preannot,delta,lower_resolution,hrf,0,cfloss,baseline,tortuosity,pvbm,91,0.0062787696728688735,,,,,,0.0017709476575533678,-0.1578415507515551,0.13278345850943762,runs/pivot/e4/maples/e4mp_hrf_s0_cfloss/bio.csv,results/pivot/e4_gt_maplesdr_preannot.csv,1.4826*MAD of MAPLES-DR's own 162-image network PRE-ANNOTATION-mask biomarkers (results/pivot/e4_gt_maplesdr_preannot.csv); no Gate A train scale exists for this set
preannot,delta,lower_resolution,hrf,0,reliseg,continued,tortuosity,skan,91,0.009258289494123093,,,,,,0.00573120435808816,-0.11908357378691259,0.09362244363671551,runs/pivot/e4/maples/e4mp_hrf_s0_reliseg/bio.csv,results/pivot/e4_gt_maplesdr_preannot.csv,1.4826*MAD of MAPLES-DR's own 162-image network PRE-ANNOTATION-mask biomarkers (results/pivot/e4_gt_maplesdr_preannot.csv); no Gate A train scale exists for this set
preannot,delta,lower_resolution,hrf,0,reliseg,baseline,tortuosity,skan,91,0.009258289494123093,,,,,,-0.024642331852941624,-0.09617527313787368,0.030592536378774564,runs/pivot/e4/maples/e4mp_hrf_s0_reliseg/bio.csv,results/pivot/e4_gt_maplesdr_preannot.csv,1.4826*MAD of MAPLES-DR's own 162-image network PRE-ANNOTATION-mask biomarkers (results/pivot/e4_gt_maplesdr_preannot.csv); no Gate A train scale exists for this set
preannot,delta,lower_resolution,hrf,0,cfloss,continued,tortuosity,skan,91,0.009258289494123093,,,,,,-0.006237372787405104,-0.16898908077040092,0.11561353952934518,runs/pivot/e4/maples/e4mp_hrf_s0_cfloss/bio.csv,results/pivot/e4_gt_maplesdr_preannot.csv,1.4826*MAD of MAPLES-DR's own 162-image network PRE-ANNOTATION-mask biomarkers (results/pivot/e4_gt_maplesdr_preannot.csv); no Gate A train scale exists for this set
preannot,delta,lower_resolution,hrf,0,cfloss,baseline,tortuosity,skan,91,0.009258289494123093,,,,,,-0.03661090899843489,-0.19516853261610465,0.10552955243886246,runs/pivot/e4/maples/e4mp_hrf_s0_cfloss/bio.csv,results/pivot/e4_gt_maplesdr_preannot.csv,1.4826*MAD of MAPLES-DR's own 162-image network PRE-ANNOTATION-mask biomarkers (results/pivot/e4_gt_maplesdr_preannot.csv); no Gate A train scale exists for this set
preannot,delta,lower_resolution,hrf,0,reliseg,continued,density,pvbm,91,0.019181209714760065,,,,,,-0.03665855362219228,-0.06973840239843909,-0.016567626758894265,runs/pivot/e4/maples/e4mp_hrf_s0_reliseg/bio.csv,results/pivot/e4_gt_maplesdr_preannot.csv,1.4826*MAD of MAPLES-DR's own 162-image network PRE-ANNOTATION-mask biomarkers (results/pivot/e4_gt_maplesdr_preannot.csv); no Gate A train scale exists for this set
preannot,delta,lower_resolution,hrf,0,reliseg,baseline,density,pvbm,91,0.019181209714760065,,,,,,0.000193233497009615,-0.041748016230605825,0.03317637962833654,runs/pivot/e4/maples/e4mp_hrf_s0_reliseg/bio.csv,results/pivot/e4_gt_maplesdr_preannot.csv,1.4826*MAD of MAPLES-DR's own 162-image network PRE-ANNOTATION-mask biomarkers (results/pivot/e4_gt_maplesdr_preannot.csv); no Gate A train scale exists for this set
preannot,delta,lower_resolution,hrf,0,cfloss,continued,density,pvbm,91,0.019181209714760065,,,,,,-0.03990069416995179,-0.0678247031863,-0.020892619942013333,runs/pivot/e4/maples/e4mp_hrf_s0_cfloss/bio.csv,results/pivot/e4_gt_maplesdr_preannot.csv,1.4826*MAD of MAPLES-DR's own 162-image network PRE-ANNOTATION-mask biomarkers (results/pivot/e4_gt_maplesdr_preannot.csv); no Gate A train scale exists for this set
preannot,delta,lower_resolution,hrf,0,cfloss,baseline,density,pvbm,91,0.019181209714760065,,,,,,-0.003048907050749894,-0.03516609844896704,0.02385723774833453,runs/pivot/e4/maples/e4mp_hrf_s0_cfloss/bio.csv,results/pivot/e4_gt_maplesdr_preannot.csv,1.4826*MAD of MAPLES-DR's own 162-image network PRE-ANNOTATION-mask biomarkers (results/pivot/e4_gt_maplesdr_preannot.csv); no Gate A train scale exists for this set
preannot,delta,lower_resolution,hrf,0,reliseg,continued,density,skan,91,0.019181209714760065,,,,,,-0.03665855362219228,-0.06973840239843909,-0.016567626758894265,runs/pivot/e4/maples/e4mp_hrf_s0_reliseg/bio.csv,results/pivot/e4_gt_maplesdr_preannot.csv,1.4826*MAD of MAPLES-DR's own 162-image network PRE-ANNOTATION-mask biomarkers (results/pivot/e4_gt_maplesdr_preannot.csv); no Gate A train scale exists for this set
preannot,delta,lower_resolution,hrf,0,reliseg,baseline,density,skan,91,0.019181209714760065,,,,,,0.000193233497009615,-0.041748016230605825,0.03317637962833654,runs/pivot/e4/maples/e4mp_hrf_s0_reliseg/bio.csv,results/pivot/e4_gt_maplesdr_preannot.csv,1.4826*MAD of MAPLES-DR's own 162-image network PRE-ANNOTATION-mask biomarkers (results/pivot/e4_gt_maplesdr_preannot.csv); no Gate A train scale exists for this set
preannot,delta,lower_resolution,hrf,0,cfloss,continued,density,skan,91,0.019181209714760065,,,,,,-0.03990069416995179,-0.0678247031863,-0.020892619942013333,runs/pivot/e4/maples/e4mp_hrf_s0_cfloss/bio.csv,results/pivot/e4_gt_maplesdr_preannot.csv,1.4826*MAD of MAPLES-DR's own 162-image network PRE-ANNOTATION-mask biomarkers (results/pivot/e4_gt_maplesdr_preannot.csv); no Gate A train scale exists for this set
preannot,delta,lower_resolution,hrf,0,cfloss,baseline,density,skan,91,0.019181209714760065,,,,,,-0.003048907050749894,-0.03516609844896704,0.02385723774833453,runs/pivot/e4/maples/e4mp_hrf_s0_cfloss/bio.csv,results/pivot/e4_gt_maplesdr_preannot.csv,1.4826*MAD of MAPLES-DR's own 162-image network PRE-ANNOTATION-mask biomarkers (results/pivot/e4_gt_maplesdr_preannot.csv); no Gate A train scale exists for this set
preannot,delta,lower_resolution,hrf,0,reliseg,continued,total_length,pvbm,91,3742.5705005907253,,,,,,-0.004599970855065139,-0.028840911693712827,0.014485811107611398,runs/pivot/e4/maples/e4mp_hrf_s0_reliseg/bio.csv,results/pivot/e4_gt_maplesdr_preannot.csv,1.4826*MAD of MAPLES-DR's own 162-image network PRE-ANNOTATION-mask biomarkers (results/pivot/e4_gt_maplesdr_preannot.csv); no Gate A train scale exists for this set
preannot,delta,lower_resolution,hrf,0,reliseg,baseline,total_length,pvbm,91,3742.5705005907253,,,,,,0.015324517961325834,-0.013935927823726362,0.04442244673298908,runs/pivot/e4/maples/e4mp_hrf_s0_reliseg/bio.csv,results/pivot/e4_gt_maplesdr_preannot.csv,1.4826*MAD of MAPLES-DR's own 162-image network PRE-ANNOTATION-mask biomarkers (results/pivot/e4_gt_maplesdr_preannot.csv); no Gate A train scale exists for this set
preannot,delta,lower_resolution,hrf,0,cfloss,continued,total_length,pvbm,91,3742.5705005907253,,,,,,-0.021092616735519543,-0.06382611975805536,0.008022811086420282,runs/pivot/e4/maples/e4mp_hrf_s0_cfloss/bio.csv,results/pivot/e4_gt_maplesdr_preannot.csv,1.4826*MAD of MAPLES-DR's own 162-image network PRE-ANNOTATION-mask biomarkers (results/pivot/e4_gt_maplesdr_preannot.csv); no Gate A train scale exists for this set
preannot,delta,lower_resolution,hrf,0,cfloss,baseline,total_length,pvbm,91,3742.5705005907253,,,,,,-0.0011681279191285698,-0.039158124047073035,0.029342292171734705,runs/pivot/e4/maples/e4mp_hrf_s0_cfloss/bio.csv,results/pivot/e4_gt_maplesdr_preannot.csv,1.4826*MAD of MAPLES-DR's own 162-image network PRE-ANNOTATION-mask biomarkers (results/pivot/e4_gt_maplesdr_preannot.csv); no Gate A train scale exists for this set
preannot,delta,lower_resolution,hrf,0,reliseg,continued,total_length,skan,91,3130.1513354528465,,,,,,-0.016138009119573415,-0.04561368354425861,0.0034208156867704532,runs/pivot/e4/maples/e4mp_hrf_s0_reliseg/bio.csv,results/pivot/e4_gt_maplesdr_preannot.csv,1.4826*MAD of MAPLES-DR's own 162-image network PRE-ANNOTATION-mask biomarkers (results/pivot/e4_gt_maplesdr_preannot.csv); no Gate A train scale exists for this set
preannot,delta,lower_resolution,hrf,0,reliseg,baseline,total_length,skan,91,3130.1513354528465,,,,,,0.017698264944658426,-0.012119784704040817,0.04399867597358731,runs/pivot/e4/maples/e4mp_hrf_s0_reliseg/bio.csv,results/pivot/e4_gt_maplesdr_preannot.csv,1.4826*MAD of MAPLES-DR's own 162-image network PRE-ANNOTATION-mask biomarkers (results/pivot/e4_gt_maplesdr_preannot.csv); no Gate A train scale exists for this set
preannot,delta,lower_resolution,hrf,0,cfloss,continued,total_length,skan,91,3130.1513354528465,,,,,,-0.04065969072423259,-0.07640206389653494,-0.015397151992873174,runs/pivot/e4/maples/e4mp_hrf_s0_cfloss/bio.csv,results/pivot/e4_gt_maplesdr_preannot.csv,1.4826*MAD of MAPLES-DR's own 162-image network PRE-ANNOTATION-mask biomarkers (results/pivot/e4_gt_maplesdr_preannot.csv); no Gate A train scale exists for this set
preannot,delta,lower_resolution,hrf,0,cfloss,baseline,total_length,skan,91,3130.1513354528465,,,,,,-0.006823416660000747,-0.03902821488439429,0.017280757092382287,runs/pivot/e4/maples/e4mp_hrf_s0_cfloss/bio.csv,results/pivot/e4_gt_maplesdr_preannot.csv,1.4826*MAD of MAPLES-DR's own 162-image network PRE-ANNOTATION-mask biomarkers (results/pivot/e4_gt_maplesdr_preannot.csv); no Gate A train scale exists for this set
preannot,delta,lower_resolution,hrf,1,reliseg,continued,FD,pvbm,91,0.05863112950581929,,,,,,0.0019596135965747052,-0.012610717962697813,0.02121566764026432,runs/pivot/e4/maples/e4mp_hrf_s1_reliseg/bio.csv,results/pivot/e4_gt_maplesdr_preannot.csv,1.4826*MAD of MAPLES-DR's own 162-image network PRE-ANNOTATION-mask biomarkers (results/pivot/e4_gt_maplesdr_preannot.csv); no Gate A train scale exists for this set
preannot,delta,lower_resolution,hrf,1,reliseg,baseline,FD,pvbm,91,0.05863112950581929,,,,,,0.03291432177518727,0.006689071387916776,0.06336203583060056,runs/pivot/e4/maples/e4mp_hrf_s1_reliseg/bio.csv,results/pivot/e4_gt_maplesdr_preannot.csv,1.4826*MAD of MAPLES-DR's own 162-image network PRE-ANNOTATION-mask biomarkers (results/pivot/e4_gt_maplesdr_preannot.csv); no Gate A train scale exists for this set
preannot,delta,lower_resolution,hrf,1,cfloss,continued,FD,pvbm,91,0.05863112950581929,,,,,,-0.07141331868246148,-0.13211062120001946,-0.032893869725217656,runs/pivot/e4/maples/e4mp_hrf_s1_cfloss/bio.csv,results/pivot/e4_gt_maplesdr_preannot.csv,1.4826*MAD of MAPLES-DR's own 162-image network PRE-ANNOTATION-mask biomarkers (results/pivot/e4_gt_maplesdr_preannot.csv); no Gate A train scale exists for this set
preannot,delta,lower_resolution,hrf,1,cfloss,baseline,FD,pvbm,91,0.05863112950581929,,,,,,-0.04045861050384891,-0.09856874408685375,-0.007921374902202303,runs/pivot/e4/maples/e4mp_hrf_s1_cfloss/bio.csv,results/pivot/e4_gt_maplesdr_preannot.csv,1.4826*MAD of MAPLES-DR's own 162-image network PRE-ANNOTATION-mask biomarkers (results/pivot/e4_gt_maplesdr_preannot.csv); no Gate A train scale exists for this set
preannot,delta,lower_resolution,hrf,1,reliseg,continued,FD,skan,91,0.04989361650504784,,,,,,0.006066118975587731,-0.013900667737718675,0.035314829192367884,runs/pivot/e4/maples/e4mp_hrf_s1_reliseg/bio.csv,results/pivot/e4_gt_maplesdr_preannot.csv,1.4826*MAD of MAPLES-DR's own 162-image network PRE-ANNOTATION-mask biomarkers (results/pivot/e4_gt_maplesdr_preannot.csv); no Gate A train scale exists for this set
preannot,delta,lower_resolution,hrf,1,reliseg,baseline,FD,skan,91,0.04989361650504784,,,,,,0.019304113156390468,-0.01030708378146157,0.0579685562322867,runs/pivot/e4/maples/e4mp_hrf_s1_reliseg/bio.csv,results/pivot/e4_gt_maplesdr_preannot.csv,1.4826*MAD of MAPLES-DR's own 162-image network PRE-ANNOTATION-mask biomarkers (results/pivot/e4_gt_maplesdr_preannot.csv); no Gate A train scale exists for this set
preannot,delta,lower_resolution,hrf,1,cfloss,continued,FD,skan,91,0.04989361650504784,,,,,,-0.03627772677089558,-0.07254701580577826,-0.011996415987629879,runs/pivot/e4/maples/e4mp_hrf_s1_cfloss/bio.csv,results/pivot/e4_gt_maplesdr_preannot.csv,1.4826*MAD of MAPLES-DR's own 162-image network PRE-ANNOTATION-mask biomarkers (results/pivot/e4_gt_maplesdr_preannot.csv); no Gate A train scale exists for this set
preannot,delta,lower_resolution,hrf,1,cfloss,baseline,FD,skan,91,0.04989361650504784,,,,,,-0.023039732590092843,-0.05956332345935665,-0.001403677918901072,runs/pivot/e4/maples/e4mp_hrf_s1_cfloss/bio.csv,results/pivot/e4_gt_maplesdr_preannot.csv,1.4826*MAD of MAPLES-DR's own 162-image network PRE-ANNOTATION-mask biomarkers (results/pivot/e4_gt_maplesdr_preannot.csv); no Gate A train scale exists for this set
preannot,delta,lower_resolution,hrf,1,reliseg,continued,tortuosity,pvbm,91,0.0062787696728688735,,,,,,-0.14445421096817057,-0.26919073533132437,-0.0004564859960116223,runs/pivot/e4/maples/e4mp_hrf_s1_reliseg/bio.csv,results/pivot/e4_gt_maplesdr_preannot.csv,1.4826*MAD of MAPLES-DR's own 162-image network PRE-ANNOTATION-mask biomarkers (results/pivot/e4_gt_maplesdr_preannot.csv); no Gate A train scale exists for this set
preannot,delta,lower_resolution,hrf,1,reliseg,baseline,tortuosity,pvbm,91,0.0062787696728688735,,,,,,-0.1286025767964012,-0.27445695638420814,0.031783992522925124,runs/pivot/e4/maples/e4mp_hrf_s1_reliseg/bio.csv,results/pivot/e4_gt_maplesdr_preannot.csv,1.4826*MAD of MAPLES-DR's own 162-image network PRE-ANNOTATION-mask biomarkers (results/pivot/e4_gt_maplesdr_preannot.csv); no Gate A train scale exists for this set
preannot,delta,lower_resolution,hrf,1,cfloss,continued,tortuosity,pvbm,91,0.0062787696728688735,,,,,,0.037718585749061284,-0.05997190701920148,0.13997702972022816,runs/pivot/e4/maples/e4mp_hrf_s1_cfloss/bio.csv,results/pivot/e4_gt_maplesdr_preannot.csv,1.4826*MAD of MAPLES-DR's own 162-image network PRE-ANNOTATION-mask biomarkers (results/pivot/e4_gt_maplesdr_preannot.csv); no Gate A train scale exists for this set
preannot,delta,lower_resolution,hrf,1,cfloss,baseline,tortuosity,pvbm,91,0.0062787696728688735,,,,,,0.053570219920830664,-0.0342728838146574,0.13860946982144762,runs/pivot/e4/maples/e4mp_hrf_s1_cfloss/bio.csv,results/pivot/e4_gt_maplesdr_preannot.csv,1.4826*MAD of MAPLES-DR's own 162-image network PRE-ANNOTATION-mask biomarkers (results/pivot/e4_gt_maplesdr_preannot.csv); no Gate A train scale exists for this set
preannot,delta,lower_resolution,hrf,1,reliseg,continued,tortuosity,skan,91,0.009258289494123093,,,,,,-0.030482490242405014,-0.08784886980994586,0.048150222322349216,runs/pivot/e4/maples/e4mp_hrf_s1_reliseg/bio.csv,results/pivot/e4_gt_maplesdr_preannot.csv,1.4826*MAD of MAPLES-DR's own 162-image network PRE-ANNOTATION-mask biomarkers (results/pivot/e4_gt_maplesdr_preannot.csv); no Gate A train scale exists for this set
preannot,delta,lower_resolution,hrf,1,reliseg,baseline,tortuosity,skan,91,0.009258289494123093,,,,,,-0.14392086169376928,-0.33567528533066615,0.009861465164022205,runs/pivot/e4/maples/e4mp_hrf_s1_reliseg/bio.csv,results/pivot/e4_gt_maplesdr_preannot.csv,1.4826*MAD of MAPLES-DR's own 162-image network PRE-ANNOTATION-mask biomarkers (results/pivot/e4_gt_maplesdr_preannot.csv); no Gate A train scale exists for this set
preannot,delta,lower_resolution,hrf,1,cfloss,continued,tortuosity,skan,91,0.009258289494123093,,,,,,0.12464353710524645,-0.02606450759808482,0.30879032536687206,runs/pivot/e4/maples/e4mp_hrf_s1_cfloss/bio.csv,results/pivot/e4_gt_maplesdr_preannot.csv,1.4826*MAD of MAPLES-DR's own 162-image network PRE-ANNOTATION-mask biomarkers (results/pivot/e4_gt_maplesdr_preannot.csv); no Gate A train scale exists for this set
preannot,delta,lower_resolution,hrf,1,cfloss,baseline,tortuosity,skan,91,0.009258289494123093,,,,,,0.011205165653882188,-0.0678899739555978,0.06782293647589051,runs/pivot/e4/maples/e4mp_hrf_s1_cfloss/bio.csv,results/pivot/e4_gt_maplesdr_preannot.csv,1.4826*MAD of MAPLES-DR's own 162-image network PRE-ANNOTATION-mask biomarkers (results/pivot/e4_gt_maplesdr_preannot.csv); no Gate A train scale exists for this set
preannot,delta,lower_resolution,hrf,1,reliseg,continued,density,pvbm,91,0.019181209714760065,,,,,,-0.011484463530883615,-0.026585962162999358,0.004795922419294001,runs/pivot/e4/maples/e4mp_hrf_s1_reliseg/bio.csv,results/pivot/e4_gt_maplesdr_preannot.csv,1.4826*MAD of MAPLES-DR's own 162-image network PRE-ANNOTATION-mask biomarkers (results/pivot/e4_gt_maplesdr_preannot.csv); no Gate A train scale exists for this set
preannot,delta,lower_resolution,hrf,1,reliseg,baseline,density,pvbm,91,0.019181209714760065,,,,,,-0.02739356430761586,-0.0759148315898062,0.013348435101160513,runs/pivot/e4/maples/e4mp_hrf_s1_reliseg/bio.csv,results/pivot/e4_gt_maplesdr_preannot.csv,1.4826*MAD of MAPLES-DR's own 162-image network PRE-ANNOTATION-mask biomarkers (results/pivot/e4_gt_maplesdr_preannot.csv); no Gate A train scale exists for this set
preannot,delta,lower_resolution,hrf,1,cfloss,continued,density,pvbm,91,0.019181209714760065,,,,,,-0.06350342980997048,-0.10097534724105191,-0.03715295413925705,runs/pivot/e4/maples/e4mp_hrf_s1_cfloss/bio.csv,results/pivot/e4_gt_maplesdr_preannot.csv,1.4826*MAD of MAPLES-DR's own 162-image network PRE-ANNOTATION-mask biomarkers (results/pivot/e4_gt_maplesdr_preannot.csv); no Gate A train scale exists for this set
preannot,delta,lower_resolution,hrf,1,cfloss,baseline,density,pvbm,91,0.019181209714760065,,,,,,-0.07941253058670272,-0.14769203487517868,-0.03336562289497762,runs/pivot/e4/maples/e4mp_hrf_s1_cfloss/bio.csv,results/pivot/e4_gt_maplesdr_preannot.csv,1.4826*MAD of MAPLES-DR's own 162-image network PRE-ANNOTATION-mask biomarkers (results/pivot/e4_gt_maplesdr_preannot.csv); no Gate A train scale exists for this set
preannot,delta,lower_resolution,hrf,1,reliseg,continued,density,skan,91,0.019181209714760065,,,,,,-0.011484463530883615,-0.026585962162999358,0.004795922419294001,runs/pivot/e4/maples/e4mp_hrf_s1_reliseg/bio.csv,results/pivot/e4_gt_maplesdr_preannot.csv,1.4826*MAD of MAPLES-DR's own 162-image network PRE-ANNOTATION-mask biomarkers (results/pivot/e4_gt_maplesdr_preannot.csv); no Gate A train scale exists for this set
preannot,delta,lower_resolution,hrf,1,reliseg,baseline,density,skan,91,0.019181209714760065,,,,,,-0.02739356430761586,-0.0759148315898062,0.013348435101160513,runs/pivot/e4/maples/e4mp_hrf_s1_reliseg/bio.csv,results/pivot/e4_gt_maplesdr_preannot.csv,1.4826*MAD of MAPLES-DR's own 162-image network PRE-ANNOTATION-mask biomarkers (results/pivot/e4_gt_maplesdr_preannot.csv); no Gate A train scale exists for this set
preannot,delta,lower_resolution,hrf,1,cfloss,continued,density,skan,91,0.019181209714760065,,,,,,-0.06350342980997048,-0.10097534724105191,-0.03715295413925705,runs/pivot/e4/maples/e4mp_hrf_s1_cfloss/bio.csv,results/pivot/e4_gt_maplesdr_preannot.csv,1.4826*MAD of MAPLES-DR's own 162-image network PRE-ANNOTATION-mask biomarkers (results/pivot/e4_gt_maplesdr_preannot.csv); no Gate A train scale exists for this set
preannot,delta,lower_resolution,hrf,1,cfloss,baseline,density,skan,91,0.019181209714760065,,,,,,-0.07941253058670272,-0.14769203487517868,-0.03336562289497762,runs/pivot/e4/maples/e4mp_hrf_s1_cfloss/bio.csv,results/pivot/e4_gt_maplesdr_preannot.csv,1.4826*MAD of MAPLES-DR's own 162-image network PRE-ANNOTATION-mask biomarkers (results/pivot/e4_gt_maplesdr_preannot.csv); no Gate A train scale exists for this set
preannot,delta,lower_resolution,hrf,1,reliseg,continued,total_length,pvbm,91,3742.5705005907253,,,,,,-0.0044281796515912575,-0.02455091523987748,0.014028339030193565,runs/pivot/e4/maples/e4mp_hrf_s1_reliseg/bio.csv,results/pivot/e4_gt_maplesdr_preannot.csv,1.4826*MAD of MAPLES-DR's own 162-image network PRE-ANNOTATION-mask biomarkers (results/pivot/e4_gt_maplesdr_preannot.csv); no Gate A train scale exists for this set
preannot,delta,lower_resolution,hrf,1,reliseg,baseline,total_length,pvbm,91,3742.5705005907253,,,,,,0.02068517888799637,-0.0056794391538809805,0.05448640904873919,runs/pivot/e4/maples/e4mp_hrf_s1_reliseg/bio.csv,results/pivot/e4_gt_maplesdr_preannot.csv,1.4826*MAD of MAPLES-DR's own 162-image network PRE-ANNOTATION-mask biomarkers (results/pivot/e4_gt_maplesdr_preannot.csv); no Gate A train scale exists for this set
preannot,delta,lower_resolution,hrf,1,cfloss,continued,total_length,pvbm,91,3742.5705005907253,,,,,,-0.054052243145492285,-0.09614572860184156,-0.02546417814065836,runs/pivot/e4/maples/e4mp_hrf_s1_cfloss/bio.csv,results/pivot/e4_gt_maplesdr_preannot.csv,1.4826*MAD of MAPLES-DR's own 162-image network PRE-ANNOTATION-mask biomarkers (results/pivot/e4_gt_maplesdr_preannot.csv); no Gate A train scale exists for this set
preannot,delta,lower_resolution,hrf,1,cfloss,baseline,total_length,pvbm,91,3742.5705005907253,,,,,,-0.028938884605904658,-0.06581669798613021,0.0017231115435667047,runs/pivot/e4/maples/e4mp_hrf_s1_cfloss/bio.csv,results/pivot/e4_gt_maplesdr_preannot.csv,1.4826*MAD of MAPLES-DR's own 162-image network PRE-ANNOTATION-mask biomarkers (results/pivot/e4_gt_maplesdr_preannot.csv); no Gate A train scale exists for this set
preannot,delta,lower_resolution,hrf,1,reliseg,continued,total_length,skan,91,3130.1513354528465,,,,,,0.002952497117598707,-0.009526799698945302,0.01930506863003382,runs/pivot/e4/maples/e4mp_hrf_s1_reliseg/bio.csv,results/pivot/e4_gt_maplesdr_preannot.csv,1.4826*MAD of MAPLES-DR's own 162-image network PRE-ANNOTATION-mask biomarkers (results/pivot/e4_gt_maplesdr_preannot.csv); no Gate A train scale exists for this set
preannot,delta,lower_resolution,hrf,1,reliseg,baseline,total_length,skan,91,3130.1513354528465,,,,,,0.03198969754024483,0.006872516338423876,0.06765896578864712,runs/pivot/e4/maples/e4mp_hrf_s1_reliseg/bio.csv,results/pivot/e4_gt_maplesdr_preannot.csv,1.4826*MAD of MAPLES-DR's own 162-image network PRE-ANNOTATION-mask biomarkers (results/pivot/e4_gt_maplesdr_preannot.csv); no Gate A train scale exists for this set
preannot,delta,lower_resolution,hrf,1,cfloss,continued,total_length,skan,91,3130.1513354528465,,,,,,-0.06074659326180687,-0.10873514084242071,-0.03082459671001234,runs/pivot/e4/maples/e4mp_hrf_s1_cfloss/bio.csv,results/pivot/e4_gt_maplesdr_preannot.csv,1.4826*MAD of MAPLES-DR's own 162-image network PRE-ANNOTATION-mask biomarkers (results/pivot/e4_gt_maplesdr_preannot.csv); no Gate A train scale exists for this set
preannot,delta,lower_resolution,hrf,1,cfloss,baseline,total_length,skan,91,3130.1513354528465,,,,,,-0.031709392839160744,-0.06885124494159083,-0.006734053365398925,runs/pivot/e4/maples/e4mp_hrf_s1_cfloss/bio.csv,results/pivot/e4_gt_maplesdr_preannot.csv,1.4826*MAD of MAPLES-DR's own 162-image network PRE-ANNOTATION-mask biomarkers (results/pivot/e4_gt_maplesdr_preannot.csv); no Gate A train scale exists for this set
preannot,delta,lower_resolution,hrf,2,reliseg,continued,FD,pvbm,91,0.05863112950581929,,,,,,-0.023886450601175113,-0.044697065782577816,0.004600617355333136,runs/pivot/e4/maples/e4mp_hrf_s2_reliseg/bio.csv,results/pivot/e4_gt_maplesdr_preannot.csv,1.4826*MAD of MAPLES-DR's own 162-image network PRE-ANNOTATION-mask biomarkers (results/pivot/e4_gt_maplesdr_preannot.csv); no Gate A train scale exists for this set
preannot,delta,lower_resolution,hrf,2,reliseg,baseline,FD,pvbm,91,0.05863112950581929,,,,,,0.049613688260355615,-0.009163585452154325,0.11116966262817991,runs/pivot/e4/maples/e4mp_hrf_s2_reliseg/bio.csv,results/pivot/e4_gt_maplesdr_preannot.csv,1.4826*MAD of MAPLES-DR's own 162-image network PRE-ANNOTATION-mask biomarkers (results/pivot/e4_gt_maplesdr_preannot.csv); no Gate A train scale exists for this set
preannot,delta,lower_resolution,hrf,2,cfloss,continued,FD,pvbm,91,0.05863112950581929,,,,,,-0.020037299605853653,-0.04760329070796583,0.0022386628624313726,runs/pivot/e4/maples/e4mp_hrf_s2_cfloss/bio.csv,results/pivot/e4_gt_maplesdr_preannot.csv,1.4826*MAD of MAPLES-DR's own 162-image network PRE-ANNOTATION-mask biomarkers (results/pivot/e4_gt_maplesdr_preannot.csv); no Gate A train scale exists for this set
preannot,delta,lower_resolution,hrf,2,cfloss,baseline,FD,pvbm,91,0.05863112950581929,,,,,,0.053462839255677075,0.0034160552554545337,0.09994276134682689,runs/pivot/e4/maples/e4mp_hrf_s2_cfloss/bio.csv,results/pivot/e4_gt_maplesdr_preannot.csv,1.4826*MAD of MAPLES-DR's own 162-image network PRE-ANNOTATION-mask biomarkers (results/pivot/e4_gt_maplesdr_preannot.csv); no Gate A train scale exists for this set
preannot,delta,lower_resolution,hrf,2,reliseg,continued,FD,skan,91,0.04989361650504784,,,,,,-0.024795885624481984,-0.05258095219858645,-0.0036259091925895993,runs/pivot/e4/maples/e4mp_hrf_s2_reliseg/bio.csv,results/pivot/e4_gt_maplesdr_preannot.csv,1.4826*MAD of MAPLES-DR's own 162-image network PRE-ANNOTATION-mask biomarkers (results/pivot/e4_gt_maplesdr_preannot.csv); no Gate A train scale exists for this set
preannot,delta,lower_resolution,hrf,2,reliseg,baseline,FD,skan,91,0.04989361650504784,,,,,,0.014389649342801847,-0.016838184092376404,0.04258906925066303,runs/pivot/e4/maples/e4mp_hrf_s2_reliseg/bio.csv,results/pivot/e4_gt_maplesdr_preannot.csv,1.4826*MAD of MAPLES-DR's own 162-image network PRE-ANNOTATION-mask biomarkers (results/pivot/e4_gt_maplesdr_preannot.csv); no Gate A train scale exists for this set
preannot,delta,lower_resolution,hrf,2,cfloss,continued,FD,skan,91,0.04989361650504784,,,,,,-0.018868402980293797,-0.03858195535040458,-0.0039871275995373165,runs/pivot/e4/maples/e4mp_hrf_s2_cfloss/bio.csv,results/pivot/e4_gt_maplesdr_preannot.csv,1.4826*MAD of MAPLES-DR's own 162-image network PRE-ANNOTATION-mask biomarkers (results/pivot/e4_gt_maplesdr_preannot.csv); no Gate A train scale exists for this set
preannot,delta,lower_resolution,hrf,2,cfloss,baseline,FD,skan,91,0.04989361650504784,,,,,,0.020317131986990034,-0.0016689939389279984,0.04450903744713521,runs/pivot/e4/maples/e4mp_hrf_s2_cfloss/bio.csv,results/pivot/e4_gt_maplesdr_preannot.csv,1.4826*MAD of MAPLES-DR's own 162-image network PRE-ANNOTATION-mask biomarkers (results/pivot/e4_gt_maplesdr_preannot.csv); no Gate A train scale exists for this set
preannot,delta,lower_resolution,hrf,2,reliseg,continued,tortuosity,pvbm,91,0.0062787696728688735,,,,,,-0.07675752549999204,-0.21415687617917636,0.05243783479369444,runs/pivot/e4/maples/e4mp_hrf_s2_reliseg/bio.csv,results/pivot/e4_gt_maplesdr_preannot.csv,1.4826*MAD of MAPLES-DR's own 162-image network PRE-ANNOTATION-mask biomarkers (results/pivot/e4_gt_maplesdr_preannot.csv); no Gate A train scale exists for this set
preannot,delta,lower_resolution,hrf,2,reliseg,baseline,tortuosity,pvbm,91,0.0062787696728688735,,,,,,-0.04388577030485641,-0.23750665872700488,0.08865145997550086,runs/pivot/e4/maples/e4mp_hrf_s2_reliseg/bio.csv,results/pivot/e4_gt_maplesdr_preannot.csv,1.4826*MAD of MAPLES-DR's own 162-image network PRE-ANNOTATION-mask biomarkers (results/pivot/e4_gt_maplesdr_preannot.csv); no Gate A train scale exists for this set
preannot,delta,lower_resolution,hrf,2,cfloss,continued,tortuosity,pvbm,91,0.0062787696728688735,,,,,,-0.06928086167757608,-0.1749062967032599,0.05178804752851963,runs/pivot/e4/maples/e4mp_hrf_s2_cfloss/bio.csv,results/pivot/e4_gt_maplesdr_preannot.csv,1.4826*MAD of MAPLES-DR's own 162-image network PRE-ANNOTATION-mask biomarkers (results/pivot/e4_gt_maplesdr_preannot.csv); no Gate A train scale exists for this set
preannot,delta,lower_resolution,hrf,2,cfloss,baseline,tortuosity,pvbm,91,0.0062787696728688735,,,,,,-0.036409106482440445,-0.14088644622238175,0.050691193462701414,runs/pivot/e4/maples/e4mp_hrf_s2_cfloss/bio.csv,results/pivot/e4_gt_maplesdr_preannot.csv,1.4826*MAD of MAPLES-DR's own 162-image network PRE-ANNOTATION-mask biomarkers (results/pivot/e4_gt_maplesdr_preannot.csv); no Gate A train scale exists for this set
preannot,delta,lower_resolution,hrf,2,reliseg,continued,tortuosity,skan,91,0.009258289494123093,,,,,,-0.05321554500951153,-0.13963099297746612,0.022554090824521388,runs/pivot/e4/maples/e4mp_hrf_s2_reliseg/bio.csv,results/pivot/e4_gt_maplesdr_preannot.csv,1.4826*MAD of MAPLES-DR's own 162-image network PRE-ANNOTATION-mask biomarkers (results/pivot/e4_gt_maplesdr_preannot.csv); no Gate A train scale exists for this set
preannot,delta,lower_resolution,hrf,2,reliseg,baseline,tortuosity,skan,91,0.009258289494123093,,,,,,-0.056489225262770726,-0.20555534440954285,0.01861746045426903,runs/pivot/e4/maples/e4mp_hrf_s2_reliseg/bio.csv,results/pivot/e4_gt_maplesdr_preannot.csv,1.4826*MAD of MAPLES-DR's own 162-image network PRE-ANNOTATION-mask biomarkers (results/pivot/e4_gt_maplesdr_preannot.csv); no Gate A train scale exists for this set
preannot,delta,lower_resolution,hrf,2,cfloss,continued,tortuosity,skan,91,0.009258289494123093,,,,,,0.17353123217726818,-0.010805354053009473,0.34143342918354075,runs/pivot/e4/maples/e4mp_hrf_s2_cfloss/bio.csv,results/pivot/e4_gt_maplesdr_preannot.csv,1.4826*MAD of MAPLES-DR's own 162-image network PRE-ANNOTATION-mask biomarkers (results/pivot/e4_gt_maplesdr_preannot.csv); no Gate A train scale exists for this set
preannot,delta,lower_resolution,hrf,2,cfloss,baseline,tortuosity,skan,91,0.009258289494123093,,,,,,0.170257551924009,-0.06288268630703323,0.36305466363981764,runs/pivot/e4/maples/e4mp_hrf_s2_cfloss/bio.csv,results/pivot/e4_gt_maplesdr_preannot.csv,1.4826*MAD of MAPLES-DR's own 162-image network PRE-ANNOTATION-mask biomarkers (results/pivot/e4_gt_maplesdr_preannot.csv); no Gate A train scale exists for this set
preannot,delta,lower_resolution,hrf,2,reliseg,continued,density,pvbm,91,0.019181209714760065,,,,,,-0.028334329690247517,-0.04913519023288546,-0.01328144301424288,runs/pivot/e4/maples/e4mp_hrf_s2_reliseg/bio.csv,results/pivot/e4_gt_maplesdr_preannot.csv,1.4826*MAD of MAPLES-DR's own 162-image network PRE-ANNOTATION-mask biomarkers (results/pivot/e4_gt_maplesdr_preannot.csv); no Gate A train scale exists for this set
preannot,delta,lower_resolution,hrf,2,reliseg,baseline,density,pvbm,91,0.019181209714760065,,,,,,0.002368074961002109,-0.029364358703906704,0.03808743017133777,runs/pivot/e4/maples/e4mp_hrf_s2_reliseg/bio.csv,results/pivot/e4_gt_maplesdr_preannot.csv,1.4826*MAD of MAPLES-DR's own 162-image network PRE-ANNOTATION-mask biomarkers (results/pivot/e4_gt_maplesdr_preannot.csv); no Gate A train scale exists for this set
preannot,delta,lower_resolution,hrf,2,cfloss,continued,density,pvbm,91,0.019181209714760065,,,,,,-0.04475226087837081,-0.07015484318008613,-0.025709862418997302,runs/pivot/e4/maples/e4mp_hrf_s2_cfloss/bio.csv,results/pivot/e4_gt_maplesdr_preannot.csv,1.4826*MAD of MAPLES-DR's own 162-image network PRE-ANNOTATION-mask biomarkers (results/pivot/e4_gt_maplesdr_preannot.csv); no Gate A train scale exists for this set
preannot,delta,lower_resolution,hrf,2,cfloss,baseline,density,pvbm,91,0.019181209714760065,,,,,,-0.014049856227121182,-0.04754077570927876,0.020890605352072898,runs/pivot/e4/maples/e4mp_hrf_s2_cfloss/bio.csv,results/pivot/e4_gt_maplesdr_preannot.csv,1.4826*MAD of MAPLES-DR's own 162-image network PRE-ANNOTATION-mask biomarkers (results/pivot/e4_gt_maplesdr_preannot.csv); no Gate A train scale exists for this set
preannot,delta,lower_resolution,hrf,2,reliseg,continued,density,skan,91,0.019181209714760065,,,,,,-0.028334329690247517,-0.04913519023288546,-0.01328144301424288,runs/pivot/e4/maples/e4mp_hrf_s2_reliseg/bio.csv,results/pivot/e4_gt_maplesdr_preannot.csv,1.4826*MAD of MAPLES-DR's own 162-image network PRE-ANNOTATION-mask biomarkers (results/pivot/e4_gt_maplesdr_preannot.csv); no Gate A train scale exists for this set
preannot,delta,lower_resolution,hrf,2,reliseg,baseline,density,skan,91,0.019181209714760065,,,,,,0.002368074961002109,-0.029364358703906704,0.03808743017133777,runs/pivot/e4/maples/e4mp_hrf_s2_reliseg/bio.csv,results/pivot/e4_gt_maplesdr_preannot.csv,1.4826*MAD of MAPLES-DR's own 162-image network PRE-ANNOTATION-mask biomarkers (results/pivot/e4_gt_maplesdr_preannot.csv); no Gate A train scale exists for this set
preannot,delta,lower_resolution,hrf,2,cfloss,continued,density,skan,91,0.019181209714760065,,,,,,-0.04475226087837081,-0.07015484318008613,-0.025709862418997302,runs/pivot/e4/maples/e4mp_hrf_s2_cfloss/bio.csv,results/pivot/e4_gt_maplesdr_preannot.csv,1.4826*MAD of MAPLES-DR's own 162-image network PRE-ANNOTATION-mask biomarkers (results/pivot/e4_gt_maplesdr_preannot.csv); no Gate A train scale exists for this set
preannot,delta,lower_resolution,hrf,2,cfloss,baseline,density,skan,91,0.019181209714760065,,,,,,-0.014049856227121182,-0.04754077570927876,0.020890605352072898,runs/pivot/e4/maples/e4mp_hrf_s2_cfloss/bio.csv,results/pivot/e4_gt_maplesdr_preannot.csv,1.4826*MAD of MAPLES-DR's own 162-image network PRE-ANNOTATION-mask biomarkers (results/pivot/e4_gt_maplesdr_preannot.csv); no Gate A train scale exists for this set
preannot,delta,lower_resolution,hrf,2,reliseg,continued,total_length,pvbm,91,3742.5705005907253,,,,,,-0.023309883461995917,-0.04064503316038501,-0.00790622292475093,runs/pivot/e4/maples/e4mp_hrf_s2_reliseg/bio.csv,results/pivot/e4_gt_maplesdr_preannot.csv,1.4826*MAD of MAPLES-DR's own 162-image network PRE-ANNOTATION-mask biomarkers (results/pivot/e4_gt_maplesdr_preannot.csv); no Gate A train scale exists for this set
preannot,delta,lower_resolution,hrf,2,reliseg,baseline,total_length,pvbm,91,3742.5705005907253,,,,,,0.024086714495346717,-0.0009090143827211181,0.057900757328326925,runs/pivot/e4/maples/e4mp_hrf_s2_reliseg/bio.csv,results/pivot/e4_gt_maplesdr_preannot.csv,1.4826*MAD of MAPLES-DR's own 162-image network PRE-ANNOTATION-mask biomarkers (results/pivot/e4_gt_maplesdr_preannot.csv); no Gate A train scale exists for this set
preannot,delta,lower_resolution,hrf,2,cfloss,continued,total_length,pvbm,91,3742.5705005907253,,,,,,-0.052266453414272496,-0.08839400783972151,-0.027971417934206256,runs/pivot/e4/maples/e4mp_hrf_s2_cfloss/bio.csv,results/pivot/e4_gt_maplesdr_preannot.csv,1.4826*MAD of MAPLES-DR's own 162-image network PRE-ANNOTATION-mask biomarkers (results/pivot/e4_gt_maplesdr_preannot.csv); no Gate A train scale exists for this set
preannot,delta,lower_resolution,hrf,2,cfloss,baseline,total_length,pvbm,91,3742.5705005907253,,,,,,-0.004869855456929861,-0.027954875856508406,0.0176927825070655,runs/pivot/e4/maples/e4mp_hrf_s2_cfloss/bio.csv,results/pivot/e4_gt_maplesdr_preannot.csv,1.4826*MAD of MAPLES-DR's own 162-image network PRE-ANNOTATION-mask biomarkers (results/pivot/e4_gt_maplesdr_preannot.csv); no Gate A train scale exists for this set
preannot,delta,lower_resolution,hrf,2,reliseg,continued,total_length,skan,91,3130.1513354528465,,,,,,-0.020280730782405,-0.036664260966175,-0.006816490157530882,runs/pivot/e4/maples/e4mp_hrf_s2_reliseg/bio.csv,results/pivot/e4_gt_maplesdr_preannot.csv,1.4826*MAD of MAPLES-DR's own 162-image network PRE-ANNOTATION-mask biomarkers (results/pivot/e4_gt_maplesdr_preannot.csv); no Gate A train scale exists for this set
preannot,delta,lower_resolution,hrf,2,reliseg,baseline,total_length,skan,91,3130.1513354528465,,,,,,0.047179802624619294,0.011032910961204189,0.09639248299722325,runs/pivot/e4/maples/e4mp_hrf_s2_reliseg/bio.csv,results/pivot/e4_gt_maplesdr_preannot.csv,1.4826*MAD of MAPLES-DR's own 162-image network PRE-ANNOTATION-mask biomarkers (results/pivot/e4_gt_maplesdr_preannot.csv); no Gate A train scale exists for this set
preannot,delta,lower_resolution,hrf,2,cfloss,continued,total_length,skan,91,3130.1513354528465,,,,,,-0.03130731747112969,-0.053755316313856674,-0.015211344585976576,runs/pivot/e4/maples/e4mp_hrf_s2_cfloss/bio.csv,results/pivot/e4_gt_maplesdr_preannot.csv,1.4826*MAD of MAPLES-DR's own 162-image network PRE-ANNOTATION-mask biomarkers (results/pivot/e4_gt_maplesdr_preannot.csv); no Gate A train scale exists for this set
preannot,delta,lower_resolution,hrf,2,cfloss,baseline,total_length,skan,91,3130.1513354528465,,,,,,0.0361532159358946,0.004641510844794891,0.0768906557456111,runs/pivot/e4/maples/e4mp_hrf_s2_cfloss/bio.csv,results/pivot/e4_gt_maplesdr_preannot.csv,1.4826*MAD of MAPLES-DR's own 162-image network PRE-ANNOTATION-mask biomarkers (results/pivot/e4_gt_maplesdr_preannot.csv); no Gate A train scale exists for this set
