dataset,image_id,n_views,FD_pvbm__view0,FD_pvbm__mean,FD_pvbm__median,FD_pvbm__std,FD_pvbm__cv,FD_skan__view0,FD_skan__mean,FD_skan__median,FD_skan__std,FD_skan__cv,tortuosity_pvbm__view0,tortuosity_pvbm__mean,tortuosity_pvbm__median,tortuosity_pvbm__std,tortuosity_pvbm__cv,tortuosity_skan__view0,tortuosity_skan__mean,tortuosity_skan__median,tortuosity_skan__std,tortuosity_skan__cv,density_pvbm__view0,density_pvbm__mean,density_pvbm__median,density_pvbm__std,density_pvbm__cv,density_skan__view0,density_skan__mean,density_skan__median,density_skan__std,density_skan__cv,total_length_pvbm__view0,total_length_pvbm__mean,total_length_pvbm__median,total_length_pvbm__std,total_length_pvbm__cv,total_length_skan__view0,total_length_skan__mean,total_length_skan__median,total_length_skan__std,total_length_skan__cv,FD_pvbm__v0,FD_pvbm__v1,FD_pvbm__v2,FD_pvbm__v3,FD_pvbm__v4,FD_pvbm__v5,FD_pvbm__v6,FD_pvbm__v7,FD_skan__v0,FD_skan__v1,FD_skan__v2,FD_skan__v3,FD_skan__v4,FD_skan__v5,FD_skan__v6,FD_skan__v7,tortuosity_pvbm__v0,tortuosity_pvbm__v1,tortuosity_pvbm__v2,tortuosity_pvbm__v3,tortuosity_pvbm__v4,tortuosity_pvbm__v5,tortuosity_pvbm__v6,tortuosity_pvbm__v7,tortuosity_skan__v0,tortuosity_skan__v1,tortuosity_skan__v2,tortuosity_skan__v3,tortuosity_skan__v4,tortuosity_skan__v5,tortuosity_skan__v6,tortuosity_skan__v7,density_pvbm__v0,density_pvbm__v1,density_pvbm__v2,density_pvbm__v3,density_pvbm__v4,density_pvbm__v5,density_pvbm__v6,density_pvbm__v7,density_skan__v0,density_skan__v1,density_skan__v2,density_skan__v3,density_skan__v4,density_skan__v5,density_skan__v6,density_skan__v7,total_length_pvbm__v0,total_length_pvbm__v1,total_length_pvbm__v2,total_length_pvbm__v3,total_length_pvbm__v4,total_length_pvbm__v5,total_length_pvbm__v6,total_length_pvbm__v7,total_length_skan__v0,total_length_skan__v1,total_length_skan__v2,total_length_skan__v3,total_length_skan__v4,total_length_skan__v5,total_length_skan__v6,total_length_skan__v7,FD_pvbm__pred,FD_skan__pred,tortuosity_pvbm__pred,tortuosity_skan__pred,density_pvbm__pred,density_skan__pred,total_length_pvbm__pred,total_length_skan__pred
hrf,06_dr,8,1.550905224261227,1.5416441731766382,1.5500153962133534,0.01613437330049954,0.010465692136502435,1.2608923120066584,1.2480272731314563,1.25954096974731,0.0221206552725326,0.017724496690708618,1.085838406508962,1.0848879100445843,1.0858331119145763,0.0016437645367021923,0.0015151468842847004,1.0967627090992649,1.0959115450234527,1.0970497107800847,0.0021419642426278645,0.001954504679099832,0.1033666294457852,0.0998286362402721,0.1026772788030236,0.005983695460941203,0.05993966948060247,0.1033666294457852,0.0998286362402721,0.1026772788030236,0.005983695460941203,0.05993966948060247,59702.80321003041,55721.00483609045,59634.98340487703,7361.356651455383,0.13211098172241573,72624.44548157648,68746.79266141156,72346.89418302427,6903.011483545123,0.1004121242069213,1.550905224261227,1.5491730396384906,1.515552118359875,1.5510649357183277,1.515552118359875,1.5508577527882164,1.5514554200950268,1.548592776192066,1.2608923120066584,1.258868158189556,1.2122244347948583,1.260213781305064,1.2122244347948583,1.2602642612844634,1.2613018061795631,1.2582289964966291,1.085838406508962,1.0861285907499607,1.082311745970046,1.0847653851676795,1.082311745970046,1.0859867039023543,1.0858278173201907,1.0859328847674343,1.0967627090992649,1.0954059242706802,1.092634876892643,1.0975133934166414,1.092634876892643,1.0974421715341396,1.0975616956207035,1.0973367124609048,0.1033666294457852,0.1020811885993825,0.0901899013366941,0.1031954137428621,0.0901899013366941,0.1039732308277055,0.1034736807698682,0.1021591438631851,0.1033666294457852,0.1020811885993825,0.0901899013366941,0.1031954137428621,0.0901899013366941,0.1039732308277055,0.1034736807698682,0.1021591438631851,59702.80321003041,59214.62954511412,43800.12190757935,59927.35450858264,43800.12190757935,59931.472257588735,59824.37175252535,59567.16359972364,72624.44548157648,72069.34288447205,57574.7174979312,72660.2444714497,57574.7174979312,72685.96020020224,72862.05060399786,71922.86265373169,1.5486831697923118,1.259345565099494,1.0866044660814105,1.095506483013368,0.1020217518860683,0.1020217518860683,59820.37680315923,72020.17636223068
hrf,06_g,8,1.5300047818001856,1.5118782937868698,1.5107045936482315,0.018187633080599418,0.012029826180680214,1.2157747900816862,1.1954353820546686,1.1982389224148262,0.02144175656699434,0.01793635765585344,1.081863454441658,1.082491993970309,1.082359890759117,0.0005739285730459007,0.0005301919794721757,1.0894812692196627,1.0892490784750295,1.0886017670291719,0.002859628925449359,0.0026253214089957243,0.0842048478839241,0.08110476321475463,0.08072266233347646,0.003713736433878829,0.04578937520655044,0.0842048478839241,0.08110476321475463,0.08072266233347646,0.003713736433878829,0.04578937520655044,54639.93070136679,49224.41173839576,48854.048778518416,5456.149505612408,0.1108423506330403,59691.419659208856,54193.56170828683,54230.79614169389,5884.183360704966,0.1085771662762886,1.5300047818001856,1.4844751221786665,1.4916486700975349,1.5058694578546643,1.531238006964079,1.515539729441799,1.5053889598635095,1.5308616220945177,1.2157747900816862,1.1671838992846,1.17090762437203,1.192662233464343,1.219243064815647,1.2038156113653091,1.1775122032353131,1.2163836298184212,1.081863454441658,1.08184896310926,1.0826258468270589,1.0829631606256118,1.082329211227327,1.0823654698782654,1.0823543116399683,1.0835855340133225,1.0894812692196627,1.0857003126485203,1.0884403125041906,1.0955863314000769,1.0887632215541534,1.0880144171421335,1.0880290523386549,1.0899777109928437,0.0842048478839241,0.07546933208571,0.0775180565643841,0.0796243648169453,0.0864419277135623,0.0817626348934978,0.0796826897734551,0.0841342519865584,0.0842048478839241,0.07546933208571,0.0775180565643841,0.0796243648169453,0.0864419277135623,0.0817626348934978,0.0796826897734551,0.0841342519865584,54639.93070136679,41835.74427394345,42779.1900167984,46710.04650700861,55547.92774277397,50818.8256532838,46889.27190375303,54574.35710823799,59691.419659208856,45737.2858301654,46930.50826831698,52420.726373709695,60878.82081291063,56040.86590967809,52010.46439703881,59838.40241526615,1.5316189794358956,1.2217170626516425,1.0818677258922031,1.0875287366378463,0.0869750947337509,0.0869750947337509,55782.79274982517,61311.56807095575
hrf,06_h,8,1.5391102600782065,1.5571952638710136,1.5575082968099125,0.01295395965229114,0.008318776683207373,1.2243700761396068,1.248497078455277,1.2491405796094512,0.01715566422071953,0.013741052755962916,1.0817692691420735,1.0822787731782257,1.082011963880321,0.0007547017543682304,0.0006973265789478335,1.088893050661057,1.0884337147948633,1.0887816532332286,0.0020783267158577916,0.0019094655812361464,0.0933511339037637,0.10157258398048974,0.10052545154092755,0.006071572905075454,0.059775705875925074,0.0933511339037637,0.10157258398048974,0.10052545154092755,0.006071572905075454,0.059775705875925074,57263.44159484796,65619.28052385655,65753.15021171753,5846.056782022723,0.08909053460129497,62495.06049500494,71022.06178845538,71018.88895292165,6072.876780075968,0.08550690626476733,1.5391102600782065,1.5467011871443173,1.565883485977143,1.5468366732351486,1.5701397016490803,1.5702992384743706,1.5694584567671608,1.5491331076426822,1.2243700761396068,1.2365905602855851,1.2616905989333171,1.2346393811240062,1.261700192920399,1.2668431691219306,1.2660058612112464,1.236136787906124,1.0817692691420735,1.0826893781381195,1.0816913960579622,1.083952763877102,1.0817692691420735,1.0819547939473668,1.0820691338132749,1.0823341813078344,1.088893050661057,1.0895999843498112,1.0881371833177516,1.0891957232338256,1.0838311062448631,1.0886702558054002,1.088127497598089,1.0910149171481085,0.0933511339037637,0.0979313998966054,0.1031195031852497,0.0962547470559101,0.1079014821759657,0.1085010552871499,0.1080353023104328,0.0974860480288405,0.0933511339037637,0.0979313998966054,0.1031195031852497,0.0962547470559101,0.1079014821759657,0.1085010552871499,0.1080353023104328,0.0974860480288405,57263.44159484796,61590.243035699736,69765.32232299904,60706.04498416578,71117.73567000963,71591.5489452327,71178.92953746146,61740.97810043603,62495.06049500494,66776.719800233,75243.22253581064,65960.9359622614,76926.98617124668,77116.40752748397,76862.6064455697,66794.55537003267,1.5694812916982006,1.266060392503094,1.0819642729684908,1.087663974774249,0.10745033265891,0.10745033265891,71304.6717448727,76865.68465605652
hrf,07_dr,8,1.560958088037468,1.5464529761387316,1.5481275590334624,0.01576839634677557,0.010196492612498937,1.244324510753519,1.2332481553824888,1.232617151340855,0.01657782851266313,0.013442410953796691,1.086909617875004,1.087140166603107,1.086903569136624,0.0011526540020291001,0.0010602625470372403,1.092362674257135,1.0921674130456636,1.092150567672909,0.0004190740403537292,0.00038370861037236216,0.1101559286157577,0.1046338293270008,0.10603139788945945,0.0064780189433089694,0.06191132432957143,0.1101559286157577,0.1046338293270008,0.10603139788945945,0.0064780189433089694,0.06191132432957143,63718.492819061794,58558.32980789471,59263.37557766997,5789.3217914407,0.09886418909885294,71951.49180383323,66488.2239952017,66955.06738387274,5972.997818898859,0.08983542438026193,1.560958088037468,1.5601270382997472,1.560489277786392,1.5301261066854126,1.5624615944485083,1.5361280797671777,1.5336874317771598,1.527646192307988,1.244324510753519,1.252381743843214,1.2409113171151605,1.2153572219800255,1.2543479040400338,1.2243229855665496,1.2198432625080031,1.2144962972534048,1.086909617875004,1.0855964976776542,1.0859622192974154,1.08825246755641,1.0868975203982438,1.0890821317760844,1.0867635293783424,1.0876573488657018,1.092362674257135,1.0916568910687303,1.0921334581779194,1.092835564983951,1.0926065312240243,1.0918248145523404,1.0917516929333089,1.0921676771678988,0.1101559286157577,0.1110965529000318,0.1094401340529813,0.0978462187240094,0.111112171643044,0.1026226617259376,0.0982946791136479,0.0965022878405967,0.1101559286157577,0.1110965529000318,0.1094401340529813,0.0978462187240094,0.111112171643044,0.1026226617259376,0.0982946791136479,0.0965022878405967,63718.492819061794,63917.69592122962,63327.13748000246,52482.10574044917,64635.24931182289,55199.61367533749,52928.931208981085,52257.412306273225,71951.49180383323,71908.15580075765,71683.79331902339,60222.079113113694,72563.53047580074,62226.34144872208,61569.617351805326,59780.78264855742,1.5609724225057475,1.2532505439814208,1.0859140969799577,1.0924372767379384,0.1099752767053809,0.1099752767053809,65209.29303442429,72142.63603149801
hrf,07_g,8,1.5538280144409349,1.5539996824419346,1.5538402393484547,0.0006698125392203101,0.0004310248880924966,1.2427057286232068,1.2418038067264963,1.2427711161015949,0.0031317241893080135,0.002521915436516106,1.0817820312280728,1.0817365555488454,1.081948273973604,0.000587808531519104,0.0005433934246780308,1.0803840065870425,1.0811525571934908,1.0804702656171856,0.001811065981236387,0.0016751252810589853,0.0929686233138468,0.09392819181533275,0.09366303973138135,0.001093859505492038,0.011645699596161898,0.0929686233138468,0.09392819181533275,0.09366303973138135,0.001093859505492038,0.011645699596161898,60240.29895160993,60533.583376043556,60440.465473851305,371.33281967133144,0.006134327409044285,67865.8400002176,68120.66211404999,68126.06287164509,303.1519564247497,0.004450220344558632,1.5538280144409349,1.5546259364615478,1.5530769133647024,1.5552224990356098,1.5538524642559746,1.5536395184513154,1.5541843883707211,1.5535677251546711,1.2427057286232068,1.243657422165381,1.2342871886345224,1.2439787134031806,1.242289202849152,1.2415309135510082,1.242836503579983,1.243144781005536,1.0817820312280728,1.0816240851208905,1.0803468076363014,1.081856938486208,1.082163753536289,1.082039609461,1.082039609461,1.082039609461,1.0803840065870425,1.0804136105561724,1.0855625897535035,1.0807823992280918,1.0811636653345829,1.0801345274479173,1.0805269206781989,1.0802527379624185,0.0929686233138468,0.0935326332319735,0.0930891164210541,0.096447865824948,0.0941576875680149,0.0939260948829878,0.0935100670490477,0.0937934462307892,0.0929686233138468,0.0935326332319735,0.0930891164210541,0.096447865824948,0.0941576875680149,0.0939260948829878,0.0935100670490477,0.0937934462307892,60240.29895160993,60514.73755178995,60188.19844654654,61245.62189482491,60443.46547385131,60262.89693135638,60935.98228451812,60437.465473851305,67865.8400002176,68202.70500726881,67818.85219352643,68702.71929261868,68049.42073602135,67808.17095265929,68237.87152951019,68279.71720057764,1.5542769347845482,1.243612620997517,1.0816017672115472,1.080347971215157,0.093921708115045,0.093921708115045,61312.29599301711,68280.94259732205
hrf,07_h,8,1.5287024908932283,1.5394916879137452,1.5453235404505128,0.016286094115184162,0.010578877588650313,1.216058603940482,1.229547027579065,1.2349360605078537,0.020242117073584386,0.01646306860945401,1.0868534744192015,1.0872699174736253,1.08707991441351,0.0008082050122258879,0.0007433342900756685,1.0953680672985513,1.0943164168390087,1.0942089200811862,0.0007948294915876683,0.0007263251097736207,0.096446276102318,0.10017509280183524,0.09919839172068265,0.005278702333642782,0.052694758607162225,0.096446276102318,0.10017509280183524,0.09919839172068265,0.005278702333642782,0.052694758607162225,54335.8256532838,58522.94757548539,60030.22377405435,5987.921661448779,0.10231749953683215,60531.16446627543,65256.22603467756,66281.50980919733,5993.1468091337565,0.09184023001803632,1.5287024908932283,1.5419736316664938,1.5379506252747692,1.5045116427655991,1.5517748704813394,1.5486734492345318,1.5511149364739245,1.551231856520076,1.216058603940482,1.2304893847670828,1.2168618329791845,1.1912808443754723,1.2460519106864922,1.2393827362486245,1.248714691711161,1.247536215924021,1.0868534744192015,1.0865299399978448,1.088656814666274,1.0863307369881772,1.0880799497968447,1.0867657977917953,1.0876362717210462,1.0873063544078183,1.0953680672985513,1.094968041153611,1.0930299908990635,1.0950747723846803,1.0938659167770872,1.0945054273847803,1.0938067060367045,1.093912412777592,0.096446276102318,0.099583450680847,0.0984183291364839,0.0910838021086245,0.1045167473887375,0.0988133327605183,0.1064635950765105,0.1060752091606423,0.096446276102318,0.099583450680847,0.0984183291364839,0.0910838021086245,0.1045167473887375,0.0988133327605183,0.1064635950765105,0.1060752091606423,54335.8256532838,59308.06987839769,57596.22088979992,46038.96166146114,63032.45919772815,60752.377669711015,63763.33639808817,63356.32925541322,60531.16446627543,65025.40154871438,63831.51092955626,53520.70963738125,69956.92499444186,67537.6180696803,70888.13018865074,70758.34844272022,1.5519234238545745,1.2464914680070434,1.0871927999987825,1.093907068418036,0.1038284596419704,0.1038284596419704,63296.77795686101,69872.32701469542
hrf,08_dr,8,1.5365362236196236,1.5314147767891122,1.536049297166715,0.009549510635940617,0.006235744084932294,1.2278449383655117,1.223438932638009,1.2285530383397782,0.013251593412981016,0.01083143020829622,1.0883663999256488,1.0881179262843053,1.088321353116148,0.0012911637139798769,0.001186602741109992,1.0954868481491071,1.095061479453219,1.09547952969515,0.0016320067480184812,0.0014903334457836716,0.0911583513171002,0.0918256745863687,0.0911962499452133,0.004109232223456641,0.044750362488125375,0.0911583513171002,0.0918256745863687,0.0911962499452133,0.004109232223456641,0.044750362488125375,55703.569952736085,55058.212891459814,55846.54408682203,3214.1670859796263,0.058377613750666836,62599.366701891486,61482.093335011785,62716.941341040816,3677.666619727523,0.05981687382841969,1.5365362236196236,1.537139784341008,1.5374657220136765,1.5189067731886767,1.513404254861069,1.53610383494862,1.5359947593848098,1.5357668619554132,1.2278449383655117,1.228825135511587,1.2334752832194251,1.2028277499163975,1.2016520817247769,1.2282809411679698,1.232212115879339,1.2323932153190666,1.0883663999256488,1.0891867845979064,1.0867693795431337,1.0885725698641229,1.0882763063066472,1.090269340381515,1.086911516600018,1.0865911130554504,1.0954868481491071,1.0950183820082118,1.095724316400441,1.0966102097128072,1.0912441009151324,1.0959932405549653,1.094942526643894,1.0954722112411928,0.0911583513171002,0.0912341485733264,0.0971080019770933,0.0874221774650581,0.0855869636819761,0.0909618339558156,0.0966736142663165,0.0944603054542635,0.0911583513171002,0.0912341485733264,0.0971080019770933,0.0874221774650581,0.0855869636819761,0.0909618339558156,0.0966736142663165,0.0944603054542635,55703.569952736085,55989.51822090798,57941.10523283488,51447.11461622766,49043.9864070163,55047.24195888723,57881.96814784504,57411.19859522334,62599.366701891486,62834.51598019015,64440.35068343805,56611.21165508394,54780.504802109885,62492.5138881491,64122.59123208412,63975.69173714751,1.5361765441741215,1.2281443197525703,1.088538359105566,1.0947350645727632,0.0911926541806252,0.0911926541806252,55831.09686467067,62615.266196828095
hrf,08_g,8,1.5456237463032712,1.5561485416608596,1.5625642498726524,0.009887909169761221,0.0063540908242653805,1.234523624975589,1.2496292175933084,1.2541619017991348,0.012798113354001793,0.010241528586095318,1.0838416821582415,1.0834555583521497,1.0835756494587998,0.0008321143765142508,0.0007680189280489095,1.085042902291758,1.0846933129928855,1.084871417436588,0.0006274686913783724,0.0005784756703690381,0.0987187479160445,0.10252067173308547,0.10430998945555056,0.0033008537339117845,0.03219695772678529,0.0987187479160445,0.10252067173308547,0.10430998945555056,0.0033008537339117845,0.03219695772678529,58690.310785981244,63512.426809581775,66323.04570204075,4293.604694856729,0.06760259228842719,66230.69036298143,71333.48309982548,74217.07307804319,4357.43119076836,0.06108535573218098,1.5456237463032712,1.5636117861928849,1.563042528799105,1.5626780298085243,1.5624504699367805,1.53906469141993,1.563290429976942,1.549426650849438,1.234523624975589,1.261171670827414,1.2595745372039324,1.2487492663943374,1.2601042523101258,1.229893854339836,1.2609734275593012,1.2420431071359308,1.0838416821582415,1.0823738475359608,1.084811453372781,1.0827822413905115,1.083496141920532,1.0841063711380174,1.0825775723040865,1.0836551569970676,1.085042902291758,1.084960367380972,1.084598458380161,1.084782467492204,1.0851406327779407,1.0832602107240863,1.085213458203671,1.0845480066922928,0.0987187479160445,0.1047750879065724,0.1059934129735781,0.1047548637816612,0.1045789524689777,0.0973878983277862,0.1040410264421234,0.0999153840479403,0.0987187479160445,0.1047750879065724,0.1059934129735781,0.1047548637816612,0.1045789524689777,0.0973878983277862,0.1040410264421234,0.0999153840479403,58690.310785981244,66729.86402789774,66316.57766460921,66740.33206532928,66439.18783766449,56313.86259214775,66329.5137394723,60539.76576355219,66230.69036298143,74638.62542261594,74282.53501882032,74373.72383563829,74151.61113726607,64215.830047626616,74501.85586999425,68272.99310366089,1.562971978976807,1.2607967434944023,1.082308107788167,1.0854700714606265,0.1045084871869194,0.1045084871869194,67704.1352392846,74560.80918880002
hrf,08_h,8,1.537302081809374,1.554159676534242,1.5566168717531463,0.006972259154366558,0.00448619228747114,1.2259845470786337,1.249444170200265,1.2529425824685028,0.009622359065092132,0.007701311746926498,1.087060296533409,1.0873631255959872,1.0872836165405486,0.0009947302869482476,0.0009148096560686962,1.0973898955535355,1.0975630147900803,1.0975978315906958,0.00046848645366968645,0.0004268424203044862,0.1008953310016623,0.1087909587734007,0.10951801475529095,0.0037965645815736943,0.03489779504086833,0.1008953310016623,0.1087909587734007,0.10951801475529095,0.0037965645815736943,0.03489779504086833,57996.241810210464,64729.4885048875,65773.72102572225,2800.006184615031,0.04325704171760313,63097.67189354948,70844.61810047229,72011.43094241948,3196.8179463866522,0.04512435852011941,1.537302081809374,1.5558911148341112,1.557997206372156,1.5566838867665704,1.5565498567397222,1.5533752778904093,1.5579134420088152,1.5575645458527774,1.2259845470786337,1.2519958407941223,1.2545383691363945,1.2528442459116922,1.2530409190253131,1.2492607741493813,1.2543178820410688,1.2535707834655148,1.087060296533409,1.0868842309008049,1.0875069365476882,1.0889759812841162,1.088234942551324,1.0878474550428874,1.0858289623615356,1.0865661995461309,1.0973898955535355,1.097174189452354,1.098125335051841,1.0978057676278563,1.09799348175748,1.0973658058818947,1.097891568010016,1.096758074985667,0.1008953310016623,0.1094087215772755,0.1119757591854572,0.1095630771402933,0.1094729523702886,0.1056185633301551,0.1115952966732386,0.1117979689088349,0.1008953310016623,0.1094087215772755,0.1119757591854572,0.1095630771402933,0.1094729523702886,0.1056185633301551,0.1115952966732386,0.1117979689088349,57996.241810210464,65425.57679805747,66143.90479190633,65909.88040528868,65702.53725953816,64275.56547130042,66537.29671089211,65844.90479190633,63097.67189354948,71695.24360489796,72618.61322930714,72008.85377795319,72014.00810688577,70532.84750183005,72506.96856836647,72282.73812098817,1.556445416455361,1.2535667596301532,1.0872479584474468,1.097055784643412,0.1093447612114885,0.1093447612114885,66220.95861577548,71923.26799151557
hrf,09_dr,8,1.5220162071267644,1.5035316524831255,1.5047342106563986,0.018043872654404464,0.012000992878736202,1.2178539509380346,1.1944237391385957,1.201791010155339,0.0258764388272981,0.02166437084209318,1.1025692192822107,1.1019155981323403,1.102909662089054,0.007903985726226878,0.007172950214720172,1.1364417223700316,1.1309996180807658,1.1332831788599917,0.0070689717640832934,0.006250198188465251,0.0791746896494265,0.07292123717961052,0.07359956039454554,0.0065160934372235696,0.08935796606376739,0.0791746896494265,0.07292123717961052,0.07359956039454554,0.0065160934372235696,0.08935796606376739,50980.09354714034,30781.394488622886,45517.88424318775,24437.201414318486,0.7938952026150317,57970.68632757613,51298.14221205665,52374.890191165374,6868.250684889335,0.1338888776224548,1.5220162071267644,1.522116163441187,1.513333419220856,1.477797475985648,1.5201814560295763,1.4928081830383746,1.4838653129306554,1.4961350020919413,1.2178539509380346,1.2195320803880667,1.2121214853814974,1.1549629205298704,1.21479959413355,1.1832179474814375,1.1614413993271262,1.1914605349291807,1.1025692192822107,1.1029590784350842,1.1052157069959336,1.0943323397235047,1.1028602457430237,1.115659235764672,1.0886399959193027,1.1030889631949918,1.1364417223700316,1.1367703579773851,1.1385080101332694,1.1189535270871378,1.1335774351219812,1.1277861371168776,1.1229708322414402,1.132988922598002,0.0791746896494265,0.0793497102468918,0.0749629129907519,0.0635077425640835,0.0790647593568036,0.0722362077983392,0.0638080258370902,0.0712658489934975,0.0791746896494265,0.0793497102468918,0.0749629129907519,0.0635077425640835,0.0790647593568036,0.0722362077983392,0.0638080258370902,0.0712658489934975,50980.09354714034,51174.18900156986,48456.739941184576,1441.2367235014613,48723.47291387981,2205.2510088513345,691.1442276647838,42579.02854519092,57970.68632757613,58101.30155126528,55742.398738798336,41611.64672747289,57283.97355741642,47941.73784914352,42726.0113012482,49007.38164353241,1.5219338578454984,1.2194423288309408,1.099723065623118,1.1372538561481655,0.0792002431202593,0.0792002431202593,49660.645712244346,58059.37976175208
hrf,09_g,8,1.5164345600511582,1.5227455720320755,1.527890389013375,0.021960871797496596,0.01442189174662332,1.2040706257524496,1.210447701912936,1.2123594728056843,0.025176322171832747,0.02079918209770256,1.0814978291017028,1.081678480833377,1.0815833498538017,0.0010587494597923714,0.0009788023692369843,1.0838845196082911,1.0805030876605388,1.0796291334572445,0.0017630933719687708,0.0016317337655981608,0.077463933357144,0.07870669065361047,0.07948311588031234,0.006817595045363386,0.08662027317814366,0.077463933357144,0.07870669065361047,0.07948311588031234,0.006817595045363386,0.08662027317814366,51473.00018475189,53108.820755836074,54918.51987967314,7481.312552800971,0.1408676081737111,55655.40378943222,58685.45130770701,60263.67893109404,7474.28966885751,0.12736188445867727,1.5164345600511582,1.540547034385786,1.538853181553019,1.5177952438967113,1.54274124835156,1.5379855341300386,1.4791759739729782,1.5084317999153516,1.2040706257524496,1.2344451544461212,1.2301266349039115,1.2056940597130676,1.2350339252557514,1.219024885898301,1.1606574576879838,1.1945288716459022,1.0814978291017028,1.0816688706059003,1.0814077080904754,1.0824268192917283,1.0824399898823571,1.0803355501930991,1.0833672897001858,1.080283789801567,1.0838845196082911,1.0795319849257217,1.0794959632825862,1.0817815956217096,1.0797262819887672,1.0816008453962471,1.0785451450134296,1.079458365447558,0.077463933357144,0.0850227092964239,0.0815022984034807,0.0772105956472764,0.0871406530386788,0.0817832538018204,0.0656806932661622,0.0738493884178973,0.077463933357144,0.0850227092964239,0.0815022984034807,0.0772105956472764,0.0871406530386788,0.0817832538018204,0.0656806932661622,0.0738493884178973,51473.00018475189,59234.29859267243,58364.03957459439,50933.22644804808,59829.2224742267,58545.022330651685,38247.32934250606,48244.42709923735,55655.40378943222,65337.492311447495,64112.69923875993,56500.94289467561,65731.07304725124,64026.41496751247,44591.91793885975,53527.66627371736,1.542429681815904,1.2351009836238582,1.0799968305692085,1.0793641370124287,0.0855067025563053,0.0855067025563053,59600.54123335955,65644.57557256818
hrf,09_h,8,1.5446108192119945,1.5458316920480695,1.5460512490384262,0.003051248187586668,0.0019738553707254343,1.2278991623195274,1.2314714542868679,1.23321349889065,0.005797495053430934,0.004707778676679275,1.0837539086191266,1.083707715402135,1.0837360483373772,0.0005514988438974572,0.0005088999884925713,1.0896409565592338,1.0910301054602671,1.0896274786667053,0.0034103711371247236,0.0031258267943816346,0.0864415735785626,0.08502505657947504,0.0851411478845075,0.0016775041818062025,0.019729527380416355,0.0864415735785626,0.08502505657947504,0.0851411478845075,0.0016775041818062025,0.019729527380416355,59187.03279085695,59132.57847089783,59401.52164356866,1310.8153781151295,0.022167397600634797,65784.26099751741,65327.125914834236,65769.57113467893,1276.0991811910196,0.019533986277838804,1.5446108192119945,1.5482014794665118,1.53925324538408,1.5459649593455804,1.545658091448984,1.549224084336302,1.5476033184598317,1.5461375387312717,1.2278991623195274,1.2363769662008264,1.2248064157438123,1.222373489938314,1.2366662178142689,1.231612339003776,1.234814658777524,1.237222384496894,1.0837539086191266,1.0842928084962864,1.0844570408425445,1.083089761829921,1.083718188055628,1.0828720759691373,1.084004372459896,1.0834735669445412,1.0896409565592338,1.0908323636525907,1.099248422148997,1.0886765527178277,1.0896140007741768,1.089498118381231,1.0911165956449276,1.0896138338031536,0.0864415735785626,0.0851196247818903,0.0814915984374783,0.084820920072742,0.0863361504389964,0.0851626709871247,0.084165901064977,0.086662013274029,0.0864415735785626,0.0851196247818903,0.0814915984374783,0.084820920072742,0.0863361504389964,0.0851626709871247,0.084165901064977,0.086662013274029,59187.03279085695,60072.42680188378,56145.01518797675,58861.628678562345,59493.9394284685,60497.54159229704,59356.44700441933,59446.59628271799,65784.26099751741,65766.14829914522,62194.44736335683,65739.97167563607,65772.99397021266,66008.48639426182,65443.39599046621,65907.30262807774,1.548423948694118,1.236132924753318,1.082542048103288,1.0908857820255438,0.0848777020788158,0.0848777020788158,59846.419659208856,65746.95948232725
hrf,10_dr,8,1.5600604110535103,1.556966305571399,1.560853403719467,0.009420004727062808,0.006050230305790537,1.2600823353475572,1.2543450597090438,1.260681656342763,0.013740893994909416,0.010954636356679027,1.0848983152658014,1.0850083008840545,1.0850536995254911,0.0011395012421257255,0.0010502235247391847,1.09798660035053,1.0984681830542256,1.0984901721792244,0.0007366762217091095,0.0006706395625049649,0.1080030296475755,0.10835869846696178,0.10969364244226625,0.004603568543414779,0.042484531547030274,0.1080030296475755,0.10835869846696178,0.10969364244226625,0.004603568543414779,0.042484531547030274,69317.22564308025,67103.58702622881,69863.777987653,5308.490403687748,0.07910889177374103,74845.20911701253,72875.61822737585,75378.56907342986,4725.609481749607,0.06484486302408374,1.5600604110535103,1.56308729252796,1.5616463963854237,1.5549014471969158,1.5351200481723448,1.563232846541743,1.5623332138713932,1.5553487888219002,1.2600823353475572,1.2641685094764632,1.2612809773379687,1.2490843600426502,1.224229491045472,1.2638756941611506,1.2635394761478025,1.248499634113286,1.0848983152658014,1.0840121239460632,1.0855787463342286,1.085209083785181,1.0852148194475593,1.0840121239460632,1.0838311027344414,1.0873100916130989,1.09798660035053,1.0993330859651755,1.0986276418345484,1.0978415777444732,1.0983527025239004,1.099342322367932,1.097295408215383,1.0989661254318632,0.1080030296475755,0.111384255236957,0.1114427351329684,0.1075875020526802,0.0982554930447596,0.1114137704282379,0.1121682886759326,0.1066145135165831,0.1080030296475755,0.111384255236957,0.1114427351329684,0.1075875020526802,0.0982554930447596,0.1114137704282379,0.1121682886759326,0.1066145135165831,69317.22564308025,70845.13141414,70410.33033222574,64991.23120132842,55719.3609333826,70603.36691215221,70699.45017327287,64242.59960024833,74845.20911701253,76145.86510471025,75911.92902984719,70542.19533927695,62835.93437783464,76131.52195895975,76064.89959259566,70527.39129876984,1.562509184365552,1.263581511729859,1.083795765541904,1.0993007485937307,0.1112086451242695,0.1112086451242695,70918.23191920342,76009.12498934008
hrf,10_g,8,1.567665166958003,1.5643678467560742,1.567665166958003,0.007695023150115768,0.004918934613794593,1.2612517725620511,1.2565974651614558,1.2612517725620511,0.010104253108735976,0.008040962510964254,1.082311745970045,1.0819625235627885,1.082147048467327,0.00046046176770222894,0.0004255801450367956,1.0853838106731235,1.085155944105752,1.0853838106731235,0.0005763992413374767,0.0005311671971833246,0.1032583886773611,0.10285191569891203,0.1037214531560704,0.0025109347790596903,0.02441310657168684,0.1032583886773611,0.10285191569891203,0.1037214531560704,0.0025109347790596903,0.02441310657168684,67130.30803764914,66057.59165128478,67167.79941567779,2945.030895514794,0.044582777268985026,74407.48155388868,72763.32893947508,74407.48155388868,3585.5701501268636,0.049277159283206515,1.567665166958003,1.5519330781980674,1.5520749747111522,1.569708535838141,1.567130046646563,1.567665166958003,1.5699104353157634,1.568855369422901,1.2612517725620511,1.2400319342490156,1.2406178998059691,1.2637126981374491,1.2604332520279058,1.2612517725620511,1.2633634748957454,1.2621169170514586,1.082311745970045,1.0809714455695014,1.0821864504848322,1.0821076464498216,1.0822881221849792,1.082311745970045,1.0817620614738583,1.0817609703992246,1.0853838106731235,1.084893022718457,1.083810684747888,1.0855146737673813,1.085427086686822,1.0853838106731235,1.0853713619729588,1.0854631016062597,0.1032583886773611,0.0987438896895508,0.0991416492761354,0.1053966088476139,0.1043223594115125,0.1032583886773611,0.1045095233769817,0.1041845176347797,0.1032583886773611,0.0987438896895508,0.0991416492761354,0.1053966088476139,0.1043223594115125,0.1032583886773611,0.1045095233769817,0.1041845176347797,67130.30803764914,61583.591591021606,61138.0087631768,68649.97116802179,67205.29079370643,67130.30803764914,67835.16294343257,67788.09187562071,74407.48155388868,66858.65623403352,67120.2491631461,75354.65731084601,74133.68761464933,74407.48155388868,75070.27758516905,74754.1405001792,1.568006189666027,1.2612560610814805,1.0818652472847652,1.085007483133053,0.1030884666754029,0.1030884666754029,67573.48170256545,74490.0328524409
hrf,10_h,8,1.5371577134458574,1.5408744538796244,1.5459028037802003,0.008602762560429151,0.005583039253307793,1.222813965277513,1.2261335264854676,1.2292236963611542,0.01328798851022217,0.010837309496226114,1.083639922681999,1.0834912392927116,1.0833516833394274,0.0009967276465131256,0.0009199222018295006,1.084279939365843,1.0857191623883042,1.0851054711128396,0.0018226680838799411,0.0016787656946852978,0.0841719306066873,0.08621760558623093,0.08727937776128115,0.003150545626158782,0.03654178986689383,0.0841719306066873,0.08621760558623093,0.08727937776128115,0.003150545626158782,0.03654178986689383,56206.49505977961,58028.08490339577,59635.5437586765,2995.971041398337,0.05162967287970957,61972.843974039,64079.55718517258,66381.09324978676,3807.9834857857063,0.059425870793421126,1.5371577134458574,1.5469461078210704,1.545984538920444,1.5458210686399565,1.5476251820330276,1.547208093334574,1.5263826576493793,1.5298702691926864,1.222813965277513,1.2230417064986865,1.236930609297485,1.236339610953007,1.2354056862236218,1.2398006780251631,1.210336046506206,1.2043999091020583,1.083639922681999,1.0823875054336962,1.0823703289865492,1.082855830289102,1.0844126615900995,1.0830634439968558,1.0840697697860189,1.0851304515773723,1.084279939365843,1.0847506341962192,1.0850664811002857,1.0851444611253935,1.085809857060397,1.0838525848028304,1.0892484608344424,1.0876008806210222,0.0841719306066873,0.087524707487401,0.0878609437468529,0.0875058275934942,0.0870529279290681,0.0912767127266541,0.0818327927997777,0.082515001799912,0.0841719306066873,0.087524707487401,0.0878609437468529,0.0875058275934942,0.0870529279290681,0.0912767127266541,0.0818327927997777,0.082515001799912,56206.49505977961,59802.15140641482,60541.572762652126,60010.38185379312,59468.93611093817,60676.36165125758,53218.399246412606,54300.38113591813,61972.843974039,66506.7744906539,66695.78668396274,66520.73286009356,66255.41200891964,67555.8619358567,57963.98156664313,59165.06396121204,1.547332739515994,1.235406982318756,1.0838624571852429,1.0851761449909971,0.0870823731614857,0.0870823731614857,59944.624494480246,66254.57853116102
hrf,11_dr,8,1.5543924967771583,1.5569617279307955,1.56040806424017,0.006676897040171746,0.00428841436523,1.2541268899982527,1.2559785771042646,1.2582771914282018,0.008141831141821283,0.006482460202938152,1.0830277385460223,1.0835490668571337,1.083827857386288,0.0009218123068723508,0.0008507342538221133,1.090154775288011,1.0903169158154893,1.0906081416784503,0.0012820525983497058,0.001175853166866452,0.1037445564895325,0.1031872985037867,0.1020327261679133,0.002600819645213368,0.025204842872380506,0.1037445564895325,0.1031872985037867,0.1020327261679133,0.002600819645213368,0.025204842872380506,66002.55659552194,66970.0754982298,68078.40305880277,3178.3937512010284,0.047459909930742755,71992.0842253315,72606.53763387166,73507.2605950335,3031.0379613306027,0.0417460749418327,1.5543924967771583,1.5604758542097297,1.5624013839462914,1.5537835719698885,1.5424605574161556,1.5604758542097297,1.5613638306468007,1.5603402742706105,1.2541268899982527,1.2583526601585904,1.2638754415495126,1.2513809962685003,1.239012849781335,1.2583526601585904,1.264525396221524,1.2582017226978135,1.0830277385460223,1.0841376020759832,1.083518112696593,1.084696100627078,1.082261589788489,1.0841376020759832,1.0823342439752253,1.084279545071695,1.090154775288011,1.0909802387901082,1.090357739876722,1.0906731810075878,1.0873228472302467,1.0909802387901082,1.091523203191816,1.0905431023493126,0.1037445564895325,0.1020032118520233,0.1076573735152418,0.0998213226464503,0.1018693846843849,0.1020032118520233,0.1063370865068343,0.1020622404838033,0.1037445564895325,0.1020032118520233,0.1076573735152418,0.0998213226464503,0.1018693846843849,0.1020032118520233,0.1063370865068343,0.1020622404838033,66002.55659552194,68433.29497778855,70063.16626096293,65862.6966391046,59978.83805685335,68433.29497778855,69263.24533800149,67723.51113981698,71992.0842253315,73534.03876962655,75613.84107703011,71034.96229224332,66160.6276633338,73534.03876962655,75502.22585334096,73480.48242044044,1.5610852609661,1.2642234878021803,1.0821583802754104,1.0908317045024372,0.1063272458955912,0.1063272458955912,68766.36308700759,75251.26539186026
hrf,11_g,8,1.5439953329020797,1.556171984550816,1.5629600628068467,0.013337748083908384,0.008570870197074188,1.2303585269973172,1.2455420757682358,1.253149924180038,0.016945690262127264,0.01360507251565577,1.0836613469299454,1.083264504718832,1.0833009388223527,0.0007256137913634044,0.0006698399035531419,1.087735364483353,1.0923547037977552,1.091775412030532,0.004069462954081626,0.0037254043397565387,0.0949510203845463,0.09921745706766065,0.1017610095644777,0.004638561157172681,0.04675146183205892,0.0949510203845463,0.09921745706766065,0.1017610095644777,0.004638561157172681,0.04675146183205892,58146.76785559325,63653.65014826573,66617.98466115829,5373.083087997396,0.08441123290623716,64080.42037708386,69282.87841837798,72191.33566745873,5351.904750831667,0.07724714782363921,1.5439953329020797,1.5636646069996194,1.563119971474141,1.563372119645004,1.5628001541395526,1.5646021420836145,1.5601136637602346,1.5277078854022823,1.2303585269973172,1.2560021047877796,1.25524029154534,1.255561771865204,1.2498593624325387,1.2567745645858683,1.2510595568147358,1.209480427117103,1.0836613469299454,1.083829048526238,1.084183812222124,1.082613518903757,1.0823873602969134,1.0839801947309606,1.082520225425959,1.08294053071476,1.087735364483353,1.100240966234147,1.0929590157068645,1.0929512689670189,1.095589513501917,1.0889116656336235,1.0898502807610737,1.090599555094045,0.0949510203845463,0.1019114490212756,0.1016251800933881,0.1018968390355673,0.1019484433627891,0.1038231873491989,0.0973010582837172,0.0902824790108027,0.0949510203845463,0.1019114490212756,0.1016251800933881,0.1018968390355673,0.1019484433627891,0.1038231873491989,0.0973010582837172,0.0902824790108027,58146.76785559325,66649.52629171862,66691.53848502744,66623.27145772269,66612.69786459388,67231.58220762885,64672.169727170025,52601.64729667112,64080.42037708386,72291.77679295569,72139.65190127466,72265.89454196177,72243.0194336428,72576.3280915079,70606.29028609217,58059.64592250506,1.563041382495318,1.2550891950050111,1.083519870829257,1.08888111111576,0.1013270143414058,0.1013270143414058,66629.86943746914,71986.37268066106
hrf,11_h,8,1.56908271534262,1.562914586600891,1.5650978522519898,0.00940223127219145,0.006015831800917488,1.2615814797785545,1.2552902607397998,1.2598233402586854,0.011590796821273121,0.009233559108824868,1.0858886310053797,1.08627148650779,1.0862655851772167,0.0003465869689890954,0.0003190610941131519,1.112251715071665,1.1057258333567095,1.1090253853992809,0.006428657479728158,0.005813970593607593,0.1145894051287006,0.11235468874947777,0.114265816635576,0.004793703635748051,0.04266580851322355,0.1145894051287006,0.11235468874947777,0.114265816635576,0.004793703635748051,0.04266580851322355,68446.23696983728,66497.56033863014,68164.45774922369,3770.60000167055,0.05670283214104791,75263.67332929946,73358.3411065013,75207.34490217471,4079.9078847891747,0.0556161415764021,1.56908271534262,1.5629013239486644,1.5672943805553152,1.56256739856666,1.568861931354347,1.5689911199899045,1.5407976140956152,1.5628202089540033,1.2615814797785545,1.2614171148125064,1.2586870343140728,1.2520037725077766,1.260959646203298,1.258611699336217,1.2277042371618223,1.2613571018041498,1.0858886310053797,1.0858436327367993,1.0867434036146486,1.0860569803004314,1.0862439056456197,1.0867563024328872,1.086351771617741,1.0862872647088138,1.112251715071665,1.0971965658312322,1.109132591328252,1.1004565639676898,1.0968576464863675,1.1089181794703096,1.1108347323263972,1.110158672371762,0.1145894051287006,0.1143134352493376,0.1145222104966434,0.1116298162023246,0.1142088617573148,0.1142181980218144,0.1007443376274516,0.1146112455122351,0.1145894051287006,0.1143134352493376,0.1145222104966434,0.1116298162023246,0.1142088617573148,0.1142181980218144,0.1007443376274516,0.1146112455122351,68446.23696983728,68208.24202047115,67496.7180671294,65541.84173332117,68382.53848502744,68120.67347797623,57474.53409068463,68309.69786459388,75263.67332929946,75247.48956311538,75197.74439711132,71825.3277325704,75184.04591230149,75231.80327161436,63699.69923875993,75216.94540723809,1.5689890014089314,1.2613300454191734,1.0865617502424012,1.097291099684008,0.114408346725164,0.114408346725164,69071.34461757561,75206.20529186793
hrf,12_dr,8,1.534473626514421,1.5323292920787157,1.5346532775907518,0.0069171605336776874,0.004514147559167297,1.2310293103618342,1.2269460134517989,1.2299877038255267,0.007866310651363673,0.006411293215121322,1.0861154548438852,1.0864216743907056,1.0864430738393327,0.0010086550793697144,0.0009284195107165873,1.0969894090380732,1.0973115119800834,1.0971545936803528,0.0010452155060242272,0.0009525239593432775,0.0831832647074605,0.08275839448452108,0.08310820026268209,0.001669149146006004,0.020168940642247446,0.0831832647074605,0.08275839448452108,0.08310820026268209,0.001669149146006004,0.020168940642247446,52990.935752000674,52076.40554881835,52705.49358048319,2179.0201070908847,0.041842751705437706,62283.51965665798,61364.43210313622,62291.2622973451,2723.1212068050118,0.04437621458352645,1.534473626514421,1.5348329286670823,1.5322085743982257,1.5155671558568973,1.5348329286670823,1.535288821266391,1.534114442397601,1.5373158588620257,1.2310293103618342,1.231350169360895,1.2282571562556237,1.2086992764565665,1.231350169360895,1.2322652774914364,1.2289460972892194,1.22367065103792,1.0861154548438852,1.086945326138156,1.0858061671295092,1.0858292837521668,1.086945326138156,1.0848041212586086,1.0867706928347802,1.0881570230303808,1.0969894090380732,1.0971545936803528,1.0977194867017792,1.0992658618061932,1.0971545936803528,1.0964955315812217,1.0957544561776769,1.0979581631750173,0.0831832647074605,0.0830807200227825,0.0811446648054348,0.0797093284856261,0.0830807200227825,0.0833918252650143,0.0831356805025817,0.0853409520644861,0.0831832647074605,0.0830807200227825,0.0811446648054348,0.0797093284856261,0.0830807200227825,0.0833918252650143,0.0831356805025817,0.0853409520644861,52990.935752000674,52675.070744949466,52158.51230372231,46803.232365233736,52675.070744949466,52735.91641601692,52782.15905670404,53790.34700697022,62283.51965665798,62299.004938032216,61484.64750693183,54769.58163843063,62299.004938032216,62542.75724671121,61819.73076805253,63417.2101322411,1.535161908614053,1.2309885888716636,1.0860425403611451,1.0963634473311104,0.0831412627254009,0.0831412627254009,52953.46771456912,62281.63235503018
hrf,12_g,8,1.5397498574264996,1.5572143853124392,1.564751590689687,0.012153947899166103,0.00780492911817504,1.2206843732397878,1.2532803627630162,1.2612898555539611,0.019342595166749608,0.01543357395635434,1.0828328523778743,1.082724468333498,1.082605952398271,0.0006121618416262733,0.0005653902350322768,1.0874563178085876,1.0874822999438163,1.087407902476898,0.0004096227257300161,0.0003766707060438399,0.0951688802722502,0.10268497132848949,0.10518385113223525,0.00555323186511305,0.05408027867435681,0.0951688802722502,0.10268497132848949,0.10518385113223525,0.00555323186511305,0.05408027867435681,58782.11273444731,67218.54894842132,70781.54728646754,6026.952105614517,0.08966203823053613,64604.976367332456,73290.26696407964,77165.28916573324,6090.48752079786,0.08310090511449324,1.5397498574264996,1.565786189667146,1.5669261531526737,1.5385249790129891,1.5650358228064392,1.5517478848790365,1.5644673585729347,1.5654768369817949,1.2206843732397878,1.2677297404489274,1.269242295150633,1.227207408547038,1.2669517861846853,1.2508622539659535,1.2556279249232372,1.2679371196438678,1.0828328523778743,1.0823028424380077,1.0818554021804212,1.0830038166574485,1.0823790524186674,1.082347197299283,1.0836304549776474,1.083444128318636,1.0874563178085876,1.0871890053646822,1.0875293049105623,1.087011748452139,1.0880212395926223,1.087359487145208,1.0881482942830034,1.0871430019937252,0.0951688802722502,0.1050254683419433,0.1092860242427749,0.0942482714727919,0.1053422339225272,0.1000266149796048,0.106656440615279,0.1057258367807446,0.0951688802722502,0.1050254683419433,0.1092860242427749,0.0942482714727919,0.1053422339225272,0.1000266149796048,0.106656440615279,0.1057258367807446,58782.11273444731,70563.99346259836,71932.93668013638,57604.67500081907,71483.07167308517,64808.90234092776,70999.1011103367,71573.59858501975,64604.976367332456,77372.35875424868,78030.63292422837,63608.04325106221,77209.25110651036,71049.50103854919,77121.3272249561,77326.04504574969,1.5651629303197976,1.2671845894423477,1.0817173365223327,1.0868974256196715,0.1050494215445997,0.1050494215445997,71959.76005662724,77254.02065913205
hrf,12_h,8,1.569861052130902,1.569524097680572,1.5699170894708416,0.002274447866622049,0.0014491321732385037,1.2744286301451364,1.2725483443926269,1.2745213114474314,0.00410168614995587,0.0032232065430202253,1.0885638356134266,1.0882279224354687,1.0885731132337875,0.0007408394837566022,0.0006807760290680591,1.0935158803647116,1.0945772196396426,1.0947339383576664,0.0005458923101245756,0.0004987243479306966,0.1242106971672328,0.1230369958715877,0.1242348258550556,0.003257696279534473,0.026477371756820956,0.1242106971672328,0.1230369958715877,0.1242348258550556,0.003257696279534473,0.026477371756820956,71857.66878627986,71991.47224032492,72222.14144106938,950.8782528250649,0.013208206794977102,79686.52354338652,79424.70232238849,79771.31391128838,1077.1019933668188,0.013561297201905935,1.569861052130902,1.5714730133117938,1.5667917200660255,1.5655314575546175,1.5706014415829077,1.5699731268107815,1.5696982031240174,1.5722627668635298,1.2744286301451364,1.2757016450597056,1.2705010581849865,1.2690755323517473,1.264656962819889,1.2748175633122758,1.2746139927497264,1.2765913705175471,1.0885638356134266,1.088821825263104,1.087058307537236,1.0870749013993792,1.0882176232101508,1.0887116330463522,1.0887928625599537,1.088582390854148,1.0935158803647116,1.094791418772563,1.0951306383151127,1.0949812420253815,1.0940156197881608,1.094921986848359,1.0945845130600835,1.09467645794277,0.1242106971672328,0.1253382836147258,0.1187438236612706,0.1170856607096538,0.124211155939642,0.1242584957704692,0.1244088038586502,0.1260390462510573,0.1242106971672328,0.1253382836147258,0.1187438236612706,0.1170856607096538,0.124211155939642,0.1242584957704692,0.1244088038586502,0.1260390462510573,71857.66878627986,72609.28105137617,70887.88494830829,70376.91229351875,72417.23942081582,72258.78357669311,72185.49930544566,73338.50854016162,79686.52354338652,80171.685014994,78032.86041301386,77474.05933109959,79956.84439456044,79786.43523163194,79756.19259094482,80533.01805947674,1.5696838696280755,1.2745932757336995,1.0880799872247178,1.0944338834640506,0.1241429193471156,0.1241429193471156,72823.3054379938,79834.5062994438
hrf,13_dr,8,1.5296055595351532,1.5211839289386955,1.5292839156758566,0.01579688764025593,0.01038460066513926,1.2086279016559824,1.2108887382119031,1.2200066983606508,0.014964432090852934,0.012358222203759721,1.0882322781282263,1.0875218004560336,1.0868618641717258,0.0016307242173697726,0.0014994864624193799,1.1022254637868552,1.1027842488990576,1.1033057840784508,0.0020795041659036275,0.0018856854076213533,0.081164093336429,0.07939999262771659,0.0810041980192291,0.0033263409718117254,0.041893467010859414,0.081164093336429,0.07939999262771659,0.0810041980192291,0.0033263409718117254,0.041893467010859414,52768.69606990639,50997.67923295699,53083.74841447915,4122.716139140531,0.08084125005587012,59981.37211146287,57429.868857384325,59932.516772403535,4819.250127597536,0.08391539495876592,1.5296055595351532,1.52896227181656,1.5006959166608411,1.491224299437665,1.5301564390180664,1.5280629720326235,1.5310860426430155,1.5296779303656398,1.2086279016559824,1.220747056480365,1.1929063370810091,1.1830510811319397,1.2207152640571952,1.219344649312044,1.2210488685674314,1.220668747409258,1.0882322781282263,1.0869172796576738,1.087195826464292,1.0913086971827195,1.086459827987565,1.0868064486857778,1.086795831303628,1.086458214238388,1.1022254637868552,1.1038198289720684,1.1059818074330514,1.0994712983503805,1.103835995359363,1.1032704981885708,1.1003280291338418,1.103341069968331,0.081164093336429,0.0809676054657414,0.0754730816932372,0.0728213509594697,0.0813200799829331,0.0810407905727168,0.0815789759147234,0.0808339630964821,0.081164093336429,0.0809676054657414,0.0754730816932372,0.0728213509594697,0.0813200799829331,0.0810407905727168,0.0815789759147234,0.0808339630964821,52768.69606990639,52920.57327026643,44551.5944880305,44117.59239598946,53499.29823373495,53246.923558691866,53549.4525626675,53327.30328436883,59981.37211146287,59938.48986046895,50582.63892850691,48756.85386504605,60101.35486752016,59692.13957204351,60459.55796968799,59926.54368433812,1.5290484020547974,1.2205882274266546,1.0863138246560256,1.1034875795880672,0.0807915750230727,0.0807915750230727,53027.33777225424,59892.087840215405
hrf,13_g,8,1.5171615390906543,1.5408625545731471,1.547840068372916,0.014725180049383679,0.009556452654184252,1.2077403753595866,1.2388270213152621,1.2504421658240683,0.019669811433260263,0.015877770741856142,1.0846822665389246,1.0859948772890504,1.0857589851890066,0.0010388603836876988,0.0009565978674604685,1.0928260357642767,1.093675370562675,1.093651181158781,0.0005303774086575173,0.0004849495772997506,0.0843793491621993,0.09232170650020165,0.09475115350918445,0.005891914916629228,0.06381938917708761,0.0843793491621993,0.09232170650020165,0.09475115350918445,0.005891914916629228,0.06381938917708761,51922.26302797453,60967.00043218178,64436.06154102544,6162.221934501892,0.1010747107585947,56997.44837858538,66876.41893495663,70563.18567128504,6202.098508128689,0.09273969220990722,1.5171615390906543,1.5404520908991337,1.5184426179462325,1.547737501100742,1.5527706198060256,1.5479426356450905,1.5516825537720205,1.550710878325277,1.2077403753595866,1.2365468972266342,1.20851737726884,1.250652183575892,1.2522951758880485,1.2502321480722445,1.2511224163303676,1.253509596800484,1.0846822665389246,1.0869595356940582,1.0870999814168658,1.0854019284075525,1.0850074744577929,1.0853231075522578,1.086116041970461,1.0873686822744908,1.0928260357642767,1.093491240482241,1.0943030257392887,1.093811121835321,1.0932484459330332,1.0942974254261302,1.0940515265887512,1.093374142732358,0.0843793491621993,0.0907524576516483,0.0826206719465538,0.0947312173230265,0.0974452336290775,0.0947710896953424,0.0957760517436263,0.0980975808501391,0.0843793491621993,0.0907524576516483,0.0826206719465538,0.0947312173230265,0.0974452336290775,0.0947710896953424,0.0957760517436263,0.0980975808501391,51922.26302797453,59667.57867983778,51043.40898874287,64686.16309210936,65557.45154743892,64185.959989941526,64898.01590585174,65775.16222555758,56997.44837858538,65780.80688649825,57541.58337153416,70484.57297291284,71219.85428556748,70641.79836965725,70753.58516622166,71591.70204867597,1.5487894151909969,1.2518618963511043,1.0853122790131926,1.0943401564184068,0.0956362462904536,0.0956362462904536,65282.449455397866,70893.24916314609
hrf,13_h,8,1.5349071379113133,1.5516801866480583,1.5520144218879959,0.008723337172894998,0.005621865412704124,1.2264473017250443,1.2503713420687723,1.2508261907952765,0.01185780298764281,0.009483425114353438,1.084610134126271,1.0835524340094795,1.0836946170100463,0.0010083033813023845,0.0009305533813175517,1.083429710974096,1.0855534192709282,1.0856016609016628,0.0015096506546527731,0.0013906737594421416,0.1009430130007505,0.11025245626633624,0.1088174883732772,0.0052363838934892945,0.04749448738665551,0.1009430130007505,0.11025245626633624,0.1088174883732772,0.0052363838934892945,0.04749448738665551,55722.94080263455,64385.02544694005,64709.66179228169,4357.208823806025,0.06767425800579698,63154.26655576557,71072.12033800149,71136.4204822142,4025.7718815881544,0.056643475141062,1.5349071379113133,1.5473705402808615,1.5595650610776128,1.559440995880376,1.5482739801032628,1.5481150062199098,1.5557548636727287,1.560013908038401,1.2264473017250443,1.2460259097618342,1.26085592148141,1.2604190561647344,1.2463126490226062,1.2461149511335603,1.2553397325679465,1.2614552146930411,1.084610134126271,1.082340220366875,1.083983871960956,1.0844612591650125,1.0846519344111971,1.0824845064791615,1.082482183507226,1.0834053620591366,1.083429710974096,1.084682036679803,1.086636719339236,1.086959513241883,1.0849160957018935,1.0839545779540831,1.0862872261014318,1.0875614741749988,0.1009430130007505,0.108695897475365,0.1148709212438177,0.1146037250648243,0.1077826275901537,0.1087576694127933,0.1088773073337611,0.1174884890092244,0.1009430130007505,0.108695897475365,0.1148709212438177,0.1146037250648243,0.1077826275901537,0.1087576694127933,0.1088773073337611,0.1174884890092244,55722.94080263455,62877.87672882083,68601.57297291285,68349.15161667555,63112.05753641209,62236.17615196995,66307.26604815129,67873.16171794331,63154.26655576557,69496.54562770238,74787.48747107433,74492.8234741499,69478.01366513391,69475.71720057762,72776.29533672603,74915.81337288214,1.5603366407556516,1.2608159283849063,1.084113987040337,1.0866342462393928,0.11507416168822,0.11507416168822,68448.33538285962,74689.62960669806
hrf,14_dr,8,1.5168974441377208,1.5224746531700293,1.523540220315983,0.009482769670391104,0.006228523838243547,1.208633636790971,1.215284477074348,1.2176758699367274,0.012381508835697701,0.010188156821935801,1.0867165110109047,1.0864067281425784,1.0865608864503626,0.0012113599739686082,0.0011150151619915513,1.1021988799115283,1.0985637174475418,1.0982027960184153,0.00457981420305032,0.0041689108517904555,0.0809775307810596,0.08223334379775153,0.08150522881715799,0.0030117252865626836,0.03662413745414341,0.0809775307810596,0.08223334379775153,0.08150522881715799,0.0030117252865626836,0.03662413745414341,50420.18777608057,53132.97000785215,53272.48398682971,2848.460871176659,0.05361004421088648,56975.36215887188,59465.232594079054,59725.80050524474,3304.529632821319,0.0555707846192861,1.5168974441377208,1.5337670459257011,1.51634791754465,1.50520330642678,1.5325394033852564,1.5227267849674315,1.5243536556645343,1.5279616673081595,1.208633636790971,1.2293865411197529,1.1980299142256914,1.1988876910710136,1.2286994576592771,1.2156760023911903,1.2196757374822642,1.2232868358546238,1.0867165110109047,1.0870177063695408,1.0851523499445674,1.087341447593254,1.0881510503513403,1.0864052618898206,1.086119507033248,1.084349990947951,1.1021988799115283,1.094890264547722,1.1010795608811224,1.1060818213883918,1.0936643982658485,1.09557004014972,1.09418922254889,1.100835551887111,0.0809775307810596,0.0870605577790659,0.0805473088784643,0.0781881147678504,0.08542676936855,0.0820329268532564,0.0797164648151169,0.0839170771386487,0.0809775307810596,0.0870605577790659,0.0805473088784643,0.0781881147678504,0.08542676936855,0.0820329268532564,0.0797164648151169,0.0839170771386487,50420.18777608057,56448.125435370406,51620.90768891521,48518.35603142549,56486.28481493684,53307.87738511191,53237.09058854751,55024.93034242929,56975.36215887188,63452.5050123706,57146.92565073291,53989.95768763976,63273.71107313125,59235.517713293695,60216.083297195786,61431.79815939655,1.529969245743436,1.2259665165842586,1.0854253921550856,1.0942921510612258,0.083804344005879,0.083804344005879,55089.00141024115,62260.103858668816
hrf,14_g,8,1.564726526352289,1.5600974982779394,1.563506183200498,0.009793328197075329,0.006277382155849465,1.263511244507162,1.2569400466694152,1.26041960019506,0.011785252830526286,0.009376145554240501,1.0880835940376623,1.0879926079300395,1.0881681380121213,0.0009326510646879724,0.0008572218762243135,1.0913990461938778,1.0911770995177532,1.0913047304865584,0.0008777894683906413,0.0008044427149163791,0.1100495461773757,0.10591243747439577,0.10678688491876134,0.0046617489062339736,0.04401512246718849,0.1100495461773757,0.10591243747439577,0.10678688491876134,0.0046617489062339736,0.04401512246718849,68694.3097707527,66251.14524312002,67345.58166922259,3877.0416860928744,0.058520372317571276,75752.17462912711,73463.56976051288,74767.27347542535,4011.379931779119,0.05460366198996309,1.564726526352289,1.5359449535295495,1.5636937711504588,1.5643240022955034,1.5623784791184578,1.5624879349506626,1.5639057235760578,1.563318595250537,1.263511244507162,1.2280526670583558,1.2616273552963262,1.2630043797228871,1.2587126860684583,1.2597728403120123,1.2608967767117485,1.2599424236783716,1.0880835940376623,1.0888766044378757,1.0865973039424364,1.089184261242224,1.087019473237029,1.087286752428796,1.0886401921277118,1.0882526819865803,1.0913990461938778,1.0919614368040431,1.0899945737302537,1.0898540883449572,1.0912104147792392,1.0924128333934613,1.09117865779655,1.0914057450996428,0.1100495461773757,0.0949018323973261,0.1068880364556212,0.10911510553236,0.1059183120722298,0.1066857333819015,0.1071270693225681,0.1066138644557837,0.1100495461773757,0.0949018323973261,0.1068880364556212,0.10911510553236,0.1059183120722298,0.1066857333819015,0.1071270693225681,0.1066138644557837,68694.3097707527,56757.06865290841,67456.77153206107,68180.45486496927,67001.99483676444,67225.88928106717,67234.39180638411,67458.28120005297,75752.17462912711,63620.5050123706,74955.83949260332,75363.98372026812,74066.2099835643,74415.29829531888,74829.94504830061,74704.60190255009,1.563631738960679,1.2605934047368814,1.0877290895699896,1.092087566729134,0.1060371185732844,0.1060371185732844,67525.41114236786,74630.9450483006
hrf,14_h,8,1.5499507053584334,1.5549172623886904,1.5571010066484932,0.011350972086308407,0.007300048922777313,1.235863720422996,1.2532667563130637,1.255358195577255,0.014569240308652556,0.011625011383460957,1.082039609460999,1.0829950049874348,1.0828004027764697,0.0007174989813703658,0.0006625136570954826,1.0842819448193577,1.0854683866014736,1.0855851677928317,0.0009751155544689234,0.0008983362081340228,0.1097470468135069,0.11286852254599125,0.11314842583861635,0.0048339475586380515,0.042828128246901895,0.1097470468135069,0.11286852254599125,0.11314842583861635,0.0048339475586380515,0.042828128246901895,62220.583222857385,64662.87285880905,65277.31760051065,4210.223735806835,0.06511037245437316,69666.7445457881,71656.42248452088,72600.01193203035,4623.475561584271,0.06452283551530957,1.5499507053584334,1.5655628790110283,1.565962115814599,1.5642513079385527,1.5401032450935246,1.542273149943204,1.56495795844726,1.54627673750292,1.235863720422996,1.2666894605338856,1.2672682030976383,1.2664837214821147,1.2387481543233338,1.2403643994900309,1.266450245959181,1.2442661451953287,1.082039609460999,1.082974958725881,1.0836613519760574,1.0826258468270586,1.0823860088210215,1.0836746953334664,1.082559617324704,1.0840379514302905,1.0842819448193577,1.0867823288420029,1.0863159104521891,1.0862277965588758,1.084722263876474,1.0853113857294936,1.0858589498561697,1.0842465126772254,0.1097470468135069,0.1165498048637258,0.1175895572680719,0.1171960865948058,0.1074614861093564,0.1084112279367361,0.1180025639990396,0.1079904067826876,0.1097470468135069,0.1165498048637258,0.1175895572680719,0.1171960865948058,0.1074614861093564,0.1084112279367361,0.1180025639990396,0.1079904067826876,62220.583222857385,68705.13018865071,68588.63271396767,68334.05197816392,59460.84484059077,60124.79015016984,68476.03473422122,61392.91504185085,69666.7445457881,75915.33314214178,76139.23472911945,75533.27931827262,65529.86489444952,66439.47925158689,75715.50471501703,68311.93927979172,1.5658991134446203,1.2675788959196446,1.082935091567402,1.0870205101118962,0.1163097048192779,0.1163097048192779,69643.51914904368,76025.39915931976
hrf,15_dr,8,1.5230465075698028,1.52409042765782,1.5230465075698028,0.008704410295305448,0.0057112164326641335,1.2231477617468902,1.2199738782571663,1.221594721265587,0.013437513191707927,0.011014590911491096,1.0866076740755304,1.087093129229376,1.0867734279291996,0.0007554021099875886,0.000694882609112875,1.094887783730754,1.094460751960671,1.094887783730754,0.00165385030207453,0.0015111097397615591,0.0926777248853896,0.0929510034900159,0.0926777248853896,0.003906499914806712,0.04202751738152369,0.0926777248853896,0.0929510034900159,0.0926777248853896,0.003906499914806712,0.04202751738152369,52547.13517770067,52295.80890606876,52108.847335115744,3908.8774263034697,0.07474551991966333,61443.055085433545,60946.04615708988,61029.19870035369,3769.919267988927,0.061856666768371996,1.5230465075698028,1.5343674412782655,1.5115896206212898,1.5372675920857344,1.5230465075698028,1.5220712516490855,1.514959818029192,1.5263746824593876,1.2231477617468902,1.235941165802979,1.2026967951979457,1.2390418496972395,1.2231477617468902,1.2120458074031828,1.203728203677919,1.220041680784284,1.0866076740755304,1.0867847320528696,1.0873804448870568,1.0867621238055298,1.0866076740755304,1.0867120835131372,1.088850355736831,1.0870399456885218,1.094887783730754,1.0939075014246082,1.0913477542832708,1.095809424735502,1.094887783730754,1.0965382668352055,1.093044357247392,1.0952631436978817,0.0926777248853896,0.0972048555559477,0.0877105529475821,0.0993029352864492,0.0926777248853896,0.0937147556680459,0.0886422441348666,0.0916772345564564,0.0926777248853896,0.0972048555559477,0.0877105529475821,0.0993029352864492,0.0926777248853896,0.0937147556680459,0.0886422441348666,0.0916772345564564,52547.13517770067,57367.80075905188,47476.618874648135,58200.491234635,52547.13517770067,50763.81014244465,47792.9203898383,51670.55949253082,61443.055085433545,65434.83632374978,55577.53964893278,66347.92376895258,61443.055085433545,60615.34231527384,56444.42399196775,60262.193036975164,1.5349243420651897,1.2363464228812282,1.0864289525102224,1.097605882316819,0.0972091388299011,0.0972091388299011,57861.97947460206,65536.86071036741
hrf,15_g,8,1.522923084693951,1.537218785885344,1.5426699499884111,0.01162314515450138,0.007561152167293583,1.2090413429767808,1.2275824569148526,1.2348220902262366,0.017099307220997752,0.013929253488984808,1.0816120184416471,1.0811617496405765,1.0815118861772677,0.001036069503846101,0.0009582927847665106,1.081989662001044,1.0820533628427609,1.082014894233882,0.000495140974045913,0.0004575938590912772,0.0878183599833851,0.09581670269818762,0.09461427701353689,0.0059516552738932095,0.06211500820102616,0.0878183599833851,0.09581670269818762,0.09461427701353689,0.0059516552738932095,0.06211500820102616,52716.48965020824,57876.35066804207,59326.22752486057,4499.625982736544,0.07774550279689851,57017.60184096616,63204.90433553645,65074.706381434866,5113.936901392894,0.08091044445292553,1.522923084693951,1.523632864272059,1.5479577493125871,1.523632864272059,1.5432636967400697,1.5474147394879882,1.546849085067287,1.5420762032367523,1.2090413429767808,1.2066465013551095,1.243832972614824,1.2066465013551095,1.2376953658464749,1.2428364245654109,1.2420117319991115,1.2319488146059985,1.0816120184416471,1.0820361237589946,1.0814117539128882,1.0820361237589946,1.081629463949351,1.0806995874276168,1.0810009899887327,1.0788679358863873,1.081989662001044,1.0816603185939135,1.08204012646672,1.0816603185939135,1.082883614875353,1.0824644870595408,1.0823505184327076,1.0813778567188943,0.0878183599833851,0.0912685121781098,0.1021322886761887,0.0912685121781098,0.0971533135964465,0.1022875288869045,0.1025298656557293,0.0920752404306273,0.0878183599833851,0.0912685121781098,0.1021322886761887,0.0912685121781098,0.0971533135964465,0.1022875288869045,0.1025298656557293,0.0920752404306273,52716.48965020824,52649.747442796994,62316.55883623976,52649.747442796994,60400.0306988159,62111.72326644007,61914.08365613328,58252.42435090525,57017.60184096616,57363.04845037288,68245.16258449509,57363.04845037288,66247.56337925936,67919.22650963202,67581.73408558284,63901.84938361038,1.5434865534406557,1.2394454698197213,1.080523429790378,1.0825650627428864,0.0981498406152527,0.0981498406152527,61455.01049628037,66511.66388432276
hrf,15_h,8,1.5502229078392828,1.5381375234469354,1.5443263338999316,0.014490015702456385,0.009420494254625912,1.24664130941359,1.2315395541122935,1.2381526646203647,0.01901565433384587,0.01544055509248548,1.088453195330741,1.0880695023114089,1.0880955678508148,0.0011083716909273428,0.0010186589078848415,1.0976526421217565,1.0995269867372839,1.0990473266171947,0.004588053466231363,0.00417275203025791,0.1031882723746711,0.09622634336497789,0.09458942092984285,0.00679333175561639,0.07059742184995944,0.1031882723746711,0.09622634336497789,0.09458942092984285,0.00679333175561639,0.07059742184995944,62539.1660507022,57446.939872630996,60072.150539863054,6744.626479692908,0.11740619247338184,69837.69281395999,64860.23518735716,67001.88336388151,6046.821365165277,0.093228483487583,1.5502229078392828,1.5470197790372608,1.5503515757722313,1.5497933130605062,1.5416328887626023,1.5325816434010762,1.515823686788985,1.5176743929135386,1.24664130941359,1.239083839797478,1.2488314961794074,1.248910491396799,1.2372214894432514,1.2243193458435948,1.2019472691267443,1.2053611916974845,1.088453195330741,1.088071309491666,1.0868813363881422,1.0881198262099636,1.0902420634836898,1.0866554894699905,1.0884654270390284,1.087667371078051,1.0976526421217565,1.0989429725529611,1.0958216031634151,1.0952816335836444,1.1100664362566404,1.0991526431008698,1.1001462824375552,1.0991516806814283,0.1031882723746711,0.0945789908881704,0.1034138020374115,0.104390241782691,0.0945998509715153,0.0943019674307209,0.0870592867810481,0.0882783346535948,0.1031882723746711,0.0945789908881704,0.1034138020374115,0.104390241782691,0.0945998509715153,0.0943019674307209,0.0870592867810481,0.0882783346535948,62539.1660507022,59540.73423425962,63674.62607890702,63359.35905160226,60603.566845466485,54827.11028346876,47142.16598911825,47888.79044752338,69837.69281395999,66921.0011128876,70406.34670961666,70232.99137055734,67082.76561487542,62329.85025016216,55711.294916204606,56359.9387105935,1.5500139489245552,1.2479116700632449,1.0882327384550188,1.0984858712,0.1037562995330121,0.1037562995330121,63998.917492829416,70192.56496368613
fives,test_100_D,8,1.4869752083974697,1.4787776867929743,1.4845008037165286,0.012635940196307174,0.008544854516780505,1.1626143443810164,1.1565315886150977,1.1612069242263492,0.010372713938605897,0.008968811609397392,1.0889584461752957,1.0942036477249817,1.0951145519796595,0.003604559027829766,0.0032942304984307086,1.1058858255415125,1.1087290123324576,1.1083338509743617,0.0033793582790295176,0.003047956932163512,0.0983465460947059,0.09506872566298032,0.09624243340923885,0.0035941237367522216,0.03780553185801007,0.0983465460947059,0.09506872566298032,0.09624243340923885,0.0035941237367522216,0.03780553185801007,20593.507129920512,19790.39155499186,20266.292880464396,1212.525768284519,0.06126840719221019,23402.38468921804,22467.710456424284,22962.08717864123,1236.936864305415,0.05505397920737992,1.4869752083974697,1.48550665782125,1.4797006375300592,1.484306644283567,1.48469496314949,1.4741352808611394,1.4856254538873226,1.449276648413497,1.1626143443810164,1.1620187356805889,1.1563662951313198,1.1615287808143495,1.1608850676383489,1.1524030856730023,1.1638198379431444,1.132616561659012,1.0889584461752957,1.0914699461999204,1.0934718957967586,1.097794922841406,1.09708453507423,1.0967572081625605,1.097765127260041,1.0903271002896426,1.1058858255415125,1.108996684388447,1.1157296523044304,1.1092850108405754,1.1076710175602766,1.1106384532214284,1.1064010427024964,1.1052244121004933,0.0983465460947059,0.0963275309950713,0.0953177552545457,0.0969216219247408,0.0961573358234064,0.0930217465544117,0.0973809496806128,0.087076318976348,0.0983465460947059,0.0963275309950713,0.0953177552545457,0.0969216219247408,0.0961573358234064,0.0930217465544117,0.0973809496806128,0.087076318976348,20593.507129920512,20342.79645180186,20085.35785162185,20297.772065184225,20234.813695744568,19360.951647286194,20472.352800987966,16935.58079738771,23402.38468921804,22950.55417005224,22513.0911832546,23078.54911941836,22973.620187230223,21906.572280546723,23277.81614672312,19639.095874950974,1.4840665505933786,1.1611439483704686,1.0902692481884368,1.1074543488416737,0.0965957759155422,0.0965957759155422,20376.65431617813,22976.92170242039
fives,test_101_G,8,1.412205603924184,1.4015602787641304,1.4072968676797681,0.013961188429071802,0.00996117586992585,1.0858150663355772,1.0713744620073826,1.0761967970364945,0.01677929214349569,0.015661463604477878,1.085472638675433,1.0879157498754986,1.0860202616441588,0.0041132868203223386,0.003780887279913968,1.08839567552479,1.0930474718467362,1.0911525343545407,0.005421418237018868,0.004959911052956575,0.056302856130045,0.05158115985889568,0.053485656049020044,0.005032785467409616,0.09757022682656219,0.056302856130045,0.05158115985889568,0.053485656049020044,0.005032785467409616,0.09757022682656219,11312.663340633391,10314.905999905108,10524.155151937928,1142.7964213656367,0.11079077418409337,15153.513554720454,13786.719111055445,14219.827696495326,1529.4402912984858,0.11093576934283382,1.412205603924184,1.4027605054214607,1.3834818315638189,1.4127870441061496,1.3951183957147115,1.3796721363115712,1.4146234831330708,1.4118332299380758,1.0858150663355772,1.0623422528662825,1.0476243524036744,1.087869421342078,1.070142150980548,1.0488432982367797,1.0822514430924413,1.08610771080168,1.085472638675433,1.092989629563312,1.0958790502438818,1.0853691743536005,1.086287264708814,1.08528771817063,1.0858235558418194,1.0862169674464983,1.08839567552479,1.103781376200912,1.0918168147184957,1.094064675099668,1.0979257820287125,1.0904882539905858,1.0900649482970792,1.0878422489136466,0.056302856130045,0.0463602066136628,0.0452964870465042,0.0561576052248994,0.0530688205803413,0.0453755633767154,0.0539024915176988,0.0561852483812985,0.056302856130045,0.0463602066136628,0.0452964870465042,0.0561576052248994,0.0530688205803413,0.0453755633767154,0.0539024915176988,0.0561852483812985,11312.663340633391,9481.08852201531,8677.540182055913,11001.496818392025,10246.15158060046,9086.848839921016,10802.158723275395,11911.299992347353,15153.513554720454,12915.024955815885,11828.481666490368,15178.040466655037,13749.935777509538,11539.712113868673,14689.719615481112,15239.324737902494,1.411440783593092,1.0859086542809615,1.0873590057810163,1.0870231033591218,0.0557454357283132,0.0557454357283132,10726.543499586249,14994.773439350274
fives,test_102_G,8,1.419401380071021,1.419590020470715,1.4191671953207732,0.013803957351711839,0.009723904192517957,1.0920533862042332,1.0904611430140305,1.0949666669591493,0.034455357910660574,0.031597052431805224,1.0875805665989842,1.0909061379082472,1.0907276793575515,0.004153920900524764,0.003807771132803121,1.0840600081589826,1.0843911626279426,1.0839072277483475,0.00346712906480484,0.003197304795810496,0.0861843707788037,0.08071931905672514,0.08431615179585,0.017338021039452537,0.21479394576245522,0.0861843707788037,0.08071931905672514,0.08431615179585,0.017338021039452537,0.21479394576245522,11177.9627637825,10087.284220003065,11017.264278972663,2448.0972341545644,0.2426914103698984,13836.262545869116,13341.807549713574,13780.513808527587,2801.520331130464,0.20998056827694295,1.419401380071021,1.4290907527244896,1.4116198376548512,1.4433613466348216,1.4189330105705251,1.3958579495776793,1.414176193123241,1.424279693409091,1.0920533862042332,1.068967247992048,1.1207535595892937,1.0198265774514377,1.1197289152293408,1.082878787107446,1.0978799477140655,1.1216007228243798,1.0875805665989842,1.086471521440067,1.091049145457817,1.090406213257286,1.0940910728110316,1.086109960121174,1.0936113442627622,1.0979292793168547,1.0840600081589826,1.0814773237649695,1.084192206462889,1.0812477273360774,1.0855619813000776,1.082646604957161,1.0837544473377123,1.0921890017056708,0.0861843707788037,0.071266877235787,0.0958300872271509,0.045586906063223,0.0954888686237919,0.0727897791439942,0.0824479328128963,0.0961597305681541,0.0861843707788037,0.071266877235787,0.0958300872271509,0.045586906063223,0.0954888686237919,0.0727897791439942,0.0824479328128963,0.0961597305681541,11177.9627637825,8364.246676092456,12031.339530866637,5082.702161277663,11992.36896811816,9142.44681966746,10856.565794162829,12050.6410460568,13836.262545869116,11572.075462154704,16002.11867714183,7926.215146799873,15677.028273346208,11912.788232314411,13724.765071186055,16083.2069888964,1.423899675806494,1.1195980970655328,1.0931834735417607,1.091301329469185,0.095960566839107,0.095960566839107,12748.294941713464,16053.804968642844
fives,test_103_G,8,1.4282209633443912,1.4259082576849555,1.4301535333342286,0.010071173442593057,0.007062988371316531,1.1025846867190912,1.100724130702166,1.103930198714113,0.010347938585985867,0.00940102819349003,1.0806256650151795,1.0812941758824994,1.0807157373673426,0.0042595298794681335,0.003939288654719437,1.078230550106768,1.0804575282498952,1.0792657846730598,0.00287411822107281,0.0026600936602554407,0.0964208339450934,0.09470490043326023,0.09863118740986684,0.008994978697497828,0.0949790206879179,0.0964208339450934,0.09470490043326023,0.09863118740986684,0.008994978697497828,0.0949790206879179,14727.138879677368,13492.399739177938,15693.686173616234,5056.779671522003,0.37478727055785416,17953.725025052496,17606.460892888783,18103.14533526928,1246.7901992574393,0.07081435655027159,1.4282209633443912,1.4321028836644458,1.4038326892499708,1.4321028836644458,1.43253984886718,1.4181597260207537,1.4306590801140586,1.4296479865543985,1.1025846867190912,1.1052757107091349,1.07960410624408,1.1052757107091349,1.1114668771623206,1.0927242832616255,1.1095163288840857,1.0993453419278565,1.0806256650151795,1.078469805646176,1.0910945216005763,1.078469805646176,1.082079363318944,1.081215080300982,1.0808058097195057,1.077593355812456,1.078230550106768,1.0786332102444154,1.0780735596781883,1.0786332102444154,1.0864302205796397,1.081386024199576,1.079898359101704,1.0823750918444546,0.0964208339450934,0.1000017920510275,0.0755016249501291,0.1000017920510275,0.0998656590519169,0.0870072213368512,0.1014435643122194,0.0973967157678168,0.0964208339450934,0.1000017920510275,0.0755016249501291,0.1000017920510275,0.0998656590519169,0.0870072213368512,0.1014435643122194,0.0973967157678168,14727.138879677368,16976.69140371887,2452.996174855396,16976.69140371887,16687.264996847676,13288.370193607445,16660.2334675551,10169.81139344278,17953.725025052496,18450.62661203017,14951.648547669243,18450.62661203017,18435.572788161,16539.593857248306,18252.565645486065,17817.32805543283,1.4306264397215578,1.1056127461172092,1.080799110812389,1.078624105699971,0.099617193109979,0.099617193109979,16607.353308602247,18203.820479482
fives,test_104_G,8,1.5092530790394485,1.508960070725329,1.511861838187474,0.007886641568920655,0.005226540928369094,1.1751885658710035,1.1742971516349052,1.1766715941691217,0.005783678885406396,0.004925226019116302,1.0845968429343606,1.0852746206539705,1.0848708885895788,0.0014481730995684905,0.00133438400936331,1.0860061151709053,1.0865348008886828,1.086040149907217,0.0017876471741501963,0.001645273738759283,0.0857076005245982,0.08392248840325778,0.0857482792731685,0.0028286968186652427,0.033706064637561865,0.0857076005245982,0.08392248840325778,0.0857482792731685,0.0028286968186652427,0.033706064637561865,22543.97935143415,22188.364344382942,22592.020981994494,819.8693219915401,0.036950417311814726,26038.844717422864,25667.547729856316,26117.95741579507,959.0234304394819,0.03736326666391867,1.5092530790394485,1.4995295309658014,1.498014156738214,1.5022592856305788,1.516590804570384,1.5144705973354995,1.5157815557613532,1.5157815557613532,1.1751885658710035,1.171681565520412,1.1622716279837977,1.1711207966905277,1.1787303344426547,1.1781546224672397,1.1786148500518032,1.1786148500518032,1.0845968429343606,1.0835026422467569,1.0845366601586988,1.0851449342447972,1.0862266561101654,1.0837902832994917,1.0871994731187462,1.0871994731187462,1.0860061151709053,1.086074184643529,1.0907443281463298,1.0859388066494655,1.084861011441301,1.0855348140507055,1.0865595735036138,1.0865595735036138,0.0857076005245982,0.0800106836899346,0.0813048355049163,0.0803323296088628,0.0858872103227873,0.0865593315314855,0.0857889580217388,0.0857889580217388,0.0857076005245982,0.0800106836899346,0.0813048355049163,0.0803323296088628,0.0858872103227873,0.0865593315314855,0.0857889580217388,0.0857889580217388,22543.97935143415,21760.67574420293,20716.97812594488,21325.975167352044,22756.903232988403,22640.06261255484,22881.17026029316,22881.17026029316,26038.844717422864,24819.88721453498,23901.020115442723,25055.024299524823,26481.444789210364,26197.07011416728,26423.54529427375,26423.54529427375,1.5153362882607997,1.1788536632477091,1.085664355443168,1.0862625007253053,0.0855700856776162,0.0855700856776162,23804.2383695122,26408.160517962897
fives,test_105_G,8,1.5169793056179872,1.5046542857943852,1.5160403757506877,0.01770224868695014,0.011764994028248956,1.181455471942449,1.1721641414904684,1.1795636526625008,0.013275549152202535,0.01132567418017239,1.0859470739711377,1.0853348113399446,1.0846199798492662,0.003307520403033921,0.003047465508777412,1.082834406232075,1.0850935479276052,1.0835615929553368,0.0030689282098256407,0.0028282614118265792,0.1095340430192426,0.10489791764795847,0.10855861736099626,0.005733363790595382,0.054656602525102314,0.1095340430192426,0.10489791764795847,0.10855861736099626,0.005733363790595382,0.054656602525102314,23669.944863548757,22467.98635950753,23787.81849257131,2499.089260988949,0.11122889345762117,27161.96665051106,25720.204800743755,27142.42859128819,2181.2767808670246,0.08480790871478397,1.5169793056179872,1.4858245290480736,1.515990782647235,1.5160899688541405,1.4726240405930575,1.5166869177687832,1.517703119712388,1.4953356221134169,1.181455471942449,1.1584751550304797,1.181237238452029,1.1844986552900754,1.148860080514454,1.179023024019661,1.1801042813053404,1.163659225369259,1.0859470739711377,1.0849286053267715,1.082382358093816,1.082902132819709,1.0877381903477572,1.0843113543717606,1.082368044928857,1.0921007308597468,1.082834406232075,1.08832830567976,1.0834599253529602,1.0829736002284789,1.0875037085348431,1.081886080235223,1.0836632605577134,1.0900990965997877,0.1095340430192426,0.0976023051147895,0.1089779874661076,0.1089164200575681,0.0958480561182673,0.1083187119576881,0.1087985227643044,0.1011872946857002,0.1095340430192426,0.0976023051147895,0.1089779874661076,0.1089164200575681,0.0958480561182673,0.1083187119576881,0.1087985227643044,0.1011872946857002,23669.944863548757,19786.425601903386,24141.11347783117,23905.692121593864,18183.13000389887,24576.684112367147,24645.867878551227,20835.03281636582,27161.96665051106,23343.87884637077,27122.890532065318,27247.902725374133,21837.629929560484,27230.90272537413,27295.94435593448,24520.522640759664,1.5169587408433565,1.180369224286416,1.0823824387206855,1.0838427108648483,0.1087813222428935,0.1087813222428935,24825.43642104615,27269.21643387312
fives,test_106_G,8,1.5132200640809457,1.5159195432075028,1.5156967169617328,0.0024056705954970813,0.0015869381764199522,1.1678523088845822,1.1747301693657717,1.1759268031591912,0.0043887042446484744,0.0037359253717114496,1.1004273688943766,1.0987796100417886,1.0985904578843417,0.0011494759662168856,0.001046138784986344,1.11443935688837,1.1144821972598784,1.1143945782691036,0.0012725524589767864,0.0011418329176594722,0.1180363743321988,0.1193975962478859,0.1192871489964317,0.001157429221526861,0.00969390723012445,0.1180363743321988,0.1193975962478859,0.1192871489964317,0.001157429221526861,0.00969390723012445,24558.546160825525,24656.291480015745,24647.593888040275,192.48472140595317,0.007806718279671727,27158.39724146436,27276.68913352983,27259.128734863185,114.42162486919884,0.004194850200076014,1.5132200640809457,1.5147103272778009,1.5160208554268997,1.514264517037923,1.5161244285730462,1.515372578496566,1.5212533300696385,1.5163902446972009,1.1678523088845822,1.1681835591289245,1.180086617195459,1.175615746236726,1.177333470257914,1.1762378600816563,1.1771082152649923,1.175423577875919,1.1004273688943766,1.0991393608926192,1.0988221838521004,1.097579373567596,1.098358731916583,1.1003721321282327,1.0980895489804616,1.0974481801023397,1.11443935688837,1.1144770981814065,1.1164259140076154,1.1143016146696472,1.1143497996498375,1.1156051897482584,1.114265949347685,1.1119926555862074,0.1180363743321988,0.1185015628313757,0.1193976753244867,0.1190077788101273,0.1195357709126531,0.1191766226683767,0.1195843726961492,0.1219406124077197,0.1180363743321988,0.1185015628313757,0.1193976753244867,0.1190077788101273,0.1195357709126531,0.1191766226683767,0.1195843726961492,0.1219406124077197,24558.546160825525,24417.33295738993,24632.345150698748,24940.83757474792,24662.842625381807,24871.825381439103,24418.9776183306,24747.62437131233,27158.39724146436,27250.32112301861,27175.14240746842,27187.782017775207,27375.049045079963,27267.93634670776,27302.35056027013,27496.53432645421,1.5163579524403437,1.1766821786571713,1.0977912508556549,1.1147941740296583,0.1195507721458784,0.1195507721458784,25116.849768056745,27350.977977268103
fives,test_107_G,8,1.5607695897242522,1.5563546419893695,1.558815754049867,0.006072613936704905,0.0039018188868205164,1.2216047642691166,1.217677538455223,1.2201982399351479,0.0055066506987605825,0.004522256939835206,1.085806731087573,1.0873319327822037,1.0878822809356872,0.0014545270264113652,0.0013377028509496667,1.0969722651973408,1.0974407260274335,1.0975001301058858,0.001796732409825758,0.0016372022353586721,0.1254395163875076,0.12410180519853724,0.1246765433360088,0.0019145581691437609,0.015427319256805842,0.1254395163875076,0.12410180519853724,0.1246765433360088,0.0019145581691437609,0.015427319256805842,31388.685189179647,31075.772977923953,31463.73901304881,1094.3706869684443,0.03521620162902718,34088.71498536867,33618.252999724355,34053.23580064884,1035.3827932056874,0.030798233126931873,1.5607695897242522,1.5581893492647336,1.559224896358007,1.5593850618141183,1.558406611741727,1.5530643684392127,1.542434465644997,1.5593627929279077,1.2216047642691166,1.2185610813696484,1.2209408014847327,1.2204317151717878,1.219964764698508,1.2138586285282946,1.2054531251817349,1.2206054269379611,1.085806731087573,1.086058680191346,1.088079531572293,1.0885337710244314,1.088983141014357,1.0876850302990813,1.0851202294202291,1.0883883476483185,1.0969722651973408,1.0979987024795246,1.098089598639873,1.097001557732247,1.099666007372201,1.0996904972215291,1.095199958162238,1.0949072214145126,0.1254395163875076,0.1249374778962259,0.1242532082049209,0.1257859470519881,0.1244156087757917,0.1219607310665386,0.120437149497297,0.1255848027080281,0.1254395163875076,0.1249374778962259,0.1242532082049209,0.1257859470519881,0.1244156087757917,0.1219607310665386,0.120437149497297,0.1255848027080281,31388.685189179647,31364.32479948644,31738.172562594944,31858.95430852546,31984.794928959032,29729.83829262292,29002.620905105214,31538.79283691797,34088.71498536867,33908.661161499505,34017.756615929015,34298.96476873073,34178.98201267343,32803.95849260757,31351.761307625395,34297.22465336054,1.554978862584104,1.2202534724231755,1.0862219248933491,1.0946369322426337,0.125842842098449,0.125842842098449,31760.385766030537,34249.25409061207
fives,test_108_G,8,1.4007874938370477,1.375473757406319,1.3712965614535468,0.012381874919626142,0.009001898329906487,1.005231588990889,1.004027431217546,1.0067375088428714,0.006486423954882284,0.006460405117633534,1.0523647784842007,1.056138616623324,1.0565017491975763,0.007922452193378955,0.007501337484191745,1.084914067796554,1.0859540546096267,1.086102808724133,0.0012797056366393802,0.0011784160031516272,0.0332954671211873,0.034430310562844464,0.0346513675819191,0.0005831122013530522,0.016936013408555158,0.0332954671211873,0.034430310562844464,0.0346513675819191,0.0005831122013530522,0.016936013408555158,398.1492782986679,457.64091783244794,501.0878784786804,72.78863258829821,0.15905184556715637,8073.709662890114,8267.946251790012,8301.110203847253,171.48406916241547,0.02074083018201638,1.4007874938370477,1.3629589267485585,1.3844938277957628,1.3672340655232178,1.3684431882248638,1.3673077450110287,1.3741499346822297,1.3784148774278415,1.005231588990889,0.9933509781741824,1.0082434286948538,1.0102215442681717,1.0030479371742804,1.0086166854016076,1.0084833043478405,0.9950239826885408,1.0523647784842007,1.069318556047599,1.05556644893436,1.0567549651055526,1.058624634016178,1.0562485332896,1.0408432705107025,1.0593877465984003,1.084914067796554,1.0878562306772537,1.0859924647149526,1.086878428849304,1.086213152733313,1.0867367854666763,1.0852685364088972,1.0837727702300624,0.0332954671211873,0.0338579427454044,0.0343248857944321,0.0347612458078382,0.0349015494248655,0.0349311865934061,0.034541489356,0.0348287176596221,0.0332954671211873,0.0338579427454044,0.0343248857944321,0.0347612458078382,0.0349015494248655,0.0349311865934061,0.034541489356,0.0348287176596221,398.1492782986679,531.0142853498734,503.41630560342657,500.8305191657996,501.3452377915612,504.2447327281727,333.97770542341414,388.14927829866775,8073.709662890114,7958.538090014859,8262.557425998617,8364.924958366766,8449.067093990496,8432.552375364734,8280.461971569113,8321.758436125394,1.347215756846929,1.010064635444922,1.090740286596923,1.0853618443714397,0.0347479269792225,0.0347479269792225,4872.138669416629,8320.255910808453
fives,test_109_G,8,1.532250822995757,1.5272010978702042,1.5292400089353313,0.006019284252666008,0.003941382874239907,1.198056963410172,1.1947331519125737,1.1967973907990088,0.00447848291156618,0.003748521504067127,1.0873643405520732,1.0868875410061745,1.0873628406256461,0.0009347539724778863,0.0008600282340273657,1.0935778481620315,1.0925830615239778,1.0922599783274465,0.001249645198077517,0.0011437530400063706,0.1119848459121898,0.11129991580419565,0.11162543319720696,0.0018396526029449752,0.016528787013472532,0.1119848459121898,0.11129991580419565,0.11162543319720696,0.0018396526029449752,0.016528787013472532,27475.27862590649,27413.185588474957,27661.288293898368,651.0680187429998,0.023750177324036417,29450.73778755953,29086.746734487802,29364.106799224097,638.7063771177964,0.021958673582442616,1.532250822995757,1.52963523213788,1.512907369588241,1.5260482443900818,1.5292578576890357,1.528553281597167,1.529222160181627,1.5297338143818442,1.198056963410172,1.1970483715083549,1.1849562508810965,1.194862636184884,1.197719226626864,1.1915209609242623,1.197154395675293,1.1965464100896626,1.0873643405520732,1.0876818252230387,1.0857556463103903,1.0869264972111987,1.087400320623645,1.0851199138185152,1.0873613406992193,1.0874904436113146,1.0935778481620315,1.0918626439703087,1.0905325967877677,1.0942745286085762,1.0923458692956456,1.0921740873592474,1.0939145523615037,1.091982365646742,0.1119848459121898,0.1139196967636295,0.1075063434577264,0.1110730691227836,0.1122144339578285,0.1113564381086477,0.1118944282857662,0.1104500708249936,0.1119848459121898,0.1139196967636295,0.1075063434577264,0.1110730691227836,0.1122144339578285,0.1113564381086477,0.1118944282857662,0.1104500708249936,27475.27862590649,27732.018741276668,25988.632739476547,26964.967876000337,27832.41571089634,27647.947673464805,27989.59442644653,27674.628914331934,29450.73778755953,29371.328624631045,27559.462392090565,28918.887932409983,29375.54182806664,29275.34586857375,29385.78446875376,29356.88497381715,1.5308337135996255,1.1985171842316378,1.088128379093777,1.0926994405289772,0.1118051817160008,0.1118051817160008,27608.44514814786,29488.281943436818
fives,test_10_A,8,1.4672541334454146,1.4600663625927588,1.4674531414735277,0.015284189125809972,0.010468146871535751,1.1404787654570387,1.1346402258710047,1.1385317044552528,0.009037462209281913,0.00796504654358109,1.0833108143022858,1.0863439020815795,1.084946779792674,0.0034748790207878824,0.0031986915139207315,1.0895372291797487,1.0902261027762035,1.0898306336924743,0.0015120611175051166,0.0013869243395060276,0.0885887817167412,0.0871383883462842,0.0882425364650341,0.004756207990899608,0.05458223500759094,0.0885887817167412,0.0871383883462842,0.0882425364650341,0.004756207990899608,0.05458223500759094,18228.32509683999,17702.92466420183,18307.29313427153,1318.0135726683845,0.07445174160028036,20565.921343482885,19954.82673702056,20591.24114863628,1479.8995304747336,0.07416248459472699,1.4672541334454146,1.4468417395915307,1.4696053391296144,1.4684114864504958,1.4676521495016408,1.426965180019526,1.4660591236340978,1.4677417489697495,1.1404787654570387,1.124825811483035,1.1385509449359583,1.136733014512026,1.1417610406664287,1.116485658232741,1.1397741077062624,1.138512463974547,1.0833108143022858,1.0879434271087445,1.0846557987498695,1.0859748873659976,1.084685563660949,1.094287165879441,1.084824110531168,1.08506944905418,1.0895372291797487,1.09102796070794,1.08999091148085,1.089527282242623,1.088319143927842,1.0934501064123154,1.0896703559040988,1.090285832354209,0.0885887817167412,0.0816720532280529,0.0920528066463993,0.0891240309614328,0.087896291213327,0.0783482875011753,0.0878176705839657,0.0916071849191795,0.0885887817167412,0.0816720532280529,0.0920528066463993,0.0891240309614328,0.087896291213327,0.0783482875011753,0.0878176705839657,0.0916071849191795,18228.32509683999,16385.875169902934,18515.27336501189,18373.1901038912,18346.006337707127,14949.97444947705,18268.57993083593,18556.1728599485,20565.921343482885,18549.251070435297,21014.62192033377,20616.560953789674,20675.573147098497,16834.338156700593,20492.122353609662,20890.224950714102,1.4682424527748918,1.1402785022636226,1.087079260354729,1.0878005400895467,0.0887846029411949,0.0887846029411949,17864.45503915491,20582.48988597781
fives,test_110_G,8,1.5192592438535353,1.5169714304638595,1.5174310231795176,0.00253070951523757,0.0016682644540403305,1.1835951869535262,1.1812140437521483,1.1820809032179593,0.00349282680185414,0.0029569804222434664,1.085531163579831,1.084961689976351,1.0849915986637588,0.0011632695371200602,0.0010721756794430373,1.087099611168282,1.0872031049660955,1.0870766620699763,0.0005394231078162343,0.000496156702783751,0.1019874617355597,0.10139073917730632,0.10157990701786235,0.0010839499916139239,0.010690818514680855,0.1019874617355597,0.10139073917730632,0.10157990701786235,0.0010839499916139239,0.010690818514680855,25156.449839844245,24850.79041541062,25030.87267537797,571.1550190000196,0.022983374349567227,27546.7912524912,27201.603391959394,27349.009506560677,482.31070413172654,0.017730965972185826,1.5192592438535353,1.5170752492662565,1.5180787661408028,1.5183049355084086,1.517357455123288,1.5175045912357472,1.5109644612598865,1.5172267413229517,1.1835951869535262,1.1819324533111897,1.182803842286568,1.1819838523998014,1.1821779540361173,1.1817712912250713,1.1726994054206374,1.1827483643842736,1.085531163579831,1.0860362950133569,1.0868003959097026,1.0841343670715176,1.0838556996002582,1.0847537127080265,1.0833524013086244,1.0852294846194912,1.087099611168282,1.0865293267437788,1.0870283989300151,1.086676680350407,1.0870537129716706,1.087322363329127,1.0877450920819736,1.0881696541535113,0.1019874617355597,0.1011724589749863,0.1015879581027855,0.1014374255961071,0.1016041446982086,0.10277762429849,0.0989869840793742,0.1015718559329392,0.1019874617355597,0.1011724589749863,0.1015879581027855,0.1014374255961071,0.1016041446982086,0.10277762429849,0.0989869840793742,0.1015718559329392,25156.449839844245,24905.295510911696,25265.248829717464,24528.815280171337,25182.792985594748,25303.9300705846,23587.66686842445,24876.123938036435,27546.7912524912,27376.453157374577,27365.394282871526,27381.352652311187,27317.482594626097,27267.78410981626,26024.94435593448,27332.624730249827,1.5177165413075475,1.182183683676251,1.0835894953302243,1.0867957479413786,0.1015017605366984,0.1015017605366984,25014.87624671544,27327.026750503384
fives,test_111_G,8,1.4419544724684294,1.4338742930206119,1.437677286302518,0.011465893770053769,0.007996442802457681,1.133314348941066,1.1260237303840306,1.1269497587214055,0.009480853403429731,0.008419763409600866,1.0910523187744448,1.0894592833898087,1.0896875337982532,0.0020824222452305525,0.0019114273263624681,1.0971292842704734,1.0971068722349808,1.097613931215731,0.0017501906846866446,0.0015952782076018067,0.0819396588744676,0.07929411404364098,0.08005834044853555,0.0022033979478873872,0.027787660842956217,0.0819396588744676,0.07929411404364098,0.08005834044853555,0.0022033979478873872,0.027787660842956217,16385.17459305205,15800.704355260488,16059.031411407794,712.3446336344524,0.04508309361520921,18444.7859915966,17990.001305657843,18376.21492378473,848.4154493573939,0.04716038842590677,1.4419544724684294,1.4379760062026914,1.4373785664023448,1.427481784905833,1.4437364736871774,1.4363936057062028,1.4080952656257268,1.437978169166489,1.133314348941066,1.1322548431702506,1.1346708606601097,1.1274723729574203,1.1264271444853908,1.1263503221875983,1.1048032984076084,1.1228966522628006,1.0910523187744448,1.0868097041959444,1.0913231948600717,1.091690572367879,1.0870827346407266,1.0913231948600717,1.0880697985972705,1.0883227488220617,1.0971292842704734,1.097818131718126,1.094121868400529,1.0986536178228492,1.094731665501607,1.09834685464576,1.097409730713336,1.0986438248071666,0.0819396588744676,0.0802212743706203,0.0787611843401555,0.0785894090424537,0.0801451753876311,0.0802519034218649,0.0744728014024947,0.07997150550944,0.0819396588744676,0.0802212743706203,0.0787611843401555,0.0785894090424537,0.0801451753876311,0.0802519034218649,0.0744728014024947,0.07997150550944,16385.17459305205,16264.191836994756,16266.061894679844,15361.542991971974,15726.699412945576,15853.870985820831,14268.27387262616,16279.819253992724,18444.7859915966,18365.08750678676,18407.79818490541,17450.664058508402,18567.98195108949,18224.376828668108,16071.973582925277,18387.3423407827,1.4380826636657045,1.1250536040533676,1.091841048033558,1.0975761591041715,0.0800656525341524,0.0800656525341524,16411.89032180459,18367.129137347103
fives,test_112_G,8,1.4745742233963897,1.4936740866958969,1.4963769657535728,0.00820300971978726,0.005491833722531028,1.1326405691309755,1.1507262252477997,1.1527333629725236,0.007703275879350655,0.0066942733296026305,1.0866598591324372,1.0871549846221082,1.0865401341366296,0.0020512627256679037,0.0018868172014875288,1.0853367032986792,1.0849607838443858,1.0846994482792995,0.0013733012383669292,0.0012657611766398182,0.0894360515720517,0.09790575011484579,0.09889928486790445,0.003597763606354642,0.03674721456231508,0.0894360515720517,0.09790575011484579,0.09889928486790445,0.003597763606354642,0.03674721456231508,18783.972716373493,20388.462226697025,20558.556156962928,802.5504198751738,0.039362969651742526,21307.10092558485,23244.405190427897,23502.040751254135,834.8161122631767,0.03591471175209749,1.4745742233963897,1.4999557882398638,1.4974890553030211,1.490934655621255,1.4976631683546306,1.4986619537762855,1.4948489726716057,1.4952648762041243,1.1326405691309755,1.1541889144719877,1.1558919053646377,1.1521351914071432,1.15670748244316,1.148779013219445,1.1526688325368202,1.152797893408227,1.0866598591324372,1.0855566101503893,1.084386798813211,1.0905996898293315,1.087731854377366,1.086359173282466,1.0895254822508444,1.0864204091408218,1.0853367032986792,1.0845604436746823,1.085356875131704,1.0879456152639722,1.083462347676768,1.0842764046547149,1.0839094281706492,1.084838452883917,0.0894360515720517,0.1004278888061743,0.0992734637056341,0.0985251060301748,0.0994491678024359,0.0973691611143065,0.0981129398410896,0.1006522220468994,0.0894360515720517,0.1004278888061743,0.0992734637056341,0.0985251060301748,0.0994491678024359,0.0973691611143065,0.0981129398410896,0.1006522220468994,18783.972716373493,20618.765789061057,21249.478559220763,19914.096741502744,21279.454172603124,20515.434836619366,20144.81752088917,20601.67747730649,21307.10092558485,23914.71946680433,23726.293059933138,23109.315354509723,23769.55294456296,23537.42805288193,23124.17826951988,23466.653449626345,1.4981667009233786,1.1514471341408723,1.087851160254654,1.085921864703793,0.0993193773073809,0.0993193773073809,21646.45626464418,23776.618961740944
fives,test_113_G,8,1.418397789213624,1.418080846743591,1.4231750206694134,0.016150231205553946,0.011388794399586257,0.90496734112427,0.9783564661861972,0.9884972911211808,0.03076381697482452,0.03144438457564164,,1.0907358649180439,1.0924724935887016,0.005318568338128222,0.004876128592808168,1.0925392829228882,1.0920877117078491,1.092207018495432,0.006399662336248164,0.005860025955461146,0.0230140182980171,0.036308544850122235,0.03828471736938,0.0054446639777523745,0.14995544437892958,0.0230140182980171,0.036308544850122235,0.03828471736938,0.0054446639777523745,0.14995544437892958,0.0,2815.822427902707,3175.4572490807454,1144.735087516775,0.4065366751018463,3764.642061285344,4989.39996989108,5173.930083339026,512.9456880046538,0.10280708924922119,1.418397789213624,1.4276794185127133,1.379867986655701,1.428601487419647,1.425498804945439,1.4159093971484096,1.4208512363933876,1.4278406536598074,0.90496734112427,0.993827395960046,0.9833984431702968,0.9948667713270016,0.9908136138400612,0.9730605532720767,0.9861809684023004,0.9997366423935248,,1.082625846827059,1.085839294336119,1.0924724935887016,1.0950537602507746,1.0966946408992229,1.09457270360214,1.0878923149222908,1.0925392829228882,1.083776521864359,1.089104385299575,1.0931716500005595,1.0878489588935698,1.1058468576909777,1.0923192736595146,1.0920947633313491,0.0230140182980171,0.0384709515827904,0.0363781739939964,0.0388835671587988,0.0391132188406464,0.0380984831559696,0.0388903051054544,0.0376196406653048,0.0230140182980171,0.0384709515827904,0.0363781739939964,0.0388835671587988,0.0391132188406464,0.0380984831559696,0.0388903051054544,0.0376196406653048,0.0,3203.0785694243045,3089.8948032402304,3342.676549170751,3147.8359287371864,3044.397328557173,3418.7598102914367,3279.936433800573,3764.642061285344,5298.932608655966,4878.339679543403,5204.986432525129,5266.60165621428,5094.163056034268,5142.873734152923,5264.660530717328,1.3420330315854314,1.002504181431227,1.0906408327252906,1.0919709217492242,0.0385636692479472,0.0385636692479472,2883.84097937107,5208.903171404448
fives,test_114_G,8,1.3727559505709042,1.3341825113465426,1.3278246141791676,0.016433836822727345,0.012317532783532937,0.9320775513589382,0.950122256901366,0.9504255373149089,0.01351624868067444,0.014225799451067472,1.0809955854432696,1.0825436228293888,1.0813661162914245,0.002651516342689371,0.0024493390259500477,1.08521080796412,1.087511857106332,1.0876657789350352,0.003954965034137266,0.003636709805317155,0.0274803092959538,0.03183352156551385,0.031666561210418095,0.0024210650575422258,0.07605395000234702,0.0274803092959538,0.03183352156551385,0.031666561210418095,0.0024210650575422258,0.07605395000234702,2320.258151526273,3519.827459951997,3710.3735546841745,498.67493872346876,0.14167596122176673,4667.545740304064,4969.758618782746,4906.905696721389,282.24978244832647,0.05679345901863107,1.3727559505709042,1.324234539626515,1.3284632308357869,1.3336880176117123,1.3271859975225484,1.3385863920846908,1.325994456811182,1.3225515057090016,0.9320775513589382,0.9665989400682666,0.9608007793231672,0.95700180274559,0.9438492718842278,0.9641685858838798,0.9390689105481318,0.9374122133987264,1.0809955854432696,1.0838998363596994,1.0861875914955452,1.0817366471395795,1.0802516391854606,1.0865677291741018,1.0802516391854606,1.0804583146519915,1.08521080796412,1.0884325523456986,1.0913430530051371,1.0879849953708989,1.0851265963738368,1.0937540363109792,1.0873465624991716,1.080896252980813,0.0274803092959538,0.03274633207277,0.032139164110436,0.0326392867574977,0.0311939583104002,0.0311280842702326,0.0311358851434103,0.0362051525634102,0.0274803092959538,0.03274633207277,0.032139164110436,0.0326392867574977,0.0311939583104002,0.0311280842702326,0.0311358851434103,0.0362051525634102,2320.258151526273,3797.394369964347,3796.494875027735,3789.252234340616,3498.215654414156,3743.8380207782434,3536.257284974499,3676.9090885901055,4667.545740304064,5016.773229089537,4959.447327281732,5012.631093465806,4852.636144099688,4790.180299976973,4854.364066161045,5604.491049883128,1.254749041000612,0.9512972675836028,1.079669127533634,1.0937918142199154,0.0324236245484861,0.0324236245484861,3807.222797089093,4984.317384966821
fives,test_115_G,8,1.51714844644355,1.5133555862304755,1.5169609121738508,0.007062494153629275,0.0046667777341218315,1.1769988995425005,1.173824204218655,1.1770701772047274,0.00749090272642029,0.0063816223072402384,1.0875641402852323,1.0888725339688503,1.0891552774322042,0.002660413884133061,0.002443273938076179,1.0919652182410435,1.0927843314580479,1.092147336714723,0.0019190135090307048,0.0017560770719234784,0.1013306839754124,0.09986792767172856,0.10108113336947724,0.002402522758290264,0.0240570002232097,0.1013306839754124,0.09986792767172856,0.10108113336947724,0.002402522758290264,0.0240570002232097,24784.951139671903,24307.269222608353,24621.429278371208,695.8687542369806,0.0286280103233377,27502.25301379957,26929.99976741902,27454.389052768893,984.0781193248594,0.03654207678514116,1.51714844644355,1.507269755122094,1.516940061131381,1.4983246231748997,1.5184789567804902,1.5177350355981054,1.5139660483769632,1.5169817632163205,1.1769988995425005,1.166047010025868,1.1773755259072445,1.158637743347301,1.1808182999668724,1.177656099884293,1.175918600208206,1.177141454866954,1.0875641402852323,1.091754328799091,1.0917496428950966,1.0837170590301206,1.0876841577186758,1.0902003881581774,1.089972583543675,1.0883379713207333,1.0919652182410435,1.0973171683499614,1.0923294551884024,1.0932102778266577,1.0918226076780482,1.0917975019865562,1.0925352345581734,1.09129718783554,0.1013306839754124,0.097314685605916,0.1011751425191973,0.0954450331322231,0.1009871242197572,0.1022213402246927,0.0989279737805445,0.1015414379160852,0.1013306839754124,0.097314685605916,0.1011751425191973,0.0954450331322231,0.1009871242197572,0.1022213402246927,0.0989279737805445,0.1015414379160852,24784.951139671903,23260.447388865687,24615.90236643663,23133.417951614167,24626.95619030579,24857.13490585598,24470.547027377303,24708.79681073936,27502.25301379957,26045.37667999132,27464.211383239228,24819.69125504209,27457.152508736184,27467.169752678885,27232.51794906328,27451.6255968016,1.517287485468964,1.1778128986333176,1.0896663442455503,1.0927521510291154,0.1010559373246033,0.1010559373246033,24972.193780359023,27464.96874255211
fives,test_116_G,8,1.4436193625037486,1.4429644455088324,1.442316011630707,0.0016693596156222815,0.0011568958755831405,1.1278101592943326,1.1310071862328932,1.132798357571792,0.004145567293142763,0.003665376616173968,1.0854575959682826,1.086089202516928,1.085750561237963,0.0013530988791048172,0.001245845070523779,1.080389992008416,1.083009160554578,1.082694163535368,0.0028840524397138285,0.0026629991183426257,0.0937924424983381,0.09420325834877008,0.09424077286573321,0.0006992979967621267,0.0074232888439283665,0.0937924424983381,0.09420325834877008,0.09424077286573321,0.0006992979967621267,0.0074232888439283665,15633.180510237704,15652.455636503551,15639.973403456515,144.5926972965018,0.00923770050236034,17809.32596339177,17710.554886606464,17797.047788798714,176.72827182951235,0.009978697616253819,1.4436193625037486,1.4413870722081223,1.4424090330480184,1.4422229902133954,1.4417950297404596,1.446149771197671,1.4445148670593109,1.441617438099933,1.1278101592943326,1.1247745849594066,1.134311218404138,1.1336791914832818,1.1319641497292965,1.1261804120885486,1.1357052084898531,1.1336325654142876,1.0854575959682826,1.08553089773798,1.0851225389356152,1.0892519824007088,1.0860944337473464,1.0850283735127455,1.085970224737946,1.0862575730947983,1.080389992008416,1.080334594331435,1.0825284175111292,1.082859909559607,1.080828043702606,1.089024910590039,1.08469748307959,1.083409933653803,0.0937924424983381,0.093161517255314,0.0939925303168424,0.0945021998513119,0.0950149830003974,0.0951301612534853,0.094489015414624,0.0935432171998476,0.0937924424983381,0.093161517255314,0.0939925303168424,0.0945021998513119,0.0950149830003974,0.0951301612534853,0.094489015414624,0.0935432171998476,15633.180510237704,15504.298259243797,15735.63635436042,15646.766296675329,15490.09724911702,15533.327696495317,15899.58967316619,15776.749052732628,17809.32596339177,17385.880220536816,17784.76961420566,17833.196021076852,17540.774664839548,17867.480292324315,17851.053885453122,17611.958431023617,1.44254331459846,1.133427672899219,1.0862039699663064,1.0828046484099882,0.0939191855976325,0.0939191855976325,15764.334839170251,17759.627478581933
fives,test_117_G,8,1.5058134953037623,1.5017688483910165,1.504175526316156,0.0065552186281963515,0.0043649984051936895,1.171553386588633,1.1638252424611295,1.1639454468598454,0.007222130932112078,0.006205511505180546,1.0851230407555337,1.0855498043519114,1.08523625571436,0.0022263377358019264,0.002050884931190312,1.0888925358251886,1.0931819375899123,1.0920394590843965,0.0041834659995076025,0.0038268707665722107,0.0934295833899878,0.09042661578138456,0.09125923592739199,0.0027965511073474456,0.03092619449685466,0.0934295833899878,0.09042661578138456,0.09125923592739199,0.0027965511073474456,0.03092619449685466,22690.096233888467,21802.798263753182,22250.01950269808,1012.5367018989149,0.04644067654298493,25413.81232157851,24571.247847148723,24753.249262993355,816.8025911296315,0.033242210416448766,1.5058134953037623,1.505458269053055,1.4924206816445174,1.4943437965558823,1.5063335730306675,1.5105360891929085,1.5028927835792574,1.4963520987680818,1.171553386588633,1.171292965602839,1.1538448591147084,1.156237033570835,1.1676477991551897,1.1704912688734492,1.1592915322188813,1.160243094564501,1.0851230407555337,1.0876828196161803,1.0849181082841806,1.0820794809586598,1.0837474054927396,1.0892589906957306,1.0862391183390798,1.0853494706731863,1.0888925358251886,1.0909761549714276,1.090566460661871,1.1021702201871098,1.0938405208413196,1.093102763197365,1.0953061749009667,1.0906006701340516,0.0934295833899878,0.0929841292775977,0.0864875028353532,0.0862941151789119,0.0915035526122706,0.0923871515673121,0.0910149192425134,0.0893119721471298,0.0934295833899878,0.0929841292775977,0.0864875028353532,0.0862941151789119,0.0915035526122706,0.0923871515673121,0.0910149192425134,0.0893119721471298,22690.096233888467,22937.13281381493,20294.801502435745,20712.259438599514,22196.38346372876,22413.147965716584,22303.655541667405,20874.909150174062,25413.81232157851,25390.883389390376,23424.872929185105,23570.36535323428,24873.68533785643,25291.29046027781,24632.813188130283,23972.259797537008,1.5081564676431425,1.1705910128202026,1.0852173823689968,1.091629918186508,0.0929982229056202,0.0929982229056202,23461.56636336106,25327.729060457827
fives,test_118_G,8,1.5420784552856917,1.5424308997017948,1.54255812690351,0.0017972661455886287,0.0011652166368918714,1.2110316178304064,1.2097295485607613,1.2109104367559622,0.0033335579951046827,0.0027556225265975205,1.0828466695109884,1.08255138866422,1.0829024746595923,0.0007664344348732691,0.000707988962832505,1.0854049113815587,1.0854108024332225,1.08516668620369,0.0006750113400800025,0.0006218948056964183,0.1187400931031778,0.1190315985299744,0.11866842212235004,0.0018579013738045937,0.015608472008688845,0.1187400931031778,0.1190315985299744,0.11866842212235004,0.0018579013738045937,0.015608472008688845,28871.73742862204,28730.66888612711,28809.160264155762,642.3149821215359,0.02235642284094834,32067.15914379685,31779.12739786633,32074.730211608716,586.0295600378424,0.01844070646436909,1.5420784552856917,1.5410207203935764,1.5450485084407068,1.5422833104971658,1.5428329433098544,1.5391191439855834,1.5437194275791744,1.543344688122605,1.2110316178304064,1.206575701408833,1.2107892556815183,1.209534604449878,1.2124252567486182,1.2030297433215542,1.212658297160573,1.2117919118847098,1.0828466695109884,1.0817021281788757,1.0813480350658742,1.0830827863593355,1.0830412584673137,1.083462087170897,1.0819698647522769,1.0829582798081965,1.0854049113815587,1.0869396653331809,1.0850363343867218,1.0852708133396614,1.0848101954983518,1.0850625590677183,1.085703786257796,1.085058154200791,0.1187400931031778,0.1177287595594029,0.122463659938787,0.1181170881590956,0.1196719772886034,0.1164022063867299,0.1205322526624763,0.1185967511415223,0.1187400931031778,0.1177287595594029,0.122463659938787,0.1181170881590956,0.1196719772886034,0.1164022063867299,0.1205322526624763,0.1185967511415223,28871.73742862204,28365.250055206743,28746.583099689487,28435.509939836567,29483.592334405475,27476.277400417213,29203.96996804139,29262.43086279799,32067.15914379685,31153.83620058188,32216.86477128162,31598.595651935808,32202.350052655856,30673.03006803372,32238.882015224324,32082.30127942058,1.544593529081595,1.2119671608811928,1.08192524101092,1.0849426994720484,0.1189767118421152,0.1189767118421152,29372.94053078987,32104.083025351098
fives,test_119_G,8,1.4185985350211916,1.393818317701943,1.4072777907050265,0.02613060657169497,0.018747498321573065,0.9906867732938786,0.9741596677304315,0.9766446733311278,0.015520207140109628,0.015931892536947406,1.0880558325984595,1.0890000179138348,1.0891759089837054,0.002208198357022394,0.0020277303220367017,1.0875098676960555,1.0924511835313178,1.0893230122751394,0.006085793288513628,0.005570769092712658,0.0238906988381198,0.021681567985884862,0.023569937378476152,0.0030773663818570505,0.14193467851866057,0.0238906988381198,0.021681567985884862,0.023569937378476152,0.0030773663818570505,0.14193467851866057,3693.815726201653,3136.8676746677056,3642.6258633631696,1116.461238342369,0.35591594996452564,5414.089029629573,4862.5649679688495,5331.910314079383,751.1498365755158,0.1544760515332055,1.4185985350211916,1.3681182650134571,1.4064280092493646,1.414088712146361,1.412681572295916,1.4081275721606883,1.349993612507116,1.372510263221448,0.9906867732938786,0.9860870378363212,0.9764187175961072,0.9768706290661484,0.9849766321076744,0.9754294429443092,0.9441921580903572,0.958615950908656,1.0880558325984595,1.0919962312587874,1.0905351817062892,1.0867052533340544,1.0854818249833107,1.0897633424053383,1.090874001462365,1.0885884755620725,1.0875098676960555,1.093046663319087,1.0887444374543946,1.0882472022023209,1.0884665408767678,1.089901587095884,1.1004063440907903,1.103286825515243,0.0238906988381198,0.0190004532032888,0.0236839423407301,0.0243986625095677,0.0234559324162222,0.023714646832736,0.016407542093151,0.0189006656532633,0.0238906988381198,0.0190004532032888,0.0236839423407301,0.0243986625095677,0.0234559324162222,0.023714646832736,0.016407542093151,0.0189006656532633,3693.815726201653,2945.120199984647,3675.0045430196096,3907.644153326399,3746.5020177026686,3610.247183706729,513.6883835420686,3002.91918985787,5414.089029629573,4012.249275747783,5309.182392018026,5532.461612631603,5392.491049883127,5354.638236140741,3771.105048082997,4114.303099616945,1.354592458532016,0.9954690448843054,1.0896277175136375,1.0954207954037096,0.0242529831926542,0.0242529831926542,2898.0491321727823,5536.971280623482
fives,test_11_A,8,1.485857904269251,1.4807516907282434,1.4838744486494297,0.010326679329457049,0.006973943973265578,1.1609666681781703,1.1545707348083987,1.1589083305576104,0.010170679998931863,0.008809057507091317,1.085470768194115,1.0851435635796225,1.0849179347079698,0.0027615842060176067,0.0025449021665924255,1.0807972828606631,1.0815656119266164,1.0806495357141421,0.002509266548203895,0.0023200317396686494,0.1073398266272889,0.10403369727942033,0.10465998957648814,0.003498975203392739,0.03363309480384003,0.1073398266272889,0.10403369727942033,0.10465998957648814,0.003498975203392739,0.03363309480384003,22071.10929374907,21052.927593323453,21753.01993597397,1608.5042677189945,0.07640287844000859,24129.737936236317,23270.454206583716,23825.017590125783,1281.2423659307292,0.05505876054487316,1.485857904269251,1.4838666232066715,1.486648153483081,1.4838822740921878,1.4824236893537428,1.48837475650168,1.4562337708367286,1.4787263540826048,1.1609666681781703,1.158866974985377,1.1589496861298436,1.1538768931166776,1.1600854790266508,1.161666939322942,1.1310734694974889,1.1510797682100398,1.085470768194115,1.084145487821306,1.0838690236476527,1.0908762423039813,1.0853805852193834,1.085894108502809,1.0810570087511753,1.0844552841965562,1.0807972828606631,1.0807026683852765,1.084218458129553,1.0866332313573626,1.080596403043008,1.080218820347789,1.0794052776221628,1.0799527536671156,0.1073398266272889,0.1049706177819069,0.1053463899499802,0.1036201561512567,0.1043493613710694,0.1079242608496421,0.0968036452078282,0.1019153202963902,0.1073398266272889,0.1049706177819069,0.1053463899499802,0.1036201561512567,0.1043493613710694,0.1079242608496421,0.0968036452078282,0.1019153202963902,22071.10929374907,21878.168168252112,21634.925527564992,20963.84017440326,21871.11434438295,22137.832165176544,17318.622427948045,20547.80864511068,24129.737936236317,23827.387647810872,23957.91455974545,23211.42718633016,23822.647532440693,24273.31867204005,20427.32632232927,22513.873795736887,1.483436601398012,1.1588072933585805,1.0834715297230049,1.0800764141203478,0.1055500726347141,0.1055500726347141,22060.2514293728,23969.370403868168
fives,test_120_G,8,1.508454573413771,1.5066117195444566,1.5074216663564157,0.0023733775021407767,0.0015753080049439666,1.1702490132811956,1.1690787690071023,1.1698537976887886,0.0019350954198924044,0.0016552309999914544,1.0840866685498562,1.0844872032601995,1.0852421762314273,0.0015128749102306337,0.0013950140727180638,1.0859543527353317,1.0863016729929482,1.086310864364286,0.0005147974030456798,0.0004738991164648806,0.1062056856547161,0.10537527097172923,0.10560206837586769,0.0006711332329625046,0.0063689822742430775,0.1062056856547161,0.10537527097172923,0.10560206837586769,0.0006711332329625046,0.0063689822742430775,22829.55626209329,22835.108300293723,22829.872495909218,441.2082269841494,0.019321486072324617,25901.92415339894,25747.221727427535,25867.252580523687,288.7073986355466,0.0112131476433435,1.508454573413771,1.501628445018349,1.509045552678217,1.505074289184387,1.5077178183804785,1.507692121850213,1.5061297449676194,1.5071512108626184,1.1702490132811956,1.1647909045138558,1.1707162213968858,1.1680470958590177,1.1701756737130031,1.1702078295718297,1.1689114920564556,1.169531921664574,1.0840866685498562,1.0856185992130714,1.0852595157877143,1.0852248366751405,1.0854833875895484,1.0819667710346206,1.0858375471082506,1.082420300123395,1.0859543527353317,1.0860589140213277,1.087070590041986,1.0864087044063997,1.0867710831205482,1.0854104779840672,1.0862130243221724,1.0865262373117537,0.1062056856547161,0.1043815264958801,0.1058142066679916,0.1050223874078584,0.1057070375572264,0.1058809827926471,0.1044932420030052,0.105497099194509,0.1062056856547161,0.1043815264958801,0.1058142066679916,0.1050223874078584,0.1057070375572264,0.1058809827926471,0.1044932420030052,0.105497099194509,22829.55626209329,22151.38259717699,22964.953231712963,22830.188729725145,22919.28418415465,23722.66809391373,22646.058787410235,22616.77451616277,25901.92415339894,25135.537285047045,25982.76477383251,25536.147458102307,25934.36780421284,25950.16679408606,25704.284543092155,25832.581007648438,1.5077317527123126,1.1707311682306725,1.085295706427961,1.0865531455260495,0.1058599692455021,0.1058599692455021,24153.621412719505,25931.308929709798
fives,test_121_G,8,1.3124311017935697,1.3356518935777406,1.3368671535328516,0.011523244910746027,0.008627431268696304,0.9910086332039628,1.0261769990162037,1.0325042088087582,0.015231245672926367,0.014842708117146036,,1.0870264332813822,1.0896055770365076,0.006217099482218802,0.005719363662069729,1.0928327564380131,1.0867189472172751,1.0867588100970615,0.0034816704219244143,0.0032038370462204708,0.0335138461227444,0.043745634797092675,0.04507476160813895,0.00421698690367129,0.09639789028622235,0.0335138461227444,0.043745634797092675,0.04507476160813895,0.00421698690367129,0.09639789028622235,0.0,1451.0628868143988,1624.5489527040327,590.1481734957879,0.4067006184627696,7666.234482783633,9239.563395749457,9392.240325630915,680.92200047096,0.07369633945952571,1.3124311017935697,1.3375500716700148,1.3370066210640896,1.3324152888597305,1.3367276860016135,1.3453472467565868,1.331820535969518,1.3519165965068016,0.9910086332039628,1.0183521776033193,1.0329116159526874,1.0357462378820557,1.0333076777909271,1.0307526578067752,1.032096801664829,1.0352401902250736,,1.0809794256145142,1.0899443744895811,1.0910798336904532,1.095494594193592,1.0896055770365076,1.077848324747257,1.0842329031977702,1.0928327564380131,1.0874323694798722,1.083181323352986,1.083760917541601,1.0889017676934518,1.0827153423134472,1.086085250714251,1.088841850204578,0.0335138461227444,0.0439747223131244,0.045783114262574,0.0450840799596689,0.0452647755145232,0.045065443256609,0.044505394535845,0.0467737024116525,0.0335138461227444,0.0439747223131244,0.045783114262574,0.0450840799596689,0.0452647755145232,0.045065443256609,0.044505394535845,0.0467737024116525,0.0,1788.6235918533664,1592.699710299115,1627.8418459228465,1601.4570696119963,1621.256059485219,1650.0844866099656,1726.5403307326812,7666.234482783633,9136.343356011244,9625.965722375331,9490.06622743872,9294.414423823113,9652.137295250584,9201.201220387517,9850.14443792552,1.3325646760090863,1.0357056592783431,1.086334795704884,1.0842200120696204,0.0453661444147068,0.0453661444147068,5143.709303952608,9499.338305377363
fives,test_122_G,8,,,,,,0.655252145469795,0.6770771914283421,0.6792903576340455,0.02315480882530494,0.034198181711686725,,,,,,1.0912775991961925,1.0874818875687495,1.0868878927500751,0.007864917560817858,0.007232228555457799,0.0010662259893926,0.0012392020289182376,0.00129402641916665,0.00021836794058016824,0.17621657767199808,0.0010662259893926,0.0012392020289182376,0.00129402641916665,0.00021836794058016824,0.17621657767199808,0.0,0.0,0.0,0.0,0.0,339.4213562373094,445.5600737097317,427.7472580451141,105.12229326857349,0.23593292907357166,,,,,,,,,0.655252145469795,0.7046805471277718,0.6726358358874014,0.6993140002829964,0.6983195985550323,0.6463827984810209,0.6859448793806897,0.6540877262420292,,,,,,,,,1.0912775991961925,1.0812297044053285,1.1001955415239928,1.0855424812161711,1.0882333042839791,1.0758192077614104,1.0826894124179742,1.094867849744947,0.0010662259893926,0.0012275648939173,0.0013633295298186,0.0014062690425688,0.001360487944416,0.0009209894021493,0.0015492955078323,0.001019453921251,0.0010662259893926,0.0012275648939173,0.0013633295298186,0.0014062690425688,0.001360487944416,0.0009209894021493,0.0015492955078323,0.001019453921251,0.0,0.0,0.0,0.0,0.0,0.0,0.0,0.0,339.4213562373094,378.5340546095176,678.1736649163067,456.06096654409873,442.06096654409896,413.4335495461292,481.9898987322333,374.8061325481597,0.9011211049694547,0.7057892717184391,,1.0885449434179189,0.001409066584158,0.001409066584158,0.0,453.2325394193528
fives,test_123_G,8,1.0374447966790112,1.0383111481324727,1.0316082076502666,0.061419007713026996,0.05915279617626803,0.7636506099342233,0.6827336094727829,0.719728995982766,0.08033029716236803,0.11765979592596926,,1.1338975528215793,1.083582687143426,0.10008997709831245,0.08827074090533978,1.0747361814500649,1.0746554149064522,1.0748271967415892,0.009658693588663642,0.008987712204943779,0.0050872661318636,0.0029704644413687505,0.0029106650752273,0.0013933988746488617,0.46908451595764666,0.0050872661318636,0.0029704644413687505,0.0029106650752273,0.0013933988746488617,0.46908451595764666,0.0,41.913582233137674,0.0,60.66613333664143,1.447409887305639,2287.0722933011416,1237.6043193213907,1091.539717988039,636.456812134482,0.5142651833046826,1.0374447966790112,0.9695574051375512,1.0257716186215222,,1.1440472388235543,0.991037993780027,1.0620078357531704,,0.7636506099342233,0.665359118295726,0.715334362083652,0.5283699409130913,0.7398429795936251,0.7241236298818801,0.7244184619778727,0.6007697731021934,,,1.2491622230746549,,1.083582687143426,,1.0689477482466572,,1.0747361814500649,1.0647394068344045,1.0860625898733045,1.0583941189934722,1.08514036508238,1.0720232886203822,1.081229156364495,1.0749182120331138,0.0050872661318636,0.0024934829781879,0.0028448673508573,0.001048542250839,0.0031820344695601,0.0029764627995973,0.004663986847633,0.0014670727024118,0.0050872661318636,0.0024934829781879,0.0028448673508573,0.001048542250839,0.0031820344695601,0.0029764627995973,0.004663986847633,0.0014670727024118,0.0,0.0,102.18376618407356,0.0,149.74011537017762,0.0,83.38477631085021,0.0,2287.0722933011416,934.1097397793776,1069.5016587651644,366.6761902332484,1755.0306627407988,1113.5777772109136,1719.9402589451772,654.9259735953044,0.9468028782676532,0.6798943228030907,,1.0674362981644534,0.0027525901097332,0.0027525901097332,0.0,1083.9919907732865
fives,test_124_G,8,1.4248089933709027,1.4248518820690876,1.4253101206474177,0.00455692239908595,0.0031981727058314653,1.1053525646089912,1.113713606597487,1.1144092777467156,0.005332012859933081,0.004787597842342023,1.083488575803642,1.0837177192145377,1.083642136085797,0.0006529194745418633,0.0006024811285867777,1.083852049761849,1.0840788871335887,1.0838550057543355,0.0006763168792465908,0.0006238631591053667,0.092722825256077,0.0920839104030114,0.09269916497404646,0.0027492535903462763,0.029855960485539592,0.092722825256077,0.0920839104030114,0.09269916497404646,0.0027492535903462763,0.029855960485539592,14848.442486908583,14857.032584331886,14906.833359873843,204.93335069414195,0.01379369329177235,16529.16449178428,16521.84647229962,16594.963481657505,502.72607835459473,0.030427959683408314,1.4248089933709027,1.4280071882236796,1.429975125532761,1.4271283685051368,1.4249460496988282,1.4256741915960072,1.4234952751824983,1.414779864442886,1.1053525646089912,1.1081754096753942,1.1192817200781384,1.1126145316219944,1.1179493414299009,1.1194486924498863,1.1162040238714366,1.1106825690441553,1.083488575803642,1.0837956963679518,1.083294740981281,1.084159120926408,1.0842673277916828,1.083488575803642,1.0825799237443716,1.0846677922973218,1.083852049761849,1.0834862923860464,1.083857961746822,1.0848577830549542,1.0843481140662272,1.0852126722646973,1.0837671489804943,1.0832490748076191,0.092722825256077,0.0934731704795742,0.0935686691615496,0.0926755046920159,0.0925066066787516,0.0948362344479146,0.0910676975269545,0.0858205749812537,0.092722825256077,0.0934731704795742,0.0935686691615496,0.0926755046920159,0.0925066066787516,0.0948362344479146,0.0910676975269545,0.0858205749812537,14848.442486908583,14854.915574974002,14949.229283472989,14951.341981845197,14931.868893779776,15060.19479558758,14881.797825967911,14378.469832119054,16529.16449178428,16699.590898655475,16827.44371239786,16660.76247153073,16519.649773158522,17087.977767007378,16469.176685093105,15381.005978769625,1.4256238690334768,1.110421030112586,1.0834452516181732,1.0839683497558723,0.0930057920454744,0.0930057920454744,14848.158215661118,16593.13505453276
fives,test_125_G,8,1.4915787737473665,1.4918867003144134,1.4911903025120712,0.0026780083479992626,0.0017950480739823442,1.1506932914115535,1.1539989094445597,1.1553568038437914,0.0041613371013608565,0.0036060147607624537,1.0798069928417893,1.0801573302226881,1.080119891753422,0.001487175326669136,0.0013768136224771405,1.0793425334915006,1.0792435510224967,1.0793918943342125,0.0004934099094181817,0.00045718124416932156,0.1090843912441904,0.1079482746500329,0.10797407040718329,0.0009799710984613823,0.009078154344184172,0.1090843912441904,0.1079482746500329,0.10797407040718329,0.0009799710984613823,0.009078154344184172,22355.397390141134,22251.559818034777,22281.092303613503,275.9737904467706,0.012402446961183153,24358.3296398596,24232.129369381033,24296.56618389231,204.21049236357928,0.008427261560497168,1.4915787737473665,1.4946759203239173,1.4930045193282468,1.490801831276776,1.4906650167456716,1.487491836217243,1.4961100787363792,1.4907656261397062,1.1506932914115535,1.1577333855277168,1.1552100719173926,1.156253249475865,1.1450926585473258,1.1547378878861942,1.1555035357701902,1.1567671950202407,1.0798069928417893,1.081816236571635,1.0793720798350286,1.078061431260236,1.082408672211579,1.0804327906650548,1.078680712591615,1.0806797258045666,1.0793425334915006,1.0796969550816342,1.0796609067150278,1.0782619159496287,1.0794119401349005,1.0793718485335244,1.0794655979048458,1.0787367103689118,0.1090843912441904,0.1083448446494369,0.1061294831645815,0.107949195018226,0.1074247830673233,0.1074898779660952,0.1079989457961406,0.1091646762942693,0.1090843912441904,0.1083448446494369,0.1061294831645815,0.107949195018226,0.1074247830673233,0.1074898779660952,0.1079989457961406,0.1091646762942693,22355.397390141134,22475.96088200218,22189.029857772995,22304.58620695909,21691.53743372382,22120.24811184247,22257.598400267914,22618.12026156861,24358.3296398596,24253.5428432952,24142.322497184665,24339.58952448942,23826.41080893924,24093.268673315502,24428.371270419942,24415.19969754469,1.496567979618763,1.1483101374431564,1.0797125697129664,1.0781005819156415,0.1080441056526028,0.1080441056526028,22262.71614927401,24528.927619606045
fives,test_126_G,8,1.4729948347219504,1.464726667211905,1.4695982676980557,0.011588658818641675,0.007911823467173291,1.1420494022898122,1.1324053282529996,1.1357057153726253,0.01161485237583029,0.010256797708422055,1.0803694600920402,1.0813424941305672,1.0809146015639963,0.0010122502088203175,0.0009361050863299311,1.0834127855441058,1.084988061564122,1.084872727462245,0.0017850058038261717,0.0016451847417131042,0.0743178996628461,0.07160649912039302,0.07222574680090746,0.0031032319962418027,0.04333729527852346,0.0743178996628461,0.07160649912039302,0.07222574680090746,0.0031032319962418027,0.04333729527852346,18265.69349575992,17432.861669068465,17771.48177162074,913.4524281693366,0.05239830645763092,20873.478559220774,20091.774411032413,20502.4861351716,1032.5656100728024,0.05139245488968957,1.4729948347219504,1.467338384471664,1.4730590016637288,1.4718581509244473,1.4530274824269902,1.4416078210150711,1.464642345259068,1.4732853172123197,1.1420494022898122,1.131038998130904,1.142479889654888,1.1403724326143467,1.1126745669678224,1.1180018014276496,1.1309655102166365,1.1416600247219373,1.0803694600920402,1.0823898316819591,1.0804898599295354,1.0808898518137768,1.0809253867648576,1.083295069427271,1.0809038163631348,1.0814766769719617,1.0834127855441058,1.0863667440717766,1.0832211413137012,1.0831670613711943,1.08586627807417,1.0881250272135388,1.0855227234366394,1.0842227314878503,0.0743178996628461,0.0706705111659596,0.0738913854508956,0.0734371918505589,0.0682164817547222,0.0663540992702392,0.071014301751256,0.0749501220566666,0.0743178996628461,0.0706705111659596,0.0738913854508956,0.0734371918505589,0.0682164817547222,0.0663540992702392,0.071014301751256,0.0749501220566666,18265.69349575992,17404.55431872902,17982.213265019564,17947.89955652058,16293.873944413666,15791.440394867535,17595.0639867209,18182.154390516524,20873.478559220774,20341.547534991587,20783.57906428416,20663.42473535161,19046.27632360472,18022.38483789482,20132.35157549869,20871.152657412968,1.4722516573335178,1.14162274601999,1.0805107348331018,1.0836568752411144,0.0743920758496092,0.0743920758496092,18473.369685993173,20823.194287973314
fives,test_127_G,8,1.4086227909127724,1.4415125941526004,1.4513136631357257,0.02040466272889861,0.014155036044547068,1.0963303897034749,1.1139592907352593,1.119323215017959,0.010981531537982358,0.009858108486831768,1.0847712237549685,1.0848608559897368,1.0847712237549685,0.0008591111016457659,0.0007919090240028841,1.0857987243991687,1.0836673623008308,1.0831513223769358,0.0014945434411682387,0.0013791533206232586,0.0568445380613364,0.06469885749163978,0.0673767534527179,0.00489052022090636,0.07558897344575675,0.0568445380613364,0.06469885749163978,0.0673767534527179,0.00489052022090636,0.07558897344575675,11386.185201934088,13745.709596249724,14482.339889804141,1464.5448423936562,0.10654559752908148,15043.638446401475,17512.805652537267,18237.262217723597,1530.4857768747108,0.08739238059510887,1.4086227909127724,1.4086227909127724,1.4537412723900711,1.4526031133904982,1.4500242128809533,1.4552517716474245,1.454167542584044,1.449067258502268,1.0963303897034749,1.0963303897034749,1.1196341522314794,1.1211571327192442,1.1168021274130786,1.1211538397645515,1.1212540165423317,1.119012277804439,1.0847712237549685,1.0847712237549685,1.084681607019145,1.0849077077352165,1.0862944921610618,1.0841162838112948,1.0835687071997535,1.0857756024814866,1.0857987243991687,1.0857987243991687,1.082951173347671,1.0833514714062007,1.0842708294393737,1.0829361051036153,1.0824511486484758,1.081780721662973,0.0568445380613364,0.0568445380613364,0.067537740622261,0.0658274675963599,0.0677393683884207,0.0672157662831748,0.0678534140936548,0.0677280268265742,0.0568445380613364,0.0568445380613364,0.067537740622261,0.0658274675963599,0.0677393683884207,0.0672157662831748,0.0678534140936548,0.0677280268265742,11386.185201934088,11386.185201934088,14482.854608429903,14551.523655988216,14273.327696495327,14564.026181305157,14481.82517117838,14839.749052732632,15043.638446401475,15043.638446401475,18425.68967061532,18276.93736193632,18108.344432823757,18510.706914558017,18495.90287405091,18197.58707351087,1.4528146463379643,1.1195147732680644,1.085313467862228,1.0828502587714357,0.0673286297182115,0.0673286297182115,14419.812977869562,18389.091690868867
fives,test_128_G,8,1.437375447625051,1.475179351341874,1.4799346333624053,0.01532788471455388,0.010390522820571686,1.1189559464371686,1.149870038419511,1.154255645595909,0.012537307316430994,0.010903238537864193,1.0844015236275626,1.0856443204999753,1.0859639136102825,0.002005728073496805,0.0018475001762760575,1.0879179544770825,1.0838558390826698,1.0838032168607685,0.002083188955561223,0.0019220166376778917,0.0740640664185095,0.08724736304114641,0.08905722769817309,0.005366249830535726,0.06150615495398948,0.0740640664185095,0.08724736304114641,0.08905722769817309,0.005366249830535726,0.06150615495398948,15635.725532666766,19556.37745999734,20029.594649461695,1593.7944642694854,0.08149742801444691,17967.032457428315,21890.46014235397,22465.606155687492,1590.1032917536704,0.07263909855769163,1.437375447625051,1.4800416888667882,1.4813215170668577,1.482580489532913,1.479827577858022,1.4819493468464708,1.4793250472399393,1.4790136956989492,1.1189559464371686,1.1555989809449756,1.1536872331223538,1.1544607811556498,1.1543213299338304,1.1555489004061066,1.1521971740980153,1.1541899612579876,1.0844015236275626,1.086758250627739,1.0832970995885969,1.0879256701569568,1.0872217512539724,1.085169576592826,1.087591946996055,1.082788745156093,1.0879179544770825,1.0849995463103213,1.0807264379808126,1.0841416902337806,1.0824762042508411,1.082978445686985,1.0838906070734378,1.0837158266480995,0.0740640664185095,0.0895657964350372,0.0900396828649855,0.0881403536208013,0.0892870768049145,0.0888273785914317,0.089665429243995,0.0883891203494967,0.0740640664185095,0.0895657964350372,0.0900396828649855,0.0881403536208013,0.0892870768049145,0.0888273785914317,0.089665429243995,0.0883891203494967,15635.725532666766,20359.43988725325,19974.40835796068,20365.930219261383,20168.273365011886,20084.78094096271,19936.82257152306,19925.63880533898,17967.032457428315,22548.224950714102,22457.555903155797,22473.656408219184,22489.36708633784,22613.781299900213,22200.64926554425,22373.413767532064,1.480727923617479,1.155466922768004,1.0847706518196525,1.0834536516708324,0.088531452921822,0.088531452921822,20027.704822516967,22555.911242215123
fives,test_129_G,8,1.441415257051573,1.4361322942848476,1.4367692065489095,0.003605811781424019,0.002510779679402453,1.1246373624463917,1.1265001007137385,1.1267587889486441,0.0022366522234974506,0.0019854878149414557,1.0799457792404263,1.0818630840076096,1.0819674565773716,0.001374803567071657,0.0012707740816692724,1.0765317837179105,1.075518631538992,1.0755240882624475,0.0009110168713046229,0.000847048897703447,0.068426289069193,0.0656139272200938,0.0657446035753492,0.0014614482569655274,0.022273445880830755,0.068426289069193,0.0656139272200938,0.0657446035753492,0.0014614482569655274,0.022273445880830755,16669.86384314589,16150.600973640649,16137.451108879934,382.31225913153,0.023671704833492006,18216.259946213788,17939.46054164927,18026.102045943768,320.23558074964956,0.017850903599145162,1.441415257051573,1.4365700571035047,1.4369381630886744,1.4378935740357404,1.4288435733779026,1.4369381630886744,1.433859316523566,1.4366002500091448,1.1246373624463917,1.12687902395145,1.1268701036276807,1.1266474742696075,1.1308608964569111,1.1268701036276807,1.1230355728450665,1.12620026848512,1.0799457792404263,1.0813513913233033,1.083570654985609,1.0824209346079448,1.0801103437632409,1.083570654985609,1.0821348285430965,1.0818000846116465,1.0765317837179105,1.0747741721133752,1.075558226140189,1.075489950384706,1.0770099083249571,1.075558226140189,1.0741878425534794,1.0750389429371308,0.068426289069193,0.0648959369711611,0.0659413478132043,0.0659063219745485,0.0631885062237128,0.0659413478132043,0.0650287827195765,0.0655828851761499,0.068426289069193,0.0648959369711611,0.0659413478132043,0.0659063219745485,0.0631885062237128,0.0659413478132043,0.0650287827195765,0.0655828851761499,16669.86384314589,16104.672934286882,16395.868893779774,16170.229283472983,15371.107350384786,16395.868893779774,16082.347032479078,16014.849557796018,18216.259946213788,17860.55431872901,18188.20612234462,17981.980725600206,17265.267955440497,18188.20612234462,17744.98577623409,18070.22336628733,1.4367481881267674,1.1247322859943198,1.0818000846116465,1.0749964339601026,0.0655753636756331,0.0655753636756331,16338.513554720448,18124.093423972416
fives,test_12_A,8,1.4938791485753948,1.503227338609654,1.5069993815567084,0.008266299683652724,0.005499034957212982,1.161499135119921,1.1683865075704183,1.1709014633701718,0.007072793005612382,0.006053470285547702,1.0840910489955389,1.0845026776634366,1.0840541154657974,0.001315560363256278,0.0012130540480459263,1.0863115162467236,1.087179328306668,1.0868571990980063,0.001059874692196443,0.0009748848829265793,0.1050139495046823,0.10735438826856097,0.1077563024680861,0.0021353805344724243,0.01989094781231012,0.1050139495046823,0.10735438826856097,0.1077563024680861,0.0021353805344724243,0.01989094781231012,22846.599625757182,23816.997839450727,24242.746991483546,947.3133308412107,0.03977467425689021,24442.96124093967,25456.471260171056,25845.04363550858,979.8886652680142,0.03849271390576189,1.4938791485753948,1.50529138975012,1.509621628402395,1.4891831190283424,1.5110795842030735,1.4987568686798949,1.5087073733632972,1.509299596874713,1.161499135119921,1.1679298662335948,1.1742768870171951,1.1557197018331558,1.174489792404232,1.165360682694804,1.1738730605067489,1.1739429347536945,1.0840910489955389,1.0854288365051423,1.0834870700452834,1.087396985675844,1.0840171819360558,1.0842582612115843,1.083656053743736,1.0836859831943082,1.0863115162467236,1.0869788879041824,1.0873903907034888,1.08640214248174,1.0885800597540851,1.0867355102918304,1.0860980242253622,1.0889380948459304,0.1050139495046823,0.1072307556663958,0.109870140502686,0.1046732415122144,0.1094554340090813,0.1052113838034599,0.1082818492697764,0.1090983518801917,0.1050139495046823,0.1072307556663958,0.109870140502686,0.1046732415122144,0.1094554340090813,0.1052113838034599,0.1082818492697764,0.1090983518801917,22846.599625757182,24065.616003148112,24480.37545450204,22047.685845470703,24591.943996996968,23475.111385790115,24419.877979818983,24608.77242412171,24442.96124093967,25555.16643514856,26281.317805488277,23687.567229912835,26285.91578523472,25055.30142809735,26134.9208358686,26208.61932067844,1.5093918613013306,1.1739405457482244,1.0837681464412174,1.0878774832989853,0.1092845501216704,0.1092845501216704,24686.88512249392,26234.903591925904
fives,test_130_G,8,1.5132786631572073,1.511729878754902,1.5132359307576988,0.004674601481050296,0.0030922200763144362,1.1841484486995342,1.1819799684608039,1.1837141709463062,0.004556107059237996,0.003854639825386417,1.08917791293094,1.0891984671816721,1.089370318353036,0.0014125979763792021,0.0012969151343320692,1.0964411212021437,1.0980237954313978,1.0977772571644913,0.002171613942941615,0.0019777476152858958,0.1048373439280354,0.10350134484643186,0.1037035180488739,0.0009269671489019709,0.008956087964628292,0.1048373439280354,0.10350134484643186,0.1037035180488739,0.0009269671489019709,0.008956087964628292,24585.82624799088,24018.316012121548,24121.492157487613,746.5464615158413,0.03108238150997242,27085.140315427365,26834.684056613354,27009.09258821261,520.5099853849836,0.019396911261815468,1.5132786631572073,1.5140609097357869,1.511048087831137,1.5007053045734589,1.5131931983581903,1.5122614127771514,1.5160052501355807,1.513286203470705,1.1841484486995342,1.1838027012836614,1.1817998044702285,1.1708875814716535,1.1840195741605342,1.1836256406089507,1.1831167274347223,1.1844392695571455,1.08917791293094,1.0894455744574394,1.090565712035617,1.0892950622486328,1.0879736958831665,1.0901757554575546,1.0864116180580785,1.0905424063819484,1.0964411212021437,1.1007162929926348,1.0985677505776583,1.0956348960492648,1.0969867637513242,1.100744312000702,1.0955090400763785,1.0995901868010765,0.1048373439280354,0.1036797895460667,0.1030580344401403,0.1016022931079667,0.1037272465516811,0.1033519579500159,0.1037363922402932,0.1040177010072556,0.1048373439280354,0.1036797895460667,0.1030580344401403,0.1016022931079667,0.1037272465516811,0.1033519579500159,0.1037363922402932,0.1040177010072556,24585.82624799088,24603.58360730376,24253.610952514235,22300.727476031043,24490.50034618307,23989.373362460992,23939.331731900653,23983.57437258777,27085.140315427365,27014.68447130465,26756.782884326985,25582.03353424081,27003.50070512057,26965.22862718193,27145.11592880973,27124.98598649481,1.5132712336324468,1.1853784059002783,1.0879736958831665,1.0965872416515503,0.1041947601921944,0.1041947601921944,24536.784617430538,27194.55452898973
fives,test_131_G,8,1.538707923545157,1.5348163455124972,1.5371894997717672,0.005356641168304767,0.003490086083567287,1.1880257028633796,1.1850298506237973,1.18628506646156,0.005331833613858723,0.0044993243090476216,1.0823920180309754,1.0841523684739145,1.0834650322268575,0.002171302301180363,0.0020027648920204395,1.097964208002108,1.0943439802660884,1.0949271974156294,0.002466342591012579,0.002253717876177188,0.1101750529432802,0.10964041182911809,0.1097479713624912,0.0015836872450405957,0.014444375195424094,0.1101750529432802,0.10964041182911809,0.1097479713624912,0.0015836872450405957,0.014444375195424094,27342.2652071084,27116.355674355807,27404.467263255705,911.3313613009233,0.03360817995770641,29936.02292535878,29413.7356692359,29647.293957276896,809.3802401025134,0.02751708416789275,1.538707923545157,1.5366395557290866,1.5378220223205068,1.537739443814448,1.5381495730127206,1.5231019137840665,1.5355461350878867,1.5308241968061045,1.1880257028633796,1.1853755848937326,1.189714471239285,1.1863583904477648,1.1895514025542,1.1735651522329555,1.1862117424753555,1.1814363582837053,1.0823920180309754,1.0830581337373315,1.0837658060420852,1.0828441167306957,1.08383231506461,1.0831642584116297,1.0850062495890835,1.0891560501849051,1.097964208002108,1.0947497974134728,1.094888138183061,1.0949662566481977,1.0950371071695748,1.0893962280200604,1.0951449718822133,1.092605134810019,0.1101750529432802,0.1093208897817022,0.1111668418027325,0.1091955746393717,0.1117113471440931,0.1066214059096348,0.1102331335130253,0.1086990488991049,0.1101750529432802,0.1093208897817022,0.1111668418027325,0.1091955746393717,0.1117113471440931,0.1066214059096348,0.1102331335130253,0.1086990488991049,27342.2652071084,27623.05409571386,27812.36275357896,27021.0692476155,28114.55871307185,25390.00200494825,27466.66931940301,26160.86405340662,29936.02292535878,29604.42999624622,30004.579274544885,29690.157918307574,30075.579274544885,27666.627688842666,29511.27566731367,28821.212608728518,1.5377866942432308,1.1898880018147973,1.0844739754413544,1.094779105213204,0.1113944818665687,0.1113944818665687,27990.173936761,29993.95185754692
fives,test_132_G,8,1.497333586436759,1.491264996553381,1.496322904898377,0.01189456078278306,0.007976155016227048,1.1584643140193982,1.1530804683392673,1.1572362009498955,0.010784138708571884,0.009352459784618345,1.0864494378157206,1.0856672156429898,1.085709617449016,0.0012557074003335883,0.001156622749808183,1.0949601600247991,1.0948965828545854,1.0951901773571695,0.00170603124012347,0.001558166558229226,0.0813036265160694,0.07968889641089763,0.08076844575494235,0.0034539512247814337,0.04334294212046709,0.0813036265160694,0.07968889641089763,0.08076844575494235,0.0034539512247814337,0.04334294212046709,21647.372136971724,21316.135656390798,21697.99955396969,1281.26830858322,0.060107907419846174,24335.051644735297,23693.148903418132,24281.166868424447,1340.240248179347,0.05656657346993649,1.497333586436759,1.4981077197148245,1.496223706809339,1.4964221029874152,1.4628530932688977,1.4942576751792636,1.4881904818023397,1.49673160622821,1.1584643140193982,1.1595775317453654,1.1580527846322162,1.15784433478116,1.127311505340737,1.1566280671186309,1.1503280939300609,1.156437115146569,1.0864494378157206,1.0877474131270004,1.084360243533989,1.086550644663947,1.084446668608107,1.0861670038346185,1.0852522310634132,1.0843640824971228,1.0949601600247991,1.094321845606704,1.0956202756815725,1.0961505387468216,1.0910715459152345,1.0966679421472123,1.095223939043218,1.095156415671121,0.0813036265160694,0.0821714616318139,0.0812632474194444,0.0817364399580183,0.0714741556431207,0.0802736440904403,0.0792985519992857,0.0799900440289884,0.0813036265160694,0.0821714616318139,0.0812632474194444,0.0817364399580183,0.0714741556431207,0.0802736440904403,0.0792985519992857,0.0799900440289884,21647.372136971724,21748.626970967656,22019.50922196157,21570.583248366263,18265.149339882635,21858.354893029016,21108.5294244971,22310.9600154504,24335.051644735297,24442.96333298073,24302.637431172923,24321.11051923834,20510.243061208585,24123.60085124646,23249.88808108676,24259.69630567597,1.4977627469621544,1.1586647095051787,1.0871132024290744,1.0949968937500147,0.0813151337603005,0.0813151337603005,21913.041184530037,24332.779566796657
fives,test_133_G,8,1.3816084532253898,1.3858901657108982,1.387174717259089,0.006125342534469997,0.004419789306555889,1.0066873459681136,1.009332318965476,1.0122929158900709,0.01707269129163416,0.0169148366408528,1.091239584669232,1.0913185335020148,1.0925539313269983,0.004746749140840218,0.004349554227406012,1.0872860764791166,1.087637429642074,1.0872276400612828,0.002262276507613783,0.0020799914070245506,0.0447943786169231,0.0444159326973027,0.04481371637012045,0.0010945577347992645,0.02464335809986796,0.0447943786169231,0.0444159326973027,0.04481371637012045,0.0010945577347992645,0.02464335809986796,4416.606706848164,4381.729921179431,4410.0356390362995,179.882048242386,0.04105274662705983,5799.801799789279,5752.853314979445,5734.331237040802,197.74617936531527,0.034373582731619126,1.3816084532253898,1.387461128281179,1.3740015361836022,1.3923370471546306,1.3930484456749097,1.386888306236999,1.3840580806561045,1.3877183282743708,1.0066873459681136,1.0167957957225349,1.0054335587421164,1.0077900360576066,0.9712605291698034,1.021177039941101,1.0205379050670154,1.024976341055517,1.091239584669232,1.0945793624290483,1.085965504766029,1.082818365256827,1.0938682779847644,1.094771039861635,1.090750198043516,1.0965559350050686,1.0872860764791166,1.0847091747681414,1.087169203643449,1.0912614029032526,1.0892108180508686,1.0855373924450185,1.0897898999119635,1.0861354689347822,0.0447943786169231,0.0450729577007627,0.0459587149147001,0.0425053993042479,0.0448330541233178,0.0436310600956302,0.0449537611043813,0.0435781357184585,0.0447943786169231,0.0450729577007627,0.0459587149147001,0.0425053993042479,0.0448330541233178,0.0436310600956302,0.0449537611043813,0.0435781357184585,4416.606706848164,4352.89602872951,4492.974239216311,3969.562984246768,4572.20468659461,4403.464571224434,4454.908222038329,4391.221930537314,5799.801799789279,5886.541915159458,6053.779505212692,5414.243358562122,5652.552016427224,5650.103314979446,5896.943935413013,5668.860674292326,1.305807707081759,0.9990081125434042,1.095209141583921,1.0864210463683763,0.0449979872763294,0.0449979872763294,4507.790473032238,5787.80179978928
fives,test_134_G,8,1.5104828444509533,1.510016210225968,1.5126010915669874,0.007836156952586815,0.005189452205558883,1.184269179968942,1.1846351203359826,1.1868916945759254,0.006992120320475717,0.005902340898430086,1.0800541124325338,1.0818284639035438,1.0822740809078986,0.0014991647580381046,0.0013857693784730836,1.0815155611556473,1.08076209501341,1.0808767652821007,0.0007229260263660637,0.0006689039425990358,0.102189693556423,0.1011793389994752,0.10201145508981516,0.002469335602674229,0.02440553206902288,0.102189693556423,0.1011793389994752,0.10201145508981516,0.002469335602674229,0.02440553206902288,24398.454890478133,24114.177302347125,24569.83714147204,1258.014486240752,0.05216908171767919,26551.75258052369,26502.504736016526,26874.271916507452,1081.8715500119922,0.04082148313105456,1.5104828444509533,1.5124473663231257,1.5141466719242735,1.512754816810849,1.513848260974726,1.5147368191511523,1.4909980179804945,1.5107148841921716,1.184269179968942,1.18680197501754,1.186981414134311,1.1878680760422375,1.189040131488767,1.1890130200015725,1.1678286378118083,1.1852785282226814,1.0800541124325338,1.0828978573112753,1.082791785302668,1.081756376513129,1.082791785302668,1.0838177266530475,1.0808489401793937,1.079669127533634,1.0815155611556473,1.0808532116318543,1.080756823603321,1.081288389115583,1.080900318932347,1.0814227367952898,1.0796194175690694,1.0797403013041689,0.102189693556423,0.1018351086395291,0.1029310486185127,0.10242903362113,0.1021878015401012,0.1012276032567907,0.0952188747548262,0.1014155480084888,0.102189693556423,0.1018351086395291,0.1029310486185127,0.10242903362113,0.1021878015401012,0.1012276032567907,0.0952188747548262,0.1014155480084888,24398.454890478133,24102.08021543505,25083.62855539444,24773.491470404595,24741.219392465948,24792.917877275784,21164.09710044025,23857.528916882824,26551.75258052369,26760.47545195117,27154.850126994246,26988.06838106373,27058.808496433907,27001.62473024983,23877.8476760157,26626.61044489996,1.5141103875742146,1.1881245467452073,1.082212821169437,1.0803348810499915,0.1029855254893156,0.1029855254893156,25352.62855539444,27175.536418495267
fives,test_135_G,8,1.4130077418095608,1.3775374898578794,1.3783688997963544,0.03286647744932444,0.023858862420299918,1.0589718381332294,1.0329634204664684,1.0332540548243014,0.02069424020994205,0.020033855797717298,1.0814231862156145,1.0829221890816907,1.0824184472120384,0.001872214105528371,0.0017288537665997902,1.0821463994563616,1.0838383773254174,1.0842196571025604,0.002560478380056833,0.00236241715888979,0.0595551641522712,0.04979436114884553,0.0496548502882437,0.008494386324658256,0.17058932233846316,0.0595551641522712,0.04979436114884553,0.0496548502882437,0.008494386324658256,0.17058932233846316,9476.27647228149,7639.684319986322,7897.552375364732,1385.5215878483455,0.18135848679292366,13321.80792723568,10822.511518433184,10809.252265132596,1988.0194653519472,0.18369298678646823,1.4130077418095608,1.334202499309694,1.3935803051514797,1.3629066692223024,1.363157494441229,1.4076450413583204,1.4103011824953324,1.335498985075115,1.0589718381332294,1.0039236446209776,1.037963812589613,1.0121459389972591,1.0285442970589898,1.053193227995736,1.0516032754269349,1.017361328909007,1.0814231862156145,1.0841940867802045,1.0824364337903232,1.0824004606337536,1.0815093929428186,1.081326601832398,1.086863030736768,1.083224319721644,1.0821463994563616,1.0857614107082056,1.086791888384354,1.0861504187848163,1.0794234108438951,1.0852392113366005,1.0819941762205871,1.0832001028685203,0.0595551641522712,0.038019030760689,0.0529168707265454,0.042245430842271,0.046392829849942,0.0582118311504696,0.0582842225727785,0.0427295091357975,0.0595551641522712,0.038019030760689,0.0529168707265454,0.042245430842271,0.046392829849942,0.0582118311504696,0.0582842225727785,0.0427295091357975,9476.27647228149,5741.210962717778,7944.866083863719,5988.3186104561,7850.238666865745,9270.62466866588,8071.831595978313,6774.107499061558,13321.80792723568,7885.21428024811,11173.574162327046,9451.654105917398,10444.930367938145,12650.597682392912,12737.225099390882,8915.088522015307,1.4151188119929734,1.0584598189821997,1.0844805624214495,1.0808387007755624,0.0586924208219916,0.0586924208219916,7785.280297426093,13128.114493059727
fives,test_136_G,8,1.389421292164723,1.384722934954956,1.3885150374437907,0.0190827903850005,0.013780944839785765,0.9627356734032664,0.9199696286461847,0.9424363319234115,0.05762671351212062,0.06263979996483508,1.0788493265211576,1.0851053939739292,1.08435101947528,0.005844228093841555,0.005385862171819569,1.0876951983990777,1.0937278105211146,1.095162562027832,0.005745154826358883,0.005252819550799904,0.0207714570204639,0.017951435248064612,0.0208734965776407,0.005984545419854315,0.33337420307379173,0.0207714570204639,0.017951435248064612,0.0208734965776407,0.005984545419854315,0.33337420307379173,493.74220741123145,1489.6842071579574,538.9554108468283,1648.3478800430003,1.1065082600209235,4982.8493475352825,4492.698391886854,4993.991483159015,1076.5462783907597,0.23962131095531417,1.389421292164723,1.3878252760861485,1.3892047988014329,1.3856669679569682,1.4051890840154886,1.3944602413401332,1.3858073591618716,1.3402084601128816,0.9627356734032664,0.966225720593714,0.9221300430739258,0.938116927127351,0.8315583108409649,0.946755736719472,0.9642032517387517,0.8280313656720325,1.0788493265211576,1.0851397897755377,1.0960410885527667,1.0819001200435532,,1.0849140862389277,1.0837879527116323,,1.0876951983990777,1.0958465962250143,1.0944785278306497,1.0994099857837394,1.0849118640226785,1.0898998082574232,1.0961745171410129,1.1014059865093202,0.0207714570204639,0.0217298378536066,0.0209950548497785,0.0219437254215182,0.0082745379822871,0.0209755361348175,0.0206297090464632,0.0082916236755819,0.0207714570204639,0.0217298378536066,0.0209950548497785,0.0219437254215182,0.0082745379822871,0.0209755361348175,0.0206297090464632,0.0082916236755819,493.74220741123145,3669.607573399942,3117.2745289172003,584.1686142824251,0.0,478.4284989122467,3574.2522343406145,0.0,4982.8493475352825,5283.116374840043,5053.128568148863,5163.194585326845,2755.38809384118,5005.133618782747,4939.221930537315,2759.55461608255,1.3539320904029482,0.9647827985127572,1.086069132608939,1.0871022631050733,0.0209513883747463,0.0209513883747463,3178.421715174813,5013.263561097656
fives,test_137_G,8,1.3385254957849086,1.3556784250852427,1.3419112556036281,0.036008123519828676,0.026560962285406695,0.9668791980493332,0.9635572819989388,0.9707008975328462,0.016140571514454853,0.016751024371867734,1.0871789561639396,1.0859243245796386,1.0848447842430873,0.00551065099263165,0.005074617878888406,1.0848430938358211,1.0841089541013886,1.0837871128197727,0.0024087987537454022,0.0022219157443838667,0.0265778289426996,0.03017202503172039,0.0315600482562311,0.003303276874747516,0.1094814441945717,0.0265778289426996,0.03017202503172039,0.0315600482562311,0.003303276874747516,0.1094814441945717,3128.1445866022887,3929.188570708818,4026.9614331628554,1020.7446129065286,0.25978509163849783,5602.934700697025,6057.4628118382925,6234.7748878547045,390.77635613824793,0.06451155678158539,1.3385254957849086,1.340745765709182,1.444115617755387,1.3496857715373072,1.3414187367562054,1.3424037744510509,1.3498249846518415,1.3387072540360598,0.9668791980493332,0.9762842539518006,0.9337707654357188,0.9595243617361844,0.975595478947829,0.9745225970163592,0.945639393388924,0.9762422074653604,1.0871789561639396,1.089418274362279,1.0904002996982218,1.078698759053501,1.0821354827574672,1.0825106123222352,1.0819307025772171,1.0951215097022464,1.0848430938358211,1.0817874827650176,1.089320487166782,1.0845092097481115,1.081971621629674,1.0828644910598928,1.083065015891434,1.084510230714377,0.0265778289426996,0.0318475355416604,0.0235867378121409,0.0307253416178453,0.0312725609708018,0.0323417676604401,0.0322757937853062,0.0327486339228688,0.0265778289426996,0.0318475355416604,0.0235867378121409,0.0307253416178453,0.0312725609708018,0.0323417676604401,0.0322757937853062,0.0327486339228688,3128.1445866022887,3235.5709934734828,2194.890619158125,4178.687875927799,4825.452377915618,3875.234990397912,5070.962045907494,4924.565076287825,5602.934700697025,6243.931742104197,5293.317384966819,6139.174382791312,6225.618033605213,6287.588596353689,6293.081020402861,6374.056633785225,1.3338528436855286,0.9765064368405072,1.0962681951176187,1.0833358485511668,0.0327709092422933,0.0327709092422933,4970.405696721392,6340.671857474375
fives,test_138_G,8,1.3232452823587586,1.329195242827589,1.3274016753348263,0.008700486325312558,0.006545679705265922,0.9352593850966672,0.9316782604108317,0.936862087221473,0.00958905868583362,0.010292242604872244,,,,,,1.1594259163953673,1.1204759098636767,1.122790646493045,0.03877503501120539,0.03460586226786703,0.0214228307483449,0.021329200090676813,0.02119615275671945,0.0010918857908728907,0.051192064692110226,0.0214228307483449,0.021329200090676813,0.02119615275671945,0.0010918857908728907,0.051192064692110226,0.0,0.0,0.0,0.0,0.0,4457.105048083002,4463.7106486474595,4408.933475207747,266.2104594851273,0.05963882528223267,1.3232452823587586,1.3272413657811863,1.333925859871042,1.319489113178864,1.3441409042269972,1.337579523877235,1.3203779084381624,1.327561984888466,0.9352593850966672,0.9217681538631164,0.9401695765985894,0.9399203945886196,0.9189299299542047,0.9387879205369148,0.9384647893462787,0.9201259333022624,,,,,,,,,1.1594259163953673,1.1569600466944168,1.0796306516266814,1.0817908400317096,1.1516624207945647,1.0939188721915252,1.082569914695954,1.1578486164791952,0.0214228307483449,0.021303531712857,0.0201587856904231,0.0200510154355284,0.022109931030088,0.0234683193619549,0.0210887738005819,0.0210304129456363,0.0214228307483449,0.021303531712857,0.0201587856904231,0.0200510154355284,0.022109931030088,0.0234683193619549,0.0210887738005819,0.0210304129456363,0.0,0.0,0.0,0.0,0.0,0.0,0.0,0.0,4457.105048083002,4344.619766708762,4140.99234971079,4230.737515714853,4789.646245367456,4918.219838496261,4467.602522766058,4360.761902332492,1.3242454576568596,0.9422535127937636,1.08458703502962,1.0846698811797002,0.0218854640002902,0.0218854640002902,3695.0785694243073,4600.129434700639
fives,test_139_G,8,1.5451643325394122,1.541246165686483,1.5437602069075997,0.007247817673877412,0.004702569800489448,1.2078927368471304,1.2048620188433892,1.2064547671736376,0.006183321920250841,0.0051319751337057995,1.0909078118794309,1.0900199335963294,1.0900030286502151,0.0006808491394947754,0.0006246208151886115,1.1005608275061831,1.1015627004051811,1.1011163384877714,0.0025096460579907697,0.0022782598367461623,0.1253260905484489,0.12578432467902362,0.12556260356295915,0.0020669615127589815,0.016432584251125513,0.1253260905484489,0.12578432467902362,0.12556260356295915,0.0020669615127589815,0.016432584251125513,28944.14990908085,28608.869642446745,28848.3498731871,777.3780662134077,0.02717262429201391,32359.524943061435,31790.869153417065,32101.62692742124,1046.0689708066147,0.03290469869692686,1.5451643325394122,1.5382162300036966,1.5484471008506242,1.548539317202766,1.5455656329293992,1.5299219454042212,1.5317586852859577,1.5423560812757873,1.2078927368471304,1.2042487833446858,1.2105236018820635,1.2104083382702566,1.2095965289159158,1.1947615670734026,1.196447796913514,1.205016797500145,1.0909078118794309,1.0898305923573872,1.0895882065081424,1.090776634391909,1.0904506301332266,1.0889354146866594,1.089494713870838,1.090175464943043,1.1005608275061831,1.1014827197428425,1.0989653782500608,1.09894335340867,1.101012311755477,1.1038946145399142,1.106422032818235,1.1012203652200658,0.1253260905484489,0.1245669829090628,0.1283615769422628,0.1281620436738669,0.1275259920406997,0.1235866262354775,0.1229461685049009,0.1257991165774694,0.1253260905484489,0.1245669829090628,0.1283615769422628,0.1281620436738669,0.1275259920406997,0.1235866262354775,0.1229461685049009,0.1257991165774694,28944.14990908085,28124.631006372987,29387.19868231613,29320.68901432425,29261.647383763917,27399.86441234411,27680.226894078376,28752.54983729335,32359.524943061435,31472.520758979324,32757.029560419425,32726.674221360103,32643.046804362133,30154.1957237233,30370.23230364976,31843.72891178104,1.5482568499181917,1.2102889422603078,1.0901690019702217,1.098195037220044,0.1279146578916808,0.1279146578916808,29431.06159732628,32739.47321123332
fives,test_13_A,8,1.5083685016892858,1.5020153958796107,1.507794391887106,0.011954717925041998,0.007959118100810859,1.1848016947936932,1.1809128915522533,1.1842625332189438,0.007330337670794081,0.0062073483346927515,1.0807625484801564,1.0812877533624772,1.0812455014117823,0.0009315158993756401,0.0008614875147516543,1.0835055664064368,1.0828757406433034,1.0833872864357372,0.0013332665908145558,0.0012312276845564043,0.1134324142755059,0.11201308198049492,0.1127203499431355,0.0017929556837023664,0.016006663257552164,0.1134324142755059,0.11201308198049492,0.1127203499431355,0.0017929556837023664,0.016006663257552164,26012.85395213885,25259.704367467864,25987.460553856647,1396.8103467861772,0.055297968909926686,27600.75467256474,26812.258000981674,27494.342984319308,1425.8291970383816,0.05317825887645039,1.5083685016892858,1.5086927589211034,1.508205879227769,1.4757102675996503,1.506976206228064,1.4924405275503834,1.507382904546443,1.5083461212741875,1.1848016947936932,1.1845086918729224,1.1843681827993966,1.1639657208162286,1.1834051008062934,1.177037978990278,1.184156883638491,1.185058878700723,1.0807625484801564,1.0814087395212255,1.0796693802316093,1.082572309822382,1.0810822633023394,1.0807180335715412,1.082008348249942,1.0820804037206215,1.0835055664064368,1.0834256967749143,1.0833033511983152,1.0804056724431732,1.0841835440193377,1.0811707824088197,1.08366243579887,1.0833488760965602,0.1134324142755059,0.1126549306051792,0.1132918256021095,0.109374842741976,0.1127857692810918,0.1089291735021487,0.1126203338399138,0.1130153659960345,0.1134324142755059,0.1126549306051792,0.1132918256021095,0.109374842741976,0.1127857692810918,0.1089291735021487,0.1126203338399138,0.1130153659960345,26012.85395213885,25981.09659282597,25993.82451488733,22216.5600872379,25730.746304400527,24089.188729725145,25997.054962265625,26056.309796261565,27600.75467256474,27546.056187754904,27550.36989625389,23686.2820921136,27403.043994446085,25648.41535195884,27442.629780883715,27620.51203187762,1.508934106863679,1.1847915993687397,1.081294051004579,1.083435198086072,0.1130120926791941,0.1130120926791941,26078.39305738225,27559.78410981626
fives,test_140_G,8,1.4320922158778508,1.4420702804552556,1.4475745741937418,0.010945041788821032,0.007589811632041766,1.1107299090927043,1.1173953245874428,1.1210668900270502,0.007355248912690689,0.006582494799149391,1.0621106020960889,1.076393523096991,1.0814937074231787,0.008861205981355575,0.008232310759228822,1.0771956905553357,1.078003464548479,1.0773753408898645,0.0012382133218633992,0.0011486172007638435,0.0615542441115977,0.06342880717751312,0.0642852866562656,0.0022771700824260528,0.03590119669211372,0.0615542441115977,0.06342880717751312,0.0642852866562656,0.0022771700824260528,0.03590119669211372,997.185858225128,8989.725625589748,8938.108724550835,8561.443843573274,0.9523587482139224,17377.48447640643,18447.657229903773,19011.028378476574,990.0696531285761,0.053669126696677054,1.4320922158778508,1.449705401828846,1.4506122890178077,1.452071284964983,1.4308018195164642,1.4508573933318918,1.4454437465586378,1.424978092545565,1.1107299090927043,1.1223542601831296,1.1229841882023948,1.1220580177584745,1.1097449408701625,1.1252150219786503,1.1200757622956257,1.1060004963184016,1.0621106020960889,1.072118498430855,1.0815081433763014,1.082039609461,1.0646507102301852,1.081479271470056,1.082875837814404,1.084365511897038,1.0771956905553357,1.0802753306238406,1.0782746921401762,1.0775549912243934,1.0771789538305985,1.0771792064634838,1.0794530717757047,1.076915779774299,0.0615542441115977,0.0646826852907333,0.0647113962718002,0.0664375256939617,0.0599968506252834,0.0651149275331682,0.0638878880217979,0.0610449398717626,0.0615542441115977,0.0646826852907333,0.0647113962718002,0.0664375256939617,0.0599968506252834,0.0651149275331682,0.0638878880217979,0.0610449398717626,997.185858225128,1171.7960312803946,17145.288516913537,17056.64890660675,975.45793616377,17080.518964291834,16704.421417821275,786.4873734152927,17377.48447640643,19148.17408543778,19240.7598718754,19119.17408543777,17550.768747653892,19329.45330605136,18902.882671515377,16912.560594852177,1.452124206074543,1.1241943038523536,1.0822794966065328,1.0759153317874373,0.0649443821525675,0.0649443821525675,17076.962615105727,19329.370044930663
fives,test_141_G,8,1.5090327555863068,1.5145476044736563,1.5193390473971404,0.01042033023488601,0.006880160256505994,1.176531675531068,1.1834533559830596,1.185548387833633,0.008460792599863414,0.007149240447111061,1.0860753520522062,1.0872554003013446,1.0868573894161782,0.002084118218451879,0.0019168616848205518,1.093353242635768,1.0965366292019247,1.0938227279535124,0.005808846218388998,0.005297448405911219,0.0943934943118451,0.09610665286496296,0.0976391136328,0.003480026415077586,0.03621004697736465,0.0943934943118451,0.09610665286496296,0.0976391136328,0.003480026415077586,0.03621004697736465,22942.765281446787,23859.07455205653,24796.336095451516,2113.0356734600214,0.0885631866755657,26478.4956544867,27205.974928940905,27907.782630519858,1302.8201731427118,0.04788728125147284,1.5090327555863068,1.5174432752754774,1.4921924476789608,1.5225904861788802,1.5218300585405484,1.5107985604810614,1.5212348195188032,1.521258432529213,1.176531675531068,1.1916149980827473,1.16777784055712,1.1880004044196673,1.1843143657484685,1.1795159897361351,1.1867824099187976,1.193089163870472,1.0860753520522062,1.0916621149552983,1.087803118080486,1.0871995696631014,1.0845273249720253,1.0865152091692547,1.0863338643385818,1.0879266491798032,1.093353242635768,1.0923038458929044,1.0947275483933698,1.092578169393691,1.1051736809745636,1.0933827172273771,1.1065110904180764,1.094262738679648,0.0943934943118451,0.0972180901592822,0.0886853056971148,0.0987662071952895,0.0984371495086061,0.094569854088313,0.0980601371063178,0.0987229848529352,0.0943934943118451,0.0972180901592822,0.0886853056971148,0.0987662071952895,0.0984371495086061,0.094569854088313,0.0980601371063178,0.0987229848529352,22942.765281446787,24553.920835868616,19521.910016725844,25447.581874200216,25451.69457257243,22433.189596276923,25038.751355034416,25482.782884327,26478.4956544867,27780.30597111697,24513.504530265185,28244.354744352244,28084.2004154197,26471.39514942331,28035.259289922746,28040.283676540384,1.52189550385146,1.1884803103380386,1.0855694664058504,1.1054026346547356,0.0984463297778537,0.0984463297778537,25995.388006748377,28062.786201857325
fives,test_142_G,8,1.5438366682481774,1.544516579193667,1.5449935346324164,0.003407570541810632,0.002206237594153631,1.2181066184248386,1.217863960517802,1.2195518858232137,0.0058703037206698635,0.00482016375472181,1.0850027463759744,1.0859602707245264,1.0863382549148648,0.0008993205617199711,0.0008281339437215011,1.0938772410408828,1.0943314200950298,1.0940790905725628,0.0007956110365887198,0.000727029327659833,0.1192681905232905,0.11916586633009404,0.11943708855744986,0.0024442434492974335,0.020511271596237005,0.1192681905232905,0.11916586633009404,0.11943708855744986,0.0024442434492974335,0.020511271596237005,30795.672636933326,30779.43951105193,31051.8391591747,983.4793904701314,0.031952478865542526,32511.11751323649,32518.5109115187,32789.863725261086,1035.495144575781,0.03184325221389483,1.5438366682481774,1.5481421711038876,1.5416222013192116,1.5473833286761431,1.5461504010166551,1.5427584605200253,1.5385691520813745,1.547670250583861,1.2181066184248386,1.2227646753271235,1.2098071687880938,1.2222066663582207,1.2206696393322771,1.2184341323141503,1.2079236606239585,1.2229991229737551,1.0850027463759744,1.0850869484830936,1.086936045986171,1.0861751813997669,1.0865013284299627,1.0846574100813051,1.086588336531472,1.0867341685084644,1.0938772410408828,1.094149897302654,1.0940567884024797,1.0937143444251876,1.094101392742646,1.0949076645894038,1.096073746720889,1.0937702855360945,0.1192681905232905,0.1215807215904359,0.1157930858727439,0.121569682503236,0.1196059865916092,0.1189553112517946,0.1153609844594884,0.1211929678481539,0.1192681905232905,0.1215807215904359,0.1157930858727439,0.121569682503236,0.1196059865916092,0.1189553112517946,0.1153609844594884,0.1211929678481539,30795.672636933326,31601.61080383745,29425.862320303066,31656.12552246321,31308.00568141607,30718.77314199672,29167.52422518644,31561.94175627914,32511.11751323649,33395.09731070096,31233.81686459811,33383.587642709084,33068.60993728568,32492.37234723244,30697.32949118282,33366.15618520402,1.5479138956258978,1.2225339546891374,1.0862213410301464,1.0943464655028796,0.1212363965284615,0.1212363965284615,31570.255464778125,33345.913544516894
fives,test_143_G,8,1.5488405641309757,1.5465721450721601,1.5477948703713302,0.002790080573822726,0.001804041656066776,1.2064938299280907,1.2039379682945828,1.205112427106471,0.0030827409049706002,0.0025605479569162544,1.0876854157281848,1.0878429725427188,1.0877413839042622,0.0007627890656484948,0.0007011940922553882,1.0934732982060156,1.0936622987836597,1.093527135491233,0.001544266093917271,0.0014120136495833862,0.1235887015550721,0.12333295322101165,0.12345100238699536,0.001255513819739059,0.010179873155953612,0.1235887015550721,0.12333295322101165,0.12345100238699536,0.001255513819739059,0.010179873155953612,29440.650342356752,29098.21768564499,29345.74727608267,507.03269258547306,0.017424871105958053,31805.48922968677,31534.290591690773,31747.71967706507,497.42284450380885,0.015774029958196645,1.5488405641309757,1.544020735203407,1.547729062205834,1.548920115473902,1.5415459285446442,1.5489429531478638,1.5478606785368263,1.5447171233338273,1.2064938299280907,1.2054923147217251,1.2026576475800668,1.202993037230438,1.1971679850860133,1.205014261391173,1.2064740775973857,1.2052105928217691,1.0876854157281848,1.0888620997210974,1.0866789684935678,1.0873517006771527,1.0888896023081065,1.088122876247792,1.087355765085509,1.0877973520803397,1.0934732982060156,1.0924230325967883,1.0935809727764505,1.0948080672825211,1.0921971483597883,1.0921442421290128,1.0939665204981808,1.0967051084205215,0.1235887015550721,0.1223262755821448,0.1234174824752235,0.1238447302318757,0.1224348612118282,0.1258390993876399,0.1217279530255418,0.1234845222987672,0.1235887015550721,0.1223262755821448,0.1234174824752235,0.1238447302318757,0.1224348612118282,0.1258390993876399,0.1217279530255418,0.1234845222987672,29440.650342356752,28527.59947708042,29330.79752861437,29509.10618647947,28131.710083411577,29453.62090510523,29360.697023550976,29031.55993856113,31805.48922968677,31321.68814777249,31740.6486092532,31869.43035518372,30461.6789130565,31997.555246864755,31754.790744876937,31323.04348683182,1.5497422489018375,1.2072339664233895,1.088122876247792,1.093977451644648,0.1239152014371869,0.1239152014371869,29792.01282409102,31902.05777218169
fives,test_144_G,8,1.4412026870789176,1.443387582394872,1.4469753777754817,0.00955331723180058,0.006618677719223338,1.094551604104676,1.0885234711346228,1.0927173245808444,0.008857301321821717,0.008136986988979949,1.0836443813275114,1.0822019889914063,1.0818982403654187,0.0016627322346199017,0.0015364342807848096,1.08070761160845,1.0806271868882533,1.0807236067298724,0.001357511096958081,0.0012562251935074255,0.0552018365346498,0.05338866053847705,0.054200784700163346,0.0017653896052532674,0.03306675214263816,0.0552018365346498,0.05338866053847705,0.054200784700163346,0.0017653896052532674,0.03306675214263816,11714.356774809334,11345.467011316387,11642.92174596679,595.6332414219941,0.052499667120611916,15528.621202458766,14735.380366024978,14967.30540191873,588.0617811885247,0.039908150762392604,1.4412026870789176,1.450740047411826,1.4388933154169214,1.44761057046803,1.4463401850829334,1.4223660735144743,1.4484546927410074,1.4514930874448664,1.094551604104676,1.095453745713742,1.083122332687398,1.092233578340397,1.07918853457252,1.0731563012786336,1.0972806015583247,1.0932010708212918,1.0836443813275114,1.0814389821505916,1.0817692691420735,1.082027211588764,1.0803223643737954,1.08552759843142,1.080839875653212,1.0820462292638826,1.08070761160845,1.0792217570208236,1.0820292852062277,1.0822888205524357,1.0794949605853832,1.0787448611221162,1.0807396018512947,1.0817905971592958,0.0552018365346498,0.0547176954690543,0.0521894766296583,0.0543260333250577,0.0509261546218176,0.0509258359230265,0.054075536075269,0.0547467157292832,0.0552018365346498,0.0547176954690543,0.0521894766296583,0.0543260333250577,0.0509261546218176,0.0509258359230265,0.054075536075269,0.0547467157292832,11714.356774809334,11497.817669565931,11588.729357811366,11746.91312399544,10247.4581464245,10549.789098866186,11697.114134122216,11721.557784936114,15528.621202458766,15144.856700470948,14275.242343333572,15004.660740978055,13730.009803914225,14265.041333206796,14965.234334106864,14969.376469730594,1.451893716516785,1.095400461776474,1.0843387510819398,1.0830101775536878,0.0547310628259954,0.0547310628259954,12439.601507537507,15079.873944413652
fives,test_145_G,8,1.408129000715644,1.410435589966902,1.4103878527610785,0.004693504713699886,0.0033276987244841333,1.06414973698808,1.0697830190255506,1.0684716650573138,0.007816277423711444,0.007306413809812736,1.0918954818597468,1.0988036298324757,1.0989776912113043,0.00801098650317527,0.007290644375097878,1.0882250128292104,1.0867918985759892,1.086401455672115,0.002823299600297911,0.002597829082087608,0.0655032729131705,0.06353614845625186,0.06396378124270674,0.0018512585948224115,0.02913709187293758,0.0655032729131705,0.06353614845625186,0.06396378124270674,0.0018512585948224115,0.02913709187293758,6938.68109219036,5559.33382580953,5469.5352057604105,1186.464507994619,0.21341846796218436,9937.865217311934,9804.496945295577,9991.197215774147,471.45518122442746,0.04808560641661911,1.408129000715644,1.4017422747021084,1.414259480565031,1.416036661011381,1.410249819991812,1.4076737946938118,1.4105258855303449,1.4148678025250836,1.06414973698808,1.0705494779256028,1.0597598737494087,1.0769774388448456,1.0663938521890248,1.0812165009146424,1.0767094500755394,1.0625078215172603,1.0918954818597468,1.0945727036021409,1.1035829295986754,1.1061073632676328,1.1098862253987782,1.1029403104024704,1.0950150720201384,1.0864289525102224,1.0882250128292104,1.0854700246649849,1.0922191543771445,1.084740142545839,1.087332886679245,1.088155644416176,1.08318932586873,1.0850029972265836,0.0655032729131705,0.0599134194322804,0.0630810948978117,0.0651148575810448,0.0640346295329013,0.0638929329525122,0.0647653393494182,0.0619836409908758,0.0655032729131705,0.0599134194322804,0.0630810948978117,0.0651148575810448,0.0640346295329013,0.0638929329525122,0.0647653393494182,0.0619836409908758,6938.68109219036,6345.63231895508,6955.244584051399,4601.592421498291,4265.295956942008,4576.349780811172,4454.396462005398,6337.477990022531,9937.865217311934,8850.743284223736,9732.225607005144,10302.737367038071,10044.52921423636,10070.77185492348,10095.115000673988,9401.988016951907,1.4012999672675637,1.0786074700350563,1.0883740155000294,1.084236160687891,0.0660432193575777,0.0660432193575777,7062.967455478874,10334.305909533
fives,test_146_G,8,1.5357574548238049,1.5375389686423477,1.53968338387114,0.0062923964415958515,0.004092511845180782,1.200285003175282,1.2078969987297903,1.2118199629807838,0.007468568045124732,0.006183116650656958,1.0857039917348148,1.087624562246786,1.0883031466174016,0.0015562267306679111,0.0014308491962089374,1.1031151273107942,1.092297190539821,1.093644983421208,0.00578918749393399,0.005300011337640567,0.1169637873345548,0.11878842845750309,0.1189321682830155,0.0013068623657193365,0.011001596558598049,0.1169637873345548,0.11878842845750309,0.1189321682830155,0.0013068623657193365,0.011001596558598049,27624.242912531816,28394.41788497378,28901.739520663097,1151.6293682270305,0.0405583017370632,30902.87278050834,31627.685207764254,32115.69886178489,1105.8000698642902,0.034963041480912053,1.5357574548238049,1.5399444748385107,1.5421856554962383,1.5227640174337909,1.539422292903769,1.5403833355650087,1.5383050010648291,1.5415495170128308,1.200285003175282,1.2123509252351703,1.2072634034422265,1.1930017085149824,1.2128938574064223,1.212321621907761,1.2113183040538065,1.2137411661026711,1.0857039917348148,1.0890619882493264,1.088190514576264,1.0873335657520935,1.0888438646643028,1.088415778658539,1.0886017218310526,1.084845072507894,1.1031151273107942,1.094358865119447,1.093727888235592,1.0866628753089862,1.093562078606824,1.0865052068528682,1.094452309140899,1.0859931737431576,0.1169637873345548,0.1192999512629085,0.1188664874806202,0.1170891283500445,0.118950973512368,0.1191306639530257,0.118913363053663,0.1210930727128401,0.1169637873345548,0.1192999512629085,0.1188664874806202,0.1170891283500445,0.118950973512368,0.1191306639530257,0.118913363053663,0.1210930727128401,27624.242912531816,28932.30806315802,28907.5090732848,25848.84976805675,28895.96996804139,28923.19536478581,28584.430862797995,29438.83706713365,30902.87278050834,32178.90344324914,32072.67804650472,29132.49182934209,32189.25878230846,32158.71967706506,32007.26888357623,32379.28821955998,1.5391941883530436,1.2123868042768473,1.089271550033462,1.087048273842078,0.1189782464581814,0.1189782464581814,28944.178120843106,32117.10445337592
fives,test_147_G,8,1.4837875270218512,1.4757398162262834,1.4833982153506093,0.015085369023970095,0.010222241656761649,1.173188179880211,1.1648813289512794,1.1733630642652972,0.016144989081940054,0.013859771532671986,1.0870031563197733,1.0873381143117653,1.0874287074263373,0.0030298583682695024,0.0027864914587191333,1.0945374280333169,1.0931921937768696,1.0944529174718616,0.002824840163639491,0.0025840288466385322,0.0910135361950195,0.08713443390599292,0.09081356258635755,0.006748544227386711,0.07744979711083612,0.0910135361950195,0.08713443390599292,0.09081356258635755,0.006748544227386711,0.07744979711083612,20614.71023208835,19576.735115433657,20556.967591401226,2011.0260326724172,0.10272530229450721,23507.793852146533,22487.226221070574,23488.829386052465,1884.420983783868,0.0837996187372439,1.4837875270218512,1.4833849038886966,1.4841099640914786,1.483411526812522,1.4853687077496185,1.4495535510355844,1.4831051034735454,1.4531972457369686,1.173188179880211,1.17189441153279,1.1742387519916222,1.1743207443019388,1.1741824399789158,1.1413389760793318,1.1735379486503836,1.1363491791950426,1.0870031563197733,1.0928765650249812,1.0891126296633438,1.0878542585329014,1.0857356101522928,1.0883151576154888,1.0851174932604346,1.082690043924906,1.0945374280333169,1.094974761659269,1.0949607155963164,1.087680537383217,1.0922684122583897,1.0906293659184163,1.0943684069104065,1.0961179224556246,0.0910135361950195,0.0907513306757639,0.0908757944969512,0.0914075341872057,0.0915408631077616,0.0749790787066149,0.0887819315672767,0.0777254023113498,0.0910135361950195,0.0907513306757639,0.0908757944969512,0.0914075341872057,0.0915408631077616,0.0749790787066149,0.0887819315672767,0.0777254023113498,20614.71023208835,20815.812829192782,20533.668601528007,20830.977259393105,20580.26658127445,15731.973582925268,20494.278774583272,17012.193062484028,23507.793852146533,23591.830432072995,23499.48014364755,23571.03144219977,23478.178628457383,19271.024807139103,23370.509580899077,19607.96088200218,1.483623513245215,1.1745086920649974,1.0892841031859584,1.0946063726782576,0.0906103657819694,0.0906103657819694,21127.80063588397,23448.391831892983
fives,test_148_G,8,1.411789390984929,1.4014119003477832,1.4101466151189084,0.023055878142514235,0.016451892649686037,1.100934750134511,1.073329619819373,1.0979263326443056,0.04179079758823782,0.038935660412754335,1.0842807473712204,1.0884667759581612,1.0886050798083113,0.0034682046612074745,0.0031863211058091004,1.0941946534622005,1.0943485148667542,1.0942321549620868,0.0018245322745423648,0.0016672314621494382,0.0602012685572099,0.05550020983417615,0.05981957392700745,0.008418643175016827,0.1516866909182884,0.0602012685572099,0.05550020983417615,0.05981957392700745,0.008418643175016827,0.1516866909182884,10606.002302301786,9304.796170391346,10492.362691994997,1930.0260137211737,0.20742270742723853,13082.988375889418,11922.657766989241,12991.834046956868,1931.8485871927219,0.1620317067677235,1.411789390984929,1.4202278752594526,1.3817972182217415,1.4152203844643134,1.408503839252888,1.3520567620198585,1.4077277094135487,1.413972023165534,1.100934750134511,1.0986060955175003,1.0056072623199406,1.1007064342945925,1.0978000154883094,1.008017445534394,1.0769123054654328,1.0980526498003016,1.0842807473712204,1.0919345518932917,1.0883772306192814,1.0846187945165744,1.0851662482153888,1.0922228090596815,1.0923008969925123,1.0888329289973413,1.0941946534622005,1.0929979244781838,1.097500351208727,1.0959268303296947,1.0942696564619732,1.0945436585985415,1.0913735333816723,1.0939815110130422,0.0602012685572099,0.0595263541546775,0.041421501269575,0.0599781240041685,0.0600501566318169,0.042339917272093,0.060823332934022,0.0596610238498464,0.0602012685572099,0.0595263541546775,0.041421501269575,0.0599781240041685,0.0600501566318169,0.042339917272093,0.060823332934022,0.0596610238498464,10606.002302301786,10448.76471224855,6413.208870676719,10535.96067174144,10570.244942988906,6267.598697621453,8827.947252943346,10768.641912608571,13082.988375889418,12946.691911333137,8938.508652763334,13038.745735202298,13077.958938637894,8672.844655838904,12586.547683668348,13036.976182580598,1.4106898614798504,1.1014729971025867,1.0823814873797208,1.0951288986114431,0.0600209037955655,0.0600209037955655,9924.596097966123,13089.78736576264
fives,test_149_G,8,1.3786956904446748,1.3597513895268696,1.3626479902269195,0.01450982448758634,0.010670939260915252,1.0010232715886025,1.0025955894562997,1.0112176006931666,0.028263816077644166,0.028190644737397488,,,,,,1.093529205648684,1.093137746689576,1.0917962394658374,0.0052408831154425895,0.004794348316407439,0.0384943326833953,0.03774763394415739,0.0394777472904895,0.004892491536116819,0.12961054839502287,0.0384943326833953,0.03774763394415739,0.0394777472904895,0.004892491536116819,0.12961054839502287,0.0,0.0,0.0,0.0,0.0,8030.893429074183,7775.228277810256,8224.790398693855,1056.6436503010966,0.13589873024264182,1.3786956904446748,1.3557028381969098,1.3698838965469302,1.3556226409523235,1.3618453006429012,1.3637894228834606,1.3290206467368186,1.363450679810938,1.0010232715886025,1.0079772674170095,1.0263725619927226,0.9849052082697468,1.022043618944388,1.0144579339693234,0.9412846096249948,1.0227002438436092,,,,,,,,,1.093529205648684,1.089342503979845,1.0894173876842057,1.0899504748244684,1.0939150133662705,1.0914436584569045,1.1053549090814587,1.09214882047477,0.0384943326833953,0.0388481854881908,0.0423429151925425,0.0329483280376199,0.0405118923531243,0.0409035566775773,0.0278245520280208,0.0401073090927882,0.0384943326833953,0.0388481854881908,0.0423429151925425,0.0329483280376199,0.0405118923531243,0.0409035566775773,0.0278245520280208,0.0401073090927882,0.0,0.0,0.0,0.0,0.0,0.0,0.0,0.0,8030.893429074183,8199.148263070123,8758.944294350516,6581.009952590998,8250.432534317586,8353.728998873868,5699.182392018027,8328.486358186747,1.340304010843104,1.0261945678355502,1.061185667274958,1.0924916483454132,0.0408702003273145,0.0408702003273145,176.49747468305833,8424.599056558958
fives,test_14_A,8,1.5059166999997653,1.5254151378185754,1.528574573209672,0.008845726485516446,0.005798897799169808,1.1633130816714243,1.1830923522517698,1.1864511035218759,0.009523907221913293,0.008050011652756034,1.0865505478628412,1.0858246828503098,1.085601217480205,0.0013485282455339173,0.0012419392069758497,1.0971040036544373,1.0961824291923785,1.0966770782660489,0.002226819625577202,0.002031431599590435,0.1022785345480818,0.1069340036672872,0.1074328347124706,0.0023997109868422266,0.022441046856420434,0.1022785345480818,0.1069340036672872,0.1074328347124706,0.0023997109868422266,0.022441046856420434,22856.502438224143,25550.355043026575,26183.11044489997,1431.5674036889382,0.0560292567863809,24997.741253766653,27567.95124480228,28035.9178029374,1280.359452614331,0.046443765125844555,1.5059166999997653,1.527827528933141,1.519772043981736,1.5285620250482783,1.5288405009386516,1.534541365186138,1.5285871213710658,1.5292738170898277,1.1633130816714243,1.183122094888894,1.175314771923239,1.1836513353822635,1.1894697173053457,1.1900194376970108,1.1892508716614885,1.190597507484492,1.0865505478628412,1.0843569749772972,1.0883883476483185,1.0863087971268697,1.08489363783354,1.0864448560370554,1.0848147368817938,1.084839564434763,1.0971040036544373,1.092693247676459,1.0990908548475902,1.0978678541528668,1.0967317314113665,1.0930397699563,1.0966224251207315,1.096309546719277,0.1022785345480818,0.106702934579298,0.1048294046665733,0.1067240181356346,0.1085601756165838,0.1086326002273865,0.1081416512893066,0.109602710275433,0.1022785345480818,0.106702934579298,0.1048294046665733,0.1067240181356346,0.1085601756165838,0.1086326002273865,0.1081416512893066,0.109602710275433,22856.502438224143,25294.06210494057,23996.39601597509,25795.41953604096,26714.399333505426,26595.872421570843,26570.80135375898,26579.387140196603,24997.741253766653,27405.42076153023,26442.98511994305,27654.94262283093,28495.076749227945,28556.432088287274,28416.892983043872,28574.11837978829,1.5343598046541729,1.1897544291487128,1.08432923102086,1.0964491819891702,0.1085022994708778,0.1085022994708778,26542.889665513543,28457.79247798049
fives,test_150_G,8,1.528101534702261,1.518766897772755,1.5260656628820506,0.013755551157027654,0.009057052255484319,1.191426676455593,1.1835202055996472,1.190929359992857,0.014731303675107376,0.01244702338448337,1.0836281120530256,1.0855193675237083,1.0849398674882162,0.0016453875644899941,0.0015157606706211607,1.0896257994738034,1.0894247512631725,1.0893012969921934,0.001315807273170004,0.001207800053784664,0.1058477900154816,0.10177047112257476,0.1041444628529143,0.004896943176155078,0.0481175248786761,0.1058477900154816,0.10177047112257476,0.1041444628529143,0.004896943176155078,0.0481175248786761,26417.87833875649,24994.702798437072,25808.378772032374,1938.0022625905362,0.07753651956652673,28372.300920483078,27155.101408237308,28138.515603215084,1874.4798716306307,0.0690286456106557,1.528101534702261,1.5144587985462497,1.5262771101012576,1.5296988184463924,1.491705886055835,1.5258542156628438,1.5282947165875476,1.5057441020796538,1.191426676455593,1.183789398842574,1.1904570046362215,1.19473952361426,1.1524472299948063,1.1914017153494925,1.193128673378363,1.1707714225258683,1.0836281120530256,1.0878259606330103,1.0849509003279745,1.0882752623760812,1.08528771817063,1.0843569154532724,1.0849012365272144,1.0849288346484578,1.0896257994738034,1.0886021257665977,1.0903119477475218,1.091097423918996,1.0882936660316702,1.088976794510583,1.091016115835016,1.0874741368211918,0.1058477900154816,0.1005545481408146,0.1035470118928256,0.1049395457822183,0.0943618939621621,0.104741913813003,0.1058805182637035,0.0942905471103893,0.1058477900154816,0.1005545481408146,0.1035470118928256,0.1049395457822183,0.0943618939621621,0.104741913813003,0.1058805182637035,0.0942905471103893,26417.87833875649,24621.4212691445,25738.20719915712,26707.726101864995,21540.93772087381,25878.55034490763,26461.74839644158,22591.153016350458,28372.300920483078,26912.58396624125,28186.661310176285,28695.479636033266,23700.840533340757,28090.369896253884,28413.827832417657,24868.747170952294,1.528487668303905,1.1927995207185955,1.0858866261375515,1.089141497920156,0.1049588884897241,0.1049588884897241,26918.779925734158,28451.815639108838
fives,test_151_N,8,1.5201648909029335,1.516404717139375,1.5173523417443795,0.0042589827200217225,0.0028086055601674,1.1887271106891146,1.184079813497796,1.1838162377342634,0.0033694654367697973,0.0028456404698061085,1.092760279412173,1.0918870278479957,1.0926043907439236,0.0017200221391398681,0.0015752748180641602,1.124350081327117,1.1081597394680918,1.1091648760509125,0.008076321040988613,0.007288047700474289,0.1189425533418828,0.11791196759026003,0.11749745660449755,0.0013468949984712787,0.011422886293880634,0.1189425533418828,0.11791196759026003,0.11749745660449755,0.0013468949984712787,0.011422886293880634,24937.97343424849,24578.471865217696,24786.96376625661,744.9923159730663,0.03031076626970225,28495.14240746841,27916.727995852692,28059.77382907973,589.5107809934141,0.021116757704591732,1.5201648909029335,1.518194739371531,1.5099393324080097,1.5111860901421572,1.5223233283044064,1.5166647044943935,1.5180399789943655,1.5147246724972043,1.1887271106891146,1.185420310727953,1.184804257829801,1.1818074806292025,1.1884593621021529,1.179586207937076,1.1828282176387257,1.1810055604283427,1.092760279412173,1.0928438114745318,1.092448502075674,1.0920805034087344,1.093488142189184,1.0888528493953655,1.0930781804484475,1.0895439543798568,1.124350081327117,1.1107350093933828,1.1048589320613151,1.0989529279966237,1.1093007278131917,1.1090290242886331,1.0987374490606827,1.109313763803787,0.1189425533418828,0.1188936418899132,0.1171863658798594,0.115720708666983,0.1201009658591754,0.117531063505367,0.1174638497036281,0.1174565918752713,0.1189425533418828,0.1188936418899132,0.1171863658798594,0.115720708666983,0.1201009658591754,0.117531063505367,0.1174638497036281,0.1174565918752713,24937.97343424849,25256.65467511562,22946.37422901277,24338.380505135927,25058.517590125768,24341.804819966062,25112.11556987221,24635.95409826473,28495.14240746841,28375.917010723995,27056.189955214417,27208.126030077485,28520.7038072884,27558.19709788935,28294.66217672805,27824.885481431415,1.5193249903654908,1.1882852256056948,1.0948254197160685,1.1245432753625388,0.1194155131489345,0.1194155131489345,25381.92170242038,28582.568814339604
fives,test_152_N,8,1.5124808845753088,1.5138146702725368,1.5157947642390557,0.004679567848497062,0.0030912422375022858,1.1883738437399178,1.1888770614739523,1.1897060833801982,0.004430658790298592,0.0037267594218745597,1.094121676788379,1.0947866708819056,1.0948627962291924,0.0008877982874254356,0.0008109326785192494,1.0990077980467228,1.1027177681705127,1.1031683466554925,0.002251467027793518,0.002041743674384482,0.1182706916955362,0.11709731910188817,0.11806514191459985,0.0023798901122308886,0.020324035857388928,0.1182706916955362,0.11709731910188817,0.11806514191459985,0.0023798901122308886,0.020324035857388928,23726.54911941836,24345.87752795851,24555.349768056745,588.564449448716,0.02417511748232594,27785.20041541969,27956.053490667204,28120.625342994463,684.0558142054902,0.024468969285448464,1.5124808845753088,1.5170496001643,1.5066711546084737,1.5157360658070744,1.5173873875609192,1.518447763826074,1.5068910429671074,1.5158534626710367,1.1883738437399178,1.1915023153583486,1.1798122267033506,1.1888780546993936,1.192398301589538,1.1937210659178157,1.185796571722251,1.190534112061003,1.094121676788379,1.094102000622008,1.095086312838329,1.0949827105248888,1.0951656902232585,1.0964948341589518,1.0947428819334957,1.0935972599659336,1.0990077980467228,1.103301052006459,1.1030356413045257,1.1047222605385207,1.1053758697326448,1.101697473530309,1.100202604211851,1.10439944599307,0.1182706916955362,0.1185049492040007,0.1120906212465852,0.1178595921336635,0.1189776440143019,0.1190687118420632,0.1153611045506385,0.1166452381283161,0.1182706916955362,0.1185049492040007,0.1120906212465852,0.1178595921336635,0.1189776440143019,0.1190687118420632,0.1153611045506385,0.1166452381283161,23726.54911941836,24888.3299987971,23471.69125504209,24395.00914762318,24952.128988670323,24795.3127548544,23822.30857077229,24715.69038849031,27785.20041541969,28485.16801957533,26693.196231337577,27948.491829342085,28610.452290822795,28559.53555194348,27273.624730249827,28292.75885664684,1.5176831125008383,1.1920004166548717,1.0964679742685106,1.1049710618740978,0.1187500670957849,0.1187500670957849,24549.251788310296,28507.996446700075
fives,test_153_N,8,1.417508196681522,1.420885888607581,1.419615161822088,0.004241961005674206,0.002985433974456021,1.0790151998629878,1.0762196436124627,1.0771662501073265,0.004854525848320141,0.004510720350750458,1.0751753603377945,1.0703865246407396,1.0750905324175668,0.013356933854068626,0.01247860800429237,1.0920702528051889,1.0912375900443005,1.0905057928031625,0.0019336453671545762,0.0017719746687575864,0.0734553892718169,0.07186646225844703,0.07333358997434006,0.0026187848810399197,0.03643959642290745,0.0734553892718169,0.07186646225844703,0.07333358997434006,0.0026187848810399197,0.03643959642290745,118.19595949289324,174.09482310026954,142.40306627407978,81.33755980869971,0.46720263337097345,14965.499269370568,14737.928309877676,14902.558143873615,386.1253558431763,0.026199432357422094,1.417508196681522,1.4169299400202535,1.4198672217446502,1.4296132284755083,1.4230326706444414,1.419363101899526,1.4177151786984112,1.4230575706963342,1.0790151998629878,1.0694370983316797,1.081950200276255,1.068381627195489,1.0800645045916004,1.076873824433817,1.0774586757808362,1.0765760184270363,1.0751753603377945,1.0763271642480643,1.0638319770206288,1.039625970487378,1.0750057044973391,1.0794860032481606,1.074123800660408,1.0795162166261434,1.0920702528051889,1.0937951083881643,1.0905969843902632,1.094313602097827,1.0895320147941212,1.0894391475960712,1.0904146012160618,1.0897390090667052,0.0734553892718169,0.0671742058117828,0.0738676490357337,0.0716072584808282,0.0737113346745456,0.0732973026188742,0.068448680844189,0.0733698773298059,0.0734553892718169,0.0671742058117828,0.0738676490357337,0.0716072584808282,0.0737113346745456,0.0732973026188742,0.068448680844189,0.0733698773298059,118.19595949289324,358.2914139223986,159.19595949289325,214.5218613006977,125.61017305526632,122.78174593052012,168.9655121145939,125.19595949289324,14965.499269370568,13963.774305902043,15012.327696495317,14451.82307913732,15095.410957616,15002.369327055656,14572.60482506784,14839.61701837666,1.41859375269452,1.0794771954053393,1.0873868916595764,1.0894243320788837,0.0738156281702762,0.0738156281702762,8196.356415871836,15012.67084224582
fives,test_154_N,8,1.419968147082126,1.4142379674069057,1.415968087371016,0.008194105465666235,0.0057940075535453505,1.0725862323980413,1.0600921246763895,1.0642804544673672,0.011934845937884473,0.011258310160098378,1.0448494609644845,1.0554785746545157,1.046310512619381,0.02610537827408077,0.02473321477191113,1.0897818160414756,1.091797704079664,1.0917082331363335,0.001901752508786999,0.0017418542846177627,0.0656209523833499,0.061450609164339004,0.06369807879423345,0.00468889434346613,0.07630346398888407,0.0656209523833499,0.061450609164339004,0.06369807879423345,0.00468889434346613,0.07630346398888407,64.07106781186548,114.11054287937039,58.48528137423857,175.16706722133983,1.5350647083198448,13833.193570098296,12915.64690748867,13307.272213860988,980.3341867663611,0.07590283272593569,1.419968147082126,1.4195120753050985,1.3983132397344409,1.4157083128189285,1.4066357780017416,1.423807867089079,1.4137304573007274,1.4162278619231037,1.0725862323980413,1.0696764162363357,1.0540957621068046,1.0645900361368883,1.0368747636715905,1.0511626095418811,1.063970872797846,1.067780304521729,1.0448494609644845,1.0998141628131393,1.0717922217863098,1.041673843874082,,1.0477715642742775,,1.026970194214801,1.0897818160414756,1.0946525492627397,1.0908306524127829,1.0940940027012116,1.0919717167061385,1.0892601735943166,1.0923459723521187,1.0914447495665287,0.0656209523833499,0.0649509911901204,0.0598795517396333,0.064160820895992,0.0538146564474245,0.0550431808712705,0.0632353366924749,0.0648993830944466,0.0656209523833499,0.0649509911901204,0.0598795517396333,0.064160820895992,0.0538146564474245,0.0550431808712705,0.0632353366924749,0.0648993830944466,64.07106781186548,534.0020920410545,132.94112549695427,85.72792206135786,0.0,52.89949493661166,0.0,43.24264068711928,13833.193570098296,13594.122502286436,12655.017813140934,13449.524522539989,11193.32019488288,11726.25626974595,13165.019905181987,13708.72048203288,1.4153941048968848,1.0656633819894674,1.0854065620061544,1.093030027907489,0.0645490191142132,0.0645490191142132,7648.53809001486,13519.365142973553
drive,01_test,8,1.662045437136227,1.6855554205755987,1.6890731285608607,0.009857621087205832,0.005848292477882194,1.3304780778498926,1.3631086347825654,1.3682927608187603,0.013726365689179617,0.010069898567819697,1.1187522603133455,1.1274879499910004,1.1292127189650276,0.004948089726787014,0.004388596549370226,1.1237247369739136,1.113641571611641,1.1119256242812599,0.004664462129023464,0.004188477018034755,0.1437179390044434,0.14977638082334638,0.1503162088805893,0.002773963999673072,0.018520703894860577,0.1437179390044434,0.14977638082334638,0.1503162088805893,0.002773963999673072,0.018520703894860577,7636.5044686812125,8675.771215896242,8855.988883503675,431.9639196443422,0.04978968542334004,8755.491408820617,9997.786483814858,10197.94133575767,518.9345249534261,0.05190494173820525,1.662045437136227,1.6908727842253788,1.6879879587044937,1.6900968248459425,1.6920632707160703,1.689364004293429,1.683230831854957,1.688782252828292,1.3304780778498926,1.37254289197878,1.3675698292344487,1.369015692403072,1.3653005691178168,1.3708075735878624,1.35999759143516,1.369156852653491,1.1187522603133455,1.129580057953427,1.1293035751735698,1.1211480123482604,1.1291218627564854,1.1323448393206317,1.127589532735403,1.132063459326882,1.1237247369739136,1.1124571748644494,1.110914815800455,1.1109793156449412,1.109813752623234,1.1121506803042154,1.1173915284236149,1.1117005682583043,0.1437179390044434,0.1484688715866599,0.150674980055888,0.1509201032191356,0.1499574377052906,0.1524621507552021,0.1497657959594789,0.1522437683006725,0.1437179390044434,0.1484688715866599,0.150674980055888,0.1509201032191356,0.1499574377052906,0.1524621507552021,0.1497657959594789,0.1522437683006725,7636.5044686812125,8861.403097066048,8850.574669941301,8874.319835945364,8830.876185131467,8898.846747879943,8580.869042456532,8872.775680068076,8755.491408820617,10174.69869507055,10221.18397644479,10232.384986571567,10131.171783135973,10309.982966318012,9882.265145524423,10275.112908632926,1.6918284701354591,1.3721584128315407,1.13377217540856,1.1123483721017522,0.1500421166162307,0.1500421166162307,8767.207137573154,10194.627627258687
drive,02_test,8,1.6738304524767815,1.6622106195665667,1.6631971320599197,0.013726881274286734,0.008258208143241267,1.3463243148058897,1.3215521782285826,1.3158488912072315,0.022246816905257098,0.01683385436591454,1.107766088555035,1.110007891275203,1.110732552748684,0.004070552846548257,0.0036671386559891128,1.093419539604526,1.0921306324815037,1.0926539219347875,0.0018308878597454803,0.0016764366874184242,0.1442242332964587,0.1405773101067587,0.1394549663019188,0.004469542837999909,0.031794198043806655,0.1442242332964587,0.1405773101067587,0.1394549663019188,0.004469542837999909,0.031794198043806655,8219.411106292762,7594.135781973568,7397.979036043047,651.6432232558956,0.0858087400547566,9696.233616231846,8896.91892516412,8715.986791462621,730.7681221274436,0.08213721269961592,1.6738304524767815,1.6769636217331276,1.6413122611539706,1.6521307813677684,1.6500858546557051,1.6769677210253413,1.6687309550141751,1.657663309105664,1.3463243148058897,1.3442261694117794,1.2901943137203005,1.3055396551192255,1.3052210459275064,1.349214144429497,1.3157605021448122,1.3159372802696507,1.107766088555035,1.1114403699910853,1.1107002322538706,1.1107648732434974,1.1022533696445147,1.1092916657458214,1.111046646070776,1.1167998846970228,1.093419539604526,1.0934346118633902,1.0898215621675968,1.0893147560761902,1.0944516357000942,1.0929776707046417,1.0912951105706563,1.092330173164933,0.1442242332964587,0.1438421588097047,0.1388307632160009,0.1345746311426248,0.1381376978679355,0.1480982908830807,0.1400791693878367,0.1368315362504276,0.1442242332964587,0.1438421588097047,0.1388307632160009,0.1345746311426248,0.1381376978679355,0.1480982908830807,0.1400791693878367,0.1368315362504276,8219.411106292762,8287.737008100567,6971.152088214716,7024.4119728445385,6931.240399969284,8523.175608280579,7333.845522390668,7462.112549695426,9696.233616231846,9646.27524679219,7959.9846994215695,8329.055767233434,8274.457787486986,9837.370701221696,8719.21723884092,8712.756344084322,1.6727417621197354,1.350075758363064,1.1058322618243697,1.0921456781813612,0.1432423907200327,0.1432423907200327,8278.553241916492,9637.091480608116
drive,03_test,8,1.6608308708046258,1.6526478605709922,1.6682661755321317,0.03606096142079427,0.021820112003978365,1.315177431045555,1.3128478887299466,1.333233557939355,0.05004526393652866,0.03811962099047332,1.1226997862974235,1.1223633268414106,1.1239136373914347,0.004115240541641547,0.003666585002579141,1.11280451352711,1.1128056250238665,1.1123156791500262,0.005168094315449796,0.0046442021852099785,0.1371922720808764,0.13674538269679742,0.1408028281951206,0.011311871896074513,0.08272214880670656,0.1371922720808764,0.13674538269679742,0.1408028281951206,0.011311871896074513,0.08272214880670656,7205.673949515414,7020.541175511242,7582.876005662717,1312.5112934789713,0.18695300841724544,8281.038523290732,8360.743104754976,8955.236574824678,1423.3011314370287,0.17023619953441216,1.6608308708046258,1.6364776005495871,1.666380656013751,1.6709218335219365,1.6772900448001975,1.670305722660998,1.6701516950505124,1.5688244611663285,1.315177431045555,1.2717528350167722,1.328918404712525,1.348017476053866,1.3477049707806683,1.3472689192526406,1.337548711166185,1.2063943618113604,1.1226997862974235,1.1168158674782236,1.125175299879443,1.1225197318766953,1.1259796116670635,1.125127488485446,1.1253167827827182,1.1152720462642718,1.11280451352711,1.1105726864026757,1.123129089494442,1.1118268447729422,1.1141259961007224,1.1141010176233108,1.111386523822369,1.1044983284473595,0.1371922720808764,0.1266574224616461,0.1421495877763847,0.144439965090574,0.146694901363151,0.1440013822006228,0.1394560686138565,0.1133714619872678,0.1371922720808764,0.1266574224616461,0.1421495877763847,0.144439965090574,0.146694901363151,0.1440013822006228,0.1394560686138565,0.1133714619872678,7205.673949515414,5907.047399069223,7558.66889888153,7862.575536493079,7972.286214611733,7836.019187306974,7607.083112443904,4214.9751057680805,8281.038523290732,7176.10540702049,8856.940110268395,9422.125968493525,9381.439676992508,9340.155405745045,9053.53303938096,5374.606706848156,1.675356617752549,1.3460083748806626,1.1252618324569317,1.1119699536551326,0.1437267141281282,0.1437267141281282,7916.060817867316,9337.3269786203
drive,04_test,8,1.6435396924329138,1.641340128217914,1.6433161041625888,0.005244607362700011,0.003195320258449019,1.2957984122480954,1.2924850564814894,1.2944481272284225,0.006163967355012838,0.004769082105902952,1.097626579019885,1.0977660345735512,1.0977334783675627,0.0024662894967408333,0.002246644019824235,1.0892080971950666,1.0884065175266986,1.0887716659722018,0.0016524014938778366,0.0015181841226316465,0.1186104043906018,0.11760140523866644,0.11779309859959486,0.0019367426974954884,0.01646870369928796,0.1186104043906018,0.11760140523866644,0.11779309859959486,0.0019367426974954884,0.01646870369928796,6761.068827094031,6688.401565204453,6714.5332931880985,176.15830934370092,0.02633787873325995,7852.469980795807,7753.2669234951645,7852.262874014621,224.4750626648308,0.028952319696951397,1.6435396924329138,1.6477803196348209,1.6438098982618343,1.6441131396012318,1.6384180754266844,1.643092515892264,1.6305104367928709,1.6394569477006915,1.2957984122480954,1.299970587847314,1.2956321323121076,1.2960500923923577,1.289894068961859,1.2932641221447374,1.2798508700209086,1.2894201659245357,1.097626579019885,1.0982922053546322,1.095445383370362,1.0978403777152408,1.0943082238551232,1.1019145514555444,1.1002267827096532,1.096474173107968,1.0892080971950666,1.086190156004476,1.0892247744650447,1.0883352347493371,1.0893266799497032,1.091152586623517,1.0868881513300654,1.0869264598963784,0.1186104043906018,0.1205130571191289,0.1167472987164783,0.1184873691102352,0.1175602103903294,0.1180259868088603,0.1137505108161193,0.1171164045575783,0.1186104043906018,0.1205130571191289,0.1167472987164783,0.1184873691102352,0.1175602103903294,0.1180259868088603,0.1137505108161193,0.1171164045575783,6761.068827094031,6910.122650963192,6705.826186406912,6805.595739028612,6638.098264345554,6723.240399969285,6309.162189482483,6654.098264345553,7852.469980795807,8017.695377540223,7857.197902857165,7892.612116419538,7580.918682243586,7852.055767233434,7311.882102317128,7661.303458554437,1.643085301630485,1.2955002573339076,1.1018484853225714,1.0884682151217315,0.1183775161813364,0.1183775161813364,6804.2109627177615,7881.197902857164
drive,05_test,8,1.6471508409325863,1.6394794054321258,1.645197167687452,0.01195826577925315,0.0072939408324566605,1.2854209471250535,1.2949616510958286,1.2982974273848256,0.016561571748558997,0.012789237221460716,1.1297261347297427,1.1221027357439328,1.122575291833464,0.0043285946594477775,0.0038575742858143925,1.114915050573214,1.1171957685154537,1.1170342000424223,0.00183762763445972,0.0016448573170856054,0.1231658417254812,0.12184937613365363,0.12250705994475014,0.0025998423912635326,0.021336526076357,0.1231658417254812,0.12184937613365363,0.12250705994475014,0.0025998423912635326,0.021336526076357,6027.839246267509,6729.446090905841,6871.9683220306415,442.49043518245657,0.06575436212802674,7628.488091290288,7885.117428558553,7947.28116397785,488.94013901859233,0.062007971783366776,1.6471508409325863,1.6480174389314108,1.6432434944423175,1.628352965655235,1.6476771631913918,1.6493048522464904,1.6158821547991136,1.6362063332584602,1.2854209471250535,1.3040893900194035,1.30291782499627,1.2814389732732925,1.3155532753897503,1.3104904348544415,1.266105333335038,1.2936770297733813,1.1297261347297427,1.12387105895915,1.1238606601140857,1.1205720792332192,1.1177121455581072,1.124065917951712,1.1212899235528422,1.1157239658526048,1.114915050573214,1.1203504775766042,1.1185913469770228,1.116100082917362,1.1182860279393625,1.117438994473362,1.1152547620552191,1.1166294056114825,0.1231658417254812,0.1187344362804302,0.123034085369335,0.1190374758995665,0.123648948364684,0.1259283333260135,0.1192658535835533,0.1219800345201653,0.1231658417254812,0.1187344362804302,0.123034085369335,0.1190374758995665,0.123648948364684,0.1259283333260135,0.1192658535835533,0.1219800345201653,6027.839246267509,7000.880010276074,6941.294223838446,6650.475897981469,7109.176474832355,7195.632318955071,6107.628134872964,6802.642420222836,7628.488091290288,8160.962404844981,8059.477123470743,7568.266878627977,8389.596964517888,8457.383761082292,6981.679000149297,7835.085204484956,1.6498606769958404,1.3079407691298932,1.1225304291798452,1.117962680388056,0.1231570579684048,0.1231570579684048,7066.507427274043,8403.342130521949
drive,06_test,8,1.6164986542174864,1.6366445278253903,1.6344089833696032,0.016313964147327942,0.009967933702136472,1.2454810885850969,1.2843078774252654,1.2778501379983607,0.029069344154379503,0.022634248894164447,1.1117574146932818,1.115297975799872,1.1149038922606729,0.0030096419634044807,0.0026985093030820026,1.0941002991835178,1.0999183760440026,1.0932993474268284,0.01917314963648265,0.017431429507925252,0.1138202805287056,0.11932689814021155,0.1174356810359606,0.005230048529011349,0.04382958587313595,0.1138202805287056,0.11932689814021155,0.1174356810359606,0.005230048529011349,0.04382958587313595,5720.875826193967,6357.816256909902,6069.498192558054,703.5007653496231,0.11065132066140371,6542.470847347584,7654.987856067745,7440.961792100345,900.6488329105586,0.11765516155543695,1.6164986542174864,1.6162509853010865,1.6366269710602872,1.629123588814608,1.651373025199689,1.6596329547438091,1.651459047587236,1.632190995678919,1.2454810885850969,1.2521916088076672,1.2809405583485804,1.2747597176481409,1.314418925292825,1.3209341344444785,1.3138325190253524,1.2719044672499813,1.1117574146932818,1.1131670606119004,1.113342525369166,1.1170936502430966,1.119516727451841,1.1164652591521798,1.1186845599851676,1.1123566088923422,1.0941002991835178,1.0917547920212092,1.0935742137937732,1.092197071988407,1.0930244810598837,1.1473124771682162,1.0927861825648386,1.0945974905721751,0.1138202805287056,0.1132664319403601,0.1170158989709845,0.1178554631009367,0.1243565905784201,0.1274379228040562,0.1238510938509619,0.1170115033472674,0.1138202805287056,0.1132664319403601,0.1170158989709845,0.1178554631009367,0.1243565905784201,0.1274379228040562,0.1238510938509619,0.1170115033472674,5720.875826193967,5839.56926036992,6297.990616607229,5841.00576850888,7154.053675192381,7239.840471756785,7128.254685319158,5640.939751330897,6542.470847347584,6685.963271396759,7616.800933237495,7265.122650963194,8607.44472762639,8802.569619307418,8580.888378440286,7138.642420222839,1.6539671869461174,1.3127268727175934,1.1155564642748894,1.092990577251572,0.1225411979832878,0.1225411979832878,7066.230298701519,8557.491408820617
drive,07_test,8,1.623126567615333,1.6138985114700888,1.6178699704922082,0.01695808119142666,0.01050752638465455,1.2811764932852534,1.274513090897429,1.2798633037503828,0.020671375321960197,0.016219037269679798,1.1025749930409852,1.106207614948476,1.1073795810512979,0.0033869364156787233,0.003061754746496187,1.0979116489756977,1.095020042950737,1.0957404571558165,0.002168272570557707,0.0019801213544136504,0.1111672339958273,0.1098841550455693,0.1115691226529043,0.0040814561849329715,0.03714326404239428,0.1111672339958273,0.1098841550455693,0.1115691226529043,0.0040814561849329715,0.03714326404239428,6383.512477907927,6118.781354333205,6050.2860351429845,466.09665531482426,0.07617475250766126,7702.90858097582,7343.474508419427,7407.7521600022155,601.564315510445,0.0819182138946272,1.623126567615333,1.6126133733690833,1.5905235245819933,1.6284833909486096,1.6123210490731184,1.5872644405253948,1.6243626854414936,1.6324930602056835,1.2811764932852534,1.2779705416211835,1.2452987352891374,1.2940758356317963,1.2785501142155125,1.2397647422689355,1.2866702862921655,1.2925979785754476,1.1025749930409852,1.110585200059622,1.102685248141548,1.1076364381893915,1.1071227239132042,1.101693547156967,1.1088197073987511,1.1085430616873395,1.0979116489756977,1.095436392873048,1.093547525968488,1.0965179197738824,1.0960445214385852,1.091203782101117,1.093299597754298,1.096198954720781,0.1111672339958273,0.1086065663775118,0.103511584495443,0.1121554847919183,0.1119710113099813,0.1041352805534204,0.1135829581640496,0.1139431206764027,0.1111672339958273,0.1086065663775118,0.103511584495443,0.1121554847919183,0.1119710113099813,0.1041352805534204,0.1135829581640496,0.1139431206764027,6383.512477907927,6041.037297801455,5554.858582251264,6713.833329081848,5740.929650063131,5679.527629809577,6059.534772484513,6777.017095265922,7702.90858097582,7312.497326006276,6456.2109627177615,7965.731957466682,7218.762261269983,6525.33585439879,7503.006993998155,8063.342130521949,1.6293039112498904,1.2905747781200685,1.1089200281824432,1.1045418386854031,0.112076424728231,0.112076424728231,6763.046532517445,7989.501510088383
drive,08_test,8,1.6329069770494156,1.641294988031671,1.653184794717843,0.02324433127330908,0.014162189882261767,1.2639806295942784,1.2788740797375922,1.29294775195322,0.03044684814579809,0.023807541827765698,1.1158472899171217,1.1220517055663533,1.1229067199707732,0.0031295152181637464,0.002789100718477256,1.1174336368105968,1.1186692872784159,1.1191181354395945,0.004903136881673878,0.004383008398847352,0.117239664725103,0.12244892296490974,0.12410765023440828,0.0054548604131302225,0.04454804730861884,0.117239664725103,0.12244892296490974,0.12410765023440828,0.0054548604131302225,0.04454804730861884,6061.255551870936,6549.001177433474,6901.697290112526,709.1388349091749,0.10828198311411563,7303.946027454057,7739.627466374535,8123.602015151771,845.4710903442067,0.10923924879038781,1.6329069770494156,1.6612874753891422,1.5998294606749548,1.657107110961655,1.614261188552894,1.6578995267198586,1.6492624784740313,1.6578056864314177,1.2639806295942784,1.3063672710310523,1.2275449020628846,1.3015680139258503,1.2431535451316285,1.302482772248604,1.2848169178681177,1.3010785860383225,1.1158472899171217,1.1249694343890069,1.1194285460639724,1.1217741566099937,1.1216958309334033,1.124039283331553,1.1245911492844047,1.1240679540013692,1.1174336368105968,1.1208026340685924,1.1130653205258814,1.121338422709626,1.1160893003239627,1.1231883445056243,1.1256679783306367,1.1117686609524065,0.117239664725103,0.1284095752237533,0.1125781360988776,0.1263141071174882,0.1202408012501775,0.1265937988350618,0.122420620826822,0.1257946796419946,0.117239664725103,0.1284095752237533,0.1125781360988776,0.1263141071174882,0.1202408012501775,0.1265937988350618,0.122420620826822,0.1257946796419946,6061.255551870936,7166.857715699487,5437.425032705137,7075.230298701517,5699.574311003803,7089.573444452026,6728.164281523536,7133.928783511352,7303.946027454057,8519.123876452468,6394.358148975376,8387.111683143648,6668.436359462178,8396.839605205007,7896.577628534133,8350.62640176941,1.6575658349079416,1.299769792716245,1.1234744263578675,1.1247380680490269,0.1246048799545389,0.1246048799545389,7071.715580075756,8272.57257790025
drive,09_test,8,1.6407025694001514,1.6383737690268565,1.6416194660316181,0.01413476913780634,0.008627316553170866,1.3079124827989632,1.3027784759111167,1.3083181110525555,0.02187971351978758,0.0167946538297585,1.116068528302642,1.114924940640267,1.116066656202243,0.0028226736590887254,0.002531716312192057,1.1097758957285706,1.1091718492689564,1.1092212909123682,0.0010471662001839473,0.0009440973469297149,0.1079855925502943,0.11017635948344016,0.1099841869454449,0.002619669092255324,0.023777052577681767,0.1079855925502943,0.11017635948344016,0.1099841869454449,0.002619669092255324,0.023777052577681767,6733.880010276074,6656.571244092,6755.758689932514,484.17132670465946,0.07273584386772437,8042.004035405325,7922.954784026969,8048.953782873631,607.8608078553247,0.07672147884534179,1.6407025694001514,1.6039966793160303,1.6421421978533783,1.641096734209858,1.6448126523296862,1.6482783542421615,1.6410164249714323,1.644944539892153,1.3079124827989632,1.2500762910521237,1.301499267451993,1.3085247511143023,1.3143999098220691,1.3139550278114862,1.3081114709908088,1.3177486062471877,1.116068528302642,1.1117000492092433,1.1179620719898995,1.1174962983303751,1.1169452228085466,1.1120751448418331,1.116064784101844,1.1110874255377523,1.1097758957285706,1.1107303191946158,1.109978076160735,1.1091170307971656,1.1073059468278776,1.109325551027571,1.1085401224109592,1.1086018520041558,0.1079855925502943,0.1069357814284459,0.1113151190371606,0.1088377404902046,0.1111306334006852,0.112637266098568,0.108104190459457,0.1144645524027057,0.1079855925502943,0.1069357814284459,0.1113151190371606,0.1088377404902046,0.1111306334006852,0.112637266098568,0.108104190459457,0.1144645524027057,6733.880010276074,5511.667673392257,6604.637369588953,6777.637369588954,6926.49018333134,6987.12979363813,6704.737874652343,7006.389678267951,8042.004035405325,6459.245450603168,7934.317743904309,8038.518754031085,8223.756344084322,8293.851798513828,8055.903530341937,8336.040615331784,1.646581597948679,1.3143583481495278,1.1151306988574503,1.1075634257590266,0.1113282965826232,0.1113282965826232,6893.218105392698,8196.9573542111
drive,10_test,8,1.6609326438124556,1.6361569196132055,1.6370584977183325,0.02080240266970628,0.012714185552950544,1.326278886195612,1.28940564236493,1.289296742597414,0.02856045224150424,0.02215009094354576,1.1286221581666247,1.11378609036323,1.112675534660439,0.0066737237485745135,0.00599192592394296,1.106803851689445,1.1039378538617988,1.1038857972955718,0.0034536426667549683,0.003128475624486854,0.1295990005806485,0.12095910386571179,0.12108282160012665,0.005748033019914263,0.047520466308147435,0.1295990005806485,0.12095910386571179,0.12108282160012665,0.005748033019914263,0.047520466308147435,7468.781597253739,6341.316103723742,6027.444368688892,793.380880006618,0.125112968196102,8825.43253431757,7694.020819789548,7536.509952590985,825.5759656558356,0.10730097890200631,1.6609326438124556,1.6596484345560172,1.6509870112718747,1.6174657552864593,1.6475483292221118,1.6114948399191458,1.614609676623027,1.626568666214553,1.326278886195612,1.319080293469185,1.307958982092398,1.2649293083636646,1.3071152966923762,1.253421812218872,1.264982371384881,1.271478188502452,1.1286221581666247,1.1149446407478496,1.1079635888766106,1.115181301386894,1.1146549437952311,1.1106961255256464,1.1086169137837565,1.1096090506232268,1.106803851689445,1.103934006774118,1.0986035810538817,1.1089124202120093,1.10046537656723,1.106645315142886,1.1038375878170257,1.1023006916377938,0.1295990005806485,0.1229523340312846,0.1273511868104798,0.1156722326817166,0.1232206640508155,0.1142821952034909,0.1153819083982897,0.1192133091689687,0.1295990005806485,0.1229523340312846,0.1273511868104798,0.1156722326817166,0.1232206640508155,0.1142821952034909,0.1153819083982897,0.1192133091689687,7468.781597253739,7300.745017327279,5392.038164353233,6061.9590873146535,6985.247542644221,5634.667673392254,5992.92965006313,5894.160097441431,8825.43253431757,8667.2660120762,7930.475897981469,6993.323661089969,8258.288306652787,6805.068827094031,6929.767311903865,7142.544007200502,1.6575270991023665,1.320689685950728,1.11587575443541,1.1030654299540743,0.1249934017208312,0.1249934017208312,7499.668898881531,8728.136069761287
drive,11_test,8,1.6706390632581334,1.6665053315048741,1.6686689267670594,0.00773537530001655,0.0046416744991937195,1.354317413573348,1.3471961736183906,1.3516338910047874,0.012924755467813036,0.00959381842148412,1.116491923861564,1.1166859092309998,1.116283229295537,0.003139616166478546,0.0028115481179847852,1.095567706193178,1.0969839568343343,1.0964355564082453,0.0017436473232758593,0.0015894920909396524,0.1352375183263539,0.13348773560887386,0.13412476845145593,0.003284416273320517,0.024604629469062465,0.1352375183263539,0.13348773560887386,0.13412476845145593,0.003284416273320517,0.024604629469062465,7996.972506112748,7784.387197818198,7961.658797613763,429.1790981796126,0.055133318432554666,9780.05699272271,9525.889947471076,9694.465109630673,443.1322522591955,0.046518724728374365,1.6706390632581334,1.6588775078551865,1.6666987902759856,1.6732505063829266,1.6736393278396298,1.6538798911167152,1.6740730710711085,1.660984494239308,1.354317413573348,1.3272156084709263,1.3489503684362265,1.356949653981345,1.3590944296126126,1.3294505254160467,1.3591267473717288,1.342464642084891,1.116491923861564,1.1210235279675609,1.112630294291877,1.1160745347295096,1.1127184177955598,1.1206158892303908,1.1179620719898995,1.1159706139816377,1.095567706193178,1.1007125087024157,1.096654013060462,1.0953619175167792,1.0962170997560288,1.0981620729800805,1.0961734863277015,1.0970228501380284,0.1352375183263539,0.1282010763166443,0.1309445424776352,0.1365543820836296,0.135830107017128,0.130725065184756,0.137397174888286,0.133012018576558,0.1352375183263539,0.1282010763166443,0.1309445424776352,0.1365543820836296,0.135830107017128,0.130725065184756,0.137397174888286,0.133012018576558,7996.972506112748,7073.571352410974,7926.3450891147795,8017.457787486987,8189.268970669031,7181.294223838448,8151.41110629276,7738.776546619854,9780.05699272271,8833.530947339907,9608.873226538635,9876.270196158306,9923.311826718647,8938.71471352398,9922.59609796611,9323.765578800312,1.6714584083251731,1.3549802680786136,1.1207705097412424,1.0957771672092989,0.134188416866391,0.134188416866391,7984.872001049361,9785.169691094918
drive,12_test,8,1.668069201939879,1.6468328050967451,1.6422214392362982,0.015625876867016875,0.009488441582324997,1.335831999331316,1.316340585074372,1.3129532576570748,0.017933764772966737,0.013623954906741327,1.112734828750524,1.1093219289630885,1.1089526948859594,0.002428442950569495,0.0021891237224882253,1.0934155820161806,1.0930719710882268,1.0930429823231773,0.004545389228285537,0.004158362256567878,0.137004898837899,0.1299790206717778,0.12956877045759096,0.004427080692985129,0.034059963447211725,0.137004898837899,0.1299790206717778,0.12956877045759096,0.004427080692985129,0.034059963447211725,7842.9846994215695,6993.4448731145585,6774.840905032674,675.7060505692921,0.09661991519615191,9237.037656738954,8340.399850685497,8124.5877298018995,672.6889136344993,0.08065427625501805,1.668069201939879,1.62875601268947,1.642972335510823,1.6392244930792228,1.6636082150310858,1.6414705429617735,1.6287937637559469,1.6617678758057597,1.335831999331316,1.2912298178956656,1.315170573517248,1.3082131014103813,1.338367327007698,1.3107359417969016,1.2974809669599414,1.333694952675823,1.112734828750524,1.1120247701202308,1.10862569139045,1.1077151403365817,1.1061225653409288,1.1092796983814686,1.1069315178571453,1.111141219527377,1.0934155820161806,1.0889173647227648,1.0868230623169968,1.0907704736163568,1.0952016206071744,1.1016802004481203,1.092670382630174,1.0950970823480457,0.137004898837899,0.1235561608927747,0.1307308714659168,0.1262450297664814,0.1334856439884888,0.1284066694492651,0.1272687331121899,0.1331341578612069,0.137004898837899,0.1235561608927747,0.1307308714659168,0.1262450297664814,0.1334856439884888,0.1284066694492651,0.1272687331121899,0.1331341578612069,7842.9846994215695,6267.576403044855,6278.94184337195,6865.725681343523,7824.085204484958,6683.956128721824,6537.441410096061,7646.847614431721,9237.037656738954,7481.190760182229,8199.450644812052,8011.943068861226,9117.36860918064,8049.724814791747,7677.641553671062,8948.84169724606,1.6638813462389554,1.3395964332683403,1.113232870365029,1.094148671015165,0.1335339733309901,0.1335339733309901,7796.558292550377,9089.155405745045
drive,13_test,8,1.6846817921510393,1.6589647132732102,1.663777275970548,0.020081236677411927,0.012104679814310678,1.3519145195054874,1.3202697625106512,1.3264998330086555,0.02694948054535364,0.02041210161028453,1.1017704756103153,1.101830386418155,1.1025461419077909,0.003195392260992671,0.0029000763641855035,1.079563313904802,1.0822270701959191,1.0825382576529599,0.0013891432574937232,0.0012835968492658774,0.1392307692307692,0.13287692307692306,0.13220659340659335,0.006292317836339409,0.0473544818064214,0.1392307692307692,0.13287692307692306,0.13220659340659335,0.006292317836339409,0.0473544818064214,8223.03852329073,7275.664543028667,7470.798841196442,694.9031676917173,0.09551061124135438,9824.985924910843,8757.776897859361,8962.399525728579,809.640516780614,0.09244817791356527,1.6846817921510393,1.6518976468912794,1.6603193982954696,1.632728849170424,1.6713394326309945,1.675166152072499,1.628349281328349,1.6672351536456265,1.3519145195054874,1.3065462283066764,1.3229382534965135,1.2831074739242183,1.3300614125207977,1.3452628866647507,1.2827061140049107,1.339621211661856,1.1017704756103153,1.096932296586526,1.100734234334597,1.0976506401583783,1.1033218082052665,1.1043152607484654,1.105603114953225,1.1043152607484654,1.079563313904802,1.0822739114066025,1.0824743621476631,1.0807849078950964,1.0833152523246747,1.0826021531582566,1.0837068253537312,1.0830958353765263,0.1392307692307692,0.1313890109890109,0.1313230769230769,0.1252263736263736,0.1389934065934066,0.1330241758241758,0.1237186813186813,0.1401098901098901,0.1392307692307692,0.1313890109890109,0.1313230769230769,0.1252263736263736,0.1389934065934066,0.1330241758241758,0.1237186813186813,0.1401098901098901,8223.03852329073,6536.142853498727,7368.514569948979,6513.824094365858,7573.083112443903,7950.48722473851,6440.3093757400975,7599.916590202533,9824.985924910843,8296.722722750692,8774.638595078231,7706.337946439842,9150.160456378928,9405.836646612175,7624.095305752724,9279.437584951454,1.6842188415513024,1.3551151482160078,1.1034847328942012,1.0798496543995804,0.1382901098901099,0.1382901098901099,8173.896387666999,9765.044799413889
drive,14_test,8,1.659610451562402,1.648761167994376,1.6577533375678215,0.016014303274626593,0.009712930887441434,1.3187579858428162,1.303512099981949,1.3181282060842032,0.025849910259822376,0.01983097069845408,1.1255858214746264,1.1204396970962334,1.123347641174878,0.006213137750981634,0.005545267422319824,1.1088123227696969,1.108447931194151,1.109462628493574,0.005095764758825824,0.004597207153732575,0.1256032658265959,0.1241532140232185,0.12524684087950622,0.002944964426102944,0.023720404254312676,0.1256032658265959,0.1241532140232185,0.12524684087950622,0.002944964426102944,0.023720404254312676,7493.634410996125,6981.3651833313415,7435.122217687304,810.0435424208396,0.11602938983264961,8790.763486759259,8300.356695961551,8758.863991822647,767.2902460828165,0.09244063528693089,1.659610451562402,1.6565023088951056,1.628337393952632,1.6243400944748103,1.6628686146697895,1.6590043662405374,1.6619257231194626,1.6375003910402697,1.3187579858428162,1.3174984263255902,1.2635988669424092,1.2677950588749254,1.3262039785449056,1.321474275300725,1.3226112349431516,1.2901569730810694,1.1255858214746264,1.123331070694674,1.11083130053946,1.1111474846737002,1.123364211655082,1.1239456283835498,1.126264618851413,1.1190474404973612,1.1088123227696969,1.1104737027888605,1.0968078674920572,1.1110269316665782,1.107412558148677,1.1093387273098585,1.1095865296772895,1.1141248097001908,0.1256032658265959,0.1238056443543173,0.1198827561167834,0.1255058577665217,0.1276134139754,0.1249878239924907,0.1262806946080211,0.1195462555456179,0.1256032658265959,0.1238056443543173,0.1198827561167834,0.1255058577665217,0.1276134139754,0.1249878239924907,0.1262806946080211,0.1195462555456179,7493.634410996125,7395.69328549917,5305.322435600695,6265.860674292318,7538.70547880799,7474.551149875439,7503.462838120871,6873.691193458118,8790.763486759259,8726.964496886034,7097.895162177724,7246.350139748663,8959.959446252153,8802.106632509767,8857.976690194853,7920.837513163954,1.6589097480059791,1.3206376351930782,1.1195167274518407,1.1092011997028006,0.1249435476015479,0.1249435476015479,7339.254685319157,8794.449778260274
drive,15_test,8,1.6237815630193666,1.6360302463346694,1.6342428584110094,0.014145175298320704,0.008646035322397787,1.2597392007507846,1.2864417893288171,1.284450691705775,0.020755529931014826,0.016134060711634476,1.1070260367144906,1.106875813224479,1.107161157608008,0.0033266689528239166,0.003005458167102667,1.1019875456765882,1.0997002858606977,1.1010684451502466,0.004646627027504589,0.004225357660853779,0.114519292505519,0.11606286885317992,0.1171424927658601,0.003013133998221954,0.02596122280962728,0.114519292505519,0.11606286885317992,0.1171424927658601,0.003013133998221954,0.02596122280962728,6136.191626734008,6628.949292419207,6364.917023478424,555.7689182426782,0.08383966956546934,6963.271929261866,7660.178350235467,7614.000897343747,591.3410974205273,0.07719677928939474,1.6237815630193666,1.653787663012508,1.6272258355772509,1.6502980404351606,1.6160953566622778,1.6485677951487725,1.641068498840211,1.6274172179818076,1.2597392007507846,1.3105474514704958,1.268694956347257,1.3094543587968757,1.2676842006137603,1.3065127632398137,1.2920099401121516,1.276891443299398,1.1070260367144906,1.1101499477343422,1.1038931559469167,1.109210348568462,1.1004080600007082,1.1100955972944535,1.1069270810349312,1.1072962785015257,1.1019875456765882,1.10308776496541,1.1001493446239052,1.1033278588252036,1.0969481541596513,1.1030587594790848,1.0895931535683714,1.0994497055873658,0.114519292505519,0.1184771805764444,0.118244104945601,0.1173557789563489,0.1107329129176671,0.1169292065753713,0.1192643605372173,0.1129801138112703,0.114519292505519,0.1184771805764444,0.118244104945601,0.1173557789563489,0.1107329129176671,0.1169292065753713,0.1192643605372173,0.1129801138112703,6136.191626734008,7323.734916059516,6273.091121670619,7241.166373564592,6075.765219862815,7293.421207560531,6231.480948615352,6456.742925286229,6963.271929261866,8335.86399182265,7211.627268321191,8258.638595078231,7014.100356386609,8269.922866325694,7890.350139748663,7337.651654938831,1.6521793338615811,1.307973189565114,1.109876192435256,1.1040384909470782,0.1169863760697292,0.1169863760697292,7294.492275372398,8260.751293450441
drive,16_test,8,1.6740778507858862,1.6569478720569508,1.6659588303136625,0.020393935275129987,0.012308133296802368,1.3459582283607885,1.3214387862350907,1.3324973309817723,0.02689152630211634,0.020350186919163276,1.1073386303314905,1.102320231188346,1.1039174655123816,0.00469144746871316,0.004255975111384456,1.0855049145251283,1.0864167336296164,1.085951446609735,0.0012365376677122735,0.001138179880183838,0.1308554463446555,0.12698621834567442,0.1278140838142419,0.005510642656734342,0.04339559621921801,0.1308554463446555,0.12698621834567442,0.1278140838142419,0.005510642656734342,0.04339559621921801,8201.364425098534,7512.02449944599,7806.794836583085,762.1864949073672,0.10146219503990946,9553.843789287112,8821.532408051724,9216.543753393362,904.165824711388,0.10249532426884517,1.6740778507858862,1.626887242863682,1.6718304364103211,1.634401753981358,1.669290718425259,1.6626269422020663,1.6781913000920514,1.6382767316949838,1.3459582283607885,1.2850417068398146,1.3385999241710491,1.2907501573102915,1.3450385582182205,1.3263947377924952,1.345489241831631,1.2942377353564354,1.1073386303314905,1.10387076829572,1.103964162729043,1.0977579335680483,1.10552617030358,1.0993400663184711,1.1065582122496354,1.0942059057107807,1.0855049145251283,1.0859749197416904,1.08592797347778,1.0848144468302232,1.0875278697268431,1.0879848969586068,1.0855986550845806,1.0880001926920788,0.1308554463446555,0.1203896457526329,0.1301966674572013,0.1212855850395706,0.1329196201920121,0.1254315001712825,0.1334598188797245,0.121351462928316,0.1308554463446555,0.1203896457526329,0.1301966674572013,0.1212855850395706,0.1329196201920121,0.1254315001712825,0.1334598188797245,0.121351462928316,8201.364425098534,6465.836287674679,8018.411106292761,6682.897254218777,8216.2050455321,7595.178566873408,8180.761394718206,6735.54191515945,9553.843789287112,7612.55114987544,9442.003168853547,7741.599923110719,9651.726040281024,8991.084337933178,9642.21132165526,7937.239533417507,1.6735548874795223,1.342639306756727,1.1038312364633265,1.0881372558821214,0.1309169323741512,0.1309169323741512,8094.322794538193,9552.985924910843
drive,17_test,8,1.629080523159946,1.6086963161327945,1.607354387709627,0.025414423630326956,0.01579814870927388,1.2964488592301062,1.2673421973755663,1.2628287124430697,0.03175990228881776,0.025060242099242576,1.1246653149782229,1.1196391665758116,1.118223183198085,0.005098171410221445,0.0045534057421492,1.111536885128689,1.1165981373573963,1.1124832164688474,0.007875821153564057,0.007053407031650094,0.1170246675284659,0.11459200297497826,0.11525163358183844,0.006522889793338705,0.05692273129009719,0.1170246675284659,0.11459200297497826,0.11525163358183844,0.006522889793338705,0.05692273129009719,6645.311467781151,5943.773688648005,5833.103748255326,741.4829422066156,0.12474952463664145,7878.151221662939,6988.073182946895,6840.217059372171,973.5559010971455,0.1393167867035121,1.629080523159946,1.5819645168923666,1.6207480710445383,1.6404041315096358,1.5871974820652717,1.580174740009626,1.593960704374716,1.6360403600062552,1.2964488592301062,1.2357419304615194,1.2772249479023852,1.306618359803546,1.2397911517518854,1.232181968220564,1.2484324769837545,1.3022978846507711,1.1246653149782229,1.126617462642511,1.119101027992715,1.1251269753360502,1.1154037373452843,1.114293120044702,1.1173453384034548,1.1145603558635522,1.111536885128689,1.12590750736725,1.1113991444190188,1.111728487398493,1.1313405183943557,1.11749708165885,1.113237945539202,1.110137528953313,0.1170246675284659,0.1079359317171645,0.1210665651396291,0.122412388659666,0.1091577978077243,0.1054966265870978,0.113478599635211,0.1201634467248676,0.1170246675284659,0.1079359317171645,0.1210665651396291,0.122412388659666,0.1091577978077243,0.1054966265870978,0.113478599635211,0.1201634467248676,6645.311467781151,5243.577269596633,6202.895162177723,6814.306417147267,5463.312334332929,5025.476764533247,5395.3001410241095,6760.009952590986,7878.151221662939,6135.397687494667,7365.757210636098,8153.631452403295,6173.83628767468,5825.0007178749975,6314.676908108245,8058.133977720237,1.6383097540724527,1.298669153654008,1.115450789977575,1.1121074762109904,0.1211905225691062,0.1211905225691062,6717.139894905897,8120.07510321719
drive,18_test,8,1.652904959225196,1.6345239523599917,1.641163282078311,0.01680592712342553,0.010281848179196426,1.316211652488233,1.2877126965132917,1.2930165444489443,0.023755319901663532,0.01844768632474094,1.1083592669854665,1.1146365473919326,1.1151520076425305,0.003459924205630948,0.003104082863357213,1.0931335522713352,1.122093162274331,1.094295492551423,0.07530489201268974,0.067111087157912,0.1318779326221816,0.12818085162469461,0.1305555067395392,0.0054085158589934155,0.042194413521523526,0.1318779326221816,0.12818085162469461,0.1305555067395392,0.0054085158589934155,0.042194413521523526,7206.249634685275,6615.123020787298,6579.619079625725,417.5749640909948,0.06312429304471154,8619.58686325012,7825.8458736301745,7938.010565335622,622.4246868540718,0.0795344933831859,1.652904959225196,1.616172418733988,1.638817099455599,1.6435094647010229,1.617260763937476,1.611436009758472,1.6462383940346976,1.6498525090334824,1.316211652488233,1.2604792884257143,1.284727505559658,1.3013055833382303,1.2671460883342085,1.25651007181207,1.3053973433117083,1.3099240388365108,1.1083592669854665,1.11252085910257,1.1126858437907503,1.1184862901579364,1.113478691679644,1.116825323605417,1.1170232523819958,1.1177128514316814,1.0931335522713352,1.0921891086473785,1.0923150828045354,1.094619845427289,1.1011373212688704,1.1011352607569205,1.0939711396755571,1.3082439873427625,0.1318779326221816,0.1235128200622111,0.1316978015218881,0.1335386534980581,0.1224803613166265,0.1198179357854594,0.1331080962339419,0.1294132119571903,0.1318779326221816,0.1235128200622111,0.1316978015218881,0.1335386534980581,0.1224803613166265,0.1198179357854594,0.1331080962339419,0.1294132119571903,7206.249634685275,6301.877918235021,6114.581453678739,6680.198769408943,6502.2525932781045,6240.730731977406,6656.985565973346,7218.107499061543,8619.58686325012,7174.112549695426,7763.994800689335,8112.026329981911,7299.948119495109,6976.668898881531,8150.026329981912,8510.403097066048,1.654232902303028,1.3110776290697996,1.11022694675996,1.0934672152710687,0.1325193750768852,0.1325193750768852,7220.006993998155,8646.385853123344
drive,19_test,8,1.6765252255158936,1.6811487742738493,1.6856250946245976,0.012629292566933006,0.007512299185054617,1.3324168895502688,1.3459758686260652,1.355871684232551,0.02210952369590848,0.01642638936645816,1.1092188108934855,1.111714543896885,1.1117867273022934,0.0015399832835566024,0.0013852326498837643,1.091810550410358,1.0947971443901194,1.0933160000832558,0.004644698204596948,0.004242519473490569,0.1420347599697433,0.14220297465125684,0.14329691980227624,0.004666067287338748,0.03281272630746271,0.1420347599697433,0.14220297465125684,0.14329691980227624,0.004666067287338748,0.03281272630746271,7310.467888754753,8037.697947724352,8331.230478170268,618.0510749524616,0.07689404092715942,8907.905622382988,9536.786069123566,9862.958579700373,726.7263861612183,0.07620244188071681,1.6765252255158936,1.6878415693534252,1.6850109212831748,1.6902781608806616,1.6514841692054156,1.6867999587030291,1.6854503667334972,1.685799822515698,1.3324168895502688,1.35867387059023,1.355889808627751,1.3545295903037615,1.2955380243190349,1.3578424472979271,1.3558535598373511,1.357062758482197,1.1092188108934855,1.114268664729845,1.1115905664523478,1.1119828881522391,1.112061671280454,1.1129782793777503,1.1103610165066429,1.1112544537823137,1.091810550410358,1.0936031358588916,1.1060742100009169,1.0922669342777358,1.0945429840119842,1.0941023320849188,1.0929481441685307,1.09302886430762,0.1420347599697433,0.1457068974616074,0.1431254067936742,0.1424041726036554,0.1311063028831776,0.1450340387355533,0.1434684328108783,0.1447437859517652,0.1420347599697433,0.1457068974616074,0.1431254067936742,0.1424041726036554,0.1311063028831776,0.1450340387355533,0.1434684328108783,0.1447437859517652,7310.467888754753,8433.89342907417,8310.266012076201,8306.324886579245,6814.448552770998,8421.337079888066,8352.65078838705,8352.194944264334,8907.905622382988,9975.242850947834,9825.30172545088,9813.745376264776,7965.133977720236,9950.02964751224,9900.615433949866,9956.3139187597,1.6847035114633326,1.3553368106262094,1.1107268969582689,1.092916281328067,0.1434816261192323,0.1434816261192323,8326.123876452468,9879.201220387493
drive,20_test,8,1.6599553057149683,1.6499944236387232,1.660010961826993,0.016627731015809027,0.010077446794723093,1.3299591932452637,1.311702415660223,1.3290980694019008,0.02724100423686124,0.020767671014122472,1.1129673351926626,1.113971927353066,1.1138111394939472,0.003706107364079468,0.003326930664119727,1.0971587752918746,1.0992471123689778,1.0974952785029237,0.0042669443404397284,0.003881697111074574,0.1354060908127969,0.13233057756798208,0.13461276442381645,0.005266972646579734,0.03980162970175156,0.1354060908127969,0.13233057756798208,0.13461276442381645,0.005266972646579734,0.03980162970175156,7692.237441376455,7215.439930799646,7631.04505322103,715.6757868156403,0.09918671538802847,9146.474164877913,8535.307597769355,9087.988883503675,856.9377040123659,0.1003991589285336,1.6599553057149683,1.6611742597877743,1.6410597491115988,1.6631656176814773,1.6180868730457156,1.6353386069606186,1.6600666179390178,1.661108358868615,1.3299591932452637,1.3311212968749722,1.2878856357572357,1.3318310830034077,1.2608629955124966,1.2937629820846062,1.3290156155510937,1.3291805232527076,1.1129673351926626,1.1146549437952316,1.1179261752035998,1.1102084663769156,1.1170753161856912,1.1187243152025337,1.108922576231412,1.1112962906364807,1.0971587752918746,1.097028310556302,1.100290779959165,1.0940476064220208,1.1069252758858448,1.1039983273383571,1.0978317817139729,1.096696041784284,0.1354060908127969,0.1367685904282204,0.1283123024924952,0.1376871788786188,0.1224799251064727,0.1287650039776198,0.134496292682498,0.1347292361651349,0.1354060908127969,0.1367685904282204,0.1283123024924952,0.1376871788786188,0.1224799251064727,0.1287650039776198,0.134496292682498,0.1347292361651349,7692.237441376455,7806.09025511884,6642.304325106214,7741.622217687305,5875.118466881087,6704.056633785212,7644.409014251709,7617.681092190351,9146.474164877913,9105.089388567065,7921.487224738511,9156.030514064016,6920.027196533689,7857.374526366302,9072.018320755196,9103.959446252153,1.659164719762548,1.3277719582643193,1.112846315603808,1.0973076479959294,0.1339600831564281,0.1339600831564281,7635.136936313065,9045.461971569095
chasedb1,Image_11L,8,1.493629396569997,1.531721414013873,1.5365433312999692,0.017472751229981535,0.011407264447778545,1.1336205332440736,1.1603970694645005,1.1647802035186297,0.01703136866711213,0.014677190347414234,1.0928573366444327,1.0904579596917259,1.0907906798484275,0.003303099774045924,0.003029094101875982,1.087535229474163,1.0884087953616852,1.0877282625657623,0.0016400883121702448,0.0015068679334084515,0.0812574788420843,0.08619669710371305,0.0867837721669509,0.0024304009517083554,0.028195987008458843,0.0812574788420843,0.08619669710371305,0.0867837721669509,0.0024304009517083554,0.028195987008458843,6947.49941804734,7896.4165530333485,8132.62344317659,538.1217627697819,0.068147590638828,8075.900571749116,9402.386032592103,9584.594185393817,669.0583710539013,0.07115836009441653,1.493629396569997,1.5238730774115343,1.542646310029716,1.5437112903503445,1.54200547465765,1.5293111005597708,1.5310811879422888,1.5475134745896837,1.1336205332440736,1.1574576397888203,1.174654937904903,1.170811824661281,1.169662146573066,1.1373215192275714,1.1598982604641932,1.1797496938520955,1.0928573366444327,1.0857957440719208,1.087396985675844,1.0905622246040008,1.093522134429414,1.087478501757278,1.0950316152580626,1.0910191350928544,1.087535229474163,1.0873585144326483,1.0895608059678878,1.0920768355230737,1.087714418256352,1.087836693898783,1.0874457584654011,1.0877421068751725,0.0812574788420843,0.0849057310207767,0.0874067906014074,0.0875355876816076,0.0878785473486521,0.0861607537324944,0.0853265679921284,0.0891021196105535,0.0812574788420843,0.0849057310207767,0.0874067906014074,0.0875355876816076,0.0878785473486521,0.0861607537324944,0.0853265679921284,0.0891021196105535,6947.49941804734,7856.817310628431,8282.334121295244,8341.588955291185,8257.51788747932,7197.854757106666,8007.72899887386,8279.990975544739,8075.900571749116,9109.769762882428,9842.778997598416,9894.903889279443,9817.418607905209,9004.17474172881,9351.769762882424,10122.37192671098,1.5433928022402656,1.1746352508761768,1.087396985675844,1.089307267550619,0.0875221089174006,0.0875221089174006,8263.87827717253,9819.980007725191
chasedb1,Image_11R,8,1.5171400801650106,1.5337362628885325,1.5341265690967498,0.008215347044035228,0.00535642746593408,1.1519076147053204,1.1774015878618678,1.1798794633733314,0.010916826858059323,0.00927196546242477,1.0907801389397451,1.0907884123133598,1.0911014351165613,0.002697681312575072,0.002473148121232596,1.0955412078741271,1.1082365888647134,1.0999585110199046,0.017041646808369174,0.015377264186726388,0.0873774316730811,0.09254124372622713,0.0930506478209658,0.0021712392101832347,0.023462394957718548,0.0873774316730811,0.09254124372622713,0.0930506478209658,0.0021712392101832347,0.023462394957718548,7184.445594178173,8416.873398309399,8632.38585312335,535.1059703479173,0.06357538542226356,8746.339171929125,9786.1126471278,9959.631198596162,463.4373180165647,0.04735663022973503,1.5171400801650106,1.543164879709793,1.537945354425139,1.5302208560118802,1.5310779430664174,1.5420878515365202,1.5348035037526604,1.533449634440839,1.1519076147053204,1.1786887853983434,1.1860548206740118,1.1766564713809362,1.1764106837934167,1.18419711683189,1.1810701413483191,1.1842270687627048,1.0907801389397451,1.0936123397625213,1.090247905257285,1.0881896027099225,1.0859931829829332,1.0919195023018726,1.0941418952592217,1.0914227312933775,1.0955412078741271,1.0993656881399234,1.0967775542842593,1.1004171816195505,1.1267617516789528,1.0994998404202585,1.1424576070604875,1.1050718798401484,0.0873774316730811,0.0938608929201083,0.0927100447885485,0.092578004846466,0.0925750039386914,0.0937678647790956,0.0933912508533831,0.0940694560104431,0.0873774316730811,0.0938608929201083,0.0927100447885485,0.092578004846466,0.0925750039386914,0.0937678647790956,0.0933912508533831,0.0940694560104431,7184.445594178173,8691.640687119288,8636.699561622336,8499.38585312335,8165.893429074174,8817.723948239976,8711.125968493528,8628.072144624366,8746.339171929125,10089.977915684138,9954.438810440734,9760.343356011232,9574.348406645116,10217.605332682106,9964.823586751589,9981.024596878362,1.5379712926347529,1.1794091254022725,1.0920772297409216,1.0996346934088783,0.0930326423743182,0.0930326423743182,8658.184842996576,9889.183976444798
chasedb1,Image_12L,8,1.5757660832607452,1.5709935144066307,1.5713191836410734,0.004099027777167441,0.0026091945890150013,1.2007288385972656,1.211124380540249,1.2149207759606406,0.0074126310792,0.006120454016369014,1.0926021779868258,1.0954489224601383,1.095600513975098,0.002763778464628192,0.0025229642459470873,1.098765288632895,1.1256059216572236,1.1060936572952573,0.03207664731054788,0.028497226865439373,0.1279182864685751,0.12367716177478935,0.12339416841106865,0.0033454745673534327,0.027050059358941256,0.1279182864685751,0.12367716177478935,0.12339416841106865,0.0033454745673534327,0.027050059358941256,10753.482533042135,10493.671981189327,10463.16525320568,237.321903207092,0.022615715798293374,12103.582171553746,11880.155394858448,11908.28675301799,249.8036702558568,0.021026969930373812,1.5757660832607452,1.5750053682990406,1.5625433914643196,1.5719606932653882,1.568985813213235,1.5706776740167587,1.572439660212532,1.5705694315210268,1.2007288385972656,1.2012285073967628,1.205379047008438,1.2182778974259163,1.2148432815805643,1.214998270340717,1.2158005388289974,1.2177386631433298,1.0926021779868258,1.0932677661901595,1.0955200239921243,1.0963755553427377,1.0919525430115284,1.0997523037755093,1.0956810039580716,1.09844000542415,1.098765288632895,1.099200586920687,1.102861173001348,1.1093261415891669,1.1638046234287611,1.1646290613351205,1.1640105482997538,1.1022499500500562,0.1279182864685751,0.1280270284148746,0.1178083060723315,0.1247813833787935,0.1223241174533844,0.1231245790025342,0.1236637578196031,0.1217698355882184,0.1279182864685751,0.1280270284148746,0.1178083060723315,0.1247813833787935,0.1223241174533844,0.1231245790025342,0.1236637578196031,0.1217698355882184,10753.482533042135,10784.908939913328,10065.9535290665,10662.796241541117,10433.901797238388,10374.14443792551,10381.75966161466,10492.428709172971,12103.582171553746,12120.481666490356,11320.751652387946,11986.535490359518,11869.180151300192,11824.138520739849,11913.109083488323,11903.464422547657,1.5707790626545377,1.2170957249050205,1.0940170204210218,1.1636723792350685,0.1234281502692873,0.1234281502692873,10430.458146424491,11859.00857842494
chasedb1,Image_12R,8,1.5676032703342924,1.5795366117694865,1.5821975232463794,0.0066862699552219015,0.004233057914201535,1.2082076712329035,1.2169848597898456,1.219455369106004,0.007590645037099774,0.006237255111300695,1.095299761881025,1.0947485122098204,1.0963103405871952,0.0049332697627867406,0.0045063041490950445,1.10881866423929,1.108161001114916,1.1080164013645715,0.0013561123284203582,0.0012237502737020877,0.1169129305857681,0.1195235613042209,0.1190904933401932,0.0032338603290857706,0.02705625814524294,0.1169129305857681,0.1195235613042209,0.1190904933401932,0.0032338603290857706,0.02705625814524294,10065.688593802794,10377.113999520647,10511.429755193498,628.4514050974307,0.06056128949980321,11667.753744429,12455.280484592824,12649.136608167546,472.1120886407405,0.03790457302224089,1.5676032703342924,1.5845034629022174,1.5816116482177944,1.586612630467793,1.5742833291175808,1.584611825723668,1.5742833291175808,1.5827833982749646,1.2082076712329035,1.2212954881641542,1.2189392606928864,1.2233867024219427,1.2083916965693935,1.2272948851489702,1.2083916965693935,1.2199714775191215,1.095299761881025,1.0973209192933655,1.0994470176522262,1.0890311661264842,1.089090995601543,1.0982939363862647,1.089090995601543,1.1004133051361122,1.10881866423929,1.107505176452386,1.1100758770609205,1.1059254207378075,1.107413540325283,1.1085276262767572,1.107413540325283,1.1096081635016024,0.1169129305857681,0.1203488914362737,0.1188069212647465,0.1267574699052553,0.1170092096989171,0.1199697924282495,0.1170092096989171,0.1193740654156399,0.1169129305857681,0.1203488914362737,0.1188069212647465,0.1267574699052553,0.1170092096989171,0.1199697924282495,0.1170092096989171,0.1193740654156399,10065.688593802794,10591.70792978655,10602.891695970622,11484.847106817451,9585.088522015292,10670.448045156729,9585.088522015292,10431.151580600446,11667.753744429,12802.811752380268,12633.92950138636,12963.564061059267,12039.979141173417,12829.882820192131,12039.979141173417,12664.343714948733,1.5855690007859604,1.2211339456431318,1.0962884975391116,1.106680485886912,0.1210093059780303,0.1210093059780303,10962.526255643528,12814.09602362773
chasedb1,Image_13L,8,1.544097109988506,1.5499997847726137,1.5512860861823152,0.005008481975213237,0.003231279142369678,1.177370697512458,1.1882298559221938,1.190277933012886,0.006493618913579896,0.005464951819898644,1.0879204897430537,1.0898141176707492,1.0900832268364318,0.002018062040762072,0.0018517488515153936,1.0876967119108425,1.0887611700939945,1.0894506537075725,0.0022830330845398385,0.002096908989087791,0.0950057639765084,0.09627864212211154,0.0969611287106544,0.0024911883245841483,0.025874776270987904,0.0950057639765084,0.09627864212211154,0.0969611287106544,0.0024911883245841483,0.025874776270987904,8136.586863250134,8527.41927640364,8661.571711348482,397.8724718871544,0.04665801680329168,9836.77899759842,10189.156306277415,10241.534877614882,302.91509388842957,0.029729163512960073,1.544097109988506,1.5409680192173347,1.5539632301603477,1.5512824838191586,1.5505223925677856,1.5512896885454717,1.5518311742801842,1.5560441796021216,1.177370697512458,1.1806033191592962,1.1859444010994635,1.1896153621436696,1.1909405038821026,1.1939640823389048,1.1961356161669,1.1912648650747542,1.0879204897430537,1.0913542615651437,1.0887373441631678,1.0913542615651437,1.0893087682826428,1.0908576853902208,1.0924450809819095,1.0865350496747113,1.0876967119108425,1.0877537781670328,1.0840134557825614,1.0901075014347112,1.0887938059804338,1.0908376190082278,1.0905236166659344,1.090362871802212,0.0950057639765084,0.0925746064308428,0.0930178728657401,0.0966925969966808,0.0980027291899268,0.0985639982934998,0.0991419087990656,0.097229660424628,0.0950057639765084,0.0925746064308428,0.0930178728657401,0.0966925969966808,0.0980027291899268,0.0985639982934998,0.0991419087990656,0.097229660424628,8136.586863250134,8111.746242816567,7966.283256018915,8640.77272147526,8762.797108092902,8925.96363033427,8992.83368801936,8682.370701221707,9836.77899759842,9676.173875177035,10135.45100374956,10147.359733402162,10408.408506637445,10443.349632134396,10530.018679692708,10335.710021827605,1.5547430585213986,1.193034907116743,1.089894992360394,1.0907486121766772,0.0978151352038269,0.0978151352038269,9180.13015257564,10339.638954015742
chasedb1,Image_13R,8,1.5661954888154204,1.5625250539202005,1.566172994552125,0.007956537582920108,0.005092102403707413,1.2082917453142576,1.202560340943021,1.2087472053629484,0.012636272957678657,0.01050780782257427,1.0877966453495704,1.0922573138196525,1.091583453118482,0.004496086021796656,0.004116324940021437,1.1052648375290262,1.1013631987750645,1.1023145217509058,0.007429641311533419,0.006745859422029592,0.0986106676391942,0.09663490567037061,0.09833222612477505,0.003568741402485246,0.03693014835300309,0.0986106676391942,0.09663490567037061,0.09833222612477505,0.003568741402485246,0.03693014835300309,8878.667165777984,8441.395782620364,8874.439243716628,909.5705640006513,0.10775120459027973,11073.437943888965,10934.9151897539,11109.39378801168,395.8215803541068,0.036197956132754894,1.5661954888154204,1.555186958295908,1.566799134266336,1.5673241227049317,1.572188471497105,1.558338399181498,1.5661505002888294,1.5480173563115758,1.2082917453142576,1.1951851461801462,1.210889172014976,1.2121049804826085,1.212994508169907,1.1949176054532389,1.2092026654116392,1.1768969045173951,1.0877966453495704,1.1012066749558975,1.0934162378054513,1.0886078528095695,1.0883971263877976,1.0909745651410736,1.0954670670119704,1.0921923410958905,1.1052648375290262,1.0962128176685788,1.0979555965425496,1.1077329827386493,1.106732218603813,1.0993642059727853,1.109928191404446,1.0877147397406663,0.0986106676391942,0.0951483079381557,0.0989799052996197,0.1003403342206134,0.099173603744433,0.0910291894476719,0.0980537846103559,0.0917434524629211,0.0986106676391942,0.0951483079381557,0.0989799052996197,0.1003403342206134,0.099173603744433,0.0910291894476719,0.0980537846103559,0.0917434524629211,8878.667165777984,7752.969547519926,8870.21132165527,9255.916949140044,8954.537223463074,8328.569619307427,8976.649921835284,6513.644512263899,11073.437943888965,10757.913990547211,11170.1364286988,11402.273513688648,11178.533398318468,10523.631811340802,11145.349632134396,10228.044799413898,1.567603741743133,1.2102958448970609,1.0946490013256538,1.1061681917735304,0.0991857098972339,0.0991857098972339,9497.769762882426,11178.450137197782
chasedb1,Image_14L,8,1.534156932633979,1.5481202484404613,1.5495350681549493,0.007157414782013043,0.004623293823088515,1.178427520261155,1.1928476536825374,1.1968129254017765,0.008029677899613834,0.006731520051889912,1.090434435751407,1.0892555953525203,1.088070288652725,0.002982816335118284,0.0027383989100858764,1.089768904482797,1.0908200057793394,1.0906900952374992,0.0018334913634991206,0.0016808376760464507,0.0988680139690616,0.10322228239346186,0.10408541049119724,0.0021708636295471972,0.02103095939375102,0.0988680139690616,0.10322228239346186,0.10408541049119724,0.0021708636295471972,0.02103095939375102,7779.239533417517,8878.47163956098,8999.087909270656,489.4054946938185,0.05512271870229441,10111.804250767833,10748.698631618778,10775.328204109586,325.95550937700796,0.030325113815933488,1.534156932633979,1.551638043025086,1.5539593299761594,1.5436234981093897,1.5557095763903852,1.5474320932848125,1.54495279687373,1.5534897172301485,1.178427520261155,1.1971389180864989,1.199319607783948,1.1912376328453589,1.1989508217790534,1.182864305008352,1.1964869327170542,1.198355490978879,1.090434435751407,1.086398469521198,1.088458459033731,1.0869032153086091,1.0871499740777544,1.0921927521520391,1.094825338703703,1.0876821182717191,1.089768904482797,1.0916112859922011,1.091950064560668,1.089233770594878,1.0894966443261322,1.0884674840212438,1.0937500335374466,1.0922818587193488,0.0988680139690616,0.1040749096931366,0.1045579464039267,0.1012621959268904,0.1051609922354099,0.1040959112892579,0.1028088134698237,0.1049494761601881,0.0988680139690616,0.1040749096931366,0.1045579464039267,0.1012621959268904,0.1051609922354099,0.1040959112892579,0.1028088134698237,0.1049494761601881,7779.239533417517,9220.665073736933,9176.020412796255,8915.231524190802,9049.824453303365,8644.709662890104,8948.351365237948,9293.731090914916,10111.804250767833,10867.068319479764,11074.720123095372,10579.575895430587,11039.67849253503,10603.191119119736,10683.588088739409,11029.962763782492,1.552117929036022,1.2030994622844249,1.090423610888108,1.0907314560802612,0.1039203979502442,0.1039203979502442,9150.26305348338,10988.163773909266
chasedb1,Image_14R,8,1.538439233889057,1.5349389367019246,1.5375462014820953,0.008882130731596709,0.0057866345814912125,1.1976370756058976,1.1888893777041838,1.1926696800203371,0.010494870091170136,0.008827457194912748,1.0953179874536083,1.0939721507334954,1.094605343179793,0.0030998058166821774,0.00283353265858166,1.099413241758706,1.1019224908238396,1.102344549315415,0.003484297718846575,0.0031620170636880093,0.1006140700965096,0.10026693605930867,0.10084309919454315,0.002749314894652997,0.02741995519865847,0.1006140700965096,0.10026693605930867,0.10084309919454315,0.002749314894652997,0.02741995519865847,8532.983832869797,8448.314785311486,8550.13206514794,395.77152378127215,0.04684620943213117,10231.511970293655,10082.156108224066,10220.097756731284,458.05891657897155,0.04543263481164813,1.538439233889057,1.5421420803169972,1.536969162711904,1.5152166729887286,1.5373686402677438,1.5421420803169972,1.537723762696447,1.5295098604275212,1.1976370756058976,1.1938204644867514,1.1915188955539229,1.1642923067565702,1.1894638516396203,1.1938204644867514,1.1941351500196746,1.186426813084282,1.0953179874536083,1.0896536739750566,1.0960319541754424,1.0955961010343165,1.093125837572848,1.0896536739750566,1.0985052787756564,1.0938926989059778,1.099413241758706,1.102435396146987,1.1022537024838428,1.0956264149991295,1.1030675342294904,1.102435396146987,1.1021387409606456,1.1080094998649288,0.1006140700965096,0.1026443412427738,0.1010721282925767,0.0939578646929347,0.1010963161841182,0.1026443412427738,0.1004099847616283,0.0996964419611542,0.1006140700965096,0.1026443412427738,0.1010721282925767,0.0939578646929347,0.1010963161841182,0.1026443412427738,0.1004099847616283,0.0996964419611542,8532.983832869797,8736.410239740992,8546.439676992513,7506.979648787692,8553.824453303365,8736.410239740992,8568.7533854915,8404.71680556504,10231.511970293655,10439.109950040103,10210.05612617094,9031.772721475256,10230.139387291629,10439.109950040103,10189.570844796704,9885.97791568414,1.5375849361445897,1.1916168903463782,1.0987709009278162,1.1026113840592444,0.1010539873739206,0.1010539873739206,8544.339171929123,10211.369834669924
