key,dataset,image_id,observer,n_events,n_pool,n_ports,n_terminal,t_total_s,t_disc_s,t_ctx_s,t_b0_s,work_scale,fails,error,severity_mode,B0_FD_pvbm,B0_FD_skan,B0_density_pvbm,B0_density_skan,B0_pvbm_fov_area_px,B0_pvbm_fractal_D0,B0_pvbm_fractal_D1,B0_pvbm_fractal_D2,B0_pvbm_median_branching_angle,B0_pvbm_median_tortuosity,B0_pvbm_n_endpoints,B0_pvbm_n_intersections,B0_pvbm_n_startpoints,B0_pvbm_singularity_length,B0_pvbm_tortuosity_index,B0_pvbm_total_length,B0_pvbm_vessel_area_px,B0_pvbm_vessel_density,B0_skan_fov_area_px,B0_skan_fractal_dimension,B0_skan_fractal_dimension_mask,B0_skan_fractal_dimension_r2,B0_skan_mean_radius,B0_skan_n_branches,B0_skan_n_endpoints,B0_skan_n_junctions,B0_skan_region_area_px,B0_skan_skeleton_length_total,B0_skan_skeleton_length_total_norm,B0_skan_skeleton_px,B0_skan_tortuosity_length_weighted,B0_skan_tortuosity_mean,B0_skan_tortuosity_n_branches_used,B0_skan_vessel_area_px,B0_skan_vessel_density,B0_skan_zoneB_available,B0_skan_zoneB_fractal_dimension,B0_skan_zoneB_fractal_dimension_mask,B0_skan_zoneB_fractal_dimension_r2,B0_skan_zoneB_mean_radius,B0_skan_zoneB_n_branches,B0_skan_zoneB_n_endpoints,B0_skan_zoneB_n_junctions,B0_skan_zoneB_region_area_px,B0_skan_zoneB_skeleton_length_total,B0_skan_zoneB_skeleton_length_total_norm,B0_skan_zoneB_skeleton_px,B0_skan_zoneB_tortuosity_length_weighted,B0_skan_zoneB_tortuosity_mean,B0_skan_zoneB_tortuosity_n_branches_used,B0_skan_zoneB_vessel_area_px,B0_skan_zoneB_vessel_density,B0_tortuosity_pvbm,B0_tortuosity_skan,B0_total_length_pvbm,B0_total_length_skan,shard
DRIVE:12_test:obs2,DRIVE,12_test,obs2,147,1501,1512,77,847.105690151453,2.404621258378029,11.085373148322104,4.030682943761349,1.0,"{'sever:no_disconnection': 108, 'truncate:cut_too_short': 1}",,full,1.670714228831914,1.3577855189894386,0.1164341732387249,0.1164341732387249,227605.0,1.670714228831914,1.6158983439276793,1.5804447861959068,108.77700911428056,1.129802249616019,103.0,127.0,1.0,0.7340011202822037,1.1656759083234536,8745.621351135527,26501.0,0.1164341732387249,227605.0,1.3577855189894386,1.4847188943067218,0.9835828363301552,1.6750153533747718,402.0,114.0,175.0,227605.0,10091.946386391555,0.0443397394011184,8665.0,1.1043919519590564,1.093469823049705,258.0,26501.0,0.1164341732387249,1.0,1.039206647884705,1.2137832204731769,0.9948994654343348,1.7029603112713978,75.0,47.0,20.0,24532.0,1172.4305909532989,0.0477918877773234,1030.0,1.1749522570957165,1.141978967767846,36.0,3269.0,0.1332545247024295,1.129802249616019,1.1043919519590564,8745.621351135527,10091.946386391555,results/c1_shards/DRIVE__12_test__obs2.parquet
DRIVE:04_test:obs2,DRIVE,04_test,obs2,146,1448,1449,82,853.0743889659643,2.265113301575184,10.917906038463116,3.911380633711815,1.0,"{'sever:no_disconnection': 91, 'truncate:cut_too_short': 4, 'truncate:branch_too_short': 3, 'caliber:invariants_changed': 5}",,full,1.6796095871096015,1.365172379569098,0.1270207446270932,0.1270207446270932,227577.0,1.6796095871096015,1.6361116944300795,1.605639180326806,128.2324393133466,1.1160498274779675,96.0,145.0,1.0,0.7168517112012751,1.1425285536346266,8739.89342907417,28907.0,0.1270207446270932,227577.0,1.365172379569098,1.5038846771301433,0.9820178078525016,1.7607886075570478,420.0,113.0,192.0,227577.0,10230.012403569535,0.0449518730081226,8768.0,1.0946653357717795,1.091139129152227,275.0,28907.0,0.1270207446270932,1.0,1.2015140082374138,1.336813766092864,0.98939588223384,1.6164519802225876,190.0,112.0,68.0,66405.0,3446.10295604194,0.0518952331306669,2987.0,1.089397519801034,1.0879163177319748,108.0,8785.0,0.1322942549506814,1.1160498274779675,1.0946653357717795,8739.89342907417,10230.012403569535,results/c1_shards/DRIVE__04_test__obs2.parquet
DRIVE:04_test:obs1,DRIVE,04_test,obs1,152,1590,1597,64,887.0878194347024,2.3909597396850586,10.9003901258111,4.333249621093273,1.0,"{'sever:no_disconnection': 91, 'truncate:branch_too_short': 6, 'truncate:cut_too_short': 2, 'caliber:invariants_changed': 2}",,full,1.6785408388374452,1.3699858817675292,0.1333306968630397,0.1333306968630397,227577.0,1.6785408388374452,1.6323814818002744,1.5999730748473684,84.66910914091189,1.123168668402842,89.0,138.0,1.0,0.6874118346925848,1.150475521785013,8999.805117319602,30343.0,0.1333306968630397,227577.0,1.3699858817675292,1.5148283259854405,0.981952569490446,1.846992965793964,383.0,98.0,181.0,227577.0,10377.04184082106,0.0455979375807795,8921.0,1.1096292433585508,1.1101336747509318,264.0,30343.0,0.1333306968630397,1.0,1.2017085004323296,1.362058206411514,0.98555466317256,1.79221034276911,137.0,87.0,47.0,53155.0,2721.662263820874,0.0512023753893495,2355.0,1.210407223297736,1.1439066712280543,83.0,7767.0,0.1461198382090114,1.123168668402842,1.1096292433585508,8999.805117319602,10377.04184082106,results/c1_shards/DRIVE__04_test__obs1.parquet
DRIVE:05_test:obs2,DRIVE,05_test,obs2,168,1469,1474,66,934.7720756679772,2.3775893226265907,10.599553570151327,3.9398945942521095,1.0,"{'sever:no_disconnection': 76, 'truncate:cut_too_short': 2, 'caliber:invariants_changed': 5}",,full,1.6608574417006807,1.3414635369144294,0.1177945742732539,0.1177945742732539,227693.0,1.6608574417006807,1.6084512160426343,1.5753634829343843,93.9754155761368,1.1304139149810375,93.0,119.0,1.0,0.7037420076006071,1.181220553900219,8248.541048607673,26821.0,0.1177945742732539,227693.0,1.3414635369144294,1.4826560627572891,0.9829079415453238,1.7746692297515017,352.0,101.0,154.0,227693.0,9511.363558546758,0.041772753481867,8193.0,1.114701029029321,1.1038488941282392,235.0,26821.0,0.1177945742732539,1.0,1.0200779878424102,1.2428201657885305,0.9932462527143908,2.001917930138128,57.0,42.0,12.0,20367.0,960.335136523794,0.0471515263182498,844.0,1.099601610570876,1.092869560976495,27.0,3210.0,0.157607895124466,1.1304139149810375,1.114701029029321,8248.541048607673,9511.363558546758,results/c1_shards/DRIVE__05_test__obs2.parquet
DRIVE:08_test:obs2,DRIVE,08_test,obs2,185,1502,1510,48,965.3456044271588,2.264467418193817,10.915716387331486,3.984961211681366,1.0,"{'sever:no_disconnection': 62, 'caliber:invariants_changed': 3}",,full,1.6539554111740704,1.3172402037636983,0.0975635743713595,0.0975635743713595,225248.0,1.6539554111740704,1.589754416226819,1.5474247229448708,91.6090089060474,1.1306274620676924,84.0,84.0,1.0,0.7704537580671533,1.1642267171306424,7777.097397793776,21976.0,0.0975635743713595,225248.0,1.3172402037636983,1.4351785023786916,0.9820344058739288,1.622651543614431,243.0,74.0,114.0,225248.0,8622.805117319602,0.0382813837073785,7394.0,1.1276972487044208,1.106029172178545,176.0,21976.0,0.0975635743713595,1.0,1.0378018656816257,1.2089161928427057,0.9956847723459544,1.7334776467066226,39.0,33.0,14.0,28743.0,1067.8031739553296,0.0371500251871874,931.0,1.1012882955959875,1.0926613852668323,29.0,2985.0,0.1038513725080889,1.1306274620676924,1.1276972487044208,7777.097397793776,8622.805117319602,results/c1_shards/DRIVE__08_test__obs2.parquet
DRIVE:07_test:obs2,DRIVE,07_test,obs2,185,1420,1428,63,987.4441392943264,2.4537325277924538,11.442837007343767,4.042917750775814,1.0,"{'sever:no_disconnection': 67, 'truncate:cut_too_short': 4, 'caliber:invariants_changed': 5}",,full,1.6364008272623154,1.3144108301736377,0.1037882947183485,0.1037882947183485,227675.0,1.6364008272623154,1.5775320420089245,1.5417357088689605,81.55660443802799,1.1153127788884345,80.0,95.0,1.0,0.7265962312574572,1.1461418736638596,7634.055767233435,23630.0,0.1037882947183485,227675.0,1.3144108301736377,1.447238023785279,0.98220758979071,1.67646612423964,287.0,97.0,128.0,227675.0,8741.841697246058,0.0383961422960187,7479.0,1.0979727209050223,1.0915885114180692,199.0,23630.0,0.1037882947183485,1.0,1.023965418728626,1.2196725499331356,0.996210288277524,1.8407433448914776,44.0,34.0,15.0,28038.0,1054.95750288788,0.0376259898312247,901.0,1.1027582677222758,1.0896818654977216,30.0,3214.0,0.114630144803481,1.1153127788884345,1.0979727209050223,7634.055767233435,8741.841697246058,results/c1_shards/DRIVE__07_test__obs2.parquet
DRIVE:14_test:obs2,DRIVE,14_test,obs2,188,1460,1469,73,1019.331613264978,2.3833663165569305,11.091342337429523,4.078017733991146,1.0,"{'sever:no_disconnection': 65, 'truncate:cut_too_short': 2, 'caliber:invariants_changed': 4}",,full,1.6576902026693623,1.3358870684277426,0.1091235931176777,0.1091235931176777,225854.0,1.6576902026693623,1.6131639241609346,1.581192052100351,127.3931322280282,1.1204612687195392,97.0,116.0,1.0,0.6350741229820562,1.163033055041083,8177.879143724296,24646.0,0.1091235931176777,225854.0,1.3358870684277426,1.4572802777207936,0.9820909646931724,1.66798755648889,329.0,104.0,144.0,225854.0,9288.138161802342,0.0411245236382899,7999.0,1.1168212321030553,1.1061296402895846,225.0,24646.0,0.1091235931176777,1.0,1.066153889842958,1.2604214843417425,0.9936161188882434,1.8304253187436472,59.0,41.0,15.0,21238.0,966.9036790187176,0.0455270589989037,837.0,1.1614405091145446,1.1292291999623276,25.0,2925.0,0.137724832846784,1.1204612687195392,1.1168212321030553,8177.879143724296,9288.138161802342,results/c1_shards/DRIVE__14_test__obs2.parquet
DRIVE:08_test:obs1,DRIVE,08_test,obs1,184,1552,1562,67,1037.2373808920383,2.449849911034107,10.791394710540771,4.186203271150589,1.0,"{'sever:no_disconnection': 62, 'truncate:cut_too_short': 2, 'caliber:invariants_changed': 5}",,full,1.674879771503553,1.3492470006278543,0.1256881304162523,0.1256881304162523,225248.0,1.674879771503553,1.624074889696273,1.5899361080236527,129.5596679689945,1.148388366197021,97.0,114.0,3.0,0.6787192453500237,1.2122261026526655,8834.042707372835,28311.0,0.1256881304162523,225248.0,1.3492470006278543,1.4827946153587637,0.9838542070894106,1.779488390429091,395.0,100.0,169.0,225248.0,10022.769762882415,0.0444965982511827,8567.0,1.145973406721711,1.132656990990766,226.0,28311.0,0.1256881304162523,1.0,1.0849743572851875,1.2821308093898285,0.9953632202649036,1.8479044521034789,70.0,46.0,21.0,27886.0,1292.4844148224615,0.0463488637603981,1131.0,1.1316309572485928,1.1219525189864994,37.0,3989.0,0.1430466900953883,1.148388366197021,1.145973406721711,8834.042707372835,10022.769762882415,results/c1_shards/DRIVE__08_test__obs1.parquet
DRIVE:01_test:obs2,DRIVE,01_test,obs2,184,1629,1657,82,1063.0290010422468,2.425699360668659,11.399716168642044,4.2897636368870735,1.0,"{'sever:no_disconnection': 72, 'truncate:cut_too_short': 2, 'truncate:branch_too_short': 3, 'caliber:invariants_changed': 4}",,full,1.6882766714524904,1.3853219231531493,0.1285559571613846,0.1285559571613846,224377.0,1.6882766714524904,1.627878627180474,1.5926829082727678,80.23544212011159,1.12807378094529,115.0,135.0,2.0,0.7545347952931962,1.1554210805842378,9467.594005925055,28845.0,0.1285559571613846,224377.0,1.3853219231531493,1.5130162681666863,0.9822433926358436,1.6703688409107325,397.0,138.0,168.0,224377.0,10962.943427798726,0.0488594794822942,9453.0,1.1182625140673688,1.1058702717307762,265.0,28845.0,0.1285559571613846,1.0,1.0510816872679316,1.257445075453267,0.991726622254566,1.887909920740248,48.0,48.0,13.0,16851.0,901.5950211536164,0.0535039476086651,807.0,1.091950856100538,1.0909270722068447,30.0,2802.0,0.1662809328823215,1.12807378094529,1.1182625140673688,9467.594005925055,10962.943427798726,results/c1_shards/DRIVE__01_test__obs2.parquet
DRIVE:11_test:obs2,DRIVE,11_test,obs2,187,1580,1602,113,1083.424388729036,2.40625861287117,10.81955359876156,4.3616174682974815,1.0,"{'sever:no_disconnection': 65, 'truncate:cut_too_short': 3, 'caliber:invariants_changed': 2}",,full,1.68153425273923,1.3854226564234473,0.120493033790724,0.120493033790724,227814.0,1.68153425273923,1.6218833403256323,1.5825638362114651,62.35620995308794,1.1274522313413378,130.0,151.0,1.0,0.8011625098606454,1.1433622867015734,9248.687368313507,27450.0,0.120493033790724,227814.0,1.3854226564234473,1.503784083960244,0.9812213904903506,1.6168754446199225,461.0,152.0,207.0,227814.0,11029.345448052278,0.0484138176233781,9522.0,1.1096663602592711,1.1021363517594085,306.0,27450.0,0.120493033790724,1.0,0.9821328184852376,1.1811243830088496,0.9919392145852772,1.8550653524145349,35.0,36.0,9.0,20512.0,778.3107499061545,0.037944166824598,694.0,1.1153347680619654,1.1067117357527898,21.0,2552.0,0.1244149765990639,1.1274522313413378,1.1096663602592711,9248.687368313507,11029.345448052278,results/c1_shards/DRIVE__11_test__obs2.parquet
DRIVE:02_test:obs2,DRIVE,02_test,obs2,190,1406,1425,74,1086.0419060364366,2.304512731730938,11.40006286650896,4.224248617887497,1.0,"{'sever:no_disconnection': 58, 'truncate:branch_too_short': 6, 'truncate:cut_too_short': 4, 'caliber:invariants_changed': 7}",,full,1.683998343390128,1.3698833539670396,0.1476540182240644,0.1476540182240644,225087.0,1.683998343390128,1.6456544807052158,1.620678741332419,50.2096226966953,1.114605283142854,106.0,128.0,1.0,0.745099750271941,1.1304315049673008,8986.153313703991,33235.0,0.1476540182240644,225087.0,1.3698833539670396,1.528106304100442,0.981982542538587,1.9354722920770897,396.0,121.0,170.0,225087.0,10383.561610080706,0.0461313252657004,8974.0,1.0961174653059256,1.0913846001551604,271.0,33235.0,0.1476540182240644,1.0,1.0759543463535326,1.316350808732874,0.9877223212951488,2.184931605714169,57.0,45.0,15.0,24218.0,1171.0702012600882,0.0483553638310384,1012.0,1.1002603807933218,1.104368984276041,37.0,4452.0,0.1838302089355025,1.114605283142854,1.0961174653059256,8986.153313703991,10383.561610080706,results/c1_shards/DRIVE__02_test__obs2.parquet
DRIVE:05_test:obs1,DRIVE,05_test,obs1,183,1590,1600,100,1087.6614906564355,2.4570522233843803,12.106788977980614,4.305080391466618,1.0,"{'sever:no_disconnection': 64, 'truncate:cut_too_short': 7, 'caliber:invariants_changed': 2}",,full,1.691574366634261,1.384211896528287,0.1357002630735244,0.1357002630735244,227693.0,1.691574366634261,1.6420704489652005,1.610143094197375,70.93080646265187,1.1500523210596103,111.0,157.0,1.0,0.6934304653739127,1.1734461694291165,9422.535131422012,30898.0,0.1357002630735244,227693.0,1.384211896528287,1.5205751489439752,0.9828401935281889,1.7657573720299151,455.0,140.0,208.0,227693.0,11149.850065410272,0.0489687872065029,9579.0,1.14499946545831,1.1319589785140045,307.0,30898.0,0.1357002630735244,1.0,0.9763811275771078,1.23377543002932,0.992195109608197,2.2298070494418454,41.0,43.0,8.0,19731.0,872.7077195258245,0.0442302832864945,768.0,1.130691488411658,1.1131991143600932,27.0,3369.0,0.1707465409761289,1.1500523210596103,1.14499946545831,9422.535131422012,11149.850065410272,results/c1_shards/DRIVE__05_test__obs1.parquet
DRIVE:13_test:obs1,DRIVE,13_test,obs1,179,1681,1696,103,1093.7814866229892,2.388019703328609,11.236062958836555,4.301795341074467,1.0,"{'sever:no_disconnection': 74, 'truncate:cut_too_short': 2, 'caliber:invariants_changed': 5}",,full,1.7025867094998397,1.3940800705232812,0.1417670329670329,0.1417670329670329,227500.0,1.7025867094998397,1.6451363254088844,1.6095143620285255,64.38661843110063,1.120231292989522,134.0,156.0,1.0,0.7681275728289445,1.1696550885599637,10153.720989647138,32252.0,0.1417670329670329,227500.0,1.3940800705232812,1.529704782390505,0.982926330409748,1.7360945947459974,491.0,149.0,218.0,227500.0,11802.656197958431,0.0518798074635535,10185.0,1.110783106448516,1.1015059056259062,318.0,32252.0,0.1417670329670329,1.0,1.0439024113638662,1.269605964962949,0.9942108298363168,1.879758349460792,57.0,39.0,20.0,15821.0,802.7665940288703,0.0507405722791776,700.0,1.110067274522155,1.1090120856922443,27.0,2567.0,0.1622527021047974,1.120231292989522,1.110783106448516,10153.720989647138,11802.656197958431,results/c1_shards/DRIVE__13_test__obs1.parquet
DRIVE:10_test:obs1,DRIVE,10_test,obs1,190,1592,1601,75,1098.4083009287715,2.452549695968628,10.510448671877384,4.094846978783608,1.0,"{'sever:no_disconnection': 67, 'truncate:cut_too_short': 1, 'caliber:invariants_changed': 3}",,full,1.6794118016384112,1.37317343691612,0.1194376506607076,0.1194376506607076,227332.0,1.6794118016384112,1.619899081902568,1.5815442023371096,91.97493401088198,1.1342587566275784,112.0,139.0,2.0,0.7513619445855617,1.179332924219418,9168.97163956097,27152.0,0.1194376506607076,227332.0,1.37317343691612,1.497377194227954,0.983004398706597,1.668015298218833,464.0,106.0,189.0,227332.0,10615.33830537734,0.0466953104067062,9133.0,1.1316998904273097,1.1188215077786854,263.0,27152.0,0.1194376506607076,1.0,1.0097396916004024,1.21127486835831,0.991635410945366,1.8145250105940576,58.0,45.0,13.0,19018.0,810.222438151586,0.0426029255521919,707.0,1.1022426961014984,1.103123683682919,28.0,2450.0,0.1288253233778525,1.1342587566275784,1.1316998904273097,9168.97163956097,10615.33830537734,results/c1_shards/DRIVE__10_test__obs1.parquet
DRIVE:14_test:obs1,DRIVE,14_test,obs1,195,1461,1466,85,1099.0981933623552,2.4427179992198944,10.756345845758917,4.136042155325413,1.0,"{'sever:no_disconnection': 51, 'truncate:cut_too_short': 2, 'caliber:invariants_changed': 3}",,full,1.6624364509983849,1.3445923266374888,0.1179124567198278,0.1179124567198278,225854.0,1.6624364509983849,1.613280487495181,1.5798050220287876,74.41060399573458,1.1296152366868255,100.0,127.0,1.0,0.6657006055095755,1.159993455518261,8447.028422022964,26631.0,0.1179124567198278,225854.0,1.3445923266374888,1.4797546734740723,0.9842203484469092,1.7225158241953658,354.0,114.0,157.0,225854.0,9710.826545344413,0.0429960352499597,8351.0,1.111061647509998,1.1015456905844463,248.0,26631.0,0.1179124567198278,1.0,1.0419040253652885,1.2409186996640496,0.9909633361778434,1.8739853950755176,46.0,36.0,16.0,22741.0,974.1046891454944,0.0428347341429793,849.0,1.132190989509272,1.1051913773864726,29.0,2979.0,0.130996877885757,1.1296152366868255,1.111061647509998,8447.028422022964,9710.826545344413,results/c1_shards/DRIVE__14_test__obs1.parquet
DRIVE:09_test:obs2,DRIVE,09_test,obs2,194,1510,1532,131,1113.7519700229168,2.452335700392723,11.009257033467293,4.104536473751068,1.0,"{'sever:no_disconnection': 55, 'truncate:cut_too_short': 8, 'caliber:invariants_changed': 3}",,full,1.680748217398638,1.388221088586448,0.1170780989194412,0.1170780989194412,227660.0,1.680748217398638,1.628257483928462,1.5925706629480187,78.52969535798788,1.1374765380579834,116.0,156.0,2.0,0.7251046403242885,1.1540460811137452,9230.167599053864,26654.0,0.1170780989194412,227660.0,1.388221088586448,1.5047566001982804,0.9827864093287656,1.532863083017799,557.0,192.0,225.0,227660.0,11095.536356911289,0.0487373115914578,9535.0,1.1172797021564314,1.1079901893716246,308.0,26654.0,0.1170780989194412,1.0,1.114525362985856,1.2871554911445209,0.992221837669012,1.6959047536082068,68.0,46.0,23.0,19595.0,1078.6316010800758,0.0550462669599426,945.0,1.1212754865927272,1.1231730441192154,36.0,3016.0,0.1539168155141617,1.1374765380579834,1.1172797021564314,9230.167599053864,11095.536356911289,results/c1_shards/DRIVE__09_test__obs2.parquet
DRIVE:07_test:obs1,DRIVE,07_test,obs1,195,1451,1466,74,1121.271136291325,2.449701853096485,10.535558849573135,4.1073044165968895,1.0,"{'sever:no_disconnection': 57, 'truncate:cut_too_short': 3}",,full,1.6723815201738936,1.3605982786385895,0.1323992533216207,0.1323992533216207,227675.0,1.6723815201738936,1.6225522189936106,1.5906927276249003,121.36370572240472,1.117443224296209,100.0,143.0,1.0,0.764447015838021,1.1591376474661117,9078.677267045745,30144.0,0.1323992533216207,227675.0,1.3605982786385895,1.4985168592764144,0.9828122522214228,1.7853821317488523,429.0,111.0,189.0,227675.0,10500.600282048215,0.0461210070585185,8968.0,1.1065188224733526,1.1008391327989897,278.0,30144.0,0.1323992533216207,1.0,1.136167085687499,1.3101043773756893,0.9933748480973846,1.725190388997171,105.0,42.0,36.0,29358.0,1545.1900423072327,0.0526326739664565,1322.0,1.1170269825881878,1.1061307171473695,48.0,4225.0,0.1439130730976224,1.117443224296209,1.1065188224733526,9078.677267045745,10500.600282048215,results/c1_shards/DRIVE__07_test__obs1.parquet
DRIVE:13_test:obs2,DRIVE,13_test,obs2,197,1564,1569,98,1128.7680262550712,2.4577556625008583,11.144361086189749,3.993644997477531,1.0,"{'sever:no_disconnection': 51, 'truncate:cut_too_short': 4, 'caliber:invariants_changed': 2}",,full,1.6946995695366789,1.3786992632301702,0.1467692307692307,0.1467692307692307,227500.0,1.6946995695366789,1.651834459917204,1.6243894660610034,66.22345980163782,1.111480651911277,126.0,144.0,1.0,0.7741362783497516,1.1364391789011254,9433.741192182672,33390.0,0.1467692307692307,227500.0,1.3786992632301702,1.529502954746558,0.9816536597694728,1.780260100672016,416.0,138.0,194.0,227500.0,11033.38707861262,0.0484984047411543,9526.0,1.0895730149129723,1.0834474601588435,286.0,33390.0,0.1467692307692307,1.0,0.9939491259327606,1.2466759966674743,0.9885884732744538,1.992503376778396,46.0,37.0,15.0,15972.0,674.3696244092005,0.0422219900080891,592.0,1.0779224812006374,1.075401939082452,24.0,2405.0,0.1505760080140245,1.111480651911277,1.0895730149129723,9433.741192182672,11033.38707861262,results/c1_shards/DRIVE__13_test__obs2.parquet
DRIVE:12_test:obs1,DRIVE,12_test,obs1,193,1561,1565,76,1131.0721330568194,2.087377592921257,11.884535603225231,4.03001331537962,1.0,"{'sever:no_disconnection': 58, 'truncate:cut_too_short': 3, 'caliber:invariants_changed': 9}",,full,1.674529239700384,1.3629804600122792,0.1251729970782715,0.1251729970782715,227605.0,1.674529239700384,1.623870466353362,1.5905471718881392,87.57454926911905,1.1191083138399691,100.0,131.0,1.0,0.7152997198571602,1.13896419461921,8903.817310628421,28490.0,0.1251729970782715,227605.0,1.3629804600122792,1.5038010502800605,0.9826803750762804,1.7451042780545247,387.0,106.0,156.0,227605.0,10122.147396518332,0.0444724298522366,8712.0,1.1015018294519667,1.094798984030331,246.0,28490.0,0.1251729970782715,1.0,1.0155598126115153,1.228048981403606,0.9935463050219724,1.7848364678253137,74.0,46.0,16.0,24532.0,1143.4600282048218,0.0466109582669501,1010.0,1.0872842753052812,1.0854327541609583,32.0,3642.0,0.1484591553888798,1.1191083138399691,1.1015018294519667,8903.817310628421,10122.147396518332,results/c1_shards/DRIVE__12_test__obs1.parquet
DRIVE:03_test:obs2,DRIVE,03_test,obs2,205,1388,1410,61,1157.315603390336,2.0712182596325874,11.207627221941948,3.8409666568040848,1.0,"{'sever:no_disconnection': 50, 'truncate:cut_too_short': 1, 'truncate:branch_too_short': 3, 'caliber:invariants_changed': 2}",,full,1.669879451108209,1.3462802465030574,0.1300641925866201,0.1300641925866201,225727.0,1.669879451108209,1.6186791241801295,1.5906923437379408,82.77211880737418,1.1354043733109385,87.0,117.0,1.0,0.7452588852218565,1.1573116873118134,8369.61211641954,29359.0,0.1300641925866201,225727.0,1.3462802465030574,1.499698701054351,0.9826429860938752,1.8929223940174689,326.0,91.0,156.0,225727.0,9487.143212436224,0.042029279671622,8213.0,1.1209610835035986,1.10139739101565,221.0,29359.0,0.1300641925866201,1.0,1.007413118702335,1.2321477918434107,0.9964678632545748,2.0383402105016906,43.0,35.0,11.0,27237.0,1005.4600282048218,0.036915226647752,868.0,1.1316359833190504,1.116855769303563,23.0,3556.0,0.1305576972500642,1.1354043733109385,1.1209610835035986,8369.61211641954,9487.143212436224,results/c1_shards/DRIVE__03_test__obs2.parquet
DRIVE:10_test:obs2,DRIVE,10_test,obs2,214,1456,1472,60,1160.2540653944016,1.971370942890644,11.329576805233955,4.37429254502058,1.0,"{'sever:no_disconnection': 47, 'truncate:cut_too_short': 2, 'caliber:invariants_changed': 2}",,full,1.6615716505212967,1.323920208242898,0.1041252441363292,0.1041252441363292,227332.0,1.6615716505212967,1.6031615721416363,1.5675921122479064,77.37009821969966,1.12257693943696,84.0,94.0,2.0,0.7170204778051799,1.1410964466035125,7723.492275372393,23671.0,0.1041252441363292,227332.0,1.323920208242898,1.4514338791389982,0.9845774683604204,1.6643581048163032,311.0,92.0,136.0,227332.0,8963.746242816555,0.039430200072214,7717.0,1.1029869033918545,1.090687565265526,205.0,23671.0,0.1041252441363292,1.0,0.979006488843048,1.1709793494173817,0.9905684173265216,1.7672356946755376,44.0,42.0,10.0,20268.0,724.1808075912434,0.0357302549630572,628.0,1.107182257837175,1.0906932018909885,23.0,2230.0,0.1100256562068285,1.12257693943696,1.1029869033918545,7723.492275372393,8963.746242816555,results/c1_shards/DRIVE__10_test__obs2.parquet
DRIVE:03_test:obs1,DRIVE,03_test,obs1,202,1506,1521,89,1170.966184400022,2.3097064048051834,10.606053560972214,3.908837296068669,1.0,"{'sever:no_disconnection': 50, 'truncate:cut_too_short': 1, 'truncate:branch_too_short': 3, 'caliber:invariants_changed': 6}",,full,1.681797734121013,1.374999475422639,0.1456892618074045,0.1456892618074045,225727.0,1.681797734121013,1.632026097951924,1.6013154401097511,90.0,1.1460782413693238,96.0,147.0,1.0,0.6853948502509026,1.1796541123828812,9230.04775800672,32886.0,0.1456892618074045,225727.0,1.374999475422639,1.5302842043178964,0.983620660881986,1.9303785452561348,443.0,116.0,195.0,225727.0,10683.870267945807,0.047330936343219,9224.0,1.140666615684586,1.1160347616075623,277.0,32886.0,0.1456892618074045,1.0,1.013305951222888,1.2625916464987634,0.9930283031315408,2.171754979405452,37.0,35.0,13.0,26260.0,1062.5310960166871,0.0404619610059667,924.0,1.1483145376883597,1.1325090760232894,27.0,3923.0,0.1493907083015994,1.1460782413693238,1.140666615684586,9230.04775800672,10683.870267945807,results/c1_shards/DRIVE__03_test__obs1.parquet
DRIVE:01_test:obs1,DRIVE,01_test,obs1,200,1643,1669,82,1186.79580771178,1.8389007598161693,11.565086342394352,4.233734734356403,1.0,"{'sever:no_disconnection': 59, 'truncate:cut_too_short': 1, 'caliber:invariants_changed': 5}",,full,1.6861398190967771,1.374356893634307,0.1310829541352277,0.1310829541352277,224377.0,1.6861398190967771,1.6299509850854843,1.5968211318001926,81.27661935831702,1.131400578085207,108.0,133.0,2.0,0.7421553797800056,1.1885159468594069,9349.268104117256,29412.0,0.1310829541352277,224377.0,1.374356893634307,1.509032803822409,0.983072261279143,1.7125146588225866,414.0,131.0,170.0,224377.0,10786.090614056338,0.0480712845525893,9300.0,1.1184460062309711,1.11006060178292,270.0,29412.0,0.1310829541352277,1.0,1.0437389393961565,1.2781554195260478,0.9920333773357332,1.892102046239968,63.0,45.0,17.0,16691.0,932.2935059634516,0.0558560605094632,826.0,1.1030067128053676,1.097635247844932,32.0,3025.0,0.1812353963213708,1.131400578085207,1.1184460062309711,9349.268104117256,10786.090614056338,results/c1_shards/DRIVE__01_test__obs1.parquet
DRIVE:02_test:obs1,DRIVE,02_test,obs1,205,1437,1451,92,1187.819127433002,2.139076054096222,11.19454538822174,3.9085185453295694,1.0,"{'sever:no_disconnection': 48, 'truncate:cut_too_short': 5, 'caliber:invariants_changed': 5}",,full,1.696501963757307,1.3729872583973517,0.1498220688000639,0.1498220688000639,225087.0,1.696501963757307,1.6465411145668398,1.6171036851939298,54.34897758928727,1.124096624671186,109.0,140.0,1.0,0.7449327517199706,1.1457625505955684,9191.604107192825,33723.0,0.1498220688000639,225087.0,1.3729872583973517,1.5276838188238089,0.982761989529126,1.9136242263683416,430.0,134.0,186.0,225087.0,10767.764712248534,0.0478382346037244,9293.0,1.1024210045550025,1.094101561075539,279.0,33723.0,0.1498220688000639,1.0,1.120562166509346,1.33574186189812,0.9884613878771475,2.0678641055851146,85.0,60.0,28.0,26821.0,1442.692567624175,0.0537896636077765,1251.0,1.099334271258439,1.0906739110631358,44.0,5061.0,0.1886954252265016,1.124096624671186,1.1024210045550025,9191.604107192825,10767.764712248534,results/c1_shards/DRIVE__02_test__obs1.parquet
DRIVE:06_test:obs2,DRIVE,06_test,obs2,197,1620,1638,133,1187.9256219789386,2.392454348504544,11.177209675312042,4.121016785502434,1.0,"{'sever:no_disconnection': 63, 'truncate:cut_too_short': 1, 'caliber:invariants_changed': 4}",,full,1.698950951201119,1.4048471268170355,0.1350950993191179,0.1350950993191179,227499.0,1.698950951201119,1.658007204412942,1.629828576141409,60.941437916731886,1.1435567840336278,142.0,165.0,1.0,0.6811122107205312,1.1632783777550015,9921.088522015283,30734.0,0.1350950993191179,227499.0,1.4048471268170355,1.528506388529824,0.985104293819011,1.604747619079451,547.0,175.0,256.0,227499.0,12094.66038204054,0.0531635760246881,10328.0,1.1012020667709064,1.095127417405939,364.0,30734.0,0.1350950993191179,1.0,1.0556896514042189,1.272740602597204,0.9889248789851144,1.720391594977561,47.0,52.0,13.0,13817.0,889.5777772109135,0.0643828455678449,781.0,1.1205345975546803,1.114120934782264,32.0,2640.0,0.1910689730042701,1.1435567840336278,1.1012020667709064,9921.088522015283,12094.66038204054,results/c1_shards/DRIVE__06_test__obs2.parquet
DRIVE:09_test:obs1,DRIVE,09_test,obs1,205,1542,1569,82,1194.8931027576327,2.464871935546398,11.334158957004547,3.884674452245235,1.0,"{'sever:no_disconnection': 52, 'truncate:cut_too_short': 3, 'caliber:invariants_changed': 5}",,full,1.6692829030038314,1.3706390391197911,0.1174558552227005,0.1174558552227005,227660.0,1.6692829030038314,1.6137563708809086,1.5785938941474758,91.03597713326612,1.1415172107641764,103.0,130.0,2.0,0.7371246916708525,1.166551105524554,8831.67517500469,26740.0,0.1174558552227005,227660.0,1.3706390391197911,1.500504983831318,0.981514863755196,1.6678305306282035,379.0,116.0,169.0,227660.0,10173.669257819029,0.0446879963885576,8725.0,1.1278476441050271,1.1188883184312002,259.0,26740.0,0.1174558552227005,1.0,1.067673102439883,1.2918468641046263,0.99411183902857,2.058085267753184,43.0,38.0,16.0,21053.0,932.2346314604056,0.0442803700878927,814.0,1.111250605168981,1.1016770354068413,32.0,3297.0,0.1566047594167102,1.1415172107641764,1.1278476441050271,8831.67517500469,10173.669257819029,results/c1_shards/DRIVE__09_test__obs1.parquet
DRIVE:11_test:obs1,DRIVE,11_test,obs1,195,1693,1706,107,1207.3137889057398,1.9737790748476984,11.50216494500637,3.73961802572012,1.0,"{'sever:no_disconnection': 57, 'caliber:invariants_changed': 4}",,full,1.6994726793083983,1.4077089554282476,0.1296364578120747,0.1296364578120747,227814.0,1.6994726793083983,1.639762265579943,1.5987971467188733,99.83521944907638,1.137288444435501,137.0,175.0,1.0,0.792527105602316,1.1690663482372765,10214.97582364308,29533.0,0.1296364578120747,227814.0,1.4077089554282476,1.522149024725888,0.9830691270163326,1.5980517928523563,599.0,146.0,249.0,227814.0,12197.0968901795,0.0535397161288573,10457.0,1.1204338480813143,1.1103119927722676,342.0,29533.0,0.1296364578120747,1.0,1.047842597281214,1.2492617124519865,0.988150111026798,1.9339479452326616,55.0,42.0,20.0,20047.0,870.7077195258245,0.0434333176797438,763.0,1.1392020874869062,1.1709498175330448,26.0,2840.0,0.1416670823564623,1.137288444435501,1.1204338480813143,10214.97582364308,12197.0968901795,results/c1_shards/DRIVE__11_test__obs1.parquet
DRIVE:06_test:obs1,DRIVE,06_test,obs1,210,1542,1573,131,1251.9375519827008,2.304871425032616,11.21326733380556,3.895917214453221,1.0,"{'sever:no_disconnection': 43, 'truncate:cut_too_short': 2, 'truncate:branch_too_short': 3, 'caliber:invariants_changed': 7}",,full,1.6928360041694668,1.3942975835588398,0.1411214994351623,0.1411214994351623,227499.0,1.6928360041694668,1.6531255529345144,1.626820964484144,51.67872970183584,1.1397732362016662,134.0,161.0,1.0,0.6506502241207823,1.1673495283875828,9464.51788747931,32105.0,0.1411214994351623,227499.0,1.3942975835588398,1.5223957240897226,0.984955932922956,1.7476767979643757,529.0,168.0,218.0,227499.0,11638.136428698788,0.0511568685079881,9989.0,1.1292520095682226,1.1184098742227808,332.0,32105.0,0.1411214994351623,1.0,1.0542655005471726,1.2852421976170934,0.9880705490186736,2.14050407903077,40.0,46.0,8.0,13817.0,815.9797974644666,0.059056220414306,718.0,1.0889553311580369,1.0831824284160922,27.0,2971.0,0.2150249692407903,1.1397732362016662,1.1292520095682226,9464.51788747931,11638.136428698788,results/c1_shards/DRIVE__06_test__obs1.parquet
DRIVE:21_training:obs1,DRIVE,21_training,obs1,157,1352,1360,68,840.4811468198895,2.0984186604619026,0.902683436870575,2.191736936569214,1.0,"{'sever:no_disconnection': 80, 'truncate:branch_too_short': 3, 'truncate:cut_too_short': 3, 'caliber:invariants_changed': 3}",,full,1.6548295681765208,1.3305889877067156,0.1092641843971631,0.1092641843971631,225600.0,1.6548295681765208,1.5901690040752627,1.5459518962912162,81.61872276908363,1.1123678756000717,83.0,112.0,2.0,0.797789914193112,1.1294494866062286,7467.679000149297,24650.0,0.1092641843971631,225600.0,1.3305889877067156,1.4602383730785378,0.9801724493679004,1.7305189898014084,349.0,122.0,138.0,225600.0,8943.614208460593,0.0396436800020416,7774.0,1.0988866239190442,1.0939677241251466,222.0,24650.0,0.1092641843971631,1.0,0.9677521756112272,1.1741078325508236,0.9935500535848516,1.9533188077065693,54.0,33.0,11.0,18500.0,733.0264786586927,0.0396230529004698,647.0,1.11422456361944,1.1047525834998029,23.0,2438.0,0.1317837837837837,1.1123678756000717,1.0988866239190442,7467.679000149297,8943.614208460593,results/c1_shards/DRIVE__21_training__obs1.parquet
DRIVE:16_test:obs1,DRIVE,16_test,obs1,190,1554,1568,80,1049.4336292892694,1.885146856307984,0.915849082171917,2.8660195618867874,1.0,"{'sever:no_disconnection': 63, 'truncate:cut_too_short': 1, 'caliber:invariants_changed': 6}",,full,1.6860788380353704,1.3634152339125691,0.1308378789076567,0.1308378789076567,227694.0,1.6860788380353704,1.6517683322087195,1.6317796970116718,78.3106308245608,1.1072556543002163,110.0,125.0,1.0,0.7446048093114161,1.1443374221102272,8838.361466505705,29791.0,0.1308378789076567,227694.0,1.3634152339125691,1.5053457437275124,0.981737059676228,1.7218114200634962,351.0,110.0,161.0,227694.0,10266.296674817,0.0450881300114056,8812.0,1.09057928182983,1.0849834437048838,265.0,29791.0,0.1308378789076567,1.0,1.05162489827934,1.2488618340530049,0.9909768852457456,1.7437002292165664,46.0,43.0,15.0,27292.0,1185.7981233214462,0.0434485608721034,1025.0,1.0762621252612132,1.0727232170825314,36.0,3624.0,0.132786164443793,1.1072556543002163,1.09057928182983,8838.361466505705,10266.296674817,results/c1_shards/DRIVE__16_test__obs1.parquet
DRIVE:23_training:obs1,DRIVE,23_training,obs1,179,1212,1217,18,855.5732305794954,1.9211176335811613,0.8821917399764061,1.90241888910532,1.0,"{'sever:no_disconnection': 62, 'truncate:branch_too_short': 3, 'caliber:invariants_changed': 8}",,full,1.597362793503876,1.234633564695054,0.0951587951986747,0.0951587951986747,228187.0,1.597362793503876,1.5609055239549192,1.5390066946825496,63.2548219890335,1.1302492996664169,47.0,52.0,1.0,0.6915444374098845,1.1431411987533135,5990.870775560084,21714.0,0.0951587951986747,228187.0,1.234633564695054,1.3995549298900265,0.9851738470559293,1.965615948509725,173.0,40.0,72.0,228187.0,6440.860674292318,0.0282262384548301,5536.0,1.1203178024990197,1.121514386203793,91.0,21714.0,0.0951587951986747,1.0,1.0030286911794302,1.236914200222334,0.990922088352372,2.13965048437262,43.0,39.0,9.0,23651.0,900.6488450227787,0.0380807934135038,784.0,1.1552204871320253,1.1245272112828182,25.0,3433.0,0.1451524248446154,1.1302492996664169,1.1203178024990197,5990.870775560084,6440.860674292318,results/c1_shards/DRIVE__23_training__obs1.parquet
DRIVE:16_test:obs2,DRIVE,16_test,obs2,173,1519,1526,108,1024.7992302328348,1.8587912768125527,1.033554546535015,2.889867849647999,1.0,"{'sever:no_disconnection': 73, 'truncate:cut_too_short': 2, 'caliber:invariants_changed': 5}",,full,1.6757326327273512,1.3727734413860928,0.1233497588869271,0.1233497588869271,227694.0,1.6757326327273512,1.6345149733422475,1.6052343294754792,98.13010235415598,1.1177128514316814,121.0,155.0,1.0,0.6328892724298911,1.1396428374423708,9121.118825818588,28086.0,0.1233497588869271,227694.0,1.3727734413860928,1.497703254701015,0.9835378535829364,1.6673510957211073,473.0,154.0,216.0,227694.0,10946.274380240411,0.0480744963865557,9435.0,1.0880601737268696,1.0867287032851136,319.0,28086.0,0.1233497588869271,1.0,1.0840650270856556,1.2707019896973184,0.9891501461387642,1.7486596230989804,56.0,40.0,22.0,21229.0,1048.6437943888957,0.0493967588859058,899.0,1.0740095996409773,1.0732725152233535,36.0,2939.0,0.1384426963116491,1.1177128514316814,1.0880601737268696,9121.118825818588,10946.274380240411,results/c1_shards/DRIVE__16_test__obs2.parquet
DRIVE:15_test:obs2,DRIVE,15_test,obs2,213,1636,1645,22,1124.1173848956823,2.071642905473709,0.9085216149687768,2.701146937906742,1.0,"{'sever:no_disconnection': 48, 'truncate:cut_too_short': 1, 'caliber:invariants_changed': 3}",,full,1.6573816599907796,1.304725860255021,0.1082526363932205,0.1082526363932205,227394.0,1.6573816599907796,1.6138037915520305,1.584117511607817,51.74557964748282,1.1031390405851471,59.0,73.0,1.0,0.6555130494133115,1.1171662535185765,7890.133977720237,24616.0,0.1082526363932205,227394.0,1.304725860255021,1.447703405063974,0.9827285702124016,1.6725719880709564,206.0,57.0,97.0,227394.0,8591.716805565035,0.0377833927261274,7352.0,1.104302457076301,1.0971226191125667,134.0,24616.0,0.1082526363932205,1.0,1.0949715123110546,1.251436304948958,0.9866208659058454,1.6854693475243088,62.0,59.0,17.0,53153.0,1958.3220766631969,0.0368431147190788,1695.0,1.0820343348288404,1.0825528796129833,45.0,5824.0,0.1095704852030929,1.1031390405851471,1.104302457076301,7890.133977720237,8591.716805565035,results/c1_shards/DRIVE__15_test__obs2.parquet
DRIVE:17_test:obs2,DRIVE,17_test,obs2,184,1443,1455,77,993.9025389030576,1.8136872127652168,0.938558116555214,2.301396131515503,1.0,"{'sever:no_disconnection': 64, 'truncate:cut_too_short': 1, 'caliber:invariants_changed': 3}",,full,1.6480127765098938,1.3329560329097734,0.107980202227692,0.107980202227692,225884.0,1.6480127765098938,1.5911322737229583,1.5524563892838732,57.50087675594895,1.1321521340251337,100.0,111.0,1.0,0.6885078973233516,1.160910046630924,8048.719764157862,24391.0,0.107980202227692,225884.0,1.3329560329097734,1.459678616601268,0.9840176374362992,1.7038862318649683,315.0,104.0,145.0,225884.0,9214.346314604054,0.0407923815524962,7890.0,1.1109507728627743,1.0989941306682518,226.0,24391.0,0.107980202227692,1.0,0.9960288526914626,1.1717850203265203,0.9917225938869224,1.7650450183199973,45.0,42.0,9.0,20969.0,827.7077195258244,0.0394729228635521,724.0,1.0820563154697118,1.080160142901555,25.0,2426.0,0.1156945967857313,1.1321521340251337,1.1109507728627743,8048.719764157862,9214.346314604054,results/c1_shards/DRIVE__17_test__obs2.parquet
DRIVE:29_training:obs1,DRIVE,29_training,obs1,150,1404,1408,101,847.1920349225402,1.8359813913702965,1.2204006388783455,2.6953760907053947,1.0,"{'sever:no_disconnection': 81, 'truncate:cut_too_short': 6, 'truncate:branch_too_short': 6, 'caliber:invariants_changed': 6}",,full,1.6853603994093378,1.3626671169211348,0.1220277243751897,0.1220277243751897,227309.0,1.6853603994093378,1.623798039108684,1.5838294632033068,86.60508677252437,1.1322137732091144,124.0,155.0,1.0,0.7565985212217836,1.1452516677004914,8727.255910808435,27738.0,0.1220277243751897,227309.0,1.3626671169211348,1.4850257785327603,0.9830479820119524,1.720307909980798,470.0,141.0,207.0,227309.0,10547.39422128756,0.0464011289534842,8983.0,1.1073056801397625,1.1042148824991296,318.0,27738.0,0.1220277243751897,1.0,1.022293199684986,1.2607158451725735,0.9939373677979156,1.943442221879821,50.0,36.0,14.0,16135.0,813.4356415871822,0.0504143564665126,701.0,1.1004642060006131,1.0940729544905954,26.0,2649.0,0.1641772544158661,1.1322137732091144,1.1073056801397625,8727.255910808435,10547.39422128756,results/c1_shards/DRIVE__29_training__obs1.parquet
DRIVE:15_test:obs1,DRIVE,15_test,obs1,217,1601,1602,31,1166.7946592494843,1.961362674832344,0.8424933925271034,2.484511859714985,1.0,"{'sever:no_disconnection': 36, 'truncate:cut_too_short': 2, 'caliber:invariants_changed': 4}",,full,1.6472205006921434,1.3171361868657785,0.1038373923674327,0.1038373923674327,227394.0,1.6472205006921434,1.586102409104816,1.5459998644110595,54.793354921138665,1.1147561160166355,60.0,86.0,1.0,0.7877357568219061,1.1462769324537505,8064.146171029058,23612.0,0.1038373923674327,227394.0,1.3171361868657785,1.4477335848484925,0.9826169940091644,1.6526695604041166,271.0,74.0,120.0,227394.0,8945.937151675567,0.0393411310398496,7648.0,1.1068441549652477,1.0976047313465074,162.0,23612.0,0.1038373923674327,1.0,1.132336676682528,1.2516498027164094,0.9853582778047758,1.6136042513909896,100.0,80.0,34.0,73567.0,2833.983114994795,0.0385224776733425,2431.0,1.083145977629843,1.080401676079811,70.0,7403.0,0.1006293582720513,1.1147561160166355,1.1068441549652477,8064.146171029058,8945.937151675567,results/c1_shards/DRIVE__15_test__obs1.parquet
DRIVE:17_test:obs1,DRIVE,17_test,obs1,200,1472,1481,67,1059.578227840364,1.8005863800644877,0.94371547549963,2.5911773666739464,1.0,"{'sever:no_disconnection': 41, 'truncate:cut_too_short': 2, 'caliber:invariants_changed': 6}",,full,1.665279383155433,1.329395150441619,0.1232977988702165,0.1232977988702165,225884.0,1.665279383155433,1.623247198750526,1.5954665382032105,70.15688571813064,1.124204344896826,95.0,114.0,1.0,0.7213819390449034,1.1466650092165842,8255.86904245653,27851.0,0.1232977988702165,225884.0,1.329395150441619,1.472202176317437,0.983148193394054,1.7659877209097183,331.0,97.0,138.0,225884.0,9340.897613156278,0.041352630611979,7982.0,1.1158249029669036,1.1013593104009272,217.0,27851.0,0.1232977988702165,1.0,0.9900004738662151,1.1952403368927078,0.99461091143599,1.805896195655056,51.0,39.0,10.0,21131.0,843.050865276332,0.0398964017451295,739.0,1.093783540063658,1.0949308137074991,27.0,2728.0,0.1290994273815721,1.124204344896826,1.1158249029669036,8255.86904245653,9340.897613156278,results/c1_shards/DRIVE__17_test__obs1.parquet
DRIVE:26_training:obs1,DRIVE,26_training,obs1,168,1333,1334,55,907.4964395239948,1.6128767728805542,0.8047768622636795,2.385834790766239,1.0,"{'sever:no_disconnection': 75, 'truncate:branch_too_short': 3, 'truncate:cut_too_short': 2}",,full,1.6554171792929475,1.317649626417172,0.1221544968279636,0.1221544968279636,225092.0,1.6554171792929475,1.5991196140337136,1.5641080610544251,73.02560552022945,1.1187522603133453,83.0,94.0,1.0,0.7135358206515561,1.1448059555816177,7714.440543544284,27496.0,0.1221544968279636,225092.0,1.317649626417172,1.4669134209445618,0.9816884776721136,1.9120967376067453,281.0,81.0,130.0,225092.0,8856.439676992506,0.0393458660325222,7576.0,1.1093826896995351,1.098569643516474,196.0,27496.0,0.1221544968279636,1.0,1.0341273418333168,1.244441897128404,0.991444434448978,1.895410569849895,47.0,38.0,14.0,20166.0,954.3767670841366,0.0473260322862311,832.0,1.1144728759975349,1.094026259323026,28.0,2993.0,0.1484181295249429,1.1187522603133453,1.1093826896995351,7714.440543544284,8856.439676992506,results/c1_shards/DRIVE__26_training__obs1.parquet
DRIVE:18_test:obs1,DRIVE,18_test,obs1,197,1493,1501,61,1025.4869011566043,1.899912975728512,0.8080138713121414,2.372413255274296,1.0,"{'sever:no_disconnection': 55, 'caliber:invariants_changed': 6}",,full,1.650398719291165,1.315085722101229,0.1148621338066534,0.1148621338066534,227612.0,1.650398719291165,1.6088449651533947,1.5806852393454018,68.28118888917163,1.1160498274779678,88.0,89.0,1.0,0.7068988172277018,1.1526512940970317,7975.874093090413,26144.0,0.1148621338066534,227612.0,1.315085722101229,1.453584737664949,0.9835521725251036,1.7521521223714829,269.0,87.0,117.0,227612.0,8950.76557880031,0.0393246646872761,7659.0,1.287038362062472,1.266126595090337,192.0,26144.0,0.1148621338066534,1.0,1.0679280934447273,1.287205931987042,0.9928750376675826,2.052466812553763,26.0,31.0,7.0,20317.0,830.6366517139587,0.0408838239756833,725.0,1.094036586637692,1.0896395039898978,19.0,3079.0,0.1515479647585765,1.1160498274779678,1.287038362062472,7975.874093090413,8950.76557880031,results/c1_shards/DRIVE__18_test__obs1.parquet
DRIVE:25_training:obs1,DRIVE,25_training,obs1,165,1410,1434,79,942.01609942317,2.0031766667962074,1.1051320806145668,2.937035843729973,1.0,"{'sever:no_disconnection': 85, 'truncate:cut_too_short': 6, 'truncate:branch_too_short': 3, 'caliber:invariants_changed': 2}",,full,1.6758817698298298,1.3560780252994336,0.1392668959632656,0.1392668959632656,227362.0,1.6758817698298298,1.6281307163848378,1.5986150015639204,101.6931969836651,1.1463346732075224,108.0,127.0,1.0,0.7761491859884444,1.1820927803552983,8949.728998873852,31664.0,0.1392668959632656,227362.0,1.3560780252994336,1.5124465128818434,0.9849309842513594,1.9037046384037584,397.0,116.0,180.0,227362.0,10222.225607005132,0.044960132330843,8766.0,1.1613793027597192,1.1387792595706674,250.0,31664.0,0.1392668959632656,1.0,1.0800219309483154,1.3172908241430092,0.9911964507987518,2.108193549142753,58.0,53.0,17.0,23927.0,1195.4549775709384,0.0499625936210531,1036.0,1.146059420816738,1.1389883266455436,37.0,4370.0,0.182638859865424,1.1463346732075224,1.1613793027597192,8949.728998873852,10222.225607005132,results/c1_shards/DRIVE__25_training__obs1.parquet
DRIVE:18_test:obs2,DRIVE,18_test,obs2,193,1442,1451,98,1070.304526567459,1.8987876996397968,0.942058563232422,2.670017547905445,1.0,"{'sever:no_disconnection': 57, 'truncate:cut_too_short': 3, 'caliber:invariants_changed': 6}",,full,1.6719585283988654,1.3480627691044496,0.1332135388292357,0.1332135388292357,227612.0,1.6719585283988654,1.6211437564159852,1.590234080704114,96.7054453170387,1.121321129697197,102.0,130.0,1.0,0.693233285809661,1.1467097781080826,8607.023371389081,30321.0,0.1332135388292357,227612.0,1.3480627691044496,1.492032381131511,0.9835665790820703,1.867573194771888,410.0,143.0,170.0,227612.0,10061.272288199358,0.0442036109176992,8640.0,1.104755856499218,1.0955283374344311,260.0,30321.0,0.1332135388292357,1.0,1.0840597553698574,1.3117587704448903,0.991798530563712,2.254275276095169,45.0,39.0,11.0,20047.0,994.0752518939717,0.049587232598093,864.0,1.1213898904674466,1.103320945446988,28.0,3790.0,0.1890557190602085,1.121321129697197,1.104755856499218,8607.023371389081,10061.272288199358,results/c1_shards/DRIVE__18_test__obs2.parquet
DRIVE:19_test:obs2,DRIVE,19_test,obs2,173,1623,1634,106,1030.4693128839135,1.7078821510076525,1.035234086215496,2.497412383556366,1.0,"{'sever:no_disconnection': 81, 'truncate:cut_too_short': 2, 'caliber:invariants_changed': 6}",,full,1.705619870576489,1.391693223895235,0.1440005629144897,0.1440005629144897,227388.0,1.705619870576489,1.6522844388077105,1.6214443329278998,82.76307797403199,1.1219281983755371,120.0,142.0,1.0,0.8267657402208617,1.1419697225576335,9716.218464330195,32744.0,0.1440005629144897,227388.0,1.391693223895235,1.5336594203367973,0.982636760243556,1.7829569611931455,449.0,160.0,203.0,227388.0,11445.290757631336,0.0503337500555497,9795.0,1.1037841411028313,1.0936820252257804,305.0,32744.0,0.1440005629144897,1.0,1.04667112181127,1.305319801944495,0.9843136814132974,2.133516904960448,36.0,47.0,7.0,11393.0,673.695526217005,0.0591324081643996,586.0,1.0762702841736176,1.0779566453487175,26.0,2510.0,0.2203107171069955,1.1219281983755371,1.1037841411028313,9716.218464330195,11445.290757631336,results/c1_shards/DRIVE__19_test__obs2.parquet
DRIVE:31_training:obs1,DRIVE,31_training,obs1,180,1429,1444,25,931.516838774085,1.9565525725483888,0.7440954074263573,2.562397450208664,1.0,"{'sever:no_disconnection': 60, 'truncate:cut_too_short': 2, 'caliber:invariants_changed': 9}",,full,1.6207062372534955,1.2682852925622952,0.0873821371008471,0.0873821371008471,227701.0,1.6207062372534955,1.569383641207573,1.5348359902684725,,1.1257303144552768,51.0,66.0,1.0,0.7689875472864574,1.136821750492159,6860.271929261861,19897.0,0.0873821371008471,227701.0,1.2682852925622952,1.400327017201927,0.9853780126222058,1.6490709720037495,195.0,57.0,88.0,227701.0,7563.582679168015,0.0332171693544078,6454.0,1.108215276513147,1.102395756434125,135.0,19897.0,0.0873821371008471,1.0,1.090934184627423,1.2261260566773478,0.9933556361932128,1.5848381187474208,79.0,63.0,26.0,63473.0,2156.405337783882,0.0339735846388839,1875.0,1.105424326962296,1.0994552932279995,56.0,5545.0,0.0873599798339451,1.1257303144552768,1.108215276513147,6860.271929261861,7563.582679168015,results/c1_shards/DRIVE__31_training__obs1.parquet
DRIVE:30_training:obs1,DRIVE,30_training,obs1,172,1707,1712,43,959.9022056236864,2.052903652191162,0.9227376654744148,2.535024143755436,1.0,"{'sever:no_disconnection': 83, 'truncate:cut_too_short': 3, 'caliber:invariants_changed': 7}",,full,1.6667562531582394,1.351497120352679,0.1138656774869202,0.1138656774869202,227259.0,1.6667562531582394,1.6126150984887564,1.5767090714890448,82.2971894258329,1.1203607908211308,81.0,108.0,1.0,0.643069614656312,1.1500069207270809,8888.912765057928,25877.0,0.1138656774869202,227259.0,1.351497120352679,1.479323313551817,0.9835740978674667,1.6684707600885376,327.0,74.0,136.0,227259.0,9888.189027078675,0.0435106597629958,8464.0,1.1279602272168856,1.110924058164558,197.0,25877.0,0.1138656774869202,1.0,0.984221979637274,1.260722320826306,0.994064019022965,2.175027561123376,34.0,33.0,8.0,11957.0,572.2863632885151,0.0478620359026942,506.0,1.0903806975404389,1.089476001548743,20.0,2219.0,0.1855816676423852,1.1203607908211308,1.1279602272168856,8888.912765057928,9888.189027078675,results/c1_shards/DRIVE__30_training__obs1.parquet
DRIVE:20_test:obs1,DRIVE,20_test,obs1,197,1434,1459,41,1045.090376459062,1.884719431400299,0.8193072006106377,2.329330123960972,1.0,"{'sever:no_disconnection': 59, 'truncate:cut_too_short': 1, 'caliber:invariants_changed': 5}",,full,1.6470651593912553,1.3113494324994972,0.1066441634472119,0.1066441634472119,227523.0,1.6470651593912553,1.597055453053973,1.5658749568645025,109.93799174420556,1.1197237019763755,71.0,89.0,1.0,0.7634862946174459,1.1472477145099065,7598.840471756785,24264.0,0.1066441634472119,227523.0,1.3113494324994972,1.4464550114908732,0.982523998814196,1.7082401643222265,239.0,73.0,114.0,227523.0,8512.092347159894,0.0374120082240472,7373.0,1.105349454504824,1.0955345462055388,177.0,24264.0,0.1066441634472119,1.0,0.906754966967796,1.1754119521542703,0.9936056910453894,2.1116247265204287,23.0,31.0,5.0,15270.0,529.7300141024109,0.034690898107558,469.0,1.0764499333153177,1.0768063696453918,16.0,2039.0,0.1335297969875573,1.1197237019763755,1.105349454504824,7598.840471756785,8512.092347159894,results/c1_shards/DRIVE__20_test__obs1.parquet
DRIVE:28_training:obs1,DRIVE,28_training,obs1,169,1559,1568,87,1008.1837092712522,2.0853024646639824,1.0562096685171127,2.7616171836853027,1.0,"{'sever:no_disconnection': 81, 'truncate:cut_too_short': 1, 'caliber:invariants_changed': 3}",,full,1.6945042592767918,1.3928746168460229,0.1416857654392131,0.1416857654392131,227327.0,1.6945042592767918,1.6377458172319426,1.6008239050407926,92.03940243779655,1.1353136081741295,121.0,157.0,1.0,0.7588562306132383,1.1595388002826963,9693.382894530514,32209.0,0.1416857654392131,227327.0,1.3928746168460229,1.5266108100077562,0.979792246697688,1.768478648302162,493.0,134.0,212.0,227327.0,11336.165865950312,0.0498672215176829,9682.0,1.11194552491378,1.1042033725671514,304.0,32209.0,0.1416857654392131,1.0,1.0120490310210069,1.2556769177283968,0.993558753710928,2.14474952463565,32.0,34.0,8.0,17257.0,760.2518754031088,0.0440546952195114,660.0,1.1099917721214292,1.1018064835426806,23.0,2931.0,0.1698441212261691,1.1353136081741295,1.11194552491378,9693.382894530514,11336.165865950312,results/c1_shards/DRIVE__28_training__obs1.parquet
DRIVE:34_training:obs1,DRIVE,34_training,obs1,168,1615,1630,32,998.3755045980216,1.9158650040626528,1.0842003673315048,2.6230241507291794,1.0,"{'sever:no_disconnection': 91, 'truncate:branch_too_short': 3, 'caliber:invariants_changed': 3}",,full,1.6831487460169905,1.3928256802956935,0.1425210336273185,0.1425210336273185,226542.0,1.6831487460169905,1.6410152681115822,1.615490508689949,77.13809480163066,1.1288029460561844,111.0,136.0,2.0,0.836138642231544,1.158355536228249,9748.091480608116,32287.0,0.1425210336273185,226542.0,1.3928256802956935,1.530931741000747,0.9869716518117224,1.7587315304072773,439.0,66.0,198.0,226542.0,10981.764712248534,0.0484756235587596,9463.0,1.1169164734532868,1.099471075583978,267.0,32287.0,0.1425210336273185,1.0,1.147233764252265,1.369728462691259,0.9881492290257494,1.854273974170775,93.0,49.0,26.0,11779.0,914.3056992722712,0.0776216741041065,788.0,1.102279477038624,1.0935334656395534,32.0,2836.0,0.2407674675269547,1.1288029460561844,1.1169164734532868,9748.091480608116,10981.764712248534,results/c1_shards/DRIVE__34_training__obs1.parquet
DRIVE:19_test:obs1,DRIVE,19_test,obs1,209,1639,1662,64,1132.2578983008862,2.0062625259160995,1.0521962940692902,2.631418243050576,1.0,"{'sever:no_disconnection': 51, 'truncate:cut_too_short': 1, 'caliber:invariants_changed': 4}",,full,1.681245840879115,1.3642320150040426,0.1203537565746653,0.1203537565746653,227388.0,1.681245840879115,1.6322046609100846,1.602897393606882,126.27138800629956,1.1154447472056177,92.0,107.0,1.0,0.7601214389590947,1.1457223633379965,8689.243717499612,27367.0,0.1203537565746653,227388.0,1.3642320150040426,1.4911315023455043,0.9811160821200032,1.679477627001723,327.0,110.0,154.0,227388.0,9905.899705197327,0.043563863111498,8478.0,1.0955943791979763,1.089199722311463,236.0,27367.0,0.1203537565746653,1.0,1.0161625310670264,1.271795760821791,0.9865933195015376,2.0365968601712616,28.0,41.0,5.0,11393.0,561.3990616607232,0.0492757887879156,492.0,1.4804896267239882,1.262932746465883,18.0,2112.0,0.1853769858685157,1.1154447472056177,1.0955943791979763,8689.243717499612,9905.899705197327,results/c1_shards/DRIVE__19_test__obs1.parquet
DRIVE:22_training:obs1,DRIVE,22_training,obs1,193,1715,1722,92,1117.3421391621232,1.908887855708599,1.383213222026825,2.609439179301262,1.0,"{'sever:no_disconnection': 49, 'truncate:cut_too_short': 5, 'truncate:branch_too_short': 3, 'caliber:invariants_changed': 4}",,full,1.7018823867487185,1.37423279720589,0.1308820041636288,0.1308820041636288,227686.0,1.7018823867487185,1.644961804814062,1.6078517242666226,82.03887664208736,1.1600344670760865,106.0,135.0,1.0,0.8009746873055448,1.2148489309575103,9650.937151675564,29800.0,0.1308820041636288,227686.0,1.37423279720589,1.5049774579050768,0.983859509409238,1.681868494042862,407.0,131.0,192.0,227686.0,11145.77185492347,0.0489523811517768,9628.0,1.183161351851814,1.146428959571709,283.0,29800.0,0.1308820041636288,1.0,0.9920991222979664,1.2356782100392687,0.9841374722952224,2.0237464783906787,28.0,38.0,6.0,12772.0,621.5411972844541,0.0486643593238689,546.0,1.1172365219194371,1.1088731196166663,23.0,2206.0,0.1727215784528656,1.1600344670760865,1.183161351851814,9650.937151675564,11145.77185492347,results/c1_shards/DRIVE__22_training__obs1.parquet
DRIVE:35_training:obs1,DRIVE,35_training,obs1,189,1462,1475,67,1019.5100331380964,1.8829113766551016,1.023318886756897,2.328811891376972,1.0,"{'sever:no_disconnection': 58, 'truncate:cut_too_short': 2, 'caliber:invariants_changed': 4}",,full,1.6787701184084227,1.3422582474979066,0.1256863727014751,0.1256863727014751,227646.0,1.6787701184084227,1.6307041548977448,1.6002171814636827,78.06321848456562,1.1234658319458677,96.0,128.0,1.0,0.7214540243677361,1.1569386453627284,8474.461971569093,28612.0,0.1256863727014751,227646.0,1.3422582474979066,1.4867866487709929,0.9817230736391476,1.7364807510098712,349.0,106.0,170.0,227646.0,9841.137295250564,0.0432300031419421,8373.0,1.1152701737774784,1.103697200941889,250.0,28612.0,0.1256863727014751,1.0,0.9475566236266618,1.211633670011905,0.990487587745858,1.882888646308787,28.0,38.0,6.0,11135.0,523.6589462905455,0.0470281945478711,468.0,1.0690002765203035,1.067346570330238,19.0,1811.0,0.1626403233048944,1.1234658319458677,1.1152701737774784,8474.461971569093,9841.137295250564,results/c1_shards/DRIVE__35_training__obs1.parquet
DRIVE:24_training:obs1,DRIVE,24_training,obs1,186,1483,1506,129,1130.560542061925,1.8326549977064133,1.0832762271165848,2.8020865842700005,1.0,"{'sever:no_disconnection': 67, 'truncate:cut_too_short': 6, 'truncate:branch_too_short': 3, 'caliber:invariants_changed': 3}",,full,1.7172401049254593,1.419245429574303,0.1678113171091575,0.1678113171091575,227726.0,1.7172401049254593,1.664001739969425,1.6308805431248448,51.97022303327225,1.135550539429538,139.0,202.0,1.0,0.8263827315703909,1.1574908163303586,10482.326112068522,38215.0,0.1678113171091575,227726.0,1.419245429574303,1.5709394159534271,0.983236101681332,1.9003749548586863,586.0,163.0,267.0,227726.0,12555.02077173375,0.0551321358638616,10793.0,1.11402256960392,1.104037913031556,382.0,38215.0,0.1678113171091575,1.0,1.0592073460884437,1.3368018850357617,0.991494126260736,2.2902064171677465,55.0,44.0,16.0,14496.0,817.3229432149743,0.0563826533674789,714.0,1.0866711911840246,1.0782709814319271,33.0,3311.0,0.2284078366445916,1.135550539429538,1.11402256960392,10482.326112068522,12555.02077173375,results/c1_shards/DRIVE__24_training__obs1.parquet
DRIVE:32_training:obs1,DRIVE,32_training,obs1,188,1552,1577,54,1068.573312960565,1.83653537184,0.7996882274746895,2.615574039518833,1.0,"{'sever:no_disconnection': 68, 'truncate:branch_too_short': 3, 'truncate:cut_too_short': 1, 'caliber:invariants_changed': 5}",,full,1.664712091131884,1.3453212651778523,0.1198342698627213,0.1198342698627213,224944.0,1.664712091131884,1.6098901678361863,1.5763424168085125,83.81201945052817,1.1166992029812914,94.0,110.0,1.0,0.7353782815760646,1.138125218036838,8578.567527266365,26956.0,0.1198342698627213,224944.0,1.3453212651778523,1.476114969702841,0.9840562421271952,1.7565884400357066,330.0,86.0,141.0,224944.0,9766.679359086796,0.0434182701431769,8377.0,1.0986269614432995,1.0942685526980374,211.0,26956.0,0.1198342698627213,1.0,0.9249892582161616,1.2262216557986352,0.9875908192162424,2.304276181507438,23.0,31.0,3.0,14573.0,576.9726547895302,0.0395918928696582,516.0,1.066759316603805,1.069008979088367,16.0,2492.0,0.1710011665408632,1.1166992029812914,1.0986269614432995,8578.567527266365,9766.679359086796,results/c1_shards/DRIVE__32_training__obs1.parquet
DRIVE:27_training:obs1,DRIVE,27_training,obs1,187,1663,1676,86,1143.8023683279753,1.905428759753704,1.1080656945705414,3.152217954397201,1.0,"{'sever:no_disconnection': 71, 'truncate:cut_too_short': 4, 'caliber:invariants_changed': 3}",,full,1.682457520892336,1.3858440621650518,0.1276017662602161,0.1276017662602161,227826.0,1.682457520892336,1.6314075943397082,1.5945306175273002,82.11892487534753,1.1368070667331491,114.0,156.0,1.0,0.7075066811924771,1.1595529324986324,9768.341263970173,29071.0,0.1276017662602161,227826.0,1.3858440621650518,1.5091469320025028,0.984128215144534,1.6406035632735816,544.0,130.0,204.0,227826.0,11417.60237408927,0.0501154493959832,9799.0,1.1406331544784325,1.1055372126174514,285.0,29071.0,0.1276017662602161,1.0,1.0624360388833831,1.2570727086737763,0.994152767367775,1.683160503871172,59.0,43.0,13.0,19711.0,1033.4427842621187,0.0524297490874191,879.0,1.092426981502923,1.0853567559404331,28.0,2936.0,0.1489523616254883,1.1368070667331491,1.1406331544784325,9768.341263970173,11417.60237408927,results/c1_shards/DRIVE__27_training__obs1.parquet
DRIVE:20_test:obs2,DRIVE,20_test,obs2,203,1497,1518,131,1209.9352262616158,1.9144368842244148,1.1597979739308355,2.927555598318577,1.0,"{'sever:no_disconnection': 52, 'truncate:cut_too_short': 6, 'caliber:invariants_changed': 4}",,full,1.6855635135125024,1.3984312833056285,0.1342941153202093,0.1342941153202093,227523.0,1.6855635135125024,1.633611694102401,1.5990224934622206,132.96260340716682,1.136717824301522,120.0,175.0,2.0,0.7185668033400796,1.1675896643476016,9510.096531241998,30555.0,0.1342941153202093,227523.0,1.3984312833056285,1.525041264842201,0.9828997728094068,1.676538162566228,607.0,187.0,249.0,227523.0,11597.602374089269,0.0509733186275201,9985.0,1.1095140996847896,1.0983391867214485,338.0,30555.0,0.1342941153202093,1.0,1.036553432399116,1.2735378906940704,0.9928494384374104,2.010308235207592,50.0,47.0,14.0,15270.0,794.4945160902281,0.0520297652973299,698.0,1.1270286809494532,1.1378874020777048,28.0,2705.0,0.1771447282252783,1.136717824301522,1.1095140996847896,9510.096531241998,11597.602374089269,results/c1_shards/DRIVE__20_test__obs2.parquet
DRIVE:36_training:obs1,DRIVE,36_training,obs1,186,1558,1564,75,1071.8083423003554,1.983741231262684,0.9435562416911124,2.754848174750805,1.0,"{'sever:no_disconnection': 68, 'caliber:invariants_changed': 4}",,full,1.7046871396948031,1.3885542668277218,0.1579283240250509,0.1579283240250509,227217.0,1.7046871396948031,1.664960999375626,1.6387594120474287,110.17144406927125,1.1043152607484654,123.0,154.0,2.0,0.7784489214950918,1.1267768045159143,9813.130152575628,35884.0,0.1579283240250509,227217.0,1.3885542668277218,1.5452517912133144,0.9800842230418468,1.870138821240196,387.0,114.0,185.0,227217.0,11433.35677480932,0.0503191080544559,9742.0,1.0952374731678982,1.0889872266045242,296.0,35884.0,0.1579283240250509,1.0,0.9628142644908104,1.23917081527764,0.9919470935608796,2.2025486947376103,32.0,36.0,7.0,17321.0,724.5828278447966,0.0418326209713525,640.0,1.0826643790742645,1.0772323582844,21.0,2875.0,0.1659834882512557,1.1043152607484654,1.0952374731678982,9813.130152575628,11433.35677480932,results/c1_shards/DRIVE__36_training__obs1.parquet
DRIVE:33_training:obs1,DRIVE,33_training,obs1,208,1496,1512,86,1173.8501065298915,1.8574184700846672,0.92289187759161,2.63005381077528,1.0,"{'sever:no_disconnection': 43, 'truncate:cut_too_short': 1, 'caliber:invariants_changed': 6}",,full,1.6694465136314285,1.3371969029856088,0.1171477750748667,0.1171477750748667,227738.0,1.6694465136314285,1.606801921450879,1.5672114280855405,75.39136504494792,1.1121320343559644,98.0,123.0,1.0,0.7582930992420813,1.1416402224585518,8422.175608280579,26679.0,0.1171477750748667,227738.0,1.3371969029856088,1.4693147605665156,0.982301662171652,1.7190030295849614,342.0,119.0,150.0,227738.0,9806.914857098978,0.0430622682955807,8470.0,1.1030134040570825,1.094278647632413,254.0,26679.0,0.1171477750748667,1.0,0.9816530901007936,1.2066003598854658,0.9898854491909852,2.0514544953415474,29.0,37.0,7.0,18672.0,739.7249634685276,0.0396168039561122,653.0,1.2561855962967434,1.1682454382222125,20.0,2647.0,0.1417630676949443,1.1121320343559644,1.1030134040570825,8422.175608280579,9806.914857098978,results/c1_shards/DRIVE__33_training__obs1.parquet
DRIVE:40_training:obs1,DRIVE,40_training,obs1,157,1567,1576,51,844.4808104783297,2.021502174437046,0.7238836213946342,2.671147033572197,1.0,"{'sever:no_disconnection': 95, 'caliber:invariants_changed': 3}",,full,1.6552760545114158,1.3331295510331005,0.1101447742913285,0.1101447742913285,226974.0,1.6552760545114158,1.6038238759899728,1.5725923571132985,88.802876116754,1.112179593370007,84.0,87.0,1.0,0.7288668250970789,1.1316901497285023,8006.322794538195,25000.0,0.1101447742913285,226974.0,1.3331295510331005,1.4602645354244062,0.980196095637512,1.6999923719758787,231.0,81.0,114.0,226974.0,8966.268104117253,0.0395035030625413,7693.0,1.0965544078517724,1.0891156334641054,189.0,25000.0,0.1101447742913285,1.0,0.9264469932170312,1.1608804531976753,0.9960026612705876,2.083689561949896,24.0,30.0,5.0,16905.0,588.3574311003805,0.034803752209428,521.0,1.0903922919942948,1.0821834150028136,19.0,2170.0,0.1283643892339544,1.112179593370007,1.0965544078517724,8006.322794538195,8966.268104117253,results/c1_shards/DRIVE__40_training__obs1.parquet
DRIVE:38_training:obs1,DRIVE,38_training,obs1,168,1516,1520,56,929.2815876603128,1.7276704162359238,0.9786470085382462,2.6014426425099373,1.0,"{'sever:no_disconnection': 86, 'truncate:cut_too_short': 3, 'caliber:invariants_changed': 6}",,full,1.679906982739254,1.354096468808831,0.1258796590989462,0.1258796590989462,226224.0,1.679906982739254,1.6395427196745278,1.6142793792288117,80.68891503132167,1.113250077595842,91.0,111.0,1.0,0.7036617726580876,1.1329343263943792,8609.141120395172,28477.0,0.1258796590989462,226224.0,1.354096468808831,1.4952386235443396,0.9804927274428268,1.734288167634678,297.0,84.0,139.0,226224.0,9757.19912834644,0.0431306984596967,8401.0,1.0966752875918866,1.0883357881745572,227.0,28477.0,0.1258796590989462,1.0,1.0279492019446446,1.256481046245194,0.9885184210984046,1.839569748961108,39.0,39.0,11.0,14155.0,768.0681092190354,0.0542612581574733,680.0,1.083160777620523,1.082130557003388,30.0,2568.0,0.1814199929353585,1.113250077595842,1.0966752875918866,8609.141120395172,9757.19912834644,results/c1_shards/DRIVE__38_training__obs1.parquet
DRIVE:37_training:obs1,DRIVE,37_training,obs1,173,1410,1410,74,945.1804817914964,2.083376787602901,0.8034121617674828,2.313204325735569,1.0,"{'sever:no_disconnection': 73, 'truncate:cut_too_short': 2, 'caliber:invariants_changed': 3}",,full,1.6709731007916089,1.3437218890447888,0.1269488436787478,0.1269488436787478,227186.0,1.6709731007916089,1.625183877832538,1.595543481162222,78.17675145940161,1.116524140315568,95.0,124.0,1.0,0.6793279344737402,1.1499510941012174,8247.491408820617,28841.0,0.1269488436787478,227186.0,1.3437218890447888,1.4870167930325728,0.9811203527406256,1.7752823461624745,341.0,104.0,157.0,227186.0,9668.095664690223,0.0425558602409049,8210.0,1.0956423965626874,1.0873935587716907,254.0,28841.0,0.1269488436787478,1.0,0.983578277404182,1.2342378077539975,0.994917683567121,2.095013230657865,15.0,24.0,2.0,15911.0,527.1980515339465,0.0331341871368202,445.0,1.0776214084026996,1.079030213613518,15.0,2052.0,0.1289673810571303,1.116524140315568,1.0956423965626874,8247.491408820617,9668.095664690223,results/c1_shards/DRIVE__37_training__obs1.parquet
DRIVE:39_training:obs1,DRIVE,39_training,obs1,201,1577,1595,68,1110.1960331946611,1.9026820436120035,0.909005470573902,2.3647418841719627,1.0,"{'sever:no_disconnection': 56, 'truncate:cut_too_short': 2, 'caliber:invariants_changed': 3}",,full,1.6775788593743737,1.3617374037242092,0.1246285061109645,0.1246285061109645,227460.0,1.6775788593743737,1.6321016692816173,1.6048511892226345,84.84744631193371,1.1411764619698272,100.0,111.0,2.0,0.7231491744363199,1.176461616404984,8798.942202309448,28348.0,0.1246285061109645,227460.0,1.3617374037242092,1.5018216669068836,0.980714139491838,1.7280345244328037,304.0,104.0,140.0,227460.0,9922.41442382309,0.0436226783778382,8499.0,1.1431434143129506,1.12184513743452,230.0,28348.0,0.1246285061109645,1.0,1.003711250337388,1.261587407297153,0.9873343599459256,2.1172771093996103,23.0,34.0,4.0,11777.0,544.286363288515,0.0462160451123813,481.0,1.0964368307173338,1.1008782284200311,19.0,2089.0,0.1773796382779995,1.1411764619698272,1.1431434143129506,8798.942202309448,9922.41442382309,results/c1_shards/DRIVE__39_training__obs1.parquet
CHASE_DB1:Image_01R:obs1,CHASE_DB1,Image_01R,obs1,172,2193,2218,49,1993.092837288976,2.03058572858572,2.581371657550335,5.512379921972752,1.0,"{'sever:no_disconnection': 71, 'caliber:invariants_changed': 3}",,full,1.5703126744161708,1.2263969880786596,0.1095945397394515,0.1095945397394515,662679.0,1.5703126744161708,1.5245556857703635,1.5006902392789752,97.64791572985963,1.0904506769471105,72.0,77.0,1.0,0.7483174128830206,1.1027962712328507,11539.288665590288,72626.0,0.1095945397394515,662679.0,1.2263969880786596,1.4599316565545482,0.9830517504879898,3.3284552819909967,181.0,71.0,91.0,662679.0,12277.08469687068,0.0185264429638945,10618.0,1.0941932924144189,1.0826183740266373,157.0,72626.0,0.1095945397394515,1.0,1.0525248488528174,1.3019362875405311,0.991302473751073,3.0925078541477267,57.0,57.0,18.0,161703.0,3110.9343417595155,0.0192385691159688,2756.0,1.0750092883229638,1.0719034756746475,52.0,17393.0,0.1075613934187986,1.0904506769471105,1.0941932924144189,11539.288665590288,12277.08469687068,results/c1_shards/CHASE_DB1__Image_01R__obs1.parquet
CHASE_DB1:Image_11R:obs1,CHASE_DB1,Image_11R,obs1,165,2026,2027,24,1781.3144196718931,2.0795816257596016,2.224132962524891,5.287660025060177,1.0,"{'sever:no_disconnection': 76, 'caliber:invariants_changed': 5}",,full,1.537373478205626,1.1894163691205255,0.0767122054421462,0.0767122054421462,666465.0,1.537373478205626,1.4947531805079923,1.4700269856630108,97.87325459881092,1.0940564825465189,48.0,46.0,1.0,0.6623628566522135,1.132084159944851,9484.85807463699,51126.0,0.0767122054421462,666465.0,1.1894163691205255,1.3997744045282403,0.9866032611961052,2.903452244042396,109.0,37.0,54.0,666465.0,9924.232749680072,0.0148908536077364,8460.0,1.1166358507374934,1.106023293343456,98.0,51126.0,0.0767122054421462,1.0,0.9764658803239288,1.2852940673531217,0.9971224278623202,3.3665848608774587,24.0,30.0,6.0,43584.0,903.6194077712556,0.020732824150405,781.0,1.1052218470160784,1.1002420019695252,18.0,5485.0,0.1258489353891336,1.0940564825465189,1.1166358507374934,9484.85807463699,9924.232749680072,results/c1_shards/CHASE_DB1__Image_11R__obs1.parquet
CHASE_DB1:Image_04R:obs1,CHASE_DB1,Image_04R,obs1,196,2072,2117,28,2192.1765400767326,2.1139155998826027,2.491984590888024,5.238692343235016,1.0,"{'sever:no_disconnection': 62, 'truncate:cut_too_short': 1, 'caliber:invariants_changed': 2}",,full,1.5595547941016157,1.2182686553034248,0.1106426376376903,0.1106426376376903,664807.0,1.5595547941016157,1.5121627017715134,1.4892278834338446,81.45158241857605,1.1007663674003942,58.0,61.0,2.0,0.6373029668859358,1.132844577353174,11031.371926710975,73556.0,0.1106426376376903,664807.0,1.2182686553034248,1.4570278114903592,0.9828851318413666,3.4694285287826685,145.0,59.0,71.0,664807.0,11882.422791987308,0.0178734922947371,10200.0,1.1382576993992846,1.1131451023640568,127.0,73556.0,0.1106426376376903,1.0,1.0919134925775795,1.3317597075779997,0.989033417634046,3.1267648239067527,67.0,56.0,23.0,216201.0,3973.560892205707,0.0183790125494595,3436.0,1.1282187283941467,1.1009413560586214,55.0,22428.0,0.1037368004773336,1.1007663674003942,1.1382576993992846,11031.371926710975,11882.422791987308,results/c1_shards/CHASE_DB1__Image_04R__obs1.parquet
CHASE_DB1:Image_01L:obs1,CHASE_DB1,Image_01L,obs1,207,2350,2369,31,2302.776331938803,2.1834395080804825,2.490077927708626,5.223613053560257,1.0,"{'sever:no_disconnection': 41, 'truncate:cut_too_short': 1, 'caliber:invariants_changed': 3}",,full,1.5660160788997983,1.2186229726787872,0.1005144749691901,0.1005144749691901,664561.0,1.5660160788997983,1.5143813104742283,1.4870619050684522,70.57509236183316,1.0920817535385137,59.0,53.0,4.0,0.7578111397568816,1.1133080082357951,11479.913123995428,66798.0,0.1005144749691901,664561.0,1.2186229726787872,1.4428990283129377,0.984670245070934,3.1323280443988897,142.0,59.0,69.0,664561.0,12054.684768658184,0.0181393201958257,10319.0,1.1140991120406885,1.0969894390008976,114.0,66798.0,0.1005144749691901,1.0,1.0267606390924129,1.2896045293047376,0.9922332093897164,3.098669554528792,48.0,54.0,12.0,149509.0,2817.556708123602,0.0188453986591014,2425.0,1.1640297923966445,1.100021374241253,42.0,15829.0,0.1058732250232427,1.0920817535385137,1.1140991120406885,11479.913123995428,12054.684768658184,results/c1_shards/CHASE_DB1__Image_01L__obs1.parquet
CHASE_DB1:Image_11L:obs1,CHASE_DB1,Image_11L,obs1,185,2244,2244,26,2061.628978893161,2.2566004917025566,2.608448840677738,5.025746569037437,1.0,"{'sever:no_disconnection': 55, 'caliber:invariants_changed': 2}",,full,1.5499245916755238,1.200718283148007,0.0765578830552464,0.0765578830552464,667717.0,1.5499245916755238,1.4972628617363086,1.464579595865295,86.0320818620131,1.088876256775881,56.0,52.0,1.0,0.6448540176191448,1.1028847804994382,10323.20749651066,51119.0,0.0765578830552464,667717.0,1.200718283148007,1.3981180923309726,0.983391020520764,2.653056892454164,124.0,47.0,61.0,667717.0,10875.292849672398,0.0162872786669687,9184.0,1.0986633347955022,1.09141250689185,110.0,51119.0,0.0765578830552464,1.0,0.9700251437838208,1.2814622214127662,0.9958947211632966,3.190283246108795,32.0,34.0,10.0,34432.0,934.5777772109132,0.0271427096076589,819.0,1.1010512115461193,1.0895760833308352,28.0,5295.0,0.1537813661710037,1.088876256775881,1.0986633347955022,10323.20749651066,10875.292849672398,results/c1_shards/CHASE_DB1__Image_11L__obs1.parquet
CHASE_DB1:Image_02R:obs1,CHASE_DB1,Image_02R,obs1,200,2711,2714,47,2404.7318919226527,2.187449239194393,2.713392063975334,5.792911112308502,1.0,"{'sever:no_disconnection': 52, 'caliber:invariants_changed': 6}",,full,1.5998485482562923,1.256577436238185,0.1126343493066865,0.1126343493066865,661894.0,1.5998485482562923,1.548245229107262,1.5182704364978807,82.5788840674294,1.0964834009294278,86.0,89.0,3.0,0.6555891887623848,1.1174212384973503,13665.458505361992,74552.0,0.1126343493066865,661894.0,1.256577436238185,1.4611964449314196,0.9808717963045792,2.949613907812884,219.0,83.0,104.0,661894.0,14558.148980945112,0.0219946834099494,12525.0,1.1079840896859263,1.0916756064408877,182.0,74552.0,0.1126343493066865,1.0,1.0800524997428074,1.2968079441806457,0.9919347092545856,2.766678830410196,81.0,63.0,30.0,194310.0,4174.798482258943,0.0214852477086045,3607.0,1.0933595708132555,1.0769893698076478,73.0,19872.0,0.1022695692450208,1.0964834009294278,1.1079840896859263,13665.458505361992,14558.148980945112,results/c1_shards/CHASE_DB1__Image_02R__obs1.parquet
CHASE_DB1:Image_10L:obs1,CHASE_DB1,Image_10L,obs1,196,2561,2573,53,2279.002367384732,1.9780569896101952,2.5085151866078377,5.434824541211128,1.0,"{'sever:no_disconnection': 54, 'caliber:invariants_changed': 2}",,full,1.5854084672043238,1.2428771816069784,0.0905410090595275,0.0905410090595275,663390.0,1.5854084672043238,1.532137743120923,1.5012200082923286,77.23678655213024,1.0886248849229925,79.0,74.0,2.0,0.7494260358684146,1.101952593353283,12007.665432674425,60064.0,0.0905410090595275,663390.0,1.2428771816069784,1.4393303924282892,0.9815382743819644,2.644879402575113,182.0,79.0,86.0,663390.0,12901.51528782398,0.0194478591595049,11095.0,1.1006622281978744,1.0890201922747944,158.0,60064.0,0.0905410090595275,1.0,1.00423776029624,1.2567898220892233,0.9915210961920812,2.7732480196268243,43.0,50.0,9.0,115783.0,2323.098771959833,0.0200642475316741,2008.0,1.0869100323086285,1.0807368762869796,35.0,11814.0,0.1020357047234913,1.0886248849229925,1.1006622281978744,12007.665432674425,12901.51528782398,results/c1_shards/CHASE_DB1__Image_10L__obs1.parquet
CHASE_DB1:Image_10R:obs1,CHASE_DB1,Image_10R,obs1,189,2756,2756,56,2285.109029538929,2.195416741073132,2.507116973400116,5.231165140867233,1.0,"{'sever:no_disconnection': 55, 'caliber:invariants_changed': 6}",,full,1.5916923000190877,1.259827728964684,0.089575325700333,0.089575325700333,662649.0,1.5916923000190877,1.5359324418311668,1.5040770682164215,94.02870753687802,1.0914226888781906,79.0,81.0,1.0,0.7089419591286585,1.1149155161405446,12745.97618258058,59357.0,0.089575325700333,662649.0,1.259827728964684,1.4450247972363524,0.9824115117344966,2.4619641833203034,204.0,76.0,95.0,662649.0,13612.980366662689,0.0205432745943368,11678.0,1.0947902668348584,1.086091365703976,172.0,59357.0,0.089575325700333,1.0,1.058901850757873,1.293867634801624,0.9929421782901816,2.6617027549516226,60.0,45.0,18.0,115776.0,2499.1475451951123,0.0215860588135288,2127.0,1.0862845982287177,1.0828206542034686,45.0,11912.0,0.1028883360972913,1.0914226888781906,1.0947902668348584,12745.97618258058,13612.980366662689,results/c1_shards/CHASE_DB1__Image_10R__obs1.parquet
CHASE_DB1:Image_08L:obs1,CHASE_DB1,Image_08L,obs1,192,2211,2212,25,2352.609657406807,2.041479289531708,2.7514103055000305,5.649301521480084,1.0,"{'sever:no_disconnection': 63, 'caliber:invariants_changed': 2}",,full,1.5778978496769709,1.2313781480175583,0.0991824564778301,0.0991824564778301,623820.0,1.5778978496769709,1.524546142002546,1.4997248131972083,90.0,1.0931393882994094,62.0,66.0,3.0,0.769955836408895,1.0992327952734433,11299.23397516935,61872.0,0.0991824564778301,623820.0,1.2313781480175583,1.448017155457397,0.9823805676441048,2.915370992680256,156.0,54.0,81.0,623820.0,11950.302084388386,0.0191566510922836,10143.0,1.0856999511346928,1.083853209599808,140.0,61872.0,0.0991824564778301,1.0,1.050606808210402,1.301954130548602,0.993389871876456,2.983668998194086,56.0,53.0,17.0,143558.0,2764.4805896778525,0.0192568898262573,2344.0,1.07570120890398,1.074815853621603,48.0,15156.0,0.1055740536925841,1.0931393882994094,1.0856999511346928,11299.23397516935,11950.302084388386,results/c1_shards/CHASE_DB1__Image_08L__obs1.parquet
CHASE_DB1:Image_02L:obs1,CHASE_DB1,Image_02L,obs1,209,2644,2697,46,2556.885109707713,1.996938444674015,2.630431801080704,5.502973973751068,1.0,"{'sever:no_disconnection': 49, 'caliber:invariants_changed': 2}",,full,1.591223733017438,1.2574760085566152,0.1167590820886436,0.1167590820886436,665293.0,1.591223733017438,1.53327272041626,1.499864411234789,90.0,1.0960892760498993,80.0,87.0,3.0,0.7100021427481786,1.1288847361100127,13691.92149215964,77679.0,0.1167590820886436,665293.0,1.2574760085566152,1.475594108281707,0.9799663405270996,3.08162747942941,230.0,80.0,107.0,665293.0,14611.026181305137,0.0219617915434329,12527.0,1.1235329367249838,1.1000246612598032,182.0,77679.0,0.1167590820886436,1.0,0.9774168820871724,1.2915824523959183,0.9963654891696128,3.30269622073614,33.0,45.0,6.0,50289.0,1390.7808793787426,0.0276557672528533,1218.0,1.086079489960679,1.0832278118660088,29.0,8269.0,0.164429596929746,1.0960892760498993,1.1235329367249838,13691.92149215964,14611.026181305137,results/c1_shards/CHASE_DB1__Image_02L__obs1.parquet
CHASE_DB1:Image_05L:obs1,CHASE_DB1,Image_05L,obs1,218,2284,2347,17,2464.8424618393183,2.192732870578766,2.696644127368927,5.299848720431328,1.0,"{'sever:no_disconnection': 32, 'caliber:invariants_changed': 1}",,full,1.5689543003156468,1.2212396150008291,0.1135744548651289,0.1135744548651289,666303.0,1.5689543003156468,1.5189791270688808,1.4942600830803008,96.20898791357764,1.1035131932660305,51.0,57.0,1.0,0.6789436971406884,1.1302478225165855,11733.68981929207,75675.0,0.1135744548651289,666303.0,1.2212396150008291,1.4661681589870623,0.982648373876386,3.4354055031413195,137.0,45.0,69.0,666303.0,12265.04725039245,0.018407612228059,10471.0,1.1176348872331798,1.101425289708572,115.0,75675.0,0.1135744548651289,1.0,0.9622830011612904,1.3009125359463725,0.9964847397566898,3.6261274666228136,25.0,29.0,6.0,34454.0,896.6660889654818,0.0260250214478865,797.0,1.0790360886601285,1.084182323447084,23.0,5924.0,0.1719393974574795,1.1035131932660305,1.1176348872331798,11733.68981929207,12265.04725039245,results/c1_shards/CHASE_DB1__Image_05L__obs1.parquet
CHASE_DB1:Image_03R:obs1,CHASE_DB1,Image_03R,obs1,223,2530,2567,33,2569.478121943772,2.021258853375912,2.5794605165719986,5.113477550446987,1.0,"{'sever:no_disconnection': 38, 'caliber:invariants_changed': 4}",,full,1.5831560329779792,1.2370528470493911,0.1088724138450642,0.1088724138450642,663630.0,1.5831560329779792,1.526970526743933,1.4932724431984603,94.31602751986564,1.0986990504314245,64.0,61.0,1.0,0.6735788948622508,1.1267488469838882,12415.686860699238,72251.0,0.1088724138450642,663630.0,1.2370528470493911,1.4638140842182554,0.9819164750045044,3.1506610871977228,160.0,62.0,82.0,663630.0,13073.713339357932,0.0197003048978465,11170.0,1.1087776682903867,1.0954885298135149,132.0,72251.0,0.1088724138450642,1.0,1.036752552540845,1.2876263727796553,0.989812064427518,3.125300815558413,47.0,52.0,14.0,180912.0,3193.404471232104,0.0176517006679054,2746.0,1.153655193522123,1.109064699724848,42.0,18027.0,0.0996451313345715,1.0986990504314245,1.1087776682903867,12415.686860699238,13073.713339357932,results/c1_shards/CHASE_DB1__Image_03R__obs1.parquet
CHASE_DB1:Image_07R:obs1,CHASE_DB1,Image_07R,obs1,206,2444,2444,44,2442.919628351927,2.016145348548889,2.4032534807920456,5.480950511991978,1.0,"{'sever:no_disconnection': 42, 'caliber:invariants_changed': 3}",,full,1.5766365195027012,1.2464158396247635,0.109247291175557,0.109247291175557,666433.0,1.5766365195027012,1.522723193669492,1.495165314386484,83.15064149645778,1.0944747581983123,73.0,76.0,2.0,0.6906177701385958,1.1140431620999405,12209.493859799168,72806.0,0.109247291175557,666433.0,1.2464158396247635,1.470041515884069,0.9815440597312628,3.1201210281408835,203.0,78.0,93.0,666433.0,13196.681810065347,0.0198019633032358,11356.0,1.1098455790991597,1.106819141484224,159.0,72806.0,0.109247291175557,1.0,1.0512759998482133,1.313051143311064,0.9917734569034826,3.112112030924971,71.0,55.0,20.0,126540.0,2769.1059146347698,0.0218832457296883,2408.0,1.1145191259907383,1.1105662002215162,43.0,15259.0,0.1205863758495337,1.0944747581983123,1.1098455790991597,12209.493859799168,13196.681810065347,results/c1_shards/CHASE_DB1__Image_07R__obs1.parquet
CHASE_DB1:Image_07L:obs1,CHASE_DB1,Image_07L,obs1,212,2580,2593,28,2484.5920579507947,2.0608803555369377,2.31331580132246,4.925878286361694,1.0,"{'sever:no_disconnection': 41, 'caliber:invariants_changed': 2}",,full,1.5965175719927145,1.2503968160447316,0.1119417779005923,0.1119417779005923,665864.0,1.5965175719927145,1.5456003682646788,1.5173921206990275,87.84472437920851,1.0931442526973272,67.0,64.0,4.0,0.7094685433650871,1.141296670748125,13197.65237281383,74538.0,0.1119417779005923,665864.0,1.2503968160447316,1.471556053940019,0.9805803232782548,3.018610516375252,172.0,69.0,82.0,665864.0,13948.046383840669,0.0209472901130571,11990.0,1.1001000490228372,1.089872318186493,143.0,74538.0,0.1119417779005923,1.0,1.0491747738603343,1.2922742838333257,0.9920620379528254,2.713761046853424,61.0,56.0,20.0,110585.0,2797.9881656286784,0.0253016970260765,2419.0,1.089803604407782,1.0842999834997873,53.0,13587.0,0.1228647646606682,1.0931442526973272,1.1001000490228372,13197.65237281383,13948.046383840669,results/c1_shards/CHASE_DB1__Image_07L__obs1.parquet
CHASE_DB1:Image_03L:obs1,CHASE_DB1,Image_03L,obs1,215,2971,2987,35,2597.435760125518,2.3868678882718086,2.917532816529274,5.778354227542877,1.0,"{'sever:no_disconnection': 45, 'caliber:invariants_changed': 3}",,full,1.5985586565543977,1.2740634231860526,0.1129600332054043,0.1129600332054043,664952.0,1.5985586565543977,1.5410407252253848,1.5107747240803266,89.21517539700811,1.1046990880319283,69.0,74.0,2.0,0.7516031415027815,1.1141776376780683,14041.683902106408,75113.0,0.1129600332054043,664952.0,1.2740634231860526,1.479330757952479,0.980763274933242,2.890128318027601,189.0,64.0,87.0,664952.0,14806.97740806986,0.0222677387361341,12772.0,1.1079853286473096,1.0977616142569009,153.0,75113.0,0.1129600332054043,1.0,1.038567490505816,1.28304627511544,0.987178982114614,2.879763174574181,36.0,55.0,4.0,100538.0,2282.552524041496,0.022703381050364,2036.0,1.0882399853667226,1.0863915627209122,31.0,12023.0,0.1195866239630786,1.1046990880319283,1.1079853286473096,14041.683902106408,14806.97740806986,results/c1_shards/CHASE_DB1__Image_03L__obs1.parquet
CHASE_DB1:Image_09L:obs1,CHASE_DB1,Image_09L,obs1,218,1969,1990,25,2452.356432467699,2.0200578570365906,2.383889853954315,4.602208666503429,1.0,"{'sever:no_disconnection': 37, 'caliber:invariants_changed': 2}",,full,1.5186730282360483,1.1859927839052369,0.0728945271986652,0.0728945271986652,665290.0,1.5186730282360483,1.4631396151700893,1.4354459034006657,105.21153120327833,1.090536409647168,42.0,43.0,1.0,0.710012628396886,1.1196722664659595,9189.509878252606,48496.0,0.0728945271986652,665290.0,1.1859927839052369,1.391744998488831,0.9882905080414344,2.8400062354686826,102.0,36.0,54.0,665290.0,9633.683543168914,0.0144804273973288,8135.0,1.113277196888894,1.0916490557846563,94.0,48496.0,0.0728945271986652,1.0,0.9494421997929652,1.19167982898024,0.9966021167223628,2.6789868604518703,27.0,36.0,6.0,69128.0,1287.4255403194154,0.0186237926790796,1121.0,1.074426427659264,1.0643342955877293,26.0,6149.0,0.0889509316051383,1.090536409647168,1.113277196888894,9189.509878252606,9633.683543168914,results/c1_shards/CHASE_DB1__Image_09L__obs1.parquet
CHASE_DB1:Image_06R:obs1,CHASE_DB1,Image_06R,obs1,218,2567,2589,38,2537.9686298146844,2.004355303943157,2.3947490602731705,5.398008972406387,1.0,"{'sever:no_disconnection': 38, 'caliber:invariants_changed': 6}",,full,1.5869151725910855,1.243007661480876,0.1077997141702797,0.1077997141702797,663332.0,1.5869151725910855,1.5272448358842994,1.4932891669095432,66.55707928503772,1.101044451071743,72.0,64.0,2.0,0.6626112868005747,1.132358130977065,12811.26341242087,71507.0,0.1077997141702797,663332.0,1.243007661480876,1.461717388930979,0.9828628564311772,2.983708704805911,168.0,69.0,84.0,663332.0,13439.10612489549,0.020259999705872,11660.0,1.115668474878338,1.097527677683529,139.0,71507.0,0.1077997141702797,1.0,1.0912786163472297,1.307471294445649,0.9912482775187872,2.616336488947789,66.0,60.0,22.0,149510.0,3557.367891305644,0.0237935114126522,3145.0,1.0944567584687768,1.0817488568485991,57.0,16518.0,0.1104809042873386,1.101044451071743,1.115668474878338,12811.26341242087,13439.10612489549,results/c1_shards/CHASE_DB1__Image_06R__obs1.parquet
CHASE_DB1:Image_04L:obs1,CHASE_DB1,Image_04L,obs1,231,2073,2138,23,2664.6226126402617,1.91199803352356,2.369587756693363,5.200477428734303,1.0,"{'sever:no_disconnection': 31, 'truncate:cut_too_short': 1, 'caliber:invariants_changed': 2}",,full,1.5561647719532543,1.218641159601728,0.1132897767814715,0.1132897767814715,662893.0,1.5561647719532543,1.514606153818948,1.4919746947691954,74.24744053948562,1.1028141504463662,50.0,55.0,2.0,0.6906253266162774,1.1236033071087268,10837.092706097395,75099.0,0.1132897767814715,662893.0,1.218641159601728,1.473061975534944,0.984458614674353,3.651548004271935,131.0,49.0,64.0,662893.0,11371.249127071003,0.0171539737590697,9756.0,1.119803027868302,1.1063538317568309,106.0,75099.0,0.1132897767814715,1.0,1.0177844950964965,1.3326292546406775,0.9949366908615768,3.737916992042544,41.0,43.0,13.0,84856.0,1844.954544295049,0.0217421813931254,1599.0,1.0933328545391745,1.082765200927309,38.0,12355.0,0.1455996040350712,1.1028141504463662,1.119803027868302,10837.092706097395,11371.249127071003,results/c1_shards/CHASE_DB1__Image_04L__obs1.parquet
CHASE_DB1:Image_08R:obs1,CHASE_DB1,Image_08R,obs1,215,1952,1956,25,2582.481141604483,2.020958811044693,2.586981862783432,5.597744956612587,1.0,"{'sever:no_disconnection': 31, 'caliber:invariants_changed': 6}",,full,1.5731911005049657,1.215638579802108,0.0973492774171479,0.0973492774171479,625603.0,1.5731911005049657,1.5265174178457854,1.503482443001119,73.91365766107248,1.0912588246039163,50.0,47.0,7.0,0.6746772401619388,1.1010492147963622,10302.467381140485,60902.0,0.0973492774171479,625603.0,1.215638579802108,1.4411545161351982,0.9825424361488064,3.0798604669500915,118.0,65.0,55.0,625603.0,10989.393354735788,0.0175660816120379,9315.0,1.099908685422065,1.0917642225311883,108.0,60902.0,0.0973492774171479,1.0,1.0311258787658844,1.2654407783981467,0.9921112217813302,2.847990999440829,56.0,67.0,15.0,201176.0,3524.80858352671,0.0175210193240083,3028.0,1.080245509959446,1.0717323531803007,54.0,18192.0,0.0904282817035829,1.0912588246039163,1.099908685422065,10302.467381140485,10989.393354735788,results/c1_shards/CHASE_DB1__Image_08R__obs1.parquet
CHASE_DB1:Image_09R:obs1,CHASE_DB1,Image_09R,obs1,220,2191,2193,20,2565.096965126693,2.077373519539833,2.621230073273182,4.392799645662308,1.0,"{'sever:no_disconnection': 29, 'caliber:invariants_changed': 1}",,full,1.5294364371505933,1.2003074230948705,0.0732345943409563,0.0732345943409563,664918.0,1.5294364371505933,1.4851217888924424,1.4638290828038645,79.68058186839629,1.109721758761843,45.0,43.0,2.0,0.6237049594827351,1.1310200714662768,9804.622576624812,48695.0,0.0732345943409563,664918.0,1.2003074230948705,1.395688762707792,0.9864626195195092,2.66472414089563,122.0,43.0,61.0,664918.0,10338.222648412311,0.0155481166826771,8816.0,1.1126618967879098,1.1056906060055611,91.0,48695.0,0.0732345943409563,1.0,0.9883472688800904,1.2159346426681183,0.9943828436420564,2.611774008419809,33.0,45.0,7.0,155539.0,2305.9688296449217,0.0148256632075873,1982.0,1.0824210716385911,1.080537294192665,30.0,10691.0,0.0687351725290763,1.109721758761843,1.1126618967879098,9804.622576624812,10338.222648412311,results/c1_shards/CHASE_DB1__Image_09R__obs1.parquet
CHASE_DB1:Image_06L:obs1,CHASE_DB1,Image_06L,obs1,234,2386,2446,28,2697.1867200881243,1.9239107221364973,2.609583057463169,5.08905041962862,1.0,"{'sever:no_disconnection': 29, 'caliber:invariants_changed': 2}",,full,1.575955768327064,1.2257763309968055,0.1091158551327305,0.1091158551327305,661792.0,1.575955768327064,1.5154840242721752,1.4857847437143614,89.87066503330661,1.10231914385431,60.0,62.0,1.0,0.7699912635158745,1.133935324510642,11815.03801567646,72212.0,0.1091158551327305,661792.0,1.2257763309968055,1.4574828054764375,0.9825375347103128,3.2175598516208166,153.0,58.0,67.0,661792.0,12383.981233214468,0.0187127998422683,10625.0,1.1251814402819285,1.1035143423007738,119.0,72212.0,0.1091158551327305,1.0,1.0646461102283695,1.3272408203646686,0.9937814162097154,3.1848720272403543,50.0,46.0,15.0,149502.0,2895.497833620556,0.0193676193871691,2489.0,1.1125912312980322,1.098221831991889,39.0,16832.0,0.1125871225802999,1.10231914385431,1.1251814402819285,11815.03801567646,12383.981233214468,results/c1_shards/CHASE_DB1__Image_06L__obs1.parquet
CHASE_DB1:Image_12L:obs1,CHASE_DB1,Image_12L,obs1,210,2618,2618,33,2658.066724099219,1.991710394620896,2.3130506798624992,5.518348827958107,1.0,"{'sever:no_disconnection': 43, 'caliber:invariants_changed': 4}",,full,1.594819238805469,1.2425441518737377,0.1041868669934966,0.1041868669934966,662118.0,1.594819238805469,1.5475669554734564,1.5231965367716744,83.46711653657219,1.1001069565464363,58.0,66.0,1.0,0.724690544904933,1.121500383239173,12324.299992347334,68984.0,0.1041868669934966,662118.0,1.2425441518737377,1.461092859691666,0.9816746935451012,2.9702430968341904,150.0,54.0,79.0,662118.0,13043.640179505011,0.0196998724993203,11210.0,1.1166550928557115,1.1028471507711273,135.0,68984.0,0.1041868669934966,1.0,1.060849421848813,1.2889639595598892,0.9913619500691934,2.8640203949740086,70.0,65.0,23.0,208177.0,3852.916231265035,0.0185078862278975,3310.0,1.0990872380094352,1.0848142075384837,60.0,19809.0,0.0951546040148527,1.1001069565464363,1.1166550928557115,12324.299992347334,13043.640179505011,results/c1_shards/CHASE_DB1__Image_12L__obs1.parquet
CHASE_DB1:Image_05R:obs1,CHASE_DB1,Image_05R,obs1,233,2681,2685,31,2905.0699356645346,2.0846685841679573,2.398857682943344,5.715859979391098,1.0,"{'sever:no_disconnection': 27, 'caliber:invariants_changed': 2}",,full,1.5961629356974945,1.2524874142439095,0.1224015910540733,0.1224015910540733,666225.0,1.5961629356974945,1.5408679031763548,1.5101013346739176,72.60290467037936,1.1070260367144906,66.0,67.0,1.0,0.6668617853091472,1.1255262156241568,12958.040107717516,81547.0,0.1224015910540733,666225.0,1.2524874142439095,1.4863332851742186,0.9817289429561408,3.3621715694204584,178.0,63.0,83.0,666225.0,13745.806701746384,0.0206323790037095,11884.0,1.1175401210545544,1.100117376347627,148.0,81547.0,0.1224015910540733,1.0,1.054108627545792,1.3336537721617212,0.9922122902245468,3.490392591781604,51.0,50.0,16.0,132084.0,2816.0642840744263,0.0213202529002333,2464.0,1.104973038899483,1.0913514984501187,44.0,17877.0,0.1353456891069319,1.1070260367144906,1.1175401210545544,12958.040107717516,13745.806701746384,results/c1_shards/CHASE_DB1__Image_05R__obs1.parquet
CHASE_DB1:Image_12R:obs1,CHASE_DB1,Image_12R,obs1,222,2821,2844,35,2673.1989897936583,2.228749744594097,2.7895031347870827,5.800296686589718,1.0,"{'sever:no_disconnection': 18, 'caliber:invariants_changed': 6}",,full,1.6087705167363164,1.2476854552933676,0.1060333907999289,0.1060333907999289,664734.0,1.6087705167363164,1.564007074103025,1.5429905793161642,72.4471610051471,1.094865323812272,73.0,71.0,1.0,0.7057683746563632,1.1202271847925451,13277.961030678933,70484.0,0.1060333907999289,664734.0,1.2476854552933676,1.4529079470661768,0.982033789287735,2.8035138799389085,180.0,63.0,88.0,664734.0,14086.651506262057,0.0211914111603469,12069.0,1.1068635833504898,1.0957815193901763,150.0,70484.0,0.1060333907999289,1.0,1.018816638503209,1.3138439017614738,0.9915746467676084,3.227125771389176,38.0,49.0,9.0,65117.0,1741.1921343482852,0.0267394403051167,1470.0,1.0785726506942954,1.0799813379182734,35.0,10329.0,0.158622172397377,1.094865323812272,1.1068635833504898,13277.961030678933,14086.651506262057,results/c1_shards/CHASE_DB1__Image_12R__obs1.parquet
CHASE_DB1:Image_13L:obs1,CHASE_DB1,Image_13L,obs1,208,2341,2358,25,2557.100785419345,2.1569461971521378,2.4865151792764664,5.687024742364883,1.0,"{'sever:no_disconnection': 47, 'truncate:cut_too_short': 1, 'caliber:invariants_changed': 4}",,full,1.568914855981372,1.2128744215971303,0.0891207590899876,0.0891207590899876,661002.0,1.568914855981372,1.5218447410335378,1.4952584277058578,88.1189347902777,1.1017298668430016,53.0,49.0,2.0,0.7486544467321816,1.125111619095956,10750.302950940168,58909.0,0.0891207590899876,661002.0,1.2128744215971303,1.42792212356114,0.983987764592758,2.952700206769698,128.0,46.0,66.0,661002.0,11216.376110793088,0.0169687476146714,9509.0,1.0999976603093722,1.0979276936626416,105.0,58909.0,0.0891207590899876,1.0,1.0118696209334137,1.2582584712512803,0.9919496533389768,2.845629313756868,30.0,45.0,5.0,137769.0,2382.015510839147,0.0172899237915579,2081.0,1.0863471214766696,1.083915449021155,29.0,12601.0,0.0914646981541566,1.1017298668430016,1.0999976603093722,10750.302950940168,11216.376110793088,results/c1_shards/CHASE_DB1__Image_13L__obs1.parquet
CHASE_DB1:Image_13R:obs1,CHASE_DB1,Image_13R,obs1,222,2365,2382,37,2731.7849762663245,2.132016494870186,2.582164205610752,5.315741240978241,1.0,"{'sever:no_disconnection': 41, 'caliber:invariants_changed': 2}",,full,1.5838936821573435,1.226924387638319,0.0917358861174206,0.0917358861174206,660821.0,1.5838936821573435,1.5237778793290797,1.4908142230989851,93.56227957973566,1.1002999722650606,61.0,56.0,2.0,0.707119129386587,1.1284231977655457,11528.305042981216,60621.0,0.0917358861174206,660821.0,1.226924387638319,1.4314103726839429,0.9834818534722776,2.772178211406848,152.0,59.0,73.0,660821.0,12177.633036830077,0.0184280357870438,10389.0,1.1291287368744292,1.1118868088096128,123.0,60621.0,0.0917358861174206,1.0,1.0462865075526535,1.2801564384791302,0.9929277432021968,2.7721990910762537,56.0,50.0,16.0,137765.0,2705.0886706920664,0.0196355291307085,2328.0,1.1098712696257924,1.0980183814791484,44.0,13789.0,0.1000907342213189,1.1002999722650606,1.1291287368744292,11528.305042981216,12177.633036830077,results/c1_shards/CHASE_DB1__Image_13R__obs1.parquet
CHASE_DB1:Image_14R:obs1,CHASE_DB1,Image_14R,obs1,219,1980,2017,32,2599.394982025028,1.964559182524681,2.340289056301117,4.875298120081425,1.0,"{'sever:no_disconnection': 42, 'caliber:invariants_changed': 4}",,full,1.5197122909878575,1.202511311230542,0.0848224004063565,0.0848224004063565,661488.0,1.5197122909878575,1.4901377587192943,1.4791292206054016,88.25335135552287,1.0968695824805288,45.0,40.0,2.0,0.6639181352613066,1.1489144381431955,9132.152447152224,56109.0,0.0848224004063565,661488.0,1.202511311230542,1.4362869057163297,0.9898541710731856,3.2488466296698526,99.0,42.0,48.0,661488.0,9539.071278072592,0.0144206263425377,8139.0,1.1716294005247454,1.13136329160574,85.0,56109.0,0.0848224004063565,1.0,1.000539277702335,1.255396563819759,0.998079191984778,3.0608759363565765,39.0,45.0,10.0,115787.0,2006.4764055957469,0.0173290300776058,1724.0,1.1228173901759024,1.1103136813910268,33.0,11218.0,0.0968847970843013,1.0968695824805288,1.1716294005247454,9132.152447152224,9539.071278072592,results/c1_shards/CHASE_DB1__Image_14R__obs1.parquet
CHASE_DB1:Image_14L:obs1,CHASE_DB1,Image_14L,obs1,224,2321,2333,30,2817.661064147949,2.135454088449478,2.35739291459322,5.136893086135387,1.0,"{'sever:no_disconnection': 22, 'caliber:invariants_changed': 8}",,full,1.5602274461144852,1.214472355826416,0.0990270260539801,0.0990270260539801,666616.0,1.5602274461144852,1.510520312743532,1.4839388518569117,70.12996647948432,1.0959164047950511,50.0,51.0,1.0,0.6935520300682763,1.1123620835059682,10858.90893991333,66013.0,0.0990270260539801,666616.0,1.214472355826416,1.4474905492694927,0.984473560079261,3.178896926756364,117.0,51.0,59.0,666616.0,11387.668391267263,0.0170828008797677,9807.0,1.108952981554951,1.0991806432018247,108.0,66013.0,0.0990270260539801,1.0,1.019801141173314,1.2734230405504676,0.9953810793778102,2.914783594527266,56.0,58.0,16.0,137813.0,2694.1353518862925,0.0195492105380935,2343.0,1.0965699197044816,1.088428141792298,44.0,14409.0,0.1045547227039539,1.0959164047950511,1.108952981554951,10858.90893991333,11387.668391267263,results/c1_shards/CHASE_DB1__Image_14L__obs1.parquet
HRF:01_dr:obs1,HRF,01_dr,obs1,79,4450,4476,102,2151.8973757252097,1.899167075753212,5.871686212718487,13.621123351156712,0.4383561643835616,"{'sever:no_disconnection': 28, 'truncate:cut_too_short': 1, 'caliber:invariants_changed': 2}",,cycle,1.5726497316157655,1.2683347684774997,0.0602053368303931,0.0602053368303931,1328354.0,1.5726497316157655,1.5159893739687254,1.478062129941073,95.7249579806204,1.0954345117291553,108.0,121.0,2.0,0.6335959377872336,1.1067535045594272,19848.29479303667,79974.0,0.0602053368303931,1328354.0,1.2683347684774997,1.3991951974091053,0.9789422948306922,1.9187586209702625,772.0,946.0,157.0,1328354.0,24262.360302600373,0.0182649807977394,21541.0,1.0898956810244151,1.0775329664358957,356.0,79974.0,0.0602053368303931,1.0,1.0058253270816282,1.1976997641568168,0.9959469166797086,2.1186518178249107,60.0,78.0,13.0,103060.0,2061.949493661166,0.0200072724011368,1811.0,1.0805581076435649,1.0778633351616795,34.0,7950.0,0.0771395303706578,1.0954345117291553,1.0898956810244151,19848.29479303667,24262.360302600373,results/c1_shards/HRF__01_dr__obs1.parquet
HRF:01_g:obs1,HRF,01_g,obs1,90,5308,5336,220,2765.52227575332,1.9654148817062376,5.72492341697216,14.48736807703972,0.4383561643835616,"{'sever:no_disconnection': 21, 'truncate:cut_too_short': 4, 'caliber:invariants_changed': 2}",,cycle,1.6197154940620122,1.3387220353731268,0.0790928304340757,0.0790928304340757,1328616.0,1.6197154940620122,1.56806117731203,1.5359870510676925,87.85169298913468,1.0993575738370294,178.0,248.0,2.0,0.5969779867344298,1.1147709860237955,26074.092408743832,105084.0,0.0790928304340757,1328616.0,1.3387220353731268,1.467128484602684,0.9766568994595186,1.8831077173254869,1185.0,1157.0,324.0,1328616.0,33152.612029326694,0.0249527418225632,29320.0,1.0867427991433605,1.07747177259755,658.0,105084.0,0.0790928304340757,1.0,1.08298070859042,1.272547612717495,0.9851226333898516,2.139522501593524,101.0,127.0,19.0,95560.0,2451.6307345282976,0.0256554074354154,2219.0,1.079637842585121,1.0712643850368953,54.0,9192.0,0.0961908748430305,1.0993575738370294,1.0867427991433605,26074.092408743832,33152.612029326694,results/c1_shards/HRF__01_g__obs1.parquet
HRF:04_g:obs1,HRF,04_g,obs1,82,5464,5471,198,2279.004132308066,1.7809162884950638,5.413699232041836,14.05421108007431,0.4383561643835616,"{'sever:no_disconnection': 30, 'truncate:cut_too_short': 1, 'truncate:branch_too_short': 3, 'caliber:invariants_changed': 1}",,cycle,1.6028726784962173,1.3151290145711445,0.0761839876538562,0.0761839876538562,1328350.0,1.6028726784962173,1.556029679501281,1.526746655379272,87.83534763840854,1.0951230222908426,182.0,222.0,1.0,0.6289486537133193,1.1072277016413887,26048.689521938504,101199.0,0.0761839876538562,1328350.0,1.3151290145711445,1.4501046612216582,0.97869181079793,1.912176968230608,818.0,570.0,296.0,1328350.0,31113.87992318323,0.0234229532300848,26950.0,1.0859000085933228,1.076669434766557,564.0,101199.0,0.0761839876538562,1.0,0.9849287035526209,1.192587280263277,0.9949718034371672,2.2636895005630446,42.0,52.0,8.0,74764.0,1694.072293301141,0.0226589306792191,1476.0,1.0661253527939654,1.0651579855625672,34.0,7029.0,0.0940158364988497,1.0951230222908426,1.0859000085933228,26048.689521938504,31113.87992318323,results/c1_shards/HRF__04_g__obs1.parquet
HRF:03_g:obs1,HRF,03_g,obs1,84,5028,5053,140,2357.4263812080026,1.7243258580565453,4.684677802026272,13.301357299089432,0.4383561643835616,"{'sever:no_disconnection': 28, 'truncate:cut_too_short': 1, 'caliber:invariants_changed': 4}",,cycle,1.5920513867483896,1.2909433681311515,0.0684346199728296,0.0684346199728296,1328655.0,1.5920513867483896,1.5467466066050288,1.518826970227927,91.95406353647031,1.0950892818774682,154.0,172.0,3.0,0.6264873833629292,1.1114501612683363,23412.16520965925,90926.0,0.0684346199728296,1328655.0,1.2909433681311515,1.425434754602385,0.9798274927590837,1.921650711932666,732.0,642.0,219.0,1328655.0,27706.73829517378,0.0208532224657068,24278.0,1.0820934066235846,1.0793237205410025,444.0,90926.0,0.0684346199728296,1.0,1.0707681065120835,1.2586846607823066,0.988907452313786,2.1101260322829107,88.0,120.0,14.0,103060.0,2498.8754672564705,0.0242468025155877,2173.0,1.082653180928241,1.079143458694822,53.0,9452.0,0.0917135649136425,1.0950892818774682,1.0820934066235846,23412.16520965925,27706.73829517378,results/c1_shards/HRF__03_g__obs1.parquet
HRF:03_dr:obs1,HRF,03_dr,obs1,91,4651,4661,132,2434.6205500140786,1.887984924018383,5.219959802925587,13.288604274392128,0.4383561643835616,"{'sever:no_disconnection': 23, 'truncate:cut_too_short': 1, 'caliber:invariants_changed': 2}",,cycle,1.5797097946459282,1.2847695134778587,0.0716299152399528,0.0716299152399528,1328928.0,1.5797097946459282,1.5275040213470708,1.495058247354545,98.36429115533475,1.0954345117291555,139.0,167.0,1.0,0.6081862047107987,1.1162200346686555,21777.391472955445,95191.0,0.0716299152399528,1328928.0,1.2847695134778587,1.429878978816161,0.9786797938261388,2.0550950943571102,685.0,644.0,211.0,1328928.0,27038.186996621564,0.0203458629787479,23615.0,1.092030437227037,1.0834388202780432,449.0,95191.0,0.0716299152399528,1.0,1.0155885241945877,1.23429394569117,0.991087040056786,2.430452434032349,38.0,61.0,5.0,81408.0,1843.4570696119908,0.0226446672269554,1627.0,1.0792502640641497,1.0750423606054045,34.0,8264.0,0.1015133647798742,1.0954345117291555,1.092030437227037,21777.391472955445,27038.186996621564,results/c1_shards/HRF__03_dr__obs1.parquet
HRF:02_dr:obs1,HRF,02_dr,obs1,95,5548,5570,178,2696.0648952946067,1.7214419692754743,5.012565836310387,14.369827166199684,0.4383561643835616,"{'sever:no_disconnection': 17, 'truncate:beta0_changed': 3, 'truncate:cut_too_short': 2}",,cycle,1.6047580908225565,1.315971368710703,0.0754740268292224,0.0754740268292224,1328775.0,1.6047580908225565,1.5613017593066283,1.5318370399035854,83.18217766841076,1.093522134429414,178.0,195.0,4.0,0.5533724256329098,1.107566817815935,25507.53605955773,100288.0,0.0754740268292224,1328775.0,1.315971368710703,1.4487892782596703,0.9783125600743704,1.909105288409937,846.0,815.0,249.0,1328775.0,30965.664627706585,0.0233039187429825,27082.0,1.0896872969142306,1.0840852254123894,534.0,100288.0,0.0754740268292224,1.0,0.989996917334514,1.2275058826703578,0.9924458335687154,2.4860474666502634,44.0,61.0,8.0,74764.0,1576.7564927611031,0.0210897824188259,1438.0,1.0685029557549184,1.0629327359801397,31.0,7142.0,0.0955272591086619,1.093522134429414,1.0896872969142306,25507.53605955773,30965.664627706585,results/c1_shards/HRF__02_dr__obs1.parquet
HRF:05_g:obs1,HRF,05_g,obs1,83,5162,5186,180,2384.1214863061905,1.803924798965454,5.119479157030582,13.51085878163576,0.4383561643835616,"{'sever:no_disconnection': 26, 'truncate:cut_too_short': 1, 'caliber:invariants_changed': 3}",,cycle,1.59831155597413,1.3088568200867337,0.0772182084514506,0.0772182084514506,1328482.0,1.59831155597413,1.557806495176669,1.5354700261099858,83.22489645521858,1.0959944438110083,170.0,211.0,1.0,0.5592473470237265,1.106825213349901,25145.183679091228,102583.0,0.0772182084514506,1328482.0,1.3088568200867337,1.4492992460133656,0.9781587711556612,1.998420055276008,807.0,599.0,283.0,1328482.0,30215.239087387163,0.0227441840291303,26374.0,1.0814312540702096,1.077226109674604,521.0,102583.0,0.0772182084514506,1.0,1.1141847044672055,1.2897168861954815,0.9915616023814988,2.1928690089236267,145.0,114.0,45.0,162442.0,4116.815726201647,0.0253432962300491,3581.0,1.0803184429254056,1.0791300000232726,85.0,15555.0,0.0957572548971325,1.0959944438110083,1.0814312540702096,25145.183679091228,30215.239087387163,results/c1_shards/HRF__05_g__obs1.parquet
HRF:03_h:obs1,HRF,03_h,obs1,88,5599,5608,256,2465.410804629326,1.7879412099719048,4.808741897344589,13.310375764966013,0.4383561643835616,"{'sever:no_disconnection': 25, 'truncate:cut_too_short': 2, 'caliber:invariants_changed': 2}",,cycle,1.6307291652940492,1.33577541426373,0.124902969527726,0.124902969527726,1328191.0,1.6307291652940492,1.606029395559942,1.5925155135468263,87.85727983552144,1.102078137732865,244.0,296.0,1.0,0.5622974613092713,1.1095573305132604,30560.197456826823,165895.0,0.124902969527726,1328191.0,1.33577541426373,1.5341703080083262,0.9766385244632648,2.702938114097763,735.0,298.0,349.0,1328191.0,34310.67508791185,0.0258326363361232,29701.0,1.096779780520274,1.0913107719768649,623.0,165895.0,0.124902969527726,1.0,1.077392507281716,1.3752900424961212,0.987807118445986,3.4602227223533304,71.0,59.0,22.0,95560.0,2453.6723650886406,0.0256767723429116,2149.0,1.090867611285079,1.089800008839181,53.0,15658.0,0.1638551695269987,1.102078137732865,1.096779780520274,30560.197456826823,34310.67508791185,results/c1_shards/HRF__03_h__obs1.parquet
HRF:02_h:obs1,HRF,02_h,obs1,92,5812,5872,209,2634.145021677017,1.8650987818837168,5.106443412601948,13.302718080580236,0.4383561643835616,"{'sever:no_disconnection': 22, 'truncate:cut_too_short': 2, 'caliber:invariants_changed': 1}",,cycle,1.6257237585843811,1.335050383270489,0.1170670761078998,0.1170670761078998,1328640.0,1.6257237585843811,1.5887627255936871,1.5668030669199824,88.66829880391327,1.0944990513610398,245.0,274.0,4.0,0.631355035150361,1.1351824046930727,31229.501064058044,155540.0,0.1170670761078998,1328640.0,1.335050383270489,1.5227409492628063,0.9770203895457304,2.550269757409436,733.0,259.0,330.0,1328640.0,34239.39586729827,0.0257702582093706,29649.0,1.092117381249042,1.0848021518521311,554.0,155540.0,0.1170670761078998,1.0,1.0703650513813985,1.3312230630519564,0.989292515208426,3.070674158085843,66.0,60.0,23.0,110820.0,2733.2064196981582,0.0246634760846251,2379.0,1.1544933854896884,1.0968500700116577,55.0,15274.0,0.1378271070203934,1.0944990513610398,1.092117381249042,31229.501064058044,34239.39586729827,results/c1_shards/HRF__02_h__obs1.parquet
HRF:02_g:obs1,HRF,02_g,obs1,90,5539,5557,256,2721.858496129513,1.676078945398331,5.548436738550663,15.091623932123184,0.4383561643835616,"{'sever:no_disconnection': 23, 'truncate:cut_too_short': 2, 'caliber:invariants_changed': 2}",,cycle,1.6329137382649677,1.3575803192086255,0.0882059686914224,0.0882059686914224,1328901.0,1.6329137382649677,1.5826993726691714,1.5520014638043589,99.65968752087711,1.1006156182390576,228.0,283.0,3.0,0.6529051569810764,1.1138083547022004,28244.029709096176,117217.0,0.0882059686914224,1328901.0,1.3575803192086255,1.4887277392649032,0.9765932830691332,1.925387614395229,1220.0,1152.0,378.0,1328901.0,36228.783961139445,0.0272622143870306,31896.0,1.0867337089582858,1.0800664919761438,779.0,117217.0,0.0882059686914224,1.0,1.1086668211031048,1.294596327742363,0.9877666546469044,2.265886337332229,132.0,157.0,28.0,118892.0,3043.3506473629423,0.0255976066292344,2673.0,1.0903153792154856,1.0788532699742015,71.0,11999.0,0.1009235272348013,1.1006156182390576,1.0867337089582858,28244.029709096176,36228.783961139445,results/c1_shards/HRF__02_g__obs1.parquet
HRF:05_dr:obs1,HRF,05_dr,obs1,83,5295,5319,183,2454.032489232719,1.9889824017882347,5.480585664510727,14.18299699574709,0.4383561643835616,"{'sever:no_disconnection': 24, 'truncate:cut_too_short': 2, 'truncate:beta0_changed': 5, 'caliber:invariants_changed': 3}",,cycle,1.6067799855242189,1.315392772924972,0.0735235548368104,0.0735235548368104,1328241.0,1.6067799855242189,1.555011753555914,1.5232032194760157,84.95823779280963,1.094327431105549,156.0,203.0,2.0,0.6221761236400789,1.1159036963585949,24375.24046155323,97657.0,0.0735235548368104,1328241.0,1.315392772924972,1.4443731910903517,0.9761776634631424,1.8595248832796247,923.0,854.0,279.0,1328241.0,31047.00568141604,0.0233745274249296,27238.0,1.0931929712768909,1.0767661749468325,573.0,97657.0,0.0735235548368104,1.0,1.0269021452272145,1.2333713757148184,0.9917069886878928,2.191913797298622,62.0,66.0,13.0,81408.0,1989.0378054157345,0.0244329526019031,1738.0,1.0805610356649376,1.0771528824320715,40.0,7842.0,0.0963295990566037,1.094327431105549,1.0931929712768909,24375.24046155323,31047.00568141604,results/c1_shards/HRF__05_dr__obs1.parquet
HRF:01_h:obs1,HRF,01_h,obs1,97,6475,6505,265,2838.5558970570564,1.989147499203682,5.682587027549744,15.121672995388508,0.4383561643835616,"{'sever:no_disconnection': 16, 'truncate:cut_too_short': 1, 'caliber:invariants_changed': 3}",,cycle,1.6407612751531695,1.3611116806288266,0.1205565817462503,0.1205565817462503,1328538.0,1.6407612751531695,1.6065370486040924,1.5863065458300634,86.48709200696129,1.096207411601371,300.0,301.0,5.0,0.5656872628506766,1.1148017568743929,34113.633457351505,160164.0,0.1205565817462503,1328538.0,1.3611116806288266,1.5370477070681814,0.9758857525361676,2.3899817839307618,768.0,347.0,360.0,1328538.0,37931.56188192536,0.0285513563646093,32770.0,1.097339276989922,1.087661397174008,649.0,160164.0,0.1205565817462503,1.0,1.085625841742892,1.334306754141803,0.985463494839634,2.767949299373948,70.0,74.0,19.0,95560.0,2698.2896808188434,0.0282366019340607,2337.0,1.094495523588994,1.0845944588983307,57.0,13891.0,0.1453641691084135,1.096207411601371,1.097339276989922,34113.633457351505,37931.56188192536,results/c1_shards/HRF__01_h__obs1.parquet
HRF:05_h:obs1,HRF,05_h,obs1,93,5950,5962,168,2485.2827763557434,1.788110226392746,5.173617877066135,13.713998571038246,0.4383561643835616,"{'sever:no_disconnection': 20, 'truncate:cut_too_short': 1, 'caliber:invariants_changed': 3}",,cycle,1.6184423585861205,1.3215009893379683,0.1067656277410237,0.1067656277410237,1328199.0,1.6184423585861205,1.5823257474295067,1.5604798649702,80.38732162699469,1.0952699037892002,220.0,247.0,1.0,0.5867394813637945,1.1032031155774151,29821.73656207023,141806.0,0.1067656277410237,1328199.0,1.3215009893379683,1.502781515694722,0.9786527089990108,2.4949242600236765,640.0,197.0,304.0,1328199.0,32162.63432390328,0.0242152225110117,27695.0,1.082798570974031,1.0801266112123131,480.0,141806.0,0.1067656277410237,1.0,1.0564273158400632,1.3024934793343643,0.9928564763887237,2.7769790127833898,55.0,59.0,15.0,103060.0,2522.449060385277,0.0244755391071732,2169.0,1.081609619282714,1.085168865531073,44.0,13147.0,0.1275664661362313,1.0952699037892002,1.082798570974031,29821.73656207023,32162.63432390328,results/c1_shards/HRF__05_h__obs1.parquet
HRF:04_dr:obs1,HRF,04_dr,obs1,94,4311,4322,142,2566.167463079095,1.7048339918255806,5.205257371068001,13.173275366425514,0.4383561643835616,"{'sever:no_disconnection': 19, 'truncate:cut_too_short': 2, 'caliber:invariants_changed': 2}",,cycle,1.5948683445936416,1.28130098380085,0.0668118000682006,0.0668118000682006,1328433.0,1.5948683445936416,1.537964727725642,1.5030049455547274,88.68256560833227,1.0955877451630225,140.0,159.0,1.0,0.5865560754661978,1.1091224809508704,20544.99031925368,88755.0,0.0668118000682006,1328433.0,1.28130098380085,1.4198273131182522,0.979248099844916,2.028610441477135,824.0,955.0,210.0,1328433.0,25534.84976805672,0.0192217821810032,22597.0,1.0882991968986204,1.0793938302047297,434.0,88755.0,0.0668118000682006,1.0,1.0110045751507424,1.2097890725107772,0.9912273575481876,2.262060393006033,65.0,109.0,7.0,88372.0,1912.1261171703031,0.0216372393650738,1721.0,1.0839998087874751,1.07774696768348,40.0,7789.0,0.0881387769881863,1.0955877451630225,1.0882991968986204,20544.99031925368,25534.84976805672,results/c1_shards/HRF__04_dr__obs1.parquet
HRF:06_g:obs1,HRF,06_g,obs1,85,5358,5363,201,2479.7158618345857,1.830193497240544,5.05267820507288,13.64907718449831,0.4383561643835616,"{'sever:no_disconnection': 25, 'truncate:cut_too_short': 1, 'caliber:invariants_changed': 2}",,cycle,1.6078223477410385,1.3190448016517702,0.0809287850180228,0.0809287850180228,1328316.0,1.6078223477410385,1.563741447257939,1.5371088630152558,105.3236702091836,1.095908972299378,203.0,240.0,2.0,0.5823689245760053,1.1140654391932483,26377.64284074428,107499.0,0.0809287850180228,1328316.0,1.3190448016517702,1.46001700820274,0.9780488808874592,1.989181737349268,840.0,600.0,299.0,1328316.0,31756.984612328724,0.0239077031461856,27486.0,1.0871397433955017,1.0795413438121368,599.0,107499.0,0.0809287850180228,1.0,1.1416586058697027,1.292705103636826,0.992545102154892,2.021779432822245,231.0,207.0,76.0,331763.0,8244.359374464651,0.0248501471666962,7172.0,1.0834859739106204,1.0756286530688053,177.0,28607.0,0.0862272164165383,1.095908972299378,1.0871397433955017,26377.64284074428,31756.984612328724,results/c1_shards/HRF__06_g__obs1.parquet
HRF:06_dr:obs1,HRF,06_dr,obs1,79,6728,6780,319,2561.522634200752,1.982079282402992,6.011073470115662,14.88565193861723,0.4383561643835616,"{'sever:no_disconnection': 31, 'truncate:cut_too_short': 4, 'caliber:invariants_changed': 3}",,cycle,1.6278144117012594,1.3890356744520218,0.0892225038028437,0.0892225038028437,1328611.0,1.6278144117012594,1.5810319253978822,1.5489657759723794,92.04280838998744,1.115970613981638,264.0,356.0,1.0,0.6044860974850392,1.1570771261080883,32544.783602201947,118542.0,0.0892225038028437,1328611.0,1.3890356744520218,1.507139596862372,0.9807539471358844,1.7524688997332207,1313.0,815.0,495.0,1328611.0,41286.35112946831,0.0310748226000449,35817.0,1.129248739355453,1.1119987852438038,907.0,118542.0,0.0892225038028437,1.0,1.1141470125517947,1.2970185778392138,0.9918401629170472,1.9897608568151128,88.0,80.0,25.0,68432.0,2386.6673144547576,0.0348764805128413,2061.0,1.1154537821587096,1.110646328331861,56.0,8158.0,0.1192132335749357,1.115970613981638,1.129248739355453,32544.783602201947,41286.35112946831,results/c1_shards/HRF__06_dr__obs1.parquet
HRF:08_dr:obs1,HRF,08_dr,obs1,76,6039,6063,173,2282.7342259287834,1.7217417284846306,5.866937555372715,14.736837223172188,0.4383561643835616,"{'sever:no_disconnection': 34, 'truncate:cut_too_short': 3, 'caliber:invariants_changed': 4}",,cycle,1.6193995488678037,1.3392083611338452,0.0892111762761955,0.0892111762761955,1328421.0,1.6193995488678037,1.5764090781500486,1.552335304855803,109.53858389410898,1.108777089640994,188.0,253.0,3.0,0.6136698730956085,1.1363119757340612,29026.029709096183,118510.0,0.0892111762761955,1328421.0,1.3392083611338452,1.482362769899987,0.97815044448925,2.006526475440466,907.0,629.0,316.0,1328421.0,34508.72681973996,0.0259772518047666,30164.0,1.1036058749024389,1.0942152680416404,616.0,118510.0,0.0892111762761955,1.0,1.1024113379822282,1.3154693509376416,0.9879901248594622,2.314056809212089,75.0,78.0,22.0,103060.0,2975.4095218659872,0.0288706532298271,2566.0,1.096257548568015,1.089601578624951,65.0,12297.0,0.1193188433921987,1.108777089640994,1.1036058749024389,29026.029709096183,34508.72681973996,results/c1_shards/HRF__08_dr__obs1.parquet
HRF:04_h:obs1,HRF,04_h,obs1,98,5805,5835,219,2675.2065032199025,1.8012884259223938,4.862008713185787,12.9362530708313,0.4383561643835616,"{'sever:no_disconnection': 18, 'caliber:invariants_changed': 1}",,cycle,1.6249910427180203,1.3292859850511862,0.1116723640954337,0.1116723640954337,1328377.0,1.6249910427180203,1.5865242529948358,1.5618317046712409,87.27850127807602,1.0985181430286288,244.0,268.0,1.0,0.6306585241916249,1.1082262282950537,29633.58432517873,148343.0,0.1116723640954337,1328377.0,1.3292859850511862,1.5104029123470517,0.976776945927962,2.538852111439928,682.0,262.0,318.0,1328377.0,33364.72595318818,0.0251169102997027,28628.0,1.0926453637441145,1.087166478812462,565.0,148343.0,0.1116723640954337,1.0,1.1229787130568554,1.328097858484825,0.9825754517158752,2.65513265419154,100.0,92.0,33.0,226077.0,4916.589462905454,0.0217474111161482,4228.0,1.0938062613484407,1.0871966042507624,90.0,23563.0,0.1042255514714013,1.0985181430286288,1.0926453637441145,29633.58432517873,33364.72595318818,results/c1_shards/HRF__04_h__obs1.parquet
HRF:07_dr:obs1,HRF,07_dr,obs1,88,6210,6244,194,2623.0081897601485,1.800857089459896,5.193185724318028,14.684673614799976,0.4383561643835616,"{'sever:no_disconnection': 22, 'truncate:cut_too_short': 2, 'caliber:invariants_changed': 5}",,cycle,1.6235728713234907,1.3423729527110675,0.092033667935536,0.092033667935536,1328742.0,1.6235728713234907,1.580603173546528,1.5528297613069395,85.8703244538468,1.1000991123140993,199.0,241.0,3.0,0.6377448706405908,1.1257634720219498,29298.28367654034,122289.0,0.092033667935536,1328742.0,1.3423729527110675,1.4889815929956616,0.9775051976623224,2.0561919797588817,840.0,572.0,309.0,1328742.0,34825.27010906547,0.0262092039756893,30257.0,1.1018854951865222,1.0909901056507605,596.0,122289.0,0.092033667935536,1.0,1.1115938961046172,1.3142293229223614,0.9868706272627228,2.2609359605564725,113.0,111.0,26.0,110820.0,3108.426765808691,0.0280493301372377,2734.0,1.3295526635055372,1.262141603848392,64.0,12492.0,0.1127233351380617,1.1000991123140993,1.1018854951865222,29298.28367654034,34825.27010906547,results/c1_shards/HRF__07_dr__obs1.parquet
HRF:07_h:obs1,HRF,07_h,obs1,97,5967,6043,184,2645.0996988788247,1.898138448596001,5.028200797736645,12.763557374477386,0.4383561643835616,"{'sever:no_disconnection': 18, 'caliber:invariants_changed': 2}",,cycle,1.6145050071569582,1.3195119072953314,0.1053972306992808,0.1053972306992808,1328422.0,1.6145050071569582,1.5807135326560742,1.561032792963478,83.8844964337146,1.0973202122632597,216.0,226.0,3.0,0.6041290735527087,1.116446891877746,29645.80849643387,140012.0,0.1053972306992808,1328422.0,1.3195119072953314,1.499209526582618,0.9776060554792262,2.4542874290954018,548.0,217.0,276.0,1328422.0,32159.24031287644,0.024208602622417,27842.0,1.1065742555525817,1.092994086707172,481.0,140012.0,0.1053972306992808,1.0,1.1160822173797798,1.3437472766724372,0.9892957852230508,2.689037028329768,80.0,70.0,29.0,143193.0,3724.0024509785503,0.0260068749937395,3266.0,1.091906640176611,1.0815297573698848,64.0,18204.0,0.1271291194401961,1.0973202122632597,1.1065742555525817,29645.80849643387,32159.24031287644,results/c1_shards/HRF__07_h__obs1.parquet
HRF:06_h:obs1,HRF,06_h,obs1,99,6931,6990,253,2811.2724210843444,1.7362262606620789,5.480765290558338,14.097670510411264,0.4383561643835616,"{'sever:no_disconnection': 14, 'truncate:cut_too_short': 1, 'caliber:invariants_changed': 3}",,cycle,1.6435977636498382,1.371020733053956,0.1200903546419697,0.1200903546419697,1328100.0,1.6435977636498382,1.6092672721319254,1.586955200206256,85.05403345289584,1.0975909749226522,300.0,326.0,2.0,0.6214375473335079,1.1176069139181464,35764.43576475505,159492.0,0.1200903546419697,1328100.0,1.371020733053956,1.5379072789282409,0.9770599395610252,2.313681082434559,856.0,301.0,407.0,1328100.0,39435.91339584008,0.0296934819635871,33938.0,1.0931461094165695,1.0841972271951432,682.0,159492.0,0.1200903546419697,1.0,1.0918507723922632,1.3356325957776818,0.9916323994804656,2.7178794471427064,88.0,71.0,30.0,88372.0,2871.201369064275,0.0324899444288267,2487.0,1.0803989968987462,1.0821105196077137,70.0,14107.0,0.159632010138958,1.0975909749226522,1.0931461094165695,35764.43576475505,39435.91339584008,results/c1_shards/HRF__06_h__obs1.parquet
HRF:07_g:obs1,HRF,07_g,obs1,93,5664,5686,245,2748.522371850908,1.6466757580637932,5.371915139257908,15.006651408970356,0.4383561643835616,"{'sever:no_disconnection': 15, 'truncate:beta0_changed': 3, 'truncate:cut_too_short': 2, 'caliber:invariants_changed': 4}",,cycle,1.620316772528792,1.3380931123145574,0.0770006714824707,0.0770006714824707,1328404.0,1.620316772528792,1.5722815390741458,1.5422980792021694,79.67821261291898,1.0936162159173015,228.0,263.0,4.0,0.6081261740354313,1.1110477090402064,27698.379130969843,102288.0,0.0770006714824707,1328404.0,1.3380931123145574,1.4620558748174228,0.9767766590858756,1.807196009642879,1052.0,850.0,345.0,1328404.0,33768.83569296755,0.0254206067528911,29298.0,1.0791396428771345,1.0773049905045602,662.0,102288.0,0.0770006714824707,1.0,1.099033685814093,1.2730125202734597,0.9869162238972318,2.044215770615323,85.0,83.0,27.0,110820.0,2801.4978336205563,0.0252797133515661,2410.0,1.0767642503462966,1.073083362263807,57.0,9889.0,0.0892347951633279,1.0936162159173015,1.0791396428771345,27698.379130969843,33768.83569296755,results/c1_shards/HRF__07_g__obs1.parquet
HRF:08_h:obs1,HRF,08_h,obs1,96,6350,6409,247,2567.140880934894,1.904812477529049,4.979651317000389,13.787911862134932,0.4383561643835616,"{'sever:no_disconnection': 19, 'caliber:invariants_changed': 2}",,cycle,1.6297868273792837,1.3519921012786076,0.1188451774738991,0.1188451774738991,1328308.0,1.6297868273792837,1.5918664013292667,1.5681350784911146,92.31476268023852,1.1010740562626316,268.0,291.0,2.0,0.6108092551951456,1.12108416365664,32725.03756964611,157863.0,0.1188451774738991,1328308.0,1.3519921012786076,1.5312648584509114,0.9771547278858884,2.456994874342535,738.0,292.0,339.0,1328308.0,36329.63294973723,0.0273503080232425,31144.0,1.0991565764162434,1.088706729463836,607.0,157863.0,0.1188451774738991,1.0,1.1142438300040367,1.3575964191048215,0.9851570351779102,2.896376706285481,79.0,68.0,26.0,110820.0,3081.230806315797,0.0278039235365078,2703.0,1.0812467999429336,1.0806370815007242,65.0,16077.0,0.1450730914997293,1.1010740562626316,1.0991565764162434,32725.03756964611,36329.63294973723,results/c1_shards/HRF__08_h__obs1.parquet
HRF:08_g:obs1,HRF,08_g,obs1,90,5704,5714,246,2794.699575096369,1.8929112553596497,5.518130101263523,14.418235562741756,0.4383561643835616,"{'sever:no_disconnection': 21, 'truncate:cut_too_short': 1, 'caliber:invariants_changed': 5}",,cycle,1.6268614530783656,1.354504243910561,0.0803399309750433,0.0803399309750433,1328505.0,1.6268614530783656,1.578635609695584,1.5468113624712558,87.98322924068383,1.0973219077817595,237.0,300.0,3.0,0.6416309001943155,1.115719705389178,28716.972060082408,106732.0,0.0803399309750433,1328505.0,1.354504243910561,1.476493746579793,0.9764956941050398,1.775519052340067,1152.0,932.0,374.0,1328505.0,36025.74651466121,0.0271175091660635,31347.0,1.0836716538181488,1.0787934833992925,760.0,106732.0,0.0803399309750433,1.0,1.0602688046583155,1.240863450635903,0.989301336748756,1.991981983196542,96.0,132.0,16.0,88372.0,2409.596246642892,0.0272665125451827,2124.0,1.0761894802597176,1.0765578944054888,56.0,8328.0,0.0942379939347304,1.0973219077817595,1.0836716538181488,28716.972060082408,36025.74651466121,results/c1_shards/HRF__08_g__obs1.parquet
HRF:09_dr:obs1,HRF,09_dr,obs1,91,5608,5638,158,2516.125687673688,1.6939812153577805,5.088450625538826,14.09869634360075,0.4383561643835616,"{'sever:no_disconnection': 24, 'truncate:cut_too_short': 1, 'caliber:invariants_changed': 1}",,cycle,1.599587042299966,1.3141508025317976,0.0801435037528218,0.0801435037528218,1328467.0,1.599587042299966,1.5620695259226105,1.5383788872378077,95.55209022350078,1.1397015986165275,168.0,207.0,1.0,0.5745843116280809,1.201529935381311,26269.55034490761,106468.0,0.0801435037528218,1328467.0,1.3141508025317976,1.4598465564237055,0.9807137230542682,2.050769966104064,757.0,445.0,276.0,1328467.0,30461.65034235672,0.0229299262551171,26389.0,1.155300248311899,1.125162154050696,492.0,106468.0,0.0801435037528218,1.0,1.0784558368930794,1.3006643128824988,0.9905488133083856,2.4559235746258388,72.0,71.0,17.0,81408.0,2272.5840533340715,0.0279159794287302,1960.0,1.1561364757319124,1.124880758014691,45.0,10002.0,0.1228626179245283,1.1397015986165275,1.155300248311899,26269.55034490761,30461.65034235672,results/c1_shards/HRF__09_dr__obs1.parquet
HRF:09_g:obs1,HRF,09_g,obs1,85,5853,5859,246,2459.0118016824126,1.90319412201643,5.667709723114967,14.850760638713837,0.4383561643835616,"{'sever:no_disconnection': 21, 'truncate:branch_too_short': 3, 'caliber:invariants_changed': 2}",,cycle,1.6226709492521043,1.347502201198495,0.0783723522015039,0.0783723522015039,1328887.0,1.6226709492521043,1.5738260130072028,1.5411746850445165,93.83605587346098,1.095093461693555,224.0,305.0,2.0,0.6295270911836628,1.1027698638682857,28546.74457129693,104148.0,0.0783723522015039,1328887.0,1.347502201198495,1.4702152950878566,0.97615902257179,1.7658448843789671,1061.0,774.0,373.0,1328887.0,35221.43576475505,0.0265044625801554,30559.0,1.0808376828021131,1.0766034904737154,715.0,104148.0,0.0783723522015039,1.0,1.044190225184966,1.2385097893985677,0.9898739658980265,2.1487532231597064,66.0,81.0,17.0,88372.0,2306.7728701520286,0.0261029836390715,2020.0,1.0782036629386715,1.0750055923526634,46.0,8770.0,0.0992395781469243,1.095093461693555,1.0808376828021131,28546.74457129693,35221.43576475505,results/c1_shards/HRF__09_g__obs1.parquet
HRF:09_h:obs1,HRF,09_h,obs1,90,6090,6106,207,2429.5065617859364,1.6946955546736715,5.516474299132824,14.386354126036167,0.4383561643835616,"{'sever:no_disconnection': 24, 'caliber:invariants_changed': 3}",,cycle,1.6167443787262965,1.3275206832994555,0.0920409974325798,0.0920409974325798,1328571.0,1.6167443787262965,1.5750781498769568,1.5493931619883925,86.0454390781164,1.0978971253587622,252.0,260.0,4.0,0.6449745766679813,1.1203713370098538,30175.09608521165,122283.0,0.0920409974325798,1328571.0,1.3275206832994555,1.484115142870988,0.9783406707640868,2.1267095437087096,690.0,255.0,318.0,1328571.0,32944.99088845188,0.0247973129689357,28246.0,1.095679153472063,1.0888101135827717,538.0,122283.0,0.0920409974325798,1.0,1.067201777894118,1.2727183105457442,0.9934722812521052,2.307544884849877,78.0,60.0,27.0,103060.0,2660.7749621930816,0.0258177271705131,2285.0,1.076135947351578,1.0739005052096144,60.0,10917.0,0.1059285852901222,1.0978971253587622,1.095679153472063,30175.09608521165,32944.99088845188,results/c1_shards/HRF__09_h__obs1.parquet
HRF:10_dr:obs1,HRF,10_dr,obs1,89,6807,6914,241,2548.705800227821,1.7328900769352913,4.974178001284599,14.816203735768797,0.4383561643835616,"{'sever:no_disconnection': 23, 'truncate:branch_too_short': 3, 'caliber:invariants_changed': 2}",,cycle,1.640168834673558,1.3644363319519763,0.1035196500303061,0.1035196500303061,1328115.0,1.640168834673558,1.600148003843483,1.574624908006423,87.96396620395882,1.1044706957216106,275.0,323.0,1.0,0.6051800597511676,1.1221016125009664,34023.10654541692,137486.0,0.1035196500303061,1328115.0,1.3644363319519763,1.513508275079535,0.9773709934185748,2.075760906253404,870.0,416.0,381.0,1328115.0,38366.94665823621,0.0288882714661277,33221.0,1.1005708327757728,1.0907482394378765,684.0,137486.0,0.1035196500303061,1.0,1.107550963429556,1.3377080411384397,0.98744964710475,2.5365069985992275,77.0,69.0,26.0,95560.0,2713.50288425444,0.0283958024723151,2342.0,1.0901277388456827,1.088710033817324,62.0,12407.0,0.1298346588530766,1.1044706957216106,1.1005708327757728,34023.10654541692,38366.94665823621,results/c1_shards/HRF__10_dr__obs1.parquet
HRF:10_g:obs1,HRF,10_g,obs1,89,5910,5937,271,2584.7001054510474,1.804289937019348,5.504209324717522,14.214952737092972,0.4383561643835616,"{'sever:no_disconnection': 22, 'caliber:invariants_changed': 6}",,cycle,1.6212814191494511,1.345297835572301,0.0776393190893591,0.0776393190893591,1328515.0,1.6212814191494511,1.577425538995826,1.5480919266827224,86.12898466226349,1.094988518466809,226.0,287.0,1.0,0.6102915282046184,1.1024178056317897,28535.00358937498,103145.0,0.0776393190893591,1328515.0,1.345297835572301,1.4657603089473616,0.9767475651874936,1.7592802654291595,940.0,678.0,351.0,1328515.0,34893.43785679611,0.0262649935129043,30103.0,1.082638941686014,1.0767249726454988,696.0,103145.0,0.0776393190893591,1.0,1.119420899854183,1.2877466785553755,0.987883146410042,1.9341213534435728,119.0,108.0,39.0,110820.0,3176.2328983568505,0.0286611883988165,2743.0,1.0815824893339006,1.0784401233627126,78.0,10543.0,0.0951362569933225,1.094988518466809,1.082638941686014,28535.00358937498,34893.43785679611,results/c1_shards/HRF__10_g__obs1.parquet
FIVES:test_122_G:obs1,FIVES,test_122_G,obs1,72,267,267,11,1644.7937763929367,3.1510800942778587,6.921439461410046,11.498493522405624,0.75,"{'sever:no_disconnection': 4, 'truncate:cut_too_short': 1}",,cycle,1.3467513043430523,1.0041825854598507,0.0096319287378737,0.0096319287378737,1781367.0,1.3467513043430523,1.3007362106723208,1.2755962525823346,,,0.0,0.0,0.0,0.730810273204147,,0.0,17158.0,0.0096319287378737,1781367.0,1.0041825854598507,1.2346524297846715,0.9967109367509308,3.657751549213504,28.0,20.0,12.0,1781367.0,2461.2236636408643,0.0013816488481266,2110.0,1.1154520876132168,1.1676087611912551,22.0,17158.0,0.0096319287378737,1.0,0.9242504767532572,1.262258569107067,0.998023683233642,3.988027497722357,4.0,5.0,1.0,162294.0,359.5168106668142,0.0022152193591064,294.0,1.100368879221575,1.1014722768984175,4.0,2823.0,0.0173943583866316,,1.1154520876132168,0.0,2461.2236636408643,results/c1_shards/FIVES__test_122_G__obs1.parquet
HRF:12_dr:obs1,HRF,12_dr,obs1,78,5871,5886,273,2258.5267429426312,1.7048055082559586,5.697089709341526,14.39428810030222,0.4383561643835616,"{'sever:no_disconnection': 31, 'truncate:cut_too_short': 1, 'truncate:beta0_changed': 3, 'caliber:invariants_changed': 4}",,cycle,1.6134845047597044,1.3505814922295492,0.0804402869813666,0.0804402869813666,1328588.0,1.6134845047597044,1.5663442767977085,1.535265394167291,,1.112180124974475,221.0,302.0,1.0,0.6289066801719052,1.1399932817648637,28605.464484131586,106872.0,0.0804402869813666,1328588.0,1.3505814922295492,1.4732463559145883,0.9801460161851774,1.815710377977914,1151.0,777.0,416.0,1328588.0,35385.8125318392,0.0266341503399392,30566.0,1.124173081153284,1.1104449561180922,730.0,106872.0,0.0804402869813666,1.0,1.0261173559820325,1.1953564555926908,0.9893980606934212,1.9052323182788875,57.0,54.0,19.0,68432.0,1676.7413408594532,0.0245022992292999,1439.0,1.0995404598171512,1.087073708524318,40.0,5609.0,0.0819645779752162,1.112180124974475,1.124173081153284,28605.464484131586,35385.8125318392,results/c1_shards/HRF__12_dr__obs1.parquet
FIVES:test_114_G:obs1,FIVES,test_114_G,obs1,79,680,680,25,1774.7863391265273,2.827871419489384,7.27746794372797,12.316545255482197,0.75,"{'sever:no_disconnection': 5, 'truncate:cut_too_short': 6, 'truncate:branch_too_short': 3, 'caliber:invariants_changed': 6}",,cycle,1.247720060564118,1.001579225895682,0.0396058677528651,0.0396058677528651,1297737.0,1.247720060564118,1.2015914544059605,1.1801895988553588,83.90604536528227,1.0931189957502472,9.0,19.0,3.0,0.6916756861603295,1.0938879659022394,3877.3304448274143,51398.0,0.0396058677528651,1297737.0,1.001579225895682,1.347003107844992,0.9987812032084304,6.548591761517698,71.0,34.0,31.0,1297737.0,4165.438092565736,0.0032097706180572,3563.0,1.0897976703120775,1.0904756655463792,37.0,51398.0,0.0396058677528651,1.0,0.9319861920215792,1.3331678541571297,0.9963771148726,6.390875474001638,25.0,17.0,8.0,127224.0,576.558441227157,0.0045318370844114,505.0,1.07161982728979,1.0903120944958475,13.0,6918.0,0.0543765327296736,1.0931189957502472,1.0897976703120775,3877.3304448274143,4165.438092565736,results/c1_shards/FIVES__test_114_G__obs1.parquet
HRF:15_h:obs1,HRF,15_h,obs1,87,4979,4979,139,2037.1996282115576,1.6890305876731873,4.884435877203941,12.335834302008152,0.4383561643835616,"{'sever:no_disconnection': 21, 'truncate:branch_too_short': 3, 'caliber:invariants_changed': 3}",,cycle,1.5972360177133575,1.2824079378483677,0.0927912817239011,0.0927912817239011,1328336.0,1.5972360177133575,1.5554041429785506,1.5316908744528477,82.25581705359838,1.1121399272170562,154.0,234.0,1.0,0.6543416650453273,1.1307955709959845,25499.24464563533,123258.0,0.0927912817239011,1328336.0,1.2824079378483677,1.468539820843344,0.9789521203032934,2.4664991133182514,759.0,333.0,359.0,1328336.0,27813.093634233104,0.0209382969626909,24057.0,1.1068446906299827,1.0988798899022776,473.0,123258.0,0.0927912817239011,1.0,0.9651941869350708,1.2130016687306264,0.9959172375550536,2.719283513755012,36.0,45.0,8.0,74764.0,1503.089537243844,0.0201044558509957,1297.0,1.1021795711602342,1.1072365806770854,28.0,7663.0,0.102495853619389,1.1121399272170562,1.1068446906299827,25499.24464563533,27813.093634233104,results/c1_shards/HRF__15_h__obs1.parquet
HRF:11_h:obs1,HRF,11_h,obs1,92,5493,5493,198,2443.4192331656814,1.6313550919294355,5.267308562994003,12.008988298475742,0.4383561643835616,"{'sever:no_disconnection': 15, 'truncate:beta0_changed': 3, 'truncate:cut_too_short': 1, 'truncate:branch_too_short': 3, 'caliber:invariants_changed': 3}",,cycle,1.6196251393399794,1.317313255451009,0.1106092276472638,0.1106092276472638,1328551.0,1.6196251393399794,1.5867190459967309,1.5693241269705192,88.25335135552287,1.1066090857121975,213.0,247.0,1.0,0.5651256016386919,1.1317818480441648,29182.15582626648,146950.0,0.1106092276472638,1328551.0,1.317313255451009,1.5076806081623608,0.9772083531359588,2.5940579023416643,649.0,278.0,325.0,1328551.0,31975.21505970702,0.0240677362477669,27522.0,1.1101021197021732,1.1007251412636836,522.0,146950.0,0.1106092276472638,1.0,1.0624986052034884,1.324737420818721,0.9905737947302882,3.16187090890085,88.0,71.0,34.0,140903.0,3300.813634160594,0.0234261416304875,2824.0,1.1063055196328968,1.0938672761302504,65.0,18720.0,0.1328573557695719,1.1066090857121975,1.1101021197021732,29182.15582626648,31975.21505970702,results/c1_shards/HRF__11_h__obs1.parquet
HRF:12_h:obs1,HRF,12_h,obs1,93,5565,5593,222,2472.412684291601,1.734402559697628,5.110037453472614,14.08634114265442,0.4383561643835616,"{'sever:no_disconnection': 19, 'caliber:invariants_changed': 5}",,cycle,1.6251108716441467,1.335743390938375,0.1241666014201653,0.1241666014201653,1328296.0,1.6251108716441467,1.5847671838825497,1.560371889876404,89.28315084832374,1.107857024822275,235.0,270.0,3.0,0.63608020355213,1.133528426789894,30842.713400941862,164930.0,0.1241666014201653,1328296.0,1.335743390938375,1.5339596053473397,0.9773561869965336,2.743373920581955,702.0,312.0,345.0,1328296.0,33940.56657362174,0.0255519602359878,29218.0,1.1072989003049172,1.099426015602771,570.0,164930.0,0.1241666014201653,1.0,1.0867335413132275,1.35530271211015,0.98596934871524,3.151909496046664,76.0,65.0,25.0,110820.0,2832.544514814782,0.0255598674861467,2450.0,1.094592582834155,1.0917357382526685,57.0,15936.0,0.1438007579859231,1.107857024822275,1.1072989003049172,30842.713400941862,33940.56657362174,results/c1_shards/HRF__12_h__obs1.parquet
HRF:13_h:obs1,HRF,13_h,obs1,100,5294,5306,204,2469.379482023418,1.8751693293452265,5.119818858802319,12.989138282835484,0.4383561643835616,"{'sever:no_disconnection': 16, 'caliber:invariants_changed': 1}",,cycle,1.6094426778635422,1.3066776797356707,0.1030213554692617,0.1030213554692617,1328278.0,1.6094426778635422,1.5718870987041789,1.5525345215041888,87.96995760616568,1.0976940495835636,205.0,231.0,2.0,0.6200833871700155,1.1101326361143362,27264.78706840906,136841.0,0.1030213554692617,1328278.0,1.3066776797356707,1.4914993278577466,0.97742519173489,2.524916031145472,589.0,273.0,281.0,1328278.0,30568.60575320353,0.0230137107993985,26328.0,1.0958087910370302,1.0886391065619172,485.0,136841.0,0.1030213554692617,1.0,1.0126009671594756,1.285035623356504,0.9908180473321444,2.8825322795052823,30.0,45.0,5.0,68432.0,1598.2438661763947,0.0233552119794306,1378.0,1.074342937728524,1.0747087790630483,28.0,8812.0,0.1287701660042085,1.0976940495835636,1.0958087910370302,27264.78706840906,30568.60575320353,results/c1_shards/HRF__13_h__obs1.parquet
HRF:15_dr:obs1,HRF,15_dr,obs1,92,5278,5302,175,2401.885897234082,1.9080598205327988,4.963433340191841,12.822411499917507,0.4383561643835616,"{'sever:no_disconnection': 24, 'caliber:invariants_changed': 1}",,cycle,1.585637683406452,1.3011376638193046,0.0773708209089492,0.0773708209089492,1328369.0,1.585637683406452,1.5416872938415522,1.5148297222349367,95.6471271161445,1.1036594297705031,177.0,199.0,1.0,0.6125050790915962,1.1250936001023166,24632.29219338133,102777.0,0.0773708209089492,1328369.0,1.3011376638193046,1.4455408878896137,0.978452870934992,2.0617404261445227,683.0,472.0,255.0,1328369.0,29307.00236388571,0.0220623955872846,25560.0,1.098463053010278,1.0851109749624614,503.0,102777.0,0.0773708209089492,1.0,0.9446104846374312,1.217918321068952,0.9922793429972192,2.902504800361684,27.0,36.0,4.0,74764.0,1242.768686069923,0.0166225547866609,1078.0,1.0890149169763823,1.086078402658535,23.0,6614.0,0.0884650366486544,1.1036594297705031,1.098463053010278,24632.29219338133,29307.00236388571,results/c1_shards/HRF__15_dr__obs1.parquet
HRF:13_dr:obs1,HRF,13_dr,obs1,92,5802,5825,203,2499.479864887893,1.726314090192318,5.014602966606617,13.102848269045351,0.4383561643835616,"{'sever:no_disconnection': 23, 'truncate:cut_too_short': 1, 'caliber:invariants_changed': 1}",,cycle,1.6106801240444697,1.32839600161016,0.0809482411474034,0.0809482411474034,1328565.0,1.6106801240444697,1.5603058323138637,1.5284260584941205,90.47512991612628,1.103448012559944,200.0,238.0,3.0,0.6035200163650423,1.1219510217247837,27845.315205832914,107545.0,0.0809482411474034,1328565.0,1.32839600161016,1.4651861497548424,0.9776963993473236,1.945576778152724,765.0,503.0,290.0,1328565.0,32413.82436621052,0.0243976202641274,27902.0,1.1063160098245632,1.0980378801396349,560.0,107545.0,0.0809482411474034,1.0,1.0512103607800665,1.2615668875036807,0.9911149483995332,2.176528832014435,55.0,70.0,11.0,74764.0,2132.554616082549,0.0285238164903235,1819.0,1.110777683695488,1.1199211170721282,49.0,8465.0,0.1132229415226579,1.103448012559944,1.1063160098245632,27845.315205832914,32413.82436621052,results/c1_shards/HRF__13_dr__obs1.parquet
HRF:14_dr:obs1,HRF,14_dr,obs1,77,6229,6269,235,2466.2005497813225,1.7116074785590172,5.597693555057049,15.820488914847374,0.4383561643835616,"{'sever:no_disconnection': 35, 'truncate:cut_too_short': 4, 'caliber:invariants_changed': 1}",,cycle,1.6277021398185576,1.362856255641098,0.0902719078712154,0.0902719078712154,1328575.0,1.6277021398185576,1.585445301692001,1.55778141143146,109.6307726822504,1.1156779070131466,262.0,343.0,2.0,0.6065806388333899,1.16274385227557,31722.15705175576,119933.0,0.0902719078712154,1328575.0,1.362856255641098,1.4924005305757766,0.9802453448108892,1.902082152745824,1194.0,709.0,439.0,1328575.0,38014.13338301311,0.0286127116519677,33066.0,1.1570005573141724,1.1290622438224784,796.0,119933.0,0.0902719078712154,1.0,1.1552134828877745,1.3224000719066094,0.9905092020102032,1.915839118677264,163.0,150.0,36.0,68432.0,2722.8927111991734,0.0397897578793426,2408.0,1.1386927409059626,1.1181358277832236,81.0,8667.0,0.1266512742576572,1.1156779070131466,1.1570005573141724,31722.15705175576,38014.13338301311,results/c1_shards/HRF__14_dr__obs1.parquet
FIVES:test_103_G:obs1,FIVES,test_103_G,obs1,84,1531,1531,106,2305.783343143761,3.140318669378757,7.754147253930569,14.731630139052868,0.75,"{'sever:no_disconnection': 22, 'truncate:cut_too_short': 1, 'caliber:invariants_changed': 2}",,cycle,1.4555339947422608,1.1549184445443588,0.1060041377775964,0.1060041377775964,1788883.0,1.4555339947422608,1.4260276121899251,1.4133805145008802,77.63208325822572,1.0932383368080645,47.0,128.0,1.0,0.5757288004384131,1.0912608231351144,13906.924450752478,189629.0,0.1060041377775964,1788883.0,1.1549184445443588,1.4912969312670294,0.9912813316623924,6.805531568469398,424.0,149.0,196.0,1788883.0,15599.23433410685,0.0087200975883312,13461.0,1.086173816637909,1.107273704416152,237.0,189629.0,0.1060041377775964,1.0,0.9684968501588754,1.4262617552938417,0.9967430693500944,7.457587287714892,41.0,30.0,13.0,103085.0,1304.692567624174,0.0126564734697014,1105.0,1.0828640216216452,1.104817684885936,26.0,17718.0,0.1718775767570451,1.0932383368080645,1.086173816637909,13906.924450752478,15599.23433410685,results/c1_shards/FIVES__test_103_G__obs1.parquet
HRF:11_dr:obs1,HRF,11_dr,obs1,92,6692,6711,280,2758.9847214818,1.9063811227679253,5.696092665195465,15.220908522605896,0.4383561643835616,"{'sever:no_disconnection': 23, 'caliber:invariants_changed': 2}",,cycle,1.6424321192225646,1.375209658292917,0.1001605984834624,0.1001605984834624,1328157.0,1.6424321192225646,1.6040986478982142,1.5780206735970814,85.079348394378,1.0970336168658192,270.0,341.0,5.0,0.5350340584082789,1.118106432484335,33738.42653003907,133029.0,0.1001605984834624,1328157.0,1.375209658292917,1.5156458629864231,0.976813180257676,1.9716815677494053,1048.0,633.0,412.0,1328157.0,39472.8170748588,0.0297199932499386,34007.0,1.093141823149964,1.0869231468514855,786.0,133029.0,0.1001605984834624,1.0,1.1393872927123845,1.3293220143034925,0.9863803365488714,2.161347845027597,95.0,80.0,32.0,110820.0,3493.0684681565326,0.0315201991351428,3007.0,1.1014339121054595,1.0891767193581932,74.0,13446.0,0.1213318895506226,1.0970336168658192,1.093141823149964,33738.42653003907,39472.8170748588,results/c1_shards/HRF__11_dr__obs1.parquet
HRF:10_h:obs1,HRF,10_h,obs1,95,6650,6683,271,2788.967573210597,1.7898213267326355,5.293156251311302,13.987393364310265,0.4383561643835616,"{'sever:no_disconnection': 21, 'caliber:invariants_changed': 1}",,cycle,1.6359790714356144,1.3537603515670102,0.102150383841182,0.102150383841182,1328414.0,1.6359790714356144,1.5954600438726632,1.5697219134714937,81.28126510077998,1.0950316152580628,294.0,315.0,2.0,0.6371252549348791,1.1179292297170844,33068.55315482365,135698.0,0.102150383841182,1328414.0,1.3537603515670102,1.507990905369775,0.9772981672040836,2.115200201004233,817.0,321.0,388.0,1328414.0,36968.60647107853,0.0278291304300304,31869.0,1.0914159213528731,1.0859934323030027,684.0,135698.0,0.102150383841182,1.0,1.1972667647713036,1.3468693697399998,0.9873435856085376,2.017086654324688,232.0,146.0,94.0,258975.0,7531.249634685275,0.0290809909631635,6527.0,1.0976467334169362,1.091334002983162,181.0,26081.0,0.1007085626025678,1.0950316152580628,1.0914159213528731,33068.55315482365,36968.60647107853,results/c1_shards/HRF__10_h__obs1.parquet
HRF:14_h:obs1,HRF,14_h,obs1,98,5118,5123,199,2507.7296382561326,1.7569311186671257,5.838039740920067,13.092111997306349,0.4383561643835616,"{'sever:no_disconnection': 13, 'truncate:cut_too_short': 2, 'caliber:invariants_changed': 4}",,cycle,1.6114568566632763,1.3151310499052442,0.1032905428710427,0.1032905428710427,1327866.0,1.6114568566632763,1.5765151084444755,1.557549363987504,89.82794267086643,1.1037437881793832,201.0,271.0,5.0,0.6176211905890006,1.1168168326937913,27810.078482331453,137156.0,0.1032905428710427,1327866.0,1.3151310499052442,1.5003450469629034,0.978549767084376,2.470748700186486,820.0,359.0,396.0,1327866.0,30982.262607453027,0.023332371344287,26723.0,1.0947386487427908,1.0923969882948312,564.0,137156.0,0.1032905428710427,1.0,1.1033426021582198,1.3358268972333134,0.9866703814129686,2.6749207586132093,93.0,72.0,35.0,95560.0,2678.1130573097057,0.0280254610434251,2278.0,1.0966039036894184,1.092585307602218,61.0,13014.0,0.1361866889912097,1.1037437881793832,1.0947386487427908,27810.078482331453,30982.262607453027,results/c1_shards/HRF__14_h__obs1.parquet
HRF:12_g:obs1,HRF,12_g,obs1,89,6736,6754,377,2668.766896866262,1.8017041310667992,5.6862349808216095,15.201807215809822,0.4383561643835616,"{'sever:no_disconnection': 25, 'truncate:cut_too_short': 2, 'caliber:invariants_changed': 1}",,cycle,1.6421000162448902,1.3874948960051636,0.0977067517774273,0.0977067517774273,1328465.0,1.6421000162448902,1.602904761065766,1.5755037635393432,87.90793372051985,1.0972035714520922,344.0,420.0,2.0,0.5995376656576348,1.11264569461061,34968.84579423532,129800.0,0.0977067517774273,1328465.0,1.3874948960051636,1.5175965172797856,0.9766361500641332,1.8556794818188445,1259.0,737.0,509.0,1328465.0,41579.57147557884,0.031298958930479,36018.0,1.086586709187631,1.08246013542056,940.0,129800.0,0.0977067517774273,1.0,1.0794875390841971,1.2982632805777634,0.9874715097924684,2.2750947119101994,79.0,76.0,23.0,68432.0,2205.535280098793,0.0322295896670971,1941.0,1.0667445090851868,1.066037162868845,54.0,8926.0,0.1304360533083937,1.0972035714520922,1.086586709187631,34968.84579423532,41579.57147557884,results/c1_shards/HRF__12_g__obs1.parquet
HRF:13_g:obs1,HRF,13_g,obs1,88,6162,6186,274,2617.0161956101656,1.6990287825465202,5.395291581749916,14.16827305406332,0.4383561643835616,"{'sever:no_disconnection': 24, 'truncate:cut_too_short': 1, 'truncate:branch_too_short': 3, 'caliber:invariants_changed': 1}",,cycle,1.6255641677258637,1.3538753754408177,0.0806631704876342,0.0806631704876342,1329070.0,1.6255641677258637,1.5844171160261626,1.5551903314328177,,1.104757295895711,254.0,348.0,1.0,0.6273075331397306,1.1277708463859937,30814.295003297382,107207.0,0.0806631704876342,1329070.0,1.3538753754408177,1.4751875357377504,0.9785807225254528,1.7529321166774046,1094.0,587.0,430.0,1329070.0,36314.12205625607,0.0273229566962282,31497.0,1.095229068728762,1.0877815824544188,759.0,107207.0,0.0806631704876342,1.0,1.0982857729364532,1.2787384605298544,0.9881918503650424,1.981955694971809,104.0,96.0,29.0,95560.0,2727.6033893178283,0.0285433590343012,2369.0,1.0858508787243797,1.0822779143604455,72.0,9468.0,0.0990791125994139,1.104757295895711,1.095229068728762,30814.295003297382,36314.12205625607,results/c1_shards/HRF__13_g__obs1.parquet
HRF:11_g:obs1,HRF,11_g,obs1,96,6139,6160,300,2898.4363531693816,1.758464552462101,5.59741698205471,15.203167714178562,0.4383561643835616,"{'sever:no_disconnection': 16, 'truncate:cut_too_short': 3, 'caliber:invariants_changed': 2}",,cycle,1.6363226104817212,1.362670847896034,0.0905360574697328,0.0905360574697328,1328421.0,1.6363226104817212,1.5917498312751717,1.562031970167392,74.09116808869754,1.1017914543552654,253.0,331.0,2.0,0.6364600650580721,1.1187523702457636,30945.23230364973,120270.0,0.0905360574697328,1328421.0,1.362670847896034,1.4948954622283916,0.9765430834951224,1.8913697721526104,1171.0,758.0,427.0,1328421.0,37478.35286257186,0.0282127073138499,32357.0,1.094935926461467,1.0851962140044893,783.0,120270.0,0.0905360574697328,1.0,1.1277667244845668,1.2867793212858982,0.9906598868844804,1.9386248855669137,153.0,150.0,45.0,118892.0,3756.874600704693,0.0315990529279067,3250.0,1.0826410733473786,1.076685564720398,106.0,12514.0,0.1052551895838239,1.1017914543552654,1.094935926461467,30945.23230364973,37478.35286257186,results/c1_shards/HRF__11_g__obs1.parquet
HRF:14_g:obs1,HRF,14_g,obs1,90,6467,6501,243,2735.1886957362294,1.783932588994503,5.638654351234436,15.969885550439358,0.4383561643835616,"{'sever:no_disconnection': 26, 'truncate:cut_too_short': 1}",,cycle,1.622610965831155,1.3519204505544444,0.0835572760240721,0.0835572760240721,1328837.0,1.622610965831155,1.5736943818416482,1.53870973583709,98.3759707559666,1.108788013590941,253.0,324.0,2.0,0.6793051881219607,1.1208517352188785,31508.801712696422,111034.0,0.0835572760240721,1328837.0,1.3519204505544444,1.477551308436604,0.978114543945742,1.7991534617444147,1043.0,520.0,409.0,1328837.0,36609.14139223983,0.027549760724784,31701.0,1.0935522922734513,1.0840735990051549,702.0,111034.0,0.0835572760240721,1.0,1.0673460531437016,1.2613917163858903,0.9918342797958462,2.177797883313043,85.0,80.0,22.0,88372.0,2342.3342699720165,0.026505389376409,2073.0,1.0870920344411077,1.0857622877333242,55.0,9085.0,0.1028040555832164,1.108788013590941,1.0935522922734513,31508.801712696422,36609.14139223983,results/c1_shards/HRF__14_g__obs1.parquet
FIVES:test_116_G:obs1,FIVES,test_116_G,obs1,87,2419,2426,58,2510.28653948009,2.716676279902458,7.369345530867577,13.325788326561453,0.75,"{'sever:no_disconnection': 16, 'truncate:cut_too_short': 4, 'caliber:invariants_changed': 3}",,cycle,1.4929251087013409,1.175883870354944,0.0932281595140919,0.0932281595140919,1430394.0,1.4929251087013409,1.4580120569236878,1.4437880574171815,102.01232816666835,1.0950738927614574,59.0,94.0,2.0,0.6375666465327061,1.0997560759380156,14169.004753280336,133353.0,0.0932281595140919,1430394.0,1.175883870354944,1.457580198361408,0.9878173463695704,4.854225541419791,302.0,109.0,139.0,1430394.0,15210.423150924811,0.0106337296933046,13107.0,1.0840168584965055,1.090452575987202,181.0,133353.0,0.0932281595140919,1.0,0.9653230139990006,1.3371798792862677,0.9961706869666924,4.855060890457714,57.0,44.0,15.0,110820.0,1708.9839815465723,0.0154212595338979,1464.0,1.0738693978834175,1.0781559330776098,27.0,15757.0,0.1421855260783252,1.0950738927614574,1.0840168584965055,14169.004753280336,15210.423150924811,results/c1_shards/FIVES__test_116_G__obs1.parquet
HRF:15_g:obs1,HRF,15_g,obs1,98,6121,6162,267,2839.95542165637,1.7964883744716644,5.721079349517822,14.275848738849165,0.4383561643835616,"{'sever:no_disconnection': 17, 'truncate:cut_too_short': 2}",,cycle,1.6264176797061636,1.3460644238796806,0.0866372173813526,0.0866372173813526,1328159.0,1.6264176797061636,1.581775762444038,1.552460131587437,83.51692630710276,1.0963367131168695,247.0,309.0,3.0,0.6282480241596364,1.1039475350080823,30364.47162680651,115068.0,0.0866372173813526,1328159.0,1.3460644238796806,1.480251416545639,0.9778251509129166,1.9201139327863188,971.0,596.0,370.0,1328159.0,35612.81130634992,0.0268136656125884,30938.0,1.083603583951355,1.079540229850294,711.0,115068.0,0.0866372173813526,1.0,1.0669980347676926,1.2829967363516084,0.9834800506083464,2.338554098122887,70.0,83.0,16.0,81408.0,2131.5819612930186,0.0261839372210718,1896.0,1.0767185393059584,1.0743679277452074,49.0,8839.0,0.1085765526729559,1.0963367131168695,1.083603583951355,30364.47162680651,35612.81130634992,results/c1_shards/HRF__15_g__obs1.parquet
FIVES:test_106_G:obs1,FIVES,test_106_G,obs1,89,3198,3199,68,2669.193138487637,3.1784673780202866,7.8989332392811775,14.300110206007956,0.75,"{'sever:no_disconnection': 22, 'truncate:cut_too_short': 2, 'caliber:invariants_changed': 1}",,cycle,1.5391317903398147,1.1901987998784247,0.1154956575706749,0.1154956575706749,1782067.0,1.5391317903398147,1.5004578848709629,1.4821081083664651,89.90222601186457,1.1067523949875169,74.0,108.0,2.0,0.6798285944438691,1.1326926332166165,19162.22163318376,205821.0,0.1154956575706749,1782067.0,1.1901987998784247,1.49607537698716,0.9850198946816008,5.5994308714677095,282.0,109.0,143.0,1782067.0,20169.55676970756,0.0113180687200355,17361.0,1.123434724958459,1.1221171936309986,206.0,205821.0,0.1154956575706749,1.0,0.9815937162128636,1.3609230623751591,0.9942557716484108,6.566471429997168,34.0,38.0,10.0,215020.0,2375.0571413994912,0.0110457498902404,2061.0,1.0881446414231448,1.0806649465427125,30.0,28964.0,0.1347037484885127,1.1067523949875169,1.123434724958459,19162.22163318376,20169.55676970756,results/c1_shards/FIVES__test_106_G__obs1.parquet
FIVES:test_133_G:obs1,FIVES,test_133_G,obs1,86,412,412,33,2121.0296325683594,2.7183776199817657,7.471446797251701,12.187574118375778,0.75,"{'sever:no_disconnection': 6, 'truncate:cut_too_short': 4, 'truncate:branch_too_short': 3, 'caliber:invariants_changed': 3}",,cycle,1.3112004880892982,1.0636258588483491,0.0429391946616038,0.0429391946616038,1105051.0,1.3112004880892982,1.2860805817356395,1.274089238622057,92.31741451372535,1.1059023904059684,22.0,44.0,1.0,0.6189222305142892,1.1051315096138434,4149.361974119986,47450.0,0.0429391946616038,1105051.0,1.0636258588483491,1.3627579965268275,0.9980638959715532,5.447194970122555,172.0,88.0,74.0,1105051.0,4990.140761457676,0.004515756070496,4247.0,1.096104721677151,1.107950194134276,90.0,47450.0,0.0429391946616038,1.0,0.9337283167202688,1.3000046948872288,0.9981092322781366,5.461352625572602,42.0,31.0,16.0,74764.0,916.3767670841364,0.0122569253528989,790.0,1.1264341084735177,1.1534564714447704,22.0,8948.0,0.1196832700230057,1.1059023904059684,1.096104721677151,4149.361974119986,4990.140761457676,results/c1_shards/FIVES__test_133_G__obs1.parquet
FIVES:test_124_G:obs1,FIVES,test_124_G,obs1,96,1939,1944,62,2636.2198851779103,2.7247435078024864,7.593790829181671,14.287071958184242,0.75,"{'sever:no_disconnection': 11, 'truncate:cut_too_short': 3, 'caliber:invariants_changed': 2}",,cycle,1.4558644777750702,1.1502909863977386,0.0934524029129198,0.0934524029129198,1544979.0,1.4558644777750702,1.4253074075263976,1.4109210842765247,81.02737338510362,1.0948897530274442,41.0,80.0,1.0,0.5702165871226315,1.0987015260279254,12609.976182580587,144382.0,0.0934524029129198,1544979.0,1.1502909863977386,1.4637895317415577,0.9904576527238866,5.893420762713364,247.0,93.0,114.0,1544979.0,13455.09811566878,0.0087089197430313,11540.0,1.0892862575112134,1.1027454141837056,153.0,144382.0,0.0934524029129198,1.0,0.98381423486922,1.3862515423912352,0.9974839658365752,6.7478388931170485,49.0,35.0,19.0,153968.0,1763.5453813665597,0.0114539734319245,1539.0,1.0825368769587644,1.088572022749826,38.0,21139.0,0.1372947625480619,1.0948897530274442,1.0892862575112134,12609.976182580587,13455.09811566878,results/c1_shards/FIVES__test_124_G__obs1.parquet
FIVES:test_132_G:obs1,FIVES,test_132_G,obs1,82,3283,3284,83,2465.600723549724,3.217115297913552,7.398025445640087,15.882798790931702,0.75,"{'sever:no_disconnection': 18, 'truncate:cut_too_short': 3, 'caliber:invariants_changed': 2}",,cycle,1.524028636556808,1.1750317734987383,0.0811608314184131,0.0811608314184131,1782929.0,1.524028636556808,1.4779926251252309,1.4538272004186958,87.47350943841042,1.0933611308734714,71.0,104.0,2.0,0.699612954165961,1.099962188941268,17760.899556520562,144704.0,0.0811608314184131,1782929.0,1.1750317734987383,1.4282811704209288,0.9846311555114162,4.167362429715782,281.0,120.0,139.0,1782929.0,19046.413408594548,0.0106826538850366,16485.0,1.092437459087502,1.0886234346835753,195.0,144704.0,0.0811608314184131,1.0,0.913766824004388,1.2284562418486469,0.9989748099677378,3.9287996446087248,32.0,34.0,7.0,145204.0,1509.4671708797578,0.0103954930365537,1333.0,1.080698416545822,1.0706354130183926,18.0,11261.0,0.0775529599735544,1.0933611308734714,1.092437459087502,17760.899556520562,19046.413408594548,results/c1_shards/FIVES__test_132_G__obs1.parquet
FIVES:test_130_G:obs1,FIVES,test_130_G,obs1,80,3192,3192,72,2686.182628199458,3.374512404203415,8.821565873920918,16.41762960702181,0.75,"{'sever:no_disconnection': 20, 'truncate:branch_too_short': 9, 'truncate:cut_too_short': 1}",,cycle,1.5378639178949678,1.2153600474313415,0.105825078307328,0.105825078307328,1783358.0,1.5378639178949678,1.501230254420857,1.4805721498339723,83.87291203760559,1.1000632548531442,90.0,144.0,7.0,0.6117745966787493,1.1190910677862296,20015.954605879,188724.0,0.105825078307328,1783358.0,1.2153600474313415,1.493172411598018,0.9849070638850336,4.841130385464656,409.0,128.0,205.0,1783358.0,21529.0025125625,0.0120721708779518,18627.0,1.098707521152387,1.0952297585559212,269.0,188724.0,0.105825078307328,1.0,1.0117058623470851,1.3732261921565354,0.9915394870116824,5.118904067800737,62.0,52.0,21.0,183248.0,2690.2896808188425,0.0146811407536171,2318.0,1.081380169653227,1.0818591504958184,41.0,25509.0,0.1392047935038854,1.1000632548531442,1.098707521152387,20015.954605879,21529.0025125625,results/c1_shards/FIVES__test_130_G__obs1.parquet
FIVES:test_136_G:obs1,FIVES,test_136_G,obs1,101,922,937,40,2516.0860044956207,3.589445874094963,7.99043370783329,13.728951297700403,0.75,"{'sever:no_disconnection': 1, 'truncate:beta0_changed': 1, 'truncate:branch_too_short': 3, 'truncate:cut_too_short': 3, 'caliber:invariants_changed': 2}",,cycle,1.349621572131131,1.0879722062176411,0.0296580325338265,0.0296580325338265,1777596.0,1.349621572131131,1.3114097498855368,1.2861922667343615,82.6656211985833,1.1177128514316812,26.0,46.0,1.0,0.6578275368868041,1.1334871167462934,5129.114282798988,52720.0,0.0296580325338265,1777596.0,1.0879722062176411,1.3578307907354517,0.997375194218776,4.785410085939602,188.0,51.0,79.0,1777596.0,6148.265653138709,0.0034587530873937,5356.0,1.114189719971151,1.115901875489381,86.0,52720.0,0.0296580325338265,1.0,0.9463691534224564,1.2457970248409436,0.9911644994133944,4.883299648537048,23.0,19.0,9.0,183248.0,771.5411972844539,0.0042103662647584,685.0,1.0739520332346455,1.078784643711495,13.0,6858.0,0.0374246922203789,1.1177128514316812,1.114189719971151,5129.114282798988,6148.265653138709,results/c1_shards/FIVES__test_136_G__obs1.parquet
FIVES:test_12_A:obs1,FIVES,test_12_A,obs1,104,3286,3322,59,3155.5000724047422,2.828841932117939,7.421170569956303,13.957235902547836,0.75,"{'sever:no_disconnection': 9, 'truncate:cut_too_short': 2, 'caliber:invariants_changed': 1}",,cycle,1.5291828112853414,1.1806766867077718,0.1068545610292759,0.1068545610292759,1786110.0,1.5291828112853414,1.4885000967540054,1.468773182320954,83.10174321407719,1.09054157478572,69.0,89.0,2.0,0.654529797571201,1.0928414218043636,18561.71283174365,190854.0,0.1068545610292759,1786110.0,1.1806766867077718,1.4800595938012306,0.9841269378786376,5.319552586683002,238.0,84.0,111.0,1786110.0,19436.80532758033,0.0108821994880384,16822.0,1.087414892604298,1.0851958601664016,178.0,190854.0,0.1068545610292759,1.0,0.948709591865369,1.3533654460152238,0.9971008113885336,6.470189736332747,33.0,36.0,9.0,183248.0,2035.48145622963,0.0111077962991663,1778.0,1.0714450892798624,1.067425429265059,28.0,24418.0,0.1332511132454378,1.09054157478572,1.087414892604298,18561.71283174365,19436.80532758033,results/c1_shards/FIVES__test_12_A__obs1.parquet
FIVES:test_140_G:obs1,FIVES,test_140_G,obs1,94,2983,2984,46,2676.431303113699,3.0256317406892776,7.45827192813158,14.825950227677822,0.75,"{'sever:no_disconnection': 10, 'truncate:cut_too_short': 2, 'caliber:invariants_changed': 2}",,cycle,1.483665664752864,1.151582680257986,0.0632512970734298,0.0632512970734298,1782667.0,1.483665664752864,1.436566131604328,1.4114020300014736,89.53720326033121,1.0907246854628083,53.0,75.0,3.0,0.6663647698135386,1.1063105574433965,14853.525748029257,112756.0,0.0632512970734298,1782667.0,1.151582680257986,1.396236763382375,0.9877883355553108,3.944873346862754,224.0,73.0,99.0,1782667.0,15606.120769182871,0.0087543667825695,13327.0,1.0970966383095055,1.0937383998105117,143.0,112756.0,0.0632512970734298,1.0,0.974492111695439,1.246637602225568,0.9979262626663712,4.072850586547832,46.0,35.0,14.0,261436.0,2356.606347910658,0.0090140850835793,2073.0,1.0790498369754356,1.0791121883225718,31.0,17704.0,0.0677182943435487,1.0907246854628083,1.0970966383095055,14853.525748029257,15606.120769182871,results/c1_shards/FIVES__test_140_G__obs1.parquet
FIVES:test_152_N:obs1,FIVES,test_152_N,obs1,92,3418,3429,67,2771.920144841075,3.007861889898777,7.9600832015275955,15.405645690858364,0.75,"{'sever:no_disconnection': 22, 'truncate:cut_too_short': 1, 'caliber:invariants_changed': 2}",,cycle,1.5367779154713757,1.2095803095136275,0.1050496124535848,0.1050496124535848,1781206.0,1.5367779154713757,1.5010118432002033,1.4830560896277356,93.94518622903756,1.102194931551998,77.0,102.0,5.0,0.6444693278734943,1.123483479132791,19441.743494484457,187115.0,0.1050496124535848,1781206.0,1.2095803095136275,1.490586621945352,0.9849027097962784,4.871224190379144,280.0,116.0,139.0,1781206.0,20939.619828292703,0.011755866434479,18003.0,1.1026727232601443,1.0934580996390528,213.0,187115.0,0.1050496124535848,1.0,1.0215432400786744,1.3791205052714557,0.9902303962967348,5.357003886516456,40.0,38.0,13.0,163428.0,2301.601297276775,0.0140832739633158,1994.0,1.09272582670977,1.09782837591414,34.0,23121.0,0.1414751450179895,1.102194931551998,1.1026727232601443,19441.743494484457,20939.619828292703,results/c1_shards/FIVES__test_152_N__obs1.parquet
FIVES:test_142_G:obs1,FIVES,test_142_G,obs1,89,4361,4366,87,2866.1001545786858,3.136909306049347,7.50781873613596,16.254649959504604,0.75,"{'sever:no_disconnection': 20, 'truncate:cut_too_short': 2, 'caliber:invariants_changed': 4}",,cycle,1.5790881989141197,1.251027383742935,0.1221173710289199,0.1221173710289199,1783268.0,1.5790881989141197,1.5477467126359767,1.52971983187645,92.63176358877946,1.0934836738859526,117.0,141.0,3.0,0.5988095711626804,1.10767263137219,25132.62523786409,217768.0,0.1221173710289199,1783268.0,1.251027383742935,1.5204659462598886,0.9809994790009752,4.539837831545476,379.0,131.0,189.0,1783268.0,26568.121845995367,0.0148985580664237,23049.0,1.0954652937246208,1.085630770920689,291.0,217768.0,0.1221173710289199,1.0,1.0460621939209809,1.3874413114591784,0.9908956057797124,4.6726056141877175,61.0,56.0,21.0,173216.0,3409.392277923284,0.0196828946397751,2972.0,1.0904598433090489,1.0826111302027213,51.0,29183.0,0.1684775078514687,1.0934836738859526,1.0954652937246208,25132.62523786409,26568.121845995367,results/c1_shards/FIVES__test_142_G__obs1.parquet
FIVES:test_151_N:obs1,FIVES,test_151_N,obs1,94,3308,3308,88,2819.296978197992,2.959409922361374,8.00451398640871,14.836244270205498,0.75,"{'sever:no_disconnection': 18, 'caliber:invariants_changed': 4}",,cycle,1.5496797628086616,1.211785058301808,0.1197967805825024,0.1197967805825024,1782310.0,1.5496797628086616,1.5127732766194273,1.4965943153095205,90.9145830027895,1.0951915723561547,94.0,139.0,2.0,0.6553025159292296,1.1184901994426109,20888.61355216954,213515.0,0.1197967805825024,1782310.0,1.211785058301808,1.5034011828257596,0.9854141200115272,5.265541578661142,344.0,128.0,175.0,1782310.0,22378.59039104118,0.0125559472768716,19425.0,1.1017218973676988,1.091265517104739,275.0,213515.0,0.1197967805825024,1.0,0.986626216590426,1.3865933798737735,0.9957543887430896,5.815340595422568,37.0,44.0,10.0,163428.0,2348.086578651013,0.0143677128683641,2042.0,1.079454565764417,1.0788950100242596,35.0,25981.0,0.1589752062070147,1.0951915723561547,1.1017218973676988,20888.61355216954,22378.59039104118,results/c1_shards/FIVES__test_151_N__obs1.parquet
FIVES:test_154_N:obs1,FIVES,test_154_N,obs1,100,2609,2619,68,2798.6616468951106,3.0070972740650177,7.359622240066528,14.444116212427616,0.75,"{'sever:no_disconnection': 11, 'truncate:cut_too_short': 2, 'caliber:invariants_changed': 4}",,cycle,1.4816263327540204,1.1513522796687683,0.0776460542726704,0.0776460542726704,1787161.0,1.4816263327540204,1.4663253521015067,1.4590245168029292,84.29792418733739,1.0977990424996718,33.0,50.0,4.0,0.4543408784205565,1.1199158345333105,11535.332388191697,138766.0,0.0776460542726704,1787161.0,1.1513522796687683,1.4476036064495192,0.9888008994656844,5.183871621932659,180.0,93.0,83.0,1787161.0,14366.5194719061,0.0080387382400948,12431.0,1.1126711159212237,1.0993594914700815,125.0,138766.0,0.0776460542726704,1.0,0.9844366177539804,1.3465479640525728,0.9961033280056496,5.240351116830138,40.0,44.0,10.0,192314.0,2116.6307345282976,0.0110061188188498,1818.0,1.078918881455493,1.071765028875658,25.0,21479.0,0.1116871366619174,1.0977990424996718,1.1126711159212237,11535.332388191697,14366.5194719061,results/c1_shards/FIVES__test_154_N__obs1.parquet
FIVES:test_155_N:obs1,FIVES,test_155_N,obs1,100,2809,2809,51,2726.700549334288,3.180587470531464,7.3108450919389725,14.11881398409605,0.75,"{'sever:no_disconnection': 10, 'truncate:cut_too_short': 1, 'caliber:invariants_changed': 4}",,cycle,1.4792473900603704,1.1587499441714872,0.0723241998577125,0.0723241998577125,1782308.0,1.4792473900603704,1.4543670405362714,1.4410019640096676,87.28979689982542,1.0983641349936677,48.0,73.0,2.0,0.530323798791575,1.1168424707429137,14146.24948600851,128904.0,0.0723241998577125,1782308.0,1.1587499441714872,1.4297328764392088,0.9887786282050236,4.573658506236278,193.0,72.0,92.0,1782308.0,15416.770480757432,0.0086498913098956,13184.0,1.1040526421995718,1.096201612752717,139.0,128904.0,0.0723241998577125,1.0,0.9929804152088167,1.334304979819089,0.9919214365068398,4.7136476068974416,50.0,38.0,14.0,183248.0,2297.797256769668,0.012539276045412,1964.0,1.0939778250608814,1.0865473857563508,34.0,20653.0,0.11270518641404,1.0983641349936677,1.1040526421995718,14146.24948600851,15416.770480757432,results/c1_shards/FIVES__test_155_N__obs1.parquet
FIVES:test_166_N:obs1,FIVES,test_166_N,obs1,86,3309,3311,101,2660.6016990840435,2.9944188445806503,8.805854089558125,15.7089948579669,0.75,"{'sever:no_disconnection': 19, 'truncate:cut_too_short': 2, 'caliber:invariants_changed': 1}",,cycle,1.5611461784333391,1.221554483096848,0.1209737720408506,0.1209737720408506,1780047.0,1.5611461784333391,1.528622953532635,1.514873474015526,90.0,1.09751005138096,104.0,156.0,3.0,0.6394629115097645,1.1089280881483876,21919.463407319097,215339.0,0.1209737720408506,1780047.0,1.221554483096848,1.5056363497479122,0.983656967629994,5.023084619494488,440.0,170.0,212.0,1780047.0,23654.74890405584,0.0132888338926195,20543.0,1.100732350933029,1.0963526376469783,303.0,215339.0,0.1209737720408506,1.0,1.0289062098015986,1.383222296201568,0.9892962869077736,5.394598872957329,50.0,49.0,17.0,193500.0,2904.983114994794,0.015012832635632,2497.0,1.0807570949581924,1.084047766025474,43.0,29558.0,0.1527545219638243,1.09751005138096,1.100732350933029,21919.463407319097,23654.74890405584,results/c1_shards/FIVES__test_166_N__obs1.parquet
FIVES:test_162_N:obs1,FIVES,test_162_N,obs1,92,3589,3589,73,2785.0788015946746,2.997744411230088,8.125910133123398,15.681120365858078,0.75,"{'sever:no_disconnection': 20, 'truncate:cut_too_short': 1, 'truncate:branch_too_short': 3, 'caliber:invariants_changed': 1}",,cycle,1.5376553527660175,1.2046983187985478,0.10480611838084,0.10480611838084,1778379.0,1.5376553527660175,1.5056491961221568,1.4883237689468247,85.90797863048695,1.0912825946142162,85.0,96.0,3.0,0.5641883374021512,1.1045902960315126,19472.40835796066,186385.0,0.10480611838084,1778379.0,1.2046983187985478,1.4907392959265464,0.9850704564693568,5.051839916591093,259.0,106.0,132.0,1778379.0,20413.42978598547,0.0114786723111246,17698.0,1.0962089256058103,1.0870443444137607,199.0,186385.0,0.10480611838084,1.0,1.0244552416359856,1.374169111678997,0.991264029898616,4.9584886039854,43.0,53.0,11.0,193500.0,2741.539464180898,0.014168162605586,2333.0,1.0805225860938583,1.0814890581401773,34.0,26110.0,0.1349354005167958,1.0912825946142162,1.0962089256058103,19472.40835796066,20413.42978598547,results/c1_shards/FIVES__test_162_N__obs1.parquet
FIVES:test_186_N:obs1,FIVES,test_186_N,obs1,85,3555,3589,84,2548.570375278592,3.3680531978607178,7.913528673350811,16.711226426064968,0.75,"{'sever:no_disconnection': 26, 'truncate:cut_too_short': 1, 'truncate:branch_too_short': 3, 'caliber:invariants_changed': 2}",,cycle,1.5549787091987102,1.2283217779793627,0.1147633124477627,0.1147633124477627,1782730.0,1.5549787091987102,1.5179062778053944,1.5014077144155802,88.01743623706489,1.0944990513610398,89.0,136.0,2.0,0.6182336002365809,1.1136789212269416,21584.91124221511,204592.0,0.1147633124477627,1782730.0,1.2283217779793627,1.506108088052603,0.983425650489561,4.8391791486795865,368.0,142.0,189.0,1782730.0,23178.07184727081,0.013001448254795,19954.0,1.097132853061821,1.091826321874055,265.0,204592.0,0.1147633124477627,1.0,1.0153974349978356,1.379232730550768,0.9909927361440324,5.11162434012573,50.0,52.0,15.0,163428.0,2714.65721318699,0.0166107228454548,2323.0,1.083796035119574,1.0890055261298035,38.0,25869.0,0.1582898891254864,1.0944990513610398,1.097132853061821,21584.91124221511,23178.07184727081,results/c1_shards/FIVES__test_186_N__obs1.parquet
FIVES:test_172_N:obs1,FIVES,test_172_N,obs1,95,4241,4258,81,2781.775686532259,3.2783725261688232,7.683901719748974,15.626363687217236,0.75,"{'sever:no_disconnection': 15, 'truncate:cut_too_short': 2, 'truncate:branch_too_short': 3, 'caliber:invariants_changed': 2}",,cycle,1.5698658606312863,1.2326882376454,0.120892846226368,0.120892846226368,1783017.0,1.5698658606312863,1.5309679794972144,1.5089351733839185,78.30844053519634,1.0939556035807554,92.0,123.0,2.0,0.6261663878678501,1.1029171432115512,23294.92256897215,215554.0,0.120892846226368,1783017.0,1.2326882376454,1.5114778388672212,0.9820704664148892,4.826155759121108,324.0,129.0,167.0,1783017.0,24457.909509111552,0.0137171488040279,21128.0,1.0977071901199318,1.0864004384847268,249.0,215554.0,0.120892846226368,1.0,1.019205772993775,1.3625765639501966,0.9952121084278884,5.068168480672233,51.0,54.0,15.0,230131.0,3295.517169604312,0.0143201792440145,2839.0,1.0849289064253316,1.083590432958215,42.0,31164.0,0.1354185224937101,1.0939556035807554,1.0977071901199318,23294.92256897215,24457.909509111552,results/c1_shards/FIVES__test_172_N__obs1.parquet
FIVES:test_171_N:obs1,FIVES,test_171_N,obs1,93,4336,4350,78,2827.259049922228,3.2816620469093323,7.594193391501903,16.024105578660965,0.75,"{'sever:no_disconnection': 21, 'truncate:cut_too_short': 1, 'caliber:invariants_changed': 2}",,cycle,1.5786930220190891,1.2281440307509373,0.1229429282261451,0.1229429282261451,1783421.0,1.5786930220190891,1.549469154355165,1.536329242297771,87.70812980361532,1.0949781681902149,101.0,130.0,3.0,0.5965020974329902,1.1052831174993651,23918.27199084582,219259.0,0.1229429282261451,1783421.0,1.2281440307509373,1.505800279185208,0.9819889579029474,4.765927011490974,326.0,123.0,166.0,1783421.0,25109.35438541472,0.0140793196813398,21541.0,1.0918737074525395,1.0859133826283645,250.0,219259.0,0.1229429282261451,1.0,1.009054674207195,1.3689489956366123,0.9905072821405116,5.32931141866393,51.0,60.0,11.0,221958.0,3117.470488410085,0.0140453170798533,2643.0,1.0890424792191111,1.0873296306998308,34.0,31958.0,0.1439821948296524,1.0949781681902149,1.0918737074525395,23918.27199084582,25109.35438541472,results/c1_shards/FIVES__test_171_N__obs1.parquet
FIVES:test_177_N:obs1,FIVES,test_177_N,obs1,91,3486,3512,91,2756.3649667426944,3.1483696922659874,7.58538892865181,16.78897289931774,0.75,"{'sever:no_disconnection': 16, 'truncate:cut_too_short': 3, 'truncate:branch_too_short': 3, 'caliber:invariants_changed': 4}",,cycle,1.5535591470316783,1.2154263868534374,0.1226037322657975,0.1226037322657975,1784546.0,1.5535591470316783,1.5282807239279157,1.5199724341903555,85.89256290745635,1.1080847181830804,81.0,128.0,3.0,0.5303122382975287,1.128870187873461,20994.347750354063,218792.0,0.1226037322657975,1784546.0,1.2154263868534374,1.5144508738464448,0.9856147937565498,5.276455560182197,377.0,142.0,182.0,1784546.0,22594.265714722656,0.0126610721801078,19419.0,1.112671590352437,1.1030062631096529,252.0,218792.0,0.1226037322657975,1.0,0.9883522597586912,1.3876238368548643,0.99555695823764,6.013490832061273,42.0,45.0,12.0,148334.0,2232.907863100823,0.0150532437816065,1966.0,1.093553127807285,1.0931452034485425,33.0,25468.0,0.1716936103657961,1.1080847181830804,1.112671590352437,20994.347750354063,22594.265714722656,results/c1_shards/FIVES__test_177_N__obs1.parquet
FIVES:test_160_N:obs1,FIVES,test_160_N,obs1,93,3993,4021,59,2882.545257791877,3.122994117438793,8.701811268925667,15.183524444699287,0.75,"{'sever:no_disconnection': 19, 'truncate:cut_too_short': 1, 'caliber:invariants_changed': 4}",,cycle,1.560002221976628,1.223172465866459,0.1135217584446757,0.1135217584446757,1780619.0,1.560002221976628,1.5291894891664068,1.5150542375436526,90.5512626649946,1.088478721270321,83.0,110.0,2.0,0.5978788378143569,1.1293458172081927,21382.494936611685,202139.0,0.1135217584446757,1780619.0,1.223172465866459,1.5045648824978666,0.9828819080717286,4.8571775114731714,271.0,97.0,139.0,1780619.0,22802.34688380229,0.0128058539664028,19684.0,1.086806748456769,1.0832549377340048,221.0,202139.0,0.1135217584446757,1.0,1.0288553357330283,1.3878698602339743,0.992909404892296,5.162168516883874,51.0,54.0,15.0,211517.0,3339.179074487687,0.0157868118141222,2910.0,1.081064084378427,1.0805705955241356,44.0,32046.0,0.1515055527451694,1.088478721270321,1.086806748456769,21382.494936611685,22802.34688380229,results/c1_shards/FIVES__test_160_N__obs1.parquet
FIVES:test_179_N:obs1,FIVES,test_179_N,obs1,94,3970,3981,78,2822.3023501187563,2.9617473632097244,7.5067789405584335,15.33601701259613,0.75,"{'sever:no_disconnection': 20, 'truncate:cut_too_short': 1, 'caliber:invariants_changed': 2}",,cycle,1.5644473307107585,1.2275822533968943,0.1160176689843022,0.1160176689843022,1785728.0,1.5644473307107585,1.5289316854267436,1.5091312365361735,92.58675557091792,1.0962665414884876,99.0,126.0,1.0,0.6274794273774138,1.1167505172488064,22219.638297724683,207176.0,0.1160176689843022,1785728.0,1.2275822533968943,1.5000214073028764,0.9817810069617648,4.784468777080098,344.0,124.0,169.0,1785728.0,23902.53396751669,0.0133853162225807,20463.0,1.0938547047359906,1.0861285435111856,256.0,207176.0,0.1160176689843022,1.0,1.0169179797866967,1.352654203682076,0.9958354023392688,5.164121219240258,64.0,53.0,23.0,284285.0,3592.489824393844,0.0126369306308593,3058.0,1.0807548600877792,1.0786600733872884,43.0,34218.0,0.120365126545544,1.0962665414884876,1.0938547047359906,22219.638297724683,23902.53396751669,results/c1_shards/FIVES__test_179_N__obs1.parquet
FIVES:test_175_N:obs1,FIVES,test_175_N,obs1,94,3191,3196,93,2870.39002186805,3.1737656593322754,8.614031955599785,15.488094165921211,0.75,"{'sever:no_disconnection': 13, 'truncate:branch_too_short': 3, 'truncate:cut_too_short': 3, 'caliber:invariants_changed': 4}",,cycle,1.545083291211412,1.204558000162261,0.123242434767021,0.123242434767021,1785140.0,1.545083291211412,1.511013075934147,1.491970054830476,87.65586752593016,1.0956923389650832,84.0,141.0,1.0,0.5858758446955032,1.104587880886174,19970.471416545814,220005.0,0.123242434767021,1785140.0,1.204558000162261,1.503231889692916,0.9848459908061376,5.420935313865125,406.0,174.0,195.0,1785140.0,22095.296018525947,0.0123773463249526,19100.0,1.0949371933528529,1.0922730167966472,273.0,220005.0,0.123242434767021,1.0,0.9897228302028848,1.356850624056576,0.9918558109983476,5.811719376122964,47.0,46.0,15.0,171000.0,2160.322076663196,0.0126334624366268,1892.0,1.1011687560077106,1.1007891387653164,35.0,24444.0,0.1429473684210526,1.0956923389650832,1.0949371933528529,19970.471416545814,22095.296018525947,results/c1_shards/FIVES__test_175_N__obs1.parquet
FIVES:test_157_N:obs1,FIVES,test_157_N,obs1,96,3992,3997,89,3006.11778473109,2.7881054654717445,7.937273316085339,15.1974957883358,0.75,"{'sever:no_disconnection': 16, 'truncate:cut_too_short': 3, 'caliber:invariants_changed': 2}",,cycle,1.5695794349246854,1.237194953767284,0.1134411880386238,0.1134411880386238,1718732.0,1.5695794349246854,1.525722093393842,1.502145183935676,88.1759101676239,1.1058687543875338,103.0,147.0,3.0,0.7020109895399917,1.138599217386927,22977.946955589785,194975.0,0.1134411880386238,1718732.0,1.237194953767284,1.5017536630008357,0.9829316268820998,4.429242795489395,378.0,138.0,192.0,1718732.0,24495.20806570888,0.0142519066763805,21064.0,1.1247366891579331,1.1028397518152266,286.0,194975.0,0.1134411880386238,1.0,1.043783468932983,1.3871962239560536,0.9907253614916574,4.745321811596821,55.0,53.0,18.0,183248.0,3079.196318430392,0.0168034375187199,2665.0,1.1257188492811507,1.116328500385673,48.0,27196.0,0.148410896708286,1.1058687543875338,1.1247366891579331,22977.946955589785,24495.20806570888,results/c1_shards/FIVES__test_157_N__obs1.parquet
FIVES:test_197_N:obs1,FIVES,test_197_N,obs1,88,3527,3527,78,2649.681698344648,3.215042971074581,7.482184186577797,15.188778452575209,0.75,"{'sever:no_disconnection': 17, 'truncate:branch_too_short': 6, 'truncate:cut_too_short': 3, 'caliber:invariants_changed': 3}",,cycle,1.5515601583090215,1.2213442220546806,0.1129236026031539,0.1129236026031539,1779380.0,1.5515601583090215,1.5240239192424867,1.5100301355446195,91.19348942398204,1.0960690206298862,82.0,110.0,7.0,0.511238579220938,1.1076064574194984,20753.73966933985,200934.0,0.1129236026031539,1779380.0,1.2213442220546806,1.5053314289067552,0.9837021580357954,4.972483262788774,306.0,127.0,150.0,1779380.0,22033.20684021961,0.0123825191022825,18861.0,1.1006268720304753,1.0921228853809533,223.0,200934.0,0.1129236026031539,1.0,0.989766308127545,1.3839153676817653,0.990455922920702,5.773140776655509,45.0,51.0,12.0,127224.0,2141.772870152028,0.0168346606784256,1841.0,1.090394392976627,1.0839112362996766,37.0,22697.0,0.1784018738602779,1.0960690206298862,1.1006268720304753,20753.73966933985,22033.20684021961,results/c1_shards/FIVES__test_197_N__obs1.parquet
FIVES:test_182_N:obs1,FIVES,test_182_N,obs1,90,4002,4002,91,2840.424980230629,3.162866234779358,7.484214894473553,15.918788835406303,0.75,"{'sever:no_disconnection': 16, 'truncate:cut_too_short': 5, 'caliber:invariants_changed': 2}",,cycle,1.5663761700309764,1.226998493494832,0.1147498116288855,0.1147498116288855,1839454.0,1.5663761700309764,1.5268976305171686,1.504200090261344,87.40844477650197,1.0850487379229945,94.0,136.0,2.0,0.6815004080238085,1.0918334194169192,22906.23505198185,211077.0,0.1147498116288855,1839454.0,1.226998493494832,1.5055322718653763,0.9824346790053724,4.751054649764641,331.0,131.0,173.0,1839454.0,24301.873795736865,0.0132114604636684,21178.0,1.0824623931693291,1.0798341792650594,276.0,211077.0,0.1147498116288855,1.0,1.015057064399313,1.3616493824408695,0.9949184355210516,5.086080241676387,53.0,55.0,17.0,215020.0,3055.5150775632587,0.014210376139723,2670.0,1.1715041806660358,1.1222632702318387,41.0,29443.0,0.1369314482373732,1.0850487379229945,1.0824623931693291,22906.23505198185,24301.873795736865,results/c1_shards/FIVES__test_182_N__obs1.parquet
FIVES:test_184_N:obs1,FIVES,test_184_N,obs1,98,3982,3984,86,2877.104735337198,2.885707549750805,7.685042098164558,15.349637739360332,0.75,"{'sever:no_disconnection': 14, 'truncate:cut_too_short': 2, 'caliber:invariants_changed': 3}",,cycle,1.5560297417008957,1.2253495428355754,0.1122639203897562,0.1122639203897562,1837251.0,1.5560297417008957,1.5252389214422024,1.5077297051433722,90.0,1.095521387419607,94.0,133.0,1.0,0.5553472494466529,1.1171208483196102,22033.987360660853,206257.0,0.1122639203897562,1837251.0,1.2253495428355754,1.5039990594601051,0.9839614545874054,4.742056743874198,377.0,136.0,191.0,1837251.0,23789.787576023347,0.0129485778350499,20570.0,1.0996617582839343,1.0955908643783996,260.0,206257.0,0.1122639203897562,1.0,1.061913345608486,1.3871740089660514,0.989700731863514,4.806813290952815,86.0,63.0,30.0,226168.0,3708.985207035848,0.0163992483774709,3229.0,1.1005447568934976,1.0937706007362935,52.0,33263.0,0.1470720880053765,1.095521387419607,1.0996617582839343,22033.987360660853,23789.787576023347,results/c1_shards/FIVES__test_184_N__obs1.parquet
FIVES:test_21_A:obs1,FIVES,test_21_A,obs1,96,2643,2643,70,2524.5743154510856,3.15641513466835,8.497569665312767,13.60633934289217,0.75,"{'sever:no_disconnection': 8, 'truncate:cut_too_short': 3, 'caliber:invariants_changed': 1}",,cycle,1.5066199935722948,1.1674438737283783,0.0920332207541276,0.0920332207541276,1786594.0,1.5066199935722948,1.4777717055999884,1.4648830939494584,87.69818356000187,1.093198856233381,57.0,103.0,1.0,0.6093152255840277,1.0917431263149688,15812.028273346194,164426.0,0.0920332207541276,1786594.0,1.1674438737283783,1.4605599528433608,0.9869735391829024,5.208789175813573,285.0,109.0,138.0,1786594.0,17195.353308602218,0.009624656362107,14855.0,1.0863885628065466,1.1049436505579635,186.0,164426.0,0.0920332207541276,1.0,1.0166584675712338,1.3875278676395897,0.9953860775226122,5.7587054349170135,76.0,50.0,30.0,163428.0,2283.535280098793,0.0139727297653938,2002.0,1.1112685997623586,1.16248761146362,45.0,23707.0,0.1450608218909856,1.093198856233381,1.0863885628065466,15812.028273346194,17195.353308602218,results/c1_shards/FIVES__test_21_A__obs1.parquet
FIVES:test_20_A:obs1,FIVES,test_20_A,obs1,88,4039,4042,84,2707.031688071788,3.2133240401744843,7.590289555490017,16.62168374657631,0.75,"{'sever:no_disconnection': 25, 'caliber:invariants_changed': 3}",,cycle,1.5692560030461804,1.2289054910698882,0.1145845514122068,0.1145845514122068,1787309.0,1.5692560030461804,1.534076734475995,1.5148155496858142,84.5421110418347,1.0902812280605432,109.0,132.0,4.0,0.5632377020010717,1.109175185174238,22631.104243115165,204798.0,0.1145845514122068,1787309.0,1.2289054910698882,1.4972677763109294,0.9822629282189848,4.618487443378213,333.0,126.0,166.0,1787309.0,24390.91665178648,0.0136467262525878,21017.0,1.0940480687853669,1.0851792072616884,273.0,204798.0,0.1145845514122068,1.0,1.0420547385749392,1.368825689690176,0.9885735485625564,4.832465213608269,63.0,53.0,21.0,237668.0,3641.316159477535,0.0153210199079284,3174.0,1.0939864833641662,1.0858871513202155,52.0,32006.0,0.1346668461888011,1.0902812280605432,1.0940480687853669,22631.104243115165,24390.91665178648,results/c1_shards/FIVES__test_20_A__obs1.parquet
FIVES:test_38_A:obs1,FIVES,test_38_A,obs1,82,2858,2872,40,2151.8109910935163,3.126652412116528,7.4874041229486465,14.512460380792618,0.75,"{'sever:no_disconnection': 25, 'caliber:invariants_changed': 5}",,cycle,1.4916087613704403,1.1583465420690282,0.086497252731878,0.086497252731878,1786866.0,1.4916087613704403,1.4561428890800066,1.4386832622075534,89.3510911047157,1.0835286840540737,53.0,83.0,1.0,0.5759245225122216,1.0875792545055354,15644.45468021739,154559.0,0.086497252731878,1786866.0,1.1583465420690282,1.4443241224526178,0.9874871925211588,5.087584323574557,238.0,83.0,112.0,1786866.0,16396.97863355914,0.009176389630537,14125.0,1.0827541553170126,1.0866635883374725,153.0,154559.0,0.086497252731878,1.0,0.9149538461379702,1.3142639525936963,0.9978010843659196,6.082504961745296,30.0,30.0,9.0,133210.0,1305.6387437550115,0.0098013568332333,1129.0,1.0655419884633588,1.0652646954451883,19.0,15208.0,0.1141656031829442,1.0835286840540737,1.0827541553170126,15644.45468021739,16396.97863355914,results/c1_shards/FIVES__test_38_A__obs1.parquet
FIVES:test_23_A:obs1,FIVES,test_23_A,obs1,93,4423,4445,50,2869.19846175611,3.111858904361725,7.18749925494194,15.500929303467274,0.75,{'sever:no_disconnection': 24},,cycle,1.5672784506877853,1.218905824350937,0.1095307994933363,0.1095307994933363,1788958.0,1.5672784506877853,1.5343990293749288,1.5177066613737298,93.28269496358828,1.090691047998295,87.0,95.0,4.0,0.5720980306652226,1.0962064405799623,22768.573147098483,195946.0,0.1095307994933363,1788958.0,1.218905824350937,1.484382246786384,0.9827046081285332,4.469731353440362,247.0,98.0,125.0,1788958.0,23909.01088072672,0.0133647692571467,20757.0,1.0824348608852616,1.083598407287335,201.0,195946.0,0.1095307994933363,1.0,0.9961162664272404,1.350207655146349,0.995040045340854,4.94526983074566,45.0,54.0,10.0,194293.0,2759.838887330011,0.0142045204270355,2430.0,1.0743503395119334,1.0752653761287865,36.0,25810.0,0.1328406067125424,1.090691047998295,1.0824348608852616,22768.573147098483,23909.01088072672,results/c1_shards/FIVES__test_23_A__obs1.parquet
FIVES:test_2_A:obs1,FIVES,test_2_A,obs1,92,5250,5277,82,2766.275392509997,3.2615215107798576,7.4282921478152275,15.190205737948418,0.75,"{'sever:no_disconnection': 18, 'truncate:branch_too_short': 3, 'caliber:invariants_changed': 4}",,cycle,1.601534982845567,1.2683191125733482,0.1247472919630006,0.1247472919630006,1782195.0,1.601534982845567,1.5713833972485645,1.5533107419011112,93.89760895308449,1.0971235294305597,118.0,137.0,1.0,0.5885694293596764,1.124513830589916,27253.1861300698,222324.0,0.1247472919630006,1782195.0,1.2683191125733482,1.5248419218465763,0.9796506701055384,4.287411436630428,352.0,116.0,177.0,1782195.0,28443.36902970209,0.0159597401124467,24374.0,1.0996960660195991,1.089602317833427,273.0,222324.0,0.1247472919630006,1.0,1.036986850787823,1.3763896397948332,0.9924070749681118,4.676564029836892,57.0,56.0,19.0,173216.0,3086.6937931134485,0.0178199115157574,2660.0,1.0825950537263025,1.0743374383572584,43.0,27297.0,0.1575893681876962,1.0971235294305597,1.0996960660195991,27253.1861300698,28443.36902970209,results/c1_shards/FIVES__test_2_A__obs1.parquet
FIVES:test_26_A:obs1,FIVES,test_26_A,obs1,102,3972,4011,64,2884.9019034057856,3.110702060163021,7.838688991963863,15.491877600550652,0.75,"{'sever:no_disconnection': 14, 'caliber:invariants_changed': 1}",,cycle,1.550238003357917,1.219315520642877,0.1129704675292955,0.1129704675292955,1785086.0,1.550238003357917,1.523081596215193,1.5118448269404536,82.66982440256766,1.08937178156942,92.0,115.0,1.0,0.542380831518585,1.102022957159004,21781.61686969988,201662.0,0.1129704675292955,1785086.0,1.219315520642877,1.5001301476290034,0.9821164686861512,4.806763443946382,261.0,97.0,134.0,1785086.0,22952.47386752437,0.0128579092926191,19747.0,1.0898290323811968,1.081275814137702,221.0,201662.0,0.1129704675292955,1.0,0.9991247346883388,1.354800438677886,0.99335935158461,4.952650107481737,34.0,47.0,7.0,186328.0,2692.000358937497,0.0144476426459657,2304.0,1.077323903987926,1.0750343033119547,34.0,25505.0,0.136882272122279,1.08937178156942,1.0898290323811968,21781.61686969988,22952.47386752437,results/c1_shards/FIVES__test_26_A__obs1.parquet
FIVES:test_39_A:obs1,FIVES,test_39_A,obs1,81,3320,3325,54,2167.81996948272,3.1392341777682304,7.46611762046814,15.321760170161724,0.75,"{'sever:no_disconnection': 26, 'truncate:cut_too_short': 4, 'truncate:branch_too_short': 3, 'caliber:invariants_changed': 3}",,cycle,1.519984960584688,1.1802173672263665,0.0924106207154814,0.0924106207154814,1789145.0,1.519984960584688,1.4839911949895062,1.4687599335071524,84.12162070890376,1.083107897137368,59.0,95.0,1.0,0.5687934424299779,1.0876764327756216,17724.205255792833,165336.0,0.0924106207154814,1789145.0,1.1802173672263665,1.4533983566249076,0.9853625580687504,4.74959298286544,251.0,90.0,120.0,1789145.0,18914.037866999686,0.0105715511414668,16240.0,1.0808675182345702,1.0758266675574382,176.0,165336.0,0.0924106207154814,1.0,0.9858420772637772,1.3394664674101158,0.9938542624541288,5.236995347834035,53.0,43.0,20.0,232785.0,2576.164789137815,0.0110667130147467,2221.0,1.0726005190829404,1.079105307163169,40.0,25447.0,0.1093154627660717,1.083107897137368,1.0808675182345702,17724.205255792833,18914.037866999686,results/c1_shards/FIVES__test_39_A__obs1.parquet
FIVES:test_36_A:obs1,FIVES,test_36_A,obs1,97,4113,4132,59,2652.7230104655027,3.142099626362324,7.702128350734711,14.57448586076498,0.75,"{'sever:no_disconnection': 18, 'truncate:cut_too_short': 1, 'caliber:invariants_changed': 1}",,cycle,1.5515387540250325,1.220010873078287,0.1132489573313053,0.1132489573313053,1787001.0,1.5515387540250325,1.5119092536480707,1.4913057643665075,83.97417653597935,1.087607951064275,88.0,101.0,1.0,0.6267154962367252,1.0962296260235271,21672.86665306193,202376.0,0.1132489573313053,1787001.0,1.220010873078287,1.4960780605517712,0.98337575580592,4.828806598339657,229.0,92.0,116.0,1787001.0,22741.983535516247,0.012726340687843,19516.0,1.0873224268979849,1.081453947622817,198.0,202376.0,0.1132489573313053,1.0,1.0103294661452211,1.375152190556532,0.9933327393219552,5.268853852947801,40.0,41.0,13.0,183248.0,2492.343504688005,0.0136009315500742,2100.0,1.0736580641701492,1.0737111332492475,37.0,24854.0,0.135630402514625,1.087607951064275,1.0873224268979849,21672.86665306193,22741.983535516247,results/c1_shards/FIVES__test_36_A__obs1.parquet
FIVES:test_32_A:obs1,FIVES,test_32_A,obs1,95,4215,4250,50,2699.612681910396,3.1145503222942352,7.68429758399725,15.28150448948145,0.75,"{'sever:no_disconnection': 19, 'caliber:invariants_changed': 2}",,cycle,1.5670837296057742,1.2257902120497326,0.1114645453888589,0.1114645453888589,1785339.0,1.5670837296057742,1.5319532003224334,1.516847660414286,90.0,1.0886568146662738,88.0,111.0,2.0,0.6205503204084082,1.1102464085311772,22282.960015450382,199002.0,0.1114645453888589,1785339.0,1.2257902120497326,1.4964417206009537,0.9821199620821734,4.608269775485143,262.0,93.0,139.0,1785339.0,23596.79976933217,0.0132169855525097,20373.0,1.0821978712196072,1.0789587926511777,222.0,199002.0,0.1114645453888589,1.0,0.9973137945501812,1.35068547826678,0.9919682355942162,5.203397339190439,39.0,51.0,9.0,252078.0,3235.2156544141485,0.0128341848729922,2772.0,1.0698779291198026,1.0724323853808346,36.0,31896.0,0.1265322638231023,1.0886568146662738,1.0821978712196072,22282.960015450382,23596.79976933217,results/c1_shards/FIVES__test_32_A__obs1.parquet
FIVES:test_41_A:obs1,FIVES,test_41_A,obs1,83,2890,2895,96,2023.4831825718284,2.8902245983481407,7.14867028594017,14.650087647140026,0.75,"{'sever:no_disconnection': 23, 'truncate:cut_too_short': 2, 'truncate:branch_too_short': 6, 'caliber:invariants_changed': 3}",,cycle,1.5352496832035745,1.1868787327607575,0.1049469889594808,0.1049469889594808,1788684.0,1.5352496832035745,1.5017515527847545,1.4870807260156422,122.64153201557532,1.0948229480108689,50.0,82.0,2.0,0.6124193913761959,1.1057317133374784,14843.416008249884,187717.0,0.1049469889594808,1788684.0,1.1868787327607575,1.482132687280015,0.9843061665026128,5.187283803532323,356.0,163.0,163.0,1788684.0,19597.46932450476,0.0109563619535394,16957.0,1.0897961292725928,1.0886302535695045,231.0,187717.0,0.1049469889594808,1.0,0.9618133091884666,1.3669815262788003,0.996776594345376,6.152405197231614,42.0,48.0,12.0,187006.0,2350.2358569496805,0.0125677029450909,2000.0,1.0746322041435008,1.07851127380658,32.0,27681.0,0.1480219885992962,1.0948229480108689,1.0897961292725928,14843.416008249884,19597.46932450476,results/c1_shards/FIVES__test_41_A__obs1.parquet
FIVES:test_57_D:obs1,FIVES,test_57_D,obs1,94,706,711,38,1659.6078534796834,2.707601383328438,6.68569552898407,10.252120025455952,0.75,"{'sever:no_disconnection': 7, 'truncate:cut_too_short': 3, 'caliber:invariants_changed': 2}",,cycle,1.348469069682236,1.0871060892265532,0.030173115081861,0.030173115081861,1788579.0,1.348469069682236,1.3052048330422288,1.2843142690066602,91.0837118050646,1.0996628975764249,25.0,39.0,2.0,0.6531755005494593,1.105678413230266,5229.984340484074,53967.0,0.030173115081861,1788579.0,1.0871060892265532,1.3722125070527642,0.9975261774868368,5.152819407894025,133.0,50.0,68.0,1788579.0,5787.158005400379,0.0032356177755639,5043.0,1.083758303769803,1.0844534552049343,87.0,53967.0,0.030173115081861,1.0,0.8604166482277251,1.1927891899948344,0.9949131841178376,4.718766958511537,24.0,21.0,9.0,193500.0,1033.3351365237936,0.0053402332636888,913.0,1.0818031618818875,1.0770405303264967,15.0,9094.0,0.0469974160206718,1.0996628975764249,1.083758303769803,5229.984340484074,5787.158005400379,results/c1_shards/FIVES__test_57_D__obs1.parquet
FIVES:test_46_A:obs1,FIVES,test_46_A,obs1,87,2835,2854,44,1756.2335933372378,2.751389630138874,7.189241372048855,12.627150654792786,0.75,"{'sever:no_disconnection': 24, 'truncate:cut_too_short': 2, 'caliber:invariants_changed': 3}",,cycle,1.491766771096644,1.1607981744697784,0.0894480189978489,0.0894480189978489,1788413.0,1.491766771096644,1.4630627848873905,1.4518850361096671,100.7241064731159,1.085184905622559,46.0,63.0,1.0,0.5407677439414553,1.1025474641321005,14657.859659063775,159970.0,0.0894480189978489,1788413.0,1.1607981744697784,1.4584574913817925,0.9862405376917612,5.274388821062678,207.0,82.0,101.0,1788413.0,16440.860884553054,0.0091929889150621,14155.0,1.0876889880814349,1.1071271475822249,143.0,159970.0,0.0894480189978489,1.0,0.9266420675979816,1.2709233823390464,0.9983877337011116,4.55125870254206,19.0,17.0,7.0,153968.0,1000.643794388895,0.0064990374258865,847.0,1.0754157457578692,1.079075594579964,14.0,8748.0,0.0568170009352592,1.085184905622559,1.0876889880814349,14657.859659063775,16440.860884553054,results/c1_shards/FIVES__test_46_A__obs1.parquet
FIVES:test_58_D:obs1,FIVES,test_58_D,obs1,80,3336,3374,47,1627.1888183951378,2.3984023109078407,6.552009254693985,13.600341945886612,0.75,"{'sever:no_disconnection': 21, 'truncate:branch_too_short': 6, 'truncate:cut_too_short': 3, 'caliber:invariants_changed': 4}",,cycle,1.529439170299716,1.1922304994898667,0.1007168051863654,0.1007168051863654,1788073.0,1.529439170299716,1.492696046909319,1.475446937656979,82.669449978658,1.0878589649513632,66.0,83.0,3.0,0.6292485174500999,1.1072813407744777,18295.694721249183,180089.0,0.1007168051863654,1788073.0,1.1922304994898667,1.4792834399613453,0.984776926951212,5.065863631772717,226.0,87.0,110.0,1788073.0,19200.787217085857,0.0107382568928035,16405.0,1.0891592529953875,1.0821534836312796,168.0,180089.0,0.1007168051863654,1.0,1.0229657014615925,1.3541610543422282,0.9936413840024252,4.907753615310056,59.0,44.0,17.0,286280.0,3556.20555314638,0.0124221236312225,3025.0,1.078553209237069,1.0747043160373448,40.0,32692.0,0.1141958921335755,1.0878589649513632,1.0891592529953875,18295.694721249183,19200.787217085857,results/c1_shards/FIVES__test_58_D__obs1.parquet
FIVES:test_44_A:obs1,FIVES,test_44_A,obs1,89,3987,3990,56,1871.8392775654795,2.597281493246556,5.923871606588364,14.085706412792206,0.75,"{'sever:no_disconnection': 23, 'truncate:cut_too_short': 4, 'caliber:invariants_changed': 1}",,cycle,1.5533974707249107,1.215319863653561,0.1148015014312405,0.1148015014312405,1786562.0,1.5533974707249107,1.5256912117231614,1.511752662854953,88.120995468048,1.0899450630968923,79.0,112.0,3.0,0.5831371167175576,1.1113054021374364,21205.19342142152,205100.0,0.1148015014312405,1786562.0,1.215319863653561,1.499114247172775,0.9824472590122152,4.999968172486202,297.0,111.0,150.0,1786562.0,22529.116436423992,0.0126103188338406,19401.0,1.0967336384006616,1.0852433340256311,216.0,205100.0,0.1148015014312405,1.0,1.069174677651715,1.3326433676912317,0.9938755684885024,4.242653917907794,60.0,42.0,25.0,367712.0,5066.20973722849,0.0137776567999643,4393.0,1.0930753129622033,1.0771800578406443,53.0,40379.0,0.1098114828996606,1.0899450630968923,1.0967336384006616,21205.19342142152,22529.116436423992,results/c1_shards/FIVES__test_44_A__obs1.parquet
FIVES:test_4_A:obs1,FIVES,test_4_A,obs1,93,4250,4299,75,1809.390233628452,2.385880328714848,6.851012632250786,14.78743164241314,0.75,"{'sever:no_disconnection': 18, 'truncate:cut_too_short': 1, 'caliber:invariants_changed': 5}",,cycle,1.5600149565599912,1.229205569095893,0.104747265713993,0.104747265713993,1786481.0,1.5600149565599912,1.5243102614419726,1.5058137435265786,104.46703068493512,1.0969062466221988,107.0,128.0,2.0,0.5989295692738865,1.1233689826708366,22971.75813877183,187129.0,0.104747265713993,1786481.0,1.229205569095893,1.4827009500679724,0.9826782136366616,4.235814453891986,351.0,110.0,167.0,1786481.0,24171.573506035977,0.0135302718058775,20786.0,1.112628460598459,1.1115426304456062,252.0,187129.0,0.104747265713993,1.0,0.9714800177982602,1.3373840605718152,0.9973421080696336,5.004106783164771,35.0,46.0,8.0,184208.0,2410.4002871499983,0.0130852095845457,2103.0,1.0904495337339406,1.0967922899234706,30.0,22702.0,0.1232411187353426,1.0969062466221988,1.112628460598459,22971.75813877183,24171.573506035977,results/c1_shards/FIVES__test_4_A__obs1.parquet
FIVES:test_45_A:obs1,FIVES,test_45_A,obs1,96,3396,3415,48,1873.698439270258,2.664502888917923,6.687944419682026,12.83453343808651,0.75,"{'sever:no_disconnection': 16, 'truncate:cut_too_short': 2, 'caliber:invariants_changed': 2}",,cycle,1.5046708065611945,1.1670015255571362,0.0803444499083553,0.0803444499083553,1789520.0,1.5046708065611945,1.4712547024713236,1.4570555321536751,89.86374394410915,1.0835638956988491,56.0,67.0,1.0,0.5606632635825677,1.087157082898462,16414.93491095775,143778.0,0.0803444499083553,1789520.0,1.1670015255571362,1.4371296909432183,0.986657547315422,4.564115520007001,165.0,62.0,79.0,1789520.0,17072.275098115424,0.0095401421040923,14783.0,1.0832474975336726,1.0791689157148805,136.0,143778.0,0.0803444499083553,1.0,0.9926754697051038,1.3251795059992475,0.9946245312235932,4.576350958614876,42.0,39.0,13.0,192226.0,2347.9566363361023,0.0122145632554186,2029.0,1.0731974133760005,1.081731054845814,38.0,20204.0,0.1051054487946479,1.0835638956988491,1.0832474975336726,16414.93491095775,17072.275098115424,results/c1_shards/FIVES__test_45_A__obs1.parquet
FIVES:test_68_D:obs1,FIVES,test_68_D,obs1,84,3517,3527,62,1578.694862037897,2.8407783582806587,6.575948625802994,13.495197288691998,0.75,"{'sever:no_disconnection': 26, 'truncate:beta0_changed': 2, 'truncate:cut_too_short': 4}",,cycle,1.5407816705413329,1.190358541902978,0.1063477931873014,0.1063477931873014,1781438.0,1.5407816705413329,1.5144517148075185,1.5027928162536517,97.89037245807512,1.088835803293779,72.0,98.0,1.0,0.6132762225665176,1.1037840822249465,19494.48325091714,189452.0,0.1063477931873014,1781438.0,1.190358541902978,1.4758125291877058,0.9870662368160168,4.99704581884373,283.0,101.0,139.0,1781438.0,20608.64681456568,0.0115685456437808,18146.0,1.0829792305856254,1.0838430642842256,193.0,189452.0,0.1063477931873014,1.0,0.962163571672432,1.355678083247162,0.9967995001321168,5.341080987351479,36.0,42.0,9.0,132518.0,2101.729147550633,0.0158599522144209,1875.0,1.0713174458409098,1.071187308055675,31.0,21415.0,0.1616006882083943,1.088835803293779,1.0829792305856254,19494.48325091714,20608.64681456568,results/c1_shards/FIVES__test_68_D__obs1.parquet
FIVES:test_62_D:obs1,FIVES,test_62_D,obs1,90,1923,1924,87,1635.066441386938,2.7172255143523216,6.238365210592747,11.647863626480104,0.75,"{'sever:no_disconnection': 10, 'truncate:cut_too_short': 4, 'caliber:invariants_changed': 2}",,cycle,1.45666882947878,1.1773859566821594,0.0801167255379459,0.0801167255379459,1782986.0,1.45666882947878,1.4335037303566718,1.4202775750200574,98.52295571133456,1.100599666982604,61.0,119.0,1.0,0.5242585484750155,1.1179728166550271,13066.289891079568,142847.0,0.0801167255379459,1782986.0,1.1773859566821594,1.4605064998184332,0.9919994321409958,5.216251623646101,475.0,127.0,199.0,1782986.0,15543.476974793968,0.0087176663051723,13382.0,1.1049740317826506,1.1058923837653725,236.0,142847.0,0.0801167255379459,1.0,1.0317331785188752,1.433058220520093,0.9950913679792792,6.130137960109997,46.0,35.0,19.0,135864.0,1540.7930726875627,0.0113407015301151,1345.0,1.1011410460843978,1.1019317413977836,36.0,16889.0,0.1243081316610728,1.100599666982604,1.1049740317826506,13066.289891079568,15543.476974793968,results/c1_shards/FIVES__test_62_D__obs1.parquet
FIVES:test_94_D:obs1,FIVES,test_94_D,obs1,92,1654,1658,49,1475.6359294131398,2.887078672647476,6.598058961331844,12.307891927659512,0.75,"{'sever:no_disconnection': 7, 'truncate:beta0_changed': 3, 'caliber:invariants_changed': 3}",,cycle,1.4973827651139209,1.169305695041781,0.0697774130956024,0.0697774130956024,1784202.0,1.4973827651139209,1.475272772156107,1.4668700429163497,122.81676212607913,1.1010744809230884,46.0,81.0,3.0,0.6198794388602984,1.1109993012674697,10369.272288199363,124497.0,0.0697774130956024,1784202.0,1.169305695041781,1.470123460076032,0.9902153895057662,5.564566516844439,226.0,85.0,111.0,1784202.0,12447.481666490356,0.0069764979898522,10768.0,1.0968615956155696,1.0926217772129685,163.0,124497.0,0.0697774130956024,1.0,1.017181027557489,1.363672440872291,0.9937519960915168,5.16808653727584,58.0,56.0,20.0,204164.0,2669.8805178903526,0.0130771366053288,2330.0,1.0925436956487973,1.0851071615673145,43.0,25639.0,0.1255804157442056,1.1010744809230884,1.0968615956155696,10369.272288199363,12447.481666490356,results/c1_shards/FIVES__test_94_D__obs1.parquet
FIVES:test_74_D:obs1,FIVES,test_74_D,obs1,87,3541,3553,56,1632.272184573114,2.980241909623146,6.30410960316658,13.196354277431965,0.75,"{'sever:no_disconnection': 27, 'truncate:cut_too_short': 1, 'caliber:invariants_changed': 2}",,cycle,1.5274344566693845,1.1910162698100824,0.1029431201374561,0.1029431201374561,1785588.0,1.5274344566693845,1.4910249153911617,1.4732666658791282,77.81266246708292,1.0921281723875214,82.0,97.0,4.0,0.6263923216412859,1.1021578479839251,19062.935269895243,183814.0,0.1029431201374561,1785588.0,1.1910162698100824,1.4757291681682925,0.984875561961508,5.0499377886385926,246.0,93.0,123.0,1785588.0,20069.537433723803,0.0112397358370037,17312.0,1.0876168912618127,1.083131923238307,192.0,183814.0,0.1029431201374561,1.0,1.0117484593411108,1.4097161883266205,0.9915085861497996,5.974766314786451,36.0,36.0,11.0,163428.0,2158.925107043526,0.0132102522642602,1905.0,1.0697846806434397,1.0717403801377106,29.0,23750.0,0.1453239346990723,1.0921281723875214,1.0876168912618127,19062.935269895243,20069.537433723803,results/c1_shards/FIVES__test_74_D__obs1.parquet
FIVES:test_84_D:obs1,FIVES,test_84_D,obs1,87,3396,3397,72,1541.7527258247137,2.813761532306671,6.588382884860039,13.5379611030221,0.75,"{'sever:no_disconnection': 18, 'truncate:branch_too_short': 9, 'truncate:cut_too_short': 2, 'caliber:invariants_changed': 1}",,cycle,1.53806791829566,1.202393281497668,0.1056327185980878,0.1056327185980878,1786189.0,1.53806791829566,1.4995602830581083,1.480171689404188,84.04016088928695,1.0897025364462765,66.0,101.0,2.0,0.6070679989022028,1.1000711204778983,18562.71910786682,188680.0,0.1056327185980878,1786189.0,1.202393281497668,1.4860414483210185,0.9849978497414256,4.960246303094876,364.0,123.0,159.0,1786189.0,20688.100059033062,0.011582257005856,17705.0,1.08946993556242,1.0997224587866548,209.0,188680.0,0.1056327185980878,1.0,0.9866402183625432,1.3281875762026336,0.9967550395182466,4.837010577456671,65.0,53.0,18.0,182711.0,2245.892711199173,0.0122920498010474,1892.0,1.0883159768045274,1.1010235856114794,37.0,20551.0,0.1124781759171587,1.0897025364462765,1.08946993556242,18562.71910786682,20688.100059033062,results/c1_shards/FIVES__test_84_D__obs1.parquet
FIVES:test_92_D:obs1,FIVES,test_92_D,obs1,86,3180,3180,69,1534.570401534438,2.7970272824168205,6.583492025732994,13.020969986915588,0.75,"{'sever:no_disconnection': 21, 'truncate:cut_too_short': 1, 'caliber:invariants_changed': 2}",,cycle,1.5098617042455271,1.1931593640104172,0.0954874766665098,0.0954874766665098,1784988.0,1.5098617042455271,1.4926062021005944,1.4841414948964422,74.07941820731918,1.0954422867809224,62.0,95.0,1.0,0.5373884280966506,1.1030149244191016,17280.384837894802,170444.0,0.0954874766665098,1784988.0,1.1931593640104172,1.4791634848001871,0.9860016544061913,4.997690775565534,298.0,107.0,146.0,1784988.0,18532.116944038266,0.0103822081403562,15977.0,1.0953952139506562,1.0911963421271536,194.0,170444.0,0.0954874766665098,1.0,0.9786510962225968,1.3560259619294113,0.9948548177854878,5.316346493801154,32.0,46.0,5.0,183248.0,2397.8510806388304,0.0130852783148456,2057.0,1.0749989891521092,1.073677838558418,23.0,24981.0,0.1363234523705579,1.0954422867809224,1.0953952139506562,17280.384837894802,18532.116944038266,results/c1_shards/FIVES__test_92_D__obs1.parquet
FIVES:test_90_D:obs1,FIVES,test_90_D,obs1,94,2584,2585,72,1552.0643185004592,2.5569593235850334,6.413072057068348,12.520106598734856,0.75,"{'sever:no_disconnection': 18, 'truncate:cut_too_short': 1, 'truncate:branch_too_short': 3}",,cycle,1.4966514240728577,1.179994338818571,0.0912394930192617,0.0912394930192617,1784052.0,1.4966514240728577,1.4836109841006917,1.4800814858027678,92.11350637031477,1.0929831345671106,56.0,86.0,1.0,0.4861033821603784,1.103404193202457,14582.497177329507,162776.0,0.0912394930192617,1784052.0,1.179994338818571,1.4762659236804077,0.9883968105790129,5.206537712059147,296.0,120.0,136.0,1784052.0,16985.358359236103,0.0095206632762027,14680.0,1.0938288728494765,1.0927029917892777,185.0,162776.0,0.0912394930192617,1.0,0.9705049880785332,1.3338007428495529,0.9940649397750296,5.191530095443771,39.0,54.0,7.0,173216.0,2205.133259845238,0.0127305402494298,1927.0,1.0788614947596875,1.084417934873408,29.0,22073.0,0.1274304914095695,1.0929831345671106,1.0938288728494765,14582.497177329507,16985.358359236103,results/c1_shards/FIVES__test_90_D__obs1.parquet
FIVES:test_64_D:obs1,FIVES,test_64_D,obs1,96,2974,2994,60,1703.309285365045,2.610573410987854,7.001912251114845,12.872972682118416,0.75,"{'sever:no_disconnection': 16, 'caliber:invariants_changed': 4}",,cycle,1.5094640238842258,1.1993388939963,0.0987098726717264,0.0987098726717264,1780987.0,1.5094640238842258,1.4951242258298298,1.4893984144950327,82.15523075202407,1.0868175116289347,66.0,99.0,1.0,0.4463181643088021,1.1030896204617824,17272.79695941612,175801.0,0.0987098726717264,1780987.0,1.1993388939963,1.4902958450736346,0.9858223683786604,5.286686608931521,239.0,85.0,125.0,1780987.0,18358.641763931788,0.0103081278885987,15869.0,1.0867122809621397,1.0838195648962632,192.0,175801.0,0.0987098726717264,1.0,0.9828498925392036,1.3618750289987365,0.9962565159490964,5.698178977854834,41.0,46.0,11.0,193500.0,2476.9393923933985,0.012800720374126,2146.0,1.080390347549739,1.078103371597541,33.0,26374.0,0.1362997416020671,1.0868175116289347,1.0867122809621397,17272.79695941612,18358.641763931788,results/c1_shards/FIVES__test_64_D__obs1.parquet
FIVES:test_80_D:obs1,FIVES,test_80_D,obs1,100,2537,2537,52,1608.628873474896,2.718225918710232,7.1993555054068565,12.473275229334831,0.75,"{'sever:no_disconnection': 7, 'truncate:cut_too_short': 4, 'truncate:branch_too_short': 6}",,cycle,1.4716600448739552,1.163631973112453,0.0909453982715959,0.0909453982715959,1780255.0,1.4716600448739552,1.447533203121905,1.4381781327102132,86.11591355612165,1.089244539602908,47.0,69.0,1.0,0.568209824772359,1.0932469770666702,14286.947970818346,161906.0,0.0909453982715959,1780255.0,1.163631973112453,1.47103782476261,0.9897110147458922,5.81771353913921,210.0,82.0,102.0,1780255.0,15227.05265996384,0.0085532986341641,13056.0,1.0911322628319673,1.085051504816352,145.0,161906.0,0.0909453982715959,1.0,0.9737821076027176,1.3576825818799827,0.995658625516166,6.110869874745065,36.0,41.0,10.0,280698.0,2357.052090765608,0.0083971103847038,2015.0,1.0722854233657646,1.0740707773355789,30.0,27830.0,0.0991457010737518,1.089244539602908,1.0911322628319673,14286.947970818346,15227.05265996384,results/c1_shards/FIVES__test_80_D__obs1.parquet
FIVES:test_99_D:obs1,FIVES,test_99_D,obs1,84,3291,3300,48,1480.5204102694988,2.611921899020672,7.007545940577984,13.321592830121515,0.75,"{'sever:no_disconnection': 21, 'truncate:cut_too_short': 1, 'caliber:invariants_changed': 2}",,cycle,1.52287379872824,1.1893496865826596,0.1034817572831878,0.1034817572831878,1787919.0,1.52287379872824,1.491957069044953,1.476641258966433,87.77295303258643,1.0922382013643317,76.0,95.0,3.0,0.5520802928365083,1.106600253249026,18306.465140422657,185017.0,0.1034817572831878,1787919.0,1.1893496865826596,1.4729879424095536,0.9836903761400994,5.08837406780558,265.0,100.0,132.0,1787919.0,20064.608501535666,0.0112223252292389,17306.0,1.0920338356936787,1.083815078772893,204.0,185017.0,0.1034817572831878,1.0,0.9806229950163532,1.35382021150483,0.996490663769906,5.344797239441717,36.0,39.0,11.0,138852.0,1820.0621920333745,0.0131079292486487,1535.0,1.0775489992659206,1.0782079197236756,30.0,18336.0,0.1320542736150721,1.0922382013643317,1.0920338356936787,18306.465140422657,20064.608501535666,results/c1_shards/FIVES__test_99_D__obs1.parquet
FIVES:test_7_A:obs1,FIVES,test_7_A,obs1,93,5238,5264,91,1665.7383689507842,2.839126758277416,6.69183848798275,14.516586042940617,0.75,"{'sever:no_disconnection': 19, 'caliber:invariants_changed': 5}",,cycle,1.588946411383337,1.265845547376901,0.1055386992397863,0.1055386992397863,1786340.0,1.588946411383337,1.5510615414166948,1.529808367370591,84.99109732042982,1.0935440670324466,138.0,146.0,1.0,0.577678992458929,1.105179631050116,26451.192047255456,188528.0,0.1055386992397863,1786340.0,1.265845547376901,1.4952007321421208,0.981254562947739,3.697285209286314,357.0,126.0,180.0,1786340.0,28169.57804905558,0.0157694380963621,24238.0,1.0959492943705964,1.0873499957938946,303.0,188528.0,0.1055386992397863,1.0,1.0174621380164284,1.3377195766404009,0.9970421949090164,4.076339046807696,58.0,49.0,22.0,165625.0,2833.586145375125,0.0171084446513215,2440.0,1.0899537724874138,1.079334376415272,50.0,21194.0,0.1279637735849056,1.0935440670324466,1.0959492943705964,26451.192047255456,28169.57804905558,results/c1_shards/FIVES__test_7_A__obs1.parquet
FIVES:test_96_D:obs1,FIVES,test_96_D,obs1,89,3253,3253,83,1576.7675187662244,2.780070647597313,6.897624149918556,13.677239142358305,0.75,"{'sever:no_disconnection': 9, 'truncate:cut_too_short': 2, 'truncate:branch_too_short': 3, 'caliber:invariants_changed': 2}",,cycle,1.5289931836634243,1.189906256945494,0.1010291405860839,0.1010291405860839,1784693.0,1.5289931836634243,1.487247401075637,1.467926221714683,86.46920471689415,1.093515324163136,81.0,99.0,3.0,0.5901694810352958,1.1151846398903429,18398.129137347085,180306.0,0.1010291405860839,1784693.0,1.189906256945494,1.4665009672390596,0.983131155030649,4.85804524856207,290.0,127.0,141.0,1784693.0,20426.66441744588,0.0114454779715311,17587.0,1.104329696066361,1.0986193799231472,221.0,180306.0,0.1010291405860839,1.0,0.969327838388525,1.3725969089563417,0.99347736747501,6.046243280117603,33.0,36.0,9.0,110820.0,1692.5748186180822,0.0152731891230651,1479.0,1.100920392196702,1.113895280512238,28.0,18573.0,0.1675961017866811,1.093515324163136,1.104329696066361,18398.129137347085,20426.66441744588,results/c1_shards/FIVES__test_96_D__obs1.parquet
FIVES:test_67_D:obs1,FIVES,test_67_D,obs1,109,2977,2989,65,1769.9344013929367,2.7055675983428955,6.852725133299828,12.495705738663672,0.75,"{'sever:no_disconnection': 6, 'truncate:cut_too_short': 1, 'caliber:invariants_changed': 1}",,cycle,1.4899375580750227,1.1869447690564756,0.0812261015606557,0.0812261015606557,1774959.0,1.4899375580750227,1.4606513767193454,1.4450603543037233,83.13546869746062,1.096690141920846,57.0,94.0,1.0,0.5386865998242092,1.089304182109735,15747.531665214916,144173.0,0.0812261015606557,1774959.0,1.1869447690564756,1.458863531321611,0.9899032972563596,4.649149637166172,285.0,86.0,131.0,1774959.0,17071.631303726528,0.0096180426160415,14921.0,1.0812653347594146,1.0860393739127343,180.0,144173.0,0.0812261015606557,1.0,1.0697954807632926,1.42282597748923,0.9949344564761696,5.223955505529602,59.0,35.0,24.0,127224.0,2744.713995648983,0.0215738696759179,2420.0,1.0711147775074172,1.0729338233932475,50.0,25211.0,0.1981622964220587,1.096690141920846,1.0812653347594146,15747.531665214916,17071.631303726528,results/c1_shards/FIVES__test_67_D__obs1.parquet
FIVES:test_9_A:obs1,FIVES,test_9_A,obs1,87,4385,4496,55,1458.7480048388245,2.817135974764824,6.24832709133625,16.32873646914959,0.75,"{'sever:no_disconnection': 22, 'truncate:branch_too_short': 3, 'truncate:cut_too_short': 2, 'caliber:invariants_changed': 3}",,cycle,1.5728092700620675,1.2333459827737696,0.1175299607688587,0.1175299607688587,1786336.0,1.5728092700620675,1.544584204531645,1.531379957039938,,1.0852860690789896,85.0,99.0,4.0,0.5946827591945709,1.0999113774755749,23156.84053334075,209948.0,0.1175299607688587,1786336.0,1.2333459827737696,1.5050461210222823,0.9811977632743762,4.600589257710142,251.0,104.0,127.0,1786336.0,24472.307704220508,0.0136997226189364,20895.0,1.089146418589388,1.083013974231427,209.0,209948.0,0.1175299607688587,1.0,0.9870402063304494,1.3492829133162214,0.9936693205458356,5.209359780343121,23.0,42.0,1.0,173216.0,2385.483548270683,0.0137717274863216,2066.0,1.0732841103487327,1.070495302860505,22.0,24412.0,0.1409338629225937,1.0852860690789896,1.089146418589388,23156.84053334075,24472.307704220508,results/c1_shards/FIVES__test_9_A__obs1.parquet
