family,seed,dataset,zero_shot,analysis_set,biomarker,panel,n,n_all,n_empty_excluded,n_degenerate,sigma_own,sigma_common,mu_raw,mu_raw_lo,mu_raw_hi,mu_fovnorm,mu_sigma_own,mu_sigma_common,mu_centred_sigma,mu_lo,mu_hi,alpha,alpha_lo,alpha_hi,beta,beta_lo,beta_hi,beta_below_1,beta_excludes_1,resid_sd,resid_sd_lo,resid_sd_hi,ccc,ccc_lo,ccc_hi,r_pearson,r_pearson_lo,r_pearson_hi,r_spearman,ba_loa_lo,ba_loa_hi,prop_bias_slope,prop_bias_slope_lo,prop_bias_slope_hi,prop_bias_p,units,source
lwnet,0,chasedb1,True,main,FD_pvbm,sensitivity,8,8,0,0,0.0186864339974062,0.0213866761354084,-0.009933559492859623,-0.021252925972699975,0.0004844089846898206,,-0.5315920359250174,-0.4644742095483147,-0.5315920359250174,-1.1373451978932962,0.02592302976357396,-0.5177485832730649,-1.0490925419039527,9.73751063116057e-07,0.7071586728572662,0.2978944532512392,1.0246379213967653,False,False,0.7072143756233422,0.2725696070012121,0.9493712968263931,0.7267677992960759,0.18985878402071218,0.9272710360451605,0.8176527958987867,0.28011840389486276,0.9673692486376215,0.7380952380952381,-2.3462266793955995,1.283042607545565,-0.3110116676566286,-0.85231884829375,0.024036192302973495,0.2648378843203488,"mu_raw in native units; mu_fovnorm in FOV diameters (length-like only); mu_sigma_own uses the frozen per-cohort Gate A sigma; mu_sigma_common uses the common scale s_k. alpha/beta/CCC/r/residual SD/LoA/prop-bias are on the median-centred sigma_own axis, identical to family 1",pivot/r2/lwnet/chasedb1/pred/bio.csv vs reference-mask biomarkers of results/pivot/r2/bio_master_full.csv; frozen sigma = results/gateA_biomarker_scales_train.csv; common scale s_k per results/pivot/r2/r2_common_scale_formula.txt; mask-failure rules pre-declared in DECISIONS.md 2026-09-18 11:03; 2000-draw paired image bootstrap
lwnet,0,chasedb1,True,main,FD_skan,primary,8,8,0,0,0.0233801328199158,0.0270899437148906,-0.007363979681537208,-0.014858749821642214,-0.00026167450429927664,,-0.31496740152238917,-0.27183444008004454,-0.31496740152238917,-0.6355288883981508,-0.01119217355670349,-0.3363082840505043,-0.7020044466200547,0.07324458563946301,1.143792331321168,0.7143942848698203,1.7443194074099606,False,False,0.5015303415678405,0.1995584039061728,0.6787204933022533,0.8145469948791152,0.338771210226789,0.9349975252071395,0.8733959123498711,0.48225802260228035,0.9813435236647639,0.8333333333333335,-1.2582914514504107,0.6283566484056324,0.12518599202404262,-0.26356987484338695,0.4762035955358685,0.5754910338730449,"mu_raw in native units; mu_fovnorm in FOV diameters (length-like only); mu_sigma_own uses the frozen per-cohort Gate A sigma; mu_sigma_common uses the common scale s_k. alpha/beta/CCC/r/residual SD/LoA/prop-bias are on the median-centred sigma_own axis, identical to family 1",pivot/r2/lwnet/chasedb1/pred/bio.csv vs reference-mask biomarkers of results/pivot/r2/bio_master_full.csv; frozen sigma = results/gateA_biomarker_scales_train.csv; common scale s_k per results/pivot/r2/r2_common_scale_formula.txt; mask-failure rules pre-declared in DECISIONS.md 2026-09-18 11:03; 2000-draw paired image bootstrap
lwnet,0,chasedb1,True,main,tortuosity_pvbm,sensitivity,8,8,0,0,0.0073323195004892,0.0060515239553262,0.006943757222232089,0.003723729889769369,0.00976840044327808,,0.9470069084917553,1.1474394340157237,0.9470069084917553,0.5078515590490742,1.3322387878251007,0.9459009157416094,-0.09682896723213252,2.797384947445517,1.3664636703631956,-9.562259355458663,8.1644671001647,False,False,0.7584499183747057,0.20784960311409592,6.201761116540027,0.16794554553928093,-0.21256979398509462,0.39582397412905335,0.4152164539927678,-0.7552919880734904,0.9087975486649504,0.3952166664313755,-0.3164625662600725,2.210476383243583,0.1850717741316087,-0.7510505466287821,1.8546301096058322,0.7349004028536613,"mu_raw in native units; mu_fovnorm in FOV diameters (length-like only); mu_sigma_own uses the frozen per-cohort Gate A sigma; mu_sigma_common uses the common scale s_k. alpha/beta/CCC/r/residual SD/LoA/prop-bias are on the median-centred sigma_own axis, identical to family 1",pivot/r2/lwnet/chasedb1/pred/bio.csv vs reference-mask biomarkers of results/pivot/r2/bio_master_full.csv; frozen sigma = results/gateA_biomarker_scales_train.csv; common scale s_k per results/pivot/r2/r2_common_scale_formula.txt; mask-failure rules pre-declared in DECISIONS.md 2026-09-18 11:03; 2000-draw paired image bootstrap
lwnet,0,chasedb1,True,main,tortuosity_skan,primary,8,8,0,0,0.0110679345896438,0.0088190223056148,-0.01602198779604408,-0.03384198437556232,-0.003138772604382861,,-1.4476041276062253,-1.816753290877082,-1.4476041276062255,-3.0576603160654803,-0.28359153905009454,-0.9262835348135906,-1.4845888820261453,0.18387847818532452,0.0002550081932676658,-0.3045156657345548,1.9219587920227743,False,False,0.8861464863958078,0.2602900708216023,1.1252334318890205,0.0002485190762502971,-0.27543347778545135,0.6464438828135383,0.0005082072722896928,-0.7359681144530559,0.9044960425128192,0.4285714285714286,-5.975678122902261,3.0804698676898106,-1.411190583231431,-2.7279597836374494,0.5443979068337731,0.050416782166022016,"mu_raw in native units; mu_fovnorm in FOV diameters (length-like only); mu_sigma_own uses the frozen per-cohort Gate A sigma; mu_sigma_common uses the common scale s_k. alpha/beta/CCC/r/residual SD/LoA/prop-bias are on the median-centred sigma_own axis, identical to family 1",pivot/r2/lwnet/chasedb1/pred/bio.csv vs reference-mask biomarkers of results/pivot/r2/bio_master_full.csv; frozen sigma = results/gateA_biomarker_scales_train.csv; common scale s_k per results/pivot/r2/r2_common_scale_formula.txt; mask-failure rules pre-declared in DECISIONS.md 2026-09-18 11:03; 2000-draw paired image bootstrap
lwnet,0,chasedb1,True,main,density_pvbm,sensitivity,8,8,0,0,0.0063018545612913,0.0141383576039809,0.030897185629420787,0.022037802879868427,0.03844777976167901,,4.902871897299025,2.1853447546638054,4.902871897299025,3.497034510322419,6.101026195977579,4.8210570582492025,1.8482071063548453,6.268416452371371,1.864742678143527,-1.0710888048398566,3.3341958021456928,False,False,2.436957917266177,0.5836145224905165,4.529239978029445,0.18942106076095505,-0.009414488755932838,0.27607881843679083,0.7086313060631869,-0.0742469450939341,0.9742712645339919,0.6428571428571429,0.9178705933473523,8.887873201250697,0.5189997697612863,-0.04946258607953722,0.9803330962116541,0.1533598420440811,"mu_raw in native units; mu_fovnorm in FOV diameters (length-like only); mu_sigma_own uses the frozen per-cohort Gate A sigma; mu_sigma_common uses the common scale s_k. alpha/beta/CCC/r/residual SD/LoA/prop-bias are on the median-centred sigma_own axis, identical to family 1",pivot/r2/lwnet/chasedb1/pred/bio.csv vs reference-mask biomarkers of results/pivot/r2/bio_master_full.csv; frozen sigma = results/gateA_biomarker_scales_train.csv; common scale s_k per results/pivot/r2/r2_common_scale_formula.txt; mask-failure rules pre-declared in DECISIONS.md 2026-09-18 11:03; 2000-draw paired image bootstrap
lwnet,0,chasedb1,True,main,density_skan,primary,8,8,0,0,0.0063018545612913,0.0141383576039809,0.030897185629420787,0.02246953724537496,0.03886529596093151,,4.902871897299025,2.1853447546638054,4.902871897299025,3.5655436073362465,6.167279105369849,4.8210570582492025,1.867947097519663,6.294293051683772,1.864742678143527,-1.2045126107685558,3.0880556817310705,False,False,2.436957917266177,0.5693774292917111,4.2572769501279195,0.18942106076095505,-0.015296008077293642,0.2620279908425047,0.7086313060631869,-0.11162542643671089,0.9743578089815295,0.6428571428571429,0.9178705933473523,8.887873201250697,0.5189997697612863,-0.09802330103046179,0.9435719764150394,0.1533598420440811,"mu_raw in native units; mu_fovnorm in FOV diameters (length-like only); mu_sigma_own uses the frozen per-cohort Gate A sigma; mu_sigma_common uses the common scale s_k. alpha/beta/CCC/r/residual SD/LoA/prop-bias are on the median-centred sigma_own axis, identical to family 1",pivot/r2/lwnet/chasedb1/pred/bio.csv vs reference-mask biomarkers of results/pivot/r2/bio_master_full.csv; frozen sigma = results/gateA_biomarker_scales_train.csv; common scale s_k per results/pivot/r2/r2_common_scale_formula.txt; mask-failure rules pre-declared in DECISIONS.md 2026-09-18 11:03; 2000-draw paired image bootstrap
lwnet,0,chasedb1,True,main,total_length_pvbm,sensitivity,8,8,0,0,1319.4335583567454,1.809602348939848,-1575.098835411622,-2275.371710622053,-1081.9590970272227,-1.7142347304790793,-1.1937689665656894,-0.9472991298244944,-1.1937689665656894,-1.7245064718953007,-0.82001787067984,-1.2045584177447874,-2.3881922223461167,-0.7280669769656923,1.085717129642156,-0.10788648892731537,2.911848029506405,False,False,0.7743066647768783,0.03956688781139452,2.4436690618583894,0.45394005367124285,-0.005375185194243923,0.7784651008396216,0.7670145641002332,-0.018390024612028176,0.9986059256513824,0.6428571428571429,-2.655908920104424,0.26837098697304484,0.07139708725674582,-0.3149487107162021,0.6323727612295048,0.817516025498144,"mu_raw in native units; mu_fovnorm in FOV diameters (length-like only); mu_sigma_own uses the frozen per-cohort Gate A sigma; mu_sigma_common uses the common scale s_k. alpha/beta/CCC/r/residual SD/LoA/prop-bias are on the median-centred sigma_own axis, identical to family 1",pivot/r2/lwnet/chasedb1/pred/bio.csv vs reference-mask biomarkers of results/pivot/r2/bio_master_full.csv; frozen sigma = results/gateA_biomarker_scales_train.csv; common scale s_k per results/pivot/r2/r2_common_scale_formula.txt; mask-failure rules pre-declared in DECISIONS.md 2026-09-18 11:03; 2000-draw paired image bootstrap
lwnet,0,chasedb1,True,main,total_length_skan,primary,8,8,0,0,1309.573145146277,2.0642520798536137,-345.2829451372097,-901.7508265481978,193.17362059344487,-0.3761533539523769,-0.26366067937247,-0.18222258687468626,-0.26366067937247006,-0.6885837800587106,0.14750884386214846,-0.26142535082917107,-0.8028241062016989,0.21552760647510272,0.9872335576502634,0.4183761017794646,1.5862375455666047,False,False,0.6376823063964929,0.24465961593329025,0.8945524129360657,0.8226785583580023,0.2926633641532186,0.9594714289443327,0.8470049424990829,0.3824821741012393,0.973182269209817,0.8571428571428572,-1.5218088093957605,0.9944874506508203,-0.011784274600384234,-0.6518139902308628,0.36473473443952015,0.9616318304871067,"mu_raw in native units; mu_fovnorm in FOV diameters (length-like only); mu_sigma_own uses the frozen per-cohort Gate A sigma; mu_sigma_common uses the common scale s_k. alpha/beta/CCC/r/residual SD/LoA/prop-bias are on the median-centred sigma_own axis, identical to family 1",pivot/r2/lwnet/chasedb1/pred/bio.csv vs reference-mask biomarkers of results/pivot/r2/bio_master_full.csv; frozen sigma = results/gateA_biomarker_scales_train.csv; common scale s_k per results/pivot/r2/r2_common_scale_formula.txt; mask-failure rules pre-declared in DECISIONS.md 2026-09-18 11:03; 2000-draw paired image bootstrap
lwnet,0,chasedb1,True,sens_no_degen,FD_pvbm,sensitivity,8,8,0,0,0.0186864339974062,0.0213866761354084,-0.009933559492859623,-0.02120154841099183,0.0013517960332165497,,-0.5315920359250174,-0.4644742095483147,-0.5315920359250174,-1.1345957400933075,0.07234103807094427,-0.5177485832730649,-1.0737823576674792,-0.003325807850499724,0.7071586728572662,0.3167498888327815,1.060474802017109,False,False,0.7072143756233422,0.2552771794384996,0.9424485234476924,0.7267677992960759,0.20840516071275583,0.9242831533659842,0.8176527958987867,0.3081274810699926,0.9701828424409804,0.7380952380952381,-2.3462266793955995,1.283042607545565,-0.3110116676566286,-0.8259149703063651,0.04904592533504097,0.2648378843203488,"mu_raw in native units; mu_fovnorm in FOV diameters (length-like only); mu_sigma_own uses the frozen per-cohort Gate A sigma; mu_sigma_common uses the common scale s_k. alpha/beta/CCC/r/residual SD/LoA/prop-bias are on the median-centred sigma_own axis, identical to family 1",pivot/r2/lwnet/chasedb1/pred/bio.csv vs reference-mask biomarkers of results/pivot/r2/bio_master_full.csv; frozen sigma = results/gateA_biomarker_scales_train.csv; common scale s_k per results/pivot/r2/r2_common_scale_formula.txt; mask-failure rules pre-declared in DECISIONS.md 2026-09-18 11:03; 2000-draw paired image bootstrap
lwnet,0,chasedb1,True,sens_no_degen,FD_skan,primary,8,8,0,0,0.0233801328199158,0.0270899437148906,-0.007363979681537208,-0.014407037314506627,-5.218060454396468e-06,,-0.31496740152238917,-0.27183444008004454,-0.31496740152238917,-0.6162085316399204,-0.00022318352485798195,-0.3363082840505043,-0.7027835995922758,0.10072906989398989,1.143792331321168,0.6776561721350498,1.8416070535996818,False,False,0.5015303415678405,0.20344908590063635,0.6891301229717309,0.8145469948791152,0.3384278990507638,0.9387707615395312,0.8733959123498711,0.44216308295829637,0.9825981027688816,0.8333333333333335,-1.2582914514504107,0.6283566484056324,0.12518599202404262,-0.3109644627815466,0.49565166969277585,0.5754910338730449,"mu_raw in native units; mu_fovnorm in FOV diameters (length-like only); mu_sigma_own uses the frozen per-cohort Gate A sigma; mu_sigma_common uses the common scale s_k. alpha/beta/CCC/r/residual SD/LoA/prop-bias are on the median-centred sigma_own axis, identical to family 1",pivot/r2/lwnet/chasedb1/pred/bio.csv vs reference-mask biomarkers of results/pivot/r2/bio_master_full.csv; frozen sigma = results/gateA_biomarker_scales_train.csv; common scale s_k per results/pivot/r2/r2_common_scale_formula.txt; mask-failure rules pre-declared in DECISIONS.md 2026-09-18 11:03; 2000-draw paired image bootstrap
lwnet,0,chasedb1,True,sens_no_degen,tortuosity_pvbm,sensitivity,8,8,0,0,0.0073323195004892,0.0060515239553262,0.006943757222232089,0.003907578959314225,0.009935150946721295,,0.9470069084917553,1.1474394340157237,0.9470069084917553,0.5329253531646457,1.354980636899202,0.9459009157416094,0.28363129484101635,2.669926716136823,1.3664636703631956,-7.444575708019889,7.652075062820771,False,False,0.7584499183747057,0.22178445680325515,5.029857177813692,0.16794554553928093,-0.21016225258768775,0.38467547640200683,0.4152164539927678,-0.7107487217722077,0.9122257012143502,0.3952166664313755,-0.3164625662600725,2.210476383243583,0.1850717741316087,-0.7231731716120875,1.9231952459618162,0.7349004028536613,"mu_raw in native units; mu_fovnorm in FOV diameters (length-like only); mu_sigma_own uses the frozen per-cohort Gate A sigma; mu_sigma_common uses the common scale s_k. alpha/beta/CCC/r/residual SD/LoA/prop-bias are on the median-centred sigma_own axis, identical to family 1",pivot/r2/lwnet/chasedb1/pred/bio.csv vs reference-mask biomarkers of results/pivot/r2/bio_master_full.csv; frozen sigma = results/gateA_biomarker_scales_train.csv; common scale s_k per results/pivot/r2/r2_common_scale_formula.txt; mask-failure rules pre-declared in DECISIONS.md 2026-09-18 11:03; 2000-draw paired image bootstrap
lwnet,0,chasedb1,True,sens_no_degen,tortuosity_skan,primary,8,8,0,0,0.0110679345896438,0.0088190223056148,-0.01602198779604408,-0.034723863563040115,-0.0028158200633590317,,-1.4476041276062253,-1.816753290877082,-1.4476041276062255,-3.137339065549866,-0.25441242361459,-0.9262835348135906,-1.5134159148108173,0.15995319603681007,0.0002550081932676658,-0.2649180121357367,1.833354071331218,False,False,0.8861464863958078,0.27248541189386694,1.0912514035738023,0.0002485190762502971,-0.2657474714919792,0.642046265237399,0.0005082072722896928,-0.7589689898500072,0.8943020967221319,0.4285714285714286,-5.975678122902261,3.0804698676898106,-1.411190583231431,-2.815568685660795,0.5242783019443077,0.050416782166022016,"mu_raw in native units; mu_fovnorm in FOV diameters (length-like only); mu_sigma_own uses the frozen per-cohort Gate A sigma; mu_sigma_common uses the common scale s_k. alpha/beta/CCC/r/residual SD/LoA/prop-bias are on the median-centred sigma_own axis, identical to family 1",pivot/r2/lwnet/chasedb1/pred/bio.csv vs reference-mask biomarkers of results/pivot/r2/bio_master_full.csv; frozen sigma = results/gateA_biomarker_scales_train.csv; common scale s_k per results/pivot/r2/r2_common_scale_formula.txt; mask-failure rules pre-declared in DECISIONS.md 2026-09-18 11:03; 2000-draw paired image bootstrap
lwnet,0,chasedb1,True,sens_no_degen,density_pvbm,sensitivity,8,8,0,0,0.0063018545612913,0.0141383576039809,0.030897185629420787,0.02151686406841747,0.038481359777838946,,4.902871897299025,2.1853447546638054,4.902871897299025,3.4143701443989674,6.106354788669354,4.8210570582492025,1.8581883837841844,6.32614668158845,1.864742678143527,-1.113134768789994,3.303861515604964,False,False,2.436957917266177,0.6254282641765245,4.642332843579826,0.18942106076095505,-0.015757022237696042,0.26893346248619365,0.7086313060631869,-0.1430631245414689,0.9705148217722698,0.6428571428571429,0.9178705933473523,8.887873201250697,0.5189997697612863,-0.09800287293634863,0.9739354953680655,0.1533598420440811,"mu_raw in native units; mu_fovnorm in FOV diameters (length-like only); mu_sigma_own uses the frozen per-cohort Gate A sigma; mu_sigma_common uses the common scale s_k. alpha/beta/CCC/r/residual SD/LoA/prop-bias are on the median-centred sigma_own axis, identical to family 1",pivot/r2/lwnet/chasedb1/pred/bio.csv vs reference-mask biomarkers of results/pivot/r2/bio_master_full.csv; frozen sigma = results/gateA_biomarker_scales_train.csv; common scale s_k per results/pivot/r2/r2_common_scale_formula.txt; mask-failure rules pre-declared in DECISIONS.md 2026-09-18 11:03; 2000-draw paired image bootstrap
lwnet,0,chasedb1,True,sens_no_degen,density_skan,primary,8,8,0,0,0.0063018545612913,0.0141383576039809,0.030897185629420787,0.02222383167209076,0.039163442825348685,,4.902871897299025,2.1853447546638054,4.902871897299025,3.52655420018721,6.2145900773253935,4.8210570582492025,1.868410295324025,6.330927418954587,1.864742678143527,-1.1196072392134022,3.358192797857307,False,False,2.436957917266177,0.5530003548464537,4.854533978412377,0.18942106076095505,-0.02076995798152096,0.2621706572816224,0.7086313060631869,-0.17223316584749732,0.9750854322244727,0.6428571428571429,0.9178705933473523,8.887873201250697,0.5189997697612863,-0.10103506668854804,0.9693835989664706,0.1533598420440811,"mu_raw in native units; mu_fovnorm in FOV diameters (length-like only); mu_sigma_own uses the frozen per-cohort Gate A sigma; mu_sigma_common uses the common scale s_k. alpha/beta/CCC/r/residual SD/LoA/prop-bias are on the median-centred sigma_own axis, identical to family 1",pivot/r2/lwnet/chasedb1/pred/bio.csv vs reference-mask biomarkers of results/pivot/r2/bio_master_full.csv; frozen sigma = results/gateA_biomarker_scales_train.csv; common scale s_k per results/pivot/r2/r2_common_scale_formula.txt; mask-failure rules pre-declared in DECISIONS.md 2026-09-18 11:03; 2000-draw paired image bootstrap
lwnet,0,chasedb1,True,sens_no_degen,total_length_pvbm,sensitivity,8,8,0,0,1319.4335583567454,1.809602348939848,-1575.098835411622,-2272.200174921661,-1083.681949658307,-1.7142347304790793,-1.1937689665656894,-0.9472991298244944,-1.1937689665656894,-1.7221027618484366,-0.8213236223944093,-1.2045584177447874,-2.274616303401483,-0.7355659024575807,1.085717129642156,-0.4308644116910186,3.123174482867602,False,False,0.7743066647768783,0.04161957163095338,2.442066597387351,0.45394005367124285,-0.016936876532892876,0.7735196892886398,0.7670145641002332,-0.0682073155791219,0.9987631624367392,0.6428571428571429,-2.655908920104424,0.26837098697304484,0.07139708725674582,-0.34500874771546464,0.6683836467968541,0.817516025498144,"mu_raw in native units; mu_fovnorm in FOV diameters (length-like only); mu_sigma_own uses the frozen per-cohort Gate A sigma; mu_sigma_common uses the common scale s_k. alpha/beta/CCC/r/residual SD/LoA/prop-bias are on the median-centred sigma_own axis, identical to family 1",pivot/r2/lwnet/chasedb1/pred/bio.csv vs reference-mask biomarkers of results/pivot/r2/bio_master_full.csv; frozen sigma = results/gateA_biomarker_scales_train.csv; common scale s_k per results/pivot/r2/r2_common_scale_formula.txt; mask-failure rules pre-declared in DECISIONS.md 2026-09-18 11:03; 2000-draw paired image bootstrap
lwnet,0,chasedb1,True,sens_no_degen,total_length_skan,primary,8,8,0,0,1309.573145146277,2.0642520798536137,-345.2829451372097,-870.8355658766405,227.55201820263997,-0.3761533539523769,-0.26366067937247,-0.18222258687468626,-0.26366067937247006,-0.6649766522047683,0.1737604493846144,-0.26142535082917107,-0.7775379566977628,0.25077491675929275,0.9872335576502634,0.41416330815184493,1.6363397464941214,False,False,0.6376823063964929,0.2290067989457431,0.9026486046848601,0.8226785583580023,0.2644681601554007,0.956779567094127,0.8470049424990829,0.35519813490082114,0.9753850738296315,0.8571428571428572,-1.5218088093957605,0.9944874506508203,-0.011784274600384234,-0.6543657446608944,0.4112895526521814,0.9616318304871067,"mu_raw in native units; mu_fovnorm in FOV diameters (length-like only); mu_sigma_own uses the frozen per-cohort Gate A sigma; mu_sigma_common uses the common scale s_k. alpha/beta/CCC/r/residual SD/LoA/prop-bias are on the median-centred sigma_own axis, identical to family 1",pivot/r2/lwnet/chasedb1/pred/bio.csv vs reference-mask biomarkers of results/pivot/r2/bio_master_full.csv; frozen sigma = results/gateA_biomarker_scales_train.csv; common scale s_k per results/pivot/r2/r2_common_scale_formula.txt; mask-failure rules pre-declared in DECISIONS.md 2026-09-18 11:03; 2000-draw paired image bootstrap
lwnet,0,drive,False,main,FD_pvbm,sensitivity,20,20,0,0,0.0163028808068075,0.0213866761354084,-0.019894548746765883,-0.026994837168852537,-0.012590563587357061,,-1.2203087897482898,-0.9302309821687481,-1.2203087897482896,-1.6558323334843041,-0.7722907219011067,-1.1944138915894875,-1.8000301597909087,-0.6151074686810227,1.2117893616855626,0.505506548190199,2.916704263597002,False,False,1.1669391120598749,0.6106950584564274,1.9584950580464688,0.2965098667071554,0.15115745522215554,0.4824711812765084,0.5046519432172837,0.3319039323369311,0.7020322629639246,0.6390977443609022,-3.2985809349382578,0.8579633554416786,0.12924359647959108,-0.4807339183824725,0.7351717285636752,0.6374672484047373,"mu_raw in native units; mu_fovnorm in FOV diameters (length-like only); mu_sigma_own uses the frozen per-cohort Gate A sigma; mu_sigma_common uses the common scale s_k. alpha/beta/CCC/r/residual SD/LoA/prop-bias are on the median-centred sigma_own axis, identical to family 1",pivot/r2/lwnet/drive/pred/bio.csv vs reference-mask biomarkers of results/pivot/r2/bio_master_full.csv; frozen sigma = results/gateA_biomarker_scales_train.csv; common scale s_k per results/pivot/r2/r2_common_scale_formula.txt; mask-failure rules pre-declared in DECISIONS.md 2026-09-18 11:03; 2000-draw paired image bootstrap
lwnet,0,drive,False,main,FD_skan,primary,20,20,0,0,0.0304698363878889,0.0270899437148906,-0.042399137186474714,-0.054070360824502894,-0.030491058669929915,,-1.3915118101299504,-1.565124595041852,-1.3915118101299502,-1.7745536975050737,-1.0006965013454898,-1.4364088371162465,-1.8558299840665102,-0.9957425253643395,0.7459757932057594,0.2504456666186403,2.528386891697323,False,False,0.7956844020665166,0.4891841702720563,1.578159446274295,0.16053723148991528,0.04984712362703641,0.29019365494708066,0.3991942730658698,0.15829954174407238,0.6202739935404438,0.4992481203007519,-3.1849963716676086,0.4019727514077085,-0.16878054987127164,-0.7812911034898525,0.5132500883916262,0.5896659932283224,"mu_raw in native units; mu_fovnorm in FOV diameters (length-like only); mu_sigma_own uses the frozen per-cohort Gate A sigma; mu_sigma_common uses the common scale s_k. alpha/beta/CCC/r/residual SD/LoA/prop-bias are on the median-centred sigma_own axis, identical to family 1",pivot/r2/lwnet/drive/pred/bio.csv vs reference-mask biomarkers of results/pivot/r2/bio_master_full.csv; frozen sigma = results/gateA_biomarker_scales_train.csv; common scale s_k per results/pivot/r2/r2_common_scale_formula.txt; mask-failure rules pre-declared in DECISIONS.md 2026-09-18 11:03; 2000-draw paired image bootstrap
lwnet,0,drive,False,main,tortuosity_pvbm,sensitivity,20,20,0,0,0.0160624892914302,0.0060515239553262,-0.011861654207696415,-0.01631394790090804,-0.007679570180408295,,-0.7384692367717219,-1.9601102623507713,-0.7384692367717219,-1.015655021143703,-0.47810585526774907,-0.6981422300811113,-0.9059040970571051,-0.5004546369734402,0.5013644084550778,0.22628917816440602,0.9215444599193708,True,True,0.4344688427885778,0.29029816269018943,0.5520215361526758,0.29758752406880645,0.12549326378797176,0.46021551902724683,0.5466904772204461,0.2676580332713628,0.759508508085169,0.6,-1.9850165837581097,0.5080781102146658,-0.5017977542218883,-0.9248571058341433,-0.05728085595598755,0.05331453889490025,"mu_raw in native units; mu_fovnorm in FOV diameters (length-like only); mu_sigma_own uses the frozen per-cohort Gate A sigma; mu_sigma_common uses the common scale s_k. alpha/beta/CCC/r/residual SD/LoA/prop-bias are on the median-centred sigma_own axis, identical to family 1",pivot/r2/lwnet/drive/pred/bio.csv vs reference-mask biomarkers of results/pivot/r2/bio_master_full.csv; frozen sigma = results/gateA_biomarker_scales_train.csv; common scale s_k per results/pivot/r2/r2_common_scale_formula.txt; mask-failure rules pre-declared in DECISIONS.md 2026-09-18 11:03; 2000-draw paired image bootstrap
lwnet,0,drive,False,main,tortuosity_skan,primary,20,20,0,0,0.0176537846637452,0.0088190223056148,-0.022985996918266926,-0.04367722341496968,-0.010644236480100168,,-1.3020435762690736,-2.606411019465553,-1.3020435762690736,-2.474099704221932,-0.6029436000745929,-0.676154940846589,-0.9323929788004661,-0.4086751648492485,0.0539962762920075,-0.014203996104235613,0.7654050710785755,True,True,0.604777973705086,0.3154648945718854,0.6870894171737699,0.07219741918147338,-0.019404191188106747,0.5557016729529342,0.19121902913101732,-0.08375526950024749,0.8523864011542175,0.6466165413533834,-5.811721417640504,3.2076342651023566,-1.5903589810683643,-1.9559656027027903,-0.22117108352447354,4.7675887765852533e-07,"mu_raw in native units; mu_fovnorm in FOV diameters (length-like only); mu_sigma_own uses the frozen per-cohort Gate A sigma; mu_sigma_common uses the common scale s_k. alpha/beta/CCC/r/residual SD/LoA/prop-bias are on the median-centred sigma_own axis, identical to family 1",pivot/r2/lwnet/drive/pred/bio.csv vs reference-mask biomarkers of results/pivot/r2/bio_master_full.csv; frozen sigma = results/gateA_biomarker_scales_train.csv; common scale s_k per results/pivot/r2/r2_common_scale_formula.txt; mask-failure rules pre-declared in DECISIONS.md 2026-09-18 11:03; 2000-draw paired image bootstrap
lwnet,0,drive,False,main,density_pvbm,sensitivity,20,20,0,0,0.0143081472796088,0.0141383576039809,0.00585323721847915,-2.3140092888023816e-05,0.011775690683601644,,0.4090842164324705,0.41399697068286556,0.4090842164324705,-0.001617266892479013,0.8230059736933047,0.41587435341711737,-0.40591630664983,1.2673980043794661,1.2700162588261836,0.03501674567499423,5.062588095450865,False,False,1.0930099913496896,0.5945487453038378,4.4687393770620405,0.3889016142103347,0.003276314989823144,0.6821282113677971,0.4329762626302387,0.004106264287920547,0.7246607899044436,0.35488721804511275,-1.485860320213117,2.304028753078058,0.14527405314581854,-0.41844895500503143,0.7482707842621336,0.6288270175822338,"mu_raw in native units; mu_fovnorm in FOV diameters (length-like only); mu_sigma_own uses the frozen per-cohort Gate A sigma; mu_sigma_common uses the common scale s_k. alpha/beta/CCC/r/residual SD/LoA/prop-bias are on the median-centred sigma_own axis, identical to family 1",pivot/r2/lwnet/drive/pred/bio.csv vs reference-mask biomarkers of results/pivot/r2/bio_master_full.csv; frozen sigma = results/gateA_biomarker_scales_train.csv; common scale s_k per results/pivot/r2/r2_common_scale_formula.txt; mask-failure rules pre-declared in DECISIONS.md 2026-09-18 11:03; 2000-draw paired image bootstrap
lwnet,0,drive,False,main,density_skan,primary,20,20,0,0,0.0143081472796088,0.0141383576039809,0.00585323721847915,0.0002467865842653769,0.011924075533115025,,0.4090842164324705,0.41399697068286556,0.4090842164324705,0.01724797623638414,0.8333766280214754,0.41587435341711737,-0.20713610079781522,1.3014639190451838,1.2700162588261836,0.08621344008270992,5.483798583318379,False,False,1.0930099913496896,0.5811276706020667,4.335698758033979,0.3889016142103347,0.006270412257704352,0.656991679805082,0.4329762626302387,0.008180015265456062,0.7094625160377556,0.35488721804511275,-1.485860320213117,2.304028753078058,0.14527405314581854,-0.43114211859310175,0.7160344808476979,0.6288270175822338,"mu_raw in native units; mu_fovnorm in FOV diameters (length-like only); mu_sigma_own uses the frozen per-cohort Gate A sigma; mu_sigma_common uses the common scale s_k. alpha/beta/CCC/r/residual SD/LoA/prop-bias are on the median-centred sigma_own axis, identical to family 1",pivot/r2/lwnet/drive/pred/bio.csv vs reference-mask biomarkers of results/pivot/r2/bio_master_full.csv; frozen sigma = results/gateA_biomarker_scales_train.csv; common scale s_k per results/pivot/r2/r2_common_scale_formula.txt; mask-failure rules pre-declared in DECISIONS.md 2026-09-18 11:03; 2000-draw paired image bootstrap
lwnet,0,drive,False,main,total_length_pvbm,sensitivity,20,20,0,0,1197.6692567106925,1.809602348939848,-1484.0678851472526,-1794.3033566581753,-1161.4608931258754,-2.760292648267326,-1.2391299825321826,-1.5253586788746363,-1.2391299825321829,-1.4981626576823834,-0.9697676437948648,-1.2385423005311291,-1.603386741698754,-0.8437718289506475,0.8384457171660887,0.0965007358304578,4.677820438240239,False,False,0.5776568435229074,0.3486161037136219,2.049437906021026,0.08537310637850457,0.005465121801086355,0.16842191664193426,0.3227740467783936,0.02914062259443508,0.5448441599545958,0.26315789473684204,-2.4706677207568752,-0.007592244307490725,-0.0863319430930129,-0.7248744515779214,0.6782169815186054,0.800652021965879,"mu_raw in native units; mu_fovnorm in FOV diameters (length-like only); mu_sigma_own uses the frozen per-cohort Gate A sigma; mu_sigma_common uses the common scale s_k. alpha/beta/CCC/r/residual SD/LoA/prop-bias are on the median-centred sigma_own axis, identical to family 1",pivot/r2/lwnet/drive/pred/bio.csv vs reference-mask biomarkers of results/pivot/r2/bio_master_full.csv; frozen sigma = results/gateA_biomarker_scales_train.csv; common scale s_k per results/pivot/r2/r2_common_scale_formula.txt; mask-failure rules pre-declared in DECISIONS.md 2026-09-18 11:03; 2000-draw paired image bootstrap
lwnet,0,drive,False,main,total_length_skan,primary,20,20,0,0,1348.7538444287072,2.0642520798536137,-1607.0188086188507,-2010.1450350141452,-1192.1452374408134,-2.9889078511018865,-1.1914841357130936,-1.4479374298675016,-1.1914841357130939,-1.4903720521853894,-0.8838864425597031,-1.1907950758120276,-1.470393644124336,-0.9314460520613016,0.4888290643101489,0.11393254661030897,1.9030474023753587,False,False,0.5271610918127154,0.35776269079431,1.0287666994628468,0.12032930858761214,0.019331303398585773,0.22255355756257805,0.35883672731263583,0.07322034532224896,0.6108839592723618,0.35037593984962395,-2.608024095837324,0.22505582441113647,-0.3998692478188701,-0.9118678533393164,0.25254986970520354,0.22037399727640494,"mu_raw in native units; mu_fovnorm in FOV diameters (length-like only); mu_sigma_own uses the frozen per-cohort Gate A sigma; mu_sigma_common uses the common scale s_k. alpha/beta/CCC/r/residual SD/LoA/prop-bias are on the median-centred sigma_own axis, identical to family 1",pivot/r2/lwnet/drive/pred/bio.csv vs reference-mask biomarkers of results/pivot/r2/bio_master_full.csv; frozen sigma = results/gateA_biomarker_scales_train.csv; common scale s_k per results/pivot/r2/r2_common_scale_formula.txt; mask-failure rules pre-declared in DECISIONS.md 2026-09-18 11:03; 2000-draw paired image bootstrap
lwnet,0,drive,False,sens_no_degen,FD_pvbm,sensitivity,20,20,0,0,0.0163028808068075,0.0213866761354084,-0.019894548746765883,-0.026909184389661785,-0.012712845691054377,,-1.2203087897482898,-0.9302309821687481,-1.2203087897482896,-1.6505784903012641,-0.7797913658146816,-1.1944138915894875,-1.7677758821254324,-0.6277534960315225,1.2117893616855626,0.5077746352700843,2.845538817697675,False,False,1.1669391120598749,0.6328834658692473,2.0160701376474655,0.2965098667071554,0.14319832947814104,0.47182694233409034,0.5046519432172837,0.3251797689464343,0.7003302828823383,0.6390977443609022,-3.2985809349382578,0.8579633554416786,0.12924359647959108,-0.46159859377709905,0.6930998466116156,0.6374672484047373,"mu_raw in native units; mu_fovnorm in FOV diameters (length-like only); mu_sigma_own uses the frozen per-cohort Gate A sigma; mu_sigma_common uses the common scale s_k. alpha/beta/CCC/r/residual SD/LoA/prop-bias are on the median-centred sigma_own axis, identical to family 1",pivot/r2/lwnet/drive/pred/bio.csv vs reference-mask biomarkers of results/pivot/r2/bio_master_full.csv; frozen sigma = results/gateA_biomarker_scales_train.csv; common scale s_k per results/pivot/r2/r2_common_scale_formula.txt; mask-failure rules pre-declared in DECISIONS.md 2026-09-18 11:03; 2000-draw paired image bootstrap
lwnet,0,drive,False,sens_no_degen,FD_skan,primary,20,20,0,0,0.0304698363878889,0.0270899437148906,-0.042399137186474714,-0.05458388694880778,-0.02985117991659968,,-1.3915118101299504,-1.565124595041852,-1.3915118101299502,-1.791407287323134,-0.9796961013044649,-1.4364088371162465,-1.8872119445072952,-0.9737352392847036,0.7459757932057594,0.25561127268109746,2.6508430722742817,False,False,0.7956844020665166,0.4794669569789007,1.635455999171264,0.16053723148991528,0.044068621426977476,0.2979491187117688,0.3991942730658698,0.15667838611158935,0.6182940094852161,0.4992481203007519,-3.1849963716676086,0.4019727514077085,-0.16878054987127164,-0.774390106186877,0.508274875846362,0.5896659932283224,"mu_raw in native units; mu_fovnorm in FOV diameters (length-like only); mu_sigma_own uses the frozen per-cohort Gate A sigma; mu_sigma_common uses the common scale s_k. alpha/beta/CCC/r/residual SD/LoA/prop-bias are on the median-centred sigma_own axis, identical to family 1",pivot/r2/lwnet/drive/pred/bio.csv vs reference-mask biomarkers of results/pivot/r2/bio_master_full.csv; frozen sigma = results/gateA_biomarker_scales_train.csv; common scale s_k per results/pivot/r2/r2_common_scale_formula.txt; mask-failure rules pre-declared in DECISIONS.md 2026-09-18 11:03; 2000-draw paired image bootstrap
lwnet,0,drive,False,sens_no_degen,tortuosity_pvbm,sensitivity,20,20,0,0,0.0160624892914302,0.0060515239553262,-0.011861654207696415,-0.015993789148552158,-0.007607939140878089,,-0.7384692367717219,-1.9601102623507713,-0.7384692367717219,-0.9957229454518799,-0.473646332323916,-0.6981422300811113,-0.9006073969869518,-0.512113911936414,0.5013644084550778,0.22136500213787189,0.8972262536315433,True,True,0.4344688427885778,0.2893934852400565,0.552569726925267,0.29758752406880645,0.12087521678010188,0.45724315071763094,0.5466904772204461,0.2710486125421555,0.7610170058602539,0.6,-1.9850165837581097,0.5080781102146658,-0.5017977542218883,-0.9603749257724186,-0.07887942783399911,0.05331453889490025,"mu_raw in native units; mu_fovnorm in FOV diameters (length-like only); mu_sigma_own uses the frozen per-cohort Gate A sigma; mu_sigma_common uses the common scale s_k. alpha/beta/CCC/r/residual SD/LoA/prop-bias are on the median-centred sigma_own axis, identical to family 1",pivot/r2/lwnet/drive/pred/bio.csv vs reference-mask biomarkers of results/pivot/r2/bio_master_full.csv; frozen sigma = results/gateA_biomarker_scales_train.csv; common scale s_k per results/pivot/r2/r2_common_scale_formula.txt; mask-failure rules pre-declared in DECISIONS.md 2026-09-18 11:03; 2000-draw paired image bootstrap
lwnet,0,drive,False,sens_no_degen,tortuosity_skan,primary,20,20,0,0,0.0176537846637452,0.0088190223056148,-0.022985996918266926,-0.04251599764894381,-0.010713642514394345,,-1.3020435762690736,-2.606411019465553,-1.3020435762690736,-2.4083219807397467,-0.6068751102644001,-0.676154940846589,-0.9217401550864336,-0.42415283319079533,0.0539962762920075,-0.01366838966812088,0.778653891518203,True,True,0.604777973705086,0.31379820734678615,0.6808028087802233,0.07219741918147338,-0.018294984231681632,0.5425142963998343,0.19121902913101732,-0.07835289832317723,0.8566308916604503,0.6466165413533834,-5.811721417640504,3.2076342651023566,-1.5903589810683643,-1.941668376658509,-0.20179692172201494,4.7675887765852533e-07,"mu_raw in native units; mu_fovnorm in FOV diameters (length-like only); mu_sigma_own uses the frozen per-cohort Gate A sigma; mu_sigma_common uses the common scale s_k. alpha/beta/CCC/r/residual SD/LoA/prop-bias are on the median-centred sigma_own axis, identical to family 1",pivot/r2/lwnet/drive/pred/bio.csv vs reference-mask biomarkers of results/pivot/r2/bio_master_full.csv; frozen sigma = results/gateA_biomarker_scales_train.csv; common scale s_k per results/pivot/r2/r2_common_scale_formula.txt; mask-failure rules pre-declared in DECISIONS.md 2026-09-18 11:03; 2000-draw paired image bootstrap
lwnet,0,drive,False,sens_no_degen,density_pvbm,sensitivity,20,20,0,0,0.0143081472796088,0.0141383576039809,0.00585323721847915,0.00016051957129609528,0.011367088200008552,,0.4090842164324705,0.41399697068286556,0.4090842164324705,0.01121875307537956,0.7944486436904598,0.41587435341711737,-0.20478404649803772,1.158643334136396,1.2700162588261836,0.30497901014549716,5.0306830918516905,False,False,1.0930099913496896,0.5928528008494746,3.758728441367703,0.3889016142103347,0.03678058433178774,0.6640118852188679,0.4329762626302387,0.0475164531512015,0.7137548253371446,0.35488721804511275,-1.485860320213117,2.304028753078058,0.14527405314581854,-0.4088857783233842,0.6861120101703868,0.6288270175822338,"mu_raw in native units; mu_fovnorm in FOV diameters (length-like only); mu_sigma_own uses the frozen per-cohort Gate A sigma; mu_sigma_common uses the common scale s_k. alpha/beta/CCC/r/residual SD/LoA/prop-bias are on the median-centred sigma_own axis, identical to family 1",pivot/r2/lwnet/drive/pred/bio.csv vs reference-mask biomarkers of results/pivot/r2/bio_master_full.csv; frozen sigma = results/gateA_biomarker_scales_train.csv; common scale s_k per results/pivot/r2/r2_common_scale_formula.txt; mask-failure rules pre-declared in DECISIONS.md 2026-09-18 11:03; 2000-draw paired image bootstrap
lwnet,0,drive,False,sens_no_degen,density_skan,primary,20,20,0,0,0.0143081472796088,0.0141383576039809,0.00585323721847915,-4.111611332564788e-05,0.01199677804685744,,0.4090842164324705,0.41399697068286556,0.4090842164324705,-0.002873615466919656,0.8384578249312964,0.41587435341711737,-0.22669243986407783,1.176366092782708,1.2700162588261836,0.22723753306580272,4.901782670409726,False,False,1.0930099913496896,0.5713052902296508,3.894012299949133,0.3889016142103347,0.021129633450447056,0.6577154046192186,0.4329762626302387,0.02669770494071904,0.7163335069459013,0.35488721804511275,-1.485860320213117,2.304028753078058,0.14527405314581854,-0.42547966554440747,0.7275233185057538,0.6288270175822338,"mu_raw in native units; mu_fovnorm in FOV diameters (length-like only); mu_sigma_own uses the frozen per-cohort Gate A sigma; mu_sigma_common uses the common scale s_k. alpha/beta/CCC/r/residual SD/LoA/prop-bias are on the median-centred sigma_own axis, identical to family 1",pivot/r2/lwnet/drive/pred/bio.csv vs reference-mask biomarkers of results/pivot/r2/bio_master_full.csv; frozen sigma = results/gateA_biomarker_scales_train.csv; common scale s_k per results/pivot/r2/r2_common_scale_formula.txt; mask-failure rules pre-declared in DECISIONS.md 2026-09-18 11:03; 2000-draw paired image bootstrap
lwnet,0,drive,False,sens_no_degen,total_length_pvbm,sensitivity,20,20,0,0,1197.6692567106925,1.809602348939848,-1484.0678851472526,-1784.9450013769642,-1186.3700341464237,-2.760292648267326,-1.2391299825321826,-1.5253586788746363,-1.2391299825321829,-1.4903488516346988,-0.9905656570034189,-1.2385423005311291,-1.6177681268104969,-0.9085538470160082,0.8384457171660887,0.16644681198741187,4.12025541122107,False,False,0.5776568435229074,0.3423604496698664,1.6728580868299265,0.08537310637850457,0.010648929077444138,0.17126005963992094,0.3227740467783936,0.05355521075968647,0.5391133746748776,0.26315789473684204,-2.4706677207568752,-0.007592244307490725,-0.0863319430930129,-0.7494333241133095,0.679679630775691,0.800652021965879,"mu_raw in native units; mu_fovnorm in FOV diameters (length-like only); mu_sigma_own uses the frozen per-cohort Gate A sigma; mu_sigma_common uses the common scale s_k. alpha/beta/CCC/r/residual SD/LoA/prop-bias are on the median-centred sigma_own axis, identical to family 1",pivot/r2/lwnet/drive/pred/bio.csv vs reference-mask biomarkers of results/pivot/r2/bio_master_full.csv; frozen sigma = results/gateA_biomarker_scales_train.csv; common scale s_k per results/pivot/r2/r2_common_scale_formula.txt; mask-failure rules pre-declared in DECISIONS.md 2026-09-18 11:03; 2000-draw paired image bootstrap
lwnet,0,drive,False,sens_no_degen,total_length_skan,primary,20,20,0,0,1348.7538444287072,2.0642520798536137,-1607.0188086188507,-2014.0088497877969,-1175.9848453051898,-2.9889078511018865,-1.1914841357130936,-1.4479374298675016,-1.1914841357130939,-1.4932367815721574,-0.8719047216531218,-1.1907950758120276,-1.47126429540495,-0.9298908295721413,0.4888290643101489,0.14793375874495876,1.8543322672893015,False,False,0.5271610918127154,0.36312425673340326,0.9557604551389033,0.12032930858761214,0.02450044544742812,0.21841443048311268,0.35883672731263583,0.09232104401731903,0.5989278897811345,0.35037593984962395,-2.608024095837324,0.22505582441113647,-0.3998692478188701,-0.9137541086642357,0.3094802296334413,0.22037399727640494,"mu_raw in native units; mu_fovnorm in FOV diameters (length-like only); mu_sigma_own uses the frozen per-cohort Gate A sigma; mu_sigma_common uses the common scale s_k. alpha/beta/CCC/r/residual SD/LoA/prop-bias are on the median-centred sigma_own axis, identical to family 1",pivot/r2/lwnet/drive/pred/bio.csv vs reference-mask biomarkers of results/pivot/r2/bio_master_full.csv; frozen sigma = results/gateA_biomarker_scales_train.csv; common scale s_k per results/pivot/r2/r2_common_scale_formula.txt; mask-failure rules pre-declared in DECISIONS.md 2026-09-18 11:03; 2000-draw paired image bootstrap
lwnet,0,fives,True,main,FD_pvbm,sensitivity,197,200,2,15,0.047908238577478,0.0213866761354084,-0.04088031726943174,-0.05012623194190788,-0.032867412267062295,,-0.8533045355720897,-1.9114853103212754,-0.8533045355720899,-1.0462967003231167,-0.6860492734231621,-0.534815212041298,-0.6663383647997703,-0.4047365905322972,1.925468014029037,1.4623415832461495,2.3062395830864295,False,True,1.3044665304618637,0.8508025205993522,1.6444257237989763,0.6551116400456931,0.5968515213533704,0.7402339973784856,0.8475097751120828,0.8077488255149663,0.8932202988826242,0.910831544622291,-3.473516877986738,1.7669078068425583,0.59242066348932,0.35114114801052754,0.75246588872767,2.2493190793745062e-36,"mu_raw in native units; mu_fovnorm in FOV diameters (length-like only); mu_sigma_own uses the frozen per-cohort Gate A sigma; mu_sigma_common uses the common scale s_k. alpha/beta/CCC/r/residual SD/LoA/prop-bias are on the median-centred sigma_own axis, identical to family 1",pivot/r2/lwnet/fives/pred/bio.csv vs reference-mask biomarkers of results/pivot/r2/bio_master_full.csv; frozen sigma = results/gateA_biomarker_scales_train.csv; common scale s_k per results/pivot/r2/r2_common_scale_formula.txt; mask-failure rules pre-declared in DECISIONS.md 2026-09-18 11:03; 2000-draw paired image bootstrap
lwnet,0,fives,True,main,FD_skan,primary,198,200,2,15,0.0352252175614159,0.0270899437148906,-0.04487141745946048,-0.05257059856782282,-0.03765791419208368,,-1.273843586096416,-1.6563865149264188,-1.2738435860964161,-1.492413736726108,-1.0690612237220771,-1.0218680130793512,-1.1920040812338226,-0.8625969379663734,2.1026466042359995,1.8234367354429628,2.3789442779301395,False,True,1.354519224802533,1.0480997455700256,1.653054552471742,0.5951554578107655,0.5381236347772458,0.6549801861762429,0.8740642937299531,0.8268460736614786,0.9138422973376995,0.8787116936442957,-4.299388993675537,1.7517018214827047,0.676858722474502,0.5564248600236619,0.7782542737997629,1.2763185376784557e-50,"mu_raw in native units; mu_fovnorm in FOV diameters (length-like only); mu_sigma_own uses the frozen per-cohort Gate A sigma; mu_sigma_common uses the common scale s_k. alpha/beta/CCC/r/residual SD/LoA/prop-bias are on the median-centred sigma_own axis, identical to family 1",pivot/r2/lwnet/fives/pred/bio.csv vs reference-mask biomarkers of results/pivot/r2/bio_master_full.csv; frozen sigma = results/gateA_biomarker_scales_train.csv; common scale s_k per results/pivot/r2/r2_common_scale_formula.txt; mask-failure rules pre-declared in DECISIONS.md 2026-09-18 11:03; 2000-draw paired image bootstrap
lwnet,0,fives,True,main,tortuosity_pvbm,sensitivity,194,200,2,15,0.0043284702883327,0.0060515239553262,-0.0032446137639104795,-0.005944901602816533,-0.0013598965198819406,,-0.7495982524487386,-0.5361647393058337,-0.7495982524487388,-1.3734417026820973,-0.314174853769359,-0.4450543421026667,-1.9987964830113183,-0.14915052381340926,0.0281628601150531,-0.03125854881954529,10.038724146010454,False,False,1.8464528071571131,1.580288043317087,15.214966740343712,0.029420446580859568,-0.03809056746627058,0.37026618153339697,0.03632784135815395,-0.06361344670443571,0.4209021287417584,0.4696562353491685,-8.19756376329316,6.698367258395684,-1.0513048080851182,-1.7104575692820325,0.8385059170359811,3.330439221454089e-16,"mu_raw in native units; mu_fovnorm in FOV diameters (length-like only); mu_sigma_own uses the frozen per-cohort Gate A sigma; mu_sigma_common uses the common scale s_k. alpha/beta/CCC/r/residual SD/LoA/prop-bias are on the median-centred sigma_own axis, identical to family 1",pivot/r2/lwnet/fives/pred/bio.csv vs reference-mask biomarkers of results/pivot/r2/bio_master_full.csv; frozen sigma = results/gateA_biomarker_scales_train.csv; common scale s_k per results/pivot/r2/r2_common_scale_formula.txt; mask-failure rules pre-declared in DECISIONS.md 2026-09-18 11:03; 2000-draw paired image bootstrap
lwnet,0,fives,True,main,tortuosity_skan,primary,198,200,2,15,0.0082480255706009,0.0088190223056148,0.002260824473921684,0.0001573810503992902,0.004599580751138333,,0.2741049302732671,0.25635772261084844,0.2741049302732671,0.01908105752730161,0.5576584010036277,-0.0977580467231976,-1.1211610904874956,0.3523347686872102,3.0793857299494674,1.1017322597029058,8.39271574864293,False,True,3.694978147961341,1.3546840379849643,9.975796788494208,0.29629030311064825,0.12679506427395107,0.5451348015462636,0.330082838350026,0.15020489349341204,0.56864486346942,0.5784176143050764,-3.5111084255786493,4.059318286125183,0.6364804783343153,0.058416858780521524,1.0788160175233825,1.6994321223762423e-10,"mu_raw in native units; mu_fovnorm in FOV diameters (length-like only); mu_sigma_own uses the frozen per-cohort Gate A sigma; mu_sigma_common uses the common scale s_k. alpha/beta/CCC/r/residual SD/LoA/prop-bias are on the median-centred sigma_own axis, identical to family 1",pivot/r2/lwnet/fives/pred/bio.csv vs reference-mask biomarkers of results/pivot/r2/bio_master_full.csv; frozen sigma = results/gateA_biomarker_scales_train.csv; common scale s_k per results/pivot/r2/r2_common_scale_formula.txt; mask-failure rules pre-declared in DECISIONS.md 2026-09-18 11:03; 2000-draw paired image bootstrap
lwnet,0,fives,True,main,density_pvbm,sensitivity,198,200,2,15,0.020884296713893,0.0141383576039809,-0.006865936768754628,-0.010310237934838278,-0.0036866960962675557,,-0.3287607364909327,-0.48562477771968393,-0.3287607364909328,-0.49368375081453103,-0.1765295785045532,-0.06191237100057789,-0.20319281905869055,0.07329891048891007,1.8206671264080283,1.6693932864264271,2.0327499008873113,False,True,1.1630438665847873,0.9755590632850583,1.3431169327120869,0.7346769150739463,0.6684105173134642,0.7880831117681787,0.8517406192891566,0.8039212360302119,0.8940278723154679,0.8344857785643879,-2.6472341561135977,1.9897126831317322,0.5444754049200549,0.4725294048601407,0.6299391125460738,9.438685306462727e-33,"mu_raw in native units; mu_fovnorm in FOV diameters (length-like only); mu_sigma_own uses the frozen per-cohort Gate A sigma; mu_sigma_common uses the common scale s_k. alpha/beta/CCC/r/residual SD/LoA/prop-bias are on the median-centred sigma_own axis, identical to family 1",pivot/r2/lwnet/fives/pred/bio.csv vs reference-mask biomarkers of results/pivot/r2/bio_master_full.csv; frozen sigma = results/gateA_biomarker_scales_train.csv; common scale s_k per results/pivot/r2/r2_common_scale_formula.txt; mask-failure rules pre-declared in DECISIONS.md 2026-09-18 11:03; 2000-draw paired image bootstrap
lwnet,0,fives,True,main,density_skan,primary,198,200,2,15,0.020884296713893,0.0141383576039809,-0.006865936768754628,-0.010434581697579088,-0.0036409940444269923,,-0.3287607364909327,-0.48562477771968393,-0.3287607364909328,-0.4996376866565789,-0.17434123323888956,-0.06191237100057789,-0.21033531437809072,0.061636671451469886,1.8206671264080283,1.6699750289950444,2.015642079677909,False,True,1.1630438665847873,0.9860739756476212,1.3421624256010392,0.7346769150739463,0.6723218580980309,0.786821175690505,0.8517406192891566,0.8032296202519444,0.8936256840381036,0.8344857785643879,-2.6472341561135977,1.9897126831317322,0.5444754049200549,0.4711834893684586,0.6253407228009357,9.438685306462727e-33,"mu_raw in native units; mu_fovnorm in FOV diameters (length-like only); mu_sigma_own uses the frozen per-cohort Gate A sigma; mu_sigma_common uses the common scale s_k. alpha/beta/CCC/r/residual SD/LoA/prop-bias are on the median-centred sigma_own axis, identical to family 1",pivot/r2/lwnet/fives/pred/bio.csv vs reference-mask biomarkers of results/pivot/r2/bio_master_full.csv; frozen sigma = results/gateA_biomarker_scales_train.csv; common scale s_k per results/pivot/r2/r2_common_scale_formula.txt; mask-failure rules pre-declared in DECISIONS.md 2026-09-18 11:03; 2000-draw paired image bootstrap
lwnet,0,fives,True,main,total_length_pvbm,sensitivity,198,200,2,15,5758.81509292313,1.809602348939848,-6776.047000236835,-7437.293825995849,-6140.755059972001,-3.4082409824474484,-1.1766390986513453,-1.883419848810519,-1.1766390986513457,-1.2914625154635302,-1.0663226654938491,-1.1188065773432212,-1.2333472665048228,-1.0148836085405106,1.2160994206816604,1.1099193455344043,1.346969177129498,False,True,0.872408037401461,0.7514294870097762,0.9955575304048546,0.6419606622220676,0.5693301385561949,0.7068962376959297,0.8564579416346203,0.8143996402087188,0.8932632395135399,0.8562646407437394,-2.799496610544299,0.4462184132416076,0.18030349552288344,0.09670909450367857,0.2719540249439152,8.49155129137073e-06,"mu_raw in native units; mu_fovnorm in FOV diameters (length-like only); mu_sigma_own uses the frozen per-cohort Gate A sigma; mu_sigma_common uses the common scale s_k. alpha/beta/CCC/r/residual SD/LoA/prop-bias are on the median-centred sigma_own axis, identical to family 1",pivot/r2/lwnet/fives/pred/bio.csv vs reference-mask biomarkers of results/pivot/r2/bio_master_full.csv; frozen sigma = results/gateA_biomarker_scales_train.csv; common scale s_k per results/pivot/r2/r2_common_scale_formula.txt; mask-failure rules pre-declared in DECISIONS.md 2026-09-18 11:03; 2000-draw paired image bootstrap
lwnet,0,fives,True,main,total_length_skan,primary,198,200,2,15,5905.654590686367,2.0642520798536137,-5307.358084540377,-5937.958873869759,-4702.711108024192,-2.6813280852552923,-0.8986909076786262,-1.2989344234767288,-0.8986909076786261,-1.005470059700806,-0.7963064950396351,-0.8254476113315998,-0.9332521426146105,-0.7245330525782664,1.3180068998801973,1.2309265659128463,1.4362980095583564,False,True,0.8154657972785954,0.6820544467764936,0.9486771998186027,0.7144168572507016,0.642648055140096,0.7742376414227026,0.877285106175565,0.8326666254719355,0.9150972179851571,0.8620633014570885,-2.4465389510938964,0.6491571357366442,0.25729880512073683,0.19624939586424253,0.33173551323632516,1.623626211391005e-11,"mu_raw in native units; mu_fovnorm in FOV diameters (length-like only); mu_sigma_own uses the frozen per-cohort Gate A sigma; mu_sigma_common uses the common scale s_k. alpha/beta/CCC/r/residual SD/LoA/prop-bias are on the median-centred sigma_own axis, identical to family 1",pivot/r2/lwnet/fives/pred/bio.csv vs reference-mask biomarkers of results/pivot/r2/bio_master_full.csv; frozen sigma = results/gateA_biomarker_scales_train.csv; common scale s_k per results/pivot/r2/r2_common_scale_formula.txt; mask-failure rules pre-declared in DECISIONS.md 2026-09-18 11:03; 2000-draw paired image bootstrap
lwnet,0,fives,True,sens_no_degen,FD_pvbm,sensitivity,183,200,2,15,0.047908238577478,0.0213866761354084,-0.031086684746351866,-0.035571118022903435,-0.02689272902906965,,-0.6488797265229854,-1.4535538177848895,-0.6488797265229854,-0.7424843634227384,-0.5613382964514188,-0.555204634898018,-0.6372476834116437,-0.4828647814016504,1.4167353668770926,1.2840024647347923,1.5562339670178211,False,True,0.610570046179629,0.4906124601015283,0.7364577185240944,0.7428671022961186,0.6730101886025508,0.7996416972869821,0.9000700223933029,0.8542883758475919,0.9345637307257415,0.8929020749317349,-1.8766413525498304,0.5788818995038597,0.32812745185821607,0.23607967235199281,0.41330452019961067,1.1211304448853774e-18,"mu_raw in native units; mu_fovnorm in FOV diameters (length-like only); mu_sigma_own uses the frozen per-cohort Gate A sigma; mu_sigma_common uses the common scale s_k. alpha/beta/CCC/r/residual SD/LoA/prop-bias are on the median-centred sigma_own axis, identical to family 1",pivot/r2/lwnet/fives/pred/bio.csv vs reference-mask biomarkers of results/pivot/r2/bio_master_full.csv; frozen sigma = results/gateA_biomarker_scales_train.csv; common scale s_k per results/pivot/r2/r2_common_scale_formula.txt; mask-failure rules pre-declared in DECISIONS.md 2026-09-18 11:03; 2000-draw paired image bootstrap
lwnet,0,fives,True,sens_no_degen,FD_skan,primary,183,200,2,15,0.0352252175614159,0.0270899437148906,-0.03552213682418677,-0.040466106242197486,-0.03071717513911301,,-1.0084291676056558,-1.3112665422284073,-1.0084291676056556,-1.148782294151739,-0.8720222972521596,-0.9390702566411631,-1.0682996137852505,-0.8069156126605544,1.7681802120959245,1.6115434955094288,1.9730117888026508,False,True,0.9003535253153817,0.765310795953014,1.0291214859549969,0.6278566576017832,0.5542284514707914,0.6857908162640584,0.8805038245925498,0.8362311323500019,0.9144935551471125,0.8570032705639997,-2.9162988893548745,0.8994405541435633,0.5262960522415131,0.44384184191796255,0.6188229110570596,1.1744819338617652e-33,"mu_raw in native units; mu_fovnorm in FOV diameters (length-like only); mu_sigma_own uses the frozen per-cohort Gate A sigma; mu_sigma_common uses the common scale s_k. alpha/beta/CCC/r/residual SD/LoA/prop-bias are on the median-centred sigma_own axis, identical to family 1",pivot/r2/lwnet/fives/pred/bio.csv vs reference-mask biomarkers of results/pivot/r2/bio_master_full.csv; frozen sigma = results/gateA_biomarker_scales_train.csv; common scale s_k per results/pivot/r2/r2_common_scale_formula.txt; mask-failure rules pre-declared in DECISIONS.md 2026-09-18 11:03; 2000-draw paired image bootstrap
lwnet,0,fives,True,sens_no_degen,tortuosity_pvbm,sensitivity,181,200,2,15,0.0043284702883327,0.0060515239553262,-0.002506619350548943,-0.005359686504283166,-0.000841407016875079,,-0.5791005097818235,-0.41421291050872605,-0.5791005097818236,-1.2382403360212701,-0.19438900138533327,-0.36659848829265357,-0.5922108883524918,-0.10870494382835567,0.0677648587301859,-0.008960936776673745,2.4134609717137163,False,False,1.5856895292448636,1.3092524819035547,2.1699706822218885,0.08564215278348158,-0.01468726770749212,0.6050203192167453,0.11456832515507308,-0.030833554557832887,0.6743823917884805,0.6108506925560313,-7.657007516938643,6.498806497374996,-1.183905289632405,-1.770872559985566,0.647008616849141,8.683788885781233e-23,"mu_raw in native units; mu_fovnorm in FOV diameters (length-like only); mu_sigma_own uses the frozen per-cohort Gate A sigma; mu_sigma_common uses the common scale s_k. alpha/beta/CCC/r/residual SD/LoA/prop-bias are on the median-centred sigma_own axis, identical to family 1",pivot/r2/lwnet/fives/pred/bio.csv vs reference-mask biomarkers of results/pivot/r2/bio_master_full.csv; frozen sigma = results/gateA_biomarker_scales_train.csv; common scale s_k per results/pivot/r2/r2_common_scale_formula.txt; mask-failure rules pre-declared in DECISIONS.md 2026-09-18 11:03; 2000-draw paired image bootstrap
lwnet,0,fives,True,sens_no_degen,tortuosity_skan,primary,183,200,2,15,0.0082480255706009,0.0088190223056148,0.002610860265546808,0.0007441471612634017,0.004809609953103237,,0.3165436677176301,0.29604872003606947,0.31654366771763015,0.09022124809067336,0.5831225802992798,0.0744026570673827,-0.6056618290415385,0.45820676321096615,2.7746498650935694,0.9062151268654998,7.288929609212438,False,False,2.9619179381052114,0.9184173783010955,7.589418612439662,0.3369046887057901,0.17829893552712714,0.6372672914858524,0.37899630611832,0.2398301239148808,0.647035335903406,0.6691668702305079,-3.0069051061617817,3.6399924415970424,0.6187886107488593,-0.07348672124095658,1.1404673089069186,3.3310001284170606e-10,"mu_raw in native units; mu_fovnorm in FOV diameters (length-like only); mu_sigma_own uses the frozen per-cohort Gate A sigma; mu_sigma_common uses the common scale s_k. alpha/beta/CCC/r/residual SD/LoA/prop-bias are on the median-centred sigma_own axis, identical to family 1",pivot/r2/lwnet/fives/pred/bio.csv vs reference-mask biomarkers of results/pivot/r2/bio_master_full.csv; frozen sigma = results/gateA_biomarker_scales_train.csv; common scale s_k per results/pivot/r2/r2_common_scale_formula.txt; mask-failure rules pre-declared in DECISIONS.md 2026-09-18 11:03; 2000-draw paired image bootstrap
lwnet,0,fives,True,sens_no_degen,density_pvbm,sensitivity,183,200,2,15,0.020884296713893,0.0141383576039809,-0.004631782715336498,-0.00836246382933917,-0.001184532615467029,,-0.22178303530112486,-0.32760401491276037,-0.22178303530112486,-0.40041874255579574,-0.05671881757354242,-0.03446807456123874,-0.1933460957798649,0.10592054895519912,2.037342682103664,1.7915085988907264,2.3729994466094038,False,True,1.2295986349583474,1.0141189203334147,1.4627238694545117,0.6704509850840791,0.5890792970353405,0.7433795812961779,0.7969849184455426,0.7320208448899121,0.852067455814773,0.7935824301059272,-2.478881229727,2.03531515912475,0.6251391430711695,0.5229071325054175,0.737805058350981,7.49368367933344e-30,"mu_raw in native units; mu_fovnorm in FOV diameters (length-like only); mu_sigma_own uses the frozen per-cohort Gate A sigma; mu_sigma_common uses the common scale s_k. alpha/beta/CCC/r/residual SD/LoA/prop-bias are on the median-centred sigma_own axis, identical to family 1",pivot/r2/lwnet/fives/pred/bio.csv vs reference-mask biomarkers of results/pivot/r2/bio_master_full.csv; frozen sigma = results/gateA_biomarker_scales_train.csv; common scale s_k per results/pivot/r2/r2_common_scale_formula.txt; mask-failure rules pre-declared in DECISIONS.md 2026-09-18 11:03; 2000-draw paired image bootstrap
lwnet,0,fives,True,sens_no_degen,density_skan,primary,183,200,2,15,0.020884296713893,0.0141383576039809,-0.004631782715336498,-0.00814205441138283,-0.00125353654595552,,-0.22178303530112486,-0.32760401491276037,-0.22178303530112486,-0.3898649077307179,-0.06002292359319053,-0.03446807456123874,-0.20127260394032342,0.10447927779836398,2.037342682103664,1.7929419648264213,2.3808908879591217,False,True,1.2295986349583474,1.0142298719125893,1.4570000371043879,0.6704509850840791,0.585144189424618,0.7378430654241073,0.7969849184455426,0.7287691405856627,0.8519203041324024,0.7935824301059272,-2.478881229727,2.03531515912475,0.6251391430711695,0.5228477155213245,0.7428549286435655,7.49368367933344e-30,"mu_raw in native units; mu_fovnorm in FOV diameters (length-like only); mu_sigma_own uses the frozen per-cohort Gate A sigma; mu_sigma_common uses the common scale s_k. alpha/beta/CCC/r/residual SD/LoA/prop-bias are on the median-centred sigma_own axis, identical to family 1",pivot/r2/lwnet/fives/pred/bio.csv vs reference-mask biomarkers of results/pivot/r2/bio_master_full.csv; frozen sigma = results/gateA_biomarker_scales_train.csv; common scale s_k per results/pivot/r2/r2_common_scale_formula.txt; mask-failure rules pre-declared in DECISIONS.md 2026-09-18 11:03; 2000-draw paired image bootstrap
lwnet,0,fives,True,sens_no_degen,total_length_pvbm,sensitivity,183,200,2,15,5758.81509292313,1.809602348939848,-6725.250693815391,-7438.7719675383805,-6081.943100164473,-3.367521246906385,-1.1678184809371448,-1.8609178137281046,-1.167818480937145,-1.2917191900604188,-1.056110154958514,-1.1071482492878502,-1.2281323170855425,-0.998989443055945,1.3179047059821576,1.164866258684682,1.5284264752755465,False,True,0.9046904316275697,0.7667718341496358,1.0482723405233993,0.5730211394468077,0.4850237925365816,0.6511690278364803,0.8187264567966087,0.7636589492887254,0.866571316776977,0.8221362603454361,-2.8134468702307114,0.4778099083564211,0.2481694848480977,0.13890203490920316,0.37539609638568916,2.4765548770372945e-07,"mu_raw in native units; mu_fovnorm in FOV diameters (length-like only); mu_sigma_own uses the frozen per-cohort Gate A sigma; mu_sigma_common uses the common scale s_k. alpha/beta/CCC/r/residual SD/LoA/prop-bias are on the median-centred sigma_own axis, identical to family 1",pivot/r2/lwnet/fives/pred/bio.csv vs reference-mask biomarkers of results/pivot/r2/bio_master_full.csv; frozen sigma = results/gateA_biomarker_scales_train.csv; common scale s_k per results/pivot/r2/r2_common_scale_formula.txt; mask-failure rules pre-declared in DECISIONS.md 2026-09-18 11:03; 2000-draw paired image bootstrap
lwnet,0,fives,True,sens_no_degen,total_length_skan,primary,183,200,2,15,5905.654590686367,2.0642520798536137,-5082.441104371426,-5772.804144857175,-4423.990038238764,-2.551028291746569,-0.8606058864984745,-1.235812387762,-0.8606058864984744,-0.9775045350537926,-0.7491108682881163,-0.8021109240347789,-0.9170154803136644,-0.6912488307181259,1.4193478478719257,1.289984445654994,1.590980291202349,False,True,0.8406199956092566,0.6863898771681782,0.990527716082135,0.6458688187295089,0.5594135682399264,0.7201379742260988,0.8349683387232171,0.7757711360202786,0.8870899542648851,0.8286221580827393,-2.4081281566998722,0.6869163837029234,0.3177109828983156,0.23537821834316286,0.41373785882413644,9.001624620016508e-12,"mu_raw in native units; mu_fovnorm in FOV diameters (length-like only); mu_sigma_own uses the frozen per-cohort Gate A sigma; mu_sigma_common uses the common scale s_k. alpha/beta/CCC/r/residual SD/LoA/prop-bias are on the median-centred sigma_own axis, identical to family 1",pivot/r2/lwnet/fives/pred/bio.csv vs reference-mask biomarkers of results/pivot/r2/bio_master_full.csv; frozen sigma = results/gateA_biomarker_scales_train.csv; common scale s_k per results/pivot/r2/r2_common_scale_formula.txt; mask-failure rules pre-declared in DECISIONS.md 2026-09-18 11:03; 2000-draw paired image bootstrap
lwnet,0,hrf,True,main,FD_pvbm,sensitivity,30,30,0,0,0.0191265872248343,0.0213866761354084,-0.06030896808259601,-0.06699252300623897,-0.053497109888759005,,-3.1531484092619397,-2.8199317977582656,-3.153148409261939,-3.5025863327700555,-2.797002374751801,-3.1127213178731683,-3.9101534810608167,-2.327811505456823,2.2688917372014368,-0.4967885008354154,8.322609964380321,False,False,1.546992782201672,0.7486695077055461,6.8189039194026355,0.04223020193090068,-0.0006679456204080017,0.08828551802779121,0.3597970836398032,-0.008118941586847686,0.6568798071859707,0.2729699666295884,-5.067920411329588,-1.238376407194289,0.46567564754713503,-0.10096528814767464,0.8946434423419458,0.07266699091042429,"mu_raw in native units; mu_fovnorm in FOV diameters (length-like only); mu_sigma_own uses the frozen per-cohort Gate A sigma; mu_sigma_common uses the common scale s_k. alpha/beta/CCC/r/residual SD/LoA/prop-bias are on the median-centred sigma_own axis, identical to family 1",pivot/r2/lwnet/hrf/pred/bio.csv vs reference-mask biomarkers of results/pivot/r2/bio_master_full.csv; frozen sigma = results/gateA_biomarker_scales_train.csv; common scale s_k per results/pivot/r2/r2_common_scale_formula.txt; mask-failure rules pre-declared in DECISIONS.md 2026-09-18 11:03; 2000-draw paired image bootstrap
lwnet,0,hrf,True,main,FD_skan,primary,30,30,0,0,0.0190610980643877,0.0270899437148906,-0.0795138678136602,-0.08898379737379805,-0.070487080888177,,-4.1715260865384165,-2.9351802517756287,-4.1715260865384165,-4.668345814769643,-3.6979548948373373,-4.183142191049425,-4.76783881100991,-3.4376252019372977,0.9113763331868964,-0.9765709123323822,3.4956784319409837,False,False,1.2814930627380405,0.7820556097368153,4.527194584437725,0.02186491536713787,-0.0198479739480028,0.06192080408774017,0.1977212362068287,-0.20674149996660576,0.5475035428418746,0.17241379310344826,-6.798286494761211,-1.5447656783156218,-0.030678529345939877,-0.6549782020495055,0.41586494951199665,0.9216955816934086,"mu_raw in native units; mu_fovnorm in FOV diameters (length-like only); mu_sigma_own uses the frozen per-cohort Gate A sigma; mu_sigma_common uses the common scale s_k. alpha/beta/CCC/r/residual SD/LoA/prop-bias are on the median-centred sigma_own axis, identical to family 1",pivot/r2/lwnet/hrf/pred/bio.csv vs reference-mask biomarkers of results/pivot/r2/bio_master_full.csv; frozen sigma = results/gateA_biomarker_scales_train.csv; common scale s_k per results/pivot/r2/r2_common_scale_formula.txt; mask-failure rules pre-declared in DECISIONS.md 2026-09-18 11:03; 2000-draw paired image bootstrap
lwnet,0,hrf,True,main,tortuosity_pvbm,sensitivity,30,30,0,0,0.0023668667109986,0.0060515239553262,-0.006290182401838888,-0.008223239215075432,-0.004608668568883857,,-2.657598914467393,-1.0394377430006925,-2.657598914467393,-3.4743144499277614,-1.9471601621957932,-2.231651345255669,-2.563451501747527,-1.8866448477902749,0.3883742354105218,0.1330719634015429,0.5157479282568814,True,True,1.0278858066500915,0.6603722985192888,1.2572093300435367,0.33668546529615584,0.08035860289335922,0.5211407034368885,0.71152850938367,0.23702732366248677,0.8995752892918327,0.5648498331479421,-6.949131565862162,1.6339337369273754,-0.7863402960931266,-1.1967847320716911,-0.5969360650325349,2.684394187111587e-06,"mu_raw in native units; mu_fovnorm in FOV diameters (length-like only); mu_sigma_own uses the frozen per-cohort Gate A sigma; mu_sigma_common uses the common scale s_k. alpha/beta/CCC/r/residual SD/LoA/prop-bias are on the median-centred sigma_own axis, identical to family 1",pivot/r2/lwnet/hrf/pred/bio.csv vs reference-mask biomarkers of results/pivot/r2/bio_master_full.csv; frozen sigma = results/gateA_biomarker_scales_train.csv; common scale s_k per results/pivot/r2/r2_common_scale_formula.txt; mask-failure rules pre-declared in DECISIONS.md 2026-09-18 11:03; 2000-draw paired image bootstrap
lwnet,0,hrf,True,main,tortuosity_skan,primary,30,30,0,0,0.0058124661067053,0.0088190223056148,-0.007186050308709683,-0.01491306900276134,0.00014461490592328788,,-1.2363169396239244,-0.8148352572069747,-1.2363169396239246,-2.565704251687166,0.02488012889338975,-0.506145064492391,-1.1458762732346515,0.04537273349038145,0.4494533853888554,0.05752962335148178,2.4649499554123175,False,False,2.4641726532347152,1.0808360816248388,4.932996532377944,0.3524068832779027,0.0633045251011158,0.6495131842369422,0.40314183274811927,0.09292411259587746,0.784231962189922,0.5844271412680757,-8.229195126077768,5.756561246829919,-0.4884936065093617,-1.4242006878079363,0.5162069576163383,0.04785508567690028,"mu_raw in native units; mu_fovnorm in FOV diameters (length-like only); mu_sigma_own uses the frozen per-cohort Gate A sigma; mu_sigma_common uses the common scale s_k. alpha/beta/CCC/r/residual SD/LoA/prop-bias are on the median-centred sigma_own axis, identical to family 1",pivot/r2/lwnet/hrf/pred/bio.csv vs reference-mask biomarkers of results/pivot/r2/bio_master_full.csv; frozen sigma = results/gateA_biomarker_scales_train.csv; common scale s_k per results/pivot/r2/r2_common_scale_formula.txt; mask-failure rules pre-declared in DECISIONS.md 2026-09-18 11:03; 2000-draw paired image bootstrap
lwnet,0,hrf,True,main,density_pvbm,sensitivity,30,30,0,0,0.0156452398763284,0.0141383576039809,0.03938616630045722,0.033834745513173406,0.044801650136182126,,2.517453654389114,2.7857667349825244,2.5174536543891133,2.1626223554658393,2.863596243351182,2.418750250647581,1.9012221579670454,2.910972195164073,1.606956134741509,0.9267986530250112,3.723320263309874,False,False,1.2432457782750261,0.7359339744019134,2.332794822655345,0.1213228963395989,0.04719007998437794,0.20513867881650386,0.5318277232174101,0.2801356119236839,0.7209354053220282,0.5078976640711901,0.5749272617337142,4.459980047044512,0.33449857296875746,-0.05758021992690678,0.7951617391860635,0.11302016539017758,"mu_raw in native units; mu_fovnorm in FOV diameters (length-like only); mu_sigma_own uses the frozen per-cohort Gate A sigma; mu_sigma_common uses the common scale s_k. alpha/beta/CCC/r/residual SD/LoA/prop-bias are on the median-centred sigma_own axis, identical to family 1",pivot/r2/lwnet/hrf/pred/bio.csv vs reference-mask biomarkers of results/pivot/r2/bio_master_full.csv; frozen sigma = results/gateA_biomarker_scales_train.csv; common scale s_k per results/pivot/r2/r2_common_scale_formula.txt; mask-failure rules pre-declared in DECISIONS.md 2026-09-18 11:03; 2000-draw paired image bootstrap
lwnet,0,hrf,True,main,density_skan,primary,30,30,0,0,0.0156452398763284,0.0141383576039809,0.03938616630045722,0.03381417280737109,0.04501087217457105,,2.517453654389114,2.7857667349825244,2.5174536543891133,2.161307405617519,2.8769691312099037,2.418750250647581,1.929630762406498,2.9183817244659696,1.606956134741509,0.914784562351488,3.5637356402308304,False,False,1.2432457782750261,0.7449711296347502,2.2606418555973598,0.1213228963395989,0.050637697561674744,0.20337814634423193,0.5318277232174101,0.28942403510549325,0.7290394132787777,0.5078976640711901,0.5749272617337142,4.459980047044512,0.33449857296875746,-0.07116567458207906,0.7834891683351805,0.11302016539017758,"mu_raw in native units; mu_fovnorm in FOV diameters (length-like only); mu_sigma_own uses the frozen per-cohort Gate A sigma; mu_sigma_common uses the common scale s_k. alpha/beta/CCC/r/residual SD/LoA/prop-bias are on the median-centred sigma_own axis, identical to family 1",pivot/r2/lwnet/hrf/pred/bio.csv vs reference-mask biomarkers of results/pivot/r2/bio_master_full.csv; frozen sigma = results/gateA_biomarker_scales_train.csv; common scale s_k per results/pivot/r2/r2_common_scale_formula.txt; mask-failure rules pre-declared in DECISIONS.md 2026-09-18 11:03; 2000-draw paired image bootstrap
lwnet,0,hrf,True,main,total_length_pvbm,sensitivity,30,30,0,0,4491.472519245984,1.809602348939848,-26830.216688882712,-30064.42913338854,-23640.679687501666,-9.04314413476472,-5.973590303383822,-4.997310121785944,-5.973590303383818,-6.693668725470835,-5.2634586065485705,-6.02623780489159,-6.864567080693191,-5.336899297266185,0.5826390565670457,-1.246356791862147,2.1482185612009905,False,False,1.6183032723219375,1.034623337062465,4.876253286681965,0.026403746572763117,-0.02435320650050154,0.07760534378570828,0.21586544198574206,-0.23602142143470792,0.5917709825676188,0.21957730812013349,-9.93091784643104,-2.0162627603365966,-0.20004871167940697,-0.7447174633974507,0.25368737276185593,0.5126802099894421,"mu_raw in native units; mu_fovnorm in FOV diameters (length-like only); mu_sigma_own uses the frozen per-cohort Gate A sigma; mu_sigma_common uses the common scale s_k. alpha/beta/CCC/r/residual SD/LoA/prop-bias are on the median-centred sigma_own axis, identical to family 1",pivot/r2/lwnet/hrf/pred/bio.csv vs reference-mask biomarkers of results/pivot/r2/bio_master_full.csv; frozen sigma = results/gateA_biomarker_scales_train.csv; common scale s_k per results/pivot/r2/r2_common_scale_formula.txt; mask-failure rules pre-declared in DECISIONS.md 2026-09-18 11:03; 2000-draw paired image bootstrap
lwnet,0,hrf,True,main,total_length_skan,primary,30,30,0,0,6456.941750506251,2.0642520798536137,-26709.98596752149,-29894.312602266047,-23573.832793900245,-9.002624698707164,-4.1366310862921,-4.361204131302406,-4.1366310862921,-4.629794375940003,-3.650928520774088,-4.227066079272656,-4.596156532665816,-3.854668592666656,0.38587845793491954,-0.25001836523474225,1.0403573036427833,False,False,0.953747546042084,0.6790383859963811,1.2568368537301795,0.027770939830311397,-0.020317971681457374,0.07526203475264695,0.23923111309972905,-0.20402839889680308,0.5987087935990217,0.14304783092324808,-6.807195456224857,-1.4660667163593426,-0.41434824792824565,-1.0673374778993532,0.022555532447866528,0.16157900443739956,"mu_raw in native units; mu_fovnorm in FOV diameters (length-like only); mu_sigma_own uses the frozen per-cohort Gate A sigma; mu_sigma_common uses the common scale s_k. alpha/beta/CCC/r/residual SD/LoA/prop-bias are on the median-centred sigma_own axis, identical to family 1",pivot/r2/lwnet/hrf/pred/bio.csv vs reference-mask biomarkers of results/pivot/r2/bio_master_full.csv; frozen sigma = results/gateA_biomarker_scales_train.csv; common scale s_k per results/pivot/r2/r2_common_scale_formula.txt; mask-failure rules pre-declared in DECISIONS.md 2026-09-18 11:03; 2000-draw paired image bootstrap
lwnet,0,hrf,True,sens_no_degen,FD_pvbm,sensitivity,30,30,0,0,0.0191265872248343,0.0213866761354084,-0.06030896808259601,-0.06662330995839116,-0.05393771198744164,,-3.1531484092619397,-2.8199317977582656,-3.153148409261939,-3.483282677418076,-2.8200384811676154,-3.1127213178731683,-3.902343863187502,-2.2969348902401268,2.2688917372014368,0.2888679501392975,8.732234562909472,False,False,1.546992782201672,0.8155070045595455,6.840748824738547,0.04223020193090068,0.0005559058678705833,0.08719265750991742,0.3597970836398032,0.005372435045432918,0.6430355937675494,0.2729699666295884,-5.067920411329588,-1.238376407194289,0.46567564754713503,-0.05412687167883702,0.8964541780865053,0.07266699091042429,"mu_raw in native units; mu_fovnorm in FOV diameters (length-like only); mu_sigma_own uses the frozen per-cohort Gate A sigma; mu_sigma_common uses the common scale s_k. alpha/beta/CCC/r/residual SD/LoA/prop-bias are on the median-centred sigma_own axis, identical to family 1",pivot/r2/lwnet/hrf/pred/bio.csv vs reference-mask biomarkers of results/pivot/r2/bio_master_full.csv; frozen sigma = results/gateA_biomarker_scales_train.csv; common scale s_k per results/pivot/r2/r2_common_scale_formula.txt; mask-failure rules pre-declared in DECISIONS.md 2026-09-18 11:03; 2000-draw paired image bootstrap
lwnet,0,hrf,True,sens_no_degen,FD_skan,primary,30,30,0,0,0.0190610980643877,0.0270899437148906,-0.0795138678136602,-0.08856419208250939,-0.07112289013291066,,-4.1715260865384165,-2.9351802517756287,-4.1715260865384165,-4.646332114936019,-3.7313112755970366,-4.183142191049425,-4.825915258579103,-3.526459043803815,0.9113763331868964,-1.0230536815554994,3.6719286950637806,False,False,1.2814930627380405,0.7839435480902315,4.159702541570933,0.02186491536713787,-0.020462693860893034,0.06192009581048557,0.1977212362068287,-0.20921312292609934,0.54188925249346,0.17241379310344826,-6.798286494761211,-1.5447656783156218,-0.030678529345939877,-0.6725383232605981,0.3998273510858305,0.9216955816934086,"mu_raw in native units; mu_fovnorm in FOV diameters (length-like only); mu_sigma_own uses the frozen per-cohort Gate A sigma; mu_sigma_common uses the common scale s_k. alpha/beta/CCC/r/residual SD/LoA/prop-bias are on the median-centred sigma_own axis, identical to family 1",pivot/r2/lwnet/hrf/pred/bio.csv vs reference-mask biomarkers of results/pivot/r2/bio_master_full.csv; frozen sigma = results/gateA_biomarker_scales_train.csv; common scale s_k per results/pivot/r2/r2_common_scale_formula.txt; mask-failure rules pre-declared in DECISIONS.md 2026-09-18 11:03; 2000-draw paired image bootstrap
lwnet,0,hrf,True,sens_no_degen,tortuosity_pvbm,sensitivity,30,30,0,0,0.0023668667109986,0.0060515239553262,-0.006290182401838888,-0.008138795236158451,-0.004609179724990989,,-2.657598914467393,-1.0394377430006925,-2.657598914467393,-3.4386369111273822,-1.9473761253950541,-2.231651345255669,-2.5606205535767574,-1.8855854249112336,0.3883742354105218,0.11813121920382501,0.5192867218649885,True,True,1.0278858066500915,0.6663591589706843,1.269251855743258,0.33668546529615584,0.07955030728698642,0.525928389574133,0.71152850938367,0.21841748088076313,0.9066527693870852,0.5648498331479421,-6.949131565862162,1.6339337369273754,-0.7863402960931266,-1.200186205378257,-0.596382748720295,2.684394187111587e-06,"mu_raw in native units; mu_fovnorm in FOV diameters (length-like only); mu_sigma_own uses the frozen per-cohort Gate A sigma; mu_sigma_common uses the common scale s_k. alpha/beta/CCC/r/residual SD/LoA/prop-bias are on the median-centred sigma_own axis, identical to family 1",pivot/r2/lwnet/hrf/pred/bio.csv vs reference-mask biomarkers of results/pivot/r2/bio_master_full.csv; frozen sigma = results/gateA_biomarker_scales_train.csv; common scale s_k per results/pivot/r2/r2_common_scale_formula.txt; mask-failure rules pre-declared in DECISIONS.md 2026-09-18 11:03; 2000-draw paired image bootstrap
lwnet,0,hrf,True,sens_no_degen,tortuosity_skan,primary,30,30,0,0,0.0058124661067053,0.0088190223056148,-0.007186050308709683,-0.014591037466808697,1.4630474570382385e-05,,-1.2363169396239244,-0.8148352572069747,-1.2363169396239246,-2.5103006536203933,0.002517085571218166,-0.506145064492391,-1.1588615423507929,0.06312188365201825,0.4494533853888554,0.06397832258459185,2.263609721011391,False,False,2.4641726532347152,1.061172832991116,5.19350910325102,0.3524068832779027,0.057625447026112206,0.6467522190973162,0.40314183274811927,0.08495460518786806,0.7903470132991197,0.5844271412680757,-8.229195126077768,5.756561246829919,-0.4884936065093617,-1.3653512501703948,0.4997225139952228,0.04785508567690028,"mu_raw in native units; mu_fovnorm in FOV diameters (length-like only); mu_sigma_own uses the frozen per-cohort Gate A sigma; mu_sigma_common uses the common scale s_k. alpha/beta/CCC/r/residual SD/LoA/prop-bias are on the median-centred sigma_own axis, identical to family 1",pivot/r2/lwnet/hrf/pred/bio.csv vs reference-mask biomarkers of results/pivot/r2/bio_master_full.csv; frozen sigma = results/gateA_biomarker_scales_train.csv; common scale s_k per results/pivot/r2/r2_common_scale_formula.txt; mask-failure rules pre-declared in DECISIONS.md 2026-09-18 11:03; 2000-draw paired image bootstrap
lwnet,0,hrf,True,sens_no_degen,density_pvbm,sensitivity,30,30,0,0,0.0156452398763284,0.0141383576039809,0.03938616630045722,0.0336896601377731,0.044705600851986466,,2.517453654389114,2.7857667349825244,2.5174536543891133,2.153348903825138,2.857457041590461,2.418750250647581,1.9251320835320564,2.8958773634286645,1.606956134741509,0.8973103667143857,3.612730209591926,False,False,1.2432457782750261,0.7329351777057114,2.337139665838649,0.1213228963395989,0.052453798643222714,0.20485931569207952,0.5318277232174101,0.2949884219623025,0.7291175606435855,0.5078976640711901,0.5749272617337142,4.459980047044512,0.33449857296875746,-0.08024669968344894,0.7728753871959103,0.11302016539017758,"mu_raw in native units; mu_fovnorm in FOV diameters (length-like only); mu_sigma_own uses the frozen per-cohort Gate A sigma; mu_sigma_common uses the common scale s_k. alpha/beta/CCC/r/residual SD/LoA/prop-bias are on the median-centred sigma_own axis, identical to family 1",pivot/r2/lwnet/hrf/pred/bio.csv vs reference-mask biomarkers of results/pivot/r2/bio_master_full.csv; frozen sigma = results/gateA_biomarker_scales_train.csv; common scale s_k per results/pivot/r2/r2_common_scale_formula.txt; mask-failure rules pre-declared in DECISIONS.md 2026-09-18 11:03; 2000-draw paired image bootstrap
lwnet,0,hrf,True,sens_no_degen,density_skan,primary,30,30,0,0,0.0156452398763284,0.0141383576039809,0.03938616630045722,0.034067094487898346,0.04491080924383715,,2.517453654389114,2.7857667349825244,2.5174536543891133,2.1774734524487944,2.8705733883817404,2.418750250647581,1.8868219463057507,2.9008346723793554,1.606956134741509,0.9134490719326497,3.9094261002056907,False,False,1.2432457782750261,0.747349750736009,2.487213998478679,0.1213228963395989,0.04598809435332866,0.2059238713984366,0.5318277232174101,0.2803353170124832,0.714053280020994,0.5078976640711901,0.5749272617337142,4.459980047044512,0.33449857296875746,-0.06743026066646039,0.7940072567212249,0.11302016539017758,"mu_raw in native units; mu_fovnorm in FOV diameters (length-like only); mu_sigma_own uses the frozen per-cohort Gate A sigma; mu_sigma_common uses the common scale s_k. alpha/beta/CCC/r/residual SD/LoA/prop-bias are on the median-centred sigma_own axis, identical to family 1",pivot/r2/lwnet/hrf/pred/bio.csv vs reference-mask biomarkers of results/pivot/r2/bio_master_full.csv; frozen sigma = results/gateA_biomarker_scales_train.csv; common scale s_k per results/pivot/r2/r2_common_scale_formula.txt; mask-failure rules pre-declared in DECISIONS.md 2026-09-18 11:03; 2000-draw paired image bootstrap
lwnet,0,hrf,True,sens_no_degen,total_length_pvbm,sensitivity,30,30,0,0,4491.472519245984,1.809602348939848,-26830.216688882712,-30205.944445394845,-23775.168124539712,-9.04314413476472,-5.973590303383822,-4.997310121785944,-5.973590303383818,-6.725176279263029,-5.293401667863487,-6.02623780489159,-6.837337274584589,-5.3643345460673855,0.5826390565670457,-1.3200466815356806,1.8823460727804757,False,False,1.6183032723219375,1.015926923838802,4.284134333151606,0.026403746572763117,-0.026640449467321116,0.07936579511213714,0.21586544198574206,-0.2425816533947911,0.61169435170216,0.21957730812013349,-9.93091784643104,-2.0162627603365966,-0.20004871167940697,-0.767117156990803,0.27576965766258094,0.5126802099894421,"mu_raw in native units; mu_fovnorm in FOV diameters (length-like only); mu_sigma_own uses the frozen per-cohort Gate A sigma; mu_sigma_common uses the common scale s_k. alpha/beta/CCC/r/residual SD/LoA/prop-bias are on the median-centred sigma_own axis, identical to family 1",pivot/r2/lwnet/hrf/pred/bio.csv vs reference-mask biomarkers of results/pivot/r2/bio_master_full.csv; frozen sigma = results/gateA_biomarker_scales_train.csv; common scale s_k per results/pivot/r2/r2_common_scale_formula.txt; mask-failure rules pre-declared in DECISIONS.md 2026-09-18 11:03; 2000-draw paired image bootstrap
lwnet,0,hrf,True,sens_no_degen,total_length_skan,primary,30,30,0,0,6456.941750506251,2.0642520798536137,-26709.98596752149,-29761.64821452239,-23818.08384739863,-9.002624698707164,-4.1366310862921,-4.361204131302406,-4.1366310862921,-4.6092483662546515,-3.688756189496551,-4.227066079272656,-4.577345569376209,-3.847411155167245,0.38587845793491954,-0.23100466813449216,1.0611540370955976,False,False,0.953747546042084,0.6774492356718187,1.2466984676510973,0.027770939830311397,-0.017074398421622294,0.07571253898059202,0.23923111309972905,-0.1835108438165973,0.5960726637477588,0.14304783092324808,-6.807195456224857,-1.4660667163593426,-0.41434824792824565,-1.077485120670487,0.03467204919708498,0.16157900443739956,"mu_raw in native units; mu_fovnorm in FOV diameters (length-like only); mu_sigma_own uses the frozen per-cohort Gate A sigma; mu_sigma_common uses the common scale s_k. alpha/beta/CCC/r/residual SD/LoA/prop-bias are on the median-centred sigma_own axis, identical to family 1",pivot/r2/lwnet/hrf/pred/bio.csv vs reference-mask biomarkers of results/pivot/r2/bio_master_full.csv; frozen sigma = results/gateA_biomarker_scales_train.csv; common scale s_k per results/pivot/r2/r2_common_scale_formula.txt; mask-failure rules pre-declared in DECISIONS.md 2026-09-18 11:03; 2000-draw paired image bootstrap
segformer_b0,0,chasedb1,False,main,FD_pvbm,sensitivity,8,8,0,0,0.0186864339974062,0.0213866761354084,-0.025623446289336937,-0.03115936062200922,-0.019063156164110823,,-1.371232536549972,-1.1981032549005601,-1.3712325365499718,-1.667485654370135,-1.0201601957204307,-1.3586942700996139,-1.5507695864240842,-1.170805119328604,0.7347682922963403,0.6055563259596415,0.877325230835893,True,True,0.26890903250270526,0.12521115873275793,0.2986058011419194,0.6035328593388944,0.2874489040722703,0.73626071830004,0.9740003198629651,0.9342364147848227,0.9935302492075536,1.0,-2.3900640222673326,-0.3524010508326112,-0.30202210232324617,-0.4869582870712764,-0.12931722056081058,0.016462395357765364,"mu_raw in native units; mu_fovnorm in FOV diameters (length-like only); mu_sigma_own uses the frozen per-cohort Gate A sigma; mu_sigma_common uses the common scale s_k. alpha/beta/CCC/r/residual SD/LoA/prop-bias are on the median-centred sigma_own axis, identical to family 1",pivot/r2/segformer_b0/chasedb1/pred/bio.csv vs reference-mask biomarkers of results/pivot/r2/bio_master_full.csv; frozen sigma = results/gateA_biomarker_scales_train.csv; common scale s_k per results/pivot/r2/r2_common_scale_formula.txt; mask-failure rules pre-declared in DECISIONS.md 2026-09-18 11:03; 2000-draw paired image bootstrap
segformer_b0,0,chasedb1,False,main,FD_skan,primary,8,8,0,0,0.0233801328199158,0.0270899437148906,-0.03350056240668117,-0.03723091662963885,-0.030241741554680644,,-1.4328645035816276,-1.2366420085349543,-1.4328645035816279,-1.5924168145839015,-1.2934803145737457,-1.4188929705691886,-1.5679464287361151,-1.2593899750920232,0.9058614702863135,0.7156925056271798,1.1528440520773213,False,False,0.20907643814570728,0.04741246032077208,0.2573122264926387,0.36059360090340625,0.13683852219736206,0.4744498214864486,0.9655943934588014,0.9049204240088197,0.997610242729282,1.0,-1.8910361800477762,-0.9746928271154796,-0.09707135798731924,-0.3272036938697355,0.13863404300558593,0.4024558488305318,"mu_raw in native units; mu_fovnorm in FOV diameters (length-like only); mu_sigma_own uses the frozen per-cohort Gate A sigma; mu_sigma_common uses the common scale s_k. alpha/beta/CCC/r/residual SD/LoA/prop-bias are on the median-centred sigma_own axis, identical to family 1",pivot/r2/segformer_b0/chasedb1/pred/bio.csv vs reference-mask biomarkers of results/pivot/r2/bio_master_full.csv; frozen sigma = results/gateA_biomarker_scales_train.csv; common scale s_k per results/pivot/r2/r2_common_scale_formula.txt; mask-failure rules pre-declared in DECISIONS.md 2026-09-18 11:03; 2000-draw paired image bootstrap
segformer_b0,0,chasedb1,False,main,tortuosity_pvbm,sensitivity,8,8,0,0,0.0073323195004892,0.0060515239553262,-0.0026159167777386194,-0.006490346218860644,0.0007417067433688473,,-0.35676524700868395,-0.4322740514703311,-0.35676524700868395,-0.8851695862990722,0.10115581342566454,-0.3599050765820631,-1.6359644025405702,2.265942713838196,2.0403625788900137,-8.364815226050531,11.510687231967946,False,False,1.2268279581561083,0.1763774969767809,11.709765967975716,0.07824941941118214,-0.5423635793389583,0.8089294970541576,0.09567769606177318,-0.9060917323173325,0.8742556288473516,0.11904761904761905,-1.8747313765633375,1.1612008825459696,0.13503410358034584,-0.6429830124426259,4.5058215414335265,0.8612026668074917,"mu_raw in native units; mu_fovnorm in FOV diameters (length-like only); mu_sigma_own uses the frozen per-cohort Gate A sigma; mu_sigma_common uses the common scale s_k. alpha/beta/CCC/r/residual SD/LoA/prop-bias are on the median-centred sigma_own axis, identical to family 1",pivot/r2/segformer_b0/chasedb1/pred/bio.csv vs reference-mask biomarkers of results/pivot/r2/bio_master_full.csv; frozen sigma = results/gateA_biomarker_scales_train.csv; common scale s_k per results/pivot/r2/r2_common_scale_formula.txt; mask-failure rules pre-declared in DECISIONS.md 2026-09-18 11:03; 2000-draw paired image bootstrap
segformer_b0,0,chasedb1,False,main,tortuosity_skan,primary,8,8,0,0,0.0110679345896438,0.0088190223056148,-0.019477893313338462,-0.03615010981406239,-0.0072878553971155125,,-1.7598489723244126,-2.208622751859635,-1.7598489723244128,-3.2662019748370965,-0.658465709034341,-1.2839482370755415,-1.5836621809012055,-0.6289962025713735,0.0873574087807977,-0.09172314495314328,1.1118439722376767,False,False,0.4933479588974258,0.1299916469337286,0.7948438354951196,0.09003853492166262,-0.052543086353380515,0.26423643761129295,0.33696404456950685,-0.23218645489260994,0.9163130494562685,0.4285714285714286,-5.7163858217361705,2.196687877087345,-1.5333580223304029,-1.936988315234568,0.17984378993564454,0.0025033140684244176,"mu_raw in native units; mu_fovnorm in FOV diameters (length-like only); mu_sigma_own uses the frozen per-cohort Gate A sigma; mu_sigma_common uses the common scale s_k. alpha/beta/CCC/r/residual SD/LoA/prop-bias are on the median-centred sigma_own axis, identical to family 1",pivot/r2/segformer_b0/chasedb1/pred/bio.csv vs reference-mask biomarkers of results/pivot/r2/bio_master_full.csv; frozen sigma = results/gateA_biomarker_scales_train.csv; common scale s_k per results/pivot/r2/r2_common_scale_formula.txt; mask-failure rules pre-declared in DECISIONS.md 2026-09-18 11:03; 2000-draw paired image bootstrap
segformer_b0,0,chasedb1,False,main,density_pvbm,sensitivity,8,8,0,0,0.0063018545612913,0.0141383576039809,0.007320694927171776,0.0038472183132753756,0.010577512775368935,,1.161673100508957,0.5177896282033853,1.161673100508957,0.6104898607001571,1.678476180700927,1.1660699975576554,0.317409256494936,1.6729584914426496,0.9535269570462926,0.33149479461806886,1.4374193655493175,False,False,0.8436499121774615,0.15286668159965694,1.0279372541798033,0.7092109290001053,0.2930825258699285,0.7616610515981055,0.8823129107703755,0.7355832279960951,0.9922683366789041,0.9285714285714287,-0.5379154639750185,2.8612616649929326,-0.04460822742519637,-0.9316112847906673,0.3406742377687804,0.8342092282101052,"mu_raw in native units; mu_fovnorm in FOV diameters (length-like only); mu_sigma_own uses the frozen per-cohort Gate A sigma; mu_sigma_common uses the common scale s_k. alpha/beta/CCC/r/residual SD/LoA/prop-bias are on the median-centred sigma_own axis, identical to family 1",pivot/r2/segformer_b0/chasedb1/pred/bio.csv vs reference-mask biomarkers of results/pivot/r2/bio_master_full.csv; frozen sigma = results/gateA_biomarker_scales_train.csv; common scale s_k per results/pivot/r2/r2_common_scale_formula.txt; mask-failure rules pre-declared in DECISIONS.md 2026-09-18 11:03; 2000-draw paired image bootstrap
segformer_b0,0,chasedb1,False,main,density_skan,primary,8,8,0,0,0.0063018545612913,0.0141383576039809,0.007320694927171776,0.0036171346906391393,0.010610085155215575,,1.161673100508957,0.5177896282033853,1.161673100508957,0.5739793985181975,1.6836448781898714,1.1660699975576554,0.2860890093595873,1.6609141969707617,0.9535269570462926,0.3263952976882328,1.4754526950658677,False,False,0.8436499121774615,0.1510398100729326,1.012630516614014,0.7092109290001053,0.2912468793354732,0.761160400508771,0.8823129107703755,0.736204113917641,0.9908425843305106,0.9285714285714287,-0.5379154639750185,2.8612616649929326,-0.04460822742519637,-0.9480920946144742,0.37037868195260465,0.8342092282101052,"mu_raw in native units; mu_fovnorm in FOV diameters (length-like only); mu_sigma_own uses the frozen per-cohort Gate A sigma; mu_sigma_common uses the common scale s_k. alpha/beta/CCC/r/residual SD/LoA/prop-bias are on the median-centred sigma_own axis, identical to family 1",pivot/r2/segformer_b0/chasedb1/pred/bio.csv vs reference-mask biomarkers of results/pivot/r2/bio_master_full.csv; frozen sigma = results/gateA_biomarker_scales_train.csv; common scale s_k per results/pivot/r2/r2_common_scale_formula.txt; mask-failure rules pre-declared in DECISIONS.md 2026-09-18 11:03; 2000-draw paired image bootstrap
segformer_b0,0,chasedb1,False,main,total_length_pvbm,sensitivity,8,8,0,0,1319.4335583567454,1.809602348939848,-2872.641863231993,-3362.103160566876,-2309.170732606066,-3.1244757459358645,-2.1771781118025,-1.7266090242236547,-2.1771781118025,-2.5481413135755933,-1.750122784114998,-2.112801363406384,-2.341802489832393,-1.9617129754102818,0.48855692503614573,0.25448051417686807,0.705608570931095,True,True,0.24756803803599808,0.057985384178467166,0.3057324986394945,0.15192348939942898,0.03621967752250762,0.22089819865602173,0.8941341458713806,0.5318891622977275,0.9930297630866265,0.8095238095238096,-3.3803340493038085,-0.9740221743011916,-0.6594411918826576,-1.0864187188409242,-0.32685933771669395,0.008855626808782834,"mu_raw in native units; mu_fovnorm in FOV diameters (length-like only); mu_sigma_own uses the frozen per-cohort Gate A sigma; mu_sigma_common uses the common scale s_k. alpha/beta/CCC/r/residual SD/LoA/prop-bias are on the median-centred sigma_own axis, identical to family 1",pivot/r2/segformer_b0/chasedb1/pred/bio.csv vs reference-mask biomarkers of results/pivot/r2/bio_master_full.csv; frozen sigma = results/gateA_biomarker_scales_train.csv; common scale s_k per results/pivot/r2/r2_common_scale_formula.txt; mask-failure rules pre-declared in DECISIONS.md 2026-09-18 11:03; 2000-draw paired image bootstrap
segformer_b0,0,chasedb1,False,main,total_length_skan,primary,8,8,0,0,1309.573145146277,2.0642520798536137,-1699.0331246059538,-2106.271687451675,-1217.5815466017275,-1.847926846662669,-1.2973945983110204,-0.8952040618962168,-1.2973945983110204,-1.608365057926114,-0.9297545166640737,-1.2324051338833681,-1.45584113466996,-1.077982920089818,0.6288311830298543,0.4456703385112122,0.8178725606531742,True,True,0.23241510445769004,0.04997556717333316,0.3125740078996259,0.43233514932662415,0.15700403034877847,0.5572810357293871,0.9510923521193081,0.7705845548488004,0.997840819384866,0.9285714285714287,-2.2959613313396177,-0.29882786528242333,-0.44590688150788843,-0.7285357357519916,-0.19477157378956422,0.01102582457236503,"mu_raw in native units; mu_fovnorm in FOV diameters (length-like only); mu_sigma_own uses the frozen per-cohort Gate A sigma; mu_sigma_common uses the common scale s_k. alpha/beta/CCC/r/residual SD/LoA/prop-bias are on the median-centred sigma_own axis, identical to family 1",pivot/r2/segformer_b0/chasedb1/pred/bio.csv vs reference-mask biomarkers of results/pivot/r2/bio_master_full.csv; frozen sigma = results/gateA_biomarker_scales_train.csv; common scale s_k per results/pivot/r2/r2_common_scale_formula.txt; mask-failure rules pre-declared in DECISIONS.md 2026-09-18 11:03; 2000-draw paired image bootstrap
segformer_b0,0,chasedb1,False,sens_no_degen,FD_pvbm,sensitivity,8,8,0,0,0.0186864339974062,0.0213866761354084,-0.025623446289336937,-0.03166690439799461,-0.01897837143838645,,-1.371232536549972,-1.1981032549005601,-1.3712325365499718,-1.6946467368996239,-1.0156229616105874,-1.3586942700996139,-1.55516515504269,-1.169391183514778,0.7347682922963403,0.6063412980624515,0.874626723701154,True,True,0.26890903250270526,0.10713381421158209,0.2956706835700529,0.6035328593388944,0.28122266883285996,0.738936194036825,0.9740003198629651,0.9351529299836056,0.9948519549265502,1.0,-2.3900640222673326,-0.3524010508326112,-0.30202210232324617,-0.48342730573135245,-0.13233044868629848,0.016462395357765364,"mu_raw in native units; mu_fovnorm in FOV diameters (length-like only); mu_sigma_own uses the frozen per-cohort Gate A sigma; mu_sigma_common uses the common scale s_k. alpha/beta/CCC/r/residual SD/LoA/prop-bias are on the median-centred sigma_own axis, identical to family 1",pivot/r2/segformer_b0/chasedb1/pred/bio.csv vs reference-mask biomarkers of results/pivot/r2/bio_master_full.csv; frozen sigma = results/gateA_biomarker_scales_train.csv; common scale s_k per results/pivot/r2/r2_common_scale_formula.txt; mask-failure rules pre-declared in DECISIONS.md 2026-09-18 11:03; 2000-draw paired image bootstrap
segformer_b0,0,chasedb1,False,sens_no_degen,FD_skan,primary,8,8,0,0,0.0233801328199158,0.0270899437148906,-0.03350056240668117,-0.03712508982380906,-0.03019896055531362,,-1.4328645035816276,-1.2366420085349543,-1.4328645035816279,-1.5878904585257512,-1.2916505131908134,-1.4188929705691886,-1.5555555044793563,-1.264857734140097,0.9058614702863135,0.7145033942919821,1.154201558446345,False,False,0.20907643814570728,0.05632912112932603,0.2557870075208673,0.36059360090340625,0.14999261248286191,0.469228327869443,0.9655943934588014,0.9059117758249726,0.996522350221321,1.0,-1.8910361800477762,-0.9746928271154796,-0.09707135798731924,-0.3246319032515676,0.13983616897131357,0.4024558488305318,"mu_raw in native units; mu_fovnorm in FOV diameters (length-like only); mu_sigma_own uses the frozen per-cohort Gate A sigma; mu_sigma_common uses the common scale s_k. alpha/beta/CCC/r/residual SD/LoA/prop-bias are on the median-centred sigma_own axis, identical to family 1",pivot/r2/segformer_b0/chasedb1/pred/bio.csv vs reference-mask biomarkers of results/pivot/r2/bio_master_full.csv; frozen sigma = results/gateA_biomarker_scales_train.csv; common scale s_k per results/pivot/r2/r2_common_scale_formula.txt; mask-failure rules pre-declared in DECISIONS.md 2026-09-18 11:03; 2000-draw paired image bootstrap
segformer_b0,0,chasedb1,False,sens_no_degen,tortuosity_pvbm,sensitivity,8,8,0,0,0.0073323195004892,0.0060515239553262,-0.0026159167777386194,-0.006475802615935637,0.0007554892175719401,,-0.35676524700868395,-0.4322740514703311,-0.35676524700868395,-0.8831860935006423,0.10303550159285,-0.3599050765820631,-1.5995759204559485,1.8751879467695904,2.0403625788900137,-9.860832836234168,8.761233109113112,False,False,1.2268279581561083,0.18154301397890277,8.066545881525188,0.07824941941118214,-0.5756592403473537,0.7946665926288415,0.09567769606177318,-0.9169220807585472,0.8499873506351273,0.11904761904761905,-1.8747313765633375,1.1612008825459696,0.13503410358034584,-0.6560695296142701,4.650121025543807,0.8612026668074917,"mu_raw in native units; mu_fovnorm in FOV diameters (length-like only); mu_sigma_own uses the frozen per-cohort Gate A sigma; mu_sigma_common uses the common scale s_k. alpha/beta/CCC/r/residual SD/LoA/prop-bias are on the median-centred sigma_own axis, identical to family 1",pivot/r2/segformer_b0/chasedb1/pred/bio.csv vs reference-mask biomarkers of results/pivot/r2/bio_master_full.csv; frozen sigma = results/gateA_biomarker_scales_train.csv; common scale s_k per results/pivot/r2/r2_common_scale_formula.txt; mask-failure rules pre-declared in DECISIONS.md 2026-09-18 11:03; 2000-draw paired image bootstrap
segformer_b0,0,chasedb1,False,sens_no_degen,tortuosity_skan,primary,8,8,0,0,0.0110679345896438,0.0088190223056148,-0.019477893313338462,-0.035465733718362924,-0.0075378314142178215,,-1.7598489723244126,-2.208622751859635,-1.7598489723244128,-3.2043678457901263,-0.6810513156872942,-1.2839482370755415,-1.608907400098118,-0.6540791553201407,0.0873574087807977,-0.1046340693947765,0.9182951357761742,True,True,0.4933479588974258,0.08782444322439377,0.7779711419899369,0.09003853492166262,-0.06056921398841914,0.2703706140294162,0.33696404456950685,-0.2226172615927781,0.9523181906583038,0.4285714285714286,-5.7163858217361705,2.196687877087345,-1.5333580223304029,-1.9390223177982209,0.15021286644314752,0.0025033140684244176,"mu_raw in native units; mu_fovnorm in FOV diameters (length-like only); mu_sigma_own uses the frozen per-cohort Gate A sigma; mu_sigma_common uses the common scale s_k. alpha/beta/CCC/r/residual SD/LoA/prop-bias are on the median-centred sigma_own axis, identical to family 1",pivot/r2/segformer_b0/chasedb1/pred/bio.csv vs reference-mask biomarkers of results/pivot/r2/bio_master_full.csv; frozen sigma = results/gateA_biomarker_scales_train.csv; common scale s_k per results/pivot/r2/r2_common_scale_formula.txt; mask-failure rules pre-declared in DECISIONS.md 2026-09-18 11:03; 2000-draw paired image bootstrap
segformer_b0,0,chasedb1,False,sens_no_degen,density_pvbm,sensitivity,8,8,0,0,0.0063018545612913,0.0141383576039809,0.007320694927171776,0.003780452907547266,0.010702914983587372,,1.161673100508957,0.5177896282033853,1.161673100508957,0.5998952960241948,1.6983754352773035,1.1660699975576554,0.29199915573420526,1.6645775722919514,0.9535269570462926,0.3394509762172514,1.4514592646625093,False,False,0.8436499121774615,0.14995610796174294,1.0167639160793243,0.7092109290001053,0.289403219892992,0.7628979447265615,0.8823129107703755,0.7533242137922366,0.9921323366305578,0.9285714285714287,-0.5379154639750185,2.8612616649929326,-0.04460822742519637,-0.910766047687255,0.35056121043645894,0.8342092282101052,"mu_raw in native units; mu_fovnorm in FOV diameters (length-like only); mu_sigma_own uses the frozen per-cohort Gate A sigma; mu_sigma_common uses the common scale s_k. alpha/beta/CCC/r/residual SD/LoA/prop-bias are on the median-centred sigma_own axis, identical to family 1",pivot/r2/segformer_b0/chasedb1/pred/bio.csv vs reference-mask biomarkers of results/pivot/r2/bio_master_full.csv; frozen sigma = results/gateA_biomarker_scales_train.csv; common scale s_k per results/pivot/r2/r2_common_scale_formula.txt; mask-failure rules pre-declared in DECISIONS.md 2026-09-18 11:03; 2000-draw paired image bootstrap
segformer_b0,0,chasedb1,False,sens_no_degen,density_skan,primary,8,8,0,0,0.0063018545612913,0.0141383576039809,0.007320694927171776,0.0035801211808463747,0.010609960923947911,,1.161673100508957,0.5177896282033853,1.161673100508957,0.5681059672238421,1.6836251647441776,1.1660699975576554,0.2876084800874324,1.6611511936639576,0.9535269570462926,0.30648037756390883,1.452413078294657,False,False,0.8436499121774615,0.1519677778323383,1.012630516614014,0.7092109290001053,0.28331079264304265,0.7590902510986319,0.8823129107703755,0.7303243736844673,0.9917093685458637,0.9285714285714287,-0.5379154639750185,2.8612616649929326,-0.04460822742519637,-0.9788585187084579,0.3516822389153573,0.8342092282101052,"mu_raw in native units; mu_fovnorm in FOV diameters (length-like only); mu_sigma_own uses the frozen per-cohort Gate A sigma; mu_sigma_common uses the common scale s_k. alpha/beta/CCC/r/residual SD/LoA/prop-bias are on the median-centred sigma_own axis, identical to family 1",pivot/r2/segformer_b0/chasedb1/pred/bio.csv vs reference-mask biomarkers of results/pivot/r2/bio_master_full.csv; frozen sigma = results/gateA_biomarker_scales_train.csv; common scale s_k per results/pivot/r2/r2_common_scale_formula.txt; mask-failure rules pre-declared in DECISIONS.md 2026-09-18 11:03; 2000-draw paired image bootstrap
segformer_b0,0,chasedb1,False,sens_no_degen,total_length_pvbm,sensitivity,8,8,0,0,1319.4335583567454,1.809602348939848,-2872.641863231993,-3379.3295564137215,-2344.938490698328,-3.1244757459358645,-2.1771781118025,-1.7266090242236547,-2.1771781118025,-2.561197216040511,-1.777231203380011,-2.112801363406384,-2.365446086436988,-1.9624622929388404,0.48855692503614573,0.2502607398564858,0.7143668002962106,True,True,0.24756803803599808,0.05842571915133065,0.30796141207251765,0.15192348939942898,0.03496524570093778,0.22083353302384165,0.8941341458713806,0.5461885884924784,0.9930679546923913,0.8095238095238096,-3.3803340493038085,-0.9740221743011916,-0.6594411918826576,-1.0550547046640006,-0.3050831470787061,0.008855626808782834,"mu_raw in native units; mu_fovnorm in FOV diameters (length-like only); mu_sigma_own uses the frozen per-cohort Gate A sigma; mu_sigma_common uses the common scale s_k. alpha/beta/CCC/r/residual SD/LoA/prop-bias are on the median-centred sigma_own axis, identical to family 1",pivot/r2/segformer_b0/chasedb1/pred/bio.csv vs reference-mask biomarkers of results/pivot/r2/bio_master_full.csv; frozen sigma = results/gateA_biomarker_scales_train.csv; common scale s_k per results/pivot/r2/r2_common_scale_formula.txt; mask-failure rules pre-declared in DECISIONS.md 2026-09-18 11:03; 2000-draw paired image bootstrap
segformer_b0,0,chasedb1,False,sens_no_degen,total_length_skan,primary,8,8,0,0,1309.573145146277,2.0642520798536137,-1699.0331246059538,-2117.941861499946,-1254.6723053344308,-1.847926846662669,-1.2973945983110204,-0.8952040618962168,-1.2973945983110204,-1.6172764914657558,-0.9580773017411609,-1.2324051338833681,-1.456470556236173,-1.075280924042119,0.6288311830298543,0.4683725297951441,0.8255006591395518,True,True,0.23241510445769004,0.04862825594160074,0.31398819844996856,0.43233514932662415,0.15284998948740744,0.5695085776878089,0.9510923521193081,0.7993915527939807,0.997985400951298,0.9285714285714287,-2.2959613313396177,-0.29882786528242333,-0.44590688150788843,-0.6944168674259859,-0.18796917631448473,0.01102582457236503,"mu_raw in native units; mu_fovnorm in FOV diameters (length-like only); mu_sigma_own uses the frozen per-cohort Gate A sigma; mu_sigma_common uses the common scale s_k. alpha/beta/CCC/r/residual SD/LoA/prop-bias are on the median-centred sigma_own axis, identical to family 1",pivot/r2/segformer_b0/chasedb1/pred/bio.csv vs reference-mask biomarkers of results/pivot/r2/bio_master_full.csv; frozen sigma = results/gateA_biomarker_scales_train.csv; common scale s_k per results/pivot/r2/r2_common_scale_formula.txt; mask-failure rules pre-declared in DECISIONS.md 2026-09-18 11:03; 2000-draw paired image bootstrap
segformer_b0,1,chasedb1,False,main,FD_pvbm,sensitivity,8,8,0,0,0.0186864339974062,0.0213866761354084,-0.02676266344737596,-0.03336472448538813,-0.01989789517865712,,-1.4321974674831375,-1.2513708665119272,-1.4321974674831375,-1.7855051686169428,-1.0648310523783764,-1.4185896499724437,-1.656122250860016,-1.22958653316533,0.712143246375342,0.5781351472969929,0.8800314549502409,True,True,0.2950479590830637,0.09584201879390591,0.35822510073253744,0.5713211535907915,0.271685919568129,0.6974208785959586,0.9668032541688132,0.9108157473636899,0.996875045733964,0.9523809523809524,-2.5448654897204293,-0.3195294452458459,-0.33102494997950666,-0.5236830194302721,-0.1258792120098737,0.018435619386391752,"mu_raw in native units; mu_fovnorm in FOV diameters (length-like only); mu_sigma_own uses the frozen per-cohort Gate A sigma; mu_sigma_common uses the common scale s_k. alpha/beta/CCC/r/residual SD/LoA/prop-bias are on the median-centred sigma_own axis, identical to family 1",pivot/r2/segformer_b0/chasedb1_s1/pred/bio.csv vs reference-mask biomarkers of results/pivot/r2/bio_master_full.csv; frozen sigma = results/gateA_biomarker_scales_train.csv; common scale s_k per results/pivot/r2/r2_common_scale_formula.txt; mask-failure rules pre-declared in DECISIONS.md 2026-09-18 11:03; 2000-draw paired image bootstrap
segformer_b0,1,chasedb1,False,main,FD_skan,primary,8,8,0,0,0.0233801328199158,0.0270899437148906,-0.03461793616415865,-0.03717262920449548,-0.03219040353660083,,-1.4806560951043954,-1.2778888183931558,-1.4806560951043957,-1.5899237823333012,-1.3768272312456762,-1.4704412620502392,-1.5706425946134377,-1.310514868989216,0.9311736683345399,0.7812950700107076,1.1746123955701744,False,False,0.1513812983900278,0.05522550016530305,0.1954888966347285,0.3581469686515787,0.1342422309478201,0.45159739786832503,0.9828910554819544,0.9473941427061792,0.9977775968136711,1.0,-1.8094675316993896,-1.1518446585094018,-0.07066655264802911,-0.2438124392904579,0.1565203302728687,0.38687360784421077,"mu_raw in native units; mu_fovnorm in FOV diameters (length-like only); mu_sigma_own uses the frozen per-cohort Gate A sigma; mu_sigma_common uses the common scale s_k. alpha/beta/CCC/r/residual SD/LoA/prop-bias are on the median-centred sigma_own axis, identical to family 1",pivot/r2/segformer_b0/chasedb1_s1/pred/bio.csv vs reference-mask biomarkers of results/pivot/r2/bio_master_full.csv; frozen sigma = results/gateA_biomarker_scales_train.csv; common scale s_k per results/pivot/r2/r2_common_scale_formula.txt; mask-failure rules pre-declared in DECISIONS.md 2026-09-18 11:03; 2000-draw paired image bootstrap
segformer_b0,1,chasedb1,False,main,tortuosity_pvbm,sensitivity,8,8,0,0,0.0073323195004892,0.0060515239553262,-1.0932485932646507e-05,-0.0024401094662366693,0.0033638773088605547,,-0.0014909996668744604,-0.0018065674057233746,-0.0014909996668744374,-0.3327882078889047,0.458773967587763,0.001542276192997594,-0.3269928424996021,0.18964616839417348,-0.005056682953990218,-0.5890572932498119,0.9420084430053034,True,True,0.3133199700959337,0.09156862853079839,0.3719157722372821,-0.00521279033090415,-0.5149636663700502,0.7259170800466256,-0.006083107599210979,-0.753026586418927,0.9372718010592097,0.2142857142857143,-1.2523670359062622,1.2493850365725134,-1.0362534077444392,-2.6856368554693595,-0.03266702269520617,0.19109048807379103,"mu_raw in native units; mu_fovnorm in FOV diameters (length-like only); mu_sigma_own uses the frozen per-cohort Gate A sigma; mu_sigma_common uses the common scale s_k. alpha/beta/CCC/r/residual SD/LoA/prop-bias are on the median-centred sigma_own axis, identical to family 1",pivot/r2/segformer_b0/chasedb1_s1/pred/bio.csv vs reference-mask biomarkers of results/pivot/r2/bio_master_full.csv; frozen sigma = results/gateA_biomarker_scales_train.csv; common scale s_k per results/pivot/r2/r2_common_scale_formula.txt; mask-failure rules pre-declared in DECISIONS.md 2026-09-18 11:03; 2000-draw paired image bootstrap
segformer_b0,1,chasedb1,False,main,tortuosity_skan,primary,8,8,0,0,0.0110679345896438,0.0088190223056148,-0.01749156178046815,-0.03357895497940441,-0.006482699070459369,,-1.5803817450127415,-1.9833901281020474,-1.5803817450127415,-3.0338953223326817,-0.5857189539704357,-1.120376154816014,-1.5179882823236566,-0.494409590142286,0.1178397873394424,-0.04508466212185262,1.1203404422591503,False,False,0.6558362970499088,0.1661734510930744,0.7711462584685932,0.12335759178230687,-0.04795860717145023,0.5817262652073554,0.32861120319199777,-0.20015190276773545,0.9730048931905961,0.4761904761904762,-5.530734501829842,2.3699710118043598,-1.3554628952125531,-2.0067904346672893,0.0894316325858011,0.011841644061874029,"mu_raw in native units; mu_fovnorm in FOV diameters (length-like only); mu_sigma_own uses the frozen per-cohort Gate A sigma; mu_sigma_common uses the common scale s_k. alpha/beta/CCC/r/residual SD/LoA/prop-bias are on the median-centred sigma_own axis, identical to family 1",pivot/r2/segformer_b0/chasedb1_s1/pred/bio.csv vs reference-mask biomarkers of results/pivot/r2/bio_master_full.csv; frozen sigma = results/gateA_biomarker_scales_train.csv; common scale s_k per results/pivot/r2/r2_common_scale_formula.txt; mask-failure rules pre-declared in DECISIONS.md 2026-09-18 11:03; 2000-draw paired image bootstrap
segformer_b0,1,chasedb1,False,main,density_pvbm,sensitivity,8,8,0,0,0.0063018545612913,0.0141383576039809,0.008879517426984737,0.005511557387944998,0.012080260133190272,,1.4090324269821382,0.6280444784113082,1.4090324269821382,0.8745929209155909,1.9169373103899325,1.4130281603177997,0.6717697216782331,1.9101767960559162,0.9577670605240298,0.41830917335288786,1.4016178653418168,False,False,0.7778827340017849,0.2021786275788098,0.9744799015342734,0.6635300072201702,0.2939166552557013,0.7348467432919826,0.9006959094099906,0.7764738948512295,0.9924616449668793,0.8571428571428572,-0.15471241551431936,2.9727772694785957,-0.040892663611751444,-0.7898855944352212,0.31602221326261964,0.8337623821491861,"mu_raw in native units; mu_fovnorm in FOV diameters (length-like only); mu_sigma_own uses the frozen per-cohort Gate A sigma; mu_sigma_common uses the common scale s_k. alpha/beta/CCC/r/residual SD/LoA/prop-bias are on the median-centred sigma_own axis, identical to family 1",pivot/r2/segformer_b0/chasedb1_s1/pred/bio.csv vs reference-mask biomarkers of results/pivot/r2/bio_master_full.csv; frozen sigma = results/gateA_biomarker_scales_train.csv; common scale s_k per results/pivot/r2/r2_common_scale_formula.txt; mask-failure rules pre-declared in DECISIONS.md 2026-09-18 11:03; 2000-draw paired image bootstrap
segformer_b0,1,chasedb1,False,main,density_skan,primary,8,8,0,0,0.0063018545612913,0.0141383576039809,0.008879517426984737,0.005451242824912108,0.011975803188265308,,1.4090324269821382,0.6280444784113082,1.4090324269821382,0.8650219981901811,1.9003617223770668,1.4130281603177997,0.6716474725432502,1.9051592326012898,0.9577670605240298,0.4191779172180416,1.4141306359470243,False,False,0.7778827340017849,0.20722274643596034,0.9809646440693318,0.6635300072201702,0.2698049896077487,0.7354494998809971,0.9006959094099906,0.759499531185736,0.9903118123637518,0.8571428571428572,-0.15471241551431936,2.9727772694785957,-0.040892663611751444,-0.7788930581199763,0.3132517248457458,0.8337623821491861,"mu_raw in native units; mu_fovnorm in FOV diameters (length-like only); mu_sigma_own uses the frozen per-cohort Gate A sigma; mu_sigma_common uses the common scale s_k. alpha/beta/CCC/r/residual SD/LoA/prop-bias are on the median-centred sigma_own axis, identical to family 1",pivot/r2/segformer_b0/chasedb1_s1/pred/bio.csv vs reference-mask biomarkers of results/pivot/r2/bio_master_full.csv; frozen sigma = results/gateA_biomarker_scales_train.csv; common scale s_k per results/pivot/r2/r2_common_scale_formula.txt; mask-failure rules pre-declared in DECISIONS.md 2026-09-18 11:03; 2000-draw paired image bootstrap
segformer_b0,1,chasedb1,False,main,total_length_pvbm,sensitivity,8,8,0,0,1319.4335583567454,1.809602348939848,-2789.432970782072,-3304.162496341105,-2197.711575670874,-3.033732003659427,-2.1141140098453306,-1.6764633431409575,-2.1141140098453306,-2.5042280268027963,-1.665647778739202,-2.0585906166713204,-2.321092941648092,-1.8024725291552672,0.5588926802793301,0.23725548973911617,1.0129037943242762,False,False,0.3856880504167567,0.14021792237465144,0.461332219116444,0.16794517862390704,0.030087715182850742,0.25314055387732154,0.8115708236425813,0.39290481158648843,0.9644039414682136,0.880952380952381,-3.3857906788529197,-0.8424373408377417,-0.5175643569249756,-1.068493862309617,0.012392291270376273,0.08124248442872607,"mu_raw in native units; mu_fovnorm in FOV diameters (length-like only); mu_sigma_own uses the frozen per-cohort Gate A sigma; mu_sigma_common uses the common scale s_k. alpha/beta/CCC/r/residual SD/LoA/prop-bias are on the median-centred sigma_own axis, identical to family 1",pivot/r2/segformer_b0/chasedb1_s1/pred/bio.csv vs reference-mask biomarkers of results/pivot/r2/bio_master_full.csv; frozen sigma = results/gateA_biomarker_scales_train.csv; common scale s_k per results/pivot/r2/r2_common_scale_formula.txt; mask-failure rules pre-declared in DECISIONS.md 2026-09-18 11:03; 2000-draw paired image bootstrap
segformer_b0,1,chasedb1,False,main,total_length_skan,primary,8,8,0,0,1309.573145146277,2.0642520798536137,-1759.6384636652815,-2155.979659058254,-1311.1617438044282,-1.9138697559082352,-1.3436732955215975,-0.9271492443132026,-1.3436732955215975,-1.6463224425829495,-1.0012130660009628,-1.2767824093595013,-1.4536427423575151,-1.1272990116037378,0.6179717543216734,0.4359215263610817,0.775410529117176,True,True,0.21758504629439854,0.06808860088848331,0.2597883959256195,0.4135012505105775,0.13886513771345757,0.5397436101354008,0.9555500115818157,0.8181915607194494,0.9957439001679327,0.9285714285714287,-2.34715878363743,-0.3401878074057654,-0.4630938394929193,-0.7408579750137724,-0.2474177914051694,0.007364186832258051,"mu_raw in native units; mu_fovnorm in FOV diameters (length-like only); mu_sigma_own uses the frozen per-cohort Gate A sigma; mu_sigma_common uses the common scale s_k. alpha/beta/CCC/r/residual SD/LoA/prop-bias are on the median-centred sigma_own axis, identical to family 1",pivot/r2/segformer_b0/chasedb1_s1/pred/bio.csv vs reference-mask biomarkers of results/pivot/r2/bio_master_full.csv; frozen sigma = results/gateA_biomarker_scales_train.csv; common scale s_k per results/pivot/r2/r2_common_scale_formula.txt; mask-failure rules pre-declared in DECISIONS.md 2026-09-18 11:03; 2000-draw paired image bootstrap
segformer_b0,1,chasedb1,False,sens_no_degen,FD_pvbm,sensitivity,8,8,0,0,0.0186864339974062,0.0213866761354084,-0.02676266344737596,-0.03295530450071824,-0.01954772234684387,,-1.4321974674831375,-1.2513708665119272,-1.4321974674831375,-1.7635951570691686,-1.0460916378993026,-1.4185896499724437,-1.639392719794197,-1.2237451030721098,0.712143246375342,0.5766699294682316,0.8711431171599668,True,True,0.2950479590830637,0.10250543005815933,0.35579635805753823,0.5713211535907915,0.2681770423722877,0.6972099028474423,0.9668032541688132,0.9092799972375225,0.9955800120647018,0.9523809523809524,-2.5448654897204293,-0.3195294452458459,-0.33102494997950666,-0.531117868697903,-0.1362325918753923,0.018435619386391752,"mu_raw in native units; mu_fovnorm in FOV diameters (length-like only); mu_sigma_own uses the frozen per-cohort Gate A sigma; mu_sigma_common uses the common scale s_k. alpha/beta/CCC/r/residual SD/LoA/prop-bias are on the median-centred sigma_own axis, identical to family 1",pivot/r2/segformer_b0/chasedb1_s1/pred/bio.csv vs reference-mask biomarkers of results/pivot/r2/bio_master_full.csv; frozen sigma = results/gateA_biomarker_scales_train.csv; common scale s_k per results/pivot/r2/r2_common_scale_formula.txt; mask-failure rules pre-declared in DECISIONS.md 2026-09-18 11:03; 2000-draw paired image bootstrap
segformer_b0,1,chasedb1,False,sens_no_degen,FD_skan,primary,8,8,0,0,0.0233801328199158,0.0270899437148906,-0.03461793616415865,-0.037260762153389915,-0.03218849717601306,,-1.4806560951043954,-1.2778888183931558,-1.4806560951043957,-1.593693348125475,-1.3767456936170213,-1.4704412620502392,-1.5824456011524366,-1.3149886624995348,0.9311736683345399,0.7891287238271428,1.1401352627283086,False,False,0.1513812983900278,0.05369646329876097,0.19179312972093598,0.3581469686515787,0.1401970691549995,0.45864893863315404,0.9828910554819544,0.9492962056246316,0.9977042129378043,1.0,-1.8094675316993896,-1.1518446585094018,-0.07066655264802911,-0.23388354225680463,0.1267647810481101,0.38687360784421077,"mu_raw in native units; mu_fovnorm in FOV diameters (length-like only); mu_sigma_own uses the frozen per-cohort Gate A sigma; mu_sigma_common uses the common scale s_k. alpha/beta/CCC/r/residual SD/LoA/prop-bias are on the median-centred sigma_own axis, identical to family 1",pivot/r2/segformer_b0/chasedb1_s1/pred/bio.csv vs reference-mask biomarkers of results/pivot/r2/bio_master_full.csv; frozen sigma = results/gateA_biomarker_scales_train.csv; common scale s_k per results/pivot/r2/r2_common_scale_formula.txt; mask-failure rules pre-declared in DECISIONS.md 2026-09-18 11:03; 2000-draw paired image bootstrap
segformer_b0,1,chasedb1,False,sens_no_degen,tortuosity_pvbm,sensitivity,8,8,0,0,0.0073323195004892,0.0060515239553262,-1.0932485932646507e-05,-0.0024797603386048916,0.0034784502634460893,,-0.0014909996668744604,-0.0018065674057233746,-0.0014909996668744374,-0.3381958926420823,0.47439971256217267,0.001542276192997594,-0.3219780169860417,0.19619378783163224,-0.005056682953990218,-0.5593827009814465,0.9326813825106443,True,True,0.3133199700959337,0.0989557590621434,0.3733667238728118,-0.00521279033090415,-0.5055154408208169,0.7318308190917984,-0.006083107599210979,-0.7175886541664286,0.9266896099549177,0.2142857142857143,-1.2523670359062622,1.2493850365725134,-1.0362534077444392,-2.5998188826082473,-0.045570143637987545,0.19109048807379103,"mu_raw in native units; mu_fovnorm in FOV diameters (length-like only); mu_sigma_own uses the frozen per-cohort Gate A sigma; mu_sigma_common uses the common scale s_k. alpha/beta/CCC/r/residual SD/LoA/prop-bias are on the median-centred sigma_own axis, identical to family 1",pivot/r2/segformer_b0/chasedb1_s1/pred/bio.csv vs reference-mask biomarkers of results/pivot/r2/bio_master_full.csv; frozen sigma = results/gateA_biomarker_scales_train.csv; common scale s_k per results/pivot/r2/r2_common_scale_formula.txt; mask-failure rules pre-declared in DECISIONS.md 2026-09-18 11:03; 2000-draw paired image bootstrap
segformer_b0,1,chasedb1,False,sens_no_degen,tortuosity_skan,primary,8,8,0,0,0.0110679345896438,0.0088190223056148,-0.01749156178046815,-0.034054214303773186,-0.0065166716342054095,,-1.5803817450127415,-1.9833901281020474,-1.5803817450127415,-3.0768355222877366,-0.5887884122754954,-1.120376154816014,-1.5095981389278466,-0.5150946893204348,0.1178397873394424,-0.04873301981765192,1.1100410220807488,False,False,0.6558362970499088,0.13883440772388625,0.7637855736347391,0.12335759178230687,-0.04795848925073305,0.5793677384132363,0.32861120319199777,-0.21069659847237654,0.9749429897485611,0.4761904761904762,-5.530734501829842,2.3699710118043598,-1.3554628952125531,-2.0077018612687025,0.08495161504328237,0.011841644061874029,"mu_raw in native units; mu_fovnorm in FOV diameters (length-like only); mu_sigma_own uses the frozen per-cohort Gate A sigma; mu_sigma_common uses the common scale s_k. alpha/beta/CCC/r/residual SD/LoA/prop-bias are on the median-centred sigma_own axis, identical to family 1",pivot/r2/segformer_b0/chasedb1_s1/pred/bio.csv vs reference-mask biomarkers of results/pivot/r2/bio_master_full.csv; frozen sigma = results/gateA_biomarker_scales_train.csv; common scale s_k per results/pivot/r2/r2_common_scale_formula.txt; mask-failure rules pre-declared in DECISIONS.md 2026-09-18 11:03; 2000-draw paired image bootstrap
segformer_b0,1,chasedb1,False,sens_no_degen,density_pvbm,sensitivity,8,8,0,0,0.0063018545612913,0.0141383576039809,0.008879517426984737,0.005242917128344617,0.012121623316314499,,1.4090324269821382,0.6280444784113082,1.4090324269821382,0.8319641587016094,1.9235009628388953,1.4130281603177997,0.6170656382725968,1.9146048435419405,0.9577670605240298,0.42521681146192364,1.4458774259913842,False,False,0.7778827340017849,0.20742037468615196,0.9919638388639679,0.6635300072201702,0.2687633111528674,0.7371650984139244,0.9006959094099906,0.7666741203076859,0.9921087191840587,0.8571428571428572,-0.15471241551431936,2.9727772694785957,-0.040892663611751444,-0.7726022689037939,0.3358248445258206,0.8337623821491861,"mu_raw in native units; mu_fovnorm in FOV diameters (length-like only); mu_sigma_own uses the frozen per-cohort Gate A sigma; mu_sigma_common uses the common scale s_k. alpha/beta/CCC/r/residual SD/LoA/prop-bias are on the median-centred sigma_own axis, identical to family 1",pivot/r2/segformer_b0/chasedb1_s1/pred/bio.csv vs reference-mask biomarkers of results/pivot/r2/bio_master_full.csv; frozen sigma = results/gateA_biomarker_scales_train.csv; common scale s_k per results/pivot/r2/r2_common_scale_formula.txt; mask-failure rules pre-declared in DECISIONS.md 2026-09-18 11:03; 2000-draw paired image bootstrap
segformer_b0,1,chasedb1,False,sens_no_degen,density_skan,primary,8,8,0,0,0.0063018545612913,0.0141383576039809,0.008879517426984737,0.005438705978711443,0.011897202132194678,,1.4090324269821382,0.6280444784113082,1.4090324269821382,0.8630326082290622,1.8878890359153018,1.4130281603177997,0.6166354790008626,1.8832474385403442,0.9577670605240298,0.4201905104615675,1.4206782046361481,False,False,0.7778827340017849,0.2176233545360573,0.9850513186187344,0.6635300072201702,0.2826366481725299,0.7336302886000082,0.9006959094099906,0.7717500105836103,0.9900296295440374,0.8571428571428572,-0.15471241551431936,2.9727772694785957,-0.040892663611751444,-0.776463647571951,0.3263675241715876,0.8337623821491861,"mu_raw in native units; mu_fovnorm in FOV diameters (length-like only); mu_sigma_own uses the frozen per-cohort Gate A sigma; mu_sigma_common uses the common scale s_k. alpha/beta/CCC/r/residual SD/LoA/prop-bias are on the median-centred sigma_own axis, identical to family 1",pivot/r2/segformer_b0/chasedb1_s1/pred/bio.csv vs reference-mask biomarkers of results/pivot/r2/bio_master_full.csv; frozen sigma = results/gateA_biomarker_scales_train.csv; common scale s_k per results/pivot/r2/r2_common_scale_formula.txt; mask-failure rules pre-declared in DECISIONS.md 2026-09-18 11:03; 2000-draw paired image bootstrap
segformer_b0,1,chasedb1,False,sens_no_degen,total_length_pvbm,sensitivity,8,8,0,0,1319.4335583567454,1.809602348939848,-2789.432970782072,-3320.728752942507,-2247.5837311318264,-3.033732003659427,-2.1141140098453306,-1.6764633431409575,-2.1141140098453306,-2.516783609080114,-1.7034459347320392,-2.0585906166713204,-2.329784252110669,-1.7882445529506596,0.5588926802793301,0.26126591121428205,1.0455480440357057,False,False,0.3856880504167567,0.14801420374041302,0.4592220980050723,0.16794517862390704,0.037169631306839104,0.25196194499007857,0.8115708236425813,0.46283018135210446,0.9625462766482704,0.880952380952381,-3.3857906788529197,-0.8424373408377417,-0.5175643569249756,-1.0415971760350011,0.04339237014624746,0.08124248442872607,"mu_raw in native units; mu_fovnorm in FOV diameters (length-like only); mu_sigma_own uses the frozen per-cohort Gate A sigma; mu_sigma_common uses the common scale s_k. alpha/beta/CCC/r/residual SD/LoA/prop-bias are on the median-centred sigma_own axis, identical to family 1",pivot/r2/segformer_b0/chasedb1_s1/pred/bio.csv vs reference-mask biomarkers of results/pivot/r2/bio_master_full.csv; frozen sigma = results/gateA_biomarker_scales_train.csv; common scale s_k per results/pivot/r2/r2_common_scale_formula.txt; mask-failure rules pre-declared in DECISIONS.md 2026-09-18 11:03; 2000-draw paired image bootstrap
segformer_b0,1,chasedb1,False,sens_no_degen,total_length_skan,primary,8,8,0,0,1309.573145146277,2.0642520798536137,-1759.6384636652815,-2182.803860266211,-1286.7742496849883,-1.9138697559082352,-1.3436732955215975,-0.9271492443132026,-1.3436732955215975,-1.666805606358395,-0.9825905902653935,-1.2767824093595013,-1.4655340673796569,-1.1312356501525684,0.6179717543216734,0.4225674062426071,0.7693018053667308,True,True,0.21758504629439854,0.07153492141740492,0.25887523540428653,0.4135012505105775,0.14291600511855593,0.5350589926441952,0.9555500115818157,0.7903109900057208,0.9949159248471485,0.9285714285714287,-2.34715878363743,-0.3401878074057654,-0.4630938394929193,-0.7697406806364654,-0.25538692153055614,0.007364186832258051,"mu_raw in native units; mu_fovnorm in FOV diameters (length-like only); mu_sigma_own uses the frozen per-cohort Gate A sigma; mu_sigma_common uses the common scale s_k. alpha/beta/CCC/r/residual SD/LoA/prop-bias are on the median-centred sigma_own axis, identical to family 1",pivot/r2/segformer_b0/chasedb1_s1/pred/bio.csv vs reference-mask biomarkers of results/pivot/r2/bio_master_full.csv; frozen sigma = results/gateA_biomarker_scales_train.csv; common scale s_k per results/pivot/r2/r2_common_scale_formula.txt; mask-failure rules pre-declared in DECISIONS.md 2026-09-18 11:03; 2000-draw paired image bootstrap
segformer_b0,0,drive,False,main,FD_pvbm,sensitivity,20,20,0,0,0.0163028808068075,0.0213866761354084,-0.035894722175345915,-0.043163720522540874,-0.028217672238304074,,-2.201741066545586,-1.6783684359402429,-2.201741066545586,-2.6476130834813705,-1.7308396333561722,-2.204628562584298,-2.8147577014059793,-1.6954907013713783,0.9763837285955713,0.18738476785439187,2.800616891675798,False,False,1.0707428846977387,0.5874439436955701,2.117914502782286,0.11868205466800155,0.02165049671918933,0.22723958699359084,0.4185987939986503,0.08413926718989193,0.6926853712665042,0.5218045112781955,-4.325541205841407,-0.07794092724976487,-0.014105391068409233,-0.6565919802969035,0.6280344178190892,0.9632342918218275,"mu_raw in native units; mu_fovnorm in FOV diameters (length-like only); mu_sigma_own uses the frozen per-cohort Gate A sigma; mu_sigma_common uses the common scale s_k. alpha/beta/CCC/r/residual SD/LoA/prop-bias are on the median-centred sigma_own axis, identical to family 1",pivot/r2/segformer_b0/drive/pred/bio.csv vs reference-mask biomarkers of results/pivot/r2/bio_master_full.csv; frozen sigma = results/gateA_biomarker_scales_train.csv; common scale s_k per results/pivot/r2/r2_common_scale_formula.txt; mask-failure rules pre-declared in DECISIONS.md 2026-09-18 11:03; 2000-draw paired image bootstrap
segformer_b0,0,drive,False,main,FD_skan,primary,20,20,0,0,0.0304698363878889,0.0270899437148906,-0.07938452714720876,-0.09158819597874468,-0.06658056229322663,,-2.6053479951983722,-2.9304057617356087,-2.6053479951983727,-3.0058643838057826,-2.185130285756669,-2.657784214114689,-3.1207969732570597,-2.1668382329062643,0.7033195778960545,0.07442828896124452,2.952202807559679,False,False,0.8098953406124555,0.4760364734960138,2.0340314627813076,0.05551724103536927,0.0037400870894945515,0.11546953434950832,0.3454598670137614,0.035845160876831046,0.615361200167248,0.45112781954887216,-4.472310927181193,-0.7383850632155522,-0.18343821158571005,-0.8604400376195543,0.51865782286385,0.5816545774073291,"mu_raw in native units; mu_fovnorm in FOV diameters (length-like only); mu_sigma_own uses the frozen per-cohort Gate A sigma; mu_sigma_common uses the common scale s_k. alpha/beta/CCC/r/residual SD/LoA/prop-bias are on the median-centred sigma_own axis, identical to family 1",pivot/r2/segformer_b0/drive/pred/bio.csv vs reference-mask biomarkers of results/pivot/r2/bio_master_full.csv; frozen sigma = results/gateA_biomarker_scales_train.csv; common scale s_k per results/pivot/r2/r2_common_scale_formula.txt; mask-failure rules pre-declared in DECISIONS.md 2026-09-18 11:03; 2000-draw paired image bootstrap
segformer_b0,0,drive,False,main,tortuosity_pvbm,sensitivity,20,20,0,0,0.0160624892914302,0.0060515239553262,-0.009089621860172448,-0.01413541699783395,-0.004695328458657391,,-0.5658912323771648,-1.502038482748183,-0.5658912323771648,-0.8800265476519633,-0.29231636351424584,-0.5410218669705397,-0.808655238926355,-0.2673395044194683,0.6924951354307533,0.30970972368832905,1.4292640220128021,False,False,0.5812498872951422,0.38860668289858524,0.8544707791065742,0.36044576085586105,0.11077890697661058,0.5980820984799194,0.4962518474298015,0.18268459069405177,0.7274816268523446,0.5654135338345864,-1.9357349072179464,0.8039524424636169,-0.24642514880396763,-0.672047157850499,0.20138201183565016,0.3741800093294917,"mu_raw in native units; mu_fovnorm in FOV diameters (length-like only); mu_sigma_own uses the frozen per-cohort Gate A sigma; mu_sigma_common uses the common scale s_k. alpha/beta/CCC/r/residual SD/LoA/prop-bias are on the median-centred sigma_own axis, identical to family 1",pivot/r2/segformer_b0/drive/pred/bio.csv vs reference-mask biomarkers of results/pivot/r2/bio_master_full.csv; frozen sigma = results/gateA_biomarker_scales_train.csv; common scale s_k per results/pivot/r2/r2_common_scale_formula.txt; mask-failure rules pre-declared in DECISIONS.md 2026-09-18 11:03; 2000-draw paired image bootstrap
segformer_b0,0,drive,False,main,tortuosity_skan,primary,20,20,0,0,0.0176537846637452,0.0088190223056148,-0.020339813695392183,-0.03985307194137395,-0.007497258527590717,,-1.1521503225970102,-2.3063569849962224,-1.1521503225970102,-2.257480347725009,-0.42468279014343635,-0.527000543882475,-0.8548760818738884,-0.20804368612511065,0.05511302639330156,-0.023147905446642053,1.1813533094835764,False,False,0.7276793472962609,0.4319900250426963,0.8636317783017015,0.07348897554196117,-0.03237052673942215,0.5763323133999675,0.15797012783714412,-0.11278210437744353,0.7832391510553841,0.6030075187969924,-5.733641020506461,3.4293403753124405,-1.5024546758456265,-1.92894373031776,0.10379941947879824,8.489603077191335e-06,"mu_raw in native units; mu_fovnorm in FOV diameters (length-like only); mu_sigma_own uses the frozen per-cohort Gate A sigma; mu_sigma_common uses the common scale s_k. alpha/beta/CCC/r/residual SD/LoA/prop-bias are on the median-centred sigma_own axis, identical to family 1",pivot/r2/segformer_b0/drive/pred/bio.csv vs reference-mask biomarkers of results/pivot/r2/bio_master_full.csv; frozen sigma = results/gateA_biomarker_scales_train.csv; common scale s_k per results/pivot/r2/r2_common_scale_formula.txt; mask-failure rules pre-declared in DECISIONS.md 2026-09-18 11:03; 2000-draw paired image bootstrap
segformer_b0,0,drive,False,main,density_pvbm,sensitivity,20,20,0,0,0.0143081472796088,0.0141383576039809,0.008050142539063086,0.0018276481532405922,0.01447781627493403,,0.562626479987085,0.569383146511758,0.5626264799870849,0.12773478756716872,1.0118582086142647,0.5558967739791271,-0.7612212518647016,1.438350317804081,0.7323868364691971,-4.78616567736915,8.931160382869304,False,False,0.905866781213702,0.46324692006755724,10.148157072940629,0.17245625483618968,-0.17558730241012108,0.4625597854388388,0.21466028050835706,-0.23224273350980812,0.572523624074589,0.14586466165413534,-1.4767505637050151,2.602003523679185,-0.11165680507855744,-0.9290654761898931,0.7413654568197001,0.7712715954143778,"mu_raw in native units; mu_fovnorm in FOV diameters (length-like only); mu_sigma_own uses the frozen per-cohort Gate A sigma; mu_sigma_common uses the common scale s_k. alpha/beta/CCC/r/residual SD/LoA/prop-bias are on the median-centred sigma_own axis, identical to family 1",pivot/r2/segformer_b0/drive/pred/bio.csv vs reference-mask biomarkers of results/pivot/r2/bio_master_full.csv; frozen sigma = results/gateA_biomarker_scales_train.csv; common scale s_k per results/pivot/r2/r2_common_scale_formula.txt; mask-failure rules pre-declared in DECISIONS.md 2026-09-18 11:03; 2000-draw paired image bootstrap
segformer_b0,0,drive,False,main,density_skan,primary,20,20,0,0,0.0143081472796088,0.0141383576039809,0.008050142539063086,0.001675136783337103,0.01469679172118325,,0.562626479987085,0.569383146511758,0.5626264799870849,0.11707572969453683,1.0271624574432727,0.5558967739791271,-0.6258504093400158,1.6094904046533844,0.7323868364691971,-7.097724791485022,9.585069121237716,False,False,0.905866781213702,0.46958504551133345,10.331879223963384,0.17245625483618968,-0.16506780081478908,0.46174660079847063,0.21466028050835706,-0.23814934654166384,0.5853736087586072,0.14586466165413534,-1.4767505637050151,2.602003523679185,-0.11165680507855744,-0.8844029354986591,0.7744061971371099,0.7712715954143778,"mu_raw in native units; mu_fovnorm in FOV diameters (length-like only); mu_sigma_own uses the frozen per-cohort Gate A sigma; mu_sigma_common uses the common scale s_k. alpha/beta/CCC/r/residual SD/LoA/prop-bias are on the median-centred sigma_own axis, identical to family 1",pivot/r2/segformer_b0/drive/pred/bio.csv vs reference-mask biomarkers of results/pivot/r2/bio_master_full.csv; frozen sigma = results/gateA_biomarker_scales_train.csv; common scale s_k per results/pivot/r2/r2_common_scale_formula.txt; mask-failure rules pre-declared in DECISIONS.md 2026-09-18 11:03; 2000-draw paired image bootstrap
segformer_b0,0,drive,False,main,total_length_pvbm,sensitivity,20,20,0,0,1197.6692567106925,1.809602348939848,-3167.6879056631456,-3452.4878322822788,-2872.687867756977,-5.892590697661528,-2.644877029208347,-3.2562903673913164,-2.6448770292083474,-2.8826721675767764,-2.3985652563601705,-2.642791094208269,-2.873727070685534,-2.4341984600668694,0.42657469112294283,-0.034105452341721146,1.9047702036876843,False,False,0.41028405388583117,0.23132172251427394,0.7531217416614644,0.017997062778893666,-0.0019634197571798398,0.03599106127973373,0.30625563744980605,-0.04183865914860071,0.5996932520219836,0.30075187969924805,-3.7864723139493446,-1.5032817444673503,-0.435527965869472,-1.257025893755183,0.3272714520987422,0.20708693690226798,"mu_raw in native units; mu_fovnorm in FOV diameters (length-like only); mu_sigma_own uses the frozen per-cohort Gate A sigma; mu_sigma_common uses the common scale s_k. alpha/beta/CCC/r/residual SD/LoA/prop-bias are on the median-centred sigma_own axis, identical to family 1",pivot/r2/segformer_b0/drive/pred/bio.csv vs reference-mask biomarkers of results/pivot/r2/bio_master_full.csv; frozen sigma = results/gateA_biomarker_scales_train.csv; common scale s_k per results/pivot/r2/r2_common_scale_formula.txt; mask-failure rules pre-declared in DECISIONS.md 2026-09-18 11:03; 2000-draw paired image bootstrap
segformer_b0,0,drive,False,main,total_length_skan,primary,20,20,0,0,1348.7538444287072,2.0642520798536137,-2962.8513362497224,-3389.7837548191765,-2534.6503913375323,-5.511248670253537,-2.1967324493556495,-2.6698525456466378,-2.1967324493556495,-2.51327087505355,-1.8792535063439515,-2.1957348594240664,-2.414003120189871,-1.9908255395834944,0.2599497112324047,-0.12513073995611665,1.0934045767774643,False,False,0.44014173108378857,0.27918441468661565,0.6702384266848128,0.029185356653148968,-0.01098983159380525,0.06654800555292446,0.2632085951706841,-0.1428467673489381,0.5646583464079037,0.27368421052631575,-3.638260041264935,-0.7552048574463641,-0.6896242949503887,-1.3839201194202506,0.06959454938800727,0.05249925726674456,"mu_raw in native units; mu_fovnorm in FOV diameters (length-like only); mu_sigma_own uses the frozen per-cohort Gate A sigma; mu_sigma_common uses the common scale s_k. alpha/beta/CCC/r/residual SD/LoA/prop-bias are on the median-centred sigma_own axis, identical to family 1",pivot/r2/segformer_b0/drive/pred/bio.csv vs reference-mask biomarkers of results/pivot/r2/bio_master_full.csv; frozen sigma = results/gateA_biomarker_scales_train.csv; common scale s_k per results/pivot/r2/r2_common_scale_formula.txt; mask-failure rules pre-declared in DECISIONS.md 2026-09-18 11:03; 2000-draw paired image bootstrap
segformer_b0,0,drive,False,sens_no_degen,FD_pvbm,sensitivity,20,20,0,0,0.0163028808068075,0.0213866761354084,-0.035894722175345915,-0.04330663646950633,-0.02798400353068202,,-2.201741066545586,-1.6783684359402429,-2.201741066545586,-2.656379383662244,-1.716506662981729,-2.204628562584298,-2.7661458232417555,-1.6602836763543602,0.9763837285955713,0.19942887935414727,2.693335333985402,False,False,1.0707428846977387,0.5838444906369515,2.024804928361672,0.11868205466800155,0.022224798402432643,0.22894721119062464,0.4185987939986503,0.09930936827895305,0.6902939806317845,0.5218045112781955,-4.325541205841407,-0.07794092724976487,-0.014105391068409233,-0.6443184561621503,0.5658981585141186,0.9632342918218275,"mu_raw in native units; mu_fovnorm in FOV diameters (length-like only); mu_sigma_own uses the frozen per-cohort Gate A sigma; mu_sigma_common uses the common scale s_k. alpha/beta/CCC/r/residual SD/LoA/prop-bias are on the median-centred sigma_own axis, identical to family 1",pivot/r2/segformer_b0/drive/pred/bio.csv vs reference-mask biomarkers of results/pivot/r2/bio_master_full.csv; frozen sigma = results/gateA_biomarker_scales_train.csv; common scale s_k per results/pivot/r2/r2_common_scale_formula.txt; mask-failure rules pre-declared in DECISIONS.md 2026-09-18 11:03; 2000-draw paired image bootstrap
segformer_b0,0,drive,False,sens_no_degen,FD_skan,primary,20,20,0,0,0.0304698363878889,0.0270899437148906,-0.07938452714720876,-0.0915498293207119,-0.06699474761231479,,-2.6053479951983722,-2.9304057617356087,-2.6053479951983727,-3.004605215310607,-2.1987235756521404,-2.657784214114689,-3.101307292904302,-2.178064565824955,0.7033195778960545,0.05465977781221826,3.46040273665456,False,False,0.8098953406124555,0.4713587652164801,2.0683676383607086,0.05551724103536927,0.0037765235430378776,0.11675940853571813,0.3454598670137614,0.028572409420225008,0.6251239387830577,0.45112781954887216,-4.472310927181193,-0.7383850632155522,-0.18343821158571005,-0.8915765593206545,0.5846748943420782,0.5816545774073291,"mu_raw in native units; mu_fovnorm in FOV diameters (length-like only); mu_sigma_own uses the frozen per-cohort Gate A sigma; mu_sigma_common uses the common scale s_k. alpha/beta/CCC/r/residual SD/LoA/prop-bias are on the median-centred sigma_own axis, identical to family 1",pivot/r2/segformer_b0/drive/pred/bio.csv vs reference-mask biomarkers of results/pivot/r2/bio_master_full.csv; frozen sigma = results/gateA_biomarker_scales_train.csv; common scale s_k per results/pivot/r2/r2_common_scale_formula.txt; mask-failure rules pre-declared in DECISIONS.md 2026-09-18 11:03; 2000-draw paired image bootstrap
segformer_b0,0,drive,False,sens_no_degen,tortuosity_pvbm,sensitivity,20,20,0,0,0.0160624892914302,0.0060515239553262,-0.009089621860172448,-0.014094805015768442,-0.004403908732638529,,-0.5658912323771648,-1.502038482748183,-0.5658912323771648,-0.8774981735420316,-0.27417348909848865,-0.5410218669705397,-0.8182757655339262,-0.2368162466706203,0.6924951354307533,0.2680765512496198,1.4808137413398488,False,False,0.5812498872951422,0.3766635918725703,0.8629655583936128,0.36044576085586105,0.103779211242516,0.6265532421975583,0.4962518474298015,0.18051733969220107,0.7417113227709803,0.5654135338345864,-1.9357349072179464,0.8039524424636169,-0.24642514880396763,-0.7290882621085744,0.23657167591503417,0.3741800093294917,"mu_raw in native units; mu_fovnorm in FOV diameters (length-like only); mu_sigma_own uses the frozen per-cohort Gate A sigma; mu_sigma_common uses the common scale s_k. alpha/beta/CCC/r/residual SD/LoA/prop-bias are on the median-centred sigma_own axis, identical to family 1",pivot/r2/segformer_b0/drive/pred/bio.csv vs reference-mask biomarkers of results/pivot/r2/bio_master_full.csv; frozen sigma = results/gateA_biomarker_scales_train.csv; common scale s_k per results/pivot/r2/r2_common_scale_formula.txt; mask-failure rules pre-declared in DECISIONS.md 2026-09-18 11:03; 2000-draw paired image bootstrap
segformer_b0,0,drive,False,sens_no_degen,tortuosity_skan,primary,20,20,0,0,0.0176537846637452,0.0088190223056148,-0.020339813695392183,-0.039841013464607763,-0.00720347859100796,,-1.1521503225970102,-2.3063569849962224,-1.1521503225970102,-2.2567972943743615,-0.40804160287518554,-0.527000543882475,-0.8509567521337331,-0.20174772430442106,0.05511302639330156,-0.025547548757286955,1.1412667967531078,False,False,0.7276793472962609,0.43234742756735145,0.8606353218911799,0.07348897554196117,-0.03598658971480153,0.5722971322009683,0.15797012783714412,-0.10517435692924804,0.7856535170420298,0.6030075187969924,-5.733641020506461,3.4293403753124405,-1.5024546758456265,-1.9244988759760224,0.08769339799471687,8.489603077191335e-06,"mu_raw in native units; mu_fovnorm in FOV diameters (length-like only); mu_sigma_own uses the frozen per-cohort Gate A sigma; mu_sigma_common uses the common scale s_k. alpha/beta/CCC/r/residual SD/LoA/prop-bias are on the median-centred sigma_own axis, identical to family 1",pivot/r2/segformer_b0/drive/pred/bio.csv vs reference-mask biomarkers of results/pivot/r2/bio_master_full.csv; frozen sigma = results/gateA_biomarker_scales_train.csv; common scale s_k per results/pivot/r2/r2_common_scale_formula.txt; mask-failure rules pre-declared in DECISIONS.md 2026-09-18 11:03; 2000-draw paired image bootstrap
segformer_b0,0,drive,False,sens_no_degen,density_pvbm,sensitivity,20,20,0,0,0.0143081472796088,0.0141383576039809,0.008050142539063086,0.001873517127029897,0.01436164333390196,,0.562626479987085,0.569383146511758,0.5626264799870849,0.1309405816432944,1.0037388526444233,0.5558967739791271,-0.5133191496615129,1.5471420987853621,0.7323868364691971,-4.4340219133524155,8.423593755469415,False,False,0.905866781213702,0.4675750673354671,9.689395882358799,0.17245625483618968,-0.17983443477474712,0.4749950903044058,0.21466028050835706,-0.24852132610407,0.6016646149183935,0.14586466165413534,-1.4767505637050151,2.602003523679185,-0.11165680507855744,-0.8899921834478479,0.7348555851797752,0.7712715954143778,"mu_raw in native units; mu_fovnorm in FOV diameters (length-like only); mu_sigma_own uses the frozen per-cohort Gate A sigma; mu_sigma_common uses the common scale s_k. alpha/beta/CCC/r/residual SD/LoA/prop-bias are on the median-centred sigma_own axis, identical to family 1",pivot/r2/segformer_b0/drive/pred/bio.csv vs reference-mask biomarkers of results/pivot/r2/bio_master_full.csv; frozen sigma = results/gateA_biomarker_scales_train.csv; common scale s_k per results/pivot/r2/r2_common_scale_formula.txt; mask-failure rules pre-declared in DECISIONS.md 2026-09-18 11:03; 2000-draw paired image bootstrap
segformer_b0,0,drive,False,sens_no_degen,density_skan,primary,20,20,0,0,0.0143081472796088,0.0141383576039809,0.008050142539063086,0.0016082480571163497,0.014433204128979275,,0.562626479987085,0.569383146511758,0.5626264799870849,0.11240085985194875,1.0087402545505455,0.5558967739791271,-0.4017712635579196,1.390093553209191,0.7323868364691971,-3.1919502504046697,8.265122688229802,False,False,0.905866781213702,0.46424623376250956,9.236981794585082,0.17245625483618968,-0.18924838707524802,0.4651453291315728,0.21466028050835706,-0.2576268396847977,0.5830118116305649,0.14586466165413534,-1.4767505637050151,2.602003523679185,-0.11165680507855744,-0.9452499368321481,0.7107665154382468,0.7712715954143778,"mu_raw in native units; mu_fovnorm in FOV diameters (length-like only); mu_sigma_own uses the frozen per-cohort Gate A sigma; mu_sigma_common uses the common scale s_k. alpha/beta/CCC/r/residual SD/LoA/prop-bias are on the median-centred sigma_own axis, identical to family 1",pivot/r2/segformer_b0/drive/pred/bio.csv vs reference-mask biomarkers of results/pivot/r2/bio_master_full.csv; frozen sigma = results/gateA_biomarker_scales_train.csv; common scale s_k per results/pivot/r2/r2_common_scale_formula.txt; mask-failure rules pre-declared in DECISIONS.md 2026-09-18 11:03; 2000-draw paired image bootstrap
segformer_b0,0,drive,False,sens_no_degen,total_length_pvbm,sensitivity,20,20,0,0,1197.6692567106925,1.809602348939848,-3167.6879056631456,-3450.336362663062,-2862.9207846201175,-5.892590697661528,-2.644877029208347,-3.2562903673913164,-2.6448770292083474,-2.880875787142728,-2.3904101809233302,-2.642791094208269,-2.8519153145107428,-2.4325857097496715,0.42657469112294283,-0.05379695446228395,1.9173449551894017,False,False,0.41028405388583117,0.2309079382928597,0.7519245081317432,0.017997062778893666,-0.0016928657533940247,0.0354697536985695,0.30625563744980605,-0.03949338776303112,0.5623400911754948,0.30075187969924805,-3.7864723139493446,-1.5032817444673503,-0.435527965869472,-1.2308536901350582,0.3134873710970585,0.20708693690226798,"mu_raw in native units; mu_fovnorm in FOV diameters (length-like only); mu_sigma_own uses the frozen per-cohort Gate A sigma; mu_sigma_common uses the common scale s_k. alpha/beta/CCC/r/residual SD/LoA/prop-bias are on the median-centred sigma_own axis, identical to family 1",pivot/r2/segformer_b0/drive/pred/bio.csv vs reference-mask biomarkers of results/pivot/r2/bio_master_full.csv; frozen sigma = results/gateA_biomarker_scales_train.csv; common scale s_k per results/pivot/r2/r2_common_scale_formula.txt; mask-failure rules pre-declared in DECISIONS.md 2026-09-18 11:03; 2000-draw paired image bootstrap
segformer_b0,0,drive,False,sens_no_degen,total_length_skan,primary,20,20,0,0,1348.7538444287072,2.0642520798536137,-2962.8513362497224,-3383.396446787905,-2518.4998970609477,-5.511248670253537,-2.1967324493556495,-2.6698525456466378,-2.1967324493556495,-2.5085351643397997,-1.867279123958835,-2.1957348594240664,-2.415543510548537,-1.9802254259995888,0.2599497112324047,-0.09265405038445686,1.0816287269992984,False,False,0.44014173108378857,0.2762243263590022,0.6584067749465355,0.029185356653148968,-0.00904328437041299,0.06669928483748819,0.2632085951706841,-0.10553171901345777,0.5688593917738828,0.27368421052631575,-3.638260041264935,-0.7552048574463641,-0.6896242949503887,-1.3340238709695813,0.05287291537348135,0.05249925726674456,"mu_raw in native units; mu_fovnorm in FOV diameters (length-like only); mu_sigma_own uses the frozen per-cohort Gate A sigma; mu_sigma_common uses the common scale s_k. alpha/beta/CCC/r/residual SD/LoA/prop-bias are on the median-centred sigma_own axis, identical to family 1",pivot/r2/segformer_b0/drive/pred/bio.csv vs reference-mask biomarkers of results/pivot/r2/bio_master_full.csv; frozen sigma = results/gateA_biomarker_scales_train.csv; common scale s_k per results/pivot/r2/r2_common_scale_formula.txt; mask-failure rules pre-declared in DECISIONS.md 2026-09-18 11:03; 2000-draw paired image bootstrap
segformer_b0,1,drive,False,main,FD_pvbm,sensitivity,20,20,0,0,0.0163028808068075,0.0213866761354084,-0.038968212460330255,-0.0470435406146791,-0.030799133803927157,,-2.390265433582666,-1.822078952970787,-2.3902654335826665,-2.8855967955697377,-1.8891835233848084,-2.3713379312106353,-3.0030699291723537,-1.7319473837022608,1.1548043796539005,0.24597736119333444,2.967132668317748,False,False,1.2086998715169335,0.6737338640063456,2.215940094872592,0.11110505590011312,0.02262557265825043,0.19846533782886483,0.419662165219895,0.09870736205280177,0.6792292698794038,0.5533834586466165,-4.591716844867543,-0.1888140222977901,0.08527788825142367,-0.5550346334229997,0.6714527807065728,0.7801748658824148,"mu_raw in native units; mu_fovnorm in FOV diameters (length-like only); mu_sigma_own uses the frozen per-cohort Gate A sigma; mu_sigma_common uses the common scale s_k. alpha/beta/CCC/r/residual SD/LoA/prop-bias are on the median-centred sigma_own axis, identical to family 1",pivot/r2/segformer_b0/drive_s1/pred/bio.csv vs reference-mask biomarkers of results/pivot/r2/bio_master_full.csv; frozen sigma = results/gateA_biomarker_scales_train.csv; common scale s_k per results/pivot/r2/r2_common_scale_formula.txt; mask-failure rules pre-declared in DECISIONS.md 2026-09-18 11:03; 2000-draw paired image bootstrap
segformer_b0,1,drive,False,main,FD_skan,primary,20,20,0,0,0.0304698363878889,0.0270899437148906,-0.08225404327583577,-0.09509019248164872,-0.07026070319260576,,-2.69952362817839,-3.036331272649451,-2.6995236281783894,-3.120797606889842,-2.3059100908245393,-2.7670286098071886,-3.1903962142822633,-2.311644920699559,0.6180615830498191,0.029693161392863647,2.7938429786405323,False,False,0.7721900211276379,0.48249272163844664,1.8561961946141314,0.047183473121871836,0.0011723975588487884,0.1008298096874758,0.3217438615224407,0.01455508123599751,0.6117113204842826,0.3759398496240601,-4.572410259904428,-0.8266369964523508,-0.24105506607060143,-0.9057570286037192,0.4874199889629333,0.48030216145427274,"mu_raw in native units; mu_fovnorm in FOV diameters (length-like only); mu_sigma_own uses the frozen per-cohort Gate A sigma; mu_sigma_common uses the common scale s_k. alpha/beta/CCC/r/residual SD/LoA/prop-bias are on the median-centred sigma_own axis, identical to family 1",pivot/r2/segformer_b0/drive_s1/pred/bio.csv vs reference-mask biomarkers of results/pivot/r2/bio_master_full.csv; frozen sigma = results/gateA_biomarker_scales_train.csv; common scale s_k per results/pivot/r2/r2_common_scale_formula.txt; mask-failure rules pre-declared in DECISIONS.md 2026-09-18 11:03; 2000-draw paired image bootstrap
segformer_b0,1,drive,False,main,tortuosity_pvbm,sensitivity,20,20,0,0,0.0160624892914302,0.0060515239553262,-0.01127138000546376,-0.015581003273846634,-0.007315296958897806,,-0.7017206238062594,-1.8625688485531562,-0.7017206238062594,-0.970024196819826,-0.4554273516497053,-0.6727769792321074,-0.9156511285655252,-0.4597444669813274,0.6421174662324114,0.3170352857647059,1.1779286776498363,False,False,0.4947540791595636,0.2960020132749466,0.6981446688779599,0.35430076584345127,0.1323442794363777,0.5906527921336482,0.5778197842799215,0.27418381950699244,0.8266608099366137,0.6300751879699248,-1.9362307381119288,0.5327894904994099,-0.3280250347492596,-0.7434531714499656,0.11016920761374374,0.18615233430490769,"mu_raw in native units; mu_fovnorm in FOV diameters (length-like only); mu_sigma_own uses the frozen per-cohort Gate A sigma; mu_sigma_common uses the common scale s_k. alpha/beta/CCC/r/residual SD/LoA/prop-bias are on the median-centred sigma_own axis, identical to family 1",pivot/r2/segformer_b0/drive_s1/pred/bio.csv vs reference-mask biomarkers of results/pivot/r2/bio_master_full.csv; frozen sigma = results/gateA_biomarker_scales_train.csv; common scale s_k per results/pivot/r2/r2_common_scale_formula.txt; mask-failure rules pre-declared in DECISIONS.md 2026-09-18 11:03; 2000-draw paired image bootstrap
segformer_b0,1,drive,False,main,tortuosity_skan,primary,20,20,0,0,0.0176537846637452,0.0088190223056148,-0.02119021864538433,-0.04206607932552286,-0.008297769996156876,,-1.200321576874207,-2.40278546884876,-1.2003215768742066,-2.382836322452268,-0.4700278242997742,-0.5683260046909754,-0.8980469496553021,-0.2541735376394947,0.04476590432301322,-0.034676543325754115,1.0659881950324956,False,False,0.714491708984542,0.40885921695215754,0.8460732348887525,0.059149720022539605,-0.05001320318140244,0.5566320025317943,0.13167286326284688,-0.17689216207138397,0.7905067668392032,0.5097744360902255,-5.813990383485983,3.4133472297375693,-1.5387543169634974,-1.9938686304588829,0.04380838319330787,6.361450206557844e-06,"mu_raw in native units; mu_fovnorm in FOV diameters (length-like only); mu_sigma_own uses the frozen per-cohort Gate A sigma; mu_sigma_common uses the common scale s_k. alpha/beta/CCC/r/residual SD/LoA/prop-bias are on the median-centred sigma_own axis, identical to family 1",pivot/r2/segformer_b0/drive_s1/pred/bio.csv vs reference-mask biomarkers of results/pivot/r2/bio_master_full.csv; frozen sigma = results/gateA_biomarker_scales_train.csv; common scale s_k per results/pivot/r2/r2_common_scale_formula.txt; mask-failure rules pre-declared in DECISIONS.md 2026-09-18 11:03; 2000-draw paired image bootstrap
segformer_b0,1,drive,False,main,density_pvbm,sensitivity,20,20,0,0,0.0143081472796088,0.0141383576039809,0.004712110353568487,-0.0016257887652598084,0.010696204064344756,,0.32933057379720526,0.33328555448630826,0.32933057379720526,-0.11362678434103034,0.7475603832781628,0.3214675165981528,-0.7469691798349433,1.2649288659191489,0.6873180478354017,-4.504517325678551,9.976879126034017,False,False,0.8887756700807574,0.4349425083182736,10.259132362102434,0.18485655723356598,-0.20062844863820972,0.4895501615823669,0.20090032596665017,-0.2457104140159667,0.5657393324017163,0.13082706766917293,-1.7192487630885023,2.377909910682913,-0.12809835569761324,-1.0782106862982592,0.7578870187701529,0.7422801810387004,"mu_raw in native units; mu_fovnorm in FOV diameters (length-like only); mu_sigma_own uses the frozen per-cohort Gate A sigma; mu_sigma_common uses the common scale s_k. alpha/beta/CCC/r/residual SD/LoA/prop-bias are on the median-centred sigma_own axis, identical to family 1",pivot/r2/segformer_b0/drive_s1/pred/bio.csv vs reference-mask biomarkers of results/pivot/r2/bio_master_full.csv; frozen sigma = results/gateA_biomarker_scales_train.csv; common scale s_k per results/pivot/r2/r2_common_scale_formula.txt; mask-failure rules pre-declared in DECISIONS.md 2026-09-18 11:03; 2000-draw paired image bootstrap
segformer_b0,1,drive,False,main,density_skan,primary,20,20,0,0,0.0143081472796088,0.0141383576039809,0.004712110353568487,-0.001479851620507166,0.011266228932742787,,0.32933057379720526,0.33328555448630826,0.32933057379720526,-0.10342720071215444,0.7873995642188285,0.3214675165981528,-0.9556822207705948,1.5612683017169464,0.6873180478354017,-5.582546833647585,10.536235996717014,False,False,0.8887756700807574,0.44227792089529494,11.982688110465157,0.18485655723356598,-0.21078683527082584,0.4902924377887893,0.20090032596665017,-0.25115676992794317,0.5599787300395669,0.13082706766917293,-1.7192487630885023,2.377909910682913,-0.12809835569761324,-1.0215194243993246,0.7261561976981495,0.7422801810387004,"mu_raw in native units; mu_fovnorm in FOV diameters (length-like only); mu_sigma_own uses the frozen per-cohort Gate A sigma; mu_sigma_common uses the common scale s_k. alpha/beta/CCC/r/residual SD/LoA/prop-bias are on the median-centred sigma_own axis, identical to family 1",pivot/r2/segformer_b0/drive_s1/pred/bio.csv vs reference-mask biomarkers of results/pivot/r2/bio_master_full.csv; frozen sigma = results/gateA_biomarker_scales_train.csv; common scale s_k per results/pivot/r2/r2_common_scale_formula.txt; mask-failure rules pre-declared in DECISIONS.md 2026-09-18 11:03; 2000-draw paired image bootstrap
segformer_b0,1,drive,False,main,total_length_pvbm,sensitivity,20,20,0,0,1197.6692567106925,1.809602348939848,-3218.5498897678603,-3532.5511749182265,-2904.5740537585953,-5.987063760325203,-2.6873444999392926,-3.3084968992401627,-2.687344499939293,-2.9495214602235924,-2.4251887885439984,-2.6848704354529613,-2.886705785522843,-2.4688998591680025,0.31987756463970074,-0.06836252705747592,2.0292198632060425,False,False,0.3981568651825339,0.2204232722426636,0.7799727958572051,0.013006235331734886,-0.003279485158687577,0.030820451155654,0.23601924953327355,-0.07500322091733987,0.5242272198752855,0.2601503759398496,-3.8690818746024798,-1.505607125276106,-0.5136726574504157,-1.4129564993659105,0.3293001783564157,0.16539418489361868,"mu_raw in native units; mu_fovnorm in FOV diameters (length-like only); mu_sigma_own uses the frozen per-cohort Gate A sigma; mu_sigma_common uses the common scale s_k. alpha/beta/CCC/r/residual SD/LoA/prop-bias are on the median-centred sigma_own axis, identical to family 1",pivot/r2/segformer_b0/drive_s1/pred/bio.csv vs reference-mask biomarkers of results/pivot/r2/bio_master_full.csv; frozen sigma = results/gateA_biomarker_scales_train.csv; common scale s_k per results/pivot/r2/r2_common_scale_formula.txt; mask-failure rules pre-declared in DECISIONS.md 2026-09-18 11:03; 2000-draw paired image bootstrap
segformer_b0,1,drive,False,main,total_length_skan,primary,20,20,0,0,1348.7538444287072,2.0642520798536137,-3000.929615444826,-3403.0346347190393,-2585.9725852038896,-5.582192142591446,-2.224964642614926,-2.704220185640945,-2.224964642614926,-2.5230954104605097,-1.9173050708146318,-2.2239599561396255,-2.4343708674270172,-2.001452352356504,0.2546852242314601,-0.09676676616123857,1.0222077476794578,False,False,0.43357310882248845,0.27337907856803007,0.6189466601780897,0.028409967675312033,-0.009234902906561558,0.06630089170162821,0.2653930101835453,-0.10692922803161937,0.5698291548085143,0.306766917293233,-3.6603807318606925,-0.7895485533691597,-0.7072657329513784,-1.4044467291190998,0.014973092668881817,0.045937482269122504,"mu_raw in native units; mu_fovnorm in FOV diameters (length-like only); mu_sigma_own uses the frozen per-cohort Gate A sigma; mu_sigma_common uses the common scale s_k. alpha/beta/CCC/r/residual SD/LoA/prop-bias are on the median-centred sigma_own axis, identical to family 1",pivot/r2/segformer_b0/drive_s1/pred/bio.csv vs reference-mask biomarkers of results/pivot/r2/bio_master_full.csv; frozen sigma = results/gateA_biomarker_scales_train.csv; common scale s_k per results/pivot/r2/r2_common_scale_formula.txt; mask-failure rules pre-declared in DECISIONS.md 2026-09-18 11:03; 2000-draw paired image bootstrap
segformer_b0,1,drive,False,sens_no_degen,FD_pvbm,sensitivity,20,20,0,0,0.0163028808068075,0.0213866761354084,-0.038968212460330255,-0.04641356327348803,-0.0309640884864464,,-2.390265433582666,-1.822078952970787,-2.3902654335826665,-2.8469547084038904,-1.8993016543135683,-2.3713379312106353,-2.9969420967103884,-1.7949739271503464,1.1548043796539005,0.33411216829999235,2.858655151788431,False,False,1.2086998715169335,0.6832598794097139,2.145521360638996,0.11110505590011312,0.032263354248968236,0.19076636964803506,0.419662165219895,0.1406951757507258,0.6730963439461629,0.5533834586466165,-4.591716844867543,-0.1888140222977901,0.08527788825142367,-0.5411461604850453,0.6624216857479681,0.7801748658824148,"mu_raw in native units; mu_fovnorm in FOV diameters (length-like only); mu_sigma_own uses the frozen per-cohort Gate A sigma; mu_sigma_common uses the common scale s_k. alpha/beta/CCC/r/residual SD/LoA/prop-bias are on the median-centred sigma_own axis, identical to family 1",pivot/r2/segformer_b0/drive_s1/pred/bio.csv vs reference-mask biomarkers of results/pivot/r2/bio_master_full.csv; frozen sigma = results/gateA_biomarker_scales_train.csv; common scale s_k per results/pivot/r2/r2_common_scale_formula.txt; mask-failure rules pre-declared in DECISIONS.md 2026-09-18 11:03; 2000-draw paired image bootstrap
segformer_b0,1,drive,False,sens_no_degen,FD_skan,primary,20,20,0,0,0.0304698363878889,0.0270899437148906,-0.08225404327583577,-0.09450787890760953,-0.06976956042716605,,-2.69952362817839,-3.036331272649451,-2.6995236281783894,-3.1016864581909718,-2.2897911081300695,-2.7670286098071886,-3.2303415484683806,-2.3274555371628223,0.6180615830498191,0.0018650359921328597,3.489854206879063,False,False,0.7721900211276379,0.4670863271181777,2.1263525792288145,0.047183473121871836,0.00030358833431897044,0.1010974308270902,0.3217438615224407,0.002710756883221722,0.6003519369918934,0.3759398496240601,-4.572410259904428,-0.8266369964523508,-0.24105506607060143,-0.9347020228881175,0.5160946845936105,0.48030216145427274,"mu_raw in native units; mu_fovnorm in FOV diameters (length-like only); mu_sigma_own uses the frozen per-cohort Gate A sigma; mu_sigma_common uses the common scale s_k. alpha/beta/CCC/r/residual SD/LoA/prop-bias are on the median-centred sigma_own axis, identical to family 1",pivot/r2/segformer_b0/drive_s1/pred/bio.csv vs reference-mask biomarkers of results/pivot/r2/bio_master_full.csv; frozen sigma = results/gateA_biomarker_scales_train.csv; common scale s_k per results/pivot/r2/r2_common_scale_formula.txt; mask-failure rules pre-declared in DECISIONS.md 2026-09-18 11:03; 2000-draw paired image bootstrap
segformer_b0,1,drive,False,sens_no_degen,tortuosity_pvbm,sensitivity,20,20,0,0,0.0160624892914302,0.0060515239553262,-0.01127138000546376,-0.015856943931247702,-0.006999122271887625,,-0.7017206238062594,-1.8625688485531562,-0.7017206238062594,-0.9872033931694412,-0.4357433113198624,-0.6727769792321074,-0.9403496518428097,-0.44950614337497674,0.6421174662324114,0.3321351715678989,1.2347561039142605,False,False,0.4947540791595636,0.28318561233456235,0.7316705289397676,0.35430076584345127,0.1384272244207082,0.5944723143935605,0.5778197842799215,0.27498941288116274,0.8330041925423247,0.6300751879699248,-1.9362307381119288,0.5327894904994099,-0.3280250347492596,-0.7323636801860856,0.1217465129513273,0.18615233430490769,"mu_raw in native units; mu_fovnorm in FOV diameters (length-like only); mu_sigma_own uses the frozen per-cohort Gate A sigma; mu_sigma_common uses the common scale s_k. alpha/beta/CCC/r/residual SD/LoA/prop-bias are on the median-centred sigma_own axis, identical to family 1",pivot/r2/segformer_b0/drive_s1/pred/bio.csv vs reference-mask biomarkers of results/pivot/r2/bio_master_full.csv; frozen sigma = results/gateA_biomarker_scales_train.csv; common scale s_k per results/pivot/r2/r2_common_scale_formula.txt; mask-failure rules pre-declared in DECISIONS.md 2026-09-18 11:03; 2000-draw paired image bootstrap
segformer_b0,1,drive,False,sens_no_degen,tortuosity_skan,primary,20,20,0,0,0.0176537846637452,0.0088190223056148,-0.02119021864538433,-0.04026517236947326,-0.00799449792542937,,-1.200321576874207,-2.40278546884876,-1.2003215768742066,-2.2808238084020633,-0.4528489543574936,-0.5683260046909754,-0.9071763807906464,-0.2620070122811384,0.04476590432301322,-0.03125141740833237,1.1076745263148255,False,False,0.714491708984542,0.41197099828851313,0.8444959660102328,0.059149720022539605,-0.04378098904496443,0.5646561081483351,0.13167286326284688,-0.15722525344322033,0.7859752204468191,0.5097744360902255,-5.813990383485983,3.4133472297375693,-1.5387543169634974,-1.9703496809825722,0.07009883969370254,6.361450206557844e-06,"mu_raw in native units; mu_fovnorm in FOV diameters (length-like only); mu_sigma_own uses the frozen per-cohort Gate A sigma; mu_sigma_common uses the common scale s_k. alpha/beta/CCC/r/residual SD/LoA/prop-bias are on the median-centred sigma_own axis, identical to family 1",pivot/r2/segformer_b0/drive_s1/pred/bio.csv vs reference-mask biomarkers of results/pivot/r2/bio_master_full.csv; frozen sigma = results/gateA_biomarker_scales_train.csv; common scale s_k per results/pivot/r2/r2_common_scale_formula.txt; mask-failure rules pre-declared in DECISIONS.md 2026-09-18 11:03; 2000-draw paired image bootstrap
segformer_b0,1,drive,False,sens_no_degen,density_pvbm,sensitivity,20,20,0,0,0.0143081472796088,0.0141383576039809,0.004712110353568487,-0.0016141946259500138,0.01137944574410086,,0.32933057379720526,0.33328555448630826,0.32933057379720526,-0.11281646703836196,0.7953123155447407,0.3214675165981528,-0.5989923641412173,1.4896340205417369,0.6873180478354017,-3.607433022150555,10.597786626975177,False,False,0.8887756700807574,0.43905064791336956,10.845925132094472,0.18485655723356598,-0.20978976035994687,0.4788131394512665,0.20090032596665017,-0.2581275819827015,0.5500599517422755,0.13082706766917293,-1.7192487630885023,2.377909910682913,-0.12809835569761324,-1.0481819543028659,0.7405173185892466,0.7422801810387004,"mu_raw in native units; mu_fovnorm in FOV diameters (length-like only); mu_sigma_own uses the frozen per-cohort Gate A sigma; mu_sigma_common uses the common scale s_k. alpha/beta/CCC/r/residual SD/LoA/prop-bias are on the median-centred sigma_own axis, identical to family 1",pivot/r2/segformer_b0/drive_s1/pred/bio.csv vs reference-mask biomarkers of results/pivot/r2/bio_master_full.csv; frozen sigma = results/gateA_biomarker_scales_train.csv; common scale s_k per results/pivot/r2/r2_common_scale_formula.txt; mask-failure rules pre-declared in DECISIONS.md 2026-09-18 11:03; 2000-draw paired image bootstrap
segformer_b0,1,drive,False,sens_no_degen,density_skan,primary,20,20,0,0,0.0143081472796088,0.0141383576039809,0.004712110353568487,-0.0016315953356853235,0.011246116676462888,,0.32933057379720526,0.33328555448630826,0.32933057379720526,-0.11403260700360447,0.7859939135858804,0.3214675165981528,-1.0952640136746494,1.3772554188275297,0.6873180478354017,-7.629923341175159,10.868085018702697,False,False,0.8887756700807574,0.44256549235840276,13.127889025726232,0.18485655723356598,-0.23184913961520154,0.4865873267614428,0.20090032596665017,-0.26836775503062676,0.5499450201334282,0.13082706766917293,-1.7192487630885023,2.377909910682913,-0.12809835569761324,-1.0254066563803026,0.763461491100169,0.7422801810387004,"mu_raw in native units; mu_fovnorm in FOV diameters (length-like only); mu_sigma_own uses the frozen per-cohort Gate A sigma; mu_sigma_common uses the common scale s_k. alpha/beta/CCC/r/residual SD/LoA/prop-bias are on the median-centred sigma_own axis, identical to family 1",pivot/r2/segformer_b0/drive_s1/pred/bio.csv vs reference-mask biomarkers of results/pivot/r2/bio_master_full.csv; frozen sigma = results/gateA_biomarker_scales_train.csv; common scale s_k per results/pivot/r2/r2_common_scale_formula.txt; mask-failure rules pre-declared in DECISIONS.md 2026-09-18 11:03; 2000-draw paired image bootstrap
segformer_b0,1,drive,False,sens_no_degen,total_length_pvbm,sensitivity,20,20,0,0,1197.6692567106925,1.809602348939848,-3218.5498897678603,-3539.606623533675,-2902.2146483044744,-5.987063760325203,-2.6873444999392926,-3.3084968992401627,-2.687344499939293,-2.9554124427097137,-2.4232187910334995,-2.6848704354529613,-2.876638245404864,-2.4693676790873056,0.31987756463970074,-0.052691622157366794,1.7156752833425155,False,False,0.3981568651825339,0.21534725774240468,0.6973107588278022,0.013006235331734886,-0.0029104054287468796,0.0313415771593868,0.23601924953327355,-0.0726707096365816,0.5249535575309389,0.2601503759398496,-3.8690818746024798,-1.505607125276106,-0.5136726574504157,-1.4388437250729278,0.30475470071526667,0.16539418489361868,"mu_raw in native units; mu_fovnorm in FOV diameters (length-like only); mu_sigma_own uses the frozen per-cohort Gate A sigma; mu_sigma_common uses the common scale s_k. alpha/beta/CCC/r/residual SD/LoA/prop-bias are on the median-centred sigma_own axis, identical to family 1",pivot/r2/segformer_b0/drive_s1/pred/bio.csv vs reference-mask biomarkers of results/pivot/r2/bio_master_full.csv; frozen sigma = results/gateA_biomarker_scales_train.csv; common scale s_k per results/pivot/r2/r2_common_scale_formula.txt; mask-failure rules pre-declared in DECISIONS.md 2026-09-18 11:03; 2000-draw paired image bootstrap
segformer_b0,1,drive,False,sens_no_degen,total_length_skan,primary,20,20,0,0,1348.7538444287072,2.0642520798536137,-3000.929615444826,-3421.6739320081488,-2581.1961867485957,-5.582192142591446,-2.224964642614926,-2.704220185640945,-2.224964642614926,-2.536915053952984,-1.9137637289493068,-2.2239599561396255,-2.4225477952987795,-2.010062850331688,0.2546852242314601,-0.10517613465680593,1.0318359808774042,False,False,0.43357310882248845,0.278389555536233,0.6442669549971904,0.028409967675312033,-0.009144410284075971,0.06510871029509596,0.2653930101835453,-0.12305285211252293,0.5606180089967443,0.306766917293233,-3.6603807318606925,-0.7895485533691597,-0.7072657329513784,-1.4053649152008383,0.019533369175762528,0.045937482269122504,"mu_raw in native units; mu_fovnorm in FOV diameters (length-like only); mu_sigma_own uses the frozen per-cohort Gate A sigma; mu_sigma_common uses the common scale s_k. alpha/beta/CCC/r/residual SD/LoA/prop-bias are on the median-centred sigma_own axis, identical to family 1",pivot/r2/segformer_b0/drive_s1/pred/bio.csv vs reference-mask biomarkers of results/pivot/r2/bio_master_full.csv; frozen sigma = results/gateA_biomarker_scales_train.csv; common scale s_k per results/pivot/r2/r2_common_scale_formula.txt; mask-failure rules pre-declared in DECISIONS.md 2026-09-18 11:03; 2000-draw paired image bootstrap
segformer_b0,0,fives,False,main,FD_pvbm,sensitivity,200,200,0,2,0.047908238577478,0.0213866761354084,-0.011088616042353899,-0.01674321083097998,-0.006721440688809306,,-0.2314553064692872,-0.5184824407564327,-0.2314553064692872,-0.349485001497239,-0.1402982219423342,-0.11569350550069657,-0.17647750164507908,-0.030524577558303005,1.292340110558696,0.9767964976432667,1.65644705528067,False,False,0.7899393560015209,0.2738864138809731,1.1999020844643704,0.867776567965135,0.7691096822476432,0.9716008814524192,0.9007608721936036,0.8496107548060794,0.9781278450117449,0.9768926549858659,-1.764586962291982,1.3016763493534076,0.24230778777622575,-0.0232170455528845,0.463288414233909,1.4133292661225318e-12,"mu_raw in native units; mu_fovnorm in FOV diameters (length-like only); mu_sigma_own uses the frozen per-cohort Gate A sigma; mu_sigma_common uses the common scale s_k. alpha/beta/CCC/r/residual SD/LoA/prop-bias are on the median-centred sigma_own axis, identical to family 1",pivot/r2/segformer_b0/fives/pred/bio.csv vs reference-mask biomarkers of results/pivot/r2/bio_master_full.csv; frozen sigma = results/gateA_biomarker_scales_train.csv; common scale s_k per results/pivot/r2/r2_common_scale_formula.txt; mask-failure rules pre-declared in DECISIONS.md 2026-09-18 11:03; 2000-draw paired image bootstrap
segformer_b0,0,fives,False,main,FD_skan,primary,200,200,0,2,0.0352252175614159,0.0270899437148906,-0.018467998870618514,-0.021742247169146217,-0.015611599203969873,,-0.5242834579635789,-0.6817289494945373,-0.5242834579635788,-0.6172352841040131,-0.44319383341637913,-0.4519282623656608,-0.5154760693632632,-0.3913456646400492,1.2714680604590758,1.1235250404362696,1.4118863915361202,False,True,0.5608138423581066,0.38481774517489115,0.6946671332987746,0.876356065441904,0.8421144871403314,0.9119383238043441,0.9491273512380547,0.9357462663460229,0.9678141107970013,0.9615161484723352,-1.7228511115547773,0.6742841956276199,0.2330332112910404,0.11380456463913377,0.3327151977877071,3.765688031830601e-20,"mu_raw in native units; mu_fovnorm in FOV diameters (length-like only); mu_sigma_own uses the frozen per-cohort Gate A sigma; mu_sigma_common uses the common scale s_k. alpha/beta/CCC/r/residual SD/LoA/prop-bias are on the median-centred sigma_own axis, identical to family 1",pivot/r2/segformer_b0/fives/pred/bio.csv vs reference-mask biomarkers of results/pivot/r2/bio_master_full.csv; frozen sigma = results/gateA_biomarker_scales_train.csv; common scale s_k per results/pivot/r2/r2_common_scale_formula.txt; mask-failure rules pre-declared in DECISIONS.md 2026-09-18 11:03; 2000-draw paired image bootstrap
segformer_b0,0,fives,False,main,tortuosity_pvbm,sensitivity,197,200,0,2,0.0043284702883327,0.0060515239553262,-0.0034180466199477105,-0.005928295562483469,-0.0018716415308782982,,-0.7896661851095484,-0.5648241079735534,-0.7896661851095487,-1.3696052340853686,-0.432402536277832,-0.47387928520089434,-0.667830063557723,-0.3196773506622867,0.03374563563018112,-0.04155355425476995,1.0881886199657387,False,False,1.2442144809997222,0.8926430375155334,1.5053581794785715,0.049281331235660614,-0.0727118018697322,0.6315619226748305,0.0800037308967949,-0.1922484668249143,0.6814531462604392,0.5898014040238986,-7.724708687443172,6.145376317224075,-1.4529665482219298,-1.9853035528551848,0.06703431474028232,4.046524556270742e-39,"mu_raw in native units; mu_fovnorm in FOV diameters (length-like only); mu_sigma_own uses the frozen per-cohort Gate A sigma; mu_sigma_common uses the common scale s_k. alpha/beta/CCC/r/residual SD/LoA/prop-bias are on the median-centred sigma_own axis, identical to family 1",pivot/r2/segformer_b0/fives/pred/bio.csv vs reference-mask biomarkers of results/pivot/r2/bio_master_full.csv; frozen sigma = results/gateA_biomarker_scales_train.csv; common scale s_k per results/pivot/r2/r2_common_scale_formula.txt; mask-failure rules pre-declared in DECISIONS.md 2026-09-18 11:03; 2000-draw paired image bootstrap
segformer_b0,0,fives,False,main,tortuosity_skan,primary,200,200,0,2,0.0082480255706009,0.0088190223056148,0.0013578468458604652,0.00018929754778712767,0.002426609377283643,,0.16462689576282932,0.15396795685571243,0.16462689576282938,0.02295064996668489,0.294204880490793,0.23484678591011024,0.13852653568841403,0.3321686328610227,0.6883785204049703,0.5202414686115792,0.8962729040478932,True,True,0.8011299888405015,0.6791704845976096,0.9143118161639818,0.6582583042294856,0.5253446987157653,0.7633920325759391,0.6866969941798095,0.5555811943280721,0.7864992418871624,0.7109872913025669,-1.807224622870784,2.136478414396443,-0.30504642242965074,-0.520558352912181,-0.08767910398768042,8.708199696267729e-07,"mu_raw in native units; mu_fovnorm in FOV diameters (length-like only); mu_sigma_own uses the frozen per-cohort Gate A sigma; mu_sigma_common uses the common scale s_k. alpha/beta/CCC/r/residual SD/LoA/prop-bias are on the median-centred sigma_own axis, identical to family 1",pivot/r2/segformer_b0/fives/pred/bio.csv vs reference-mask biomarkers of results/pivot/r2/bio_master_full.csv; frozen sigma = results/gateA_biomarker_scales_train.csv; common scale s_k per results/pivot/r2/r2_common_scale_formula.txt; mask-failure rules pre-declared in DECISIONS.md 2026-09-18 11:03; 2000-draw paired image bootstrap
segformer_b0,0,fives,False,main,density_pvbm,sensitivity,200,200,0,2,0.020884296713893,0.0141383576039809,0.0010674779881885345,0.00041324062421861717,0.0017210860861819825,,0.05111390643470455,0.07550226257454172,0.05111390643470457,0.01978714581007244,0.08241053600033625,0.06910564545121861,0.039824091927214714,0.09866773577650614,1.050333193876899,1.0177733168840886,1.0833992933806147,False,True,0.22633435366316226,0.18620676244923742,0.26498889445529916,0.9834686151084922,0.9769598001875864,0.9884436620250463,0.9853936900721761,0.9791882054955678,0.9901888827067477,0.9766657828943097,-0.3987552611091444,0.5009830739785536,0.04873701128410002,0.017478246364776007,0.07951160851828398,8.938952581448659e-05,"mu_raw in native units; mu_fovnorm in FOV diameters (length-like only); mu_sigma_own uses the frozen per-cohort Gate A sigma; mu_sigma_common uses the common scale s_k. alpha/beta/CCC/r/residual SD/LoA/prop-bias are on the median-centred sigma_own axis, identical to family 1",pivot/r2/segformer_b0/fives/pred/bio.csv vs reference-mask biomarkers of results/pivot/r2/bio_master_full.csv; frozen sigma = results/gateA_biomarker_scales_train.csv; common scale s_k per results/pivot/r2/r2_common_scale_formula.txt; mask-failure rules pre-declared in DECISIONS.md 2026-09-18 11:03; 2000-draw paired image bootstrap
segformer_b0,0,fives,False,main,density_skan,primary,200,200,0,2,0.020884296713893,0.0141383576039809,0.0010674779881885345,0.00044302170482007875,0.0017312100878530393,,0.05111390643470455,0.07550226257454172,0.05111390643470457,0.02121314932886224,0.08289530222491882,0.06910564545121861,0.04056479473239211,0.09746662018551618,1.050333193876899,1.0178921563986465,1.0835293817773501,False,True,0.22633435366316226,0.18923135899234306,0.2647696716556856,0.9834686151084922,0.9766638624091974,0.9880858236914316,0.9853936900721761,0.9790975107391522,0.9898666301993629,0.9766657828943097,-0.3987552611091444,0.5009830739785536,0.04873701128410002,0.017582329385454027,0.0794931430215256,8.938952581448659e-05,"mu_raw in native units; mu_fovnorm in FOV diameters (length-like only); mu_sigma_own uses the frozen per-cohort Gate A sigma; mu_sigma_common uses the common scale s_k. alpha/beta/CCC/r/residual SD/LoA/prop-bias are on the median-centred sigma_own axis, identical to family 1",pivot/r2/segformer_b0/fives/pred/bio.csv vs reference-mask biomarkers of results/pivot/r2/bio_master_full.csv; frozen sigma = results/gateA_biomarker_scales_train.csv; common scale s_k per results/pivot/r2/r2_common_scale_formula.txt; mask-failure rules pre-declared in DECISIONS.md 2026-09-18 11:03; 2000-draw paired image bootstrap
segformer_b0,0,fives,False,main,total_length_pvbm,sensitivity,200,200,0,2,5758.81509292313,1.809602348939848,-2776.4512342604517,-3072.2925559092546,-2495.539968561538,-1.3869550781562818,-0.4821219624975225,-0.7664419086153521,-0.4821219624975225,-0.5334938709327066,-0.43334261098750126,-0.4978662764089232,-0.5428648978926771,-0.454737104797584,0.9454107146454821,0.9100378162815669,0.989218755550416,True,True,0.34045891626702646,0.2573579432288038,0.4342891422507608,0.9085418057373349,0.8731254497985763,0.9335395109471993,0.9670039169593327,0.944736132912988,0.9815631606195205,0.9674206488645195,-1.1835579796560693,0.21931405466102438,-0.05518180718109398,-0.0929737189947446,-0.010592174661624109,0.0030483449095577925,"mu_raw in native units; mu_fovnorm in FOV diameters (length-like only); mu_sigma_own uses the frozen per-cohort Gate A sigma; mu_sigma_common uses the common scale s_k. alpha/beta/CCC/r/residual SD/LoA/prop-bias are on the median-centred sigma_own axis, identical to family 1",pivot/r2/segformer_b0/fives/pred/bio.csv vs reference-mask biomarkers of results/pivot/r2/bio_master_full.csv; frozen sigma = results/gateA_biomarker_scales_train.csv; common scale s_k per results/pivot/r2/r2_common_scale_formula.txt; mask-failure rules pre-declared in DECISIONS.md 2026-09-18 11:03; 2000-draw paired image bootstrap
segformer_b0,0,fives,False,main,total_length_skan,primary,200,200,0,2,5905.654590686367,2.0642520798536137,-1655.7267351933365,-1866.470489247232,-1448.4170321130362,-0.8257790588629743,-0.28036294872452144,-0.4000378960119708,-0.28036294872452144,-0.3160480283067668,-0.2452593543816958,-0.2862353620459247,-0.3215785919827076,-0.2515285016543938,0.977524773689929,0.9495947806792009,1.007097439207615,False,False,0.2571402274126245,0.2207466928311109,0.2900089585358609,0.9571354325496856,0.9426663422228484,0.9678390336432202,0.9798724060745961,0.9727084427961047,0.9856139150805027,0.9753825003310145,-0.7932492969025227,0.23252339945347983,-0.022499669799816747,-0.051173578027212105,0.006992145978393895,0.11796453158666675,"mu_raw in native units; mu_fovnorm in FOV diameters (length-like only); mu_sigma_own uses the frozen per-cohort Gate A sigma; mu_sigma_common uses the common scale s_k. alpha/beta/CCC/r/residual SD/LoA/prop-bias are on the median-centred sigma_own axis, identical to family 1",pivot/r2/segformer_b0/fives/pred/bio.csv vs reference-mask biomarkers of results/pivot/r2/bio_master_full.csv; frozen sigma = results/gateA_biomarker_scales_train.csv; common scale s_k per results/pivot/r2/r2_common_scale_formula.txt; mask-failure rules pre-declared in DECISIONS.md 2026-09-18 11:03; 2000-draw paired image bootstrap
segformer_b0,0,fives,False,sens_no_degen,FD_pvbm,sensitivity,198,200,0,2,0.047908238577478,0.0213866761354084,-0.007695225470196758,-0.009725128752204068,-0.005575594281717313,,-0.16062426210372796,-0.3598139992149748,-0.16062426210372796,-0.20299491363007274,-0.11638069875393914,-0.15865466133102568,-0.1904589733741912,-0.12822790656782945,1.005423869737781,0.9470294658847149,1.0655763002851841,False,False,0.30838597828097253,0.24156778875889978,0.37367288089961376,0.9657381594965655,0.9502065264288659,0.9764410949029149,0.9729208242205826,0.9601571567059164,0.9826584433254463,0.9762394314592742,-0.7635822223872648,0.44233369817980894,0.005334958345877857,-0.05350513883352333,0.06292879591209483,0.7502449347426595,"mu_raw in native units; mu_fovnorm in FOV diameters (length-like only); mu_sigma_own uses the frozen per-cohort Gate A sigma; mu_sigma_common uses the common scale s_k. alpha/beta/CCC/r/residual SD/LoA/prop-bias are on the median-centred sigma_own axis, identical to family 1",pivot/r2/segformer_b0/fives/pred/bio.csv vs reference-mask biomarkers of results/pivot/r2/bio_master_full.csv; frozen sigma = results/gateA_biomarker_scales_train.csv; common scale s_k per results/pivot/r2/r2_common_scale_formula.txt; mask-failure rules pre-declared in DECISIONS.md 2026-09-18 11:03; 2000-draw paired image bootstrap
segformer_b0,0,fives,False,sens_no_degen,FD_skan,primary,198,200,0,2,0.0352252175614159,0.0270899437148906,-0.016953545755081074,-0.019325612602337356,-0.01491278906952101,,-0.4812900225675601,-0.6258243255692767,-0.48129002256756015,-0.5486300423451678,-0.42335548512994275,-0.4464844686196062,-0.5006691575392979,-0.39289659667995314,1.1523093108182552,1.0911552249434693,1.2139628372260816,False,True,0.42134637894501614,0.3493059817622681,0.4875039114767747,0.9005178028366987,0.8716231890780344,0.9230000536502404,0.9614197845122533,0.9454071848023643,0.9736118019528418,0.9603458611106783,-1.33824590211304,0.37566585697791977,0.13878692105695584,0.08550787067887941,0.18996780974125252,4.992865687473383e-11,"mu_raw in native units; mu_fovnorm in FOV diameters (length-like only); mu_sigma_own uses the frozen per-cohort Gate A sigma; mu_sigma_common uses the common scale s_k. alpha/beta/CCC/r/residual SD/LoA/prop-bias are on the median-centred sigma_own axis, identical to family 1",pivot/r2/segformer_b0/fives/pred/bio.csv vs reference-mask biomarkers of results/pivot/r2/bio_master_full.csv; frozen sigma = results/gateA_biomarker_scales_train.csv; common scale s_k per results/pivot/r2/r2_common_scale_formula.txt; mask-failure rules pre-declared in DECISIONS.md 2026-09-18 11:03; 2000-draw paired image bootstrap
segformer_b0,0,fives,False,sens_no_degen,tortuosity_pvbm,sensitivity,197,200,0,2,0.0043284702883327,0.0060515239553262,-0.0034180466199477105,-0.006085654949721973,-0.0018614729166821077,,-0.7896661851095484,-0.5648241079735534,-0.7896661851095487,-1.4059597373524146,-0.4300532965883279,-0.47387928520089434,-0.6660764486425456,-0.31765669119503165,0.03374563563018112,-0.039702158029942286,1.0799426708317619,False,False,1.2442144809997222,0.880830454689398,1.4971881646673317,0.049281331235660614,-0.06916687458788819,0.6425825866063115,0.0800037308967949,-0.1781215855410495,0.6941546549877333,0.5898014040238986,-7.724708687443172,6.145376317224075,-1.4529665482219298,-1.9702438836944707,0.05746806271144954,4.046524556270742e-39,"mu_raw in native units; mu_fovnorm in FOV diameters (length-like only); mu_sigma_own uses the frozen per-cohort Gate A sigma; mu_sigma_common uses the common scale s_k. alpha/beta/CCC/r/residual SD/LoA/prop-bias are on the median-centred sigma_own axis, identical to family 1",pivot/r2/segformer_b0/fives/pred/bio.csv vs reference-mask biomarkers of results/pivot/r2/bio_master_full.csv; frozen sigma = results/gateA_biomarker_scales_train.csv; common scale s_k per results/pivot/r2/r2_common_scale_formula.txt; mask-failure rules pre-declared in DECISIONS.md 2026-09-18 11:03; 2000-draw paired image bootstrap
segformer_b0,0,fives,False,sens_no_degen,tortuosity_skan,primary,198,200,0,2,0.0082480255706009,0.0088190223056148,0.0015416774776472993,0.00045735880659134156,0.0026241608866240805,,0.18691473061655192,0.17481274275332773,0.18691473061655192,0.05545070182875557,0.31815625014277205,0.23061910964232185,0.1388163198385123,0.34118208660474547,0.7556135789141687,0.5860856816675972,0.9411383433013761,True,True,0.7967679943030342,0.6602422817604292,0.9179568676728966,0.657359527198402,0.5176576753898495,0.7732016992161435,0.6783851007677928,0.5434669210623682,0.7952979485007553,0.70315146844498,-1.6490213961899336,2.0228508574230375,-0.22701852204081965,-0.40881503876982045,-0.04973986914386751,0.00031260507684695255,"mu_raw in native units; mu_fovnorm in FOV diameters (length-like only); mu_sigma_own uses the frozen per-cohort Gate A sigma; mu_sigma_common uses the common scale s_k. alpha/beta/CCC/r/residual SD/LoA/prop-bias are on the median-centred sigma_own axis, identical to family 1",pivot/r2/segformer_b0/fives/pred/bio.csv vs reference-mask biomarkers of results/pivot/r2/bio_master_full.csv; frozen sigma = results/gateA_biomarker_scales_train.csv; common scale s_k per results/pivot/r2/r2_common_scale_formula.txt; mask-failure rules pre-declared in DECISIONS.md 2026-09-18 11:03; 2000-draw paired image bootstrap
segformer_b0,0,fives,False,sens_no_degen,density_pvbm,sensitivity,198,200,0,2,0.020884296713893,0.0141383576039809,0.0012185021215360577,0.000624890499202852,0.0018963937978050713,,0.058345374911546115,0.0861841350789548,0.05834537491154611,0.029921548604849708,0.09080477182377515,0.06986147454122726,0.04259057882923566,0.09864536777376579,1.0354166845772215,1.0059207939306452,1.0643168699953682,False,True,0.21682400021258183,0.18201053976769951,0.24970246217028022,0.9832849158617223,0.9758977101465505,0.9883268583824653,0.9849759750310088,0.9783560336298774,0.9898078681650067,0.9759515064754997,-0.3673859495917898,0.484076699414882,0.03453726177306958,0.005844812834248608,0.06192078284169633,0.005970752197665132,"mu_raw in native units; mu_fovnorm in FOV diameters (length-like only); mu_sigma_own uses the frozen per-cohort Gate A sigma; mu_sigma_common uses the common scale s_k. alpha/beta/CCC/r/residual SD/LoA/prop-bias are on the median-centred sigma_own axis, identical to family 1",pivot/r2/segformer_b0/fives/pred/bio.csv vs reference-mask biomarkers of results/pivot/r2/bio_master_full.csv; frozen sigma = results/gateA_biomarker_scales_train.csv; common scale s_k per results/pivot/r2/r2_common_scale_formula.txt; mask-failure rules pre-declared in DECISIONS.md 2026-09-18 11:03; 2000-draw paired image bootstrap
segformer_b0,0,fives,False,sens_no_degen,density_skan,primary,198,200,0,2,0.020884296713893,0.0141383576039809,0.0012185021215360577,0.0005671399426591637,0.001858450452710841,,0.058345374911546115,0.0861841350789548,0.05834537491154611,0.02715628639205655,0.08898793568061746,0.06986147454122726,0.04007480286458576,0.09806229229006423,1.0354166845772215,1.0074570755511327,1.0638755415917436,False,True,0.21682400021258183,0.18016072252932402,0.2512109733290479,0.9832849158617223,0.9761211058396603,0.9885704542441451,0.9849759750310088,0.9784501068977934,0.9900415804041168,0.9759515064754997,-0.3673859495917898,0.484076699414882,0.03453726177306958,0.007368786812673637,0.06132997537792418,0.005970752197665132,"mu_raw in native units; mu_fovnorm in FOV diameters (length-like only); mu_sigma_own uses the frozen per-cohort Gate A sigma; mu_sigma_common uses the common scale s_k. alpha/beta/CCC/r/residual SD/LoA/prop-bias are on the median-centred sigma_own axis, identical to family 1",pivot/r2/segformer_b0/fives/pred/bio.csv vs reference-mask biomarkers of results/pivot/r2/bio_master_full.csv; frozen sigma = results/gateA_biomarker_scales_train.csv; common scale s_k per results/pivot/r2/r2_common_scale_formula.txt; mask-failure rules pre-declared in DECISIONS.md 2026-09-18 11:03; 2000-draw paired image bootstrap
segformer_b0,0,fives,False,sens_no_degen,total_length_pvbm,sensitivity,198,200,0,2,5758.81509292313,1.809602348939848,-2787.9264409594484,-3094.3291474244493,-2513.394034462609,-1.3927025004810525,-0.4841145957934063,-0.7696179778374871,-0.4841145957934062,-0.5373204552490316,-0.4364429129789666,-0.49869677407799506,-0.5460848265110141,-0.45712085022478566,0.9455116220372419,0.9077427856193978,0.9936479679630942,True,True,0.3411218237432741,0.2548511651943206,0.44885548457033225,0.9023246578013094,0.8634484904315771,0.9287652919316126,0.9646675365443671,0.9393872476188799,0.9803775566059296,0.9664431086532862,-1.1857625853004472,0.21753339371363467,-0.0550093566088425,-0.0952104819812734,-0.006219530281063022,0.004506826590078908,"mu_raw in native units; mu_fovnorm in FOV diameters (length-like only); mu_sigma_own uses the frozen per-cohort Gate A sigma; mu_sigma_common uses the common scale s_k. alpha/beta/CCC/r/residual SD/LoA/prop-bias are on the median-centred sigma_own axis, identical to family 1",pivot/r2/segformer_b0/fives/pred/bio.csv vs reference-mask biomarkers of results/pivot/r2/bio_master_full.csv; frozen sigma = results/gateA_biomarker_scales_train.csv; common scale s_k per results/pivot/r2/r2_common_scale_formula.txt; mask-failure rules pre-declared in DECISIONS.md 2026-09-18 11:03; 2000-draw paired image bootstrap
segformer_b0,0,fives,False,sens_no_degen,total_length_skan,primary,198,200,0,2,5905.654590686367,2.0642520798536137,-1640.000067052068,-1860.5044967574415,-1422.088755739371,-0.817948504875935,-0.27769996396986435,-0.39624448625186304,-0.2776999639698644,-0.31503781133620457,-0.24080120736863023,-0.28480624580398906,-0.3215787966939359,-0.24880726878546258,0.9691460274393194,0.9405234034592292,1.0003739691690412,False,False,0.25471287388828906,0.21593289203460186,0.28894766917861864,0.9542917341018363,0.9377788821265693,0.9666893436323533,0.9784980439420466,0.9702266915364619,0.9850896383327138,0.974628941751184,-0.7903345431350735,0.23493461519534464,-0.030997089596189385,-0.06058997325531003,0.0003697842714875763,0.03865413686992026,"mu_raw in native units; mu_fovnorm in FOV diameters (length-like only); mu_sigma_own uses the frozen per-cohort Gate A sigma; mu_sigma_common uses the common scale s_k. alpha/beta/CCC/r/residual SD/LoA/prop-bias are on the median-centred sigma_own axis, identical to family 1",pivot/r2/segformer_b0/fives/pred/bio.csv vs reference-mask biomarkers of results/pivot/r2/bio_master_full.csv; frozen sigma = results/gateA_biomarker_scales_train.csv; common scale s_k per results/pivot/r2/r2_common_scale_formula.txt; mask-failure rules pre-declared in DECISIONS.md 2026-09-18 11:03; 2000-draw paired image bootstrap
segformer_b0,1,fives,False,main,FD_pvbm,sensitivity,199,200,0,3,0.047908238577478,0.0213866761354084,-0.00980034984699948,-0.014492762404856224,-0.0064316201672371025,,-0.20456502134074897,-0.458245581732719,-0.204565021340749,-0.3025108589917847,-0.13424872961747025,-0.13323444260686002,-0.1917955835179491,-0.05513528172305254,1.1864771247199029,0.9542527004151677,1.5067846197651944,False,False,0.6154585339172941,0.24145705044882035,0.9647606885438633,0.9072997987150517,0.8312012505469306,0.9752301774327365,0.927430414980506,0.8958616449557082,0.9826867048014163,0.9750822103564871,-1.4038095474373988,0.9946795047559007,0.16427825203362342,-0.04614667850199181,0.3862482336710516,1.030699553815638e-08,"mu_raw in native units; mu_fovnorm in FOV diameters (length-like only); mu_sigma_own uses the frozen per-cohort Gate A sigma; mu_sigma_common uses the common scale s_k. alpha/beta/CCC/r/residual SD/LoA/prop-bias are on the median-centred sigma_own axis, identical to family 1",pivot/r2/segformer_b0/fives_s1/pred/bio.csv vs reference-mask biomarkers of results/pivot/r2/bio_master_full.csv; frozen sigma = results/gateA_biomarker_scales_train.csv; common scale s_k per results/pivot/r2/r2_common_scale_formula.txt; mask-failure rules pre-declared in DECISIONS.md 2026-09-18 11:03; 2000-draw paired image bootstrap
segformer_b0,1,fives,False,main,FD_skan,primary,200,200,0,3,0.0352252175614159,0.0270899437148906,-0.01996731274020742,-0.023469528417932938,-0.01710108201251949,,-0.5668471090460688,-0.7370747222790255,-0.5668471090460688,-0.6662706448019327,-0.4854783929354984,-0.479397917503205,-0.5488754550041611,-0.4172189781219602,1.3280989322284213,1.157815210363984,1.5133649981767052,False,True,0.6187878094229167,0.40251393745395225,0.8029242719745818,0.8573046604418494,0.8110662030975733,0.9010811105773135,0.9430645926775063,0.9247567525091192,0.9675491971918765,0.9614906478252563,-1.9108276589439148,0.777133440851777,0.27405046248351966,0.14373975360240204,0.39617234064304446,1.0809127783991382e-23,"mu_raw in native units; mu_fovnorm in FOV diameters (length-like only); mu_sigma_own uses the frozen per-cohort Gate A sigma; mu_sigma_common uses the common scale s_k. alpha/beta/CCC/r/residual SD/LoA/prop-bias are on the median-centred sigma_own axis, identical to family 1",pivot/r2/segformer_b0/fives_s1/pred/bio.csv vs reference-mask biomarkers of results/pivot/r2/bio_master_full.csv; frozen sigma = results/gateA_biomarker_scales_train.csv; common scale s_k per results/pivot/r2/r2_common_scale_formula.txt; mask-failure rules pre-declared in DECISIONS.md 2026-09-18 11:03; 2000-draw paired image bootstrap
segformer_b0,1,fives,False,main,tortuosity_pvbm,sensitivity,196,200,0,3,0.0043284702883327,0.0060515239553262,-0.003240812379623719,-0.00566882557518109,-0.0016986686744430329,,-0.7487200243372955,-0.5355365695563916,-0.7487200243372955,-1.3096602720044748,-0.39244087663527655,-0.4124737562366308,-0.6033962974969126,-0.2655263245018801,0.03100437121991092,-0.03864884010992131,0.998572922022799,True,True,1.1916162392935916,0.8776574834864392,1.3339917336721479,0.046415607547850866,-0.06739169829743433,0.6431223602731247,0.07742311768166242,-0.17277788521498744,0.6957969858765705,0.5074303354996998,-7.641969030616572,6.144528981941981,-1.4883808020804574,-1.9677367574295792,-0.0010390623683528978,1.500141246247961e-41,"mu_raw in native units; mu_fovnorm in FOV diameters (length-like only); mu_sigma_own uses the frozen per-cohort Gate A sigma; mu_sigma_common uses the common scale s_k. alpha/beta/CCC/r/residual SD/LoA/prop-bias are on the median-centred sigma_own axis, identical to family 1",pivot/r2/segformer_b0/fives_s1/pred/bio.csv vs reference-mask biomarkers of results/pivot/r2/bio_master_full.csv; frozen sigma = results/gateA_biomarker_scales_train.csv; common scale s_k per results/pivot/r2/r2_common_scale_formula.txt; mask-failure rules pre-declared in DECISIONS.md 2026-09-18 11:03; 2000-draw paired image bootstrap
segformer_b0,1,fives,False,main,tortuosity_skan,primary,200,200,0,3,0.0082480255706009,0.0088190223056148,0.0016980022925185234,0.0003110048071861923,0.0030027766880446507,,0.2058677289472585,0.19253860957324687,0.20586772894725847,0.037706576504167456,0.36406006047649614,0.2544313839793356,0.15675111919433798,0.3649372930251373,0.7844844529961931,0.458345062439371,1.1565882926610611,False,False,1.0174817964460434,0.7689322082810989,1.2692180669545599,0.5863232383816609,0.4073338761103049,0.7407439001073075,0.6002882020127495,0.433688930130536,0.7630061560913747,0.7276317136547853,-2.06277407682127,2.474509534715787,-0.18266540508975984,-0.5242460355670983,0.11375730138224364,0.01034597327487851,"mu_raw in native units; mu_fovnorm in FOV diameters (length-like only); mu_sigma_own uses the frozen per-cohort Gate A sigma; mu_sigma_common uses the common scale s_k. alpha/beta/CCC/r/residual SD/LoA/prop-bias are on the median-centred sigma_own axis, identical to family 1",pivot/r2/segformer_b0/fives_s1/pred/bio.csv vs reference-mask biomarkers of results/pivot/r2/bio_master_full.csv; frozen sigma = results/gateA_biomarker_scales_train.csv; common scale s_k per results/pivot/r2/r2_common_scale_formula.txt; mask-failure rules pre-declared in DECISIONS.md 2026-09-18 11:03; 2000-draw paired image bootstrap
segformer_b0,1,fives,False,main,density_pvbm,sensitivity,200,200,0,3,0.020884296713893,0.0141383576039809,0.0007459534376509165,-1.2325980487611127e-05,0.0015152475357631812,,0.0357183891739424,0.05276096832073906,0.035718389173942405,-0.0005902032831879544,0.07255439608627962,0.06497183601228812,0.03335030982701649,0.09575878622601437,1.0818386377175948,1.0495842198496308,1.1165618768898353,False,True,0.24113320674740205,0.1974788177937388,0.28256087660282275,0.9810565538648574,0.97347714258059,0.9866924797027883,0.9843652369741962,0.977679321422305,0.9897705156331997,0.9757717602084839,-0.4603397180606845,0.5317764964085694,0.07800485666936186,0.04782000918343701,0.10930495559659163,3.360923757566786e-09,"mu_raw in native units; mu_fovnorm in FOV diameters (length-like only); mu_sigma_own uses the frozen per-cohort Gate A sigma; mu_sigma_common uses the common scale s_k. alpha/beta/CCC/r/residual SD/LoA/prop-bias are on the median-centred sigma_own axis, identical to family 1",pivot/r2/segformer_b0/fives_s1/pred/bio.csv vs reference-mask biomarkers of results/pivot/r2/bio_master_full.csv; frozen sigma = results/gateA_biomarker_scales_train.csv; common scale s_k per results/pivot/r2/r2_common_scale_formula.txt; mask-failure rules pre-declared in DECISIONS.md 2026-09-18 11:03; 2000-draw paired image bootstrap
segformer_b0,1,fives,False,main,density_skan,primary,200,200,0,3,0.020884296713893,0.0141383576039809,0.0007459534376509165,-3.927949693459835e-05,0.0014681258149245582,,0.0357183891739424,0.05276096832073906,0.035718389173942405,-0.001880814923897745,0.07029807299892972,0.06497183601228812,0.03408766454444999,0.09474889257082432,1.0818386377175948,1.0506696993417812,1.1132100207874411,False,True,0.24113320674740205,0.19683957235108893,0.2806444190764957,0.9810565538648574,0.9732126085294279,0.9868758570969898,0.9843652369741962,0.977531680286873,0.989940965990214,0.9757717602084839,-0.4603397180606845,0.5317764964085694,0.07800485666936186,0.049015824341240175,0.10613815405856901,3.360923757566786e-09,"mu_raw in native units; mu_fovnorm in FOV diameters (length-like only); mu_sigma_own uses the frozen per-cohort Gate A sigma; mu_sigma_common uses the common scale s_k. alpha/beta/CCC/r/residual SD/LoA/prop-bias are on the median-centred sigma_own axis, identical to family 1",pivot/r2/segformer_b0/fives_s1/pred/bio.csv vs reference-mask biomarkers of results/pivot/r2/bio_master_full.csv; frozen sigma = results/gateA_biomarker_scales_train.csv; common scale s_k per results/pivot/r2/r2_common_scale_formula.txt; mask-failure rules pre-declared in DECISIONS.md 2026-09-18 11:03; 2000-draw paired image bootstrap
segformer_b0,1,fives,False,main,total_length_pvbm,sensitivity,200,200,0,3,5758.81509292313,1.809602348939848,-2848.3160246208818,-3140.3576816632044,-2571.772472840091,-1.423347930821499,-0.4946010557138932,-0.7865528753625707,-0.4946010557138931,-0.5453131644254936,-0.44658014389114187,-0.5047943936117576,-0.5498080429150535,-0.46134451711418234,0.9646572702784708,0.9277800418120362,1.0139937095567915,False,False,0.35673176943418256,0.27171727644340155,0.4584558194063262,0.905857163146022,0.8697823531348601,0.9310284440828571,0.9651835873748426,0.9422197750637921,0.9797372406537135,0.9672841084930448,-1.2126202362987415,0.22341812487095525,-0.035341695004201965,-0.07386616062801288,0.013572889770225412,0.06314552925361075,"mu_raw in native units; mu_fovnorm in FOV diameters (length-like only); mu_sigma_own uses the frozen per-cohort Gate A sigma; mu_sigma_common uses the common scale s_k. alpha/beta/CCC/r/residual SD/LoA/prop-bias are on the median-centred sigma_own axis, identical to family 1",pivot/r2/segformer_b0/fives_s1/pred/bio.csv vs reference-mask biomarkers of results/pivot/r2/bio_master_full.csv; frozen sigma = results/gateA_biomarker_scales_train.csv; common scale s_k per results/pivot/r2/r2_common_scale_formula.txt; mask-failure rules pre-declared in DECISIONS.md 2026-09-18 11:03; 2000-draw paired image bootstrap
segformer_b0,1,fives,False,main,total_length_skan,primary,200,200,0,3,5905.654590686367,2.0642520798536137,-1781.1783859307056,-1993.3510680170318,-1563.9077746814783,-0.8894797029089413,-0.30160558132535376,-0.4308968422945801,-0.3016055813253538,-0.33753262020448793,-0.2648153139785505,-0.30249544683923696,-0.3380409506553332,-0.265643556689701,0.9965942572984162,0.9667712617506183,1.0281436150925403,False,False,0.27062044862476303,0.23086236361519424,0.3089773668547553,0.9530961334115896,0.93616426446326,0.9650602750462818,0.9785434001137823,0.96980290183121,0.9851040603319869,0.9740309660358317,-0.8329961595545807,0.22978499690387316,-0.0033745553805998836,-0.03329210397619144,0.02742769720345443,0.8198905373754319,"mu_raw in native units; mu_fovnorm in FOV diameters (length-like only); mu_sigma_own uses the frozen per-cohort Gate A sigma; mu_sigma_common uses the common scale s_k. alpha/beta/CCC/r/residual SD/LoA/prop-bias are on the median-centred sigma_own axis, identical to family 1",pivot/r2/segformer_b0/fives_s1/pred/bio.csv vs reference-mask biomarkers of results/pivot/r2/bio_master_full.csv; frozen sigma = results/gateA_biomarker_scales_train.csv; common scale s_k per results/pivot/r2/r2_common_scale_formula.txt; mask-failure rules pre-declared in DECISIONS.md 2026-09-18 11:03; 2000-draw paired image bootstrap
segformer_b0,1,fives,False,sens_no_degen,FD_pvbm,sensitivity,197,200,0,3,0.047908238577478,0.0213866761354084,-0.008053720876357017,-0.00995827358358621,-0.0061177779536399956,,-0.1681072215446286,-0.37657655754290137,-0.1681072215446286,-0.20786140086285007,-0.12769782683089514,-0.16717518755712263,-0.19786043972317854,-0.13808490447719923,1.002628900463991,0.9436655009748773,1.0645945355366957,False,False,0.2910804915770954,0.230426172273681,0.3456890519875008,0.9670137354969881,0.9540778555027912,0.9766078726390781,0.9751077477258502,0.9638664975077276,0.9840477872149752,0.9743767633682442,-0.7379140224300891,0.40169957934083195,0.002592361108923166,-0.0572941434282552,0.06203046348334862,0.8720788886454643,"mu_raw in native units; mu_fovnorm in FOV diameters (length-like only); mu_sigma_own uses the frozen per-cohort Gate A sigma; mu_sigma_common uses the common scale s_k. alpha/beta/CCC/r/residual SD/LoA/prop-bias are on the median-centred sigma_own axis, identical to family 1",pivot/r2/segformer_b0/fives_s1/pred/bio.csv vs reference-mask biomarkers of results/pivot/r2/bio_master_full.csv; frozen sigma = results/gateA_biomarker_scales_train.csv; common scale s_k per results/pivot/r2/r2_common_scale_formula.txt; mask-failure rules pre-declared in DECISIONS.md 2026-09-18 11:03; 2000-draw paired image bootstrap
segformer_b0,1,fives,False,sens_no_degen,FD_skan,primary,197,200,0,3,0.0352252175614159,0.0270899437148906,-0.01787481900050331,-0.02016708793544561,-0.015766601891122233,,-0.5074438211584694,-0.65983226796732,-0.5074438211584695,-0.5725184777151163,-0.44759416641310545,-0.470017979800882,-0.5264552510035381,-0.417288983597785,1.1705552837606832,1.1164044184634285,1.2294616106369758,False,True,0.42736003610035617,0.3527406315163579,0.49814457383440497,0.8927291010626409,0.8594217607816651,0.9174969574652081,0.960901884404519,0.9430856649507896,0.9739091596257865,0.9597969856274757,-1.3877743158851592,0.37288667356822014,0.15407513361843797,0.10713094411865733,0.2011829744212452,8.324756158308072e-13,"mu_raw in native units; mu_fovnorm in FOV diameters (length-like only); mu_sigma_own uses the frozen per-cohort Gate A sigma; mu_sigma_common uses the common scale s_k. alpha/beta/CCC/r/residual SD/LoA/prop-bias are on the median-centred sigma_own axis, identical to family 1",pivot/r2/segformer_b0/fives_s1/pred/bio.csv vs reference-mask biomarkers of results/pivot/r2/bio_master_full.csv; frozen sigma = results/gateA_biomarker_scales_train.csv; common scale s_k per results/pivot/r2/r2_common_scale_formula.txt; mask-failure rules pre-declared in DECISIONS.md 2026-09-18 11:03; 2000-draw paired image bootstrap
segformer_b0,1,fives,False,sens_no_degen,tortuosity_pvbm,sensitivity,195,200,0,3,0.0043284702883327,0.0060515239553262,-0.0031835209843715613,-0.0057298497900798275,-0.001600678887979279,,-0.7354840792029173,-0.5260693021911631,-0.7354840792029173,-1.3237586048642904,-0.36980244320814104,-0.4235085515819751,-0.609251754855563,-0.2747118455227439,0.01572206925184517,-0.042645225801370375,1.0720004400522791,False,False,1.154898384200658,0.88390357844449,1.2917186085136525,0.023823439755258503,-0.07519981665565308,0.6131887113086605,0.04050578954844927,-0.20288160065183175,0.6600151930862506,0.5001321028549595,-7.636876994376313,6.165908835970478,-1.5414058482949011,-2.0028850236391618,0.046975258876965,6.882163575229479e-43,"mu_raw in native units; mu_fovnorm in FOV diameters (length-like only); mu_sigma_own uses the frozen per-cohort Gate A sigma; mu_sigma_common uses the common scale s_k. alpha/beta/CCC/r/residual SD/LoA/prop-bias are on the median-centred sigma_own axis, identical to family 1",pivot/r2/segformer_b0/fives_s1/pred/bio.csv vs reference-mask biomarkers of results/pivot/r2/bio_master_full.csv; frozen sigma = results/gateA_biomarker_scales_train.csv; common scale s_k per results/pivot/r2/r2_common_scale_formula.txt; mask-failure rules pre-declared in DECISIONS.md 2026-09-18 11:03; 2000-draw paired image bootstrap
segformer_b0,1,fives,False,sens_no_degen,tortuosity_skan,primary,197,200,0,3,0.0082480255706009,0.0088190223056148,0.0022786744449001224,0.0011194681461003965,0.0033572175292498805,,0.2762690810540385,0.25838175320742307,0.2762690810540385,0.13572559111487323,0.4070328711414621,0.272990375284993,0.16285509930683192,0.392290815860596,1.022253303335204,0.7619281423824472,1.2908200801930994,False,False,0.9532259512999148,0.7228556634296073,1.2029898006524593,0.661998600137007,0.5219733412548133,0.7683179997979488,0.6803379735172707,0.5426915945351035,0.7919634662335141,0.7313438165494006,-1.5718587534084625,2.1243969155165394,0.017822581606150096,-0.21664311365245514,0.2044810054027747,0.7756980574172679,"mu_raw in native units; mu_fovnorm in FOV diameters (length-like only); mu_sigma_own uses the frozen per-cohort Gate A sigma; mu_sigma_common uses the common scale s_k. alpha/beta/CCC/r/residual SD/LoA/prop-bias are on the median-centred sigma_own axis, identical to family 1",pivot/r2/segformer_b0/fives_s1/pred/bio.csv vs reference-mask biomarkers of results/pivot/r2/bio_master_full.csv; frozen sigma = results/gateA_biomarker_scales_train.csv; common scale s_k per results/pivot/r2/r2_common_scale_formula.txt; mask-failure rules pre-declared in DECISIONS.md 2026-09-18 11:03; 2000-draw paired image bootstrap
segformer_b0,1,fives,False,sens_no_degen,density_pvbm,sensitivity,197,200,0,3,0.020884296713893,0.0141383576039809,0.0009617904707556112,0.0002628469820589172,0.001629859130135279,,0.04605328510372068,0.06802702956705539,0.04605328510372067,0.012585867058863501,0.07804232780561086,0.06634153778355928,0.03523050575136445,0.09477868328873483,1.0655566451224001,1.0366087616399833,1.0981249487927127,False,True,0.23313565839987274,0.18960942814233164,0.2730770482678462,0.9804817386541262,0.9714506016366192,0.9867275945280465,0.9830858515344683,0.9750633917242598,0.989324713656312,0.9746573426135124,-0.4214146148655231,0.5135211850729645,0.06293620985135363,0.03566058516273198,0.09254610203664448,3.7192687214371122e-06,"mu_raw in native units; mu_fovnorm in FOV diameters (length-like only); mu_sigma_own uses the frozen per-cohort Gate A sigma; mu_sigma_common uses the common scale s_k. alpha/beta/CCC/r/residual SD/LoA/prop-bias are on the median-centred sigma_own axis, identical to family 1",pivot/r2/segformer_b0/fives_s1/pred/bio.csv vs reference-mask biomarkers of results/pivot/r2/bio_master_full.csv; frozen sigma = results/gateA_biomarker_scales_train.csv; common scale s_k per results/pivot/r2/r2_common_scale_formula.txt; mask-failure rules pre-declared in DECISIONS.md 2026-09-18 11:03; 2000-draw paired image bootstrap
segformer_b0,1,fives,False,sens_no_degen,density_skan,primary,197,200,0,3,0.020884296713893,0.0141383576039809,0.0009617904707556112,0.00023648856874344736,0.0016338044367966826,,0.04605328510372068,0.06802702956705539,0.04605328510372067,0.011323750662196163,0.0782312403993866,0.06634153778355928,0.03365451763017214,0.09480899297444324,1.0655566451224001,1.035349517616514,1.097785635843607,False,True,0.23313565839987274,0.18879492219773253,0.2726681956879423,0.9804817386541262,0.9716867852541131,0.9867184081520735,0.9830858515344683,0.9750120873632312,0.98915348885475,0.9746573426135124,-0.4214146148655231,0.5135211850729645,0.06293620985135363,0.034425378501310305,0.09229771089215394,3.7192687214371122e-06,"mu_raw in native units; mu_fovnorm in FOV diameters (length-like only); mu_sigma_own uses the frozen per-cohort Gate A sigma; mu_sigma_common uses the common scale s_k. alpha/beta/CCC/r/residual SD/LoA/prop-bias are on the median-centred sigma_own axis, identical to family 1",pivot/r2/segformer_b0/fives_s1/pred/bio.csv vs reference-mask biomarkers of results/pivot/r2/bio_master_full.csv; frozen sigma = results/gateA_biomarker_scales_train.csv; common scale s_k per results/pivot/r2/r2_common_scale_formula.txt; mask-failure rules pre-declared in DECISIONS.md 2026-09-18 11:03; 2000-draw paired image bootstrap
segformer_b0,1,fives,False,sens_no_degen,total_length_pvbm,sensitivity,197,200,0,3,5758.81509292313,1.809602348939848,-2860.402922736937,-3162.991067787536,-2577.3039644579258,-1.4294238493425242,-0.49669990728683366,-0.7899104740773294,-0.4966999072868337,-0.5492433802353647,-0.4475406698897337,-0.5058454313677563,-0.5530573807955161,-0.4612878137326981,0.965709183107677,0.9240427713861471,1.0170751549935737,False,False,0.35839807903081716,0.27240310647196564,0.45421487590922427,0.89769065541479,0.8581320707177819,0.9256178171808982,0.9619225492743102,0.9379418225659666,0.9783605054011794,0.9658965205889479,-1.2167829700216746,0.2233831554480072,-0.03421245976449312,-0.07780530610584252,0.016408903979233645,0.08790539333188106,"mu_raw in native units; mu_fovnorm in FOV diameters (length-like only); mu_sigma_own uses the frozen per-cohort Gate A sigma; mu_sigma_common uses the common scale s_k. alpha/beta/CCC/r/residual SD/LoA/prop-bias are on the median-centred sigma_own axis, identical to family 1",pivot/r2/segformer_b0/fives_s1/pred/bio.csv vs reference-mask biomarkers of results/pivot/r2/bio_master_full.csv; frozen sigma = results/gateA_biomarker_scales_train.csv; common scale s_k per results/pivot/r2/r2_common_scale_formula.txt; mask-failure rules pre-declared in DECISIONS.md 2026-09-18 11:03; 2000-draw paired image bootstrap
segformer_b0,1,fives,False,sens_no_degen,total_length_skan,primary,197,200,0,3,5905.654590686367,2.0642520798536137,-1753.6569289299978,-1984.060696993107,-1542.5852084947353,-0.8757895340650573,-0.29694539394424424,-0.42426481853280446,-0.2969453939442442,-0.33595948874526294,-0.26120478006409326,-0.3000916586140906,-0.3388236629247398,-0.2639175579954939,0.9855136653963646,0.9526923808875254,1.0195491628774593,False,False,0.2677992972144587,0.22382902650045838,0.3074344211143749,0.9492677908016508,0.9309283530124572,0.9627400022462987,0.9765151267467307,0.9670372677674257,0.9841852507341314,0.9728734719280484,-0.8268166510021959,0.2329258631137076,-0.01441867214717359,-0.04769086949149792,0.019128840501109877,0.3568284044772663,"mu_raw in native units; mu_fovnorm in FOV diameters (length-like only); mu_sigma_own uses the frozen per-cohort Gate A sigma; mu_sigma_common uses the common scale s_k. alpha/beta/CCC/r/residual SD/LoA/prop-bias are on the median-centred sigma_own axis, identical to family 1",pivot/r2/segformer_b0/fives_s1/pred/bio.csv vs reference-mask biomarkers of results/pivot/r2/bio_master_full.csv; frozen sigma = results/gateA_biomarker_scales_train.csv; common scale s_k per results/pivot/r2/r2_common_scale_formula.txt; mask-failure rules pre-declared in DECISIONS.md 2026-09-18 11:03; 2000-draw paired image bootstrap
segformer_b0,0,hrf,False,main,FD_pvbm,sensitivity,30,30,0,0,0.0191265872248343,0.0213866761354084,-0.03610320938002023,-0.04240146910720957,-0.03029243431586558,,-1.8875928546804825,-1.6881168981769312,-1.8875928546804828,-2.2168862959595192,-1.5837866923030235,-1.847507360991489,-2.6206462066097194,-1.090915449251047,2.2581699542631775,1.2897784689461709,9.036846714599989,False,True,1.4540327201634142,0.7684956265451465,7.357894113139524,0.12926941218639804,0.01878114633918418,0.24125604358977995,0.45872781614513036,0.07552880940184697,0.7466511585664363,0.4473859844271412,-3.781444624858949,0.006258915497983297,0.5400597499742386,0.22675425928656012,0.963411955286313,0.019442780949622766,"mu_raw in native units; mu_fovnorm in FOV diameters (length-like only); mu_sigma_own uses the frozen per-cohort Gate A sigma; mu_sigma_common uses the common scale s_k. alpha/beta/CCC/r/residual SD/LoA/prop-bias are on the median-centred sigma_own axis, identical to family 1",pivot/r2/segformer_b0/hrf/pred/bio.csv vs reference-mask biomarkers of results/pivot/r2/bio_master_full.csv; frozen sigma = results/gateA_biomarker_scales_train.csv; common scale s_k per results/pivot/r2/r2_common_scale_formula.txt; mask-failure rules pre-declared in DECISIONS.md 2026-09-18 11:03; 2000-draw paired image bootstrap
segformer_b0,0,hrf,False,main,FD_skan,primary,30,30,0,0,0.0190610980643877,0.0270899437148906,-0.059469332954746254,-0.07036474490742255,-0.0493928189486332,,-3.1199321651806735,-2.1952549470251426,-3.1199321651806735,-3.691536797603842,-2.5912892731460717,-2.9369614319225605,-6.3111347067119565,0.21584006511924386,2.3959531171097534,-16.138965672462685,21.014527058071334,False,False,2.6249768658300394,1.1488303692049204,46.51991903219821,0.043677556148521826,-0.050992735917472276,0.13563052803215495,0.2026324298774804,-0.25933039037526995,0.622306592626411,0.26585094549499444,-6.075399381609621,-0.16446494875172624,0.32794774319732106,-0.02979570697454164,0.7191619350709454,0.2879512385247769,"mu_raw in native units; mu_fovnorm in FOV diameters (length-like only); mu_sigma_own uses the frozen per-cohort Gate A sigma; mu_sigma_common uses the common scale s_k. alpha/beta/CCC/r/residual SD/LoA/prop-bias are on the median-centred sigma_own axis, identical to family 1",pivot/r2/segformer_b0/hrf/pred/bio.csv vs reference-mask biomarkers of results/pivot/r2/bio_master_full.csv; frozen sigma = results/gateA_biomarker_scales_train.csv; common scale s_k per results/pivot/r2/r2_common_scale_formula.txt; mask-failure rules pre-declared in DECISIONS.md 2026-09-18 11:03; 2000-draw paired image bootstrap
segformer_b0,0,hrf,False,main,tortuosity_pvbm,sensitivity,30,30,0,0,0.0023668667109986,0.0060515239553262,-0.0011396125702438345,-0.0033304393226722072,0.0007586847331407368,,-0.4814857401763122,-0.18831827795060016,-0.4814857401763122,-1.4071089458464132,0.32054391978018976,-0.14227933475180837,-0.6884856097084563,0.48042568898681787,0.5129274303516779,0.15805480570320415,0.8760482827151712,True,True,1.6327127061766586,1.1457650412542293,1.9663921399958,0.5322454471858195,0.09495255223508409,0.7504455177477085,0.5888062090166877,0.108625216008625,0.8354560178275091,0.5216907675194661,-5.207494093059066,4.244522612706441,-0.5051537398023037,-0.826876407043386,-0.07761784574725653,0.009864068525872903,"mu_raw in native units; mu_fovnorm in FOV diameters (length-like only); mu_sigma_own uses the frozen per-cohort Gate A sigma; mu_sigma_common uses the common scale s_k. alpha/beta/CCC/r/residual SD/LoA/prop-bias are on the median-centred sigma_own axis, identical to family 1",pivot/r2/segformer_b0/hrf/pred/bio.csv vs reference-mask biomarkers of results/pivot/r2/bio_master_full.csv; frozen sigma = results/gateA_biomarker_scales_train.csv; common scale s_k per results/pivot/r2/r2_common_scale_formula.txt; mask-failure rules pre-declared in DECISIONS.md 2026-09-18 11:03; 2000-draw paired image bootstrap
segformer_b0,0,hrf,False,main,tortuosity_skan,primary,30,30,0,0,0.0058124661067053,0.0088190223056148,-0.0070295810941071474,-0.014450223851047063,-0.0014141616835483693,,-1.209397347882644,-0.7970930167204169,-1.209397347882644,-2.486074513944638,-0.2432980524251114,-0.25747331107304106,-0.6120083518867763,0.17218747296758682,0.2822531602739507,0.01190867238358164,0.6506761493614288,True,True,1.4780398178214995,0.8534385123601372,1.846618063974165,0.36297564656269043,0.017366363109506584,0.7816742891539465,0.5183770578624866,0.03870081696362087,0.8713197087129603,0.667630700778643,-7.42904933102934,5.010254635264053,-0.924815256839186,-1.6498322094663866,-0.3713401554106148,1.4812752263489128e-05,"mu_raw in native units; mu_fovnorm in FOV diameters (length-like only); mu_sigma_own uses the frozen per-cohort Gate A sigma; mu_sigma_common uses the common scale s_k. alpha/beta/CCC/r/residual SD/LoA/prop-bias are on the median-centred sigma_own axis, identical to family 1",pivot/r2/segformer_b0/hrf/pred/bio.csv vs reference-mask biomarkers of results/pivot/r2/bio_master_full.csv; frozen sigma = results/gateA_biomarker_scales_train.csv; common scale s_k per results/pivot/r2/r2_common_scale_formula.txt; mask-failure rules pre-declared in DECISIONS.md 2026-09-18 11:03; 2000-draw paired image bootstrap
segformer_b0,0,hrf,False,main,density_pvbm,sensitivity,30,30,0,0,0.0156452398763284,0.0141383576039809,0.0023182434679110677,-0.0017026602771073158,0.00642056182272101,,0.14817564231908148,0.1639683712101274,0.14817564231908148,-0.1088292854929939,0.4103843644120449,0.11531020911544734,-0.19116676631819063,0.4192902361566676,1.202099173358996,0.8580736342485493,1.9115895394462452,False,False,0.7971313113314655,0.5693246457252866,1.112733101533695,0.6791607343489356,0.46790390203027377,0.808843958115759,0.6937215749541811,0.4930547140420004,0.8271567681772326,0.6587319243604004,-1.2921199884567796,1.5884712730949424,0.15090507039379417,-0.12232268142430802,0.5020546089370416,0.3535238808113501,"mu_raw in native units; mu_fovnorm in FOV diameters (length-like only); mu_sigma_own uses the frozen per-cohort Gate A sigma; mu_sigma_common uses the common scale s_k. alpha/beta/CCC/r/residual SD/LoA/prop-bias are on the median-centred sigma_own axis, identical to family 1",pivot/r2/segformer_b0/hrf/pred/bio.csv vs reference-mask biomarkers of results/pivot/r2/bio_master_full.csv; frozen sigma = results/gateA_biomarker_scales_train.csv; common scale s_k per results/pivot/r2/r2_common_scale_formula.txt; mask-failure rules pre-declared in DECISIONS.md 2026-09-18 11:03; 2000-draw paired image bootstrap
segformer_b0,0,hrf,False,main,density_skan,primary,30,30,0,0,0.0156452398763284,0.0141383576039809,0.0023182434679110677,-0.0017199936545340927,0.006207074654761764,,0.14817564231908148,0.1639683712101274,0.14817564231908148,-0.10993718652639405,0.3967388613934393,0.11531020911544734,-0.18679423099943204,0.40864895580239974,1.202099173358996,0.8621527081577427,1.8886359177977519,False,False,0.7971313113314655,0.554797757160211,1.0968955726581224,0.6791607343489356,0.46770308582812836,0.8076032123174429,0.6937215749541811,0.49153734792419196,0.8256808219749678,0.6587319243604004,-1.2921199884567796,1.5884712730949424,0.15090507039379417,-0.12389675110953463,0.4854215938678303,0.3535238808113501,"mu_raw in native units; mu_fovnorm in FOV diameters (length-like only); mu_sigma_own uses the frozen per-cohort Gate A sigma; mu_sigma_common uses the common scale s_k. alpha/beta/CCC/r/residual SD/LoA/prop-bias are on the median-centred sigma_own axis, identical to family 1",pivot/r2/segformer_b0/hrf/pred/bio.csv vs reference-mask biomarkers of results/pivot/r2/bio_master_full.csv; frozen sigma = results/gateA_biomarker_scales_train.csv; common scale s_k per results/pivot/r2/r2_common_scale_formula.txt; mask-failure rules pre-declared in DECISIONS.md 2026-09-18 11:03; 2000-draw paired image bootstrap
segformer_b0,0,hrf,False,main,total_length_pvbm,sensitivity,30,30,0,0,4491.472519245984,1.809602348939848,-27518.661187627316,-31440.234984122722,-23978.84758077483,-9.275155077535498,-6.126868431168109,-5.12552113063366,-6.126868431168108,-6.999983824770416,-5.338749703582808,-5.992553367272619,-10.297751130693287,-0.5736339811531237,2.0647772482879247,-17.242193841715462,17.012431830690183,False,False,3.6993246169608174,1.4867987287621613,55.62018843509572,0.027954945830371034,-0.03776815069235467,0.09487596868204588,0.1890410354015389,-0.2763784214861572,0.6340416672110808,0.23381535038932147,-10.744568287673522,-1.509168574662695,0.24894850340854624,-0.18761099520973637,0.7799142706089284,0.42760717887974403,"mu_raw in native units; mu_fovnorm in FOV diameters (length-like only); mu_sigma_own uses the frozen per-cohort Gate A sigma; mu_sigma_common uses the common scale s_k. alpha/beta/CCC/r/residual SD/LoA/prop-bias are on the median-centred sigma_own axis, identical to family 1",pivot/r2/segformer_b0/hrf/pred/bio.csv vs reference-mask biomarkers of results/pivot/r2/bio_master_full.csv; frozen sigma = results/gateA_biomarker_scales_train.csv; common scale s_k per results/pivot/r2/r2_common_scale_formula.txt; mask-failure rules pre-declared in DECISIONS.md 2026-09-18 11:03; 2000-draw paired image bootstrap
segformer_b0,0,hrf,False,main,total_length_skan,primary,30,30,0,0,6456.941750506251,2.0642520798536137,-20821.304898762206,-24260.410005093298,-17440.764421704513,-7.017798754304431,-3.2246388001145787,-3.3996810868186684,-3.22463880011458,-3.7572601616223626,-2.701087464562785,-3.2157193390755205,-4.076135598521083,-2.427951852266605,1.0605698412435738,-2.3379547954328985,3.1809172467002833,False,False,1.5725934518275628,0.9728409820359222,5.735972565717035,0.0539389918084447,-0.04639831551006824,0.15277125859790638,0.2426412614251902,-0.23685654678626572,0.6327479793346599,0.24983314794215797,-6.215856277005436,-0.23342132322372455,0.022976706154177896,-0.35480187152737197,0.35211425204390134,0.938481843584393,"mu_raw in native units; mu_fovnorm in FOV diameters (length-like only); mu_sigma_own uses the frozen per-cohort Gate A sigma; mu_sigma_common uses the common scale s_k. alpha/beta/CCC/r/residual SD/LoA/prop-bias are on the median-centred sigma_own axis, identical to family 1",pivot/r2/segformer_b0/hrf/pred/bio.csv vs reference-mask biomarkers of results/pivot/r2/bio_master_full.csv; frozen sigma = results/gateA_biomarker_scales_train.csv; common scale s_k per results/pivot/r2/r2_common_scale_formula.txt; mask-failure rules pre-declared in DECISIONS.md 2026-09-18 11:03; 2000-draw paired image bootstrap
segformer_b0,0,hrf,False,sens_no_degen,FD_pvbm,sensitivity,30,30,0,0,0.0191265872248343,0.0213866761354084,-0.03610320938002023,-0.04279204127791751,-0.029676129112143537,,-1.8875928546804825,-1.6881168981769312,-1.8875928546804828,-2.237306675513735,-1.551564257820733,-1.847507360991489,-2.891731143871015,-1.0430958179887715,2.2581699542631775,1.2174287289858223,12.236340750781153,False,True,1.4540327201634142,0.7601841272305864,9.489136646356402,0.12926941218639804,0.010370247721371247,0.24397104108510115,0.45872781614513036,0.05718152614337415,0.7391752596246237,0.4473859844271412,-3.781444624858949,0.006258915497983297,0.5400597499742386,0.21366995929764016,1.0286136952441995,0.019442780949622766,"mu_raw in native units; mu_fovnorm in FOV diameters (length-like only); mu_sigma_own uses the frozen per-cohort Gate A sigma; mu_sigma_common uses the common scale s_k. alpha/beta/CCC/r/residual SD/LoA/prop-bias are on the median-centred sigma_own axis, identical to family 1",pivot/r2/segformer_b0/hrf/pred/bio.csv vs reference-mask biomarkers of results/pivot/r2/bio_master_full.csv; frozen sigma = results/gateA_biomarker_scales_train.csv; common scale s_k per results/pivot/r2/r2_common_scale_formula.txt; mask-failure rules pre-declared in DECISIONS.md 2026-09-18 11:03; 2000-draw paired image bootstrap
segformer_b0,0,hrf,False,sens_no_degen,FD_skan,primary,30,30,0,0,0.0190610980643877,0.0270899437148906,-0.059469332954746254,-0.06930697850887514,-0.04978046170107819,,-3.1199321651806735,-2.1952549470251426,-3.1199321651806735,-3.636043331541482,-2.611626126308232,-2.9369614319225605,-6.409059068056109,0.13223201610645505,2.3959531171097534,-16.917173690667866,18.528102428163727,False,False,2.6249768658300394,1.1140597152138874,31.544837503587175,0.043677556148521826,-0.04588556266135906,0.13767029935158037,0.2026324298774804,-0.2296440239449895,0.6114217296500604,0.26585094549499444,-6.075399381609621,-0.16446494875172624,0.32794774319732106,-0.028851122400051967,0.7085790318270548,0.2879512385247769,"mu_raw in native units; mu_fovnorm in FOV diameters (length-like only); mu_sigma_own uses the frozen per-cohort Gate A sigma; mu_sigma_common uses the common scale s_k. alpha/beta/CCC/r/residual SD/LoA/prop-bias are on the median-centred sigma_own axis, identical to family 1",pivot/r2/segformer_b0/hrf/pred/bio.csv vs reference-mask biomarkers of results/pivot/r2/bio_master_full.csv; frozen sigma = results/gateA_biomarker_scales_train.csv; common scale s_k per results/pivot/r2/r2_common_scale_formula.txt; mask-failure rules pre-declared in DECISIONS.md 2026-09-18 11:03; 2000-draw paired image bootstrap
segformer_b0,0,hrf,False,sens_no_degen,tortuosity_pvbm,sensitivity,30,30,0,0,0.0023668667109986,0.0060515239553262,-0.0011396125702438345,-0.003191330472518527,0.0007391054879291233,,-0.4814857401763122,-0.18831827795060016,-0.4814857401763122,-1.3483355263263135,0.31227169848414865,-0.14227933475180837,-0.6400070182207774,0.482169077304449,0.5129274303516779,0.14310295393160727,0.7887571557022293,True,True,1.6327127061766586,1.1587945422560544,1.9804183761045115,0.5322454471858195,0.08251680345053466,0.7535502962433899,0.5888062090166877,0.08866141956836934,0.8366929024363866,0.5216907675194661,-5.207494093059066,4.244522612706441,-0.5051537398023037,-0.8246516654638799,-0.12826603295908304,0.009864068525872903,"mu_raw in native units; mu_fovnorm in FOV diameters (length-like only); mu_sigma_own uses the frozen per-cohort Gate A sigma; mu_sigma_common uses the common scale s_k. alpha/beta/CCC/r/residual SD/LoA/prop-bias are on the median-centred sigma_own axis, identical to family 1",pivot/r2/segformer_b0/hrf/pred/bio.csv vs reference-mask biomarkers of results/pivot/r2/bio_master_full.csv; frozen sigma = results/gateA_biomarker_scales_train.csv; common scale s_k per results/pivot/r2/r2_common_scale_formula.txt; mask-failure rules pre-declared in DECISIONS.md 2026-09-18 11:03; 2000-draw paired image bootstrap
segformer_b0,0,hrf,False,sens_no_degen,tortuosity_skan,primary,30,30,0,0,0.0058124661067053,0.0088190223056148,-0.0070295810941071474,-0.014468084153839069,-0.001115981860987793,,-1.209397347882644,-0.7970930167204169,-1.209397347882644,-2.4891472721275036,-0.19199799887011615,-0.25747331107304106,-0.6362208996089909,0.14833457990661428,0.2822531602739507,0.01782305733288353,0.63822774322925,True,True,1.4780398178214995,0.8604717699956429,1.8676029616420364,0.36297564656269043,0.02541641438678183,0.7809970058118217,0.5183770578624866,0.05406312918417772,0.8712052354903141,0.667630700778643,-7.42904933102934,5.010254635264053,-0.924815256839186,-1.6518598669845639,-0.3793678633124267,1.4812752263489128e-05,"mu_raw in native units; mu_fovnorm in FOV diameters (length-like only); mu_sigma_own uses the frozen per-cohort Gate A sigma; mu_sigma_common uses the common scale s_k. alpha/beta/CCC/r/residual SD/LoA/prop-bias are on the median-centred sigma_own axis, identical to family 1",pivot/r2/segformer_b0/hrf/pred/bio.csv vs reference-mask biomarkers of results/pivot/r2/bio_master_full.csv; frozen sigma = results/gateA_biomarker_scales_train.csv; common scale s_k per results/pivot/r2/r2_common_scale_formula.txt; mask-failure rules pre-declared in DECISIONS.md 2026-09-18 11:03; 2000-draw paired image bootstrap
segformer_b0,0,hrf,False,sens_no_degen,density_pvbm,sensitivity,30,30,0,0,0.0156452398763284,0.0141383576039809,0.0023182434679110677,-0.0016842118257215006,0.006129557466097484,,0.14817564231908148,0.1639683712101274,0.14817564231908148,-0.10765011204908091,0.39178417937660653,0.11531020911544734,-0.19672217790444696,0.4053968287787534,1.202099173358996,0.8586484574536164,1.9146881991002807,False,False,0.7971313113314655,0.5502860055105988,1.0936002691913291,0.6791607343489356,0.4640542986674014,0.8062729609991895,0.6937215749541811,0.4941579940253807,0.8290867669698347,0.6587319243604004,-1.2921199884567796,1.5884712730949424,0.15090507039379417,-0.13064803266099828,0.4883298166672887,0.3535238808113501,"mu_raw in native units; mu_fovnorm in FOV diameters (length-like only); mu_sigma_own uses the frozen per-cohort Gate A sigma; mu_sigma_common uses the common scale s_k. alpha/beta/CCC/r/residual SD/LoA/prop-bias are on the median-centred sigma_own axis, identical to family 1",pivot/r2/segformer_b0/hrf/pred/bio.csv vs reference-mask biomarkers of results/pivot/r2/bio_master_full.csv; frozen sigma = results/gateA_biomarker_scales_train.csv; common scale s_k per results/pivot/r2/r2_common_scale_formula.txt; mask-failure rules pre-declared in DECISIONS.md 2026-09-18 11:03; 2000-draw paired image bootstrap
segformer_b0,0,hrf,False,sens_no_degen,density_skan,primary,30,30,0,0,0.0156452398763284,0.0141383576039809,0.0023182434679110677,-0.0016246615933744985,0.0063902239773876365,,0.14817564231908148,0.1639683712101274,0.14817564231908148,-0.10384382765729579,0.4084452541412413,0.11531020911544734,-0.18379232326937248,0.4247727384160325,1.202099173358996,0.8408519176378132,1.8917120486077021,False,False,0.7971313113314655,0.5453264368617623,1.091236795216903,0.6791607343489356,0.4642747984143794,0.807780680599748,0.6937215749541811,0.5000981095250366,0.8324569720619296,0.6587319243604004,-1.2921199884567796,1.5884712730949424,0.15090507039379417,-0.1446267572913459,0.4914262237042918,0.3535238808113501,"mu_raw in native units; mu_fovnorm in FOV diameters (length-like only); mu_sigma_own uses the frozen per-cohort Gate A sigma; mu_sigma_common uses the common scale s_k. alpha/beta/CCC/r/residual SD/LoA/prop-bias are on the median-centred sigma_own axis, identical to family 1",pivot/r2/segformer_b0/hrf/pred/bio.csv vs reference-mask biomarkers of results/pivot/r2/bio_master_full.csv; frozen sigma = results/gateA_biomarker_scales_train.csv; common scale s_k per results/pivot/r2/r2_common_scale_formula.txt; mask-failure rules pre-declared in DECISIONS.md 2026-09-18 11:03; 2000-draw paired image bootstrap
segformer_b0,0,hrf,False,sens_no_degen,total_length_pvbm,sensitivity,30,30,0,0,4491.472519245984,1.809602348939848,-27518.661187627316,-31565.688183517374,-23694.624231464517,-9.275155077535498,-6.126868431168109,-5.12552113063366,-6.126868431168108,-7.027915243443711,-5.2754690427099185,-5.992553367272619,-11.044174389217128,-2.436735015876386,2.0647772482879247,-17.685951008527077,16.176017475112715,False,False,3.6993246169608174,1.5003413875814766,60.781714237880614,0.027954945830371034,-0.0414175073649248,0.09288743492777443,0.1890410354015389,-0.29173178984679127,0.6195913746032186,0.23381535038932147,-10.744568287673522,-1.509168574662695,0.24894850340854624,-0.17906753880652304,0.7840308440445972,0.42760717887974403,"mu_raw in native units; mu_fovnorm in FOV diameters (length-like only); mu_sigma_own uses the frozen per-cohort Gate A sigma; mu_sigma_common uses the common scale s_k. alpha/beta/CCC/r/residual SD/LoA/prop-bias are on the median-centred sigma_own axis, identical to family 1",pivot/r2/segformer_b0/hrf/pred/bio.csv vs reference-mask biomarkers of results/pivot/r2/bio_master_full.csv; frozen sigma = results/gateA_biomarker_scales_train.csv; common scale s_k per results/pivot/r2/r2_common_scale_formula.txt; mask-failure rules pre-declared in DECISIONS.md 2026-09-18 11:03; 2000-draw paired image bootstrap
segformer_b0,0,hrf,False,sens_no_degen,total_length_skan,primary,30,30,0,0,6456.941750506251,2.0642520798536137,-20821.304898762206,-24405.308820873914,-17323.061163879243,-7.017798754304431,-3.2246388001145787,-3.3996810868186684,-3.22463880011458,-3.779700942626659,-2.6828585161885723,-3.2157193390755205,-4.164467823490237,-2.2219545558614535,1.0605698412435738,-2.614797259351927,4.047024025602596,False,False,1.5725934518275628,0.9894060642161292,7.386125042709561,0.0539389918084447,-0.04471966001887878,0.15049042607130245,0.2426412614251902,-0.21383481521948147,0.6434836873162194,0.24983314794215797,-6.215856277005436,-0.23342132322372455,0.022976706154177896,-0.34537495922285344,0.3626153065222345,0.938481843584393,"mu_raw in native units; mu_fovnorm in FOV diameters (length-like only); mu_sigma_own uses the frozen per-cohort Gate A sigma; mu_sigma_common uses the common scale s_k. alpha/beta/CCC/r/residual SD/LoA/prop-bias are on the median-centred sigma_own axis, identical to family 1",pivot/r2/segformer_b0/hrf/pred/bio.csv vs reference-mask biomarkers of results/pivot/r2/bio_master_full.csv; frozen sigma = results/gateA_biomarker_scales_train.csv; common scale s_k per results/pivot/r2/r2_common_scale_formula.txt; mask-failure rules pre-declared in DECISIONS.md 2026-09-18 11:03; 2000-draw paired image bootstrap
segformer_b0,1,hrf,False,main,FD_pvbm,sensitivity,30,30,0,0,0.0191265872248343,0.0213866761354084,-0.031093414283524013,-0.0380424931327644,-0.025062942148770608,,-1.6256645222704327,-1.4538684780495112,-1.6256645222704327,-1.9889848975968565,-1.310371884652189,-1.5883294295132224,-2.7158082249841793,-0.7066650086201397,2.171842669849629,0.9583234272107286,9.66791128501456,False,False,1.453053021962573,0.7460155343526513,8.779289710674053,0.13323361908085368,0.006053729396370936,0.25872541432940344,0.401647722186881,0.02429444936350514,0.6946269599161751,0.4353726362625139,-3.501546579369136,0.2502175348282709,0.4711122202668258,0.07671727546837259,0.9510438401816891,0.05691883019120824,"mu_raw in native units; mu_fovnorm in FOV diameters (length-like only); mu_sigma_own uses the frozen per-cohort Gate A sigma; mu_sigma_common uses the common scale s_k. alpha/beta/CCC/r/residual SD/LoA/prop-bias are on the median-centred sigma_own axis, identical to family 1",pivot/r2/segformer_b0/hrf_s1/pred/bio.csv vs reference-mask biomarkers of results/pivot/r2/bio_master_full.csv; frozen sigma = results/gateA_biomarker_scales_train.csv; common scale s_k per results/pivot/r2/r2_common_scale_formula.txt; mask-failure rules pre-declared in DECISIONS.md 2026-09-18 11:03; 2000-draw paired image bootstrap
segformer_b0,1,hrf,False,main,FD_skan,primary,30,30,0,0,0.0190610980643877,0.0270899437148906,-0.053560510311258955,-0.06437674794902826,-0.04390254357820653,,-2.8099383430237594,-1.9771362714872756,-2.8099383430237594,-3.3773892632819966,-2.3032536441450184,-2.6509646028235214,-5.102468285517848,-0.35559766633899487,2.212870956023661,-13.235182641679808,12.548556444638193,False,False,2.481742902233698,0.9754011008860798,24.60389582424214,0.039028758040062,-0.06985489797044173,0.1430029184413416,0.16084338311300583,-0.2937702171810928,0.5857374453124137,0.21423804226918797,-5.736386503494524,0.1165098174470045,0.24191578961621688,-0.19304890331226027,0.659442751513463,0.4540367193964027,"mu_raw in native units; mu_fovnorm in FOV diameters (length-like only); mu_sigma_own uses the frozen per-cohort Gate A sigma; mu_sigma_common uses the common scale s_k. alpha/beta/CCC/r/residual SD/LoA/prop-bias are on the median-centred sigma_own axis, identical to family 1",pivot/r2/segformer_b0/hrf_s1/pred/bio.csv vs reference-mask biomarkers of results/pivot/r2/bio_master_full.csv; frozen sigma = results/gateA_biomarker_scales_train.csv; common scale s_k per results/pivot/r2/r2_common_scale_formula.txt; mask-failure rules pre-declared in DECISIONS.md 2026-09-18 11:03; 2000-draw paired image bootstrap
segformer_b0,1,hrf,False,main,tortuosity_pvbm,sensitivity,30,30,0,0,0.0023668667109986,0.0060515239553262,-0.0009432007037382858,-0.0028637388781641575,0.0008049906849316689,,-0.3985018249465945,-0.15586168223099164,-0.39850182494659436,-1.2099282417791595,0.3401081612204672,-0.0489038611287792,-0.5413468728677016,0.4980470828925225,0.4980060050237965,0.17239230768390065,0.7607970259240603,True,True,1.463912976550354,1.1057039569699258,1.6985903791945454,0.5677641991873849,0.15691178077683562,0.7563898724202583,0.6387549215726999,0.17117272117445712,0.8484786455599065,0.546607341490545,-4.878974064785305,4.081970414892116,-0.5514798495484579,-0.9191070759620871,-0.18117317276500086,0.0025302045753034233,"mu_raw in native units; mu_fovnorm in FOV diameters (length-like only); mu_sigma_own uses the frozen per-cohort Gate A sigma; mu_sigma_common uses the common scale s_k. alpha/beta/CCC/r/residual SD/LoA/prop-bias are on the median-centred sigma_own axis, identical to family 1",pivot/r2/segformer_b0/hrf_s1/pred/bio.csv vs reference-mask biomarkers of results/pivot/r2/bio_master_full.csv; frozen sigma = results/gateA_biomarker_scales_train.csv; common scale s_k per results/pivot/r2/r2_common_scale_formula.txt; mask-failure rules pre-declared in DECISIONS.md 2026-09-18 11:03; 2000-draw paired image bootstrap
segformer_b0,1,hrf,False,main,tortuosity_skan,primary,30,30,0,0,0.0058124661067053,0.0088190223056148,-0.007411115297232803,-0.014315159509608093,-0.0017794866957223754,,-1.2750380236511472,-0.8403556585308072,-1.2750380236511474,-2.462837502500708,-0.3061500339192599,-0.3348542219958457,-0.6893243954311746,0.08029018845880373,0.2911052496779355,0.04890058990668868,0.6331144143547797,True,True,1.3975686730157242,0.8119293743607152,1.738593117413612,0.3809876047890166,0.06683003410396467,0.7883086429312723,0.5586610785788013,0.13512864049010975,0.8887230664652443,0.6769744160177975,-7.344239618130754,4.794163570828459,-0.9295662866970482,-1.5573928486310646,-0.37741078333262057,5.3523433072295875e-06,"mu_raw in native units; mu_fovnorm in FOV diameters (length-like only); mu_sigma_own uses the frozen per-cohort Gate A sigma; mu_sigma_common uses the common scale s_k. alpha/beta/CCC/r/residual SD/LoA/prop-bias are on the median-centred sigma_own axis, identical to family 1",pivot/r2/segformer_b0/hrf_s1/pred/bio.csv vs reference-mask biomarkers of results/pivot/r2/bio_master_full.csv; frozen sigma = results/gateA_biomarker_scales_train.csv; common scale s_k per results/pivot/r2/r2_common_scale_formula.txt; mask-failure rules pre-declared in DECISIONS.md 2026-09-18 11:03; 2000-draw paired image bootstrap
segformer_b0,1,hrf,False,main,density_pvbm,sensitivity,30,30,0,0,0.0156452398763284,0.0141383576039809,0.00727854902546945,0.0025835798352055904,0.011446230451020388,,0.4652245080934846,0.5148086665611038,0.4652245080934846,0.16513520122593994,0.7316110549598408,0.43466567584558613,0.07241841171507472,0.7834849828709722,1.187915208597755,0.7326480373832354,2.091557716334793,False,False,0.8742492399132084,0.595805844091741,1.2549853898050547,0.54388460356887,0.3062067745284406,0.7167112786729474,0.6194312975502363,0.38604912671588887,0.775635012763343,0.6048943270300334,-1.1143235338799822,2.0447725500669516,0.13191796826814275,-0.2386768884262798,0.503386274098102,0.47596526363297187,"mu_raw in native units; mu_fovnorm in FOV diameters (length-like only); mu_sigma_own uses the frozen per-cohort Gate A sigma; mu_sigma_common uses the common scale s_k. alpha/beta/CCC/r/residual SD/LoA/prop-bias are on the median-centred sigma_own axis, identical to family 1",pivot/r2/segformer_b0/hrf_s1/pred/bio.csv vs reference-mask biomarkers of results/pivot/r2/bio_master_full.csv; frozen sigma = results/gateA_biomarker_scales_train.csv; common scale s_k per results/pivot/r2/r2_common_scale_formula.txt; mask-failure rules pre-declared in DECISIONS.md 2026-09-18 11:03; 2000-draw paired image bootstrap
segformer_b0,1,hrf,False,main,density_skan,primary,30,30,0,0,0.0156452398763284,0.0141383576039809,0.00727854902546945,0.002742792284550156,0.011523768381935997,,0.4652245080934846,0.5148086665611038,0.4652245080934846,0.17531161594396913,0.7365670627633978,0.43466567584558613,0.06653384705404432,0.781352973146748,1.187915208597755,0.7490064932674567,2.0449617093434824,False,False,0.8742492399132084,0.5924402742770513,1.2376371190632705,0.54388460356887,0.31868714965662276,0.7038620978096057,0.6194312975502363,0.39755191541489954,0.7693863890753209,0.6048943270300334,-1.1143235338799822,2.0447725500669516,0.13191796826814275,-0.23011502482693844,0.5218119040299068,0.47596526363297187,"mu_raw in native units; mu_fovnorm in FOV diameters (length-like only); mu_sigma_own uses the frozen per-cohort Gate A sigma; mu_sigma_common uses the common scale s_k. alpha/beta/CCC/r/residual SD/LoA/prop-bias are on the median-centred sigma_own axis, identical to family 1",pivot/r2/segformer_b0/hrf_s1/pred/bio.csv vs reference-mask biomarkers of results/pivot/r2/bio_master_full.csv; frozen sigma = results/gateA_biomarker_scales_train.csv; common scale s_k per results/pivot/r2/r2_common_scale_formula.txt; mask-failure rules pre-declared in DECISIONS.md 2026-09-18 11:03; 2000-draw paired image bootstrap
segformer_b0,1,hrf,False,main,total_length_pvbm,sensitivity,30,30,0,0,4491.472519245984,1.809602348939848,-25376.72915907754,-29278.476149252856,-21741.583288754864,-8.553225114411507,-5.649979834082947,-4.72657715073281,-5.649979834082947,-6.51868090560377,-4.840635937455269,-5.4567940633062095,-10.7547126511544,-0.6938599248613122,2.531472401160392,-19.037439853068143,15.765030055623539,False,False,4.467224041055188,1.4557808969766743,57.4025713994145,0.02726498441901506,-0.052873810451475926,0.103587861858461,0.15841339845333816,-0.31682833309625,0.5958045143243413,0.19911012235817574,-10.40788135868516,-0.892078309480735,0.28861748562945166,-0.2224810112674335,0.796035947226822,0.3722072744728663,"mu_raw in native units; mu_fovnorm in FOV diameters (length-like only); mu_sigma_own uses the frozen per-cohort Gate A sigma; mu_sigma_common uses the common scale s_k. alpha/beta/CCC/r/residual SD/LoA/prop-bias are on the median-centred sigma_own axis, identical to family 1",pivot/r2/segformer_b0/hrf_s1/pred/bio.csv vs reference-mask biomarkers of results/pivot/r2/bio_master_full.csv; frozen sigma = results/gateA_biomarker_scales_train.csv; common scale s_k per results/pivot/r2/r2_common_scale_formula.txt; mask-failure rules pre-declared in DECISIONS.md 2026-09-18 11:03; 2000-draw paired image bootstrap
segformer_b0,1,hrf,False,main,total_length_skan,primary,30,30,0,0,6456.941750506251,2.0642520798536137,-18912.226455992433,-22548.071351329894,-15549.238016542095,-6.374353299337627,-2.92897585060445,-3.0879723273863267,-2.9289758506044503,-3.4920667124745286,-2.4081428356269394,-2.9424064013711884,-3.7730738916051725,-2.1110371550498095,0.9087964705274435,-2.333017213705529,3.816850879798466,False,False,1.4683465484533005,0.910009920355945,6.0543449763187756,0.05136702522233141,-0.055418107004783314,0.15981272843105251,0.20474388025135692,-0.24225039195154793,0.6281224813337147,0.2324805339265851,-5.942785153126977,0.08483345191807601,-0.0325500405803875,-0.4670657389603046,0.3518929764692726,0.9163270341652904,"mu_raw in native units; mu_fovnorm in FOV diameters (length-like only); mu_sigma_own uses the frozen per-cohort Gate A sigma; mu_sigma_common uses the common scale s_k. alpha/beta/CCC/r/residual SD/LoA/prop-bias are on the median-centred sigma_own axis, identical to family 1",pivot/r2/segformer_b0/hrf_s1/pred/bio.csv vs reference-mask biomarkers of results/pivot/r2/bio_master_full.csv; frozen sigma = results/gateA_biomarker_scales_train.csv; common scale s_k per results/pivot/r2/r2_common_scale_formula.txt; mask-failure rules pre-declared in DECISIONS.md 2026-09-18 11:03; 2000-draw paired image bootstrap
segformer_b0,1,hrf,False,sens_no_degen,FD_pvbm,sensitivity,30,30,0,0,0.0191265872248343,0.0213866761354084,-0.031093414283524013,-0.03779631361494142,-0.02506386609858692,,-1.6256645222704327,-1.4538684780495112,-1.6256645222704327,-1.9761138341431879,-1.3104201917445861,-1.5883294295132224,-2.7641712399548664,-0.698874897897045,2.171842669849629,0.9274593551622425,11.489961501391742,False,False,1.453053021962573,0.7190865441874729,8.928789092590565,0.13323361908085368,0.009200928221309362,0.2705360145576335,0.401647722186881,0.03327532562527601,0.7051013960125506,0.4353726362625139,-3.501546579369136,0.2502175348282709,0.4711122202668258,0.060073487484684635,0.9786142799681556,0.05691883019120824,"mu_raw in native units; mu_fovnorm in FOV diameters (length-like only); mu_sigma_own uses the frozen per-cohort Gate A sigma; mu_sigma_common uses the common scale s_k. alpha/beta/CCC/r/residual SD/LoA/prop-bias are on the median-centred sigma_own axis, identical to family 1",pivot/r2/segformer_b0/hrf_s1/pred/bio.csv vs reference-mask biomarkers of results/pivot/r2/bio_master_full.csv; frozen sigma = results/gateA_biomarker_scales_train.csv; common scale s_k per results/pivot/r2/r2_common_scale_formula.txt; mask-failure rules pre-declared in DECISIONS.md 2026-09-18 11:03; 2000-draw paired image bootstrap
segformer_b0,1,hrf,False,sens_no_degen,FD_skan,primary,30,30,0,0,0.0190610980643877,0.0270899437148906,-0.053560510311258955,-0.0634650172923889,-0.04384324861264649,,-2.8099383430237594,-1.9771362714872756,-2.8099383430237594,-3.329557252053705,-2.3001428597946236,-2.6509646028235214,-4.560848029321289,0.6373860969180724,2.212870956023661,-9.472536366416016,17.45676331907796,False,False,2.481742902233698,1.0329209777295503,30.42961603683717,0.039028758040062,-0.06405738771354845,0.14262470452081055,0.16084338311300583,-0.2815222014510407,0.5717118124818232,0.21423804226918797,-5.736386503494524,0.1165098174470045,0.24191578961621688,-0.1781358963410902,0.6277974520344477,0.4540367193964027,"mu_raw in native units; mu_fovnorm in FOV diameters (length-like only); mu_sigma_own uses the frozen per-cohort Gate A sigma; mu_sigma_common uses the common scale s_k. alpha/beta/CCC/r/residual SD/LoA/prop-bias are on the median-centred sigma_own axis, identical to family 1",pivot/r2/segformer_b0/hrf_s1/pred/bio.csv vs reference-mask biomarkers of results/pivot/r2/bio_master_full.csv; frozen sigma = results/gateA_biomarker_scales_train.csv; common scale s_k per results/pivot/r2/r2_common_scale_formula.txt; mask-failure rules pre-declared in DECISIONS.md 2026-09-18 11:03; 2000-draw paired image bootstrap
segformer_b0,1,hrf,False,sens_no_degen,tortuosity_pvbm,sensitivity,30,30,0,0,0.0023668667109986,0.0060515239553262,-0.0009432007037382858,-0.002939185930832773,0.0009850527716958263,,-0.3985018249465945,-0.15586168223099164,-0.39850182494659436,-1.2418045837455323,0.41618430269790085,-0.0489038611287792,-0.5404562926599558,0.50821315232556,0.4980060050237965,0.16968482103427163,0.7591251084049971,True,True,1.463912976550354,1.1057087375789596,1.6982173217846581,0.5677641991873849,0.14232890573058124,0.7603777944417042,0.6387549215726999,0.16043888851487717,0.8427780762988735,0.546607341490545,-4.878974064785305,4.081970414892116,-0.5514798495484579,-0.8935865405033244,-0.18645165460794363,0.0025302045753034233,"mu_raw in native units; mu_fovnorm in FOV diameters (length-like only); mu_sigma_own uses the frozen per-cohort Gate A sigma; mu_sigma_common uses the common scale s_k. alpha/beta/CCC/r/residual SD/LoA/prop-bias are on the median-centred sigma_own axis, identical to family 1",pivot/r2/segformer_b0/hrf_s1/pred/bio.csv vs reference-mask biomarkers of results/pivot/r2/bio_master_full.csv; frozen sigma = results/gateA_biomarker_scales_train.csv; common scale s_k per results/pivot/r2/r2_common_scale_formula.txt; mask-failure rules pre-declared in DECISIONS.md 2026-09-18 11:03; 2000-draw paired image bootstrap
segformer_b0,1,hrf,False,sens_no_degen,tortuosity_skan,primary,30,30,0,0,0.0058124661067053,0.0088190223056148,-0.007411115297232803,-0.014383965042520984,-0.001750399476361956,,-1.2750380236511472,-0.8403556585308072,-1.2750380236511474,-2.4746750825656516,-0.30114575194557835,-0.3348542219958457,-0.7082646419234603,0.053258720071267834,0.2911052496779355,0.043607614326615245,0.6347189240493679,True,True,1.3975686730157242,0.8358176581009406,1.735165759057341,0.3809876047890166,0.059556807766201175,0.7657348055038091,0.5586610785788013,0.1208345104097698,0.8772025297775929,0.6769744160177975,-7.344239618130754,4.794163570828459,-0.9295662866970482,-1.5628570452402073,-0.40331695311820065,5.3523433072295875e-06,"mu_raw in native units; mu_fovnorm in FOV diameters (length-like only); mu_sigma_own uses the frozen per-cohort Gate A sigma; mu_sigma_common uses the common scale s_k. alpha/beta/CCC/r/residual SD/LoA/prop-bias are on the median-centred sigma_own axis, identical to family 1",pivot/r2/segformer_b0/hrf_s1/pred/bio.csv vs reference-mask biomarkers of results/pivot/r2/bio_master_full.csv; frozen sigma = results/gateA_biomarker_scales_train.csv; common scale s_k per results/pivot/r2/r2_common_scale_formula.txt; mask-failure rules pre-declared in DECISIONS.md 2026-09-18 11:03; 2000-draw paired image bootstrap
segformer_b0,1,hrf,False,sens_no_degen,density_pvbm,sensitivity,30,30,0,0,0.0156452398763284,0.0141383576039809,0.00727854902546945,0.002748216855084339,0.011704761908316584,,0.4652245080934846,0.5148086665611038,0.4652245080934846,0.1756583393292968,0.748135663041265,0.43466567584558613,0.08165563877188815,0.7909088350081118,1.187915208597755,0.7648226951427312,2.0436905459667445,False,False,0.8742492399132084,0.5848879258292554,1.2217698879203815,0.54388460356887,0.3003222298714022,0.7021169343929776,0.6194312975502363,0.3861374742424552,0.7700155736875524,0.6048943270300334,-1.1143235338799822,2.0447725500669516,0.13191796826814275,-0.20797208332766315,0.5065935686452561,0.47596526363297187,"mu_raw in native units; mu_fovnorm in FOV diameters (length-like only); mu_sigma_own uses the frozen per-cohort Gate A sigma; mu_sigma_common uses the common scale s_k. alpha/beta/CCC/r/residual SD/LoA/prop-bias are on the median-centred sigma_own axis, identical to family 1",pivot/r2/segformer_b0/hrf_s1/pred/bio.csv vs reference-mask biomarkers of results/pivot/r2/bio_master_full.csv; frozen sigma = results/gateA_biomarker_scales_train.csv; common scale s_k per results/pivot/r2/r2_common_scale_formula.txt; mask-failure rules pre-declared in DECISIONS.md 2026-09-18 11:03; 2000-draw paired image bootstrap
segformer_b0,1,hrf,False,sens_no_degen,density_skan,primary,30,30,0,0,0.0156452398763284,0.0141383576039809,0.00727854902546945,0.002847524394371894,0.011536283687089402,,0.4652245080934846,0.5148086665611038,0.4652245080934846,0.18200579964774216,0.7373670060849664,0.43466567584558613,0.08153302734947325,0.7807496572392384,1.187915208597755,0.7525436226708392,2.092635990425902,False,False,0.8742492399132084,0.6043390590532506,1.2638675609675358,0.54388460356887,0.29881780164363425,0.6993769901200617,0.6194312975502363,0.3902518699976351,0.7617422130206265,0.6048943270300334,-1.1143235338799822,2.0447725500669516,0.13191796826814275,-0.22762695583634757,0.5119599813304344,0.47596526363297187,"mu_raw in native units; mu_fovnorm in FOV diameters (length-like only); mu_sigma_own uses the frozen per-cohort Gate A sigma; mu_sigma_common uses the common scale s_k. alpha/beta/CCC/r/residual SD/LoA/prop-bias are on the median-centred sigma_own axis, identical to family 1",pivot/r2/segformer_b0/hrf_s1/pred/bio.csv vs reference-mask biomarkers of results/pivot/r2/bio_master_full.csv; frozen sigma = results/gateA_biomarker_scales_train.csv; common scale s_k per results/pivot/r2/r2_common_scale_formula.txt; mask-failure rules pre-declared in DECISIONS.md 2026-09-18 11:03; 2000-draw paired image bootstrap
segformer_b0,1,hrf,False,sens_no_degen,total_length_pvbm,sensitivity,30,30,0,0,4491.472519245984,1.809602348939848,-25376.72915907754,-29436.72420517302,-21761.459294186,-8.553225114411507,-5.649979834082947,-4.72657715073281,-5.649979834082947,-6.553913906638969,-4.845061213430124,-5.4567940633062095,-10.570661934546267,0.4342074392990335,2.531472401160392,-15.52227921839686,21.74715614845197,False,False,4.467224041055188,1.5080846873805642,60.31890986520356,0.02726498441901506,-0.0483273833530112,0.10558816644737508,0.15841339845333816,-0.28965395022620943,0.5892465553938026,0.19911012235817574,-10.40788135868516,-0.892078309480735,0.28861748562945166,-0.2090140605510728,0.7827924768423038,0.3722072744728663,"mu_raw in native units; mu_fovnorm in FOV diameters (length-like only); mu_sigma_own uses the frozen per-cohort Gate A sigma; mu_sigma_common uses the common scale s_k. alpha/beta/CCC/r/residual SD/LoA/prop-bias are on the median-centred sigma_own axis, identical to family 1",pivot/r2/segformer_b0/hrf_s1/pred/bio.csv vs reference-mask biomarkers of results/pivot/r2/bio_master_full.csv; frozen sigma = results/gateA_biomarker_scales_train.csv; common scale s_k per results/pivot/r2/r2_common_scale_formula.txt; mask-failure rules pre-declared in DECISIONS.md 2026-09-18 11:03; 2000-draw paired image bootstrap
segformer_b0,1,hrf,False,sens_no_degen,total_length_skan,primary,30,30,0,0,6456.941750506251,2.0642520798536137,-18912.226455992433,-22428.964793161063,-15363.70737451731,-6.374353299337627,-2.92897585060445,-3.0879723273863267,-2.9289758506044503,-3.4736204320571016,-2.3794093191738535,-2.9424064013711884,-3.7989929990330356,-2.19344135840567,0.9087964705274435,-1.7303484073070077,3.3836993214450044,False,False,1.4683465484533005,0.9107505230538393,4.949267317762811,0.05136702522233141,-0.05312121346716248,0.1668284100371665,0.20474388025135692,-0.23485145140726343,0.616737639716492,0.2324805339265851,-5.942785153126977,0.08483345191807601,-0.0325500405803875,-0.4527766549876474,0.3369666433207462,0.9163270341652904,"mu_raw in native units; mu_fovnorm in FOV diameters (length-like only); mu_sigma_own uses the frozen per-cohort Gate A sigma; mu_sigma_common uses the common scale s_k. alpha/beta/CCC/r/residual SD/LoA/prop-bias are on the median-centred sigma_own axis, identical to family 1",pivot/r2/segformer_b0/hrf_s1/pred/bio.csv vs reference-mask biomarkers of results/pivot/r2/bio_master_full.csv; frozen sigma = results/gateA_biomarker_scales_train.csv; common scale s_k per results/pivot/r2/r2_common_scale_formula.txt; mask-failure rules pre-declared in DECISIONS.md 2026-09-18 11:03; 2000-draw paired image bootstrap
