image_id,prob_path,mask_path,prob_exists,mask_exists,oof_available
train_100_A,E:\Programming\research_ws\medical1\exp\runs\seg_oof\fives\pred\prob\100_A.npy,E:\Programming\research_ws\medical1\exp\runs\seg_oof\fives\pred\mask\100_A.png,True,True,True
train_101_A,E:\Programming\research_ws\medical1\exp\runs\seg_oof\fives\pred\prob\101_A.npy,E:\Programming\research_ws\medical1\exp\runs\seg_oof\fives\pred\mask\101_A.png,True,True,True
train_102_A,E:\Programming\research_ws\medical1\exp\runs\seg_oof\fives\pred\prob\102_A.npy,E:\Programming\research_ws\medical1\exp\runs\seg_oof\fives\pred\mask\102_A.png,True,True,True
train_103_A,E:\Programming\research_ws\medical1\exp\runs\seg_oof\fives\pred\prob\103_A.npy,E:\Programming\research_ws\medical1\exp\runs\seg_oof\fives\pred\mask\103_A.png,True,True,True
train_104_A,E:\Programming\research_ws\medical1\exp\runs\seg_oof\fives\pred\prob\104_A.npy,E:\Programming\research_ws\medical1\exp\runs\seg_oof\fives\pred\mask\104_A.png,True,True,True
train_105_A,E:\Programming\research_ws\medical1\exp\runs\seg_oof\fives\pred\prob\105_A.npy,E:\Programming\research_ws\medical1\exp\runs\seg_oof\fives\pred\mask\105_A.png,True,True,True
train_106_A,E:\Programming\research_ws\medical1\exp\runs\seg_oof\fives\pred\prob\106_A.npy,E:\Programming\research_ws\medical1\exp\runs\seg_oof\fives\pred\mask\106_A.png,True,True,True
train_107_A,E:\Programming\research_ws\medical1\exp\runs\seg_oof\fives\pred\prob\107_A.npy,E:\Programming\research_ws\medical1\exp\runs\seg_oof\fives\pred\mask\107_A.png,True,True,True
train_108_A,E:\Programming\research_ws\medical1\exp\runs\seg_oof\fives\pred\prob\108_A.npy,E:\Programming\research_ws\medical1\exp\runs\seg_oof\fives\pred\mask\108_A.png,True,True,True
train_109_A,E:\Programming\research_ws\medical1\exp\runs\seg_oof\fives\pred\prob\109_A.npy,E:\Programming\research_ws\medical1\exp\runs\seg_oof\fives\pred\mask\109_A.png,True,True,True
train_10_A,E:\Programming\research_ws\medical1\exp\runs\seg_oof\fives\pred\prob\10_A.npy,E:\Programming\research_ws\medical1\exp\runs\seg_oof\fives\pred\mask\10_A.png,True,True,True
train_110_A,E:\Programming\research_ws\medical1\exp\runs\seg_oof\fives\pred\prob\110_A.npy,E:\Programming\research_ws\medical1\exp\runs\seg_oof\fives\pred\mask\110_A.png,True,True,True
train_111_A,E:\Programming\research_ws\medical1\exp\runs\seg_oof\fives\pred\prob\111_A.npy,E:\Programming\research_ws\medical1\exp\runs\seg_oof\fives\pred\mask\111_A.png,True,True,True
train_112_A,E:\Programming\research_ws\medical1\exp\runs\seg_oof\fives\pred\prob\112_A.npy,E:\Programming\research_ws\medical1\exp\runs\seg_oof\fives\pred\mask\112_A.png,True,True,True
train_113_A,E:\Programming\research_ws\medical1\exp\runs\seg_oof\fives\pred\prob\113_A.npy,E:\Programming\research_ws\medical1\exp\runs\seg_oof\fives\pred\mask\113_A.png,True,True,True
train_114_A,E:\Programming\research_ws\medical1\exp\runs\seg_oof\fives\pred\prob\114_A.npy,E:\Programming\research_ws\medical1\exp\runs\seg_oof\fives\pred\mask\114_A.png,True,True,True
train_115_A,E:\Programming\research_ws\medical1\exp\runs\seg_oof\fives\pred\prob\115_A.npy,E:\Programming\research_ws\medical1\exp\runs\seg_oof\fives\pred\mask\115_A.png,True,True,True
train_116_A,E:\Programming\research_ws\medical1\exp\runs\seg_oof\fives\pred\prob\116_A.npy,E:\Programming\research_ws\medical1\exp\runs\seg_oof\fives\pred\mask\116_A.png,True,True,True
train_117_A,E:\Programming\research_ws\medical1\exp\runs\seg_oof\fives\pred\prob\117_A.npy,E:\Programming\research_ws\medical1\exp\runs\seg_oof\fives\pred\mask\117_A.png,True,True,True
train_118_A,E:\Programming\research_ws\medical1\exp\runs\seg_oof\fives\pred\prob\118_A.npy,E:\Programming\research_ws\medical1\exp\runs\seg_oof\fives\pred\mask\118_A.png,True,True,True
train_119_A,E:\Programming\research_ws\medical1\exp\runs\seg_oof\fives\pred\prob\119_A.npy,E:\Programming\research_ws\medical1\exp\runs\seg_oof\fives\pred\mask\119_A.png,True,True,True
train_11_A,E:\Programming\research_ws\medical1\exp\runs\seg_oof\fives\pred\prob\11_A.npy,E:\Programming\research_ws\medical1\exp\runs\seg_oof\fives\pred\mask\11_A.png,True,True,True
train_120_A,E:\Programming\research_ws\medical1\exp\runs\seg_oof\fives\pred\prob\120_A.npy,E:\Programming\research_ws\medical1\exp\runs\seg_oof\fives\pred\mask\120_A.png,True,True,True
train_121_A,E:\Programming\research_ws\medical1\exp\runs\seg_oof\fives\pred\prob\121_A.npy,E:\Programming\research_ws\medical1\exp\runs\seg_oof\fives\pred\mask\121_A.png,True,True,True
train_122_A,E:\Programming\research_ws\medical1\exp\runs\seg_oof\fives\pred\prob\122_A.npy,E:\Programming\research_ws\medical1\exp\runs\seg_oof\fives\pred\mask\122_A.png,True,True,True
train_123_A,E:\Programming\research_ws\medical1\exp\runs\seg_oof\fives\pred\prob\123_A.npy,E:\Programming\research_ws\medical1\exp\runs\seg_oof\fives\pred\mask\123_A.png,True,True,True
train_124_A,E:\Programming\research_ws\medical1\exp\runs\seg_oof\fives\pred\prob\124_A.npy,E:\Programming\research_ws\medical1\exp\runs\seg_oof\fives\pred\mask\124_A.png,True,True,True
train_125_A,E:\Programming\research_ws\medical1\exp\runs\seg_oof\fives\pred\prob\125_A.npy,E:\Programming\research_ws\medical1\exp\runs\seg_oof\fives\pred\mask\125_A.png,True,True,True
train_126_A,E:\Programming\research_ws\medical1\exp\runs\seg_oof\fives\pred\prob\126_A.npy,E:\Programming\research_ws\medical1\exp\runs\seg_oof\fives\pred\mask\126_A.png,True,True,True
train_127_A,E:\Programming\research_ws\medical1\exp\runs\seg_oof\fives\pred\prob\127_A.npy,E:\Programming\research_ws\medical1\exp\runs\seg_oof\fives\pred\mask\127_A.png,True,True,True
train_128_A,E:\Programming\research_ws\medical1\exp\runs\seg_oof\fives\pred\prob\128_A.npy,E:\Programming\research_ws\medical1\exp\runs\seg_oof\fives\pred\mask\128_A.png,True,True,True
train_129_A,E:\Programming\research_ws\medical1\exp\runs\seg_oof\fives\pred\prob\129_A.npy,E:\Programming\research_ws\medical1\exp\runs\seg_oof\fives\pred\mask\129_A.png,True,True,True
train_12_A,E:\Programming\research_ws\medical1\exp\runs\seg_oof\fives\pred\prob\12_A.npy,E:\Programming\research_ws\medical1\exp\runs\seg_oof\fives\pred\mask\12_A.png,True,True,True
train_130_A,E:\Programming\research_ws\medical1\exp\runs\seg_oof\fives\pred\prob\130_A.npy,E:\Programming\research_ws\medical1\exp\runs\seg_oof\fives\pred\mask\130_A.png,True,True,True
train_131_A,E:\Programming\research_ws\medical1\exp\runs\seg_oof\fives\pred\prob\131_A.npy,E:\Programming\research_ws\medical1\exp\runs\seg_oof\fives\pred\mask\131_A.png,True,True,True
train_132_A,E:\Programming\research_ws\medical1\exp\runs\seg_oof\fives\pred\prob\132_A.npy,E:\Programming\research_ws\medical1\exp\runs\seg_oof\fives\pred\mask\132_A.png,True,True,True
train_133_A,E:\Programming\research_ws\medical1\exp\runs\seg_oof\fives\pred\prob\133_A.npy,E:\Programming\research_ws\medical1\exp\runs\seg_oof\fives\pred\mask\133_A.png,True,True,True
train_134_A,E:\Programming\research_ws\medical1\exp\runs\seg_oof\fives\pred\prob\134_A.npy,E:\Programming\research_ws\medical1\exp\runs\seg_oof\fives\pred\mask\134_A.png,True,True,True
train_135_A,E:\Programming\research_ws\medical1\exp\runs\seg_oof\fives\pred\prob\135_A.npy,E:\Programming\research_ws\medical1\exp\runs\seg_oof\fives\pred\mask\135_A.png,True,True,True
train_136_A,E:\Programming\research_ws\medical1\exp\runs\seg_oof\fives\pred\prob\136_A.npy,E:\Programming\research_ws\medical1\exp\runs\seg_oof\fives\pred\mask\136_A.png,True,True,True
train_137_A,E:\Programming\research_ws\medical1\exp\runs\seg_oof\fives\pred\prob\137_A.npy,E:\Programming\research_ws\medical1\exp\runs\seg_oof\fives\pred\mask\137_A.png,True,True,True
train_138_A,E:\Programming\research_ws\medical1\exp\runs\seg_oof\fives\pred\prob\138_A.npy,E:\Programming\research_ws\medical1\exp\runs\seg_oof\fives\pred\mask\138_A.png,True,True,True
train_139_A,E:\Programming\research_ws\medical1\exp\runs\seg_oof\fives\pred\prob\139_A.npy,E:\Programming\research_ws\medical1\exp\runs\seg_oof\fives\pred\mask\139_A.png,True,True,True
train_13_A,E:\Programming\research_ws\medical1\exp\runs\seg_oof\fives\pred\prob\13_A.npy,E:\Programming\research_ws\medical1\exp\runs\seg_oof\fives\pred\mask\13_A.png,True,True,True
train_140_A,E:\Programming\research_ws\medical1\exp\runs\seg_oof\fives\pred\prob\140_A.npy,E:\Programming\research_ws\medical1\exp\runs\seg_oof\fives\pred\mask\140_A.png,True,True,True
train_141_A,E:\Programming\research_ws\medical1\exp\runs\seg_oof\fives\pred\prob\141_A.npy,E:\Programming\research_ws\medical1\exp\runs\seg_oof\fives\pred\mask\141_A.png,True,True,True
train_142_A,E:\Programming\research_ws\medical1\exp\runs\seg_oof\fives\pred\prob\142_A.npy,E:\Programming\research_ws\medical1\exp\runs\seg_oof\fives\pred\mask\142_A.png,True,True,True
train_143_A,E:\Programming\research_ws\medical1\exp\runs\seg_oof\fives\pred\prob\143_A.npy,E:\Programming\research_ws\medical1\exp\runs\seg_oof\fives\pred\mask\143_A.png,True,True,True
train_144_A,E:\Programming\research_ws\medical1\exp\runs\seg_oof\fives\pred\prob\144_A.npy,E:\Programming\research_ws\medical1\exp\runs\seg_oof\fives\pred\mask\144_A.png,True,True,True
train_145_A,E:\Programming\research_ws\medical1\exp\runs\seg_oof\fives\pred\prob\145_A.npy,E:\Programming\research_ws\medical1\exp\runs\seg_oof\fives\pred\mask\145_A.png,True,True,True
train_146_A,E:\Programming\research_ws\medical1\exp\runs\seg_oof\fives\pred\prob\146_A.npy,E:\Programming\research_ws\medical1\exp\runs\seg_oof\fives\pred\mask\146_A.png,True,True,True
train_147_A,E:\Programming\research_ws\medical1\exp\runs\seg_oof\fives\pred\prob\147_A.npy,E:\Programming\research_ws\medical1\exp\runs\seg_oof\fives\pred\mask\147_A.png,True,True,True
train_148_A,E:\Programming\research_ws\medical1\exp\runs\seg_oof\fives\pred\prob\148_A.npy,E:\Programming\research_ws\medical1\exp\runs\seg_oof\fives\pred\mask\148_A.png,True,True,True
train_149_A,E:\Programming\research_ws\medical1\exp\runs\seg_oof\fives\pred\prob\149_A.npy,E:\Programming\research_ws\medical1\exp\runs\seg_oof\fives\pred\mask\149_A.png,True,True,True
train_14_A,E:\Programming\research_ws\medical1\exp\runs\seg_oof\fives\pred\prob\14_A.npy,E:\Programming\research_ws\medical1\exp\runs\seg_oof\fives\pred\mask\14_A.png,True,True,True
train_150_A,E:\Programming\research_ws\medical1\exp\runs\seg_oof\fives\pred\prob\150_A.npy,E:\Programming\research_ws\medical1\exp\runs\seg_oof\fives\pred\mask\150_A.png,True,True,True
train_151_D,E:\Programming\research_ws\medical1\exp\runs\seg_oof\fives\pred\prob\151_D.npy,E:\Programming\research_ws\medical1\exp\runs\seg_oof\fives\pred\mask\151_D.png,True,True,True
train_152_D,E:\Programming\research_ws\medical1\exp\runs\seg_oof\fives\pred\prob\152_D.npy,E:\Programming\research_ws\medical1\exp\runs\seg_oof\fives\pred\mask\152_D.png,True,True,True
train_153_D,E:\Programming\research_ws\medical1\exp\runs\seg_oof\fives\pred\prob\153_D.npy,E:\Programming\research_ws\medical1\exp\runs\seg_oof\fives\pred\mask\153_D.png,True,True,True
train_154_D,E:\Programming\research_ws\medical1\exp\runs\seg_oof\fives\pred\prob\154_D.npy,E:\Programming\research_ws\medical1\exp\runs\seg_oof\fives\pred\mask\154_D.png,True,True,True
train_155_D,E:\Programming\research_ws\medical1\exp\runs\seg_oof\fives\pred\prob\155_D.npy,E:\Programming\research_ws\medical1\exp\runs\seg_oof\fives\pred\mask\155_D.png,True,True,True
train_156_D,E:\Programming\research_ws\medical1\exp\runs\seg_oof\fives\pred\prob\156_D.npy,E:\Programming\research_ws\medical1\exp\runs\seg_oof\fives\pred\mask\156_D.png,True,True,True
train_157_D,E:\Programming\research_ws\medical1\exp\runs\seg_oof\fives\pred\prob\157_D.npy,E:\Programming\research_ws\medical1\exp\runs\seg_oof\fives\pred\mask\157_D.png,True,True,True
train_158_D,E:\Programming\research_ws\medical1\exp\runs\seg_oof\fives\pred\prob\158_D.npy,E:\Programming\research_ws\medical1\exp\runs\seg_oof\fives\pred\mask\158_D.png,True,True,True
train_159_D,E:\Programming\research_ws\medical1\exp\runs\seg_oof\fives\pred\prob\159_D.npy,E:\Programming\research_ws\medical1\exp\runs\seg_oof\fives\pred\mask\159_D.png,True,True,True
train_15_A,E:\Programming\research_ws\medical1\exp\runs\seg_oof\fives\pred\prob\15_A.npy,E:\Programming\research_ws\medical1\exp\runs\seg_oof\fives\pred\mask\15_A.png,True,True,True
train_160_D,E:\Programming\research_ws\medical1\exp\runs\seg_oof\fives\pred\prob\160_D.npy,E:\Programming\research_ws\medical1\exp\runs\seg_oof\fives\pred\mask\160_D.png,True,True,True
train_161_D,E:\Programming\research_ws\medical1\exp\runs\seg_oof\fives\pred\prob\161_D.npy,E:\Programming\research_ws\medical1\exp\runs\seg_oof\fives\pred\mask\161_D.png,True,True,True
train_162_D,E:\Programming\research_ws\medical1\exp\runs\seg_oof\fives\pred\prob\162_D.npy,E:\Programming\research_ws\medical1\exp\runs\seg_oof\fives\pred\mask\162_D.png,True,True,True
train_163_D,E:\Programming\research_ws\medical1\exp\runs\seg_oof\fives\pred\prob\163_D.npy,E:\Programming\research_ws\medical1\exp\runs\seg_oof\fives\pred\mask\163_D.png,True,True,True
train_164_D,E:\Programming\research_ws\medical1\exp\runs\seg_oof\fives\pred\prob\164_D.npy,E:\Programming\research_ws\medical1\exp\runs\seg_oof\fives\pred\mask\164_D.png,True,True,True
train_165_D,E:\Programming\research_ws\medical1\exp\runs\seg_oof\fives\pred\prob\165_D.npy,E:\Programming\research_ws\medical1\exp\runs\seg_oof\fives\pred\mask\165_D.png,True,True,True
train_166_D,E:\Programming\research_ws\medical1\exp\runs\seg_oof\fives\pred\prob\166_D.npy,E:\Programming\research_ws\medical1\exp\runs\seg_oof\fives\pred\mask\166_D.png,True,True,True
train_167_D,E:\Programming\research_ws\medical1\exp\runs\seg_oof\fives\pred\prob\167_D.npy,E:\Programming\research_ws\medical1\exp\runs\seg_oof\fives\pred\mask\167_D.png,True,True,True
train_168_D,E:\Programming\research_ws\medical1\exp\runs\seg_oof\fives\pred\prob\168_D.npy,E:\Programming\research_ws\medical1\exp\runs\seg_oof\fives\pred\mask\168_D.png,True,True,True
train_169_D,E:\Programming\research_ws\medical1\exp\runs\seg_oof\fives\pred\prob\169_D.npy,E:\Programming\research_ws\medical1\exp\runs\seg_oof\fives\pred\mask\169_D.png,True,True,True
train_16_A,E:\Programming\research_ws\medical1\exp\runs\seg_oof\fives\pred\prob\16_A.npy,E:\Programming\research_ws\medical1\exp\runs\seg_oof\fives\pred\mask\16_A.png,True,True,True
train_170_D,E:\Programming\research_ws\medical1\exp\runs\seg_oof\fives\pred\prob\170_D.npy,E:\Programming\research_ws\medical1\exp\runs\seg_oof\fives\pred\mask\170_D.png,True,True,True
train_171_D,E:\Programming\research_ws\medical1\exp\runs\seg_oof\fives\pred\prob\171_D.npy,E:\Programming\research_ws\medical1\exp\runs\seg_oof\fives\pred\mask\171_D.png,True,True,True
train_172_D,E:\Programming\research_ws\medical1\exp\runs\seg_oof\fives\pred\prob\172_D.npy,E:\Programming\research_ws\medical1\exp\runs\seg_oof\fives\pred\mask\172_D.png,True,True,True
train_173_D,E:\Programming\research_ws\medical1\exp\runs\seg_oof\fives\pred\prob\173_D.npy,E:\Programming\research_ws\medical1\exp\runs\seg_oof\fives\pred\mask\173_D.png,True,True,True
train_174_D,E:\Programming\research_ws\medical1\exp\runs\seg_oof\fives\pred\prob\174_D.npy,E:\Programming\research_ws\medical1\exp\runs\seg_oof\fives\pred\mask\174_D.png,True,True,True
train_175_D,E:\Programming\research_ws\medical1\exp\runs\seg_oof\fives\pred\prob\175_D.npy,E:\Programming\research_ws\medical1\exp\runs\seg_oof\fives\pred\mask\175_D.png,True,True,True
train_176_D,E:\Programming\research_ws\medical1\exp\runs\seg_oof\fives\pred\prob\176_D.npy,E:\Programming\research_ws\medical1\exp\runs\seg_oof\fives\pred\mask\176_D.png,True,True,True
train_177_D,E:\Programming\research_ws\medical1\exp\runs\seg_oof\fives\pred\prob\177_D.npy,E:\Programming\research_ws\medical1\exp\runs\seg_oof\fives\pred\mask\177_D.png,True,True,True
train_178_D,E:\Programming\research_ws\medical1\exp\runs\seg_oof\fives\pred\prob\178_D.npy,E:\Programming\research_ws\medical1\exp\runs\seg_oof\fives\pred\mask\178_D.png,True,True,True
train_179_D,E:\Programming\research_ws\medical1\exp\runs\seg_oof\fives\pred\prob\179_D.npy,E:\Programming\research_ws\medical1\exp\runs\seg_oof\fives\pred\mask\179_D.png,True,True,True
train_17_A,E:\Programming\research_ws\medical1\exp\runs\seg_oof\fives\pred\prob\17_A.npy,E:\Programming\research_ws\medical1\exp\runs\seg_oof\fives\pred\mask\17_A.png,True,True,True
train_180_D,E:\Programming\research_ws\medical1\exp\runs\seg_oof\fives\pred\prob\180_D.npy,E:\Programming\research_ws\medical1\exp\runs\seg_oof\fives\pred\mask\180_D.png,True,True,True
train_181_D,E:\Programming\research_ws\medical1\exp\runs\seg_oof\fives\pred\prob\181_D.npy,E:\Programming\research_ws\medical1\exp\runs\seg_oof\fives\pred\mask\181_D.png,True,True,True
train_182_D,E:\Programming\research_ws\medical1\exp\runs\seg_oof\fives\pred\prob\182_D.npy,E:\Programming\research_ws\medical1\exp\runs\seg_oof\fives\pred\mask\182_D.png,True,True,True
train_183_D,E:\Programming\research_ws\medical1\exp\runs\seg_oof\fives\pred\prob\183_D.npy,E:\Programming\research_ws\medical1\exp\runs\seg_oof\fives\pred\mask\183_D.png,True,True,True
train_184_D,E:\Programming\research_ws\medical1\exp\runs\seg_oof\fives\pred\prob\184_D.npy,E:\Programming\research_ws\medical1\exp\runs\seg_oof\fives\pred\mask\184_D.png,True,True,True
train_185_D,E:\Programming\research_ws\medical1\exp\runs\seg_oof\fives\pred\prob\185_D.npy,E:\Programming\research_ws\medical1\exp\runs\seg_oof\fives\pred\mask\185_D.png,True,True,True
train_186_D,E:\Programming\research_ws\medical1\exp\runs\seg_oof\fives\pred\prob\186_D.npy,E:\Programming\research_ws\medical1\exp\runs\seg_oof\fives\pred\mask\186_D.png,True,True,True
train_187_D,E:\Programming\research_ws\medical1\exp\runs\seg_oof\fives\pred\prob\187_D.npy,E:\Programming\research_ws\medical1\exp\runs\seg_oof\fives\pred\mask\187_D.png,True,True,True
train_188_D,E:\Programming\research_ws\medical1\exp\runs\seg_oof\fives\pred\prob\188_D.npy,E:\Programming\research_ws\medical1\exp\runs\seg_oof\fives\pred\mask\188_D.png,True,True,True
train_189_D,E:\Programming\research_ws\medical1\exp\runs\seg_oof\fives\pred\prob\189_D.npy,E:\Programming\research_ws\medical1\exp\runs\seg_oof\fives\pred\mask\189_D.png,True,True,True
train_18_A,E:\Programming\research_ws\medical1\exp\runs\seg_oof\fives\pred\prob\18_A.npy,E:\Programming\research_ws\medical1\exp\runs\seg_oof\fives\pred\mask\18_A.png,True,True,True
train_190_D,E:\Programming\research_ws\medical1\exp\runs\seg_oof\fives\pred\prob\190_D.npy,E:\Programming\research_ws\medical1\exp\runs\seg_oof\fives\pred\mask\190_D.png,True,True,True
train_191_D,E:\Programming\research_ws\medical1\exp\runs\seg_oof\fives\pred\prob\191_D.npy,E:\Programming\research_ws\medical1\exp\runs\seg_oof\fives\pred\mask\191_D.png,True,True,True
train_192_D,E:\Programming\research_ws\medical1\exp\runs\seg_oof\fives\pred\prob\192_D.npy,E:\Programming\research_ws\medical1\exp\runs\seg_oof\fives\pred\mask\192_D.png,True,True,True
train_193_D,E:\Programming\research_ws\medical1\exp\runs\seg_oof\fives\pred\prob\193_D.npy,E:\Programming\research_ws\medical1\exp\runs\seg_oof\fives\pred\mask\193_D.png,True,True,True
train_194_D,E:\Programming\research_ws\medical1\exp\runs\seg_oof\fives\pred\prob\194_D.npy,E:\Programming\research_ws\medical1\exp\runs\seg_oof\fives\pred\mask\194_D.png,True,True,True
train_195_D,E:\Programming\research_ws\medical1\exp\runs\seg_oof\fives\pred\prob\195_D.npy,E:\Programming\research_ws\medical1\exp\runs\seg_oof\fives\pred\mask\195_D.png,True,True,True
train_196_D,E:\Programming\research_ws\medical1\exp\runs\seg_oof\fives\pred\prob\196_D.npy,E:\Programming\research_ws\medical1\exp\runs\seg_oof\fives\pred\mask\196_D.png,True,True,True
train_197_D,E:\Programming\research_ws\medical1\exp\runs\seg_oof\fives\pred\prob\197_D.npy,E:\Programming\research_ws\medical1\exp\runs\seg_oof\fives\pred\mask\197_D.png,True,True,True
train_198_D,E:\Programming\research_ws\medical1\exp\runs\seg_oof\fives\pred\prob\198_D.npy,E:\Programming\research_ws\medical1\exp\runs\seg_oof\fives\pred\mask\198_D.png,True,True,True
train_199_D,E:\Programming\research_ws\medical1\exp\runs\seg_oof\fives\pred\prob\199_D.npy,E:\Programming\research_ws\medical1\exp\runs\seg_oof\fives\pred\mask\199_D.png,True,True,True
train_19_A,E:\Programming\research_ws\medical1\exp\runs\seg_oof\fives\pred\prob\19_A.npy,E:\Programming\research_ws\medical1\exp\runs\seg_oof\fives\pred\mask\19_A.png,True,True,True
train_1_A,E:\Programming\research_ws\medical1\exp\runs\seg_oof\fives\pred\prob\1_A.npy,E:\Programming\research_ws\medical1\exp\runs\seg_oof\fives\pred\mask\1_A.png,True,True,True
train_200_D,E:\Programming\research_ws\medical1\exp\runs\seg_oof\fives\pred\prob\200_D.npy,E:\Programming\research_ws\medical1\exp\runs\seg_oof\fives\pred\mask\200_D.png,True,True,True
train_201_D,E:\Programming\research_ws\medical1\exp\runs\seg_oof\fives\pred\prob\201_D.npy,E:\Programming\research_ws\medical1\exp\runs\seg_oof\fives\pred\mask\201_D.png,True,True,True
train_202_D,E:\Programming\research_ws\medical1\exp\runs\seg_oof\fives\pred\prob\202_D.npy,E:\Programming\research_ws\medical1\exp\runs\seg_oof\fives\pred\mask\202_D.png,True,True,True
train_203_D,E:\Programming\research_ws\medical1\exp\runs\seg_oof\fives\pred\prob\203_D.npy,E:\Programming\research_ws\medical1\exp\runs\seg_oof\fives\pred\mask\203_D.png,True,True,True
train_204_D,E:\Programming\research_ws\medical1\exp\runs\seg_oof\fives\pred\prob\204_D.npy,E:\Programming\research_ws\medical1\exp\runs\seg_oof\fives\pred\mask\204_D.png,True,True,True
train_205_D,E:\Programming\research_ws\medical1\exp\runs\seg_oof\fives\pred\prob\205_D.npy,E:\Programming\research_ws\medical1\exp\runs\seg_oof\fives\pred\mask\205_D.png,True,True,True
train_206_D,E:\Programming\research_ws\medical1\exp\runs\seg_oof\fives\pred\prob\206_D.npy,E:\Programming\research_ws\medical1\exp\runs\seg_oof\fives\pred\mask\206_D.png,True,True,True
train_207_D,E:\Programming\research_ws\medical1\exp\runs\seg_oof\fives\pred\prob\207_D.npy,E:\Programming\research_ws\medical1\exp\runs\seg_oof\fives\pred\mask\207_D.png,True,True,True
train_208_D,E:\Programming\research_ws\medical1\exp\runs\seg_oof\fives\pred\prob\208_D.npy,E:\Programming\research_ws\medical1\exp\runs\seg_oof\fives\pred\mask\208_D.png,True,True,True
train_209_D,E:\Programming\research_ws\medical1\exp\runs\seg_oof\fives\pred\prob\209_D.npy,E:\Programming\research_ws\medical1\exp\runs\seg_oof\fives\pred\mask\209_D.png,True,True,True
train_20_A,E:\Programming\research_ws\medical1\exp\runs\seg_oof\fives\pred\prob\20_A.npy,E:\Programming\research_ws\medical1\exp\runs\seg_oof\fives\pred\mask\20_A.png,True,True,True
train_210_D,E:\Programming\research_ws\medical1\exp\runs\seg_oof\fives\pred\prob\210_D.npy,E:\Programming\research_ws\medical1\exp\runs\seg_oof\fives\pred\mask\210_D.png,True,True,True
train_211_D,E:\Programming\research_ws\medical1\exp\runs\seg_oof\fives\pred\prob\211_D.npy,E:\Programming\research_ws\medical1\exp\runs\seg_oof\fives\pred\mask\211_D.png,True,True,True
train_212_D,E:\Programming\research_ws\medical1\exp\runs\seg_oof\fives\pred\prob\212_D.npy,E:\Programming\research_ws\medical1\exp\runs\seg_oof\fives\pred\mask\212_D.png,True,True,True
train_213_D,E:\Programming\research_ws\medical1\exp\runs\seg_oof\fives\pred\prob\213_D.npy,E:\Programming\research_ws\medical1\exp\runs\seg_oof\fives\pred\mask\213_D.png,True,True,True
train_214_D,E:\Programming\research_ws\medical1\exp\runs\seg_oof\fives\pred\prob\214_D.npy,E:\Programming\research_ws\medical1\exp\runs\seg_oof\fives\pred\mask\214_D.png,True,True,True
train_215_D,E:\Programming\research_ws\medical1\exp\runs\seg_oof\fives\pred\prob\215_D.npy,E:\Programming\research_ws\medical1\exp\runs\seg_oof\fives\pred\mask\215_D.png,True,True,True
train_216_D,E:\Programming\research_ws\medical1\exp\runs\seg_oof\fives\pred\prob\216_D.npy,E:\Programming\research_ws\medical1\exp\runs\seg_oof\fives\pred\mask\216_D.png,True,True,True
train_217_D,E:\Programming\research_ws\medical1\exp\runs\seg_oof\fives\pred\prob\217_D.npy,E:\Programming\research_ws\medical1\exp\runs\seg_oof\fives\pred\mask\217_D.png,True,True,True
train_218_D,E:\Programming\research_ws\medical1\exp\runs\seg_oof\fives\pred\prob\218_D.npy,E:\Programming\research_ws\medical1\exp\runs\seg_oof\fives\pred\mask\218_D.png,True,True,True
train_219_D,E:\Programming\research_ws\medical1\exp\runs\seg_oof\fives\pred\prob\219_D.npy,E:\Programming\research_ws\medical1\exp\runs\seg_oof\fives\pred\mask\219_D.png,True,True,True
train_21_A,E:\Programming\research_ws\medical1\exp\runs\seg_oof\fives\pred\prob\21_A.npy,E:\Programming\research_ws\medical1\exp\runs\seg_oof\fives\pred\mask\21_A.png,True,True,True
train_220_D,E:\Programming\research_ws\medical1\exp\runs\seg_oof\fives\pred\prob\220_D.npy,E:\Programming\research_ws\medical1\exp\runs\seg_oof\fives\pred\mask\220_D.png,True,True,True
train_221_D,E:\Programming\research_ws\medical1\exp\runs\seg_oof\fives\pred\prob\221_D.npy,E:\Programming\research_ws\medical1\exp\runs\seg_oof\fives\pred\mask\221_D.png,True,True,True
train_222_D,E:\Programming\research_ws\medical1\exp\runs\seg_oof\fives\pred\prob\222_D.npy,E:\Programming\research_ws\medical1\exp\runs\seg_oof\fives\pred\mask\222_D.png,True,True,True
train_223_D,E:\Programming\research_ws\medical1\exp\runs\seg_oof\fives\pred\prob\223_D.npy,E:\Programming\research_ws\medical1\exp\runs\seg_oof\fives\pred\mask\223_D.png,True,True,True
train_224_D,E:\Programming\research_ws\medical1\exp\runs\seg_oof\fives\pred\prob\224_D.npy,E:\Programming\research_ws\medical1\exp\runs\seg_oof\fives\pred\mask\224_D.png,True,True,True
train_225_D,E:\Programming\research_ws\medical1\exp\runs\seg_oof\fives\pred\prob\225_D.npy,E:\Programming\research_ws\medical1\exp\runs\seg_oof\fives\pred\mask\225_D.png,True,True,True
train_226_D,E:\Programming\research_ws\medical1\exp\runs\seg_oof\fives\pred\prob\226_D.npy,E:\Programming\research_ws\medical1\exp\runs\seg_oof\fives\pred\mask\226_D.png,True,True,True
train_227_D,E:\Programming\research_ws\medical1\exp\runs\seg_oof\fives\pred\prob\227_D.npy,E:\Programming\research_ws\medical1\exp\runs\seg_oof\fives\pred\mask\227_D.png,True,True,True
train_228_D,E:\Programming\research_ws\medical1\exp\runs\seg_oof\fives\pred\prob\228_D.npy,E:\Programming\research_ws\medical1\exp\runs\seg_oof\fives\pred\mask\228_D.png,True,True,True
train_229_D,E:\Programming\research_ws\medical1\exp\runs\seg_oof\fives\pred\prob\229_D.npy,E:\Programming\research_ws\medical1\exp\runs\seg_oof\fives\pred\mask\229_D.png,True,True,True
train_22_A,E:\Programming\research_ws\medical1\exp\runs\seg_oof\fives\pred\prob\22_A.npy,E:\Programming\research_ws\medical1\exp\runs\seg_oof\fives\pred\mask\22_A.png,True,True,True
train_230_D,E:\Programming\research_ws\medical1\exp\runs\seg_oof\fives\pred\prob\230_D.npy,E:\Programming\research_ws\medical1\exp\runs\seg_oof\fives\pred\mask\230_D.png,True,True,True
train_231_D,E:\Programming\research_ws\medical1\exp\runs\seg_oof\fives\pred\prob\231_D.npy,E:\Programming\research_ws\medical1\exp\runs\seg_oof\fives\pred\mask\231_D.png,True,True,True
train_232_D,E:\Programming\research_ws\medical1\exp\runs\seg_oof\fives\pred\prob\232_D.npy,E:\Programming\research_ws\medical1\exp\runs\seg_oof\fives\pred\mask\232_D.png,True,True,True
train_233_D,E:\Programming\research_ws\medical1\exp\runs\seg_oof\fives\pred\prob\233_D.npy,E:\Programming\research_ws\medical1\exp\runs\seg_oof\fives\pred\mask\233_D.png,True,True,True
train_234_D,E:\Programming\research_ws\medical1\exp\runs\seg_oof\fives\pred\prob\234_D.npy,E:\Programming\research_ws\medical1\exp\runs\seg_oof\fives\pred\mask\234_D.png,True,True,True
train_235_D,E:\Programming\research_ws\medical1\exp\runs\seg_oof\fives\pred\prob\235_D.npy,E:\Programming\research_ws\medical1\exp\runs\seg_oof\fives\pred\mask\235_D.png,True,True,True
train_236_D,E:\Programming\research_ws\medical1\exp\runs\seg_oof\fives\pred\prob\236_D.npy,E:\Programming\research_ws\medical1\exp\runs\seg_oof\fives\pred\mask\236_D.png,True,True,True
train_237_D,E:\Programming\research_ws\medical1\exp\runs\seg_oof\fives\pred\prob\237_D.npy,E:\Programming\research_ws\medical1\exp\runs\seg_oof\fives\pred\mask\237_D.png,True,True,True
train_238_D,E:\Programming\research_ws\medical1\exp\runs\seg_oof\fives\pred\prob\238_D.npy,E:\Programming\research_ws\medical1\exp\runs\seg_oof\fives\pred\mask\238_D.png,True,True,True
train_239_D,E:\Programming\research_ws\medical1\exp\runs\seg_oof\fives\pred\prob\239_D.npy,E:\Programming\research_ws\medical1\exp\runs\seg_oof\fives\pred\mask\239_D.png,True,True,True
train_23_A,E:\Programming\research_ws\medical1\exp\runs\seg_oof\fives\pred\prob\23_A.npy,E:\Programming\research_ws\medical1\exp\runs\seg_oof\fives\pred\mask\23_A.png,True,True,True
train_240_D,E:\Programming\research_ws\medical1\exp\runs\seg_oof\fives\pred\prob\240_D.npy,E:\Programming\research_ws\medical1\exp\runs\seg_oof\fives\pred\mask\240_D.png,True,True,True
train_241_D,E:\Programming\research_ws\medical1\exp\runs\seg_oof\fives\pred\prob\241_D.npy,E:\Programming\research_ws\medical1\exp\runs\seg_oof\fives\pred\mask\241_D.png,True,True,True
train_242_D,E:\Programming\research_ws\medical1\exp\runs\seg_oof\fives\pred\prob\242_D.npy,E:\Programming\research_ws\medical1\exp\runs\seg_oof\fives\pred\mask\242_D.png,True,True,True
train_243_D,E:\Programming\research_ws\medical1\exp\runs\seg_oof\fives\pred\prob\243_D.npy,E:\Programming\research_ws\medical1\exp\runs\seg_oof\fives\pred\mask\243_D.png,True,True,True
train_244_D,E:\Programming\research_ws\medical1\exp\runs\seg_oof\fives\pred\prob\244_D.npy,E:\Programming\research_ws\medical1\exp\runs\seg_oof\fives\pred\mask\244_D.png,True,True,True
train_245_D,E:\Programming\research_ws\medical1\exp\runs\seg_oof\fives\pred\prob\245_D.npy,E:\Programming\research_ws\medical1\exp\runs\seg_oof\fives\pred\mask\245_D.png,True,True,True
train_246_D,E:\Programming\research_ws\medical1\exp\runs\seg_oof\fives\pred\prob\246_D.npy,E:\Programming\research_ws\medical1\exp\runs\seg_oof\fives\pred\mask\246_D.png,True,True,True
train_247_D,E:\Programming\research_ws\medical1\exp\runs\seg_oof\fives\pred\prob\247_D.npy,E:\Programming\research_ws\medical1\exp\runs\seg_oof\fives\pred\mask\247_D.png,True,True,True
train_248_D,E:\Programming\research_ws\medical1\exp\runs\seg_oof\fives\pred\prob\248_D.npy,E:\Programming\research_ws\medical1\exp\runs\seg_oof\fives\pred\mask\248_D.png,True,True,True
train_249_D,E:\Programming\research_ws\medical1\exp\runs\seg_oof\fives\pred\prob\249_D.npy,E:\Programming\research_ws\medical1\exp\runs\seg_oof\fives\pred\mask\249_D.png,True,True,True
train_24_A,E:\Programming\research_ws\medical1\exp\runs\seg_oof\fives\pred\prob\24_A.npy,E:\Programming\research_ws\medical1\exp\runs\seg_oof\fives\pred\mask\24_A.png,True,True,True
train_250_D,E:\Programming\research_ws\medical1\exp\runs\seg_oof\fives\pred\prob\250_D.npy,E:\Programming\research_ws\medical1\exp\runs\seg_oof\fives\pred\mask\250_D.png,True,True,True
train_251_D,E:\Programming\research_ws\medical1\exp\runs\seg_oof\fives\pred\prob\251_D.npy,E:\Programming\research_ws\medical1\exp\runs\seg_oof\fives\pred\mask\251_D.png,True,True,True
train_252_D,E:\Programming\research_ws\medical1\exp\runs\seg_oof\fives\pred\prob\252_D.npy,E:\Programming\research_ws\medical1\exp\runs\seg_oof\fives\pred\mask\252_D.png,True,True,True
train_253_D,E:\Programming\research_ws\medical1\exp\runs\seg_oof\fives\pred\prob\253_D.npy,E:\Programming\research_ws\medical1\exp\runs\seg_oof\fives\pred\mask\253_D.png,True,True,True
train_254_D,E:\Programming\research_ws\medical1\exp\runs\seg_oof\fives\pred\prob\254_D.npy,E:\Programming\research_ws\medical1\exp\runs\seg_oof\fives\pred\mask\254_D.png,True,True,True
train_255_D,E:\Programming\research_ws\medical1\exp\runs\seg_oof\fives\pred\prob\255_D.npy,E:\Programming\research_ws\medical1\exp\runs\seg_oof\fives\pred\mask\255_D.png,True,True,True
train_256_D,E:\Programming\research_ws\medical1\exp\runs\seg_oof\fives\pred\prob\256_D.npy,E:\Programming\research_ws\medical1\exp\runs\seg_oof\fives\pred\mask\256_D.png,True,True,True
train_257_D,E:\Programming\research_ws\medical1\exp\runs\seg_oof\fives\pred\prob\257_D.npy,E:\Programming\research_ws\medical1\exp\runs\seg_oof\fives\pred\mask\257_D.png,True,True,True
train_258_D,E:\Programming\research_ws\medical1\exp\runs\seg_oof\fives\pred\prob\258_D.npy,E:\Programming\research_ws\medical1\exp\runs\seg_oof\fives\pred\mask\258_D.png,True,True,True
train_259_D,E:\Programming\research_ws\medical1\exp\runs\seg_oof\fives\pred\prob\259_D.npy,E:\Programming\research_ws\medical1\exp\runs\seg_oof\fives\pred\mask\259_D.png,True,True,True
train_25_A,E:\Programming\research_ws\medical1\exp\runs\seg_oof\fives\pred\prob\25_A.npy,E:\Programming\research_ws\medical1\exp\runs\seg_oof\fives\pred\mask\25_A.png,True,True,True
train_260_D,E:\Programming\research_ws\medical1\exp\runs\seg_oof\fives\pred\prob\260_D.npy,E:\Programming\research_ws\medical1\exp\runs\seg_oof\fives\pred\mask\260_D.png,True,True,True
train_261_D,E:\Programming\research_ws\medical1\exp\runs\seg_oof\fives\pred\prob\261_D.npy,E:\Programming\research_ws\medical1\exp\runs\seg_oof\fives\pred\mask\261_D.png,True,True,True
train_262_D,E:\Programming\research_ws\medical1\exp\runs\seg_oof\fives\pred\prob\262_D.npy,E:\Programming\research_ws\medical1\exp\runs\seg_oof\fives\pred\mask\262_D.png,True,True,True
train_263_D,E:\Programming\research_ws\medical1\exp\runs\seg_oof\fives\pred\prob\263_D.npy,E:\Programming\research_ws\medical1\exp\runs\seg_oof\fives\pred\mask\263_D.png,True,True,True
train_264_D,E:\Programming\research_ws\medical1\exp\runs\seg_oof\fives\pred\prob\264_D.npy,E:\Programming\research_ws\medical1\exp\runs\seg_oof\fives\pred\mask\264_D.png,True,True,True
train_265_D,E:\Programming\research_ws\medical1\exp\runs\seg_oof\fives\pred\prob\265_D.npy,E:\Programming\research_ws\medical1\exp\runs\seg_oof\fives\pred\mask\265_D.png,True,True,True
train_266_D,E:\Programming\research_ws\medical1\exp\runs\seg_oof\fives\pred\prob\266_D.npy,E:\Programming\research_ws\medical1\exp\runs\seg_oof\fives\pred\mask\266_D.png,True,True,True
train_267_D,E:\Programming\research_ws\medical1\exp\runs\seg_oof\fives\pred\prob\267_D.npy,E:\Programming\research_ws\medical1\exp\runs\seg_oof\fives\pred\mask\267_D.png,True,True,True
train_268_D,E:\Programming\research_ws\medical1\exp\runs\seg_oof\fives\pred\prob\268_D.npy,E:\Programming\research_ws\medical1\exp\runs\seg_oof\fives\pred\mask\268_D.png,True,True,True
train_269_D,E:\Programming\research_ws\medical1\exp\runs\seg_oof\fives\pred\prob\269_D.npy,E:\Programming\research_ws\medical1\exp\runs\seg_oof\fives\pred\mask\269_D.png,True,True,True
train_26_A,E:\Programming\research_ws\medical1\exp\runs\seg_oof\fives\pred\prob\26_A.npy,E:\Programming\research_ws\medical1\exp\runs\seg_oof\fives\pred\mask\26_A.png,True,True,True
train_270_D,E:\Programming\research_ws\medical1\exp\runs\seg_oof\fives\pred\prob\270_D.npy,E:\Programming\research_ws\medical1\exp\runs\seg_oof\fives\pred\mask\270_D.png,True,True,True
train_271_D,E:\Programming\research_ws\medical1\exp\runs\seg_oof\fives\pred\prob\271_D.npy,E:\Programming\research_ws\medical1\exp\runs\seg_oof\fives\pred\mask\271_D.png,True,True,True
train_272_D,E:\Programming\research_ws\medical1\exp\runs\seg_oof\fives\pred\prob\272_D.npy,E:\Programming\research_ws\medical1\exp\runs\seg_oof\fives\pred\mask\272_D.png,True,True,True
train_273_D,E:\Programming\research_ws\medical1\exp\runs\seg_oof\fives\pred\prob\273_D.npy,E:\Programming\research_ws\medical1\exp\runs\seg_oof\fives\pred\mask\273_D.png,True,True,True
train_274_D,E:\Programming\research_ws\medical1\exp\runs\seg_oof\fives\pred\prob\274_D.npy,E:\Programming\research_ws\medical1\exp\runs\seg_oof\fives\pred\mask\274_D.png,True,True,True
train_275_D,E:\Programming\research_ws\medical1\exp\runs\seg_oof\fives\pred\prob\275_D.npy,E:\Programming\research_ws\medical1\exp\runs\seg_oof\fives\pred\mask\275_D.png,True,True,True
train_276_D,E:\Programming\research_ws\medical1\exp\runs\seg_oof\fives\pred\prob\276_D.npy,E:\Programming\research_ws\medical1\exp\runs\seg_oof\fives\pred\mask\276_D.png,True,True,True
train_277_D,E:\Programming\research_ws\medical1\exp\runs\seg_oof\fives\pred\prob\277_D.npy,E:\Programming\research_ws\medical1\exp\runs\seg_oof\fives\pred\mask\277_D.png,True,True,True
train_278_D,E:\Programming\research_ws\medical1\exp\runs\seg_oof\fives\pred\prob\278_D.npy,E:\Programming\research_ws\medical1\exp\runs\seg_oof\fives\pred\mask\278_D.png,True,True,True
train_279_D,E:\Programming\research_ws\medical1\exp\runs\seg_oof\fives\pred\prob\279_D.npy,E:\Programming\research_ws\medical1\exp\runs\seg_oof\fives\pred\mask\279_D.png,True,True,True
train_27_A,E:\Programming\research_ws\medical1\exp\runs\seg_oof\fives\pred\prob\27_A.npy,E:\Programming\research_ws\medical1\exp\runs\seg_oof\fives\pred\mask\27_A.png,True,True,True
train_280_D,E:\Programming\research_ws\medical1\exp\runs\seg_oof\fives\pred\prob\280_D.npy,E:\Programming\research_ws\medical1\exp\runs\seg_oof\fives\pred\mask\280_D.png,True,True,True
train_281_D,E:\Programming\research_ws\medical1\exp\runs\seg_oof\fives\pred\prob\281_D.npy,E:\Programming\research_ws\medical1\exp\runs\seg_oof\fives\pred\mask\281_D.png,True,True,True
train_282_D,E:\Programming\research_ws\medical1\exp\runs\seg_oof\fives\pred\prob\282_D.npy,E:\Programming\research_ws\medical1\exp\runs\seg_oof\fives\pred\mask\282_D.png,True,True,True
train_283_D,E:\Programming\research_ws\medical1\exp\runs\seg_oof\fives\pred\prob\283_D.npy,E:\Programming\research_ws\medical1\exp\runs\seg_oof\fives\pred\mask\283_D.png,True,True,True
train_284_D,E:\Programming\research_ws\medical1\exp\runs\seg_oof\fives\pred\prob\284_D.npy,E:\Programming\research_ws\medical1\exp\runs\seg_oof\fives\pred\mask\284_D.png,True,True,True
train_285_D,E:\Programming\research_ws\medical1\exp\runs\seg_oof\fives\pred\prob\285_D.npy,E:\Programming\research_ws\medical1\exp\runs\seg_oof\fives\pred\mask\285_D.png,True,True,True
train_286_D,E:\Programming\research_ws\medical1\exp\runs\seg_oof\fives\pred\prob\286_D.npy,E:\Programming\research_ws\medical1\exp\runs\seg_oof\fives\pred\mask\286_D.png,True,True,True
train_287_D,E:\Programming\research_ws\medical1\exp\runs\seg_oof\fives\pred\prob\287_D.npy,E:\Programming\research_ws\medical1\exp\runs\seg_oof\fives\pred\mask\287_D.png,True,True,True
train_288_D,E:\Programming\research_ws\medical1\exp\runs\seg_oof\fives\pred\prob\288_D.npy,E:\Programming\research_ws\medical1\exp\runs\seg_oof\fives\pred\mask\288_D.png,True,True,True
train_289_D,E:\Programming\research_ws\medical1\exp\runs\seg_oof\fives\pred\prob\289_D.npy,E:\Programming\research_ws\medical1\exp\runs\seg_oof\fives\pred\mask\289_D.png,True,True,True
train_28_A,E:\Programming\research_ws\medical1\exp\runs\seg_oof\fives\pred\prob\28_A.npy,E:\Programming\research_ws\medical1\exp\runs\seg_oof\fives\pred\mask\28_A.png,True,True,True
train_290_D,E:\Programming\research_ws\medical1\exp\runs\seg_oof\fives\pred\prob\290_D.npy,E:\Programming\research_ws\medical1\exp\runs\seg_oof\fives\pred\mask\290_D.png,True,True,True
train_291_D,E:\Programming\research_ws\medical1\exp\runs\seg_oof\fives\pred\prob\291_D.npy,E:\Programming\research_ws\medical1\exp\runs\seg_oof\fives\pred\mask\291_D.png,True,True,True
train_292_D,E:\Programming\research_ws\medical1\exp\runs\seg_oof\fives\pred\prob\292_D.npy,E:\Programming\research_ws\medical1\exp\runs\seg_oof\fives\pred\mask\292_D.png,True,True,True
train_293_D,E:\Programming\research_ws\medical1\exp\runs\seg_oof\fives\pred\prob\293_D.npy,E:\Programming\research_ws\medical1\exp\runs\seg_oof\fives\pred\mask\293_D.png,True,True,True
train_294_D,E:\Programming\research_ws\medical1\exp\runs\seg_oof\fives\pred\prob\294_D.npy,E:\Programming\research_ws\medical1\exp\runs\seg_oof\fives\pred\mask\294_D.png,True,True,True
train_295_D,E:\Programming\research_ws\medical1\exp\runs\seg_oof\fives\pred\prob\295_D.npy,E:\Programming\research_ws\medical1\exp\runs\seg_oof\fives\pred\mask\295_D.png,True,True,True
train_296_D,E:\Programming\research_ws\medical1\exp\runs\seg_oof\fives\pred\prob\296_D.npy,E:\Programming\research_ws\medical1\exp\runs\seg_oof\fives\pred\mask\296_D.png,True,True,True
train_297_D,E:\Programming\research_ws\medical1\exp\runs\seg_oof\fives\pred\prob\297_D.npy,E:\Programming\research_ws\medical1\exp\runs\seg_oof\fives\pred\mask\297_D.png,True,True,True
train_298_D,E:\Programming\research_ws\medical1\exp\runs\seg_oof\fives\pred\prob\298_D.npy,E:\Programming\research_ws\medical1\exp\runs\seg_oof\fives\pred\mask\298_D.png,True,True,True
train_299_D,E:\Programming\research_ws\medical1\exp\runs\seg_oof\fives\pred\prob\299_D.npy,E:\Programming\research_ws\medical1\exp\runs\seg_oof\fives\pred\mask\299_D.png,True,True,True
train_29_A,E:\Programming\research_ws\medical1\exp\runs\seg_oof\fives\pred\prob\29_A.npy,E:\Programming\research_ws\medical1\exp\runs\seg_oof\fives\pred\mask\29_A.png,True,True,True
train_2_A,E:\Programming\research_ws\medical1\exp\runs\seg_oof\fives\pred\prob\2_A.npy,E:\Programming\research_ws\medical1\exp\runs\seg_oof\fives\pred\mask\2_A.png,True,True,True
train_300_D,E:\Programming\research_ws\medical1\exp\runs\seg_oof\fives\pred\prob\300_D.npy,E:\Programming\research_ws\medical1\exp\runs\seg_oof\fives\pred\mask\300_D.png,True,True,True
train_301_G,E:\Programming\research_ws\medical1\exp\runs\seg_oof\fives\pred\prob\301_G.npy,E:\Programming\research_ws\medical1\exp\runs\seg_oof\fives\pred\mask\301_G.png,True,True,True
train_302_G,E:\Programming\research_ws\medical1\exp\runs\seg_oof\fives\pred\prob\302_G.npy,E:\Programming\research_ws\medical1\exp\runs\seg_oof\fives\pred\mask\302_G.png,True,True,True
train_303_G,E:\Programming\research_ws\medical1\exp\runs\seg_oof\fives\pred\prob\303_G.npy,E:\Programming\research_ws\medical1\exp\runs\seg_oof\fives\pred\mask\303_G.png,True,True,True
train_304_G,E:\Programming\research_ws\medical1\exp\runs\seg_oof\fives\pred\prob\304_G.npy,E:\Programming\research_ws\medical1\exp\runs\seg_oof\fives\pred\mask\304_G.png,True,True,True
train_305_G,E:\Programming\research_ws\medical1\exp\runs\seg_oof\fives\pred\prob\305_G.npy,E:\Programming\research_ws\medical1\exp\runs\seg_oof\fives\pred\mask\305_G.png,True,True,True
train_306_G,E:\Programming\research_ws\medical1\exp\runs\seg_oof\fives\pred\prob\306_G.npy,E:\Programming\research_ws\medical1\exp\runs\seg_oof\fives\pred\mask\306_G.png,True,True,True
train_307_G,E:\Programming\research_ws\medical1\exp\runs\seg_oof\fives\pred\prob\307_G.npy,E:\Programming\research_ws\medical1\exp\runs\seg_oof\fives\pred\mask\307_G.png,True,True,True
train_308_G,E:\Programming\research_ws\medical1\exp\runs\seg_oof\fives\pred\prob\308_G.npy,E:\Programming\research_ws\medical1\exp\runs\seg_oof\fives\pred\mask\308_G.png,True,True,True
train_309_G,E:\Programming\research_ws\medical1\exp\runs\seg_oof\fives\pred\prob\309_G.npy,E:\Programming\research_ws\medical1\exp\runs\seg_oof\fives\pred\mask\309_G.png,True,True,True
train_30_A,E:\Programming\research_ws\medical1\exp\runs\seg_oof\fives\pred\prob\30_A.npy,E:\Programming\research_ws\medical1\exp\runs\seg_oof\fives\pred\mask\30_A.png,True,True,True
train_310_G,E:\Programming\research_ws\medical1\exp\runs\seg_oof\fives\pred\prob\310_G.npy,E:\Programming\research_ws\medical1\exp\runs\seg_oof\fives\pred\mask\310_G.png,True,True,True
train_311_G,E:\Programming\research_ws\medical1\exp\runs\seg_oof\fives\pred\prob\311_G.npy,E:\Programming\research_ws\medical1\exp\runs\seg_oof\fives\pred\mask\311_G.png,True,True,True
train_312_G,E:\Programming\research_ws\medical1\exp\runs\seg_oof\fives\pred\prob\312_G.npy,E:\Programming\research_ws\medical1\exp\runs\seg_oof\fives\pred\mask\312_G.png,True,True,True
train_313_G,E:\Programming\research_ws\medical1\exp\runs\seg_oof\fives\pred\prob\313_G.npy,E:\Programming\research_ws\medical1\exp\runs\seg_oof\fives\pred\mask\313_G.png,True,True,True
train_314_G,E:\Programming\research_ws\medical1\exp\runs\seg_oof\fives\pred\prob\314_G.npy,E:\Programming\research_ws\medical1\exp\runs\seg_oof\fives\pred\mask\314_G.png,True,True,True
train_315_G,E:\Programming\research_ws\medical1\exp\runs\seg_oof\fives\pred\prob\315_G.npy,E:\Programming\research_ws\medical1\exp\runs\seg_oof\fives\pred\mask\315_G.png,True,True,True
train_316_G,E:\Programming\research_ws\medical1\exp\runs\seg_oof\fives\pred\prob\316_G.npy,E:\Programming\research_ws\medical1\exp\runs\seg_oof\fives\pred\mask\316_G.png,True,True,True
train_317_G,E:\Programming\research_ws\medical1\exp\runs\seg_oof\fives\pred\prob\317_G.npy,E:\Programming\research_ws\medical1\exp\runs\seg_oof\fives\pred\mask\317_G.png,True,True,True
train_318_G,E:\Programming\research_ws\medical1\exp\runs\seg_oof\fives\pred\prob\318_G.npy,E:\Programming\research_ws\medical1\exp\runs\seg_oof\fives\pred\mask\318_G.png,True,True,True
train_319_G,E:\Programming\research_ws\medical1\exp\runs\seg_oof\fives\pred\prob\319_G.npy,E:\Programming\research_ws\medical1\exp\runs\seg_oof\fives\pred\mask\319_G.png,True,True,True
train_31_A,E:\Programming\research_ws\medical1\exp\runs\seg_oof\fives\pred\prob\31_A.npy,E:\Programming\research_ws\medical1\exp\runs\seg_oof\fives\pred\mask\31_A.png,True,True,True
train_320_G,E:\Programming\research_ws\medical1\exp\runs\seg_oof\fives\pred\prob\320_G.npy,E:\Programming\research_ws\medical1\exp\runs\seg_oof\fives\pred\mask\320_G.png,True,True,True
train_321_G,E:\Programming\research_ws\medical1\exp\runs\seg_oof\fives\pred\prob\321_G.npy,E:\Programming\research_ws\medical1\exp\runs\seg_oof\fives\pred\mask\321_G.png,True,True,True
train_322_G,E:\Programming\research_ws\medical1\exp\runs\seg_oof\fives\pred\prob\322_G.npy,E:\Programming\research_ws\medical1\exp\runs\seg_oof\fives\pred\mask\322_G.png,True,True,True
train_323_G,E:\Programming\research_ws\medical1\exp\runs\seg_oof\fives\pred\prob\323_G.npy,E:\Programming\research_ws\medical1\exp\runs\seg_oof\fives\pred\mask\323_G.png,True,True,True
train_324_G,E:\Programming\research_ws\medical1\exp\runs\seg_oof\fives\pred\prob\324_G.npy,E:\Programming\research_ws\medical1\exp\runs\seg_oof\fives\pred\mask\324_G.png,True,True,True
train_325_G,E:\Programming\research_ws\medical1\exp\runs\seg_oof\fives\pred\prob\325_G.npy,E:\Programming\research_ws\medical1\exp\runs\seg_oof\fives\pred\mask\325_G.png,True,True,True
train_326_G,E:\Programming\research_ws\medical1\exp\runs\seg_oof\fives\pred\prob\326_G.npy,E:\Programming\research_ws\medical1\exp\runs\seg_oof\fives\pred\mask\326_G.png,True,True,True
train_327_G,E:\Programming\research_ws\medical1\exp\runs\seg_oof\fives\pred\prob\327_G.npy,E:\Programming\research_ws\medical1\exp\runs\seg_oof\fives\pred\mask\327_G.png,True,True,True
train_328_G,E:\Programming\research_ws\medical1\exp\runs\seg_oof\fives\pred\prob\328_G.npy,E:\Programming\research_ws\medical1\exp\runs\seg_oof\fives\pred\mask\328_G.png,True,True,True
train_329_G,E:\Programming\research_ws\medical1\exp\runs\seg_oof\fives\pred\prob\329_G.npy,E:\Programming\research_ws\medical1\exp\runs\seg_oof\fives\pred\mask\329_G.png,True,True,True
train_32_A,E:\Programming\research_ws\medical1\exp\runs\seg_oof\fives\pred\prob\32_A.npy,E:\Programming\research_ws\medical1\exp\runs\seg_oof\fives\pred\mask\32_A.png,True,True,True
train_330_G,E:\Programming\research_ws\medical1\exp\runs\seg_oof\fives\pred\prob\330_G.npy,E:\Programming\research_ws\medical1\exp\runs\seg_oof\fives\pred\mask\330_G.png,True,True,True
train_331_G,E:\Programming\research_ws\medical1\exp\runs\seg_oof\fives\pred\prob\331_G.npy,E:\Programming\research_ws\medical1\exp\runs\seg_oof\fives\pred\mask\331_G.png,True,True,True
train_332_G,E:\Programming\research_ws\medical1\exp\runs\seg_oof\fives\pred\prob\332_G.npy,E:\Programming\research_ws\medical1\exp\runs\seg_oof\fives\pred\mask\332_G.png,True,True,True
train_333_G,E:\Programming\research_ws\medical1\exp\runs\seg_oof\fives\pred\prob\333_G.npy,E:\Programming\research_ws\medical1\exp\runs\seg_oof\fives\pred\mask\333_G.png,True,True,True
train_334_G,E:\Programming\research_ws\medical1\exp\runs\seg_oof\fives\pred\prob\334_G.npy,E:\Programming\research_ws\medical1\exp\runs\seg_oof\fives\pred\mask\334_G.png,True,True,True
train_335_G,E:\Programming\research_ws\medical1\exp\runs\seg_oof\fives\pred\prob\335_G.npy,E:\Programming\research_ws\medical1\exp\runs\seg_oof\fives\pred\mask\335_G.png,True,True,True
train_336_G,E:\Programming\research_ws\medical1\exp\runs\seg_oof\fives\pred\prob\336_G.npy,E:\Programming\research_ws\medical1\exp\runs\seg_oof\fives\pred\mask\336_G.png,True,True,True
train_337_G,E:\Programming\research_ws\medical1\exp\runs\seg_oof\fives\pred\prob\337_G.npy,E:\Programming\research_ws\medical1\exp\runs\seg_oof\fives\pred\mask\337_G.png,True,True,True
train_338_G,E:\Programming\research_ws\medical1\exp\runs\seg_oof\fives\pred\prob\338_G.npy,E:\Programming\research_ws\medical1\exp\runs\seg_oof\fives\pred\mask\338_G.png,True,True,True
train_339_G,E:\Programming\research_ws\medical1\exp\runs\seg_oof\fives\pred\prob\339_G.npy,E:\Programming\research_ws\medical1\exp\runs\seg_oof\fives\pred\mask\339_G.png,True,True,True
train_33_A,E:\Programming\research_ws\medical1\exp\runs\seg_oof\fives\pred\prob\33_A.npy,E:\Programming\research_ws\medical1\exp\runs\seg_oof\fives\pred\mask\33_A.png,True,True,True
train_340_G,E:\Programming\research_ws\medical1\exp\runs\seg_oof\fives\pred\prob\340_G.npy,E:\Programming\research_ws\medical1\exp\runs\seg_oof\fives\pred\mask\340_G.png,True,True,True
train_341_G,E:\Programming\research_ws\medical1\exp\runs\seg_oof\fives\pred\prob\341_G.npy,E:\Programming\research_ws\medical1\exp\runs\seg_oof\fives\pred\mask\341_G.png,True,True,True
train_342_G,E:\Programming\research_ws\medical1\exp\runs\seg_oof\fives\pred\prob\342_G.npy,E:\Programming\research_ws\medical1\exp\runs\seg_oof\fives\pred\mask\342_G.png,True,True,True
train_343_G,E:\Programming\research_ws\medical1\exp\runs\seg_oof\fives\pred\prob\343_G.npy,E:\Programming\research_ws\medical1\exp\runs\seg_oof\fives\pred\mask\343_G.png,True,True,True
train_344_G,E:\Programming\research_ws\medical1\exp\runs\seg_oof\fives\pred\prob\344_G.npy,E:\Programming\research_ws\medical1\exp\runs\seg_oof\fives\pred\mask\344_G.png,True,True,True
train_345_G,E:\Programming\research_ws\medical1\exp\runs\seg_oof\fives\pred\prob\345_G.npy,E:\Programming\research_ws\medical1\exp\runs\seg_oof\fives\pred\mask\345_G.png,True,True,True
train_346_G,E:\Programming\research_ws\medical1\exp\runs\seg_oof\fives\pred\prob\346_G.npy,E:\Programming\research_ws\medical1\exp\runs\seg_oof\fives\pred\mask\346_G.png,True,True,True
train_347_G,E:\Programming\research_ws\medical1\exp\runs\seg_oof\fives\pred\prob\347_G.npy,E:\Programming\research_ws\medical1\exp\runs\seg_oof\fives\pred\mask\347_G.png,True,True,True
train_348_G,E:\Programming\research_ws\medical1\exp\runs\seg_oof\fives\pred\prob\348_G.npy,E:\Programming\research_ws\medical1\exp\runs\seg_oof\fives\pred\mask\348_G.png,True,True,True
train_349_G,E:\Programming\research_ws\medical1\exp\runs\seg_oof\fives\pred\prob\349_G.npy,E:\Programming\research_ws\medical1\exp\runs\seg_oof\fives\pred\mask\349_G.png,True,True,True
train_34_A,E:\Programming\research_ws\medical1\exp\runs\seg_oof\fives\pred\prob\34_A.npy,E:\Programming\research_ws\medical1\exp\runs\seg_oof\fives\pred\mask\34_A.png,True,True,True
train_350_G,E:\Programming\research_ws\medical1\exp\runs\seg_oof\fives\pred\prob\350_G.npy,E:\Programming\research_ws\medical1\exp\runs\seg_oof\fives\pred\mask\350_G.png,True,True,True
train_351_G,E:\Programming\research_ws\medical1\exp\runs\seg_oof\fives\pred\prob\351_G.npy,E:\Programming\research_ws\medical1\exp\runs\seg_oof\fives\pred\mask\351_G.png,True,True,True
train_352_G,E:\Programming\research_ws\medical1\exp\runs\seg_oof\fives\pred\prob\352_G.npy,E:\Programming\research_ws\medical1\exp\runs\seg_oof\fives\pred\mask\352_G.png,True,True,True
train_353_G,E:\Programming\research_ws\medical1\exp\runs\seg_oof\fives\pred\prob\353_G.npy,E:\Programming\research_ws\medical1\exp\runs\seg_oof\fives\pred\mask\353_G.png,True,True,True
train_354_G,E:\Programming\research_ws\medical1\exp\runs\seg_oof\fives\pred\prob\354_G.npy,E:\Programming\research_ws\medical1\exp\runs\seg_oof\fives\pred\mask\354_G.png,True,True,True
train_355_G,E:\Programming\research_ws\medical1\exp\runs\seg_oof\fives\pred\prob\355_G.npy,E:\Programming\research_ws\medical1\exp\runs\seg_oof\fives\pred\mask\355_G.png,True,True,True
train_356_G,E:\Programming\research_ws\medical1\exp\runs\seg_oof\fives\pred\prob\356_G.npy,E:\Programming\research_ws\medical1\exp\runs\seg_oof\fives\pred\mask\356_G.png,True,True,True
train_357_G,E:\Programming\research_ws\medical1\exp\runs\seg_oof\fives\pred\prob\357_G.npy,E:\Programming\research_ws\medical1\exp\runs\seg_oof\fives\pred\mask\357_G.png,True,True,True
train_358_G,E:\Programming\research_ws\medical1\exp\runs\seg_oof\fives\pred\prob\358_G.npy,E:\Programming\research_ws\medical1\exp\runs\seg_oof\fives\pred\mask\358_G.png,True,True,True
train_359_G,E:\Programming\research_ws\medical1\exp\runs\seg_oof\fives\pred\prob\359_G.npy,E:\Programming\research_ws\medical1\exp\runs\seg_oof\fives\pred\mask\359_G.png,True,True,True
train_35_A,E:\Programming\research_ws\medical1\exp\runs\seg_oof\fives\pred\prob\35_A.npy,E:\Programming\research_ws\medical1\exp\runs\seg_oof\fives\pred\mask\35_A.png,True,True,True
train_360_G,E:\Programming\research_ws\medical1\exp\runs\seg_oof\fives\pred\prob\360_G.npy,E:\Programming\research_ws\medical1\exp\runs\seg_oof\fives\pred\mask\360_G.png,True,True,True
train_361_G,E:\Programming\research_ws\medical1\exp\runs\seg_oof\fives\pred\prob\361_G.npy,E:\Programming\research_ws\medical1\exp\runs\seg_oof\fives\pred\mask\361_G.png,True,True,True
train_362_G,E:\Programming\research_ws\medical1\exp\runs\seg_oof\fives\pred\prob\362_G.npy,E:\Programming\research_ws\medical1\exp\runs\seg_oof\fives\pred\mask\362_G.png,True,True,True
train_363_G,E:\Programming\research_ws\medical1\exp\runs\seg_oof\fives\pred\prob\363_G.npy,E:\Programming\research_ws\medical1\exp\runs\seg_oof\fives\pred\mask\363_G.png,True,True,True
train_364_G,E:\Programming\research_ws\medical1\exp\runs\seg_oof\fives\pred\prob\364_G.npy,E:\Programming\research_ws\medical1\exp\runs\seg_oof\fives\pred\mask\364_G.png,True,True,True
train_365_G,E:\Programming\research_ws\medical1\exp\runs\seg_oof\fives\pred\prob\365_G.npy,E:\Programming\research_ws\medical1\exp\runs\seg_oof\fives\pred\mask\365_G.png,True,True,True
train_366_G,E:\Programming\research_ws\medical1\exp\runs\seg_oof\fives\pred\prob\366_G.npy,E:\Programming\research_ws\medical1\exp\runs\seg_oof\fives\pred\mask\366_G.png,True,True,True
train_367_G,E:\Programming\research_ws\medical1\exp\runs\seg_oof\fives\pred\prob\367_G.npy,E:\Programming\research_ws\medical1\exp\runs\seg_oof\fives\pred\mask\367_G.png,True,True,True
train_368_G,E:\Programming\research_ws\medical1\exp\runs\seg_oof\fives\pred\prob\368_G.npy,E:\Programming\research_ws\medical1\exp\runs\seg_oof\fives\pred\mask\368_G.png,True,True,True
train_369_G,E:\Programming\research_ws\medical1\exp\runs\seg_oof\fives\pred\prob\369_G.npy,E:\Programming\research_ws\medical1\exp\runs\seg_oof\fives\pred\mask\369_G.png,True,True,True
train_36_A,E:\Programming\research_ws\medical1\exp\runs\seg_oof\fives\pred\prob\36_A.npy,E:\Programming\research_ws\medical1\exp\runs\seg_oof\fives\pred\mask\36_A.png,True,True,True
train_370_G,E:\Programming\research_ws\medical1\exp\runs\seg_oof\fives\pred\prob\370_G.npy,E:\Programming\research_ws\medical1\exp\runs\seg_oof\fives\pred\mask\370_G.png,True,True,True
train_371_G,E:\Programming\research_ws\medical1\exp\runs\seg_oof\fives\pred\prob\371_G.npy,E:\Programming\research_ws\medical1\exp\runs\seg_oof\fives\pred\mask\371_G.png,True,True,True
train_372_G,E:\Programming\research_ws\medical1\exp\runs\seg_oof\fives\pred\prob\372_G.npy,E:\Programming\research_ws\medical1\exp\runs\seg_oof\fives\pred\mask\372_G.png,True,True,True
train_373_G,E:\Programming\research_ws\medical1\exp\runs\seg_oof\fives\pred\prob\373_G.npy,E:\Programming\research_ws\medical1\exp\runs\seg_oof\fives\pred\mask\373_G.png,True,True,True
train_374_G,E:\Programming\research_ws\medical1\exp\runs\seg_oof\fives\pred\prob\374_G.npy,E:\Programming\research_ws\medical1\exp\runs\seg_oof\fives\pred\mask\374_G.png,True,True,True
train_375_G,E:\Programming\research_ws\medical1\exp\runs\seg_oof\fives\pred\prob\375_G.npy,E:\Programming\research_ws\medical1\exp\runs\seg_oof\fives\pred\mask\375_G.png,True,True,True
train_376_G,E:\Programming\research_ws\medical1\exp\runs\seg_oof\fives\pred\prob\376_G.npy,E:\Programming\research_ws\medical1\exp\runs\seg_oof\fives\pred\mask\376_G.png,True,True,True
train_377_G,E:\Programming\research_ws\medical1\exp\runs\seg_oof\fives\pred\prob\377_G.npy,E:\Programming\research_ws\medical1\exp\runs\seg_oof\fives\pred\mask\377_G.png,True,True,True
train_378_G,E:\Programming\research_ws\medical1\exp\runs\seg_oof\fives\pred\prob\378_G.npy,E:\Programming\research_ws\medical1\exp\runs\seg_oof\fives\pred\mask\378_G.png,True,True,True
train_379_G,E:\Programming\research_ws\medical1\exp\runs\seg_oof\fives\pred\prob\379_G.npy,E:\Programming\research_ws\medical1\exp\runs\seg_oof\fives\pred\mask\379_G.png,True,True,True
train_37_A,E:\Programming\research_ws\medical1\exp\runs\seg_oof\fives\pred\prob\37_A.npy,E:\Programming\research_ws\medical1\exp\runs\seg_oof\fives\pred\mask\37_A.png,True,True,True
train_380_G,E:\Programming\research_ws\medical1\exp\runs\seg_oof\fives\pred\prob\380_G.npy,E:\Programming\research_ws\medical1\exp\runs\seg_oof\fives\pred\mask\380_G.png,True,True,True
train_381_G,E:\Programming\research_ws\medical1\exp\runs\seg_oof\fives\pred\prob\381_G.npy,E:\Programming\research_ws\medical1\exp\runs\seg_oof\fives\pred\mask\381_G.png,True,True,True
train_382_G,E:\Programming\research_ws\medical1\exp\runs\seg_oof\fives\pred\prob\382_G.npy,E:\Programming\research_ws\medical1\exp\runs\seg_oof\fives\pred\mask\382_G.png,True,True,True
train_383_G,E:\Programming\research_ws\medical1\exp\runs\seg_oof\fives\pred\prob\383_G.npy,E:\Programming\research_ws\medical1\exp\runs\seg_oof\fives\pred\mask\383_G.png,True,True,True
train_384_G,E:\Programming\research_ws\medical1\exp\runs\seg_oof\fives\pred\prob\384_G.npy,E:\Programming\research_ws\medical1\exp\runs\seg_oof\fives\pred\mask\384_G.png,True,True,True
train_385_G,E:\Programming\research_ws\medical1\exp\runs\seg_oof\fives\pred\prob\385_G.npy,E:\Programming\research_ws\medical1\exp\runs\seg_oof\fives\pred\mask\385_G.png,True,True,True
train_386_G,E:\Programming\research_ws\medical1\exp\runs\seg_oof\fives\pred\prob\386_G.npy,E:\Programming\research_ws\medical1\exp\runs\seg_oof\fives\pred\mask\386_G.png,True,True,True
train_387_G,E:\Programming\research_ws\medical1\exp\runs\seg_oof\fives\pred\prob\387_G.npy,E:\Programming\research_ws\medical1\exp\runs\seg_oof\fives\pred\mask\387_G.png,True,True,True
train_388_G,E:\Programming\research_ws\medical1\exp\runs\seg_oof\fives\pred\prob\388_G.npy,E:\Programming\research_ws\medical1\exp\runs\seg_oof\fives\pred\mask\388_G.png,True,True,True
train_389_G,E:\Programming\research_ws\medical1\exp\runs\seg_oof\fives\pred\prob\389_G.npy,E:\Programming\research_ws\medical1\exp\runs\seg_oof\fives\pred\mask\389_G.png,True,True,True
train_38_A,E:\Programming\research_ws\medical1\exp\runs\seg_oof\fives\pred\prob\38_A.npy,E:\Programming\research_ws\medical1\exp\runs\seg_oof\fives\pred\mask\38_A.png,True,True,True
train_390_G,E:\Programming\research_ws\medical1\exp\runs\seg_oof\fives\pred\prob\390_G.npy,E:\Programming\research_ws\medical1\exp\runs\seg_oof\fives\pred\mask\390_G.png,True,True,True
train_391_G,E:\Programming\research_ws\medical1\exp\runs\seg_oof\fives\pred\prob\391_G.npy,E:\Programming\research_ws\medical1\exp\runs\seg_oof\fives\pred\mask\391_G.png,True,True,True
train_392_G,E:\Programming\research_ws\medical1\exp\runs\seg_oof\fives\pred\prob\392_G.npy,E:\Programming\research_ws\medical1\exp\runs\seg_oof\fives\pred\mask\392_G.png,True,True,True
train_393_G,E:\Programming\research_ws\medical1\exp\runs\seg_oof\fives\pred\prob\393_G.npy,E:\Programming\research_ws\medical1\exp\runs\seg_oof\fives\pred\mask\393_G.png,True,True,True
train_394_G,E:\Programming\research_ws\medical1\exp\runs\seg_oof\fives\pred\prob\394_G.npy,E:\Programming\research_ws\medical1\exp\runs\seg_oof\fives\pred\mask\394_G.png,True,True,True
train_395_G,E:\Programming\research_ws\medical1\exp\runs\seg_oof\fives\pred\prob\395_G.npy,E:\Programming\research_ws\medical1\exp\runs\seg_oof\fives\pred\mask\395_G.png,True,True,True
train_396_G,E:\Programming\research_ws\medical1\exp\runs\seg_oof\fives\pred\prob\396_G.npy,E:\Programming\research_ws\medical1\exp\runs\seg_oof\fives\pred\mask\396_G.png,True,True,True
train_397_G,E:\Programming\research_ws\medical1\exp\runs\seg_oof\fives\pred\prob\397_G.npy,E:\Programming\research_ws\medical1\exp\runs\seg_oof\fives\pred\mask\397_G.png,True,True,True
train_398_G,E:\Programming\research_ws\medical1\exp\runs\seg_oof\fives\pred\prob\398_G.npy,E:\Programming\research_ws\medical1\exp\runs\seg_oof\fives\pred\mask\398_G.png,True,True,True
train_399_G,E:\Programming\research_ws\medical1\exp\runs\seg_oof\fives\pred\prob\399_G.npy,E:\Programming\research_ws\medical1\exp\runs\seg_oof\fives\pred\mask\399_G.png,True,True,True
train_39_A,E:\Programming\research_ws\medical1\exp\runs\seg_oof\fives\pred\prob\39_A.npy,E:\Programming\research_ws\medical1\exp\runs\seg_oof\fives\pred\mask\39_A.png,True,True,True
train_3_A,E:\Programming\research_ws\medical1\exp\runs\seg_oof\fives\pred\prob\3_A.npy,E:\Programming\research_ws\medical1\exp\runs\seg_oof\fives\pred\mask\3_A.png,True,True,True
train_400_G,E:\Programming\research_ws\medical1\exp\runs\seg_oof\fives\pred\prob\400_G.npy,E:\Programming\research_ws\medical1\exp\runs\seg_oof\fives\pred\mask\400_G.png,True,True,True
train_401_G,E:\Programming\research_ws\medical1\exp\runs\seg_oof\fives\pred\prob\401_G.npy,E:\Programming\research_ws\medical1\exp\runs\seg_oof\fives\pred\mask\401_G.png,True,True,True
train_402_G,E:\Programming\research_ws\medical1\exp\runs\seg_oof\fives\pred\prob\402_G.npy,E:\Programming\research_ws\medical1\exp\runs\seg_oof\fives\pred\mask\402_G.png,True,True,True
train_403_G,E:\Programming\research_ws\medical1\exp\runs\seg_oof\fives\pred\prob\403_G.npy,E:\Programming\research_ws\medical1\exp\runs\seg_oof\fives\pred\mask\403_G.png,True,True,True
train_404_G,E:\Programming\research_ws\medical1\exp\runs\seg_oof\fives\pred\prob\404_G.npy,E:\Programming\research_ws\medical1\exp\runs\seg_oof\fives\pred\mask\404_G.png,True,True,True
train_405_G,E:\Programming\research_ws\medical1\exp\runs\seg_oof\fives\pred\prob\405_G.npy,E:\Programming\research_ws\medical1\exp\runs\seg_oof\fives\pred\mask\405_G.png,True,True,True
train_406_G,E:\Programming\research_ws\medical1\exp\runs\seg_oof\fives\pred\prob\406_G.npy,E:\Programming\research_ws\medical1\exp\runs\seg_oof\fives\pred\mask\406_G.png,True,True,True
train_407_G,E:\Programming\research_ws\medical1\exp\runs\seg_oof\fives\pred\prob\407_G.npy,E:\Programming\research_ws\medical1\exp\runs\seg_oof\fives\pred\mask\407_G.png,True,True,True
train_408_G,E:\Programming\research_ws\medical1\exp\runs\seg_oof\fives\pred\prob\408_G.npy,E:\Programming\research_ws\medical1\exp\runs\seg_oof\fives\pred\mask\408_G.png,True,True,True
train_409_G,E:\Programming\research_ws\medical1\exp\runs\seg_oof\fives\pred\prob\409_G.npy,E:\Programming\research_ws\medical1\exp\runs\seg_oof\fives\pred\mask\409_G.png,True,True,True
train_40_A,E:\Programming\research_ws\medical1\exp\runs\seg_oof\fives\pred\prob\40_A.npy,E:\Programming\research_ws\medical1\exp\runs\seg_oof\fives\pred\mask\40_A.png,True,True,True
train_410_G,E:\Programming\research_ws\medical1\exp\runs\seg_oof\fives\pred\prob\410_G.npy,E:\Programming\research_ws\medical1\exp\runs\seg_oof\fives\pred\mask\410_G.png,True,True,True
train_411_G,E:\Programming\research_ws\medical1\exp\runs\seg_oof\fives\pred\prob\411_G.npy,E:\Programming\research_ws\medical1\exp\runs\seg_oof\fives\pred\mask\411_G.png,True,True,True
train_412_G,E:\Programming\research_ws\medical1\exp\runs\seg_oof\fives\pred\prob\412_G.npy,E:\Programming\research_ws\medical1\exp\runs\seg_oof\fives\pred\mask\412_G.png,True,True,True
train_413_G,E:\Programming\research_ws\medical1\exp\runs\seg_oof\fives\pred\prob\413_G.npy,E:\Programming\research_ws\medical1\exp\runs\seg_oof\fives\pred\mask\413_G.png,True,True,True
train_414_G,E:\Programming\research_ws\medical1\exp\runs\seg_oof\fives\pred\prob\414_G.npy,E:\Programming\research_ws\medical1\exp\runs\seg_oof\fives\pred\mask\414_G.png,True,True,True
train_415_G,E:\Programming\research_ws\medical1\exp\runs\seg_oof\fives\pred\prob\415_G.npy,E:\Programming\research_ws\medical1\exp\runs\seg_oof\fives\pred\mask\415_G.png,True,True,True
train_416_G,E:\Programming\research_ws\medical1\exp\runs\seg_oof\fives\pred\prob\416_G.npy,E:\Programming\research_ws\medical1\exp\runs\seg_oof\fives\pred\mask\416_G.png,True,True,True
train_417_G,E:\Programming\research_ws\medical1\exp\runs\seg_oof\fives\pred\prob\417_G.npy,E:\Programming\research_ws\medical1\exp\runs\seg_oof\fives\pred\mask\417_G.png,True,True,True
train_418_G,E:\Programming\research_ws\medical1\exp\runs\seg_oof\fives\pred\prob\418_G.npy,E:\Programming\research_ws\medical1\exp\runs\seg_oof\fives\pred\mask\418_G.png,True,True,True
train_419_G,E:\Programming\research_ws\medical1\exp\runs\seg_oof\fives\pred\prob\419_G.npy,E:\Programming\research_ws\medical1\exp\runs\seg_oof\fives\pred\mask\419_G.png,True,True,True
train_41_A,E:\Programming\research_ws\medical1\exp\runs\seg_oof\fives\pred\prob\41_A.npy,E:\Programming\research_ws\medical1\exp\runs\seg_oof\fives\pred\mask\41_A.png,True,True,True
train_420_G,E:\Programming\research_ws\medical1\exp\runs\seg_oof\fives\pred\prob\420_G.npy,E:\Programming\research_ws\medical1\exp\runs\seg_oof\fives\pred\mask\420_G.png,True,True,True
train_421_G,E:\Programming\research_ws\medical1\exp\runs\seg_oof\fives\pred\prob\421_G.npy,E:\Programming\research_ws\medical1\exp\runs\seg_oof\fives\pred\mask\421_G.png,True,True,True
train_422_G,E:\Programming\research_ws\medical1\exp\runs\seg_oof\fives\pred\prob\422_G.npy,E:\Programming\research_ws\medical1\exp\runs\seg_oof\fives\pred\mask\422_G.png,True,True,True
train_423_G,E:\Programming\research_ws\medical1\exp\runs\seg_oof\fives\pred\prob\423_G.npy,E:\Programming\research_ws\medical1\exp\runs\seg_oof\fives\pred\mask\423_G.png,True,True,True
train_424_G,E:\Programming\research_ws\medical1\exp\runs\seg_oof\fives\pred\prob\424_G.npy,E:\Programming\research_ws\medical1\exp\runs\seg_oof\fives\pred\mask\424_G.png,True,True,True
train_425_G,E:\Programming\research_ws\medical1\exp\runs\seg_oof\fives\pred\prob\425_G.npy,E:\Programming\research_ws\medical1\exp\runs\seg_oof\fives\pred\mask\425_G.png,True,True,True
train_426_G,E:\Programming\research_ws\medical1\exp\runs\seg_oof\fives\pred\prob\426_G.npy,E:\Programming\research_ws\medical1\exp\runs\seg_oof\fives\pred\mask\426_G.png,True,True,True
train_427_G,E:\Programming\research_ws\medical1\exp\runs\seg_oof\fives\pred\prob\427_G.npy,E:\Programming\research_ws\medical1\exp\runs\seg_oof\fives\pred\mask\427_G.png,True,True,True
train_428_G,E:\Programming\research_ws\medical1\exp\runs\seg_oof\fives\pred\prob\428_G.npy,E:\Programming\research_ws\medical1\exp\runs\seg_oof\fives\pred\mask\428_G.png,True,True,True
train_429_G,E:\Programming\research_ws\medical1\exp\runs\seg_oof\fives\pred\prob\429_G.npy,E:\Programming\research_ws\medical1\exp\runs\seg_oof\fives\pred\mask\429_G.png,True,True,True
train_42_A,E:\Programming\research_ws\medical1\exp\runs\seg_oof\fives\pred\prob\42_A.npy,E:\Programming\research_ws\medical1\exp\runs\seg_oof\fives\pred\mask\42_A.png,True,True,True
train_430_G,E:\Programming\research_ws\medical1\exp\runs\seg_oof\fives\pred\prob\430_G.npy,E:\Programming\research_ws\medical1\exp\runs\seg_oof\fives\pred\mask\430_G.png,True,True,True
train_431_G,E:\Programming\research_ws\medical1\exp\runs\seg_oof\fives\pred\prob\431_G.npy,E:\Programming\research_ws\medical1\exp\runs\seg_oof\fives\pred\mask\431_G.png,True,True,True
train_432_G,E:\Programming\research_ws\medical1\exp\runs\seg_oof\fives\pred\prob\432_G.npy,E:\Programming\research_ws\medical1\exp\runs\seg_oof\fives\pred\mask\432_G.png,True,True,True
train_433_G,E:\Programming\research_ws\medical1\exp\runs\seg_oof\fives\pred\prob\433_G.npy,E:\Programming\research_ws\medical1\exp\runs\seg_oof\fives\pred\mask\433_G.png,True,True,True
train_434_G,E:\Programming\research_ws\medical1\exp\runs\seg_oof\fives\pred\prob\434_G.npy,E:\Programming\research_ws\medical1\exp\runs\seg_oof\fives\pred\mask\434_G.png,True,True,True
train_435_G,E:\Programming\research_ws\medical1\exp\runs\seg_oof\fives\pred\prob\435_G.npy,E:\Programming\research_ws\medical1\exp\runs\seg_oof\fives\pred\mask\435_G.png,True,True,True
train_436_G,E:\Programming\research_ws\medical1\exp\runs\seg_oof\fives\pred\prob\436_G.npy,E:\Programming\research_ws\medical1\exp\runs\seg_oof\fives\pred\mask\436_G.png,True,True,True
train_437_G,E:\Programming\research_ws\medical1\exp\runs\seg_oof\fives\pred\prob\437_G.npy,E:\Programming\research_ws\medical1\exp\runs\seg_oof\fives\pred\mask\437_G.png,True,True,True
train_438_G,E:\Programming\research_ws\medical1\exp\runs\seg_oof\fives\pred\prob\438_G.npy,E:\Programming\research_ws\medical1\exp\runs\seg_oof\fives\pred\mask\438_G.png,True,True,True
train_439_G,E:\Programming\research_ws\medical1\exp\runs\seg_oof\fives\pred\prob\439_G.npy,E:\Programming\research_ws\medical1\exp\runs\seg_oof\fives\pred\mask\439_G.png,True,True,True
train_43_A,E:\Programming\research_ws\medical1\exp\runs\seg_oof\fives\pred\prob\43_A.npy,E:\Programming\research_ws\medical1\exp\runs\seg_oof\fives\pred\mask\43_A.png,True,True,True
train_440_G,E:\Programming\research_ws\medical1\exp\runs\seg_oof\fives\pred\prob\440_G.npy,E:\Programming\research_ws\medical1\exp\runs\seg_oof\fives\pred\mask\440_G.png,True,True,True
train_441_G,E:\Programming\research_ws\medical1\exp\runs\seg_oof\fives\pred\prob\441_G.npy,E:\Programming\research_ws\medical1\exp\runs\seg_oof\fives\pred\mask\441_G.png,True,True,True
train_442_G,E:\Programming\research_ws\medical1\exp\runs\seg_oof\fives\pred\prob\442_G.npy,E:\Programming\research_ws\medical1\exp\runs\seg_oof\fives\pred\mask\442_G.png,True,True,True
train_443_G,E:\Programming\research_ws\medical1\exp\runs\seg_oof\fives\pred\prob\443_G.npy,E:\Programming\research_ws\medical1\exp\runs\seg_oof\fives\pred\mask\443_G.png,True,True,True
train_444_G,E:\Programming\research_ws\medical1\exp\runs\seg_oof\fives\pred\prob\444_G.npy,E:\Programming\research_ws\medical1\exp\runs\seg_oof\fives\pred\mask\444_G.png,True,True,True
train_445_G,E:\Programming\research_ws\medical1\exp\runs\seg_oof\fives\pred\prob\445_G.npy,E:\Programming\research_ws\medical1\exp\runs\seg_oof\fives\pred\mask\445_G.png,True,True,True
train_446_G,E:\Programming\research_ws\medical1\exp\runs\seg_oof\fives\pred\prob\446_G.npy,E:\Programming\research_ws\medical1\exp\runs\seg_oof\fives\pred\mask\446_G.png,True,True,True
train_447_G,E:\Programming\research_ws\medical1\exp\runs\seg_oof\fives\pred\prob\447_G.npy,E:\Programming\research_ws\medical1\exp\runs\seg_oof\fives\pred\mask\447_G.png,True,True,True
train_448_G,E:\Programming\research_ws\medical1\exp\runs\seg_oof\fives\pred\prob\448_G.npy,E:\Programming\research_ws\medical1\exp\runs\seg_oof\fives\pred\mask\448_G.png,True,True,True
train_449_G,E:\Programming\research_ws\medical1\exp\runs\seg_oof\fives\pred\prob\449_G.npy,E:\Programming\research_ws\medical1\exp\runs\seg_oof\fives\pred\mask\449_G.png,True,True,True
train_44_A,E:\Programming\research_ws\medical1\exp\runs\seg_oof\fives\pred\prob\44_A.npy,E:\Programming\research_ws\medical1\exp\runs\seg_oof\fives\pred\mask\44_A.png,True,True,True
train_450_G,E:\Programming\research_ws\medical1\exp\runs\seg_oof\fives\pred\prob\450_G.npy,E:\Programming\research_ws\medical1\exp\runs\seg_oof\fives\pred\mask\450_G.png,True,True,True
train_451_N,E:\Programming\research_ws\medical1\exp\runs\seg_oof\fives\pred\prob\451_N.npy,E:\Programming\research_ws\medical1\exp\runs\seg_oof\fives\pred\mask\451_N.png,True,True,True
train_452_N,E:\Programming\research_ws\medical1\exp\runs\seg_oof\fives\pred\prob\452_N.npy,E:\Programming\research_ws\medical1\exp\runs\seg_oof\fives\pred\mask\452_N.png,True,True,True
train_453_N,E:\Programming\research_ws\medical1\exp\runs\seg_oof\fives\pred\prob\453_N.npy,E:\Programming\research_ws\medical1\exp\runs\seg_oof\fives\pred\mask\453_N.png,True,True,True
train_454_N,E:\Programming\research_ws\medical1\exp\runs\seg_oof\fives\pred\prob\454_N.npy,E:\Programming\research_ws\medical1\exp\runs\seg_oof\fives\pred\mask\454_N.png,True,True,True
train_455_N,E:\Programming\research_ws\medical1\exp\runs\seg_oof\fives\pred\prob\455_N.npy,E:\Programming\research_ws\medical1\exp\runs\seg_oof\fives\pred\mask\455_N.png,True,True,True
train_456_N,E:\Programming\research_ws\medical1\exp\runs\seg_oof\fives\pred\prob\456_N.npy,E:\Programming\research_ws\medical1\exp\runs\seg_oof\fives\pred\mask\456_N.png,True,True,True
train_457_N,E:\Programming\research_ws\medical1\exp\runs\seg_oof\fives\pred\prob\457_N.npy,E:\Programming\research_ws\medical1\exp\runs\seg_oof\fives\pred\mask\457_N.png,True,True,True
train_458_N,E:\Programming\research_ws\medical1\exp\runs\seg_oof\fives\pred\prob\458_N.npy,E:\Programming\research_ws\medical1\exp\runs\seg_oof\fives\pred\mask\458_N.png,True,True,True
train_459_N,E:\Programming\research_ws\medical1\exp\runs\seg_oof\fives\pred\prob\459_N.npy,E:\Programming\research_ws\medical1\exp\runs\seg_oof\fives\pred\mask\459_N.png,True,True,True
train_45_A,E:\Programming\research_ws\medical1\exp\runs\seg_oof\fives\pred\prob\45_A.npy,E:\Programming\research_ws\medical1\exp\runs\seg_oof\fives\pred\mask\45_A.png,True,True,True
train_460_N,E:\Programming\research_ws\medical1\exp\runs\seg_oof\fives\pred\prob\460_N.npy,E:\Programming\research_ws\medical1\exp\runs\seg_oof\fives\pred\mask\460_N.png,True,True,True
train_461_N,E:\Programming\research_ws\medical1\exp\runs\seg_oof\fives\pred\prob\461_N.npy,E:\Programming\research_ws\medical1\exp\runs\seg_oof\fives\pred\mask\461_N.png,True,True,True
train_462_N,E:\Programming\research_ws\medical1\exp\runs\seg_oof\fives\pred\prob\462_N.npy,E:\Programming\research_ws\medical1\exp\runs\seg_oof\fives\pred\mask\462_N.png,True,True,True
train_463_N,E:\Programming\research_ws\medical1\exp\runs\seg_oof\fives\pred\prob\463_N.npy,E:\Programming\research_ws\medical1\exp\runs\seg_oof\fives\pred\mask\463_N.png,True,True,True
train_464_N,E:\Programming\research_ws\medical1\exp\runs\seg_oof\fives\pred\prob\464_N.npy,E:\Programming\research_ws\medical1\exp\runs\seg_oof\fives\pred\mask\464_N.png,True,True,True
train_465_N,E:\Programming\research_ws\medical1\exp\runs\seg_oof\fives\pred\prob\465_N.npy,E:\Programming\research_ws\medical1\exp\runs\seg_oof\fives\pred\mask\465_N.png,True,True,True
train_466_N,E:\Programming\research_ws\medical1\exp\runs\seg_oof\fives\pred\prob\466_N.npy,E:\Programming\research_ws\medical1\exp\runs\seg_oof\fives\pred\mask\466_N.png,True,True,True
train_467_N,E:\Programming\research_ws\medical1\exp\runs\seg_oof\fives\pred\prob\467_N.npy,E:\Programming\research_ws\medical1\exp\runs\seg_oof\fives\pred\mask\467_N.png,True,True,True
train_468_N,E:\Programming\research_ws\medical1\exp\runs\seg_oof\fives\pred\prob\468_N.npy,E:\Programming\research_ws\medical1\exp\runs\seg_oof\fives\pred\mask\468_N.png,True,True,True
train_469_N,E:\Programming\research_ws\medical1\exp\runs\seg_oof\fives\pred\prob\469_N.npy,E:\Programming\research_ws\medical1\exp\runs\seg_oof\fives\pred\mask\469_N.png,True,True,True
train_46_A,E:\Programming\research_ws\medical1\exp\runs\seg_oof\fives\pred\prob\46_A.npy,E:\Programming\research_ws\medical1\exp\runs\seg_oof\fives\pred\mask\46_A.png,True,True,True
train_470_N,E:\Programming\research_ws\medical1\exp\runs\seg_oof\fives\pred\prob\470_N.npy,E:\Programming\research_ws\medical1\exp\runs\seg_oof\fives\pred\mask\470_N.png,True,True,True
train_471_N,E:\Programming\research_ws\medical1\exp\runs\seg_oof\fives\pred\prob\471_N.npy,E:\Programming\research_ws\medical1\exp\runs\seg_oof\fives\pred\mask\471_N.png,True,True,True
train_472_N,E:\Programming\research_ws\medical1\exp\runs\seg_oof\fives\pred\prob\472_N.npy,E:\Programming\research_ws\medical1\exp\runs\seg_oof\fives\pred\mask\472_N.png,True,True,True
train_473_N,E:\Programming\research_ws\medical1\exp\runs\seg_oof\fives\pred\prob\473_N.npy,E:\Programming\research_ws\medical1\exp\runs\seg_oof\fives\pred\mask\473_N.png,True,True,True
train_474_N,E:\Programming\research_ws\medical1\exp\runs\seg_oof\fives\pred\prob\474_N.npy,E:\Programming\research_ws\medical1\exp\runs\seg_oof\fives\pred\mask\474_N.png,True,True,True
train_475_N,E:\Programming\research_ws\medical1\exp\runs\seg_oof\fives\pred\prob\475_N.npy,E:\Programming\research_ws\medical1\exp\runs\seg_oof\fives\pred\mask\475_N.png,True,True,True
train_476_N,E:\Programming\research_ws\medical1\exp\runs\seg_oof\fives\pred\prob\476_N.npy,E:\Programming\research_ws\medical1\exp\runs\seg_oof\fives\pred\mask\476_N.png,True,True,True
train_477_N,E:\Programming\research_ws\medical1\exp\runs\seg_oof\fives\pred\prob\477_N.npy,E:\Programming\research_ws\medical1\exp\runs\seg_oof\fives\pred\mask\477_N.png,True,True,True
train_478_N,E:\Programming\research_ws\medical1\exp\runs\seg_oof\fives\pred\prob\478_N.npy,E:\Programming\research_ws\medical1\exp\runs\seg_oof\fives\pred\mask\478_N.png,True,True,True
train_479_N,E:\Programming\research_ws\medical1\exp\runs\seg_oof\fives\pred\prob\479_N.npy,E:\Programming\research_ws\medical1\exp\runs\seg_oof\fives\pred\mask\479_N.png,True,True,True
train_47_A,E:\Programming\research_ws\medical1\exp\runs\seg_oof\fives\pred\prob\47_A.npy,E:\Programming\research_ws\medical1\exp\runs\seg_oof\fives\pred\mask\47_A.png,True,True,True
train_480_N,E:\Programming\research_ws\medical1\exp\runs\seg_oof\fives\pred\prob\480_N.npy,E:\Programming\research_ws\medical1\exp\runs\seg_oof\fives\pred\mask\480_N.png,True,True,True
train_481_N,E:\Programming\research_ws\medical1\exp\runs\seg_oof\fives\pred\prob\481_N.npy,E:\Programming\research_ws\medical1\exp\runs\seg_oof\fives\pred\mask\481_N.png,True,True,True
train_482_N,E:\Programming\research_ws\medical1\exp\runs\seg_oof\fives\pred\prob\482_N.npy,E:\Programming\research_ws\medical1\exp\runs\seg_oof\fives\pred\mask\482_N.png,True,True,True
train_483_N,E:\Programming\research_ws\medical1\exp\runs\seg_oof\fives\pred\prob\483_N.npy,E:\Programming\research_ws\medical1\exp\runs\seg_oof\fives\pred\mask\483_N.png,True,True,True
train_484_N,E:\Programming\research_ws\medical1\exp\runs\seg_oof\fives\pred\prob\484_N.npy,E:\Programming\research_ws\medical1\exp\runs\seg_oof\fives\pred\mask\484_N.png,True,True,True
train_485_N,E:\Programming\research_ws\medical1\exp\runs\seg_oof\fives\pred\prob\485_N.npy,E:\Programming\research_ws\medical1\exp\runs\seg_oof\fives\pred\mask\485_N.png,True,True,True
train_486_N,E:\Programming\research_ws\medical1\exp\runs\seg_oof\fives\pred\prob\486_N.npy,E:\Programming\research_ws\medical1\exp\runs\seg_oof\fives\pred\mask\486_N.png,True,True,True
train_487_N,E:\Programming\research_ws\medical1\exp\runs\seg_oof\fives\pred\prob\487_N.npy,E:\Programming\research_ws\medical1\exp\runs\seg_oof\fives\pred\mask\487_N.png,True,True,True
train_488_N,E:\Programming\research_ws\medical1\exp\runs\seg_oof\fives\pred\prob\488_N.npy,E:\Programming\research_ws\medical1\exp\runs\seg_oof\fives\pred\mask\488_N.png,True,True,True
train_489_N,E:\Programming\research_ws\medical1\exp\runs\seg_oof\fives\pred\prob\489_N.npy,E:\Programming\research_ws\medical1\exp\runs\seg_oof\fives\pred\mask\489_N.png,True,True,True
train_48_A,E:\Programming\research_ws\medical1\exp\runs\seg_oof\fives\pred\prob\48_A.npy,E:\Programming\research_ws\medical1\exp\runs\seg_oof\fives\pred\mask\48_A.png,True,True,True
train_490_N,E:\Programming\research_ws\medical1\exp\runs\seg_oof\fives\pred\prob\490_N.npy,E:\Programming\research_ws\medical1\exp\runs\seg_oof\fives\pred\mask\490_N.png,True,True,True
train_491_N,E:\Programming\research_ws\medical1\exp\runs\seg_oof\fives\pred\prob\491_N.npy,E:\Programming\research_ws\medical1\exp\runs\seg_oof\fives\pred\mask\491_N.png,True,True,True
train_492_N,E:\Programming\research_ws\medical1\exp\runs\seg_oof\fives\pred\prob\492_N.npy,E:\Programming\research_ws\medical1\exp\runs\seg_oof\fives\pred\mask\492_N.png,True,True,True
train_493_N,E:\Programming\research_ws\medical1\exp\runs\seg_oof\fives\pred\prob\493_N.npy,E:\Programming\research_ws\medical1\exp\runs\seg_oof\fives\pred\mask\493_N.png,True,True,True
train_494_N,E:\Programming\research_ws\medical1\exp\runs\seg_oof\fives\pred\prob\494_N.npy,E:\Programming\research_ws\medical1\exp\runs\seg_oof\fives\pred\mask\494_N.png,True,True,True
train_495_N,E:\Programming\research_ws\medical1\exp\runs\seg_oof\fives\pred\prob\495_N.npy,E:\Programming\research_ws\medical1\exp\runs\seg_oof\fives\pred\mask\495_N.png,True,True,True
train_496_N,E:\Programming\research_ws\medical1\exp\runs\seg_oof\fives\pred\prob\496_N.npy,E:\Programming\research_ws\medical1\exp\runs\seg_oof\fives\pred\mask\496_N.png,True,True,True
train_497_N,E:\Programming\research_ws\medical1\exp\runs\seg_oof\fives\pred\prob\497_N.npy,E:\Programming\research_ws\medical1\exp\runs\seg_oof\fives\pred\mask\497_N.png,True,True,True
train_498_N,E:\Programming\research_ws\medical1\exp\runs\seg_oof\fives\pred\prob\498_N.npy,E:\Programming\research_ws\medical1\exp\runs\seg_oof\fives\pred\mask\498_N.png,True,True,True
train_499_N,E:\Programming\research_ws\medical1\exp\runs\seg_oof\fives\pred\prob\499_N.npy,E:\Programming\research_ws\medical1\exp\runs\seg_oof\fives\pred\mask\499_N.png,True,True,True
train_49_A,E:\Programming\research_ws\medical1\exp\runs\seg_oof\fives\pred\prob\49_A.npy,E:\Programming\research_ws\medical1\exp\runs\seg_oof\fives\pred\mask\49_A.png,True,True,True
train_4_A,E:\Programming\research_ws\medical1\exp\runs\seg_oof\fives\pred\prob\4_A.npy,E:\Programming\research_ws\medical1\exp\runs\seg_oof\fives\pred\mask\4_A.png,True,True,True
train_500_N,E:\Programming\research_ws\medical1\exp\runs\seg_oof\fives\pred\prob\500_N.npy,E:\Programming\research_ws\medical1\exp\runs\seg_oof\fives\pred\mask\500_N.png,True,True,True
train_501_N,E:\Programming\research_ws\medical1\exp\runs\seg_oof\fives\pred\prob\501_N.npy,E:\Programming\research_ws\medical1\exp\runs\seg_oof\fives\pred\mask\501_N.png,True,True,True
train_502_N,E:\Programming\research_ws\medical1\exp\runs\seg_oof\fives\pred\prob\502_N.npy,E:\Programming\research_ws\medical1\exp\runs\seg_oof\fives\pred\mask\502_N.png,True,True,True
train_503_N,E:\Programming\research_ws\medical1\exp\runs\seg_oof\fives\pred\prob\503_N.npy,E:\Programming\research_ws\medical1\exp\runs\seg_oof\fives\pred\mask\503_N.png,True,True,True
train_504_N,E:\Programming\research_ws\medical1\exp\runs\seg_oof\fives\pred\prob\504_N.npy,E:\Programming\research_ws\medical1\exp\runs\seg_oof\fives\pred\mask\504_N.png,True,True,True
train_505_N,E:\Programming\research_ws\medical1\exp\runs\seg_oof\fives\pred\prob\505_N.npy,E:\Programming\research_ws\medical1\exp\runs\seg_oof\fives\pred\mask\505_N.png,True,True,True
train_506_N,E:\Programming\research_ws\medical1\exp\runs\seg_oof\fives\pred\prob\506_N.npy,E:\Programming\research_ws\medical1\exp\runs\seg_oof\fives\pred\mask\506_N.png,True,True,True
train_507_N,E:\Programming\research_ws\medical1\exp\runs\seg_oof\fives\pred\prob\507_N.npy,E:\Programming\research_ws\medical1\exp\runs\seg_oof\fives\pred\mask\507_N.png,True,True,True
train_508_N,E:\Programming\research_ws\medical1\exp\runs\seg_oof\fives\pred\prob\508_N.npy,E:\Programming\research_ws\medical1\exp\runs\seg_oof\fives\pred\mask\508_N.png,True,True,True
train_509_N,E:\Programming\research_ws\medical1\exp\runs\seg_oof\fives\pred\prob\509_N.npy,E:\Programming\research_ws\medical1\exp\runs\seg_oof\fives\pred\mask\509_N.png,True,True,True
train_50_A,E:\Programming\research_ws\medical1\exp\runs\seg_oof\fives\pred\prob\50_A.npy,E:\Programming\research_ws\medical1\exp\runs\seg_oof\fives\pred\mask\50_A.png,True,True,True
train_510_N,E:\Programming\research_ws\medical1\exp\runs\seg_oof\fives\pred\prob\510_N.npy,E:\Programming\research_ws\medical1\exp\runs\seg_oof\fives\pred\mask\510_N.png,True,True,True
train_511_N,E:\Programming\research_ws\medical1\exp\runs\seg_oof\fives\pred\prob\511_N.npy,E:\Programming\research_ws\medical1\exp\runs\seg_oof\fives\pred\mask\511_N.png,True,True,True
train_512_N,E:\Programming\research_ws\medical1\exp\runs\seg_oof\fives\pred\prob\512_N.npy,E:\Programming\research_ws\medical1\exp\runs\seg_oof\fives\pred\mask\512_N.png,True,True,True
train_513_N,E:\Programming\research_ws\medical1\exp\runs\seg_oof\fives\pred\prob\513_N.npy,E:\Programming\research_ws\medical1\exp\runs\seg_oof\fives\pred\mask\513_N.png,True,True,True
train_514_N,E:\Programming\research_ws\medical1\exp\runs\seg_oof\fives\pred\prob\514_N.npy,E:\Programming\research_ws\medical1\exp\runs\seg_oof\fives\pred\mask\514_N.png,True,True,True
train_515_N,E:\Programming\research_ws\medical1\exp\runs\seg_oof\fives\pred\prob\515_N.npy,E:\Programming\research_ws\medical1\exp\runs\seg_oof\fives\pred\mask\515_N.png,True,True,True
train_516_N,E:\Programming\research_ws\medical1\exp\runs\seg_oof\fives\pred\prob\516_N.npy,E:\Programming\research_ws\medical1\exp\runs\seg_oof\fives\pred\mask\516_N.png,True,True,True
train_517_N,E:\Programming\research_ws\medical1\exp\runs\seg_oof\fives\pred\prob\517_N.npy,E:\Programming\research_ws\medical1\exp\runs\seg_oof\fives\pred\mask\517_N.png,True,True,True
train_518_N,E:\Programming\research_ws\medical1\exp\runs\seg_oof\fives\pred\prob\518_N.npy,E:\Programming\research_ws\medical1\exp\runs\seg_oof\fives\pred\mask\518_N.png,True,True,True
train_519_N,E:\Programming\research_ws\medical1\exp\runs\seg_oof\fives\pred\prob\519_N.npy,E:\Programming\research_ws\medical1\exp\runs\seg_oof\fives\pred\mask\519_N.png,True,True,True
train_51_A,E:\Programming\research_ws\medical1\exp\runs\seg_oof\fives\pred\prob\51_A.npy,E:\Programming\research_ws\medical1\exp\runs\seg_oof\fives\pred\mask\51_A.png,True,True,True
train_520_N,E:\Programming\research_ws\medical1\exp\runs\seg_oof\fives\pred\prob\520_N.npy,E:\Programming\research_ws\medical1\exp\runs\seg_oof\fives\pred\mask\520_N.png,True,True,True
train_521_N,E:\Programming\research_ws\medical1\exp\runs\seg_oof\fives\pred\prob\521_N.npy,E:\Programming\research_ws\medical1\exp\runs\seg_oof\fives\pred\mask\521_N.png,True,True,True
train_522_N,E:\Programming\research_ws\medical1\exp\runs\seg_oof\fives\pred\prob\522_N.npy,E:\Programming\research_ws\medical1\exp\runs\seg_oof\fives\pred\mask\522_N.png,True,True,True
train_523_N,E:\Programming\research_ws\medical1\exp\runs\seg_oof\fives\pred\prob\523_N.npy,E:\Programming\research_ws\medical1\exp\runs\seg_oof\fives\pred\mask\523_N.png,True,True,True
train_524_N,E:\Programming\research_ws\medical1\exp\runs\seg_oof\fives\pred\prob\524_N.npy,E:\Programming\research_ws\medical1\exp\runs\seg_oof\fives\pred\mask\524_N.png,True,True,True
train_525_N,E:\Programming\research_ws\medical1\exp\runs\seg_oof\fives\pred\prob\525_N.npy,E:\Programming\research_ws\medical1\exp\runs\seg_oof\fives\pred\mask\525_N.png,True,True,True
train_526_N,E:\Programming\research_ws\medical1\exp\runs\seg_oof\fives\pred\prob\526_N.npy,E:\Programming\research_ws\medical1\exp\runs\seg_oof\fives\pred\mask\526_N.png,True,True,True
train_527_N,E:\Programming\research_ws\medical1\exp\runs\seg_oof\fives\pred\prob\527_N.npy,E:\Programming\research_ws\medical1\exp\runs\seg_oof\fives\pred\mask\527_N.png,True,True,True
train_528_N,E:\Programming\research_ws\medical1\exp\runs\seg_oof\fives\pred\prob\528_N.npy,E:\Programming\research_ws\medical1\exp\runs\seg_oof\fives\pred\mask\528_N.png,True,True,True
train_529_N,E:\Programming\research_ws\medical1\exp\runs\seg_oof\fives\pred\prob\529_N.npy,E:\Programming\research_ws\medical1\exp\runs\seg_oof\fives\pred\mask\529_N.png,True,True,True
train_52_A,E:\Programming\research_ws\medical1\exp\runs\seg_oof\fives\pred\prob\52_A.npy,E:\Programming\research_ws\medical1\exp\runs\seg_oof\fives\pred\mask\52_A.png,True,True,True
train_530_N,E:\Programming\research_ws\medical1\exp\runs\seg_oof\fives\pred\prob\530_N.npy,E:\Programming\research_ws\medical1\exp\runs\seg_oof\fives\pred\mask\530_N.png,True,True,True
train_531_N,E:\Programming\research_ws\medical1\exp\runs\seg_oof\fives\pred\prob\531_N.npy,E:\Programming\research_ws\medical1\exp\runs\seg_oof\fives\pred\mask\531_N.png,True,True,True
train_532_N,E:\Programming\research_ws\medical1\exp\runs\seg_oof\fives\pred\prob\532_N.npy,E:\Programming\research_ws\medical1\exp\runs\seg_oof\fives\pred\mask\532_N.png,True,True,True
train_533_N,E:\Programming\research_ws\medical1\exp\runs\seg_oof\fives\pred\prob\533_N.npy,E:\Programming\research_ws\medical1\exp\runs\seg_oof\fives\pred\mask\533_N.png,True,True,True
train_534_N,E:\Programming\research_ws\medical1\exp\runs\seg_oof\fives\pred\prob\534_N.npy,E:\Programming\research_ws\medical1\exp\runs\seg_oof\fives\pred\mask\534_N.png,True,True,True
train_535_N,E:\Programming\research_ws\medical1\exp\runs\seg_oof\fives\pred\prob\535_N.npy,E:\Programming\research_ws\medical1\exp\runs\seg_oof\fives\pred\mask\535_N.png,True,True,True
train_536_N,E:\Programming\research_ws\medical1\exp\runs\seg_oof\fives\pred\prob\536_N.npy,E:\Programming\research_ws\medical1\exp\runs\seg_oof\fives\pred\mask\536_N.png,True,True,True
train_537_N,E:\Programming\research_ws\medical1\exp\runs\seg_oof\fives\pred\prob\537_N.npy,E:\Programming\research_ws\medical1\exp\runs\seg_oof\fives\pred\mask\537_N.png,True,True,True
train_538_N,E:\Programming\research_ws\medical1\exp\runs\seg_oof\fives\pred\prob\538_N.npy,E:\Programming\research_ws\medical1\exp\runs\seg_oof\fives\pred\mask\538_N.png,True,True,True
train_539_N,E:\Programming\research_ws\medical1\exp\runs\seg_oof\fives\pred\prob\539_N.npy,E:\Programming\research_ws\medical1\exp\runs\seg_oof\fives\pred\mask\539_N.png,True,True,True
train_53_A,E:\Programming\research_ws\medical1\exp\runs\seg_oof\fives\pred\prob\53_A.npy,E:\Programming\research_ws\medical1\exp\runs\seg_oof\fives\pred\mask\53_A.png,True,True,True
train_540_N,E:\Programming\research_ws\medical1\exp\runs\seg_oof\fives\pred\prob\540_N.npy,E:\Programming\research_ws\medical1\exp\runs\seg_oof\fives\pred\mask\540_N.png,True,True,True
train_541_N,E:\Programming\research_ws\medical1\exp\runs\seg_oof\fives\pred\prob\541_N.npy,E:\Programming\research_ws\medical1\exp\runs\seg_oof\fives\pred\mask\541_N.png,True,True,True
train_542_N,E:\Programming\research_ws\medical1\exp\runs\seg_oof\fives\pred\prob\542_N.npy,E:\Programming\research_ws\medical1\exp\runs\seg_oof\fives\pred\mask\542_N.png,True,True,True
train_543_N,E:\Programming\research_ws\medical1\exp\runs\seg_oof\fives\pred\prob\543_N.npy,E:\Programming\research_ws\medical1\exp\runs\seg_oof\fives\pred\mask\543_N.png,True,True,True
train_544_N,E:\Programming\research_ws\medical1\exp\runs\seg_oof\fives\pred\prob\544_N.npy,E:\Programming\research_ws\medical1\exp\runs\seg_oof\fives\pred\mask\544_N.png,True,True,True
train_545_N,E:\Programming\research_ws\medical1\exp\runs\seg_oof\fives\pred\prob\545_N.npy,E:\Programming\research_ws\medical1\exp\runs\seg_oof\fives\pred\mask\545_N.png,True,True,True
train_546_N,E:\Programming\research_ws\medical1\exp\runs\seg_oof\fives\pred\prob\546_N.npy,E:\Programming\research_ws\medical1\exp\runs\seg_oof\fives\pred\mask\546_N.png,True,True,True
train_547_N,E:\Programming\research_ws\medical1\exp\runs\seg_oof\fives\pred\prob\547_N.npy,E:\Programming\research_ws\medical1\exp\runs\seg_oof\fives\pred\mask\547_N.png,True,True,True
train_548_N,E:\Programming\research_ws\medical1\exp\runs\seg_oof\fives\pred\prob\548_N.npy,E:\Programming\research_ws\medical1\exp\runs\seg_oof\fives\pred\mask\548_N.png,True,True,True
train_549_N,E:\Programming\research_ws\medical1\exp\runs\seg_oof\fives\pred\prob\549_N.npy,E:\Programming\research_ws\medical1\exp\runs\seg_oof\fives\pred\mask\549_N.png,True,True,True
train_54_A,E:\Programming\research_ws\medical1\exp\runs\seg_oof\fives\pred\prob\54_A.npy,E:\Programming\research_ws\medical1\exp\runs\seg_oof\fives\pred\mask\54_A.png,True,True,True
train_550_N,E:\Programming\research_ws\medical1\exp\runs\seg_oof\fives\pred\prob\550_N.npy,E:\Programming\research_ws\medical1\exp\runs\seg_oof\fives\pred\mask\550_N.png,True,True,True
train_551_N,E:\Programming\research_ws\medical1\exp\runs\seg_oof\fives\pred\prob\551_N.npy,E:\Programming\research_ws\medical1\exp\runs\seg_oof\fives\pred\mask\551_N.png,True,True,True
train_552_N,E:\Programming\research_ws\medical1\exp\runs\seg_oof\fives\pred\prob\552_N.npy,E:\Programming\research_ws\medical1\exp\runs\seg_oof\fives\pred\mask\552_N.png,True,True,True
train_553_N,E:\Programming\research_ws\medical1\exp\runs\seg_oof\fives\pred\prob\553_N.npy,E:\Programming\research_ws\medical1\exp\runs\seg_oof\fives\pred\mask\553_N.png,True,True,True
train_554_N,E:\Programming\research_ws\medical1\exp\runs\seg_oof\fives\pred\prob\554_N.npy,E:\Programming\research_ws\medical1\exp\runs\seg_oof\fives\pred\mask\554_N.png,True,True,True
train_555_N,E:\Programming\research_ws\medical1\exp\runs\seg_oof\fives\pred\prob\555_N.npy,E:\Programming\research_ws\medical1\exp\runs\seg_oof\fives\pred\mask\555_N.png,True,True,True
train_556_N,E:\Programming\research_ws\medical1\exp\runs\seg_oof\fives\pred\prob\556_N.npy,E:\Programming\research_ws\medical1\exp\runs\seg_oof\fives\pred\mask\556_N.png,True,True,True
train_557_N,E:\Programming\research_ws\medical1\exp\runs\seg_oof\fives\pred\prob\557_N.npy,E:\Programming\research_ws\medical1\exp\runs\seg_oof\fives\pred\mask\557_N.png,True,True,True
train_558_N,E:\Programming\research_ws\medical1\exp\runs\seg_oof\fives\pred\prob\558_N.npy,E:\Programming\research_ws\medical1\exp\runs\seg_oof\fives\pred\mask\558_N.png,True,True,True
train_559_N,E:\Programming\research_ws\medical1\exp\runs\seg_oof\fives\pred\prob\559_N.npy,E:\Programming\research_ws\medical1\exp\runs\seg_oof\fives\pred\mask\559_N.png,True,True,True
train_55_A,E:\Programming\research_ws\medical1\exp\runs\seg_oof\fives\pred\prob\55_A.npy,E:\Programming\research_ws\medical1\exp\runs\seg_oof\fives\pred\mask\55_A.png,True,True,True
train_560_N,E:\Programming\research_ws\medical1\exp\runs\seg_oof\fives\pred\prob\560_N.npy,E:\Programming\research_ws\medical1\exp\runs\seg_oof\fives\pred\mask\560_N.png,True,True,True
train_561_N,E:\Programming\research_ws\medical1\exp\runs\seg_oof\fives\pred\prob\561_N.npy,E:\Programming\research_ws\medical1\exp\runs\seg_oof\fives\pred\mask\561_N.png,True,True,True
train_562_N,E:\Programming\research_ws\medical1\exp\runs\seg_oof\fives\pred\prob\562_N.npy,E:\Programming\research_ws\medical1\exp\runs\seg_oof\fives\pred\mask\562_N.png,True,True,True
train_563_N,E:\Programming\research_ws\medical1\exp\runs\seg_oof\fives\pred\prob\563_N.npy,E:\Programming\research_ws\medical1\exp\runs\seg_oof\fives\pred\mask\563_N.png,True,True,True
train_564_N,E:\Programming\research_ws\medical1\exp\runs\seg_oof\fives\pred\prob\564_N.npy,E:\Programming\research_ws\medical1\exp\runs\seg_oof\fives\pred\mask\564_N.png,True,True,True
train_565_N,E:\Programming\research_ws\medical1\exp\runs\seg_oof\fives\pred\prob\565_N.npy,E:\Programming\research_ws\medical1\exp\runs\seg_oof\fives\pred\mask\565_N.png,True,True,True
train_566_N,E:\Programming\research_ws\medical1\exp\runs\seg_oof\fives\pred\prob\566_N.npy,E:\Programming\research_ws\medical1\exp\runs\seg_oof\fives\pred\mask\566_N.png,True,True,True
train_567_N,E:\Programming\research_ws\medical1\exp\runs\seg_oof\fives\pred\prob\567_N.npy,E:\Programming\research_ws\medical1\exp\runs\seg_oof\fives\pred\mask\567_N.png,True,True,True
train_568_N,E:\Programming\research_ws\medical1\exp\runs\seg_oof\fives\pred\prob\568_N.npy,E:\Programming\research_ws\medical1\exp\runs\seg_oof\fives\pred\mask\568_N.png,True,True,True
train_569_N,E:\Programming\research_ws\medical1\exp\runs\seg_oof\fives\pred\prob\569_N.npy,E:\Programming\research_ws\medical1\exp\runs\seg_oof\fives\pred\mask\569_N.png,True,True,True
train_56_A,E:\Programming\research_ws\medical1\exp\runs\seg_oof\fives\pred\prob\56_A.npy,E:\Programming\research_ws\medical1\exp\runs\seg_oof\fives\pred\mask\56_A.png,True,True,True
train_570_N,E:\Programming\research_ws\medical1\exp\runs\seg_oof\fives\pred\prob\570_N.npy,E:\Programming\research_ws\medical1\exp\runs\seg_oof\fives\pred\mask\570_N.png,True,True,True
train_571_N,E:\Programming\research_ws\medical1\exp\runs\seg_oof\fives\pred\prob\571_N.npy,E:\Programming\research_ws\medical1\exp\runs\seg_oof\fives\pred\mask\571_N.png,True,True,True
train_572_N,E:\Programming\research_ws\medical1\exp\runs\seg_oof\fives\pred\prob\572_N.npy,E:\Programming\research_ws\medical1\exp\runs\seg_oof\fives\pred\mask\572_N.png,True,True,True
train_573_N,E:\Programming\research_ws\medical1\exp\runs\seg_oof\fives\pred\prob\573_N.npy,E:\Programming\research_ws\medical1\exp\runs\seg_oof\fives\pred\mask\573_N.png,True,True,True
train_574_N,E:\Programming\research_ws\medical1\exp\runs\seg_oof\fives\pred\prob\574_N.npy,E:\Programming\research_ws\medical1\exp\runs\seg_oof\fives\pred\mask\574_N.png,True,True,True
train_575_N,E:\Programming\research_ws\medical1\exp\runs\seg_oof\fives\pred\prob\575_N.npy,E:\Programming\research_ws\medical1\exp\runs\seg_oof\fives\pred\mask\575_N.png,True,True,True
train_576_N,E:\Programming\research_ws\medical1\exp\runs\seg_oof\fives\pred\prob\576_N.npy,E:\Programming\research_ws\medical1\exp\runs\seg_oof\fives\pred\mask\576_N.png,True,True,True
train_577_N,E:\Programming\research_ws\medical1\exp\runs\seg_oof\fives\pred\prob\577_N.npy,E:\Programming\research_ws\medical1\exp\runs\seg_oof\fives\pred\mask\577_N.png,True,True,True
train_578_N,E:\Programming\research_ws\medical1\exp\runs\seg_oof\fives\pred\prob\578_N.npy,E:\Programming\research_ws\medical1\exp\runs\seg_oof\fives\pred\mask\578_N.png,True,True,True
train_579_N,E:\Programming\research_ws\medical1\exp\runs\seg_oof\fives\pred\prob\579_N.npy,E:\Programming\research_ws\medical1\exp\runs\seg_oof\fives\pred\mask\579_N.png,True,True,True
train_57_A,E:\Programming\research_ws\medical1\exp\runs\seg_oof\fives\pred\prob\57_A.npy,E:\Programming\research_ws\medical1\exp\runs\seg_oof\fives\pred\mask\57_A.png,True,True,True
train_580_N,E:\Programming\research_ws\medical1\exp\runs\seg_oof\fives\pred\prob\580_N.npy,E:\Programming\research_ws\medical1\exp\runs\seg_oof\fives\pred\mask\580_N.png,True,True,True
train_581_N,E:\Programming\research_ws\medical1\exp\runs\seg_oof\fives\pred\prob\581_N.npy,E:\Programming\research_ws\medical1\exp\runs\seg_oof\fives\pred\mask\581_N.png,True,True,True
train_582_N,E:\Programming\research_ws\medical1\exp\runs\seg_oof\fives\pred\prob\582_N.npy,E:\Programming\research_ws\medical1\exp\runs\seg_oof\fives\pred\mask\582_N.png,True,True,True
train_583_N,E:\Programming\research_ws\medical1\exp\runs\seg_oof\fives\pred\prob\583_N.npy,E:\Programming\research_ws\medical1\exp\runs\seg_oof\fives\pred\mask\583_N.png,True,True,True
train_584_N,E:\Programming\research_ws\medical1\exp\runs\seg_oof\fives\pred\prob\584_N.npy,E:\Programming\research_ws\medical1\exp\runs\seg_oof\fives\pred\mask\584_N.png,True,True,True
train_585_N,E:\Programming\research_ws\medical1\exp\runs\seg_oof\fives\pred\prob\585_N.npy,E:\Programming\research_ws\medical1\exp\runs\seg_oof\fives\pred\mask\585_N.png,True,True,True
train_586_N,E:\Programming\research_ws\medical1\exp\runs\seg_oof\fives\pred\prob\586_N.npy,E:\Programming\research_ws\medical1\exp\runs\seg_oof\fives\pred\mask\586_N.png,True,True,True
train_587_N,E:\Programming\research_ws\medical1\exp\runs\seg_oof\fives\pred\prob\587_N.npy,E:\Programming\research_ws\medical1\exp\runs\seg_oof\fives\pred\mask\587_N.png,True,True,True
train_588_N,E:\Programming\research_ws\medical1\exp\runs\seg_oof\fives\pred\prob\588_N.npy,E:\Programming\research_ws\medical1\exp\runs\seg_oof\fives\pred\mask\588_N.png,True,True,True
train_589_N,E:\Programming\research_ws\medical1\exp\runs\seg_oof\fives\pred\prob\589_N.npy,E:\Programming\research_ws\medical1\exp\runs\seg_oof\fives\pred\mask\589_N.png,True,True,True
train_58_A,E:\Programming\research_ws\medical1\exp\runs\seg_oof\fives\pred\prob\58_A.npy,E:\Programming\research_ws\medical1\exp\runs\seg_oof\fives\pred\mask\58_A.png,True,True,True
train_590_N,E:\Programming\research_ws\medical1\exp\runs\seg_oof\fives\pred\prob\590_N.npy,E:\Programming\research_ws\medical1\exp\runs\seg_oof\fives\pred\mask\590_N.png,True,True,True
train_591_N,E:\Programming\research_ws\medical1\exp\runs\seg_oof\fives\pred\prob\591_N.npy,E:\Programming\research_ws\medical1\exp\runs\seg_oof\fives\pred\mask\591_N.png,True,True,True
train_592_N,E:\Programming\research_ws\medical1\exp\runs\seg_oof\fives\pred\prob\592_N.npy,E:\Programming\research_ws\medical1\exp\runs\seg_oof\fives\pred\mask\592_N.png,True,True,True
train_593_N,E:\Programming\research_ws\medical1\exp\runs\seg_oof\fives\pred\prob\593_N.npy,E:\Programming\research_ws\medical1\exp\runs\seg_oof\fives\pred\mask\593_N.png,True,True,True
train_594_N,E:\Programming\research_ws\medical1\exp\runs\seg_oof\fives\pred\prob\594_N.npy,E:\Programming\research_ws\medical1\exp\runs\seg_oof\fives\pred\mask\594_N.png,True,True,True
train_595_N,E:\Programming\research_ws\medical1\exp\runs\seg_oof\fives\pred\prob\595_N.npy,E:\Programming\research_ws\medical1\exp\runs\seg_oof\fives\pred\mask\595_N.png,True,True,True
train_596_N,E:\Programming\research_ws\medical1\exp\runs\seg_oof\fives\pred\prob\596_N.npy,E:\Programming\research_ws\medical1\exp\runs\seg_oof\fives\pred\mask\596_N.png,True,True,True
train_597_N,E:\Programming\research_ws\medical1\exp\runs\seg_oof\fives\pred\prob\597_N.npy,E:\Programming\research_ws\medical1\exp\runs\seg_oof\fives\pred\mask\597_N.png,True,True,True
train_598_N,E:\Programming\research_ws\medical1\exp\runs\seg_oof\fives\pred\prob\598_N.npy,E:\Programming\research_ws\medical1\exp\runs\seg_oof\fives\pred\mask\598_N.png,True,True,True
train_599_N,E:\Programming\research_ws\medical1\exp\runs\seg_oof\fives\pred\prob\599_N.npy,E:\Programming\research_ws\medical1\exp\runs\seg_oof\fives\pred\mask\599_N.png,True,True,True
train_59_A,E:\Programming\research_ws\medical1\exp\runs\seg_oof\fives\pred\prob\59_A.npy,E:\Programming\research_ws\medical1\exp\runs\seg_oof\fives\pred\mask\59_A.png,True,True,True
train_5_A,E:\Programming\research_ws\medical1\exp\runs\seg_oof\fives\pred\prob\5_A.npy,E:\Programming\research_ws\medical1\exp\runs\seg_oof\fives\pred\mask\5_A.png,True,True,True
train_600_N,E:\Programming\research_ws\medical1\exp\runs\seg_oof\fives\pred\prob\600_N.npy,E:\Programming\research_ws\medical1\exp\runs\seg_oof\fives\pred\mask\600_N.png,True,True,True
train_60_A,E:\Programming\research_ws\medical1\exp\runs\seg_oof\fives\pred\prob\60_A.npy,E:\Programming\research_ws\medical1\exp\runs\seg_oof\fives\pred\mask\60_A.png,True,True,True
train_61_A,E:\Programming\research_ws\medical1\exp\runs\seg_oof\fives\pred\prob\61_A.npy,E:\Programming\research_ws\medical1\exp\runs\seg_oof\fives\pred\mask\61_A.png,True,True,True
train_62_A,E:\Programming\research_ws\medical1\exp\runs\seg_oof\fives\pred\prob\62_A.npy,E:\Programming\research_ws\medical1\exp\runs\seg_oof\fives\pred\mask\62_A.png,True,True,True
train_63_A,E:\Programming\research_ws\medical1\exp\runs\seg_oof\fives\pred\prob\63_A.npy,E:\Programming\research_ws\medical1\exp\runs\seg_oof\fives\pred\mask\63_A.png,True,True,True
train_64_A,E:\Programming\research_ws\medical1\exp\runs\seg_oof\fives\pred\prob\64_A.npy,E:\Programming\research_ws\medical1\exp\runs\seg_oof\fives\pred\mask\64_A.png,True,True,True
train_65_A,E:\Programming\research_ws\medical1\exp\runs\seg_oof\fives\pred\prob\65_A.npy,E:\Programming\research_ws\medical1\exp\runs\seg_oof\fives\pred\mask\65_A.png,True,True,True
train_66_A,E:\Programming\research_ws\medical1\exp\runs\seg_oof\fives\pred\prob\66_A.npy,E:\Programming\research_ws\medical1\exp\runs\seg_oof\fives\pred\mask\66_A.png,True,True,True
train_67_A,E:\Programming\research_ws\medical1\exp\runs\seg_oof\fives\pred\prob\67_A.npy,E:\Programming\research_ws\medical1\exp\runs\seg_oof\fives\pred\mask\67_A.png,True,True,True
train_68_A,E:\Programming\research_ws\medical1\exp\runs\seg_oof\fives\pred\prob\68_A.npy,E:\Programming\research_ws\medical1\exp\runs\seg_oof\fives\pred\mask\68_A.png,True,True,True
train_69_A,E:\Programming\research_ws\medical1\exp\runs\seg_oof\fives\pred\prob\69_A.npy,E:\Programming\research_ws\medical1\exp\runs\seg_oof\fives\pred\mask\69_A.png,True,True,True
train_6_A,E:\Programming\research_ws\medical1\exp\runs\seg_oof\fives\pred\prob\6_A.npy,E:\Programming\research_ws\medical1\exp\runs\seg_oof\fives\pred\mask\6_A.png,True,True,True
train_70_A,E:\Programming\research_ws\medical1\exp\runs\seg_oof\fives\pred\prob\70_A.npy,E:\Programming\research_ws\medical1\exp\runs\seg_oof\fives\pred\mask\70_A.png,True,True,True
train_71_A,E:\Programming\research_ws\medical1\exp\runs\seg_oof\fives\pred\prob\71_A.npy,E:\Programming\research_ws\medical1\exp\runs\seg_oof\fives\pred\mask\71_A.png,True,True,True
train_72_A,E:\Programming\research_ws\medical1\exp\runs\seg_oof\fives\pred\prob\72_A.npy,E:\Programming\research_ws\medical1\exp\runs\seg_oof\fives\pred\mask\72_A.png,True,True,True
train_73_A,E:\Programming\research_ws\medical1\exp\runs\seg_oof\fives\pred\prob\73_A.npy,E:\Programming\research_ws\medical1\exp\runs\seg_oof\fives\pred\mask\73_A.png,True,True,True
train_74_A,E:\Programming\research_ws\medical1\exp\runs\seg_oof\fives\pred\prob\74_A.npy,E:\Programming\research_ws\medical1\exp\runs\seg_oof\fives\pred\mask\74_A.png,True,True,True
train_75_A,E:\Programming\research_ws\medical1\exp\runs\seg_oof\fives\pred\prob\75_A.npy,E:\Programming\research_ws\medical1\exp\runs\seg_oof\fives\pred\mask\75_A.png,True,True,True
train_76_A,E:\Programming\research_ws\medical1\exp\runs\seg_oof\fives\pred\prob\76_A.npy,E:\Programming\research_ws\medical1\exp\runs\seg_oof\fives\pred\mask\76_A.png,True,True,True
train_77_A,E:\Programming\research_ws\medical1\exp\runs\seg_oof\fives\pred\prob\77_A.npy,E:\Programming\research_ws\medical1\exp\runs\seg_oof\fives\pred\mask\77_A.png,True,True,True
train_78_A,E:\Programming\research_ws\medical1\exp\runs\seg_oof\fives\pred\prob\78_A.npy,E:\Programming\research_ws\medical1\exp\runs\seg_oof\fives\pred\mask\78_A.png,True,True,True
train_79_A,E:\Programming\research_ws\medical1\exp\runs\seg_oof\fives\pred\prob\79_A.npy,E:\Programming\research_ws\medical1\exp\runs\seg_oof\fives\pred\mask\79_A.png,True,True,True
train_7_A,E:\Programming\research_ws\medical1\exp\runs\seg_oof\fives\pred\prob\7_A.npy,E:\Programming\research_ws\medical1\exp\runs\seg_oof\fives\pred\mask\7_A.png,True,True,True
train_80_A,E:\Programming\research_ws\medical1\exp\runs\seg_oof\fives\pred\prob\80_A.npy,E:\Programming\research_ws\medical1\exp\runs\seg_oof\fives\pred\mask\80_A.png,True,True,True
train_81_A,E:\Programming\research_ws\medical1\exp\runs\seg_oof\fives\pred\prob\81_A.npy,E:\Programming\research_ws\medical1\exp\runs\seg_oof\fives\pred\mask\81_A.png,True,True,True
train_82_A,E:\Programming\research_ws\medical1\exp\runs\seg_oof\fives\pred\prob\82_A.npy,E:\Programming\research_ws\medical1\exp\runs\seg_oof\fives\pred\mask\82_A.png,True,True,True
train_83_A,E:\Programming\research_ws\medical1\exp\runs\seg_oof\fives\pred\prob\83_A.npy,E:\Programming\research_ws\medical1\exp\runs\seg_oof\fives\pred\mask\83_A.png,True,True,True
train_84_A,E:\Programming\research_ws\medical1\exp\runs\seg_oof\fives\pred\prob\84_A.npy,E:\Programming\research_ws\medical1\exp\runs\seg_oof\fives\pred\mask\84_A.png,True,True,True
train_85_A,E:\Programming\research_ws\medical1\exp\runs\seg_oof\fives\pred\prob\85_A.npy,E:\Programming\research_ws\medical1\exp\runs\seg_oof\fives\pred\mask\85_A.png,True,True,True
train_86_A,E:\Programming\research_ws\medical1\exp\runs\seg_oof\fives\pred\prob\86_A.npy,E:\Programming\research_ws\medical1\exp\runs\seg_oof\fives\pred\mask\86_A.png,True,True,True
train_87_A,E:\Programming\research_ws\medical1\exp\runs\seg_oof\fives\pred\prob\87_A.npy,E:\Programming\research_ws\medical1\exp\runs\seg_oof\fives\pred\mask\87_A.png,True,True,True
train_88_A,E:\Programming\research_ws\medical1\exp\runs\seg_oof\fives\pred\prob\88_A.npy,E:\Programming\research_ws\medical1\exp\runs\seg_oof\fives\pred\mask\88_A.png,True,True,True
train_89_A,E:\Programming\research_ws\medical1\exp\runs\seg_oof\fives\pred\prob\89_A.npy,E:\Programming\research_ws\medical1\exp\runs\seg_oof\fives\pred\mask\89_A.png,True,True,True
train_8_A,E:\Programming\research_ws\medical1\exp\runs\seg_oof\fives\pred\prob\8_A.npy,E:\Programming\research_ws\medical1\exp\runs\seg_oof\fives\pred\mask\8_A.png,True,True,True
train_90_A,E:\Programming\research_ws\medical1\exp\runs\seg_oof\fives\pred\prob\90_A.npy,E:\Programming\research_ws\medical1\exp\runs\seg_oof\fives\pred\mask\90_A.png,True,True,True
train_91_A,E:\Programming\research_ws\medical1\exp\runs\seg_oof\fives\pred\prob\91_A.npy,E:\Programming\research_ws\medical1\exp\runs\seg_oof\fives\pred\mask\91_A.png,True,True,True
train_92_A,E:\Programming\research_ws\medical1\exp\runs\seg_oof\fives\pred\prob\92_A.npy,E:\Programming\research_ws\medical1\exp\runs\seg_oof\fives\pred\mask\92_A.png,True,True,True
train_93_A,E:\Programming\research_ws\medical1\exp\runs\seg_oof\fives\pred\prob\93_A.npy,E:\Programming\research_ws\medical1\exp\runs\seg_oof\fives\pred\mask\93_A.png,True,True,True
train_94_A,E:\Programming\research_ws\medical1\exp\runs\seg_oof\fives\pred\prob\94_A.npy,E:\Programming\research_ws\medical1\exp\runs\seg_oof\fives\pred\mask\94_A.png,True,True,True
train_95_A,E:\Programming\research_ws\medical1\exp\runs\seg_oof\fives\pred\prob\95_A.npy,E:\Programming\research_ws\medical1\exp\runs\seg_oof\fives\pred\mask\95_A.png,True,True,True
train_96_A,E:\Programming\research_ws\medical1\exp\runs\seg_oof\fives\pred\prob\96_A.npy,E:\Programming\research_ws\medical1\exp\runs\seg_oof\fives\pred\mask\96_A.png,True,True,True
train_97_A,E:\Programming\research_ws\medical1\exp\runs\seg_oof\fives\pred\prob\97_A.npy,E:\Programming\research_ws\medical1\exp\runs\seg_oof\fives\pred\mask\97_A.png,True,True,True
train_98_A,E:\Programming\research_ws\medical1\exp\runs\seg_oof\fives\pred\prob\98_A.npy,E:\Programming\research_ws\medical1\exp\runs\seg_oof\fives\pred\mask\98_A.png,True,True,True
train_99_A,E:\Programming\research_ws\medical1\exp\runs\seg_oof\fives\pred\prob\99_A.npy,E:\Programming\research_ws\medical1\exp\runs\seg_oof\fives\pred\mask\99_A.png,True,True,True
train_9_A,E:\Programming\research_ws\medical1\exp\runs\seg_oof\fives\pred\prob\9_A.npy,E:\Programming\research_ws\medical1\exp\runs\seg_oof\fives\pred\mask\9_A.png,True,True,True
