dataset,biomarker,panel,method,n,sigma,ref_median_raw,beta_excludes_1,alpha_excludes_0,prop_bias_p,alpha,beta,resid_sd,ccc,ba_mean_diff,ba_sd_diff,prop_bias_slope,prop_bias_intercept,ba_loa_lo,ba_loa_hi,r_pearson,r_spearman,alpha_lo,alpha_hi,beta_lo,beta_hi,resid_sd_lo,resid_sd_hi,ccc_lo,ccc_hi,ba_mean_diff_lo,ba_mean_diff_hi,ba_sd_diff_lo,ba_sd_diff_hi,prop_bias_slope_lo,prop_bias_slope_hi,prop_bias_intercept_lo,prop_bias_intercept_hi,ba_loa_lo_lo,ba_loa_lo_hi,ba_loa_hi_lo,ba_loa_hi_hi,r_pearson_lo,r_pearson_hi,units,source
drive,FD_pvbm,sensitivity,ols,20,0.0163028808068075,1.6789763202379282,True,True,0.9621974759664563,-1.051295600949011,0.4593257791982873,0.8856541072024624,0.30806861874281355,-0.9851888627572389,1.0404332232843123,-0.01370880985155607,-0.9936178843297419,-3.024437980394491,1.0540602548800133,0.46395819717792786,0.4796992481203006,-1.4662053519059879,-0.6697521559519122,0.1749331776813199,0.8472409585721677,0.5932775538360409,1.072710275201111,0.10988857077039421,0.5134913289337426,-1.4427697010814602,-0.568213599012755,0.7705049856469384,1.2209230801728301,-0.6253354656610602,0.5880096784033357,-1.5304874750441797,-0.5532521889602376,-3.5406562477287493,-2.3070203137397933,0.2683630940848057,1.5514109906843137,0.2099505967609868,0.6799551514261771,"sigma (results/gateA_biomarker_scales_train.csv), centred on the reference median of the same cohort (ref_median_raw, native units): alpha is therefore the predicted-minus-reference offset at a median-valued image. beta, CCC, r, residual SD, the Bland-Altman limits and the proportional-bias slope are unaffected by the centring","results/pivot/bio_master.csv (source=gt[test] vs pred_test, seg seed 0); 2000-draw paired image bootstrap"
drive,FD_pvbm,sensitivity,deming_l1,20,0.0163028808068075,1.6789763202379282,False,True,0.9621974759664563,-0.9878047733722932,0.9786049732271077,1.029259167885393,0.30806861874281355,-0.9851888627572389,1.0404332232843123,-0.01370880985155607,-0.9936178843297419,-3.024437980394491,1.0540602548800133,0.46395819717792786,0.4796992481203006,-1.5521530317538805,-0.5419447773464547,0.3319480166882381,2.4973700792795763,0.6095135120550039,1.778438963239469,0.10988857077039421,0.5134913289337426,-1.4427697010814602,-0.568213599012755,0.7705049856469384,1.2209230801728301,-0.6253354656610602,0.5880096784033357,-1.5304874750441797,-0.5532521889602376,-3.5406562477287493,-2.3070203137397933,0.2683630940848057,1.5514109906843137,0.2099505967609868,0.6799551514261771,"sigma (results/gateA_biomarker_scales_train.csv), centred on the reference median of the same cohort (ref_median_raw, native units): alpha is therefore the predicted-minus-reference offset at a median-valued image. beta, CCC, r, residual SD, the Bland-Altman limits and the proportional-bias slope are unaffected by the centring","results/pivot/bio_master.csv (source=gt[test] vs pred_test, seg seed 0); 2000-draw paired image bootstrap"
drive,FD_pvbm,sensitivity,deming_l4,20,0.0163028808068075,1.6789763202379282,False,True,0.9621974759664563,-1.038912705011822,0.5606030891252449,0.8915399204774972,0.30806861874281355,-0.9851888627572389,1.0404332232843123,-0.01370880985155607,-0.9936178843297419,-3.024437980394491,1.0540602548800133,0.46395819717792786,0.4796992481203006,-1.4778136978875716,-0.6606696202415641,0.19905235354476442,1.2456662902086661,0.5943457896770802,1.1113849136952945,0.10988857077039421,0.5134913289337426,-1.4427697010814602,-0.568213599012755,0.7705049856469384,1.2209230801728301,-0.6253354656610602,0.5880096784033357,-1.5304874750441797,-0.5532521889602376,-3.5406562477287493,-2.3070203137397933,0.2683630940848057,1.5514109906843137,0.2099505967609868,0.6799551514261771,"sigma (results/gateA_biomarker_scales_train.csv), centred on the reference median of the same cohort (ref_median_raw, native units): alpha is therefore the predicted-minus-reference offset at a median-valued image. beta, CCC, r, residual SD, the Bland-Altman limits and the proportional-bias slope are unaffected by the centring","results/pivot/bio_master.csv (source=gt[test] vs pred_test, seg seed 0); 2000-draw paired image bootstrap"
drive,FD_skan,primary,ols,20,0.0304698363878889,1.367108948385786,True,True,0.6159985569669552,-1.2784986896406805,0.36641618423888267,0.7201913423459817,0.20074089582037696,-1.166517118934119,0.9109997338571987,-0.15518342879545338,-1.2844567830750224,-2.952076597294228,0.6190423594259904,0.40884298524685947,0.4285714285714286,-1.6241794101260991,-0.9336232241928928,0.0739502037163718,0.6852209392882805,0.5315699345652739,0.8457698580449244,0.02998270983422223,0.40943667368846565,-1.5664763409955904,-0.7690127141395847,0.6693038544852281,1.0777221937228567,-0.6490942448502813,0.5154886812147729,-1.8641355529482526,-0.7882739108267982,-3.446801299356195,-2.240976179096035,-0.012341597914492613,1.06768850073467,0.08665803163801497,0.6721486154125269,"sigma (results/gateA_biomarker_scales_train.csv), centred on the reference median of the same cohort (ref_median_raw, native units): alpha is therefore the predicted-minus-reference offset at a median-valued image. beta, CCC, r, residual SD, the Bland-Altman limits and the proportional-bias slope are unaffected by the centring","results/pivot/bio_master.csv (source=gt[test] vs pred_test, seg seed 0); 2000-draw paired image bootstrap"
drive,FD_skan,primary,deming_l1,20,0.0304698363878889,1.367108948385786,False,True,0.6159985569669552,-1.2077146370095018,0.7669073532600551,0.8018948673855103,0.20074089582037696,-1.166517118934119,0.9109997338571987,-0.15518342879545338,-1.2844567830750224,-2.952076597294228,0.6190423594259904,0.40884298524685947,0.4285714285714286,-1.6826119173734864,-0.8181913296888619,0.20270322900540816,2.865336740549407,0.5515874270051137,1.6771167309013437,0.02998270983422223,0.40943667368846565,-1.5664763409955904,-0.7690127141395847,0.6693038544852281,1.0777221937228567,-0.6490942448502813,0.5154886812147729,-1.8641355529482526,-0.7882739108267982,-3.446801299356195,-2.240976179096035,-0.012341597914492613,1.06768850073467,0.08665803163801497,0.6721486154125269,"sigma (results/gateA_biomarker_scales_train.csv), centred on the reference median of the same cohort (ref_median_raw, native units): alpha is therefore the predicted-minus-reference offset at a median-valued image. beta, CCC, r, residual SD, the Bland-Altman limits and the proportional-bias slope are unaffected by the centring","results/pivot/bio_master.csv (source=gt[test] vs pred_test, seg seed 0); 2000-draw paired image bootstrap"
drive,FD_skan,primary,deming_l4,20,0.0304698363878889,1.367108948385786,True,True,0.6159985569669552,-1.2660888641710792,0.4366301000140304,0.7228402371396013,0.20074089582037696,-1.166517118934119,0.9109997338571987,-0.15518342879545338,-1.2844567830750224,-2.952076597294228,0.6190423594259904,0.40884298524685947,0.4285714285714286,-1.628920252726723,-0.9142562430296254,0.09249571340987717,0.9503442742585816,0.5325482570806659,0.864450548208724,0.02998270983422223,0.40943667368846565,-1.5664763409955904,-0.7690127141395847,0.6693038544852281,1.0777221937228567,-0.6490942448502813,0.5154886812147729,-1.8641355529482526,-0.7882739108267982,-3.446801299356195,-2.240976179096035,-0.012341597914492613,1.06768850073467,0.08665803163801497,0.6721486154125269,"sigma (results/gateA_biomarker_scales_train.csv), centred on the reference median of the same cohort (ref_median_raw, native units): alpha is therefore the predicted-minus-reference offset at a median-valued image. beta, CCC, r, residual SD, the Bland-Altman limits and the proportional-bias slope are unaffected by the centring","results/pivot/bio_master.csv (source=gt[test] vs pred_test, seg seed 0); 2000-draw paired image bootstrap"
drive,tortuosity_pvbm,sensitivity,ols,20,0.0160624892914302,1.127486614413445,True,True,0.03924409331684581,-0.849096375897276,0.43129684797497836,0.39011345625650035,0.29237766680283267,-0.8950900759170194,0.5785251563995093,-0.4695497363347232,-1.0672600337763156,-2.0289993824600576,0.23881923062601873,0.6388927082700285,0.7218045112781954,-1.0228085663005562,-0.6705619107894075,0.3014345830312415,0.5671929721084917,0.20411015745872366,0.542421767963374,0.1510178570380346,0.4303092325083462,-1.140119009793575,-0.6523239797050858,0.44462737372733757,0.6741126814873649,-0.8260450472150611,0.006855457677722413,-1.3541500328127956,-0.7197801903800142,-2.291713915100048,-1.6331640339065927,-0.16024686825007414,0.5081066517467582,0.42544674956145456,0.8583689730242986,"sigma (results/gateA_biomarker_scales_train.csv), centred on the reference median of the same cohort (ref_median_raw, native units): alpha is therefore the predicted-minus-reference offset at a median-valued image. beta, CCC, r, residual SD, the Bland-Altman limits and the proportional-bias slope are unaffected by the centring","results/pivot/bio_master.csv (source=gt[test] vs pred_test, seg seed 0); 2000-draw paired image bootstrap"
drive,tortuosity_pvbm,sensitivity,deming_l1,20,0.0160624892914302,1.127486614413445,False,True,0.03924409331684581,-0.8588134665998267,0.5514467839157992,0.40041794236650197,0.29237766680283267,-0.8950900759170194,0.5785251563995093,-0.4695497363347232,-1.0672600337763156,-2.0289993824600576,0.23881923062601873,0.6388927082700285,0.7218045112781954,-1.043829357011172,-0.6784726478379645,0.3666176964366045,1.00997397596511,0.2047828665549431,0.6209971056665486,0.1510178570380346,0.4303092325083462,-1.140119009793575,-0.6523239797050858,0.44462737372733757,0.6741126814873649,-0.8260450472150611,0.006855457677722413,-1.3541500328127956,-0.7197801903800142,-2.291713915100048,-1.6331640339065927,-0.16024686825007414,0.5081066517467582,0.42544674956145456,0.8583689730242986,"sigma (results/gateA_biomarker_scales_train.csv), centred on the reference median of the same cohort (ref_median_raw, native units): alpha is therefore the predicted-minus-reference offset at a median-valued image. beta, CCC, r, residual SD, the Bland-Altman limits and the proportional-bias slope are unaffected by the centring","results/pivot/bio_master.csv (source=gt[test] vs pred_test, seg seed 0); 2000-draw paired image bootstrap"
drive,tortuosity_pvbm,sensitivity,deming_l4,20,0.0160624892914302,1.127486614413445,True,True,0.03924409331684581,-0.8514906902337604,0.4609020788981871,0.3907468327536066,0.29237766680283267,-0.8950900759170194,0.5785251563995093,-0.4695497363347232,-1.0672600337763156,-2.0289993824600576,0.23881923062601873,0.6388927082700285,0.7218045112781954,-1.0284969553623364,-0.6730959992612577,0.3217777719752287,0.6392682068889887,0.20415875649806936,0.5466875732082472,0.1510178570380346,0.4303092325083462,-1.140119009793575,-0.6523239797050858,0.44462737372733757,0.6741126814873649,-0.8260450472150611,0.006855457677722413,-1.3541500328127956,-0.7197801903800142,-2.291713915100048,-1.6331640339065927,-0.16024686825007414,0.5081066517467582,0.42544674956145456,0.8583689730242986,"sigma (results/gateA_biomarker_scales_train.csv), centred on the reference median of the same cohort (ref_median_raw, native units): alpha is therefore the predicted-minus-reference offset at a median-valued image. beta, CCC, r, residual SD, the Bland-Altman limits and the proportional-bias slope are unaffected by the centring","results/pivot/bio_master.csv (source=gt[test] vs pred_test, seg seed 0); 2000-draw paired image bootstrap"
drive,tortuosity_skan,primary,ols,20,0.0176537846637452,1.1134432752384509,True,True,1.2421982479797165e-06,-0.7176493474891678,0.031097382616469896,0.6433333139829975,0.043424363880002134,-1.3586881952798342,2.3546648917635715,-1.6214065382691123,-1.387437043696731,-5.973831383136434,3.2564549925767663,0.11228844877699387,0.5383458646616541,-0.9908799986014525,-0.44294668971893325,-0.03483301734624855,0.5956345104328112,0.354055092741276,0.7644319951912116,-0.047322612301799336,0.5342573810585914,-2.491679775290743,-0.6312852052851928,0.5711399010480401,3.8083767377346196,-2.0357294771703573,-0.17672501001549534,-1.891372364384497,-0.7366081050977571,-9.75851272882575,-1.782688023592152,0.19967946993763283,5.182689404787305,-0.20931082301825024,0.8177496682935707,"sigma (results/gateA_biomarker_scales_train.csv), centred on the reference median of the same cohort (ref_median_raw, native units): alpha is therefore the predicted-minus-reference offset at a median-valued image. beta, CCC, r, residual SD, the Bland-Altman limits and the proportional-bias slope are unaffected by the centring","results/pivot/bio_master.csv (source=gt[test] vs pred_test, seg seed 0); 2000-draw paired image bootstrap"
drive,tortuosity_skan,primary,deming_l1,20,0.0176537846637452,1.1134432752384509,True,True,1.2421982479797165e-06,-0.7193332021721123,0.03364245646842347,0.6433608265256814,0.043424363880002134,-1.3586881952798342,2.3546648917635715,-1.6214065382691123,-1.387437043696731,-5.973831383136434,3.2564549925767663,0.11228844877699387,0.5383458646616541,-1.0067344312840887,-0.4412191999966995,-0.03612400340876749,0.7924720842256772,0.3597118642260351,0.7669362501571308,-0.047322612301799336,0.5342573810585914,-2.491679775290743,-0.6312852052851928,0.5711399010480401,3.8083767377346196,-2.0357294771703573,-0.17672501001549534,-1.891372364384497,-0.7366081050977571,-9.75851272882575,-1.782688023592152,0.19967946993763283,5.182689404787305,-0.20931082301825024,0.8177496682935707,"sigma (results/gateA_biomarker_scales_train.csv), centred on the reference median of the same cohort (ref_median_raw, native units): alpha is therefore the predicted-minus-reference offset at a median-valued image. beta, CCC, r, residual SD, the Bland-Altman limits and the proportional-bias slope are unaffected by the centring","results/pivot/bio_master.csv (source=gt[test] vs pred_test, seg seed 0); 2000-draw paired image bootstrap"
drive,tortuosity_skan,primary,deming_l4,20,0.0176537846637452,1.1134432752384509,True,True,1.2421982479797165e-06,-0.7180462893392832,0.03169734313189164,0.6433348429005292,0.043424363880002134,-1.3586881952798342,2.3546648917635715,-1.6214065382691123,-1.387437043696731,-5.973831383136434,3.2564549925767663,0.11228844877699387,0.5383458646616541,-0.9958415987947792,-0.4428836352557092,-0.03506960483900667,0.639735637219731,0.3543426423285381,0.7644429397073539,-0.047322612301799336,0.5342573810585914,-2.491679775290743,-0.6312852052851928,0.5711399010480401,3.8083767377346196,-2.0357294771703573,-0.17672501001549534,-1.891372364384497,-0.7366081050977571,-9.75851272882575,-1.782688023592152,0.19967946993763283,5.182689404787305,-0.20931082301825024,0.8177496682935707,"sigma (results/gateA_biomarker_scales_train.csv), centred on the reference median of the same cohort (ref_median_raw, native units): alpha is therefore the predicted-minus-reference offset at a median-valued image. beta, CCC, r, residual SD, the Bland-Altman limits and the proportional-bias slope are unaffected by the centring","results/pivot/bio_master.csv (source=gt[test] vs pred_test, seg seed 0); 2000-draw paired image bootstrap"
drive,density_pvbm,sensitivity,ols,20,0.0143081472796088,0.1276622941141635,True,False,0.6225193142242127,0.11523345819215847,0.29466584675750246,0.7245354688467426,0.3227751702780006,0.13297059573078904,0.9438643861836399,-0.16693589468262413,0.13987141789971053,-1.7170036011891452,1.982944792650723,0.3293386575595919,0.27368421052631575,-0.21285203159631466,0.44197464136747067,-0.11209132449901657,0.6103789709631839,0.4974024781587228,0.8702980351910469,-0.11212836979108395,0.6350979073494909,-0.2604902247346127,0.5445515805499452,0.671013273225288,1.131418619202139,-0.6693261473966068,0.4782604546959849,-0.27152901599180457,0.5540016713855209,-2.175596649559762,-1.0769580031681287,1.2343975253945185,2.5265172998584102,-0.1165013314269304,0.6682332523347263,"sigma (results/gateA_biomarker_scales_train.csv), centred on the reference median of the same cohort (ref_median_raw, native units): alpha is therefore the predicted-minus-reference offset at a median-valued image. beta, CCC, r, residual SD, the Bland-Altman limits and the proportional-bias slope are unaffected by the centring","results/pivot/bio_master.csv (source=gt[test] vs pred_test, seg seed 0); 2000-draw paired image bootstrap"
drive,density_pvbm,sensitivity,deming_l1,20,0.0143081472796088,0.1276622941141635,False,False,0.6225193142242127,0.12586029523363512,0.7172521344249023,0.810125757683756,0.3227751702780006,0.13297059573078904,0.9438643861836399,-0.16693589468262413,0.13987141789971053,-1.7170036011891452,1.982944792650723,0.3293386575595919,0.27368421052631575,-0.40968209149488344,0.5761675825651964,-1.2147883421679144,3.401087983480126,0.5101418201046415,2.9650196292083724,-0.11212836979108395,0.6350979073494909,-0.2604902247346127,0.5445515805499452,0.671013273225288,1.131418619202139,-0.6693261473966068,0.4782604546959849,-0.27152901599180457,0.5540016713855209,-2.175596649559762,-1.0769580031681287,1.2343975253945185,2.5265172998584102,-0.1165013314269304,0.6682332523347263,"sigma (results/gateA_biomarker_scales_train.csv), centred on the reference median of the same cohort (ref_median_raw, native units): alpha is therefore the predicted-minus-reference offset at a median-valued image. beta, CCC, r, residual SD, the Bland-Altman limits and the proportional-bias slope are unaffected by the centring","results/pivot/bio_master.csv (source=gt[test] vs pred_test, seg seed 0); 2000-draw paired image bootstrap"
drive,density_pvbm,sensitivity,deming_l4,20,0.0143081472796088,0.1276622941141635,True,False,0.6225193142242127,0.11679283803140982,0.35667607000273055,0.7264846821077051,0.3227751702780006,0.13297059573078904,0.9438643861836399,-0.16693589468262413,0.13987141789971053,-1.7170036011891452,1.982944792650723,0.3293386575595919,0.27368421052631575,-0.21617356612695882,0.44283056099231405,-0.14633235900651023,0.7680551089988623,0.4979825539046133,0.8767321180751437,-0.11212836979108395,0.6350979073494909,-0.2604902247346127,0.5445515805499452,0.671013273225288,1.131418619202139,-0.6693261473966068,0.4782604546959849,-0.27152901599180457,0.5540016713855209,-2.175596649559762,-1.0769580031681287,1.2343975253945185,2.5265172998584102,-0.1165013314269304,0.6682332523347263,"sigma (results/gateA_biomarker_scales_train.csv), centred on the reference median of the same cohort (ref_median_raw, native units): alpha is therefore the predicted-minus-reference offset at a median-valued image. beta, CCC, r, residual SD, the Bland-Altman limits and the proportional-bias slope are unaffected by the centring","results/pivot/bio_master.csv (source=gt[test] vs pred_test, seg seed 0); 2000-draw paired image bootstrap"
drive,density_skan,primary,ols,20,0.0143081472796088,0.1276622941141635,True,False,0.6225193142242127,0.11523345819215847,0.29466584675750246,0.7245354688467426,0.3227751702780006,0.13297059573078904,0.9438643861836399,-0.16693589468262413,0.13987141789971053,-1.7170036011891452,1.982944792650723,0.3293386575595919,0.27368421052631575,-0.2139254578575159,0.42270316546858855,-0.11553028387460759,0.6124084334357446,0.48631183981658144,0.8722204866991979,-0.11146169676318579,0.6378464237163205,-0.25215026471993895,0.5523648399265189,0.6490095845392445,1.132064239549616,-0.6839027041924708,0.4630941819441952,-0.2714771607882777,0.5621051927026149,-2.1820195385379204,-1.0303244323172513,1.2399465637403466,2.538696592023171,-0.11803847057760954,0.669952185144751,"sigma (results/gateA_biomarker_scales_train.csv), centred on the reference median of the same cohort (ref_median_raw, native units): alpha is therefore the predicted-minus-reference offset at a median-valued image. beta, CCC, r, residual SD, the Bland-Altman limits and the proportional-bias slope are unaffected by the centring","results/pivot/bio_master.csv (source=gt[test] vs pred_test, seg seed 0); 2000-draw paired image bootstrap"
drive,density_skan,primary,deming_l1,20,0.0143081472796088,0.1276622941141635,False,False,0.6225193142242127,0.12586029523363512,0.7172521344249023,0.810125757683756,0.3227751702780006,0.13297059573078904,0.9438643861836399,-0.16693589468262413,0.13987141789971053,-1.7170036011891452,1.982944792650723,0.3293386575595919,0.27368421052631575,-0.5074637910954737,0.5927872932180055,-1.2751056754788357,3.224805632824396,0.5014332413324563,3.4008967244473705,-0.11146169676318579,0.6378464237163205,-0.25215026471993895,0.5523648399265189,0.6490095845392445,1.132064239549616,-0.6839027041924708,0.4630941819441952,-0.2714771607882777,0.5621051927026149,-2.1820195385379204,-1.0303244323172513,1.2399465637403466,2.538696592023171,-0.11803847057760954,0.669952185144751,"sigma (results/gateA_biomarker_scales_train.csv), centred on the reference median of the same cohort (ref_median_raw, native units): alpha is therefore the predicted-minus-reference offset at a median-valued image. beta, CCC, r, residual SD, the Bland-Altman limits and the proportional-bias slope are unaffected by the centring","results/pivot/bio_master.csv (source=gt[test] vs pred_test, seg seed 0); 2000-draw paired image bootstrap"
drive,density_skan,primary,deming_l4,20,0.0143081472796088,0.1276622941141635,True,False,0.6225193142242127,0.11679283803140982,0.35667607000273055,0.7264846821077051,0.3227751702780006,0.13297059573078904,0.9438643861836399,-0.16693589468262413,0.13987141789971053,-1.7170036011891452,1.982944792650723,0.3293386575595919,0.27368421052631575,-0.21937696242157245,0.42875954811169986,-0.14887912512613213,0.7763666309561783,0.48722568136163624,0.8818248584568024,-0.11146169676318579,0.6378464237163205,-0.25215026471993895,0.5523648399265189,0.6490095845392445,1.132064239549616,-0.6839027041924708,0.4630941819441952,-0.2714771607882777,0.5621051927026149,-2.1820195385379204,-1.0303244323172513,1.2399465637403466,2.538696592023171,-0.11803847057760954,0.669952185144751,"sigma (results/gateA_biomarker_scales_train.csv), centred on the reference median of the same cohort (ref_median_raw, native units): alpha is therefore the predicted-minus-reference offset at a median-valued image. beta, CCC, r, residual SD, the Bland-Altman limits and the proportional-bias slope are unaffected by the centring","results/pivot/bio_master.csv (source=gt[test] vs pred_test, seg seed 0); 2000-draw paired image bootstrap"
drive,total_length_pvbm,sensitivity,ols,20,1197.6692567106925,8924.013270121315,True,True,0.6656425245501248,-1.1605243963845862,0.30350231235379727,0.4743547394595187,0.09414252621840756,-1.163058028719336,0.6118580417260043,-0.14572634604950369,-1.2472720219951017,-2.3622997905023047,0.03618373306363254,0.33456177029708356,0.26165413533834586,-1.380513255037513,-0.9493393919550921,-0.024334281336023788,0.6352288600682342,0.34296573160997695,0.5516241889205152,-0.004839964017397981,0.19478621383612754,-1.4227875822701577,-0.8840877385756515,0.4575925575026162,0.719824738268266,-0.7408613903501118,0.6155121605666447,-1.6983516053632284,-0.7479556097396298,-2.625148864478865,-1.9629450650212714,-0.41133184849168675,0.3897325307542053,-0.023492702949966228,0.60298324978045,"sigma (results/gateA_biomarker_scales_train.csv), centred on the reference median of the same cohort (ref_median_raw, native units): alpha is therefore the predicted-minus-reference offset at a median-valued image. beta, CCC, r, residual SD, the Bland-Altman limits and the proportional-bias slope are unaffected by the centring","results/pivot/bio_master.csv (source=gt[test] vs pred_test, seg seed 0); 2000-draw paired image bootstrap"
drive,total_length_pvbm,sensitivity,deming_l1,20,1197.6692567106925,8924.013270121315,False,True,0.6656425245501248,-1.162148562885292,0.7499870672958693,0.5351531507226607,0.09414252621840756,-1.163058028719336,0.6118580417260043,-0.14572634604950369,-1.2472720219951017,-2.3622997905023047,0.03618373306363254,0.33456177029708356,0.26165413533834586,-1.5368079256064744,-0.8563040795452997,-0.10906192285456316,3.8399395244945356,0.35110833793572815,1.7024223691531295,-0.004839964017397981,0.19478621383612754,-1.4227875822701577,-0.8840877385756515,0.4575925575026162,0.719824738268266,-0.7408613903501118,0.6155121605666447,-1.6983516053632284,-0.7479556097396298,-2.625148864478865,-1.9629450650212714,-0.41133184849168675,0.3897325307542053,-0.023492702949966228,0.60298324978045,"sigma (results/gateA_biomarker_scales_train.csv), centred on the reference median of the same cohort (ref_median_raw, native units): alpha is therefore the predicted-minus-reference offset at a median-valued image. beta, CCC, r, residual SD, the Bland-Altman limits and the proportional-bias slope are unaffected by the centring","results/pivot/bio_master.csv (source=gt[test] vs pred_test, seg seed 0); 2000-draw paired image bootstrap"
drive,total_length_pvbm,sensitivity,deming_l4,20,1197.6692567106925,8924.013270121315,True,True,0.6656425245501248,-1.1607630313012811,0.36910325428608687,0.47574930093804785,0.09414252621840756,-1.163058028719336,0.6118580417260043,-0.14572634604950369,-1.2472720219951017,-2.3622997905023047,0.03618373306363254,0.33456177029708356,0.26165413533834586,-1.3917177993225756,-0.9493457646807876,-0.03125857762174427,0.8882985180801083,0.34409494756845066,0.566190065085581,-0.004839964017397981,0.19478621383612754,-1.4227875822701577,-0.8840877385756515,0.4575925575026162,0.719824738268266,-0.7408613903501118,0.6155121605666447,-1.6983516053632284,-0.7479556097396298,-2.625148864478865,-1.9629450650212714,-0.41133184849168675,0.3897325307542053,-0.023492702949966228,0.60298324978045,"sigma (results/gateA_biomarker_scales_train.csv), centred on the reference median of the same cohort (ref_median_raw, native units): alpha is therefore the predicted-minus-reference offset at a median-valued image. beta, CCC, r, residual SD, the Bland-Altman limits and the proportional-bias slope are unaffected by the centring","results/pivot/bio_master.csv (source=gt[test] vs pred_test, seg seed 0); 2000-draw paired image bootstrap"
drive,total_length_skan,primary,ols,20,1348.7538444287072,10321.66925781903,True,True,0.1865628948908605,-1.0493319191577861,0.2571366394752436,0.4949442750328725,0.1338318449793659,-1.0503333011182416,0.7241965883569031,-0.43621947175733367,-1.2788331948989968,-2.469758614297772,0.3690920120612886,0.34678460193503996,0.33684210526315783,-1.2609612216121113,-0.8363702314359123,-0.011009757356381628,0.5186404124252671,0.363348867183969,0.5690103831085889,-0.005099263913494313,0.28166447074588874,-1.3457608997016772,-0.7373115697091255,0.5291731717248349,0.8766187700247261,-0.9548025310432133,0.1736537911866131,-1.6994618093537224,-0.8658412109466236,-2.8294444807509356,-1.9569466217426514,-0.14673188225739894,0.800981944952991,-0.015477126444673502,0.6343759525071109,"sigma (results/gateA_biomarker_scales_train.csv), centred on the reference median of the same cohort (ref_median_raw, native units): alpha is therefore the predicted-minus-reference offset at a median-valued image. beta, CCC, r, residual SD, the Bland-Altman limits and the proportional-bias slope are unaffected by the centring","results/pivot/bio_master.csv (source=gt[test] vs pred_test, seg seed 0); 2000-draw paired image bootstrap"
drive,total_length_skan,primary,deming_l1,20,1348.7538444287072,10321.66925781903,False,True,0.1865628948908605,-1.049596794446779,0.4536312390103619,0.5143194796762444,0.1338318449793659,-1.0503333011182416,0.7241965883569031,-0.43621947175733367,-1.2788331948989968,-2.469758614297772,0.3690920120612886,0.34678460193503996,0.33684210526315783,-1.305155908983822,-0.8150031124720108,-0.03411213775405253,1.449740283074411,0.36859726839666523,0.817493956877864,-0.005099263913494313,0.28166447074588874,-1.3457608997016772,-0.7373115697091255,0.5291731717248349,0.8766187700247261,-0.9548025310432133,0.1736537911866131,-1.6994618093537224,-0.8658412109466236,-2.8294444807509356,-1.9569466217426514,-0.14673188225739894,0.800981944952991,-0.015477126444673502,0.6343759525071109,"sigma (results/gateA_biomarker_scales_train.csv), centred on the reference median of the same cohort (ref_median_raw, native units): alpha is therefore the predicted-minus-reference offset at a median-valued image. beta, CCC, r, residual SD, the Bland-Altman limits and the proportional-bias slope are unaffected by the centring","results/pivot/bio_master.csv (source=gt[test] vs pred_test, seg seed 0); 2000-draw paired image bootstrap"
drive,total_length_skan,primary,deming_l4,20,1348.7538444287072,10321.66925781903,True,True,0.1865628948908605,-1.0493786024270122,0.2917680704647506,0.49555752190871377,0.1338318449793659,-1.0503333011182416,0.7241965883569031,-0.43621947175733367,-1.2788331948989968,-2.469758614297772,0.3690920120612886,0.34678460193503996,0.33684210526315783,-1.261410532588689,-0.8352330088780997,-0.012060562461382263,0.609951152257953,0.3633507842766564,0.5730969203957555,-0.005099263913494313,0.28166447074588874,-1.3457608997016772,-0.7373115697091255,0.5291731717248349,0.8766187700247261,-0.9548025310432133,0.1736537911866131,-1.6994618093537224,-0.8658412109466236,-2.8294444807509356,-1.9569466217426514,-0.14673188225739894,0.800981944952991,-0.015477126444673502,0.6343759525071109,"sigma (results/gateA_biomarker_scales_train.csv), centred on the reference median of the same cohort (ref_median_raw, native units): alpha is therefore the predicted-minus-reference offset at a median-valued image. beta, CCC, r, residual SD, the Bland-Altman limits and the proportional-bias slope are unaffected by the centring","results/pivot/bio_master.csv (source=gt[test] vs pred_test, seg seed 0); 2000-draw paired image bootstrap"
chasedb1,FD_pvbm,sensitivity,ols,8,0.0186864339974062,1.5645711510479285,True,True,0.0009537692588458482,-0.4733305558395409,0.559156238069202,0.2176547946146249,0.7763164474789429,-0.4941705096969518,0.7372294252277549,-0.5460546705025234,-0.6032789907015018,-1.9391401831433515,0.950799163749448,0.9715825364683206,1.0,-0.6398890195768643,-0.3359962795827292,0.42073046207761766,0.7016393070417877,0.05259891148960489,0.25393308650898205,0.5570834068007687,0.8408296265251056,-0.9301094982813282,0.007308395537726994,0.3129428566104133,0.9886074714302986,-0.794317312117914,-0.3445731766714655,-0.8150230005404705,-0.43695979918677647,-2.348824422582774,-1.1924200985295892,-0.19102474526440627,1.7732463134483474,0.9428789573922085,0.9981587965924048,"sigma (results/gateA_biomarker_scales_train.csv), centred on the reference median of the same cohort (ref_median_raw, native units): alpha is therefore the predicted-minus-reference offset at a median-valued image. beta, CCC, r, residual SD, the Bland-Altman limits and the proportional-bias slope are unaffected by the centring","results/pivot/bio_master.csv (source=gt[test] vs pred_test, seg seed 0); 2000-draw paired image bootstrap"
chasedb1,FD_pvbm,sensitivity,deming_l1,8,0.0186864339974062,1.5645711510479285,True,True,0.0009537692588458482,-0.4737082916806053,0.5671467782753024,0.2180289140030377,0.7763164474789429,-0.4941705096969518,0.7372294252277549,-0.5460546705025234,-0.6032789907015018,-1.9391401831433515,0.950799163749448,0.9715825364683206,1.0,-0.6412833620636383,-0.3376596104506013,0.42637942937227136,0.7056585596150258,0.05260824819381311,0.2544259439198928,0.5570834068007687,0.8408296265251056,-0.9301094982813282,0.007308395537726994,0.3129428566104133,0.9886074714302986,-0.794317312117914,-0.3445731766714655,-0.8150230005404705,-0.43695979918677647,-2.348824422582774,-1.1924200985295892,-0.19102474526440627,1.7732463134483474,0.9428789573922085,0.9981587965924048,"sigma (results/gateA_biomarker_scales_train.csv), centred on the reference median of the same cohort (ref_median_raw, native units): alpha is therefore the predicted-minus-reference offset at a median-valued image. beta, CCC, r, residual SD, the Bland-Altman limits and the proportional-bias slope are unaffected by the centring","results/pivot/bio_master.csv (source=gt[test] vs pred_test, seg seed 0); 2000-draw paired image bootstrap"
chasedb1,FD_pvbm,sensitivity,deming_l4,8,0.0186864339974062,1.5645711510479285,True,True,0.0009537692588458482,-0.4734447499849207,0.5615718756941295,0.21768901307410368,0.7763164474789429,-0.4941705096969518,0.7372294252277549,-0.5460546705025234,-0.6032789907015018,-1.9391401831433515,0.950799163749448,0.9715825364683206,1.0,-0.6406307306452655,-0.33636858845182893,0.4223550133754624,0.7029188785708154,0.05259994527534085,0.25398063348268585,0.5570834068007687,0.8408296265251056,-0.9301094982813282,0.007308395537726994,0.3129428566104133,0.9886074714302986,-0.794317312117914,-0.3445731766714655,-0.8150230005404705,-0.43695979918677647,-2.348824422582774,-1.1924200985295892,-0.19102474526440627,1.7732463134483474,0.9428789573922085,0.9981587965924048,"sigma (results/gateA_biomarker_scales_train.csv), centred on the reference median of the same cohort (ref_median_raw, native units): alpha is therefore the predicted-minus-reference offset at a median-valued image. beta, CCC, r, residual SD, the Bland-Altman limits and the proportional-bias slope are unaffected by the centring","results/pivot/bio_master.csv (source=gt[test] vs pred_test, seg seed 0); 2000-draw paired image bootstrap"
chasedb1,FD_skan,primary,ols,8,0.0233801328199158,1.2136733887117732,False,True,0.20843625144780284,-0.7528299970612454,0.7833017752966392,0.23863120198317883,0.602466715065931,-0.7849911791977002,0.30523523198645197,-0.19214508556682772,-0.8318901402365534,-1.3832522338911462,-0.1867301245042544,0.9447789861714662,0.9761904761904763,-0.9539345121199264,-0.574925892272539,0.6371772918360261,1.0750079968219375,0.0679839230422137,0.3035824092812742,0.3280516413433601,0.700162994172834,-0.9821461583059126,-0.5911007349615783,0.1646390667712965,0.34602321155446947,-0.4174824250859203,0.20727702785870225,-0.98075884268389,-0.599829425582929,-1.5205350750946138,-1.0141765743957614,-0.5530358405596429,-0.047943736406272884,0.8611398089436532,0.9948688124820939,"sigma (results/gateA_biomarker_scales_train.csv), centred on the reference median of the same cohort (ref_median_raw, native units): alpha is therefore the predicted-minus-reference offset at a median-valued image. beta, CCC, r, residual SD, the Bland-Altman limits and the proportional-bias slope are unaffected by the centring","results/pivot/bio_master.csv (source=gt[test] vs pred_test, seg seed 0); 2000-draw paired image bootstrap"
chasedb1,FD_skan,primary,deming_l1,8,0.0233801328199158,1.2136733887117732,False,True,0.20843625144780284,-0.7583009302032644,0.8201642728975116,0.24081750031911456,0.602466715065931,-0.7849911791977002,0.30523523198645197,-0.19214508556682772,-0.8318901402365534,-1.3832522338911462,-0.1867301245042544,0.9447789861714662,0.9761904761904763,-0.9593834284980953,-0.5677099472117604,0.6501991170532032,1.245400642100068,0.06801238013094484,0.3125432431891045,0.3280516413433601,0.700162994172834,-0.9821461583059126,-0.5911007349615783,0.1646390667712965,0.34602321155446947,-0.4174824250859203,0.20727702785870225,-0.98075884268389,-0.599829425582929,-1.5205350750946138,-1.0141765743957614,-0.5530358405596429,-0.047943736406272884,0.8611398089436532,0.9948688124820939,"sigma (results/gateA_biomarker_scales_train.csv), centred on the reference median of the same cohort (ref_median_raw, native units): alpha is therefore the predicted-minus-reference offset at a median-valued image. beta, CCC, r, residual SD, the Bland-Altman limits and the proportional-bias slope are unaffected by the centring","results/pivot/bio_master.csv (source=gt[test] vs pred_test, seg seed 0); 2000-draw paired image bootstrap"
chasedb1,FD_skan,primary,deming_l4,8,0.0233801328199158,1.2136733887117732,False,True,0.20843625144780284,-0.7547162315293325,0.7960109990706443,0.2388921328825678,0.602466715065931,-0.7849911791977002,0.30523523198645197,-0.19214508556682772,-0.8318901402365534,-1.3832522338911462,-0.1867301245042544,0.9447789861714662,0.9761904761904763,-0.9552594709859804,-0.5750945781731199,0.6416735473709946,1.1364516249065564,0.0679870740815347,0.3050960370445554,0.3280516413433601,0.700162994172834,-0.9821461583059126,-0.5911007349615783,0.1646390667712965,0.34602321155446947,-0.4174824250859203,0.20727702785870225,-0.98075884268389,-0.599829425582929,-1.5205350750946138,-1.0141765743957614,-0.5530358405596429,-0.047943736406272884,0.8611398089436532,0.9948688124820939,"sigma (results/gateA_biomarker_scales_train.csv), centred on the reference median of the same cohort (ref_median_raw, native units): alpha is therefore the predicted-minus-reference offset at a median-valued image. beta, CCC, r, residual SD, the Bland-Altman limits and the proportional-bias slope are unaffected by the centring","results/pivot/bio_master.csv (source=gt[test] vs pred_test, seg seed 0); 2000-draw paired image bootstrap"
chasedb1,tortuosity_pvbm,sensitivity,ols,8,0.0073323195004892,1.096522253028592,True,True,0.826361598237412,-0.4892419146809662,0.21712920974341376,0.49151483572164345,0.15885652854303475,-0.49160463024692297,0.6555560534000794,-0.1463411581211427,-0.5271339659421379,-1.7764944949110786,0.7932852344172325,0.2377540344177259,0.14285714285714288,-0.7966565120982179,-0.05762214892015642,-1.0670170324528006,0.7699254865857025,0.17583360545103208,0.5970189035471176,-0.535133557059796,0.6496233172795731,-0.9193171814858688,-0.04965175844764037,0.31112359356774794,0.8418205462412693,-0.8453735282248623,2.280899029967546,-1.1002510845044742,0.13701127941675495,-2.245210230803558,-0.9560066987940886,-0.08628821854526651,1.294875911578866,-0.7920614885944289,0.8602654498896943,"sigma (results/gateA_biomarker_scales_train.csv), centred on the reference median of the same cohort (ref_median_raw, native units): alpha is therefore the predicted-minus-reference offset at a median-valued image. beta, CCC, r, residual SD, the Bland-Altman limits and the proportional-bias slope are unaffected by the centring","results/pivot/bio_master.csv (source=gt[test] vs pred_test, seg seed 0); 2000-draw paired image bootstrap"
chasedb1,tortuosity_pvbm,sensitivity,deming_l1,8,0.0073323195004892,1.096522253028592,False,False,0.826361598237412,-0.49066407301977794,0.6883523390178359,0.5565612625962105,0.15885652854303475,-0.49160463024692297,0.6555560534000794,-0.1463411581211427,-0.5271339659421379,-1.7764944949110786,0.7932852344172325,0.2377540344177259,0.14285714285714288,-0.8404543082508246,0.23815364947875095,-2.8621578373360332,2.5042023844773156,0.1780408569356401,1.8998977566548139,-0.535133557059796,0.6496233172795731,-0.9193171814858688,-0.04965175844764037,0.31112359356774794,0.8418205462412693,-0.8453735282248623,2.280899029967546,-1.1002510845044742,0.13701127941675495,-2.245210230803558,-0.9560066987940886,-0.08628821854526651,1.294875911578866,-0.7920614885944289,0.8602654498896943,"sigma (results/gateA_biomarker_scales_train.csv), centred on the reference median of the same cohort (ref_median_raw, native units): alpha is therefore the predicted-minus-reference offset at a median-valued image. beta, CCC, r, residual SD, the Bland-Altman limits and the proportional-bias slope are unaffected by the centring","results/pivot/bio_master.csv (source=gt[test] vs pred_test, seg seed 0); 2000-draw paired image bootstrap"
chasedb1,tortuosity_pvbm,sensitivity,deming_l4,8,0.0073323195004892,1.096522253028592,True,True,0.826361598237412,-0.48939952673418485,0.2693529621218672,0.4923658890185756,0.15885652854303475,-0.49160463024692297,0.6555560534000794,-0.1463411581211427,-0.5271339659421379,-1.7764944949110786,0.7932852344172325,0.2377540344177259,0.14285714285714288,-0.8011691986336986,-0.026102299602480457,-1.3434894751163657,0.9714234157287374,0.1764477222540902,0.6010237153525402,-0.535133557059796,0.6496233172795731,-0.9193171814858688,-0.04965175844764037,0.31112359356774794,0.8418205462412693,-0.8453735282248623,2.280899029967546,-1.1002510845044742,0.13701127941675495,-2.245210230803558,-0.9560066987940886,-0.08628821854526651,1.294875911578866,-0.7920614885944289,0.8602654498896943,"sigma (results/gateA_biomarker_scales_train.csv), centred on the reference median of the same cohort (ref_median_raw, native units): alpha is therefore the predicted-minus-reference offset at a median-valued image. beta, CCC, r, residual SD, the Bland-Altman limits and the proportional-bias slope are unaffected by the centring","results/pivot/bio_master.csv (source=gt[test] vs pred_test, seg seed 0); 2000-draw paired image bootstrap"
chasedb1,tortuosity_skan,primary,ols,8,0.0110679345896438,1.1127944161462222,False,False,0.9488022173622721,-0.6601952714609078,0.12248137261617315,2.177038904310061,0.10338933737813506,-1.1177804904551856,2.871613849734751,0.0484728741645325,-1.1159658270974548,-6.746143635935297,4.510582655024926,0.11920299416083621,0.5714285714285715,-1.6894456176597041,1.6468947336189346,-0.3167003653641609,3.209837562744959,0.22008888304746232,3.0470420690197284,-0.21265182590463808,0.38150335944893105,-2.9488088875464333,0.8247319075236622,0.6275962661157772,4.007889852165848,-1.5683040750282413,1.4757779240815867,-2.831952714298383,0.6867909127859384,-9.645300294522906,-2.297471590746459,0.021879083175652122,7.659527024340642,-0.2615077994468582,0.9120509291015177,"sigma (results/gateA_biomarker_scales_train.csv), centred on the reference median of the same cohort (ref_median_raw, native units): alpha is therefore the predicted-minus-reference offset at a median-valued image. beta, CCC, r, residual SD, the Bland-Altman limits and the proportional-bias slope are unaffected by the centring","results/pivot/bio_master.csv (source=gt[test] vs pred_test, seg seed 0); 2000-draw paired image bootstrap"
chasedb1,tortuosity_skan,primary,deming_l1,8,0.0110679345896438,1.1127944161462222,False,False,0.9488022173622721,-1.249819285117277,1.2532129471051434,3.249905230288365,0.10338933737813506,-1.1177804904551856,2.871613849734751,0.0484728741645325,-1.1159658270974548,-6.746143635935297,4.510582655024926,0.11920299416083621,0.5714285714285715,-10.881717694719981,10.955387464205195,-12.736583734692735,21.117797947039335,0.22010319323129127,65.25928133970847,-0.21265182590463808,0.38150335944893105,-2.9488088875464333,0.8247319075236622,0.6275962661157772,4.007889852165848,-1.5683040750282413,1.4757779240815867,-2.831952714298383,0.6867909127859384,-9.645300294522906,-2.297471590746459,0.021879083175652122,7.659527024340642,-0.2615077994468582,0.9120509291015177,"sigma (results/gateA_biomarker_scales_train.csv), centred on the reference median of the same cohort (ref_median_raw, native units): alpha is therefore the predicted-minus-reference offset at a median-valued image. beta, CCC, r, residual SD, the Bland-Altman limits and the proportional-bias slope are unaffected by the centring","results/pivot/bio_master.csv (source=gt[test] vs pred_test, seg seed 0); 2000-draw paired image bootstrap"
chasedb1,tortuosity_skan,primary,deming_l4,8,0.0110679345896438,1.1127944161462222,False,False,0.9488022173622721,-0.6825050541879281,0.165265206322329,2.1789525181590794,0.10338933737813506,-1.1177804904551856,2.871613849734751,0.0484728741645325,-1.1159658270974548,-6.746143635935297,4.510582655024926,0.11920299416083621,0.5714285714285715,-1.7662936071933257,2.2998803800153476,-0.5556306612105903,8.371424642350686,0.22008906747326804,6.37904201027881,-0.21265182590463808,0.38150335944893105,-2.9488088875464333,0.8247319075236622,0.6275962661157772,4.007889852165848,-1.5683040750282413,1.4757779240815867,-2.831952714298383,0.6867909127859384,-9.645300294522906,-2.297471590746459,0.021879083175652122,7.659527024340642,-0.2615077994468582,0.9120509291015177,"sigma (results/gateA_biomarker_scales_train.csv), centred on the reference median of the same cohort (ref_median_raw, native units): alpha is therefore the predicted-minus-reference offset at a median-valued image. beta, CCC, r, residual SD, the Bland-Altman limits and the proportional-bias slope are unaffected by the centring","results/pivot/bio_master.csv (source=gt[test] vs pred_test, seg seed 0); 2000-draw paired image bootstrap"
chasedb1,density_pvbm,sensitivity,ols,8,0.0063018545612913,0.09042832260370409,False,True,0.5573778631108469,1.9578209117028629,1.014214083839142,0.804509764231277,0.5712424694132683,1.9591657313942386,0.8049248861326967,0.10551084327252985,1.845826549094469,0.3815129545741529,3.536818508214324,0.9165908423790038,0.9047619047619048,1.2792212285811588,2.453163119620527,0.5356172839056191,1.3489986342033686,0.26864907240020697,0.9517903574103642,0.24480197876467027,0.6640628287032098,1.4274016129843161,2.4593195331248703,0.4569442846415644,0.9690429210630108,-0.5232829736586722,0.3956845284100029,1.151038758629837,2.354225873981905,-0.10296516914154843,1.4274403689699622,2.5423933956219966,4.015567473485597,0.7974720691285886,0.987477640534466,"sigma (results/gateA_biomarker_scales_train.csv), centred on the reference median of the same cohort (ref_median_raw, native units): alpha is therefore the predicted-minus-reference offset at a median-valued image. beta, CCC, r, residual SD, the Bland-Altman limits and the proportional-bias slope are unaffected by the centring","results/pivot/bio_master.csv (source=gt[test] vs pred_test, seg seed 0); 2000-draw paired image bootstrap"
chasedb1,density_pvbm,sensitivity,deming_l1,8,0.0063018545612913,0.09042832260370409,False,True,0.5573778631108469,1.9481240744664314,1.1167048923371907,0.8258159983817213,0.5712424694132683,1.9591657313942386,0.8049248861326967,0.10551084327252985,1.845826549094469,0.3815129545741529,3.536818508214324,0.9165908423790038,0.9047619047619048,1.2546209206154628,2.4545072867386146,0.5745406626697556,1.5251793799972855,0.269598232734445,0.997674674000463,0.24480197876467027,0.6640628287032098,1.4274016129843161,2.4593195331248703,0.4569442846415644,0.9690429210630108,-0.5232829736586722,0.3956845284100029,1.151038758629837,2.354225873981905,-0.10296516914154843,1.4274403689699622,2.5423933956219966,4.015567473485597,0.7974720691285886,0.987477640534466,"sigma (results/gateA_biomarker_scales_train.csv), centred on the reference median of the same cohort (ref_median_raw, native units): alpha is therefore the predicted-minus-reference offset at a median-valued image. beta, CCC, r, residual SD, the Bland-Altman limits and the proportional-bias slope are unaffected by the centring","results/pivot/bio_master.csv (source=gt[test] vs pred_test, seg seed 0); 2000-draw paired image bootstrap"
chasedb1,density_pvbm,sensitivity,deming_l4,8,0.0063018545612913,0.09042832260370409,False,True,0.5573778631108469,1.9539677065709504,1.0549405701820131,0.8079113908987178,0.5712424694132683,1.9591657313942386,0.8049248861326967,0.10551084327252985,1.845826549094469,0.3815129545741529,3.536818508214324,0.9165908423790038,0.9047619047619048,1.283627433303831,2.4509820475987363,0.5526451148388557,1.4128879643412777,0.26873230904044054,0.9593725695967156,0.24480197876467027,0.6640628287032098,1.4274016129843161,2.4593195331248703,0.4569442846415644,0.9690429210630108,-0.5232829736586722,0.3956845284100029,1.151038758629837,2.354225873981905,-0.10296516914154843,1.4274403689699622,2.5423933956219966,4.015567473485597,0.7974720691285886,0.987477640534466,"sigma (results/gateA_biomarker_scales_train.csv), centred on the reference median of the same cohort (ref_median_raw, native units): alpha is therefore the predicted-minus-reference offset at a median-valued image. beta, CCC, r, residual SD, the Bland-Altman limits and the proportional-bias slope are unaffected by the centring","results/pivot/bio_master.csv (source=gt[test] vs pred_test, seg seed 0); 2000-draw paired image bootstrap"
chasedb1,density_skan,primary,ols,8,0.0063018545612913,0.09042832260370409,False,True,0.5573778631108469,1.9578209117028629,1.014214083839142,0.804509764231277,0.5712424694132683,1.9591657313942386,0.8049248861326967,0.10551084327252985,1.845826549094469,0.3815129545741529,3.536818508214324,0.9165908423790038,0.9047619047619048,1.2508041931658687,2.450361058288875,0.5278141339053778,1.3559333561728102,0.2815627085848503,0.9386299294477651,0.23002452499014184,0.6708145924313214,1.4151202097208793,2.4649356396320607,0.4706887583963672,0.9739503683015265,-0.5260686788521495,0.4198298835289527,0.9628496575019191,2.3493687486559365,-0.16058067392988373,1.4267083469170736,2.649464133605262,3.9765254135318377,0.794731180193893,0.9858646620364901,"sigma (results/gateA_biomarker_scales_train.csv), centred on the reference median of the same cohort (ref_median_raw, native units): alpha is therefore the predicted-minus-reference offset at a median-valued image. beta, CCC, r, residual SD, the Bland-Altman limits and the proportional-bias slope are unaffected by the centring","results/pivot/bio_master.csv (source=gt[test] vs pred_test, seg seed 0); 2000-draw paired image bootstrap"
chasedb1,density_skan,primary,deming_l1,8,0.0063018545612913,0.09042832260370409,False,True,0.5573778631108469,1.9481240744664314,1.1167048923371907,0.8258159983817213,0.5712424694132683,1.9591657313942386,0.8049248861326967,0.10551084327252985,1.845826549094469,0.3815129545741529,3.536818508214324,0.9165908423790038,0.9047619047619048,1.1934787280264427,2.4483728772577544,0.5745214433383542,1.563292630801472,0.282140441986527,0.9926333713086868,0.23002452499014184,0.6708145924313214,1.4151202097208793,2.4649356396320607,0.4706887583963672,0.9739503683015265,-0.5260686788521495,0.4198298835289527,0.9628496575019191,2.3493687486559365,-0.16058067392988373,1.4267083469170736,2.649464133605262,3.9765254135318377,0.794731180193893,0.9858646620364901,"sigma (results/gateA_biomarker_scales_train.csv), centred on the reference median of the same cohort (ref_median_raw, native units): alpha is therefore the predicted-minus-reference offset at a median-valued image. beta, CCC, r, residual SD, the Bland-Altman limits and the proportional-bias slope are unaffected by the centring","results/pivot/bio_master.csv (source=gt[test] vs pred_test, seg seed 0); 2000-draw paired image bootstrap"
chasedb1,density_skan,primary,deming_l4,8,0.0063018545612913,0.09042832260370409,False,True,0.5573778631108469,1.9539677065709504,1.0549405701820131,0.8079113908987178,0.5712424694132683,1.9591657313942386,0.8049248861326967,0.10551084327252985,1.845826549094469,0.3815129545741529,3.536818508214324,0.9165908423790038,0.9047619047619048,1.233118935522452,2.4431113484912497,0.5445548366179624,1.4282613568657891,0.2816632665196643,0.9544921724659081,0.23002452499014184,0.6708145924313214,1.4151202097208793,2.4649356396320607,0.4706887583963672,0.9739503683015265,-0.5260686788521495,0.4198298835289527,0.9628496575019191,2.3493687486559365,-0.16058067392988373,1.4267083469170736,2.649464133605262,3.9765254135318377,0.794731180193893,0.9858646620364901,"sigma (results/gateA_biomarker_scales_train.csv), centred on the reference median of the same cohort (ref_median_raw, native units): alpha is therefore the predicted-minus-reference offset at a median-valued image. beta, CCC, r, residual SD, the Bland-Altman limits and the proportional-bias slope are unaffected by the centring","results/pivot/bio_master.csv (source=gt[test] vs pred_test, seg seed 0); 2000-draw paired image bootstrap"
chasedb1,total_length_pvbm,sensitivity,ols,8,1319.4335583567454,10791.449091177255,True,True,0.03141996307802347,-1.1825274680719786,0.6307838248489364,0.2519234539543261,0.4194455790623312,-1.2290017248857137,0.46370023156068657,-0.401263698408766,-1.4250704467975817,-2.1378541787446594,-0.32014927102676805,0.9351618286887737,0.9047619047619048,-1.456405994733987,-1.0349075288149392,0.3636023404827987,0.8972645071124853,0.02855092259100425,0.33235754705589843,0.12117234345978267,0.5546020724042018,-1.5056935294638734,-0.9214671803885567,0.15767619850295508,0.5731688428538352,-0.8513115361257836,-0.08153369883457588,-1.7838765858549261,-1.2920992309089712,-2.3356396868965303,-1.7135442191491417,-1.1550580056659712,0.08140594107765137,0.6933790104166332,0.9957944251488369,"sigma (results/gateA_biomarker_scales_train.csv), centred on the reference median of the same cohort (ref_median_raw, native units): alpha is therefore the predicted-minus-reference offset at a median-valued image. beta, CCC, r, residual SD, the Bland-Altman limits and the proportional-bias slope are unaffected by the centring","results/pivot/bio_master.csv (source=gt[test] vs pred_test, seg seed 0); 2000-draw paired image bootstrap"
chasedb1,total_length_pvbm,sensitivity,deming_l1,8,1319.4335583567454,10791.449091177255,True,True,0.03141996307802347,-1.185866321579713,0.6573094501312547,0.25347120894568975,0.4194455790623312,-1.2290017248857137,0.46370023156068657,-0.401263698408766,-1.4250704467975817,-2.1378541787446594,-0.32014927102676805,0.9351618286887737,0.9047619047619048,-1.4434688298478684,-1.035839667005146,0.388375890290401,0.9211792244266102,0.028553333624591663,0.3361657323182699,0.12117234345978267,0.5546020724042018,-1.5056935294638734,-0.9214671803885567,0.15767619850295508,0.5731688428538352,-0.8513115361257836,-0.08153369883457588,-1.7838765858549261,-1.2920992309089712,-2.3356396868965303,-1.7135442191491417,-1.1550580056659712,0.08140594107765137,0.6933790104166332,0.9957944251488369,"sigma (results/gateA_biomarker_scales_train.csv), centred on the reference median of the same cohort (ref_median_raw, native units): alpha is therefore the predicted-minus-reference offset at a median-valued image. beta, CCC, r, residual SD, the Bland-Altman limits and the proportional-bias slope are unaffected by the centring","results/pivot/bio_master.csv (source=gt[test] vs pred_test, seg seed 0); 2000-draw paired image bootstrap"
chasedb1,total_length_pvbm,sensitivity,deming_l4,8,1319.4335583567454,10791.449091177255,True,True,0.03141996307802347,-1.183570398590432,0.6390694187103935,0.2520748866943479,0.4194455790623312,-1.2290017248857137,0.46370023156068657,-0.401263698408766,-1.4250704467975817,-2.1378541787446594,-0.32014927102676805,0.9351618286887737,0.9047619047619048,-1.4565619238339649,-1.035043156607985,0.3694668435123056,0.9041401989124498,0.028551108929928862,0.332649121881656,0.12117234345978267,0.5546020724042018,-1.5056935294638734,-0.9214671803885567,0.15767619850295508,0.5731688428538352,-0.8513115361257836,-0.08153369883457588,-1.7838765858549261,-1.2920992309089712,-2.3356396868965303,-1.7135442191491417,-1.1550580056659712,0.08140594107765137,0.6933790104166332,0.9957944251488369,"sigma (results/gateA_biomarker_scales_train.csv), centred on the reference median of the same cohort (ref_median_raw, native units): alpha is therefore the predicted-minus-reference offset at a median-valued image. beta, CCC, r, residual SD, the Bland-Altman limits and the proportional-bias slope are unaffected by the centring","results/pivot/bio_master.csv (source=gt[test] vs pred_test, seg seed 0); 2000-draw paired image bootstrap"
chasedb1,total_length_skan,primary,ols,8,1309.573145146277,11302.022251030176,True,True,0.04131013748141157,-0.4279040615271139,0.6360086085875063,0.2937206974680823,0.7612787798323785,-0.4916368011933254,0.5163014780661918,-0.3884027001344943,-0.5191063162946566,-1.5035876982030612,0.5203140958164103,0.9297897844379339,0.9047619047619048,-0.7461844952241005,-0.23502887609118342,0.3389621681350902,0.8946446040275318,0.0673891973927162,0.3659416809977501,0.42491772140722384,0.8436004719434866,-0.7994919561659177,-0.13777295865151054,0.13525592139781084,0.6706909471364139,-0.7929432909394774,-0.09561402109641115,-0.8040896702307844,-0.30043241942509324,-1.7160291366730522,-1.0292489982723396,-0.5141525403378703,1.08285501643934,0.6258520471163025,0.996376103963081,"sigma (results/gateA_biomarker_scales_train.csv), centred on the reference median of the same cohort (ref_median_raw, native units): alpha is therefore the predicted-minus-reference offset at a median-valued image. beta, CCC, r, residual SD, the Bland-Altman limits and the proportional-bias slope are unaffected by the centring","results/pivot/bio_master.csv (source=gt[test] vs pred_test, seg seed 0); 2000-draw paired image bootstrap"
chasedb1,total_length_skan,primary,deming_l1,8,1309.573145146277,11302.022251030176,True,True,0.04131013748141157,-0.43309532288820785,0.6656570193714568,0.2957499821406624,0.7612787798323785,-0.4916368011933254,0.5163014780661918,-0.3884027001344943,-0.5191063162946566,-1.5035876982030612,0.5203140958164103,0.9297897844379339,0.9047619047619048,-0.7352563202311626,-0.23795676982525854,0.3799192379058967,0.9083780738349274,0.06742643995985291,0.3700691909725595,0.42491772140722384,0.8436004719434866,-0.7994919561659177,-0.13777295865151054,0.13525592139781084,0.6706909471364139,-0.7929432909394774,-0.09561402109641115,-0.8040896702307844,-0.30043241942509324,-1.7160291366730522,-1.0292489982723396,-0.5141525403378703,1.08285501643934,0.6258520471163025,0.996376103963081,"sigma (results/gateA_biomarker_scales_train.csv), centred on the reference median of the same cohort (ref_median_raw, native units): alpha is therefore the predicted-minus-reference offset at a median-valued image. beta, CCC, r, residual SD, the Bland-Altman limits and the proportional-bias slope are unaffected by the centring","results/pivot/bio_master.csv (source=gt[test] vs pred_test, seg seed 0); 2000-draw paired image bootstrap"
chasedb1,total_length_skan,primary,deming_l4,8,1309.573145146277,11302.022251030176,True,True,0.04131013748141157,-0.42952815354251667,0.6452841475893498,0.2939199339386796,0.7612787798323785,-0.4916368011933254,0.5163014780661918,-0.3884027001344943,-0.5191063162946566,-1.5035876982030612,0.5203140958164103,0.9297897844379339,0.9047619047619048,-0.7421249129965157,-0.23591970950703722,0.349869885344568,0.9006284137649198,0.06739450603057628,0.3662298796525764,0.42491772140722384,0.8436004719434866,-0.7994919561659177,-0.13777295865151054,0.13525592139781084,0.6706909471364139,-0.7929432909394774,-0.09561402109641115,-0.8040896702307844,-0.30043241942509324,-1.7160291366730522,-1.0292489982723396,-0.5141525403378703,1.08285501643934,0.6258520471163025,0.996376103963081,"sigma (results/gateA_biomarker_scales_train.csv), centred on the reference median of the same cohort (ref_median_raw, native units): alpha is therefore the predicted-minus-reference offset at a median-valued image. beta, CCC, r, residual SD, the Bland-Altman limits and the proportional-bias slope are unaffected by the centring","results/pivot/bio_master.csv (source=gt[test] vs pred_test, seg seed 0); 2000-draw paired image bootstrap"
hrf,FD_pvbm,sensitivity,ols,30,0.0191265872248343,1.570611437359367,True,True,0.844646583181292,-0.9715743225534356,0.46203390144474876,0.6530988675119954,0.23337389169363496,-0.9544346375884118,0.7555148176695137,0.046203810221021935,-0.930913318457112,-2.4352436802206583,0.5263744050438348,0.44684275786879674,0.36774193548387096,-1.2127675904732311,-0.7422460882485982,0.1393627549914766,0.7874865734840032,0.49851712025448114,0.7552553702285123,0.05459560436790071,0.3777360625291734,-1.2288361813515283,-0.7024980704422975,0.5795234601842171,0.8844964156080366,-0.323287631250137,0.5032506087565016,-1.2178149850168434,-0.6118211225700513,-2.7547126034240437,-2.082020273794701,0.005299230162603886,0.8842845371271331,0.1263814717078182,0.67770644898683,"sigma (results/gateA_biomarker_scales_train.csv), centred on the reference median of the same cohort (ref_median_raw, native units): alpha is therefore the predicted-minus-reference offset at a median-valued image. beta, CCC, r, residual SD, the Bland-Altman limits and the proportional-bias slope are unaffected by the centring","results/pivot/bio_master.csv (source=gt[test] vs pred_test, seg seed 0); 2000-draw paired image bootstrap"
hrf,FD_pvbm,sensitivity,deming_l1,30,0.0191265872248343,1.570611437359367,False,True,0.844646583181292,-0.9519614278552543,1.0776270388732816,0.784500109400788,0.23337389169363496,-0.9544346375884118,0.7555148176695137,0.046203810221021935,-0.930913318457112,-2.4352436802206583,0.5263744050438348,0.44684275786879674,0.36774193548387096,-1.3148212582047127,-0.6423992176770666,0.5542611218384701,3.0898948954199783,0.533738165186067,1.7092905826542522,0.05459560436790071,0.3777360625291734,-1.2288361813515283,-0.7024980704422975,0.5795234601842171,0.8844964156080366,-0.323287631250137,0.5032506087565016,-1.2178149850168434,-0.6118211225700513,-2.7547126034240437,-2.082020273794701,0.005299230162603886,0.8842845371271331,0.1263814717078182,0.67770644898683,"sigma (results/gateA_biomarker_scales_train.csv), centred on the reference median of the same cohort (ref_median_raw, native units): alpha is therefore the predicted-minus-reference offset at a median-valued image. beta, CCC, r, residual SD, the Bland-Altman limits and the proportional-bias slope are unaffected by the centring","results/pivot/bio_master.csv (source=gt[test] vs pred_test, seg seed 0); 2000-draw paired image bootstrap"
hrf,FD_pvbm,sensitivity,deming_l4,30,0.0191265872248343,1.570611437359367,False,True,0.844646583181292,-0.967881963534126,0.5779265785935275,0.6582046048004077,0.23337389169363496,-0.9544346375884118,0.7555148176695137,0.046203810221021935,-0.930913318457112,-2.4352436802206583,0.5263744050438348,0.44684275786879674,0.36774193548387096,-1.2233218069943812,-0.7392373830880252,0.19795188446716688,1.0211338682060462,0.5005455377341362,0.7668047795164689,0.05459560436790071,0.3777360625291734,-1.2288361813515283,-0.7024980704422975,0.5795234601842171,0.8844964156080366,-0.323287631250137,0.5032506087565016,-1.2178149850168434,-0.6118211225700513,-2.7547126034240437,-2.082020273794701,0.005299230162603886,0.8842845371271331,0.1263814717078182,0.67770644898683,"sigma (results/gateA_biomarker_scales_train.csv), centred on the reference median of the same cohort (ref_median_raw, native units): alpha is therefore the predicted-minus-reference offset at a median-valued image. beta, CCC, r, residual SD, the Bland-Altman limits and the proportional-bias slope are unaffected by the centring","results/pivot/bio_master.csv (source=gt[test] vs pred_test, seg seed 0); 2000-draw paired image bootstrap"
hrf,FD_skan,primary,ols,30,0.0190610980643877,1.2817890641904546,True,True,0.19943160731492196,-1.7274102694560993,0.2329234383396527,0.8064447371313728,0.11568786048704172,-1.6268678090884487,1.1493780332951502,-0.35893742144903307,-1.9658864171926298,-3.8796487543469427,0.6259131361700454,0.2946757254769304,0.26807563959955505,-2.0233938420147566,-1.4454702079990245,-0.022698241100782206,0.4820580951281488,0.6187065720748229,0.9219512581170249,-0.009327282602394736,0.2187190787921252,-2.0434491363818594,-1.1971510495675097,0.8647954423137667,1.3758161656947516,-0.8038179203345094,0.09646613826499481,-2.4196596476839907,-1.4213857873143247,-4.374128856895373,-3.2910851628270326,-0.20895806746589757,1.30831128193266,-0.028942067340696594,0.5723513115080456,"sigma (results/gateA_biomarker_scales_train.csv), centred on the reference median of the same cohort (ref_median_raw, native units): alpha is therefore the predicted-minus-reference offset at a median-valued image. beta, CCC, r, residual SD, the Bland-Altman limits and the proportional-bias slope are unaffected by the centring","results/pivot/bio_master.csv (source=gt[test] vs pred_test, seg seed 0); 2000-draw paired image bootstrap"
hrf,FD_skan,primary,deming_l1,30,0.0190610980643877,1.2817890641904546,False,True,0.19943160731492196,-1.6952094481074766,0.4785957168219933,0.848027612821593,0.11568786048704172,-1.6268678090884487,1.1493780332951502,-0.35893742144903307,-1.9658864171926298,-3.8796487543469427,0.6259131361700454,0.2946757254769304,0.26807563959955505,-2.0455141379258683,-1.372587839510761,-0.07941104252412208,1.241312800054926,0.6304884137490916,1.2625689999651255,-0.009327282602394736,0.2187190787921252,-2.0434491363818594,-1.1971510495675097,0.8647954423137667,1.3758161656947516,-0.8038179203345094,0.09646613826499481,-2.4196596476839907,-1.4213857873143247,-4.374128856895373,-3.2910851628270326,-0.20895806746589757,1.30831128193266,-0.028942067340696594,0.5723513115080456,"sigma (results/gateA_biomarker_scales_train.csv), centred on the reference median of the same cohort (ref_median_raw, native units): alpha is therefore the predicted-minus-reference offset at a median-valued image. beta, CCC, r, residual SD, the Bland-Altman limits and the proportional-bias slope are unaffected by the centring","results/pivot/bio_master.csv (source=gt[test] vs pred_test, seg seed 0); 2000-draw paired image bootstrap"
hrf,FD_skan,primary,deming_l4,30,0.0190610980643877,1.2817890641904546,True,True,0.19943160731492196,-1.7224229654653798,0.27097347195895705,0.8074673045564805,0.11568786048704172,-1.6268678090884487,1.1493780332951502,-0.35893742144903307,-1.9658864171926298,-3.8796487543469427,0.6259131361700454,0.2946757254769304,0.26807563959955505,-2.0242762897666977,-1.4414568437520185,-0.026506035772997167,0.5691663263300001,0.618931379135926,0.9227104880348052,-0.009327282602394736,0.2187190787921252,-2.0434491363818594,-1.1971510495675097,0.8647954423137667,1.3758161656947516,-0.8038179203345094,0.09646613826499481,-2.4196596476839907,-1.4213857873143247,-4.374128856895373,-3.2910851628270326,-0.20895806746589757,1.30831128193266,-0.028942067340696594,0.5723513115080456,"sigma (results/gateA_biomarker_scales_train.csv), centred on the reference median of the same cohort (ref_median_raw, native units): alpha is therefore the predicted-minus-reference offset at a median-valued image. beta, CCC, r, residual SD, the Bland-Altman limits and the proportional-bias slope are unaffected by the centring","results/pivot/bio_master.csv (source=gt[test] vs pred_test, seg seed 0); 2000-draw paired image bootstrap"
hrf,tortuosity_pvbm,sensitivity,ols,30,0.0023668667109986,1.090309881633572,True,True,2.1564713748179972e-06,-2.537529655088163,0.42473298260345627,0.9494910621043338,0.37022576440615573,-2.9381563158571082,1.9550290274024194,-0.6730245563339113,-3.4581751604614426,-6.77001320956585,0.8937005778516336,0.7990391755376341,0.7228031145717464,-2.8409944442358412,-2.2312888557816484,0.20221659851920756,0.5608445677998121,0.6194839520250245,1.1499573966605146,0.1378063382717291,0.546714844945343,-3.649473499622637,-2.291727521264524,1.2927158523751705,2.4621486767066454,-1.0766907007831727,-0.49496319364199814,-4.201284916257038,-2.9442142957282864,-8.306783704452673,-5.004930771079789,-0.15921546238598916,1.6773075696933175,0.4605583189787516,0.9281735474881911,"sigma (results/gateA_biomarker_scales_train.csv), centred on the reference median of the same cohort (ref_median_raw, native units): alpha is therefore the predicted-minus-reference offset at a median-valued image. beta, CCC, r, residual SD, the Bland-Altman limits and the proportional-bias slope are unaffected by the centring","results/pivot/bio_master.csv (source=gt[test] vs pred_test, seg seed 0); 2000-draw paired image bootstrap"
hrf,tortuosity_pvbm,sensitivity,deming_l1,30,0.0023668667109986,1.090309881633572,True,True,2.1564713748179972e-06,-2.5651221350750273,0.4643535201736509,0.956758725872943,0.37022576440615573,-2.9381563158571082,1.9550290274024194,-0.6730245563339113,-3.4581751604614426,-6.77001320956585,0.8937005778516336,0.7990391755376341,0.7228031145717464,-2.8715273632753973,-2.251798902585542,0.22911498274754521,0.5890419141932896,0.6212283518524018,1.1591344412330504,0.1378063382717291,0.546714844945343,-3.649473499622637,-2.291727521264524,1.2927158523751705,2.4621486767066454,-1.0766907007831727,-0.49496319364199814,-4.201284916257038,-2.9442142957282864,-8.306783704452673,-5.004930771079789,-0.15921546238598916,1.6773075696933175,0.4605583189787516,0.9281735474881911,"sigma (results/gateA_biomarker_scales_train.csv), centred on the reference median of the same cohort (ref_median_raw, native units): alpha is therefore the predicted-minus-reference offset at a median-valued image. beta, CCC, r, residual SD, the Bland-Altman limits and the proportional-bias slope are unaffected by the centring","results/pivot/bio_master.csv (source=gt[test] vs pred_test, seg seed 0); 2000-draw paired image bootstrap"
hrf,tortuosity_pvbm,sensitivity,deming_l4,30,0.0023668667109986,1.090309881633572,True,True,2.1564713748179972e-06,-2.5449304848629803,0.4353599669949779,0.9500157646056,0.37022576440615573,-2.9381563158571082,1.9550290274024194,-0.6730245563339113,-3.4581751604614426,-6.77001320956585,0.8937005778516336,0.7990391755376341,0.7228031145717464,-2.8503138481514343,-2.2368108690975195,0.2083829531036243,0.5684247263681251,0.6196184208178601,1.150534279314862,0.1378063382717291,0.546714844945343,-3.649473499622637,-2.291727521264524,1.2927158523751705,2.4621486767066454,-1.0766907007831727,-0.49496319364199814,-4.201284916257038,-2.9442142957282864,-8.306783704452673,-5.004930771079789,-0.15921546238598916,1.6773075696933175,0.4605583189787516,0.9281735474881911,"sigma (results/gateA_biomarker_scales_train.csv), centred on the reference median of the same cohort (ref_median_raw, native units): alpha is therefore the predicted-minus-reference offset at a median-valued image. beta, CCC, r, residual SD, the Bland-Altman limits and the proportional-bias slope are unaffected by the centring","results/pivot/bio_master.csv (source=gt[test] vs pred_test, seg seed 0); 2000-draw paired image bootstrap"
hrf,tortuosity_skan,primary,ols,30,0.0058124661067053,1.0984955301914778,True,True,2.3593330077405067e-06,-1.421431180185926,0.3279895647016826,1.2818495542976889,0.4022399570033535,-2.3126965274377724,2.7994176961404817,-0.820463659184066,-2.1732842776516814,-7.799555211873116,3.1741621569975713,0.687827821636756,0.8424916573971077,-1.6796405555389766,-1.1044935270802265,0.11141392650060727,0.6674547057140595,0.5901635631135684,1.6939368951641376,0.140739918164432,0.7483454293064246,-3.3543206533698404,-1.4751996518204822,1.1165894631255344,3.8966645863534763,-1.4741975881473663,-0.3557178833728747,-2.7395829583581333,-1.5701584208282242,-10.925705390742166,-3.6380224736297584,0.5904985876804283,4.44566340675396,0.43582311934694484,0.9504980488595877,"sigma (results/gateA_biomarker_scales_train.csv), centred on the reference median of the same cohort (ref_median_raw, native units): alpha is therefore the predicted-minus-reference offset at a median-valued image. beta, CCC, r, residual SD, the Bland-Altman limits and the proportional-bias slope are unaffected by the centring","results/pivot/bio_master.csv (source=gt[test] vs pred_test, seg seed 0); 2000-draw paired image bootstrap"
hrf,tortuosity_skan,primary,deming_l1,30,0.0058124661067053,1.0984955301914778,True,True,2.3593330077405067e-06,-1.4735136654706729,0.36725954610008577,1.2900730165340601,0.4022399570033535,-2.3126965274377724,2.7994176961404817,-0.820463659184066,-2.1732842776516814,-7.799555211873116,3.1741621569975713,0.687827821636756,0.8424916573971077,-1.7291526117090845,-1.1433695825560135,0.11849199702665592,0.6930592804425829,0.594353302452508,1.7054499799254945,0.140739918164432,0.7483454293064246,-3.3543206533698404,-1.4751996518204822,1.1165894631255344,3.8966645863534763,-1.4741975881473663,-0.3557178833728747,-2.7395829583581333,-1.5701584208282242,-10.925705390742166,-3.6380224736297584,0.5904985876804283,4.44566340675396,0.43582311934694484,0.9504980488595877,"sigma (results/gateA_biomarker_scales_train.csv), centred on the reference median of the same cohort (ref_median_raw, native units): alpha is therefore the predicted-minus-reference offset at a median-valued image. beta, CCC, r, residual SD, the Bland-Altman limits and the proportional-bias slope are unaffected by the centring","results/pivot/bio_master.csv (source=gt[test] vs pred_test, seg seed 0); 2000-draw paired image bootstrap"
hrf,tortuosity_skan,primary,deming_l4,30,0.0058124661067053,1.0984955301914778,True,True,2.3593330077405067e-06,-1.4344896498888164,0.3378355975766598,1.2823680663837418,0.4022399570033535,-2.3126965274377724,2.7994176961404817,-0.820463659184066,-2.1732842776516814,-7.799555211873116,3.1741621569975713,0.687827821636756,0.8424916573971077,-1.688117848380962,-1.110688234401021,0.11240342602200011,0.6752054848494822,0.5901863516280351,1.6950013639985657,0.140739918164432,0.7483454293064246,-3.3543206533698404,-1.4751996518204822,1.1165894631255344,3.8966645863534763,-1.4741975881473663,-0.3557178833728747,-2.7395829583581333,-1.5701584208282242,-10.925705390742166,-3.6380224736297584,0.5904985876804283,4.44566340675396,0.43582311934694484,0.9504980488595877,"sigma (results/gateA_biomarker_scales_train.csv), centred on the reference median of the same cohort (ref_median_raw, native units): alpha is therefore the predicted-minus-reference offset at a median-valued image. beta, CCC, r, residual SD, the Bland-Altman limits and the proportional-bias slope are unaffected by the centring","results/pivot/bio_master.csv (source=gt[test] vs pred_test, seg seed 0); 2000-draw paired image bootstrap"
hrf,density_pvbm,sensitivity,ols,30,0.0156452398763284,0.0904296231116227,True,True,0.3453097263570461,0.49983782867689797,0.5745818971997316,0.5709115713977113,0.570114199963096,0.4306561986443839,0.6801764562227076,-0.16375780398106501,0.49254820258878346,-0.9024896555521229,1.7638020528408909,0.6583700437366032,0.6738598442714127,0.2769679593624345,0.7034798758117893,0.3526146663424989,0.7999977187540538,0.43866063397709737,0.6518901680816119,0.33394238057092174,0.7529278603424739,0.18098937801046525,0.661579555809769,0.5201004828264026,0.8093155981851661,-0.4785340970308363,0.16299557147561147,0.2188727068557402,0.7893948187235763,-1.2602419085061476,-0.4642881070700091,1.3653726787389213,2.063098657681882,0.4370787892498379,0.8129812055893301,"sigma (results/gateA_biomarker_scales_train.csv), centred on the reference median of the same cohort (ref_median_raw, native units): alpha is therefore the predicted-minus-reference offset at a median-valued image. beta, CCC, r, residual SD, the Bland-Altman limits and the proportional-bias slope are unaffected by the centring","results/pivot/bio_master.csv (source=gt[test] vs pred_test, seg seed 0); 2000-draw paired image bootstrap"
hrf,density_pvbm,sensitivity,deming_l1,30,0.0156452398763284,0.0904296231116227,False,True,0.3453097263570461,0.46092281186433476,0.8138817317809728,0.6076129781242126,0.570114199963096,0.4306561986443839,0.6801764562227076,-0.16375780398106501,0.49254820258878346,-0.9024896555521229,1.7638020528408909,0.6583700437366032,0.6738598442714127,0.21654832533330612,0.6861332689505666,0.5351237239828753,1.2465507463936158,0.45197797531122574,0.7513209340780774,0.33394238057092174,0.7529278603424739,0.18098937801046525,0.661579555809769,0.5201004828264026,0.8093155981851661,-0.4785340970308363,0.16299557147561147,0.2188727068557402,0.7893948187235763,-1.2602419085061476,-0.4642881070700091,1.3653726787389213,2.063098657681882,0.4370787892498379,0.8129812055893301,"sigma (results/gateA_biomarker_scales_train.csv), centred on the reference median of the same cohort (ref_median_raw, native units): alpha is therefore the predicted-minus-reference offset at a median-valued image. beta, CCC, r, residual SD, the Bland-Altman limits and the proportional-bias slope are unaffected by the centring","results/pivot/bio_master.csv (source=gt[test] vs pred_test, seg seed 0); 2000-draw paired image bootstrap"
hrf,density_pvbm,sensitivity,deming_l4,30,0.0156452398763284,0.0904296231116227,True,True,0.3453097263570461,0.4895907061158469,0.6375944546811821,0.5735321447576743,0.570114199963096,0.4306561986443839,0.6801764562227076,-0.16375780398106501,0.49254820258878346,-0.9024896555521229,1.7638020528408909,0.6583700437366032,0.6738598442714127,0.2633018800632335,0.6981792039447952,0.3970406798568692,0.899112299704505,0.4404408865426365,0.6559465863335108,0.33394238057092174,0.7529278603424739,0.18098937801046525,0.661579555809769,0.5201004828264026,0.8093155981851661,-0.4785340970308363,0.16299557147561147,0.2188727068557402,0.7893948187235763,-1.2602419085061476,-0.4642881070700091,1.3653726787389213,2.063098657681882,0.4370787892498379,0.8129812055893301,"sigma (results/gateA_biomarker_scales_train.csv), centred on the reference median of the same cohort (ref_median_raw, native units): alpha is therefore the predicted-minus-reference offset at a median-valued image. beta, CCC, r, residual SD, the Bland-Altman limits and the proportional-bias slope are unaffected by the centring","results/pivot/bio_master.csv (source=gt[test] vs pred_test, seg seed 0); 2000-draw paired image bootstrap"
hrf,density_skan,primary,ols,30,0.0156452398763284,0.0904296231116227,True,True,0.3453097263570461,0.49983782867689797,0.5745818971997316,0.5709115713977113,0.570114199963096,0.4306561986443839,0.6801764562227076,-0.16375780398106501,0.49254820258878346,-0.9024896555521229,1.7638020528408909,0.6583700437366032,0.6738598442714127,0.27826844849545235,0.7111036772326267,0.3464167512431227,0.8032456494456421,0.4308520365413602,0.6516676783249546,0.31777257988684354,0.7421747931625492,0.1821446985111631,0.6686403866337449,0.5131690987132503,0.8065586053642647,-0.4683103085163797,0.1706881629039663,0.2263301415291134,0.7914898953278185,-1.2558932653957287,-0.4245847244378533,1.3923476671207426,2.0673879560744064,0.41548024313886833,0.8106701512835891,"sigma (results/gateA_biomarker_scales_train.csv), centred on the reference median of the same cohort (ref_median_raw, native units): alpha is therefore the predicted-minus-reference offset at a median-valued image. beta, CCC, r, residual SD, the Bland-Altman limits and the proportional-bias slope are unaffected by the centring","results/pivot/bio_master.csv (source=gt[test] vs pred_test, seg seed 0); 2000-draw paired image bootstrap"
hrf,density_skan,primary,deming_l1,30,0.0156452398763284,0.0904296231116227,False,True,0.3453097263570461,0.46092281186433476,0.8138817317809728,0.6076129781242126,0.570114199963096,0.4306561986443839,0.6801764562227076,-0.16375780398106501,0.49254820258878346,-0.9024896555521229,1.7638020528408909,0.6583700437366032,0.6738598442714127,0.22158741150513353,0.7006781067255763,0.5219437559754319,1.2749704211067021,0.4445592320282871,0.7684870896556675,0.31777257988684354,0.7421747931625492,0.1821446985111631,0.6686403866337449,0.5131690987132503,0.8065586053642647,-0.4683103085163797,0.1706881629039663,0.2263301415291134,0.7914898953278185,-1.2558932653957287,-0.4245847244378533,1.3923476671207426,2.0673879560744064,0.41548024313886833,0.8106701512835891,"sigma (results/gateA_biomarker_scales_train.csv), centred on the reference median of the same cohort (ref_median_raw, native units): alpha is therefore the predicted-minus-reference offset at a median-valued image. beta, CCC, r, residual SD, the Bland-Altman limits and the proportional-bias slope are unaffected by the centring","results/pivot/bio_master.csv (source=gt[test] vs pred_test, seg seed 0); 2000-draw paired image bootstrap"
hrf,density_skan,primary,deming_l4,30,0.0156452398763284,0.0904296231116227,True,True,0.3453097263570461,0.4895907061158469,0.6375944546811821,0.5735321447576743,0.570114199963096,0.4306561986443839,0.6801764562227076,-0.16375780398106501,0.49254820258878346,-0.9024896555521229,1.7638020528408909,0.6583700437366032,0.6738598442714127,0.2687589896950879,0.709096667713927,0.3910321563614552,0.9090657652738617,0.4321596498323023,0.657132622068707,0.31777257988684354,0.7421747931625492,0.1821446985111631,0.6686403866337449,0.5131690987132503,0.8065586053642647,-0.4683103085163797,0.1706881629039663,0.2263301415291134,0.7914898953278185,-1.2558932653957287,-0.4245847244378533,1.3923476671207426,2.0673879560744064,0.41548024313886833,0.8106701512835891,"sigma (results/gateA_biomarker_scales_train.csv), centred on the reference median of the same cohort (ref_median_raw, native units): alpha is therefore the predicted-minus-reference offset at a median-valued image. beta, CCC, r, residual SD, the Bland-Altman limits and the proportional-bias slope are unaffected by the centring","results/pivot/bio_master.csv (source=gt[test] vs pred_test, seg seed 0); 2000-draw paired image bootstrap"
hrf,total_length_pvbm,sensitivity,ols,30,4491.472519245984,77755.94479449347,True,True,0.3073794762424364,-3.1964181621697905,0.20104541441322618,1.3689552026609206,0.07896149887324334,-3.0956349829788095,1.9315914667960763,-0.30229465054354043,-3.6016645310541,-6.8815542578991185,0.6902842919415,0.24298255869436702,0.2186874304783092,-3.707813290441008,-2.729890656311768,-0.078004799031153,0.5220656342063137,1.031038927063995,1.5497433163979266,-0.02971480567309133,0.1901071036801133,-3.7787599476411224,-2.414750079739692,1.4211113952470682,2.3048219481866057,-0.7983009121664209,0.15710034686932992,-4.517363902839159,-2.644789195312359,-7.76806660483634,-5.742088992698658,-0.6712258957853868,1.7505797160728103,-0.09500031581217204,0.5820166980500414,"sigma (results/gateA_biomarker_scales_train.csv), centred on the reference median of the same cohort (ref_median_raw, native units): alpha is therefore the predicted-minus-reference offset at a median-valued image. beta, CCC, r, residual SD, the Bland-Altman limits and the proportional-bias slope are unaffected by the centring","results/pivot/bio_master.csv (source=gt[test] vs pred_test, seg seed 0); 2000-draw paired image bootstrap"
hrf,total_length_pvbm,sensitivity,deming_l1,30,4491.472519245984,77755.94479449347,False,True,0.3073794762424364,-3.1604047987450627,0.4865398995203711,1.45298194405414,0.07896149887324334,-3.0956349829788095,1.9315914667960763,-0.30229465054354043,-3.6016645310541,-6.8815542578991185,0.6902842919415,0.24298255869436702,0.2186874304783092,-3.802710792957502,-2.565844344646347,-0.2586345220163945,1.4053215999884803,1.0509034284858039,2.2922343571008756,-0.02971480567309133,0.1901071036801133,-3.7787599476411224,-2.414750079739692,1.4211113952470682,2.3048219481866057,-0.7983009121664209,0.15710034686932992,-4.517363902839159,-2.644789195312359,-7.76806660483634,-5.742088992698658,-0.6712258957853868,1.7505797160728103,-0.09500031581217204,0.5820166980500414,"sigma (results/gateA_biomarker_scales_train.csv), centred on the reference median of the same cohort (ref_median_raw, native units): alpha is therefore the predicted-minus-reference offset at a median-valued image. beta, CCC, r, residual SD, the Bland-Altman limits and the proportional-bias slope are unaffected by the centring","results/pivot/bio_master.csv (source=gt[test] vs pred_test, seg seed 0); 2000-draw paired image bootstrap"
hrf,total_length_pvbm,sensitivity,deming_l4,30,4491.472519245984,77755.94479449347,True,True,0.3073794762424364,-3.191618681965901,0.23909310003014025,1.3704925177270149,0.07896149887324334,-3.0956349829788095,1.9315914667960763,-0.30229465054354043,-3.6016645310541,-6.8815542578991185,0.6902842919415,0.24298255869436702,0.2186874304783092,-3.702193870503569,-2.7246375138786143,-0.09345378108527712,0.6184547367031296,1.0310740529822333,1.5531384678568827,-0.02971480567309133,0.1901071036801133,-3.7787599476411224,-2.414750079739692,1.4211113952470682,2.3048219481866057,-0.7983009121664209,0.15710034686932992,-4.517363902839159,-2.644789195312359,-7.76806660483634,-5.742088992698658,-0.6712258957853868,1.7505797160728103,-0.09500031581217204,0.5820166980500414,"sigma (results/gateA_biomarker_scales_train.csv), centred on the reference median of the same cohort (ref_median_raw, native units): alpha is therefore the predicted-minus-reference offset at a median-valued image. beta, CCC, r, residual SD, the Bland-Altman limits and the proportional-bias slope are unaffected by the centring","results/pivot/bio_master.csv (source=gt[test] vs pred_test, seg seed 0); 2000-draw paired image bootstrap"
hrf,total_length_skan,primary,ols,30,6456.941750506251,82442.12310755972,True,True,0.10153801428621798,-1.9026819381734972,0.22627851372973104,0.8683074376244181,0.12124690824574848,-1.7887443991246839,1.2889075682646718,-0.45106962864809474,-2.2585926480457656,-4.3150032329234405,0.7375144346740727,0.30548718420324256,0.3010011123470523,-2.2159869320247707,-1.6030864661837956,-0.030071414183900712,0.4700197223223714,0.6744864229623259,0.9950757963164225,-0.012335496055499967,0.2283202550755689,-2.2212746868775493,-1.3251922195239578,0.9682231229821997,1.5400484555772886,-0.8734916081689887,-0.011433602512406854,-2.766829757972183,-1.6640843894287387,-4.89253443993402,-3.706983258471265,-0.17439605004154865,1.4465804723937636,-0.03651685763669159,0.5865983031400984,"sigma (results/gateA_biomarker_scales_train.csv), centred on the reference median of the same cohort (ref_median_raw, native units): alpha is therefore the predicted-minus-reference offset at a median-valued image. beta, CCC, r, residual SD, the Bland-Altman limits and the proportional-bias slope are unaffected by the centring","results/pivot/bio_master.csv (source=gt[test] vs pred_test, seg seed 0); 2000-draw paired image bootstrap"
hrf,total_length_skan,primary,deming_l1,30,6456.941750506251,82442.12310755972,True,True,0.10153801428621798,-1.874890932516199,0.4150003202705757,0.8988539393267094,0.12124690824574848,-1.7887443991246839,1.2889075682646718,-0.45106962864809474,-2.2585926480457656,-4.3150032329234405,0.7375144346740727,0.30548718420324256,0.3010011123470523,-2.212810416604967,-1.531240413492372,-0.08156877887430734,0.9522682654009144,0.6865798137992681,1.1561177350107399,-0.012335496055499967,0.2283202550755689,-2.2212746868775493,-1.3251922195239578,0.9682231229821997,1.5400484555772886,-0.8734916081689887,-0.011433602512406854,-2.766829757972183,-1.6640843894287387,-4.89253443993402,-3.706983258471265,-0.17439605004154865,1.4465804723937636,-0.03651685763669159,0.5865983031400984,"sigma (results/gateA_biomarker_scales_train.csv), centred on the reference median of the same cohort (ref_median_raw, native units): alpha is therefore the predicted-minus-reference offset at a median-valued image. beta, CCC, r, residual SD, the Bland-Altman limits and the proportional-bias slope are unaffected by the centring","results/pivot/bio_master.csv (source=gt[test] vs pred_test, seg seed 0); 2000-draw paired image bootstrap"
hrf,total_length_skan,primary,deming_l4,30,6456.941750506251,82442.12310755972,True,True,0.10153801428621798,-1.8980269431689452,0.25788942689821415,0.869179095698858,0.12124690824574848,-1.7887443991246839,1.2889075682646718,-0.45106962864809474,-2.2585926480457656,-4.3150032329234405,0.7375144346740727,0.30548718420324256,0.3010011123470523,-2.2135015156190168,-1.6013854569798043,-0.03424727052814583,0.5378563717835324,0.6748050601175963,0.9964091316981644,-0.012335496055499967,0.2283202550755689,-2.2212746868775493,-1.3251922195239578,0.9682231229821997,1.5400484555772886,-0.8734916081689887,-0.011433602512406854,-2.766829757972183,-1.6640843894287387,-4.89253443993402,-3.706983258471265,-0.17439605004154865,1.4465804723937636,-0.03651685763669159,0.5865983031400984,"sigma (results/gateA_biomarker_scales_train.csv), centred on the reference median of the same cohort (ref_median_raw, native units): alpha is therefore the predicted-minus-reference offset at a median-valued image. beta, CCC, r, residual SD, the Bland-Altman limits and the proportional-bias slope are unaffected by the centring","results/pivot/bio_master.csv (source=gt[test] vs pred_test, seg seed 0); 2000-draw paired image bootstrap"
fives,FD_pvbm,sensitivity,ols,200,0.047908238577478,1.5072645513308487,False,True,4.881726314583557e-10,-0.11702975762120324,1.0979246519315418,0.7921165761934499,0.8630687843567768,-0.15580628419893938,0.8036780748012882,0.22488194977347029,-0.049237777692107625,-1.7310153108094641,1.4194027424115854,0.887169097425614,0.9751353597355132,-0.16438363348094187,-0.07600551222516859,0.9032708873101978,1.3308882211377673,0.26481682325122813,1.1849373696340335,0.7590972001204485,0.9748169659168734,-0.28313641612226265,-0.06154850468893139,0.2791193168677008,1.2562647397754068,-0.07441399136547454,0.46285034275371634,-0.11591909844276278,0.018095412642360857,-2.729084315216111,-0.6244823086431625,0.4560499179244545,2.2012914946594635,0.8301225868587483,0.9773886842921151,"sigma (results/gateA_biomarker_scales_train.csv), centred on the reference median of the same cohort (ref_median_raw, native units): alpha is therefore the predicted-minus-reference offset at a median-valued image. beta, CCC, r, residual SD, the Bland-Altman limits and the proportional-bias slope are unaffected by the centring","results/pivot/bio_master.csv (source=gt[test] vs pred_test, seg seed 0); 2000-draw paired image bootstrap"
fives,FD_pvbm,sensitivity,deming_l1,200,0.047908238577478,1.5072645513308487,False,False,4.881726314583557e-10,-0.04851285362273172,1.2709544348345172,0.8276787778201733,0.8630687843567768,-0.15580628419893938,0.8036780748012882,0.22488194977347029,-0.049237777692107625,-1.7310153108094641,1.4194027424115854,0.887169097425614,0.9751353597355132,-0.11757068914065372,0.04596783115891182,0.926858181395906,1.6613511002106485,0.2663162983928091,1.282868309297005,0.7590972001204485,0.9748169659168734,-0.28313641612226265,-0.06154850468893139,0.2791193168677008,1.2562647397754068,-0.07441399136547454,0.46285034275371634,-0.11591909844276278,0.018095412642360857,-2.729084315216111,-0.6244823086431625,0.4560499179244545,2.2012914946594635,0.8301225868587483,0.9773886842921151,"sigma (results/gateA_biomarker_scales_train.csv), centred on the reference median of the same cohort (ref_median_raw, native units): alpha is therefore the predicted-minus-reference offset at a median-valued image. beta, CCC, r, residual SD, the Bland-Altman limits and the proportional-bias slope are unaffected by the centring","results/pivot/bio_master.csv (source=gt[test] vs pred_test, seg seed 0); 2000-draw paired image bootstrap"
fives,FD_pvbm,sensitivity,deming_l4,200,0.047908238577478,1.5072645513308487,False,True,4.881726314583557e-10,-0.08843665459638883,1.1701325031359162,0.7984236982436853,0.8630687843567768,-0.15580628419893938,0.8036780748012882,0.22488194977347029,-0.049237777692107625,-1.7310153108094641,1.4194027424115854,0.887169097425614,0.9751353597355132,-0.1321997579074545,-0.03710462348993656,0.9132910798824737,1.4830539473651163,0.26500008134689385,1.206808280859596,0.7590972001204485,0.9748169659168734,-0.28313641612226265,-0.06154850468893139,0.2791193168677008,1.2562647397754068,-0.07441399136547454,0.46285034275371634,-0.11591909844276278,0.018095412642360857,-2.729084315216111,-0.6244823086431625,0.4560499179244545,2.2012914946594635,0.8301225868587483,0.9773886842921151,"sigma (results/gateA_biomarker_scales_train.csv), centred on the reference median of the same cohort (ref_median_raw, native units): alpha is therefore the predicted-minus-reference offset at a median-valued image. beta, CCC, r, residual SD, the Bland-Altman limits and the proportional-bias slope are unaffected by the centring","results/pivot/bio_master.csv (source=gt[test] vs pred_test, seg seed 0); 2000-draw paired image bootstrap"
fives,FD_skan,primary,ols,200,0.0352252175614159,1.1805857783889016,True,True,8.878294449954228e-34,-0.5280203032153449,1.3871191445758602,0.8728598034755161,0.7868929560256287,-0.6312003288070029,1.025419699537671,0.4327730221070915,-0.3792688015104334,-2.6410229399008376,1.378622282286832,0.9110113672106773,0.9587305777884788,-0.6203669865280055,-0.45006234131545825,1.1784601792023852,1.6320765221569886,0.4569657429780406,1.181243180255344,0.7101852006282807,0.8812163883615707,-0.791387554746477,-0.5084925465799125,0.524527586522225,1.5022775965485864,0.21569306734011393,0.6096779969258643,-0.46284660606684813,-0.2879679260383848,-3.7116916221214424,-1.5509496897623247,0.4993939208549674,2.1498396149786316,0.8862663710003381,0.9602810528549961,"sigma (results/gateA_biomarker_scales_train.csv), centred on the reference median of the same cohort (ref_median_raw, native units): alpha is therefore the predicted-minus-reference offset at a median-valued image. beta, CCC, r, residual SD, the Bland-Altman limits and the proportional-bias slope are unaffected by the centring","results/pivot/bio_master.csv (source=gt[test] vs pred_test, seg seed 0); 2000-draw paired image bootstrap"
fives,FD_skan,primary,deming_l1,200,0.0352252175614159,1.1805857783889016,True,True,8.878294449954228e-34,-0.4759756791630246,1.5823843640539184,0.9140930877312526,0.7868929560256287,-0.6312003288070029,1.025419699537671,0.4327730221070915,-0.3792688015104334,-2.6410229399008376,1.378622282286832,0.9110113672106773,0.9587305777884788,-0.5716000198283152,-0.3753625116542237,1.2480122477875584,1.9316180600943607,0.4638348310505393,1.2602270746693465,0.7101852006282807,0.8812163883615707,-0.791387554746477,-0.5084925465799125,0.524527586522225,1.5022775965485864,0.21569306734011393,0.6096779969258643,-0.46284660606684813,-0.2879679260383848,-3.7116916221214424,-1.5509496897623247,0.4993939208549674,2.1498396149786316,0.8862663710003381,0.9602810528549961,"sigma (results/gateA_biomarker_scales_train.csv), centred on the reference median of the same cohort (ref_median_raw, native units): alpha is therefore the predicted-minus-reference offset at a median-valued image. beta, CCC, r, residual SD, the Bland-Altman limits and the proportional-bias slope are unaffected by the centring","results/pivot/bio_master.csv (source=gt[test] vs pred_test, seg seed 0); 2000-draw paired image bootstrap"
fives,FD_skan,primary,deming_l4,200,0.0352252175614159,1.1805857783889016,True,True,8.878294449954228e-34,-0.5022845977680951,1.4836764406287248,0.8831201465349099,0.7868929560256287,-0.6312003288070029,1.025419699537671,0.4327730221070915,-0.3792688015104334,-2.6410229399008376,1.378622282286832,0.9110113672106773,0.9587305777884788,-0.5919395897810285,-0.41661133303119424,1.2096833149150328,1.7973500008843117,0.45825132516984507,1.2066083995888113,0.7101852006282807,0.8812163883615707,-0.791387554746477,-0.5084925465799125,0.524527586522225,1.5022775965485864,0.21569306734011393,0.6096779969258643,-0.46284660606684813,-0.2879679260383848,-3.7116916221214424,-1.5509496897623247,0.4993939208549674,2.1498396149786316,0.8862663710003381,0.9602810528549961,"sigma (results/gateA_biomarker_scales_train.csv), centred on the reference median of the same cohort (ref_median_raw, native units): alpha is therefore the predicted-minus-reference offset at a median-valued image. beta, CCC, r, residual SD, the Bland-Altman limits and the proportional-bias slope are unaffected by the centring","results/pivot/bio_master.csv (source=gt[test] vs pred_test, seg seed 0); 2000-draw paired image bootstrap"
fives,tortuosity_pvbm,sensitivity,ols,197,0.0043284702883327,1.0893606701139125,True,True,2.435055154883775e-49,-0.707677309901783,0.022555690032729753,1.0694996421346492,0.037914409330597185,-1.0271212574375086,3.5025177282616693,-1.5758040432924874,-1.3213949917358527,-7.892056004830381,5.837813489955363,0.07177751505830582,0.5631153147221563,-0.8563633442892244,-0.5731850431218795,-0.0318713580236601,0.6067210692595427,0.772048193816342,1.2363678525529878,-0.05734230176036512,0.5775258444091036,-1.598114625073232,-0.6647043975811805,0.9357926094993355,5.833602190183702,-1.9987825813346456,-0.1293829460831078,-1.6273543854353392,-0.7214235769838638,-13.019500564100305,-2.5395764416707407,1.1270986962096923,9.9669737021249,-0.18007912589984956,0.6842606485779547,"sigma (results/gateA_biomarker_scales_train.csv), centred on the reference median of the same cohort (ref_median_raw, native units): alpha is therefore the predicted-minus-reference offset at a median-valued image. beta, CCC, r, residual SD, the Bland-Altman limits and the proportional-bias slope are unaffected by the centring","results/pivot/bio_master.csv (source=gt[test] vs pred_test, seg seed 0); 2000-draw paired image bootstrap"
fives,tortuosity_pvbm,sensitivity,deming_l1,197,0.0043284702883327,1.0893606701139125,True,True,2.435055154883775e-49,-0.7084798906016487,0.025011450877236628,1.0695324685908252,0.037914409330597185,-1.0271212574375086,3.5025177282616693,-1.5758040432924874,-1.3213949917358527,-7.892056004830381,5.837813489955363,0.07177751505830582,0.5631153147221563,-0.8618861742729306,-0.5744476117306949,-0.03303505013411983,0.8486437482283251,0.8106414522141482,1.236612063648154,-0.05734230176036512,0.5775258444091036,-1.598114625073232,-0.6647043975811805,0.9357926094993355,5.833602190183702,-1.9987825813346456,-0.1293829460831078,-1.6273543854353392,-0.7214235769838638,-13.019500564100305,-2.5395764416707407,1.1270986962096923,9.9669737021249,-0.18007912589984956,0.6842606485779547,"sigma (results/gateA_biomarker_scales_train.csv), centred on the reference median of the same cohort (ref_median_raw, native units): alpha is therefore the predicted-minus-reference offset at a median-valued image. beta, CCC, r, residual SD, the Bland-Altman limits and the proportional-bias slope are unaffected by the centring","results/pivot/bio_master.csv (source=gt[test] vs pred_test, seg seed 0); 2000-draw paired image bootstrap"
fives,tortuosity_pvbm,sensitivity,deming_l4,197,0.0043284702883327,1.0893606701139125,True,True,2.435055154883775e-49,-0.7078628904165648,0.023123534938270424,1.0695013972983785,0.037914409330597185,-1.0271212574375086,3.5025177282616693,-1.5758040432924874,-1.3213949917358527,-7.892056004830381,5.837813489955363,0.07177751505830582,0.5631153147221563,-0.8579818795861819,-0.5736660077858675,-0.0321981130750978,0.6707051713417969,0.7747052781279926,1.236380376726746,-0.05734230176036512,0.5775258444091036,-1.598114625073232,-0.6647043975811805,0.9357926094993355,5.833602190183702,-1.9987825813346456,-0.1293829460831078,-1.6273543854353392,-0.7214235769838638,-13.019500564100305,-2.5395764416707407,1.1270986962096923,9.9669737021249,-0.18007912589984956,0.6842606485779547,"sigma (results/gateA_biomarker_scales_train.csv), centred on the reference median of the same cohort (ref_median_raw, native units): alpha is therefore the predicted-minus-reference offset at a median-valued image. beta, CCC, r, residual SD, the Bland-Altman limits and the proportional-bias slope are unaffected by the centring","results/pivot/bio_master.csv (source=gt[test] vs pred_test, seg seed 0); 2000-draw paired image bootstrap"
fives,tortuosity_skan,primary,ols,200,0.0082480255706009,1.0901845397100574,True,False,0.0002096269929817205,0.05664613277498713,0.3302254625409588,0.979962926884094,0.40718562142593695,-0.09427893986422867,1.3446205353789824,-0.33607191193979763,-0.034391711230358675,-2.7297351892070343,2.541177309478577,0.42031577172905926,0.6831615852252731,-0.060540061791974624,0.17287873630981118,0.11498504530142635,0.6482442182209809,0.7549804117254477,1.1261137050523244,0.15524013738336417,0.6779942294071553,-0.29139265191173824,0.07936253978641447,0.8800944336338885,1.8079162308504597,-0.6892264319862637,-0.002889194627995444,-0.17325601746947364,0.0946319270489759,-3.792461089219742,-1.6987906275126274,1.7215563474855986,3.3147089112126995,0.1665530019986073,0.6823474243044408,"sigma (results/gateA_biomarker_scales_train.csv), centred on the reference median of the same cohort (ref_median_raw, native units): alpha is therefore the predicted-minus-reference offset at a median-valued image. beta, CCC, r, residual SD, the Bland-Altman limits and the proportional-bias slope are unaffected by the centring","results/pivot/bio_master.csv (source=gt[test] vs pred_test, seg seed 0); 2000-draw paired image bootstrap"
fives,tortuosity_skan,primary,deming_l1,200,0.0082480255706009,1.0901845397100574,True,False,0.0002096269929817205,0.0012026967305522052,0.5762720675379369,1.036688268841147,0.40718562142593695,-0.09427893986422867,1.3446205353789824,-0.33607191193979763,-0.034391711230358675,-2.7297351892070343,2.541177309478577,0.42031577172905926,0.6831615852252731,-0.0960201893591249,0.10953005123418082,0.19804744534570415,0.996287867370278,0.8039488980440296,1.2009517033035557,0.15524013738336417,0.6779942294071553,-0.29139265191173824,0.07936253978641447,0.8800944336338885,1.8079162308504597,-0.6892264319862637,-0.002889194627995444,-0.17325601746947364,0.0946319270489759,-3.792461089219742,-1.6987906275126274,1.7215563474855986,3.3147089112126995,0.1665530019986073,0.6823474243044408,"sigma (results/gateA_biomarker_scales_train.csv), centred on the reference median of the same cohort (ref_median_raw, native units): alpha is therefore the predicted-minus-reference offset at a median-valued image. beta, CCC, r, residual SD, the Bland-Altman limits and the proportional-bias slope are unaffected by the centring","results/pivot/bio_master.csv (source=gt[test] vs pred_test, seg seed 0); 2000-draw paired image bootstrap"
fives,tortuosity_skan,primary,deming_l4,200,0.0082480255706009,1.0901845397100574,True,False,0.0002096269929817205,0.04618830024185733,0.37663517979479805,0.98203732420768,0.40718562142593695,-0.09427893986422867,1.3446205353789824,-0.33607191193979763,-0.034391711230358675,-2.7297351892070343,2.541177309478577,0.42031577172905926,0.6831615852252731,-0.06633655104313503,0.15808890070734963,0.1299490595334379,0.7301516637659339,0.7587581781240205,1.128112509874744,0.15524013738336417,0.6779942294071553,-0.29139265191173824,0.07936253978641447,0.8800944336338885,1.8079162308504597,-0.6892264319862637,-0.002889194627995444,-0.17325601746947364,0.0946319270489759,-3.792461089219742,-1.6987906275126274,1.7215563474855986,3.3147089112126995,0.1665530019986073,0.6823474243044408,"sigma (results/gateA_biomarker_scales_train.csv), centred on the reference median of the same cohort (ref_median_raw, native units): alpha is therefore the predicted-minus-reference offset at a median-valued image. beta, CCC, r, residual SD, the Bland-Altman limits and the proportional-bias slope are unaffected by the centring","results/pivot/bio_master.csv (source=gt[test] vs pred_test, seg seed 0); 2000-draw paired image bootstrap"
fives,density_pvbm,sensitivity,ols,200,0.020884296713893,0.10222308228097776,False,False,0.04030531812992699,-0.020141011548356853,1.0101182537289408,0.2283426516484275,0.9838138288117998,-0.02375780925921167,0.22869896760911365,0.026080605089697895,-0.01412541599507331,-0.4720077857730744,0.42449216725465105,0.984314195268858,0.975530254080266,-0.04933807332757024,0.007813694469260415,0.9756974713425952,1.0443729399740327,0.19253086119855944,0.2635476437151754,0.9773284014422903,0.9886096350625538,-0.05569584066131565,0.006634769718737812,0.19367811346352548,0.2648902726384019,-0.008549904571270346,0.058923760639131594,-0.04276770630872447,0.013583915962760994,-0.5600316677326104,-0.3884854339067363,0.3566100780756105,0.49646923646720265,0.9783994014733044,0.9891817119264545,"sigma (results/gateA_biomarker_scales_train.csv), centred on the reference median of the same cohort (ref_median_raw, native units): alpha is therefore the predicted-minus-reference offset at a median-valued image. beta, CCC, r, residual SD, the Bland-Altman limits and the proportional-bias slope are unaffected by the centring","results/pivot/bio_master.csv (source=gt[test] vs pred_test, seg seed 0); 2000-draw paired image bootstrap"
fives,density_pvbm,sensitivity,deming_l1,200,0.020884296713893,0.10222308228097776,False,False,0.04030531812992699,-0.014235823387078628,1.0266384455974633,0.22929127073666755,0.9838138288117998,-0.02375780925921167,0.22869896760911365,0.026080605089697895,-0.01412541599507331,-0.4720077857730744,0.42449216725465105,0.984314195268858,0.975530254080266,-0.043291021105160844,0.013800705804554468,0.9914415970830703,1.0612849168394507,0.19300125345223357,0.2651414132528857,0.9773284014422903,0.9886096350625538,-0.05569584066131565,0.006634769718737812,0.19367811346352548,0.2648902726384019,-0.008549904571270346,0.058923760639131594,-0.04276770630872447,0.013583915962760994,-0.5600316677326104,-0.3884854339067363,0.3566100780756105,0.49646923646720265,0.9783994014733044,0.9891817119264545,"sigma (results/gateA_biomarker_scales_train.csv), centred on the reference median of the same cohort (ref_median_raw, native units): alpha is therefore the predicted-minus-reference offset at a median-valued image. beta, CCC, r, residual SD, the Bland-Altman limits and the proportional-bias slope are unaffected by the centring","results/pivot/bio_master.csv (source=gt[test] vs pred_test, seg seed 0); 2000-draw paired image bootstrap"
fives,density_pvbm,sensitivity,deming_l4,200,0.020884296713893,0.10222308228097776,False,False,0.04030531812992699,-0.017771197946579498,1.0167479790356995,0.2284956928667716,0.9838138288117998,-0.02375780925921167,0.22869896760911365,0.026080605089697895,-0.01412541599507331,-0.4720077857730744,0.42449216725465105,0.984314195268858,0.975530254080266,-0.04702140497106629,0.010539787260305043,0.982086525388255,1.0510083043321212,0.19260813865768514,0.2637666758454864,0.9773284014422903,0.9886096350625538,-0.05569584066131565,0.006634769718737812,0.19367811346352548,0.2648902726384019,-0.008549904571270346,0.058923760639131594,-0.04276770630872447,0.013583915962760994,-0.5600316677326104,-0.3884854339067363,0.3566100780756105,0.49646923646720265,0.9783994014733044,0.9891817119264545,"sigma (results/gateA_biomarker_scales_train.csv), centred on the reference median of the same cohort (ref_median_raw, native units): alpha is therefore the predicted-minus-reference offset at a median-valued image. beta, CCC, r, residual SD, the Bland-Altman limits and the proportional-bias slope are unaffected by the centring","results/pivot/bio_master.csv (source=gt[test] vs pred_test, seg seed 0); 2000-draw paired image bootstrap"
fives,density_skan,primary,ols,200,0.020884296713893,0.10222308228097776,False,False,0.04030531812992699,-0.020141011548356853,1.0101182537289408,0.2283426516484275,0.9838138288117998,-0.02375780925921167,0.22869896760911365,0.026080605089697895,-0.01412541599507331,-0.4720077857730744,0.42449216725465105,0.984314195268858,0.975530254080266,-0.04870781843767614,0.007543392178369355,0.9761082511019655,1.0444677649254357,0.1926915189377901,0.2629911971230834,0.9772908317319305,0.9887344423988398,-0.05612465702056014,0.0073809174582121755,0.19366260304893745,0.26476127781042524,-0.0077036109958003385,0.0590015009234452,-0.041697253182717005,0.012772371115094144,-0.5587427018649986,-0.3846348857876335,0.35568097852213204,0.49272792039844643,0.9781860928676703,0.9891252538885724,"sigma (results/gateA_biomarker_scales_train.csv), centred on the reference median of the same cohort (ref_median_raw, native units): alpha is therefore the predicted-minus-reference offset at a median-valued image. beta, CCC, r, residual SD, the Bland-Altman limits and the proportional-bias slope are unaffected by the centring","results/pivot/bio_master.csv (source=gt[test] vs pred_test, seg seed 0); 2000-draw paired image bootstrap"
fives,density_skan,primary,deming_l1,200,0.020884296713893,0.10222308228097776,False,False,0.04030531812992699,-0.014235823387078628,1.0266384455974633,0.22929127073666755,0.9838138288117998,-0.02375780925921167,0.22869896760911365,0.026080605089697895,-0.01412541599507331,-0.4720077857730744,0.42449216725465105,0.984314195268858,0.975530254080266,-0.04236846455444491,0.012983029372486528,0.9922620273944011,1.0612741703381567,0.19339521513271857,0.26444924881825377,0.9772908317319305,0.9887344423988398,-0.05612465702056014,0.0073809174582121755,0.19366260304893745,0.26476127781042524,-0.0077036109958003385,0.0590015009234452,-0.041697253182717005,0.012772371115094144,-0.5587427018649986,-0.3846348857876335,0.35568097852213204,0.49272792039844643,0.9781860928676703,0.9891252538885724,"sigma (results/gateA_biomarker_scales_train.csv), centred on the reference median of the same cohort (ref_median_raw, native units): alpha is therefore the predicted-minus-reference offset at a median-valued image. beta, CCC, r, residual SD, the Bland-Altman limits and the proportional-bias slope are unaffected by the centring","results/pivot/bio_master.csv (source=gt[test] vs pred_test, seg seed 0); 2000-draw paired image bootstrap"
fives,density_skan,primary,deming_l4,200,0.020884296713893,0.10222308228097776,False,False,0.04030531812992699,-0.017771197946579498,1.0167479790356995,0.2284956928667716,0.9838138288117998,-0.02375780925921167,0.22869896760911365,0.026080605089697895,-0.01412541599507331,-0.4720077857730744,0.42449216725465105,0.984314195268858,0.975530254080266,-0.04609921942369674,0.009297948241400412,0.9829034264542363,1.0513014479470124,0.1927944361172049,0.26323432086321946,0.9772908317319305,0.9887344423988398,-0.05612465702056014,0.0073809174582121755,0.19366260304893745,0.26476127781042524,-0.0077036109958003385,0.0590015009234452,-0.041697253182717005,0.012772371115094144,-0.5587427018649986,-0.3846348857876335,0.35568097852213204,0.49272792039844643,0.9781860928676703,0.9891252538885724,"sigma (results/gateA_biomarker_scales_train.csv), centred on the reference median of the same cohort (ref_median_raw, native units): alpha is therefore the predicted-minus-reference offset at a median-valued image. beta, CCC, r, residual SD, the Bland-Altman limits and the proportional-bias slope are unaffected by the centring","results/pivot/bio_master.csv (source=gt[test] vs pred_test, seg seed 0); 2000-draw paired image bootstrap"
fives,total_length_pvbm,sensitivity,ols,200,5758.81509292313,24752.126030077485,False,True,0.6988375350228551,-0.444103820791403,0.9697802726692065,0.38242752484829645,0.9182789922723341,-0.43538802848302127,0.38476231623790363,0.0076051455656137275,-0.4315390033955073,-1.1895221683093125,0.3187461113432698,0.962569885048358,0.9612959888577765,-0.49358758109233913,-0.3925034623632139,0.9389844953002825,1.0074892738853989,0.2950902533307955,0.46757476782485563,0.8860623785773858,0.9422145326252256,-0.4857961981691957,-0.38400691662325964,0.30142138255156686,0.4684764044070379,-0.03401140662814005,0.05500167060274338,-0.47648920661673705,-0.3824268974925463,-1.3977002769557332,-0.9871719945942489,0.1790716604586262,0.45965420826981374,0.9425470160588922,0.9774391113288315,"sigma (results/gateA_biomarker_scales_train.csv), centred on the reference median of the same cohort (ref_median_raw, native units): alpha is therefore the predicted-minus-reference offset at a median-valued image. beta, CCC, r, residual SD, the Bland-Altman limits and the proportional-bias slope are unaffected by the centring","results/pivot/bio_master.csv (source=gt[test] vs pred_test, seg seed 0); 2000-draw paired image bootstrap"
fives,total_length_pvbm,sensitivity,deming_l1,200,5758.81509292313,24752.126030077485,False,True,0.6988375350228551,-0.433143251617221,1.0077831759182376,0.38611336432408344,0.9182789922723341,-0.43538802848302127,0.38476231623790363,0.0076051455656137275,-0.4315390033955073,-1.1895221683093125,0.3187461113432698,0.962569885048358,0.9612959888577765,-0.4802764242995358,-0.38326152811429837,0.9660809546097036,1.0581881582616193,0.2967099587498024,0.4742114126074599,0.8860623785773858,0.9422145326252256,-0.4857961981691957,-0.38400691662325964,0.30142138255156686,0.4684764044070379,-0.03401140662814005,0.05500167060274338,-0.47648920661673705,-0.3824268974925463,-1.3977002769557332,-0.9871719945942489,0.1790716604586262,0.45965420826981374,0.9425470160588922,0.9774391113288315,"sigma (results/gateA_biomarker_scales_train.csv), centred on the reference median of the same cohort (ref_median_raw, native units): alpha is therefore the predicted-minus-reference offset at a median-valued image. beta, CCC, r, residual SD, the Bland-Altman limits and the proportional-bias slope are unaffected by the centring","results/pivot/bio_master.csv (source=gt[test] vs pred_test, seg seed 0); 2000-draw paired image bootstrap"
fives,total_length_pvbm,sensitivity,deming_l4,200,5758.81509292313,24752.126030077485,False,True,0.6988375350228551,-0.43983042159174124,0.9845971652729018,0.3829901066085701,0.9182789922723341,-0.43538802848302127,0.38476231623790363,0.0076051455656137275,-0.4315390033955073,-1.1895221683093125,0.3187461113432698,0.962569885048358,0.9612959888577765,-0.48807262724019884,-0.3891889744816156,0.9497988062250388,1.0258615246551372,0.29530836747885436,0.4685861658224987,0.8860623785773858,0.9422145326252256,-0.4857961981691957,-0.38400691662325964,0.30142138255156686,0.4684764044070379,-0.03401140662814005,0.05500167060274338,-0.47648920661673705,-0.3824268974925463,-1.3977002769557332,-0.9871719945942489,0.1790716604586262,0.45965420826981374,0.9425470160588922,0.9774391113288315,"sigma (results/gateA_biomarker_scales_train.csv), centred on the reference median of the same cohort (ref_median_raw, native units): alpha is therefore the predicted-minus-reference offset at a median-valued image. beta, CCC, r, residual SD, the Bland-Altman limits and the proportional-bias slope are unaffected by the centring","results/pivot/bio_master.csv (source=gt[test] vs pred_test, seg seed 0); 2000-draw paired image bootstrap"
fives,total_length_skan,primary,ols,200,5905.654590686367,26563.5646302575,True,True,0.41203235434583574,-0.2502982917329322,0.9671841750259101,0.26515202730679627,0.9621123139897747,-0.24172404713703574,0.26861838894164114,-0.012087489999719868,-0.24634323138017222,-0.7682160894626524,0.28476799518858087,0.9788207912561213,0.9738464613540254,-0.2882576182541498,-0.2137231620532817,0.9341918284710525,0.9991730153031824,0.22651083254220042,0.29908549734052187,0.9479765518825488,0.9722816802238585,-0.27853481967105503,-0.2064342290363334,0.23001569320693377,0.3052253025492366,-0.04418008509129041,0.018893620247458782,-0.2841957246553568,-0.20911016336404847,-0.8621208937620248,-0.667549991591934,0.222552509496668,0.3439835627255013,0.9704193982244597,0.9850484773785515,"sigma (results/gateA_biomarker_scales_train.csv), centred on the reference median of the same cohort (ref_median_raw, native units): alpha is therefore the predicted-minus-reference offset at a median-valued image. beta, CCC, r, residual SD, the Bland-Altman limits and the proportional-bias slope are unaffected by the centring","results/pivot/bio_master.csv (source=gt[test] vs pred_test, seg seed 0); 2000-draw paired image bootstrap"
fives,total_length_skan,primary,deming_l1,200,5905.654590686367,26563.5646302575,False,True,0.41203235434583574,-0.24489709302374907,0.9878559426094553,0.26653292839161846,0.9621123139897747,-0.24172404713703574,0.26861838894164114,-0.012087489999719868,-0.24634323138017222,-0.7682160894626524,0.28476799518858087,0.9788207912561213,0.9738464613540254,-0.2819258201016879,-0.20943470085371801,0.9562589306673007,1.0192802225677045,0.22753021946709762,0.3012622015913875,0.9479765518825488,0.9722816802238585,-0.27853481967105503,-0.2064342290363334,0.23001569320693377,0.3052253025492366,-0.04418008509129041,0.018893620247458782,-0.2841957246553568,-0.20911016336404847,-0.8621208937620248,-0.667549991591934,0.222552509496668,0.3439835627255013,0.9704193982244597,0.9850484773785515,"sigma (results/gateA_biomarker_scales_train.csv), centred on the reference median of the same cohort (ref_median_raw, native units): alpha is therefore the predicted-minus-reference offset at a median-valued image. beta, CCC, r, residual SD, the Bland-Altman limits and the proportional-bias slope are unaffected by the centring","results/pivot/bio_master.csv (source=gt[test] vs pred_test, seg seed 0); 2000-draw paired image bootstrap"
fives,total_length_skan,primary,deming_l4,200,5905.654590686367,26563.5646302575,False,True,0.41203235434583574,-0.24818894965881305,0.9752571661262476,0.26536310040784333,0.9621123139897747,-0.24172404713703574,0.26861838894164114,-0.012087489999719868,-0.24634323138017222,-0.7682160894626524,0.28476799518858087,0.9788207912561213,0.9738464613540254,-0.2859497077908591,-0.2117505187259231,0.9428426765894429,1.007073902656001,0.22666824164161126,0.29935113792339996,0.9479765518825488,0.9722816802238585,-0.27853481967105503,-0.2064342290363334,0.23001569320693377,0.3052253025492366,-0.04418008509129041,0.018893620247458782,-0.2841957246553568,-0.20911016336404847,-0.8621208937620248,-0.667549991591934,0.222552509496668,0.3439835627255013,0.9704193982244597,0.9850484773785515,"sigma (results/gateA_biomarker_scales_train.csv), centred on the reference median of the same cohort (ref_median_raw, native units): alpha is therefore the predicted-minus-reference offset at a median-valued image. beta, CCC, r, residual SD, the Bland-Altman limits and the proportional-bias slope are unaffected by the centring","results/pivot/bio_master.csv (source=gt[test] vs pred_test, seg seed 0); 2000-draw paired image bootstrap"
