dataset,clf,mechanism,arm,target_r,k,seed,n,n_classes,r_mean,r_min,resid_sd,macro_auc,delta_auc,source
hrf,logreg,observed,reference,1.0,,-1,45,3,1.0,1.0,0.0,0.9703703703703704,0.0,"results/pivot/p2_predictions.csv (skan4 panel, reference-mask biomarkers); sigma = results/gateA_biomarker_scales_train.csv; quality proxy feat_contrast from results/pivot/bio_master.csv (source=gt); CV protocol identical to src/pivot/e1_dose_response.py (5-fold x 3 repeats, seeds 0..2)"
hrf,logreg,observed,real_measurement,,,-1,45,3,0.5494446811598002,0.48719490790297354,1.4588792149769056,0.7533333333333334,-0.21703703703703703,"results/pivot/p2_predictions.csv (skan4 panel, reference-mask biomarkers); sigma = results/gateA_biomarker_scales_train.csv; quality proxy feat_contrast from results/pivot/bio_master.csv (source=gt); CV protocol identical to src/pivot/e1_dose_response.py (5-fold x 3 repeats, seeds 0..2)"
hrf,logreg,gaussian_indep,injected,0.99,,0,45,3,0.9899144926896167,0.98979638099701,0.24163847970312125,0.9637037037037038,-0.006666666666666599,"results/pivot/p2_predictions.csv (skan4 panel, reference-mask biomarkers); sigma = results/gateA_biomarker_scales_train.csv; quality proxy feat_contrast from results/pivot/bio_master.csv (source=gt); CV protocol identical to src/pivot/e1_dose_response.py (5-fold x 3 repeats, seeds 0..2)"
hrf,logreg,gaussian_indep,injected,0.99,,1,45,3,0.9902241499694512,0.9899846911229142,0.24163847970312083,0.9681481481481482,-0.0022222222222222365,"results/pivot/p2_predictions.csv (skan4 panel, reference-mask biomarkers); sigma = results/gateA_biomarker_scales_train.csv; quality proxy feat_contrast from results/pivot/bio_master.csv (source=gt); CV protocol identical to src/pivot/e1_dose_response.py (5-fold x 3 repeats, seeds 0..2)"
hrf,logreg,gaussian_indep,injected,0.99,,2,45,3,0.9899129905190394,0.989804168689602,0.24163847970312105,0.965925925925926,-0.004444444444444473,"results/pivot/p2_predictions.csv (skan4 panel, reference-mask biomarkers); sigma = results/gateA_biomarker_scales_train.csv; quality proxy feat_contrast from results/pivot/bio_master.csv (source=gt); CV protocol identical to src/pivot/e1_dose_response.py (5-fold x 3 repeats, seeds 0..2)"
hrf,logreg,gaussian_indep,injected,0.99,,3,45,3,0.9900657894594523,0.9899059793406367,0.24163847970312116,0.9562962962962963,-0.014074074074074128,"results/pivot/p2_predictions.csv (skan4 panel, reference-mask biomarkers); sigma = results/gateA_biomarker_scales_train.csv; quality proxy feat_contrast from results/pivot/bio_master.csv (source=gt); CV protocol identical to src/pivot/e1_dose_response.py (5-fold x 3 repeats, seeds 0..2)"
hrf,logreg,gaussian_indep,injected,0.99,,4,45,3,0.9898137619189595,0.989797204637483,0.24163847970312166,0.9733333333333333,0.002962962962962834,"results/pivot/p2_predictions.csv (skan4 panel, reference-mask biomarkers); sigma = results/gateA_biomarker_scales_train.csv; quality proxy feat_contrast from results/pivot/bio_master.csv (source=gt); CV protocol identical to src/pivot/e1_dose_response.py (5-fold x 3 repeats, seeds 0..2)"
hrf,logreg,gaussian_indep,injected,0.99,,5,45,3,0.9902518932378493,0.9898006014471668,0.24163847970312152,0.9696296296296296,-0.0007407407407408195,"results/pivot/p2_predictions.csv (skan4 panel, reference-mask biomarkers); sigma = results/gateA_biomarker_scales_train.csv; quality proxy feat_contrast from results/pivot/bio_master.csv (source=gt); CV protocol identical to src/pivot/e1_dose_response.py (5-fold x 3 repeats, seeds 0..2)"
hrf,logreg,gaussian_indep,injected,0.99,,6,45,3,0.9903187604504903,0.9898140953417727,0.24163847970312152,0.9548148148148149,-0.015555555555555545,"results/pivot/p2_predictions.csv (skan4 panel, reference-mask biomarkers); sigma = results/gateA_biomarker_scales_train.csv; quality proxy feat_contrast from results/pivot/bio_master.csv (source=gt); CV protocol identical to src/pivot/e1_dose_response.py (5-fold x 3 repeats, seeds 0..2)"
hrf,logreg,gaussian_indep,injected,0.99,,7,45,3,0.9899224613202036,0.9898339002859379,0.2416384797031224,0.9651851851851853,-0.005185185185185182,"results/pivot/p2_predictions.csv (skan4 panel, reference-mask biomarkers); sigma = results/gateA_biomarker_scales_train.csv; quality proxy feat_contrast from results/pivot/bio_master.csv (source=gt); CV protocol identical to src/pivot/e1_dose_response.py (5-fold x 3 repeats, seeds 0..2)"
hrf,logreg,gaussian_indep,injected,0.99,,8,45,3,0.9899109806585724,0.9897961174720985,0.24163847970312108,0.9637037037037036,-0.006666666666666821,"results/pivot/p2_predictions.csv (skan4 panel, reference-mask biomarkers); sigma = results/gateA_biomarker_scales_train.csv; quality proxy feat_contrast from results/pivot/bio_master.csv (source=gt); CV protocol identical to src/pivot/e1_dose_response.py (5-fold x 3 repeats, seeds 0..2)"
hrf,logreg,gaussian_indep,injected,0.99,,9,45,3,0.9900718483840397,0.9898565022923311,0.24163847970312186,0.9725925925925926,0.0022222222222221255,"results/pivot/p2_predictions.csv (skan4 panel, reference-mask biomarkers); sigma = results/gateA_biomarker_scales_train.csv; quality proxy feat_contrast from results/pivot/bio_master.csv (source=gt); CV protocol identical to src/pivot/e1_dose_response.py (5-fold x 3 repeats, seeds 0..2)"
hrf,logreg,gaussian_indep,injected,0.95,,0,45,3,0.9482225580423304,0.9458814232846281,0.5573826597205789,0.9229629629629631,-0.04740740740740734,"results/pivot/p2_predictions.csv (skan4 panel, reference-mask biomarkers); sigma = results/gateA_biomarker_scales_train.csv; quality proxy feat_contrast from results/pivot/bio_master.csv (source=gt); CV protocol identical to src/pivot/e1_dose_response.py (5-fold x 3 repeats, seeds 0..2)"
hrf,logreg,gaussian_indep,injected,0.95,,1,45,3,0.9506533222498257,0.9446230072923203,0.5573826597205779,0.9496296296296296,-0.020740740740740837,"results/pivot/p2_predictions.csv (skan4 panel, reference-mask biomarkers); sigma = results/gateA_biomarker_scales_train.csv; quality proxy feat_contrast from results/pivot/bio_master.csv (source=gt); CV protocol identical to src/pivot/e1_dose_response.py (5-fold x 3 repeats, seeds 0..2)"
hrf,logreg,gaussian_indep,injected,0.95,,2,45,3,0.9485482919908897,0.9469815529070517,0.5573826597205787,0.9466666666666667,-0.023703703703703782,"results/pivot/p2_predictions.csv (skan4 panel, reference-mask biomarkers); sigma = results/gateA_biomarker_scales_train.csv; quality proxy feat_contrast from results/pivot/bio_master.csv (source=gt); CV protocol identical to src/pivot/e1_dose_response.py (5-fold x 3 repeats, seeds 0..2)"
hrf,logreg,gaussian_indep,injected,0.95,,3,45,3,0.9491251919161714,0.9445287851204712,0.5573826597205775,0.9162962962962963,-0.05407407407407416,"results/pivot/p2_predictions.csv (skan4 panel, reference-mask biomarkers); sigma = results/gateA_biomarker_scales_train.csv; quality proxy feat_contrast from results/pivot/bio_master.csv (source=gt); CV protocol identical to src/pivot/e1_dose_response.py (5-fold x 3 repeats, seeds 0..2)"
hrf,logreg,gaussian_indep,injected,0.95,,4,45,3,0.9467765755405111,0.9455965119196136,0.5573826597205794,0.9562962962962963,-0.014074074074074128,"results/pivot/p2_predictions.csv (skan4 panel, reference-mask biomarkers); sigma = results/gateA_biomarker_scales_train.csv; quality proxy feat_contrast from results/pivot/bio_master.csv (source=gt); CV protocol identical to src/pivot/e1_dose_response.py (5-fold x 3 repeats, seeds 0..2)"
hrf,logreg,gaussian_indep,injected,0.95,,5,45,3,0.9499955930993786,0.9444990251404198,0.5573826597205783,0.9474074074074075,-0.022962962962962963,"results/pivot/p2_predictions.csv (skan4 panel, reference-mask biomarkers); sigma = results/gateA_biomarker_scales_train.csv; quality proxy feat_contrast from results/pivot/bio_master.csv (source=gt); CV protocol identical to src/pivot/e1_dose_response.py (5-fold x 3 repeats, seeds 0..2)"
hrf,logreg,gaussian_indep,injected,0.95,,6,45,3,0.9523699570951958,0.9472921593019092,0.5573826597205778,0.9103703703703703,-0.060000000000000164,"results/pivot/p2_predictions.csv (skan4 panel, reference-mask biomarkers); sigma = results/gateA_biomarker_scales_train.csv; quality proxy feat_contrast from results/pivot/bio_master.csv (source=gt); CV protocol identical to src/pivot/e1_dose_response.py (5-fold x 3 repeats, seeds 0..2)"
hrf,logreg,gaussian_indep,injected,0.95,,7,45,3,0.9470310902445789,0.9448155939737721,0.5573826597205789,0.9355555555555556,-0.034814814814814854,"results/pivot/p2_predictions.csv (skan4 panel, reference-mask biomarkers); sigma = results/gateA_biomarker_scales_train.csv; quality proxy feat_contrast from results/pivot/bio_master.csv (source=gt); CV protocol identical to src/pivot/e1_dose_response.py (5-fold x 3 repeats, seeds 0..2)"
hrf,logreg,gaussian_indep,injected,0.95,,8,45,3,0.9477281340393167,0.9452241770462031,0.5573826597205789,0.9325925925925925,-0.03777777777777791,"results/pivot/p2_predictions.csv (skan4 panel, reference-mask biomarkers); sigma = results/gateA_biomarker_scales_train.csv; quality proxy feat_contrast from results/pivot/bio_master.csv (source=gt); CV protocol identical to src/pivot/e1_dose_response.py (5-fold x 3 repeats, seeds 0..2)"
hrf,logreg,gaussian_indep,injected,0.95,,9,45,3,0.9505971885073998,0.948150722111988,0.5573826597205795,0.9385185185185185,-0.03185185185185191,"results/pivot/p2_predictions.csv (skan4 panel, reference-mask biomarkers); sigma = results/gateA_biomarker_scales_train.csv; quality proxy feat_contrast from results/pivot/bio_master.csv (source=gt); CV protocol identical to src/pivot/e1_dose_response.py (5-fold x 3 repeats, seeds 0..2)"
hrf,logreg,gaussian_indep,injected,0.9,,0,45,3,0.8944760630492454,0.8871711693935,0.8213136525390776,0.8688888888888888,-0.10148148148148162,"results/pivot/p2_predictions.csv (skan4 panel, reference-mask biomarkers); sigma = results/gateA_biomarker_scales_train.csv; quality proxy feat_contrast from results/pivot/bio_master.csv (source=gt); CV protocol identical to src/pivot/e1_dose_response.py (5-fold x 3 repeats, seeds 0..2)"
hrf,logreg,gaussian_indep,injected,0.9,,1,45,3,0.9003251071447878,0.8809777417281037,0.821313652539079,0.9244444444444445,-0.045925925925925926,"results/pivot/p2_predictions.csv (skan4 panel, reference-mask biomarkers); sigma = results/gateA_biomarker_scales_train.csv; quality proxy feat_contrast from results/pivot/bio_master.csv (source=gt); CV protocol identical to src/pivot/e1_dose_response.py (5-fold x 3 repeats, seeds 0..2)"
hrf,logreg,gaussian_indep,injected,0.9,,2,45,3,0.8956476865546299,0.8910721151494658,0.821313652539079,0.9303703703703704,-0.040000000000000036,"results/pivot/p2_predictions.csv (skan4 panel, reference-mask biomarkers); sigma = results/gateA_biomarker_scales_train.csv; quality proxy feat_contrast from results/pivot/bio_master.csv (source=gt); CV protocol identical to src/pivot/e1_dose_response.py (5-fold x 3 repeats, seeds 0..2)"
hrf,logreg,gaussian_indep,injected,0.9,,3,45,3,0.8962832802716356,0.8801358306655612,0.8213136525390794,0.8637037037037038,-0.10666666666666669,"results/pivot/p2_predictions.csv (skan4 panel, reference-mask biomarkers); sigma = results/gateA_biomarker_scales_train.csv; quality proxy feat_contrast from results/pivot/bio_master.csv (source=gt); CV protocol identical to src/pivot/e1_dose_response.py (5-fold x 3 repeats, seeds 0..2)"
hrf,logreg,gaussian_indep,injected,0.9,,4,45,3,0.8902558187417615,0.8860340816626545,0.8213136525390792,0.9199999999999999,-0.05037037037037051,"results/pivot/p2_predictions.csv (skan4 panel, reference-mask biomarkers); sigma = results/gateA_biomarker_scales_train.csv; quality proxy feat_contrast from results/pivot/bio_master.csv (source=gt); CV protocol identical to src/pivot/e1_dose_response.py (5-fold x 3 repeats, seeds 0..2)"
hrf,logreg,gaussian_indep,injected,0.9,,5,45,3,0.8977635845215589,0.8797968912553893,0.8213136525390794,0.9051851851851852,-0.06518518518518523,"results/pivot/p2_predictions.csv (skan4 panel, reference-mask biomarkers); sigma = results/gateA_biomarker_scales_train.csv; quality proxy feat_contrast from results/pivot/bio_master.csv (source=gt); CV protocol identical to src/pivot/e1_dose_response.py (5-fold x 3 repeats, seeds 0..2)"
hrf,logreg,gaussian_indep,injected,0.9,,6,45,3,0.905636672800334,0.8920820078297389,0.8213136525390793,0.8777777777777778,-0.09259259259259267,"results/pivot/p2_predictions.csv (skan4 panel, reference-mask biomarkers); sigma = results/gateA_biomarker_scales_train.csv; quality proxy feat_contrast from results/pivot/bio_master.csv (source=gt); CV protocol identical to src/pivot/e1_dose_response.py (5-fold x 3 repeats, seeds 0..2)"
hrf,logreg,gaussian_indep,injected,0.9,,7,45,3,0.890153052126966,0.8822786030404345,0.8213136525390794,0.9096296296296297,-0.06074074074074076,"results/pivot/p2_predictions.csv (skan4 panel, reference-mask biomarkers); sigma = results/gateA_biomarker_scales_train.csv; quality proxy feat_contrast from results/pivot/bio_master.csv (source=gt); CV protocol identical to src/pivot/e1_dose_response.py (5-fold x 3 repeats, seeds 0..2)"
hrf,logreg,gaussian_indep,injected,0.9,,8,45,3,0.8927536892474627,0.8844066758410056,0.8213136525390787,0.8955555555555555,-0.07481481481481489,"results/pivot/p2_predictions.csv (skan4 panel, reference-mask biomarkers); sigma = results/gateA_biomarker_scales_train.csv; quality proxy feat_contrast from results/pivot/bio_master.csv (source=gt); CV protocol identical to src/pivot/e1_dose_response.py (5-fold x 3 repeats, seeds 0..2)"
hrf,logreg,gaussian_indep,injected,0.9,,9,45,3,0.901483877562674,0.8947380823777935,0.8213136525390782,0.9177777777777778,-0.052592592592592635,"results/pivot/p2_predictions.csv (skan4 panel, reference-mask biomarkers); sigma = results/gateA_biomarker_scales_train.csv; quality proxy feat_contrast from results/pivot/bio_master.csv (source=gt); CV protocol identical to src/pivot/e1_dose_response.py (5-fold x 3 repeats, seeds 0..2)"
hrf,logreg,gaussian_indep,injected,0.8,,0,45,3,0.7841026356854635,0.7629977732808291,1.27185035176236,0.7792592592592592,-0.19111111111111123,"results/pivot/p2_predictions.csv (skan4 panel, reference-mask biomarkers); sigma = results/gateA_biomarker_scales_train.csv; quality proxy feat_contrast from results/pivot/bio_master.csv (source=gt); CV protocol identical to src/pivot/e1_dose_response.py (5-fold x 3 repeats, seeds 0..2)"
hrf,logreg,gaussian_indep,injected,0.8,,1,45,3,0.7976425405132087,0.7403526066093712,1.2718503517623598,0.8622222222222223,-0.1081481481481481,"results/pivot/p2_predictions.csv (skan4 panel, reference-mask biomarkers); sigma = results/gateA_biomarker_scales_train.csv; quality proxy feat_contrast from results/pivot/bio_master.csv (source=gt); CV protocol identical to src/pivot/e1_dose_response.py (5-fold x 3 repeats, seeds 0..2)"
hrf,logreg,gaussian_indep,injected,0.8,,2,45,3,0.7877976274874905,0.7751860982029402,1.2718503517623594,0.8681481481481481,-0.10222222222222233,"results/pivot/p2_predictions.csv (skan4 panel, reference-mask biomarkers); sigma = results/gateA_biomarker_scales_train.csv; quality proxy feat_contrast from results/pivot/bio_master.csv (source=gt); CV protocol identical to src/pivot/e1_dose_response.py (5-fold x 3 repeats, seeds 0..2)"
hrf,logreg,gaussian_indep,injected,0.8,,3,45,3,0.7872541188182742,0.7367263293565198,1.2718503517623605,0.7748148148148148,-0.1955555555555556,"results/pivot/p2_predictions.csv (skan4 panel, reference-mask biomarkers); sigma = results/gateA_biomarker_scales_train.csv; quality proxy feat_contrast from results/pivot/bio_master.csv (source=gt); CV protocol identical to src/pivot/e1_dose_response.py (5-fold x 3 repeats, seeds 0..2)"
hrf,logreg,gaussian_indep,injected,0.8,,4,45,3,0.7724745356448178,0.7592115234804934,1.2718503517623594,0.8540740740740741,-0.11629629629629634,"results/pivot/p2_predictions.csv (skan4 panel, reference-mask biomarkers); sigma = results/gateA_biomarker_scales_train.csv; quality proxy feat_contrast from results/pivot/bio_master.csv (source=gt); CV protocol identical to src/pivot/e1_dose_response.py (5-fold x 3 repeats, seeds 0..2)"
hrf,logreg,gaussian_indep,injected,0.8,,5,45,3,0.7892754099804431,0.7352060959991092,1.2718503517623596,0.837037037037037,-0.13333333333333341,"results/pivot/p2_predictions.csv (skan4 panel, reference-mask biomarkers); sigma = results/gateA_biomarker_scales_train.csv; quality proxy feat_contrast from results/pivot/bio_master.csv (source=gt); CV protocol identical to src/pivot/e1_dose_response.py (5-fold x 3 repeats, seeds 0..2)"
hrf,logreg,gaussian_indep,injected,0.8,,6,45,3,0.8130974416587666,0.7781778910090602,1.2718503517623596,0.7866666666666666,-0.1837037037037038,"results/pivot/p2_predictions.csv (skan4 panel, reference-mask biomarkers); sigma = results/gateA_biomarker_scales_train.csv; quality proxy feat_contrast from results/pivot/bio_master.csv (source=gt); CV protocol identical to src/pivot/e1_dose_response.py (5-fold x 3 repeats, seeds 0..2)"
hrf,logreg,gaussian_indep,injected,0.8,,7,45,3,0.7703502535540058,0.7456133344944238,1.2718503517623587,0.8251851851851851,-0.1451851851851853,"results/pivot/p2_predictions.csv (skan4 panel, reference-mask biomarkers); sigma = results/gateA_biomarker_scales_train.csv; quality proxy feat_contrast from results/pivot/bio_master.csv (source=gt); CV protocol identical to src/pivot/e1_dose_response.py (5-fold x 3 repeats, seeds 0..2)"
hrf,logreg,gaussian_indep,injected,0.8,,8,45,3,0.7787707685595987,0.7535537524042905,1.271850351762359,0.8281481481481481,-0.14222222222222236,"results/pivot/p2_predictions.csv (skan4 panel, reference-mask biomarkers); sigma = results/gateA_biomarker_scales_train.csv; quality proxy feat_contrast from results/pivot/bio_master.csv (source=gt); CV protocol identical to src/pivot/e1_dose_response.py (5-fold x 3 repeats, seeds 0..2)"
hrf,logreg,gaussian_indep,injected,0.8,,9,45,3,0.8035816616819162,0.7857916385037869,1.2718503517623596,0.8437037037037037,-0.1266666666666667,"results/pivot/p2_predictions.csv (skan4 panel, reference-mask biomarkers); sigma = results/gateA_biomarker_scales_train.csv; quality proxy feat_contrast from results/pivot/bio_master.csv (source=gt); CV protocol identical to src/pivot/e1_dose_response.py (5-fold x 3 repeats, seeds 0..2)"
hrf,logreg,gaussian_indep,injected,0.7,,0,45,3,0.6721076133669823,0.6350094096803119,1.7300625255100834,0.7007407407407408,-0.26962962962962966,"results/pivot/p2_predictions.csv (skan4 panel, reference-mask biomarkers); sigma = results/gateA_biomarker_scales_train.csv; quality proxy feat_contrast from results/pivot/bio_master.csv (source=gt); CV protocol identical to src/pivot/e1_dose_response.py (5-fold x 3 repeats, seeds 0..2)"
hrf,logreg,gaussian_indep,injected,0.7,,1,45,3,0.6936427544358088,0.5917901018909993,1.7300625255100837,0.8037037037037038,-0.16666666666666663,"results/pivot/p2_predictions.csv (skan4 panel, reference-mask biomarkers); sigma = results/gateA_biomarker_scales_train.csv; quality proxy feat_contrast from results/pivot/bio_master.csv (source=gt); CV protocol identical to src/pivot/e1_dose_response.py (5-fold x 3 repeats, seeds 0..2)"
hrf,logreg,gaussian_indep,injected,0.7,,2,45,3,0.6788157847210189,0.6570568943910843,1.730062525510084,0.8059259259259259,-0.1644444444444445,"results/pivot/p2_predictions.csv (skan4 panel, reference-mask biomarkers); sigma = results/gateA_biomarker_scales_train.csv; quality proxy feat_contrast from results/pivot/bio_master.csv (source=gt); CV protocol identical to src/pivot/e1_dose_response.py (5-fold x 3 repeats, seeds 0..2)"
hrf,logreg,gaussian_indep,injected,0.7,,3,45,3,0.6761842058645249,0.5845289073397679,1.7300625255100834,0.7022222222222222,-0.26814814814814825,"results/pivot/p2_predictions.csv (skan4 panel, reference-mask biomarkers); sigma = results/gateA_biomarker_scales_train.csv; quality proxy feat_contrast from results/pivot/bio_master.csv (source=gt); CV protocol identical to src/pivot/e1_dose_response.py (5-fold x 3 repeats, seeds 0..2)"
hrf,logreg,gaussian_indep,injected,0.7,,4,45,3,0.6520470365953542,0.6280053821067813,1.7300625255100843,0.7844444444444444,-0.18592592592592605,"results/pivot/p2_predictions.csv (skan4 panel, reference-mask biomarkers); sigma = results/gateA_biomarker_scales_train.csv; quality proxy feat_contrast from results/pivot/bio_master.csv (source=gt); CV protocol identical to src/pivot/e1_dose_response.py (5-fold x 3 repeats, seeds 0..2)"
hrf,logreg,gaussian_indep,injected,0.7,,5,45,3,0.6782877748521329,0.5814515503135613,1.7300625255100845,0.7674074074074074,-0.202962962962963,"results/pivot/p2_predictions.csv (skan4 panel, reference-mask biomarkers); sigma = results/gateA_biomarker_scales_train.csv; quality proxy feat_contrast from results/pivot/bio_master.csv (source=gt); CV protocol identical to src/pivot/e1_dose_response.py (5-fold x 3 repeats, seeds 0..2)"
hrf,logreg,gaussian_indep,injected,0.7,,6,45,3,0.7209898711975227,0.6623629173095411,1.730062525510084,0.7155555555555555,-0.25481481481481494,"results/pivot/p2_predictions.csv (skan4 panel, reference-mask biomarkers); sigma = results/gateA_biomarker_scales_train.csv; quality proxy feat_contrast from results/pivot/bio_master.csv (source=gt); CV protocol identical to src/pivot/e1_dose_response.py (5-fold x 3 repeats, seeds 0..2)"
hrf,logreg,gaussian_indep,injected,0.7,,7,45,3,0.6470313734122675,0.6021387822803288,1.7300625255100839,0.7451851851851852,-0.22518518518518527,"results/pivot/p2_predictions.csv (skan4 panel, reference-mask biomarkers); sigma = results/gateA_biomarker_scales_train.csv; quality proxy feat_contrast from results/pivot/bio_master.csv (source=gt); CV protocol identical to src/pivot/e1_dose_response.py (5-fold x 3 repeats, seeds 0..2)"
hrf,logreg,gaussian_indep,injected,0.7,,8,45,3,0.6624910666505117,0.6173857631975508,1.7300625255100832,0.7622222222222222,-0.2081481481481482,"results/pivot/p2_predictions.csv (skan4 panel, reference-mask biomarkers); sigma = results/gateA_biomarker_scales_train.csv; quality proxy feat_contrast from results/pivot/bio_master.csv (source=gt); CV protocol identical to src/pivot/e1_dose_response.py (5-fold x 3 repeats, seeds 0..2)"
hrf,logreg,gaussian_indep,injected,0.7,,9,45,3,0.7058373800161605,0.6756973556126838,1.7300625255100839,0.7666666666666666,-0.20370370370370383,"results/pivot/p2_predictions.csv (skan4 panel, reference-mask biomarkers); sigma = results/gateA_biomarker_scales_train.csv; quality proxy feat_contrast from results/pivot/bio_master.csv (source=gt); CV protocol identical to src/pivot/e1_dose_response.py (5-fold x 3 repeats, seeds 0..2)"
hrf,logreg,gaussian_indep,injected,0.6,,0,45,3,0.5601598505897115,0.5071324210701278,2.2610672920219734,0.5970370370370371,-0.3733333333333333,"results/pivot/p2_predictions.csv (skan4 panel, reference-mask biomarkers); sigma = results/gateA_biomarker_scales_train.csv; quality proxy feat_contrast from results/pivot/bio_master.csv (source=gt); CV protocol identical to src/pivot/e1_dose_response.py (5-fold x 3 repeats, seeds 0..2)"
hrf,logreg,gaussian_indep,injected,0.6,,1,45,3,0.5896837503309481,0.4434651074602592,2.2610672920219725,0.7244444444444444,-0.245925925925926,"results/pivot/p2_predictions.csv (skan4 panel, reference-mask biomarkers); sigma = results/gateA_biomarker_scales_train.csv; quality proxy feat_contrast from results/pivot/bio_master.csv (source=gt); CV protocol identical to src/pivot/e1_dose_response.py (5-fold x 3 repeats, seeds 0..2)"
hrf,logreg,gaussian_indep,injected,0.6,,2,45,3,0.5698666344035763,0.5389924540343325,2.261067292021973,0.7585185185185187,-0.21185185185185174,"results/pivot/p2_predictions.csv (skan4 panel, reference-mask biomarkers); sigma = results/gateA_biomarker_scales_train.csv; quality proxy feat_contrast from results/pivot/bio_master.csv (source=gt); CV protocol identical to src/pivot/e1_dose_response.py (5-fold x 3 repeats, seeds 0..2)"
hrf,logreg,gaussian_indep,injected,0.6,,3,45,3,0.5651760098552752,0.4325956477248178,2.261067292021972,0.6066666666666667,-0.36370370370370375,"results/pivot/p2_predictions.csv (skan4 panel, reference-mask biomarkers); sigma = results/gateA_biomarker_scales_train.csv; quality proxy feat_contrast from results/pivot/bio_master.csv (source=gt); CV protocol identical to src/pivot/e1_dose_response.py (5-fold x 3 repeats, seeds 0..2)"
hrf,logreg,gaussian_indep,injected,0.6,,4,45,3,0.5316963790091918,0.4969276940661536,2.2610672920219717,0.731851851851852,-0.23851851851851846,"results/pivot/p2_predictions.csv (skan4 panel, reference-mask biomarkers); sigma = results/gateA_biomarker_scales_train.csv; quality proxy feat_contrast from results/pivot/bio_master.csv (source=gt); CV protocol identical to src/pivot/e1_dose_response.py (5-fold x 3 repeats, seeds 0..2)"
hrf,logreg,gaussian_indep,injected,0.6,,5,45,3,0.567376197966193,0.4279730076519659,2.2610672920219725,0.6911111111111111,-0.2792592592592593,"results/pivot/p2_predictions.csv (skan4 panel, reference-mask biomarkers); sigma = results/gateA_biomarker_scales_train.csv; quality proxy feat_contrast from results/pivot/bio_master.csv (source=gt); CV protocol identical to src/pivot/e1_dose_response.py (5-fold x 3 repeats, seeds 0..2)"
hrf,logreg,gaussian_indep,injected,0.6,,6,45,3,0.6288708082917236,0.5466029719890073,2.261067292021973,0.6229629629629629,-0.3474074074074075,"results/pivot/p2_predictions.csv (skan4 panel, reference-mask biomarkers); sigma = results/gateA_biomarker_scales_train.csv; quality proxy feat_contrast from results/pivot/bio_master.csv (source=gt); CV protocol identical to src/pivot/e1_dose_response.py (5-fold x 3 repeats, seeds 0..2)"
hrf,logreg,gaussian_indep,injected,0.6,,7,45,3,0.5238165578651284,0.45886670943075697,2.261067292021972,0.6725925925925926,-0.2977777777777778,"results/pivot/p2_predictions.csv (skan4 panel, reference-mask biomarkers); sigma = results/gateA_biomarker_scales_train.csv; quality proxy feat_contrast from results/pivot/bio_master.csv (source=gt); CV protocol identical to src/pivot/e1_dose_response.py (5-fold x 3 repeats, seeds 0..2)"
hrf,logreg,gaussian_indep,injected,0.6,,8,45,3,0.546278658691177,0.48137443547979,2.2610672920219725,0.6911111111111111,-0.2792592592592593,"results/pivot/p2_predictions.csv (skan4 panel, reference-mask biomarkers); sigma = results/gateA_biomarker_scales_train.csv; quality proxy feat_contrast from results/pivot/bio_master.csv (source=gt); CV protocol identical to src/pivot/e1_dose_response.py (5-fold x 3 repeats, seeds 0..2)"
hrf,logreg,gaussian_indep,injected,0.6,,9,45,3,0.6080887998307103,0.5656359239612482,2.261067292021973,0.6940740740740741,-0.2762962962962964,"results/pivot/p2_predictions.csv (skan4 panel, reference-mask biomarkers); sigma = results/gateA_biomarker_scales_train.csv; quality proxy feat_contrast from results/pivot/bio_master.csv (source=gt); CV protocol identical to src/pivot/e1_dose_response.py (5-fold x 3 repeats, seeds 0..2)"
hrf,logreg,gaussian_indep,injected,0.5,,0,45,3,0.4493304893033087,0.38188805323826674,2.9372125718356745,0.5155555555555557,-0.4548148148148148,"results/pivot/p2_predictions.csv (skan4 panel, reference-mask biomarkers); sigma = results/gateA_biomarker_scales_train.csv; quality proxy feat_contrast from results/pivot/bio_master.csv (source=gt); CV protocol identical to src/pivot/e1_dose_response.py (5-fold x 3 repeats, seeds 0..2)"
hrf,logreg,gaussian_indep,injected,0.5,,1,45,3,0.4866519042819463,0.30066166505808506,2.9372125718356745,0.64,-0.3303703703703704,"results/pivot/p2_predictions.csv (skan4 panel, reference-mask biomarkers); sigma = results/gateA_biomarker_scales_train.csv; quality proxy feat_contrast from results/pivot/bio_master.csv (source=gt); CV protocol identical to src/pivot/e1_dose_response.py (5-fold x 3 repeats, seeds 0..2)"
hrf,logreg,gaussian_indep,injected,0.5,,2,45,3,0.4616957776728072,0.42247028445790225,2.937212571835675,0.7103703703703704,-0.26,"results/pivot/p2_predictions.csv (skan4 panel, reference-mask biomarkers); sigma = results/gateA_biomarker_scales_train.csv; quality proxy feat_contrast from results/pivot/bio_master.csv (source=gt); CV protocol identical to src/pivot/e1_dose_response.py (5-fold x 3 repeats, seeds 0..2)"
hrf,logreg,gaussian_indep,injected,0.5,,3,45,3,0.4555924684393507,0.2867845603228519,2.9372125718356736,0.52,-0.4503703703703704,"results/pivot/p2_predictions.csv (skan4 panel, reference-mask biomarkers); sigma = results/gateA_biomarker_scales_train.csv; quality proxy feat_contrast from results/pivot/bio_master.csv (source=gt); CV protocol identical to src/pivot/e1_dose_response.py (5-fold x 3 repeats, seeds 0..2)"
hrf,logreg,gaussian_indep,injected,0.5,,4,45,3,0.41316854915045165,0.3688787295198514,2.9372125718356745,0.6755555555555556,-0.29481481481481486,"results/pivot/p2_predictions.csv (skan4 panel, reference-mask biomarkers); sigma = results/gateA_biomarker_scales_train.csv; quality proxy feat_contrast from results/pivot/bio_master.csv (source=gt); CV protocol identical to src/pivot/e1_dose_response.py (5-fold x 3 repeats, seeds 0..2)"
hrf,logreg,gaussian_indep,injected,0.5,,5,45,3,0.45821342719741087,0.28088248460507687,2.937212571835674,0.6274074074074074,-0.342962962962963,"results/pivot/p2_predictions.csv (skan4 panel, reference-mask biomarkers); sigma = results/gateA_biomarker_scales_train.csv; quality proxy feat_contrast from results/pivot/bio_master.csv (source=gt); CV protocol identical to src/pivot/e1_dose_response.py (5-fold x 3 repeats, seeds 0..2)"
hrf,logreg,gaussian_indep,injected,0.5,,6,45,3,0.5364629375169035,0.4321556922066857,2.9372125718356745,0.5481481481481482,-0.4222222222222223,"results/pivot/p2_predictions.csv (skan4 panel, reference-mask biomarkers); sigma = results/gateA_biomarker_scales_train.csv; quality proxy feat_contrast from results/pivot/bio_master.csv (source=gt); CV protocol identical to src/pivot/e1_dose_response.py (5-fold x 3 repeats, seeds 0..2)"
hrf,logreg,gaussian_indep,injected,0.5,,7,45,3,0.4030389664378411,0.32032186402743695,2.9372125718356745,0.5814814814814815,-0.38888888888888895,"results/pivot/p2_predictions.csv (skan4 panel, reference-mask biomarkers); sigma = results/gateA_biomarker_scales_train.csv; quality proxy feat_contrast from results/pivot/bio_master.csv (source=gt); CV protocol identical to src/pivot/e1_dose_response.py (5-fold x 3 repeats, seeds 0..2)"
hrf,logreg,gaussian_indep,injected,0.5,,8,45,3,0.4316530869378338,0.3490424489642781,2.9372125718356736,0.6311111111111111,-0.33925925925925937,"results/pivot/p2_predictions.csv (skan4 panel, reference-mask biomarkers); sigma = results/gateA_biomarker_scales_train.csv; quality proxy feat_contrast from results/pivot/bio_master.csv (source=gt); CV protocol identical to src/pivot/e1_dose_response.py (5-fold x 3 repeats, seeds 0..2)"
hrf,logreg,gaussian_indep,injected,0.5,,9,45,3,0.5102337630129908,0.4563613670776582,2.9372125718356745,0.6185185185185186,-0.35185185185185186,"results/pivot/p2_predictions.csv (skan4 panel, reference-mask biomarkers); sigma = results/gateA_biomarker_scales_train.csv; quality proxy feat_contrast from results/pivot/bio_master.csv (source=gt); CV protocol identical to src/pivot/e1_dose_response.py (5-fold x 3 repeats, seeds 0..2)"
hrf,logreg,gaussian_indep,injected,0.4,,0,45,3,0.3402927404495405,0.26085053085824716,3.8855670064048167,0.4496296296296296,-0.5207407407407408,"results/pivot/p2_predictions.csv (skan4 panel, reference-mask biomarkers); sigma = results/gateA_biomarker_scales_train.csv; quality proxy feat_contrast from results/pivot/bio_master.csv (source=gt); CV protocol identical to src/pivot/e1_dose_response.py (5-fold x 3 repeats, seeds 0..2)"
hrf,logreg,gaussian_indep,injected,0.4,,1,45,3,0.3849713322457022,0.16636675435623413,3.8855670064048167,0.5466666666666666,-0.4237037037037038,"results/pivot/p2_predictions.csv (skan4 panel, reference-mask biomarkers); sigma = results/gateA_biomarker_scales_train.csv; quality proxy feat_contrast from results/pivot/bio_master.csv (source=gt); CV protocol identical to src/pivot/e1_dose_response.py (5-fold x 3 repeats, seeds 0..2)"
hrf,logreg,gaussian_indep,injected,0.4,,2,45,3,0.35478811960471424,0.30845352943130677,3.885567006404817,0.6681481481481483,-0.30222222222222217,"results/pivot/p2_predictions.csv (skan4 panel, reference-mask biomarkers); sigma = results/gateA_biomarker_scales_train.csv; quality proxy feat_contrast from results/pivot/bio_master.csv (source=gt); CV protocol identical to src/pivot/e1_dose_response.py (5-fold x 3 repeats, seeds 0..2)"
hrf,logreg,gaussian_indep,injected,0.4,,3,45,3,0.34816862464527903,0.15034465316450732,3.885567006404817,0.45925925925925926,-0.5111111111111112,"results/pivot/p2_predictions.csv (skan4 panel, reference-mask biomarkers); sigma = results/gateA_biomarker_scales_train.csv; quality proxy feat_contrast from results/pivot/bio_master.csv (source=gt); CV protocol identical to src/pivot/e1_dose_response.py (5-fold x 3 repeats, seeds 0..2)"
hrf,logreg,gaussian_indep,injected,0.4,,4,45,3,0.2975770024517311,0.2456429914595214,3.885567006404817,0.6177777777777779,-0.35259259259259257,"results/pivot/p2_predictions.csv (skan4 panel, reference-mask biomarkers); sigma = results/gateA_biomarker_scales_train.csv; quality proxy feat_contrast from results/pivot/bio_master.csv (source=gt); CV protocol identical to src/pivot/e1_dose_response.py (5-fold x 3 repeats, seeds 0..2)"
hrf,logreg,gaussian_indep,injected,0.4,,5,45,3,0.351673450117296,0.14354185864219127,3.885567006404817,0.5651851851851851,-0.4051851851851853,"results/pivot/p2_predictions.csv (skan4 panel, reference-mask biomarkers); sigma = results/gateA_biomarker_scales_train.csv; quality proxy feat_contrast from results/pivot/bio_master.csv (source=gt); CV protocol identical to src/pivot/e1_dose_response.py (5-fold x 3 repeats, seeds 0..2)"
hrf,logreg,gaussian_indep,injected,0.4,,6,45,3,0.4435278031620627,0.31984889953872686,3.8855670064048176,0.46148148148148155,-0.508888888888889,"results/pivot/p2_predictions.csv (skan4 panel, reference-mask biomarkers); sigma = results/gateA_biomarker_scales_train.csv; quality proxy feat_contrast from results/pivot/bio_master.csv (source=gt); CV protocol identical to src/pivot/e1_dose_response.py (5-fold x 3 repeats, seeds 0..2)"
hrf,logreg,gaussian_indep,injected,0.4,,7,45,3,0.286078509871056,0.18912904350685278,3.8855670064048162,0.5096296296296295,-0.4607407407407409,"results/pivot/p2_predictions.csv (skan4 panel, reference-mask biomarkers); sigma = results/gateA_biomarker_scales_train.csv; quality proxy feat_contrast from results/pivot/bio_master.csv (source=gt); CV protocol identical to src/pivot/e1_dose_response.py (5-fold x 3 repeats, seeds 0..2)"
hrf,logreg,gaussian_indep,injected,0.4,,8,45,3,0.31954975448886674,0.22250746658295936,3.8855670064048162,0.58,-0.3903703703703705,"results/pivot/p2_predictions.csv (skan4 panel, reference-mask biomarkers); sigma = results/gateA_biomarker_scales_train.csv; quality proxy feat_contrast from results/pivot/bio_master.csv (source=gt); CV protocol identical to src/pivot/e1_dose_response.py (5-fold x 3 repeats, seeds 0..2)"
hrf,logreg,gaussian_indep,injected,0.4,,9,45,3,0.4121903160878038,0.34838176093436335,3.8855670064048167,0.5614814814814815,-0.40888888888888897,"results/pivot/p2_predictions.csv (skan4 panel, reference-mask biomarkers); sigma = results/gateA_biomarker_scales_train.csv; quality proxy feat_contrast from results/pivot/bio_master.csv (source=gt); CV protocol identical to src/pivot/e1_dose_response.py (5-fold x 3 repeats, seeds 0..2)"
hrf,logreg,gaussian_corr,injected,0.99,,0,45,3,0.989851682241969,0.98979638099701,0.24163847970312255,0.9666666666666667,-0.0037037037037037646,"results/pivot/p2_predictions.csv (skan4 panel, reference-mask biomarkers); sigma = results/gateA_biomarker_scales_train.csv; quality proxy feat_contrast from results/pivot/bio_master.csv (source=gt); CV protocol identical to src/pivot/e1_dose_response.py (5-fold x 3 repeats, seeds 0..2)"
hrf,logreg,gaussian_corr,injected,0.99,,1,45,3,0.9902274112262112,0.989914963208078,0.2416384797031213,0.9688888888888889,-0.001481481481481528,"results/pivot/p2_predictions.csv (skan4 panel, reference-mask biomarkers); sigma = results/gateA_biomarker_scales_train.csv; quality proxy feat_contrast from results/pivot/bio_master.csv (source=gt); CV protocol identical to src/pivot/e1_dose_response.py (5-fold x 3 repeats, seeds 0..2)"
hrf,logreg,gaussian_corr,injected,0.99,,2,45,3,0.9899192635200071,0.9898014372216066,0.24163847970312147,0.96,-0.010370370370370474,"results/pivot/p2_predictions.csv (skan4 panel, reference-mask biomarkers); sigma = results/gateA_biomarker_scales_train.csv; quality proxy feat_contrast from results/pivot/bio_master.csv (source=gt); CV protocol identical to src/pivot/e1_dose_response.py (5-fold x 3 repeats, seeds 0..2)"
hrf,logreg,gaussian_corr,injected,0.99,,3,45,3,0.9900479310211008,0.9898161027989641,0.24163847970312125,0.9577777777777777,-0.01259259259259271,"results/pivot/p2_predictions.csv (skan4 panel, reference-mask biomarkers); sigma = results/gateA_biomarker_scales_train.csv; quality proxy feat_contrast from results/pivot/bio_master.csv (source=gt); CV protocol identical to src/pivot/e1_dose_response.py (5-fold x 3 repeats, seeds 0..2)"
hrf,logreg,gaussian_corr,injected,0.99,,4,45,3,0.9898141374795775,0.9897962236701852,0.24163847970312144,0.971111111111111,0.0007407407407405975,"results/pivot/p2_predictions.csv (skan4 panel, reference-mask biomarkers); sigma = results/gateA_biomarker_scales_train.csv; quality proxy feat_contrast from results/pivot/bio_master.csv (source=gt); CV protocol identical to src/pivot/e1_dose_response.py (5-fold x 3 repeats, seeds 0..2)"
hrf,logreg,gaussian_corr,injected,0.99,,5,45,3,0.9900726188838875,0.9898003106125177,0.24163847970312163,0.9703703703703704,0.0,"results/pivot/p2_predictions.csv (skan4 panel, reference-mask biomarkers); sigma = results/gateA_biomarker_scales_train.csv; quality proxy feat_contrast from results/pivot/bio_master.csv (source=gt); CV protocol identical to src/pivot/e1_dose_response.py (5-fold x 3 repeats, seeds 0..2)"
hrf,logreg,gaussian_corr,injected,0.99,,6,45,3,0.9902033749175063,0.9898074668011894,0.24163847970312088,0.9585185185185185,-0.011851851851851891,"results/pivot/p2_predictions.csv (skan4 panel, reference-mask biomarkers); sigma = results/gateA_biomarker_scales_train.csv; quality proxy feat_contrast from results/pivot/bio_master.csv (source=gt); CV protocol identical to src/pivot/e1_dose_response.py (5-fold x 3 repeats, seeds 0..2)"
hrf,logreg,gaussian_corr,injected,0.99,,7,45,3,0.9898713696525138,0.9897961077850748,0.2416384797031216,0.9666666666666667,-0.0037037037037037646,"results/pivot/p2_predictions.csv (skan4 panel, reference-mask biomarkers); sigma = results/gateA_biomarker_scales_train.csv; quality proxy feat_contrast from results/pivot/bio_master.csv (source=gt); CV protocol identical to src/pivot/e1_dose_response.py (5-fold x 3 repeats, seeds 0..2)"
hrf,logreg,gaussian_corr,injected,0.99,,8,45,3,0.9898245807545344,0.9897964295512279,0.24163847970312147,0.965185185185185,-0.005185185185185404,"results/pivot/p2_predictions.csv (skan4 panel, reference-mask biomarkers); sigma = results/gateA_biomarker_scales_train.csv; quality proxy feat_contrast from results/pivot/bio_master.csv (source=gt); CV protocol identical to src/pivot/e1_dose_response.py (5-fold x 3 repeats, seeds 0..2)"
hrf,logreg,gaussian_corr,injected,0.99,,9,45,3,0.9899733538689499,0.9898565022923311,0.24163847970312113,0.9703703703703703,-1.1102230246251565e-16,"results/pivot/p2_predictions.csv (skan4 panel, reference-mask biomarkers); sigma = results/gateA_biomarker_scales_train.csv; quality proxy feat_contrast from results/pivot/bio_master.csv (source=gt); CV protocol identical to src/pivot/e1_dose_response.py (5-fold x 3 repeats, seeds 0..2)"
hrf,logreg,gaussian_corr,injected,0.95,,0,45,3,0.9469436531461904,0.9451071579534587,0.5573826597205783,0.9548148148148149,-0.015555555555555545,"results/pivot/p2_predictions.csv (skan4 panel, reference-mask biomarkers); sigma = results/gateA_biomarker_scales_train.csv; quality proxy feat_contrast from results/pivot/bio_master.csv (source=gt); CV protocol identical to src/pivot/e1_dose_response.py (5-fold x 3 repeats, seeds 0..2)"
hrf,logreg,gaussian_corr,injected,0.95,,1,45,3,0.951932386909208,0.948998385495503,0.5573826597205781,0.9562962962962963,-0.014074074074074128,"results/pivot/p2_predictions.csv (skan4 panel, reference-mask biomarkers); sigma = results/gateA_biomarker_scales_train.csv; quality proxy feat_contrast from results/pivot/bio_master.csv (source=gt); CV protocol identical to src/pivot/e1_dose_response.py (5-fold x 3 repeats, seeds 0..2)"
hrf,logreg,gaussian_corr,injected,0.95,,2,45,3,0.94855154908735,0.9468690460201619,0.5573826597205782,0.9407407407407408,-0.029629629629629672,"results/pivot/p2_predictions.csv (skan4 panel, reference-mask biomarkers); sigma = results/gateA_biomarker_scales_train.csv; quality proxy feat_contrast from results/pivot/bio_master.csv (source=gt); CV protocol identical to src/pivot/e1_dose_response.py (5-fold x 3 repeats, seeds 0..2)"
hrf,logreg,gaussian_corr,injected,0.95,,3,45,3,0.9491432663205916,0.9448400872358966,0.5573826597205787,0.9266666666666667,-0.04370370370370369,"results/pivot/p2_predictions.csv (skan4 panel, reference-mask biomarkers); sigma = results/gateA_biomarker_scales_train.csv; quality proxy feat_contrast from results/pivot/bio_master.csv (source=gt); CV protocol identical to src/pivot/e1_dose_response.py (5-fold x 3 repeats, seeds 0..2)"
hrf,logreg,gaussian_corr,injected,0.95,,4,45,3,0.9461956205560453,0.9454233202677143,0.5573826597205779,0.954074074074074,-0.016296296296296475,"results/pivot/p2_predictions.csv (skan4 panel, reference-mask biomarkers); sigma = results/gateA_biomarker_scales_train.csv; quality proxy feat_contrast from results/pivot/bio_master.csv (source=gt); CV protocol identical to src/pivot/e1_dose_response.py (5-fold x 3 repeats, seeds 0..2)"
hrf,logreg,gaussian_corr,injected,0.95,,5,45,3,0.9471050268309531,0.9444990251404198,0.5573826597205779,0.9622222222222222,-0.008148148148148238,"results/pivot/p2_predictions.csv (skan4 panel, reference-mask biomarkers); sigma = results/gateA_biomarker_scales_train.csv; quality proxy feat_contrast from results/pivot/bio_master.csv (source=gt); CV protocol identical to src/pivot/e1_dose_response.py (5-fold x 3 repeats, seeds 0..2)"
hrf,logreg,gaussian_corr,injected,0.95,,6,45,3,0.9514616522286503,0.9470970476146143,0.5573826597205777,0.9222222222222222,-0.04814814814814827,"results/pivot/p2_predictions.csv (skan4 panel, reference-mask biomarkers); sigma = results/gateA_biomarker_scales_train.csv; quality proxy feat_contrast from results/pivot/bio_master.csv (source=gt); CV protocol identical to src/pivot/e1_dose_response.py (5-fold x 3 repeats, seeds 0..2)"
hrf,logreg,gaussian_corr,injected,0.95,,7,45,3,0.947850896125777,0.9464783871754313,0.5573826597205778,0.9488888888888889,-0.021481481481481546,"results/pivot/p2_predictions.csv (skan4 panel, reference-mask biomarkers); sigma = results/gateA_biomarker_scales_train.csv; quality proxy feat_contrast from results/pivot/bio_master.csv (source=gt); CV protocol identical to src/pivot/e1_dose_response.py (5-fold x 3 repeats, seeds 0..2)"
hrf,logreg,gaussian_corr,injected,0.95,,8,45,3,0.9457642420967041,0.9451899360504579,0.5573826597205781,0.9525925925925925,-0.017777777777777892,"results/pivot/p2_predictions.csv (skan4 panel, reference-mask biomarkers); sigma = results/gateA_biomarker_scales_train.csv; quality proxy feat_contrast from results/pivot/bio_master.csv (source=gt); CV protocol identical to src/pivot/e1_dose_response.py (5-fold x 3 repeats, seeds 0..2)"
hrf,logreg,gaussian_corr,injected,0.95,,9,45,3,0.9493730543445298,0.948150722111988,0.5573826597205783,0.9518518518518518,-0.0185185185185186,"results/pivot/p2_predictions.csv (skan4 panel, reference-mask biomarkers); sigma = results/gateA_biomarker_scales_train.csv; quality proxy feat_contrast from results/pivot/bio_master.csv (source=gt); CV protocol identical to src/pivot/e1_dose_response.py (5-fold x 3 repeats, seeds 0..2)"
hrf,logreg,gaussian_corr,injected,0.9,,0,45,3,0.8904994342461581,0.8838467789402792,0.8213136525390792,0.9296296296296296,-0.040740740740740855,"results/pivot/p2_predictions.csv (skan4 panel, reference-mask biomarkers); sigma = results/gateA_biomarker_scales_train.csv; quality proxy feat_contrast from results/pivot/bio_master.csv (source=gt); CV protocol identical to src/pivot/e1_dose_response.py (5-fold x 3 repeats, seeds 0..2)"
hrf,logreg,gaussian_corr,injected,0.9,,1,45,3,0.9048575030063839,0.8972132070215582,0.8213136525390794,0.9407407407407408,-0.029629629629629672,"results/pivot/p2_predictions.csv (skan4 panel, reference-mask biomarkers); sigma = results/gateA_biomarker_scales_train.csv; quality proxy feat_contrast from results/pivot/bio_master.csv (source=gt); CV protocol identical to src/pivot/e1_dose_response.py (5-fold x 3 repeats, seeds 0..2)"
hrf,logreg,gaussian_corr,injected,0.9,,2,45,3,0.8956051382610724,0.890698402820598,0.8213136525390793,0.9251851851851852,-0.04518518518518522,"results/pivot/p2_predictions.csv (skan4 panel, reference-mask biomarkers); sigma = results/gateA_biomarker_scales_train.csv; quality proxy feat_contrast from results/pivot/bio_master.csv (source=gt); CV protocol identical to src/pivot/e1_dose_response.py (5-fold x 3 repeats, seeds 0..2)"
hrf,logreg,gaussian_corr,injected,0.9,,3,45,3,0.8965368683531838,0.8824237251705256,0.8213136525390783,0.8911111111111111,-0.07925925925925936,"results/pivot/p2_predictions.csv (skan4 panel, reference-mask biomarkers); sigma = results/gateA_biomarker_scales_train.csv; quality proxy feat_contrast from results/pivot/bio_master.csv (source=gt); CV protocol identical to src/pivot/e1_dose_response.py (5-fold x 3 repeats, seeds 0..2)"
hrf,logreg,gaussian_corr,injected,0.9,,4,45,3,0.8881903005965226,0.8853013881679531,0.8213136525390787,0.9325925925925925,-0.03777777777777791,"results/pivot/p2_predictions.csv (skan4 panel, reference-mask biomarkers); sigma = results/gateA_biomarker_scales_train.csv; quality proxy feat_contrast from results/pivot/bio_master.csv (source=gt); CV protocol identical to src/pivot/e1_dose_response.py (5-fold x 3 repeats, seeds 0..2)"
hrf,logreg,gaussian_corr,injected,0.9,,5,45,3,0.8890289599477934,0.8797968912553893,0.8213136525390792,0.9340740740740742,-0.03629629629629627,"results/pivot/p2_predictions.csv (skan4 panel, reference-mask biomarkers); sigma = results/gateA_biomarker_scales_train.csv; quality proxy feat_contrast from results/pivot/bio_master.csv (source=gt); CV protocol identical to src/pivot/e1_dose_response.py (5-fold x 3 repeats, seeds 0..2)"
hrf,logreg,gaussian_corr,injected,0.9,,6,45,3,0.903410425209247,0.8914512196967471,0.821313652539079,0.8874074074074073,-0.08296296296296313,"results/pivot/p2_predictions.csv (skan4 panel, reference-mask biomarkers); sigma = results/gateA_biomarker_scales_train.csv; quality proxy feat_contrast from results/pivot/bio_master.csv (source=gt); CV protocol identical to src/pivot/e1_dose_response.py (5-fold x 3 repeats, seeds 0..2)"
hrf,logreg,gaussian_corr,injected,0.9,,7,45,3,0.8935472814915406,0.8893624049417717,0.8213136525390788,0.9274074074074073,-0.04296296296296309,"results/pivot/p2_predictions.csv (skan4 panel, reference-mask biomarkers); sigma = results/gateA_biomarker_scales_train.csv; quality proxy feat_contrast from results/pivot/bio_master.csv (source=gt); CV protocol identical to src/pivot/e1_dose_response.py (5-fold x 3 repeats, seeds 0..2)"
hrf,logreg,gaussian_corr,injected,0.9,,8,45,3,0.8865602702365603,0.8842458514156489,0.8213136525390792,0.9274074074074073,-0.04296296296296309,"results/pivot/p2_predictions.csv (skan4 panel, reference-mask biomarkers); sigma = results/gateA_biomarker_scales_train.csv; quality proxy feat_contrast from results/pivot/bio_master.csv (source=gt); CV protocol identical to src/pivot/e1_dose_response.py (5-fold x 3 repeats, seeds 0..2)"
hrf,logreg,gaussian_corr,injected,0.9,,9,45,3,0.8980323551012167,0.8947380823777935,0.821313652539079,0.9214814814814815,-0.04888888888888898,"results/pivot/p2_predictions.csv (skan4 panel, reference-mask biomarkers); sigma = results/gateA_biomarker_scales_train.csv; quality proxy feat_contrast from results/pivot/bio_master.csv (source=gt); CV protocol identical to src/pivot/e1_dose_response.py (5-fold x 3 repeats, seeds 0..2)"
hrf,logreg,gaussian_corr,injected,0.8,,0,45,3,0.7726162442377114,0.7515312499779575,1.2718503517623594,0.8622222222222223,-0.1081481481481481,"results/pivot/p2_predictions.csv (skan4 panel, reference-mask biomarkers); sigma = results/gateA_biomarker_scales_train.csv; quality proxy feat_contrast from results/pivot/bio_master.csv (source=gt); CV protocol identical to src/pivot/e1_dose_response.py (5-fold x 3 repeats, seeds 0..2)"
hrf,logreg,gaussian_corr,injected,0.8,,1,45,3,0.8118782352323282,0.7926030707274011,1.2718503517623596,0.8955555555555555,-0.07481481481481489,"results/pivot/p2_predictions.csv (skan4 panel, reference-mask biomarkers); sigma = results/gateA_biomarker_scales_train.csv; quality proxy feat_contrast from results/pivot/bio_master.csv (source=gt); CV protocol identical to src/pivot/e1_dose_response.py (5-fold x 3 repeats, seeds 0..2)"
hrf,logreg,gaussian_corr,injected,0.8,,2,45,3,0.787577892519591,0.7740638263352952,1.2718503517623587,0.8718518518518518,-0.09851851851851867,"results/pivot/p2_predictions.csv (skan4 panel, reference-mask biomarkers); sigma = results/gateA_biomarker_scales_train.csv; quality proxy feat_contrast from results/pivot/bio_master.csv (source=gt); CV protocol identical to src/pivot/e1_dose_response.py (5-fold x 3 repeats, seeds 0..2)"
hrf,logreg,gaussian_corr,injected,0.8,,3,45,3,0.7884603867794865,0.7461785916088145,1.2718503517623596,0.8125925925925926,-0.1577777777777778,"results/pivot/p2_predictions.csv (skan4 panel, reference-mask biomarkers); sigma = results/gateA_biomarker_scales_train.csv; quality proxy feat_contrast from results/pivot/bio_master.csv (source=gt); CV protocol identical to src/pivot/e1_dose_response.py (5-fold x 3 repeats, seeds 0..2)"
hrf,logreg,gaussian_corr,injected,0.8,,4,45,3,0.7660071571465545,0.7567020929885986,1.2718503517623598,0.8792592592592593,-0.09111111111111114,"results/pivot/p2_predictions.csv (skan4 panel, reference-mask biomarkers); sigma = results/gateA_biomarker_scales_train.csv; quality proxy feat_contrast from results/pivot/bio_master.csv (source=gt); CV protocol identical to src/pivot/e1_dose_response.py (5-fold x 3 repeats, seeds 0..2)"
hrf,logreg,gaussian_corr,injected,0.8,,5,45,3,0.7643304096857615,0.7352060959991092,1.271850351762359,0.8896296296296297,-0.08074074074074078,"results/pivot/p2_predictions.csv (skan4 panel, reference-mask biomarkers); sigma = results/gateA_biomarker_scales_train.csv; quality proxy feat_contrast from results/pivot/bio_master.csv (source=gt); CV protocol identical to src/pivot/e1_dose_response.py (5-fold x 3 repeats, seeds 0..2)"
hrf,logreg,gaussian_corr,injected,0.8,,6,45,3,0.8077524499661803,0.7763160419239771,1.2718503517623583,0.8214814814814814,-0.14888888888888907,"results/pivot/p2_predictions.csv (skan4 panel, reference-mask biomarkers); sigma = results/gateA_biomarker_scales_train.csv; quality proxy feat_contrast from results/pivot/bio_master.csv (source=gt); CV protocol identical to src/pivot/e1_dose_response.py (5-fold x 3 repeats, seeds 0..2)"
hrf,logreg,gaussian_corr,injected,0.8,,7,45,3,0.7818705503697189,0.7699789580062086,1.2718503517623592,0.8718518518518518,-0.09851851851851867,"results/pivot/p2_predictions.csv (skan4 panel, reference-mask biomarkers); sigma = results/gateA_biomarker_scales_train.csv; quality proxy feat_contrast from results/pivot/bio_master.csv (source=gt); CV protocol identical to src/pivot/e1_dose_response.py (5-fold x 3 repeats, seeds 0..2)"
hrf,logreg,gaussian_corr,injected,0.8,,8,45,3,0.7607243258331001,0.7529771595718125,1.2718503517623596,0.8688888888888889,-0.1014814814814815,"results/pivot/p2_predictions.csv (skan4 panel, reference-mask biomarkers); sigma = results/gateA_biomarker_scales_train.csv; quality proxy feat_contrast from results/pivot/bio_master.csv (source=gt); CV protocol identical to src/pivot/e1_dose_response.py (5-fold x 3 repeats, seeds 0..2)"
hrf,logreg,gaussian_corr,injected,0.8,,9,45,3,0.7943284960518422,0.7857916385037869,1.2718503517623592,0.8762962962962962,-0.0940740740740742,"results/pivot/p2_predictions.csv (skan4 panel, reference-mask biomarkers); sigma = results/gateA_biomarker_scales_train.csv; quality proxy feat_contrast from results/pivot/bio_master.csv (source=gt); CV protocol identical to src/pivot/e1_dose_response.py (5-fold x 3 repeats, seeds 0..2)"
hrf,logreg,gaussian_corr,injected,0.7,,0,45,3,0.6519042886378996,0.6135419336817818,1.7300625255100832,0.7599999999999999,-0.21037037037037054,"results/pivot/p2_predictions.csv (skan4 panel, reference-mask biomarkers); sigma = results/gateA_biomarker_scales_train.csv; quality proxy feat_contrast from results/pivot/bio_master.csv (source=gt); CV protocol identical to src/pivot/e1_dose_response.py (5-fold x 3 repeats, seeds 0..2)"
hrf,logreg,gaussian_corr,injected,0.7,,1,45,3,0.7194892730625324,0.6874366724800465,1.7300625255100845,0.8444444444444444,-0.125925925925926,"results/pivot/p2_predictions.csv (skan4 panel, reference-mask biomarkers); sigma = results/gateA_biomarker_scales_train.csv; quality proxy feat_contrast from results/pivot/bio_master.csv (source=gt); CV protocol identical to src/pivot/e1_dose_response.py (5-fold x 3 repeats, seeds 0..2)"
hrf,logreg,gaussian_corr,injected,0.7,,2,45,3,0.6783672697267314,0.6550563313842678,1.7300625255100839,0.8155555555555556,-0.15481481481481485,"results/pivot/p2_predictions.csv (skan4 panel, reference-mask biomarkers); sigma = results/gateA_biomarker_scales_train.csv; quality proxy feat_contrast from results/pivot/bio_master.csv (source=gt); CV protocol identical to src/pivot/e1_dose_response.py (5-fold x 3 repeats, seeds 0..2)"
hrf,logreg,gaussian_corr,injected,0.7,,3,45,3,0.6786788060091815,0.6032384691419844,1.730062525510085,0.7466666666666667,-0.22370370370370374,"results/pivot/p2_predictions.csv (skan4 panel, reference-mask biomarkers); sigma = results/gateA_biomarker_scales_train.csv; quality proxy feat_contrast from results/pivot/bio_master.csv (source=gt); CV protocol identical to src/pivot/e1_dose_response.py (5-fold x 3 repeats, seeds 0..2)"
hrf,logreg,gaussian_corr,injected,0.7,,4,45,3,0.6403369416017914,0.6233186902590563,1.7300625255100848,0.8214814814814816,-0.14888888888888885,"results/pivot/p2_predictions.csv (skan4 panel, reference-mask biomarkers); sigma = results/gateA_biomarker_scales_train.csv; quality proxy feat_contrast from results/pivot/bio_master.csv (source=gt); CV protocol identical to src/pivot/e1_dose_response.py (5-fold x 3 repeats, seeds 0..2)"
hrf,logreg,gaussian_corr,injected,0.7,,5,45,3,0.6344889583646558,0.5814515503135613,1.7300625255100839,0.8407407407407407,-0.12962962962962976,"results/pivot/p2_predictions.csv (skan4 panel, reference-mask biomarkers); sigma = results/gateA_biomarker_scales_train.csv; quality proxy feat_contrast from results/pivot/bio_master.csv (source=gt); CV protocol identical to src/pivot/e1_dose_response.py (5-fold x 3 repeats, seeds 0..2)"
hrf,logreg,gaussian_corr,injected,0.7,,6,45,3,0.7122806812362847,0.6590654703786842,1.7300625255100843,0.7548148148148147,-0.21555555555555572,"results/pivot/p2_predictions.csv (skan4 panel, reference-mask biomarkers); sigma = results/gateA_biomarker_scales_train.csv; quality proxy feat_contrast from results/pivot/bio_master.csv (source=gt); CV protocol identical to src/pivot/e1_dose_response.py (5-fold x 3 repeats, seeds 0..2)"
hrf,logreg,gaussian_corr,injected,0.7,,7,45,3,0.6684895943421885,0.6477258388371105,1.7300625255100832,0.8125925925925926,-0.1577777777777778,"results/pivot/p2_predictions.csv (skan4 panel, reference-mask biomarkers); sigma = results/gateA_biomarker_scales_train.csv; quality proxy feat_contrast from results/pivot/bio_master.csv (source=gt); CV protocol identical to src/pivot/e1_dose_response.py (5-fold x 3 repeats, seeds 0..2)"
hrf,logreg,gaussian_corr,injected,0.7,,8,45,3,0.6306516420271591,0.61629257747091,1.730062525510083,0.8051851851851852,-0.1651851851851852,"results/pivot/p2_predictions.csv (skan4 panel, reference-mask biomarkers); sigma = results/gateA_biomarker_scales_train.csv; quality proxy feat_contrast from results/pivot/bio_master.csv (source=gt); CV protocol identical to src/pivot/e1_dose_response.py (5-fold x 3 repeats, seeds 0..2)"
hrf,logreg,gaussian_corr,injected,0.7,,9,45,3,0.6900578388890597,0.6756973556126838,1.7300625255100834,0.8022222222222223,-0.16814814814814816,"results/pivot/p2_predictions.csv (skan4 panel, reference-mask biomarkers); sigma = results/gateA_biomarker_scales_train.csv; quality proxy feat_contrast from results/pivot/bio_master.csv (source=gt); CV protocol identical to src/pivot/e1_dose_response.py (5-fold x 3 repeats, seeds 0..2)"
hrf,logreg,gaussian_corr,injected,0.6,,0,45,3,0.5312750331772516,0.47572021598775166,2.261067292021973,0.6777777777777777,-0.29259259259259274,"results/pivot/p2_predictions.csv (skan4 panel, reference-mask biomarkers); sigma = results/gateA_biomarker_scales_train.csv; quality proxy feat_contrast from results/pivot/bio_master.csv (source=gt); CV protocol identical to src/pivot/e1_dose_response.py (5-fold x 3 repeats, seeds 0..2)"
hrf,logreg,gaussian_corr,injected,0.6,,1,45,3,0.6270839462994765,0.5822861117682891,2.2610672920219725,0.7740740740740741,-0.1962962962962963,"results/pivot/p2_predictions.csv (skan4 panel, reference-mask biomarkers); sigma = results/gateA_biomarker_scales_train.csv; quality proxy feat_contrast from results/pivot/bio_master.csv (source=gt); CV protocol identical to src/pivot/e1_dose_response.py (5-fold x 3 repeats, seeds 0..2)"
hrf,logreg,gaussian_corr,injected,0.6,,2,45,3,0.5691908849524651,0.5361174120836466,2.2610672920219725,0.7562962962962962,-0.2140740740740742,"results/pivot/p2_predictions.csv (skan4 panel, reference-mask biomarkers); sigma = results/gateA_biomarker_scales_train.csv; quality proxy feat_contrast from results/pivot/bio_master.csv (source=gt); CV protocol identical to src/pivot/e1_dose_response.py (5-fold x 3 repeats, seeds 0..2)"
hrf,logreg,gaussian_corr,injected,0.6,,3,45,3,0.5689481850532517,0.4604972975195193,2.2610672920219725,0.6829629629629629,-0.28740740740740756,"results/pivot/p2_predictions.csv (skan4 panel, reference-mask biomarkers); sigma = results/gateA_biomarker_scales_train.csv; quality proxy feat_contrast from results/pivot/bio_master.csv (source=gt); CV protocol identical to src/pivot/e1_dose_response.py (5-fold x 3 repeats, seeds 0..2)"
hrf,logreg,gaussian_corr,injected,0.6,,4,45,3,0.514768539341564,0.4900758354619114,2.2610672920219725,0.7696296296296296,-0.2007407407407409,"results/pivot/p2_predictions.csv (skan4 panel, reference-mask biomarkers); sigma = results/gateA_biomarker_scales_train.csv; quality proxy feat_contrast from results/pivot/bio_master.csv (source=gt); CV protocol identical to src/pivot/e1_dose_response.py (5-fold x 3 repeats, seeds 0..2)"
hrf,logreg,gaussian_corr,injected,0.6,,5,45,3,0.5048021483281581,0.4279730076519659,2.261067292021972,0.7881481481481482,-0.18222222222222229,"results/pivot/p2_predictions.csv (skan4 panel, reference-mask biomarkers); sigma = results/gateA_biomarker_scales_train.csv; quality proxy feat_contrast from results/pivot/bio_master.csv (source=gt); CV protocol identical to src/pivot/e1_dose_response.py (5-fold x 3 repeats, seeds 0..2)"
hrf,logreg,gaussian_corr,injected,0.6,,6,45,3,0.6168042602355619,0.5418759135505459,2.261067292021972,0.6644444444444444,-0.30592592592592605,"results/pivot/p2_predictions.csv (skan4 panel, reference-mask biomarkers); sigma = results/gateA_biomarker_scales_train.csv; quality proxy feat_contrast from results/pivot/bio_master.csv (source=gt); CV protocol identical to src/pivot/e1_dose_response.py (5-fold x 3 repeats, seeds 0..2)"
hrf,logreg,gaussian_corr,injected,0.6,,7,45,3,0.555157991440036,0.525555952445411,2.2610672920219725,0.7348148148148148,-0.23555555555555563,"results/pivot/p2_predictions.csv (skan4 panel, reference-mask biomarkers); sigma = results/gateA_biomarker_scales_train.csv; quality proxy feat_contrast from results/pivot/bio_master.csv (source=gt); CV protocol identical to src/pivot/e1_dose_response.py (5-fold x 3 repeats, seeds 0..2)"
hrf,logreg,gaussian_corr,injected,0.6,,8,45,3,0.5007032142166682,0.4797677268323997,2.261067292021973,0.7488888888888888,-0.2214814814814816,"results/pivot/p2_predictions.csv (skan4 panel, reference-mask biomarkers); sigma = results/gateA_biomarker_scales_train.csv; quality proxy feat_contrast from results/pivot/bio_master.csv (source=gt); CV protocol identical to src/pivot/e1_dose_response.py (5-fold x 3 repeats, seeds 0..2)"
hrf,logreg,gaussian_corr,injected,0.6,,9,45,3,0.5858035712522724,0.5656359239612482,2.2610672920219725,0.7311111111111112,-0.23925925925925928,"results/pivot/p2_predictions.csv (skan4 panel, reference-mask biomarkers); sigma = results/gateA_biomarker_scales_train.csv; quality proxy feat_contrast from results/pivot/bio_master.csv (source=gt); CV protocol identical to src/pivot/e1_dose_response.py (5-fold x 3 repeats, seeds 0..2)"
hrf,logreg,gaussian_corr,injected,0.5,,0,45,3,0.41259868622531953,0.3418289484860569,2.937212571835674,0.5844444444444444,-0.385925925925926,"results/pivot/p2_predictions.csv (skan4 panel, reference-mask biomarkers); sigma = results/gateA_biomarker_scales_train.csv; quality proxy feat_contrast from results/pivot/bio_master.csv (source=gt); CV protocol identical to src/pivot/e1_dose_response.py (5-fold x 3 repeats, seeds 0..2)"
hrf,logreg,gaussian_corr,injected,0.5,,1,45,3,0.5342783192544958,0.47751621432926783,2.9372125718356745,0.7000000000000001,-0.27037037037037037,"results/pivot/p2_predictions.csv (skan4 panel, reference-mask biomarkers); sigma = results/gateA_biomarker_scales_train.csv; quality proxy feat_contrast from results/pivot/bio_master.csv (source=gt); CV protocol identical to src/pivot/e1_dose_response.py (5-fold x 3 repeats, seeds 0..2)"
hrf,logreg,gaussian_corr,injected,0.5,,2,45,3,0.46082871818824944,0.41881048778042,2.9372125718356736,0.6992592592592594,-0.2711111111111111,"results/pivot/p2_predictions.csv (skan4 panel, reference-mask biomarkers); sigma = results/gateA_biomarker_scales_train.csv; quality proxy feat_contrast from results/pivot/bio_master.csv (source=gt); CV protocol identical to src/pivot/e1_dose_response.py (5-fold x 3 repeats, seeds 0..2)"
hrf,logreg,gaussian_corr,injected,0.5,,3,45,3,0.46040342892963965,0.3224030243790859,2.9372125718356727,0.5918518518518519,-0.3785185185185186,"results/pivot/p2_predictions.csv (skan4 panel, reference-mask biomarkers); sigma = results/gateA_biomarker_scales_train.csv; quality proxy feat_contrast from results/pivot/bio_master.csv (source=gt); CV protocol identical to src/pivot/e1_dose_response.py (5-fold x 3 repeats, seeds 0..2)"
hrf,logreg,gaussian_corr,injected,0.5,,4,45,3,0.39160653532229484,0.36014120230386215,2.9372125718356745,0.7133333333333334,-0.25703703703703706,"results/pivot/p2_predictions.csv (skan4 panel, reference-mask biomarkers); sigma = results/gateA_biomarker_scales_train.csv; quality proxy feat_contrast from results/pivot/bio_master.csv (source=gt); CV protocol identical to src/pivot/e1_dose_response.py (5-fold x 3 repeats, seeds 0..2)"
hrf,logreg,gaussian_corr,injected,0.5,,5,45,3,0.3786986721597234,0.28088248460507687,2.9372125718356745,0.7296296296296297,-0.2407407407407407,"results/pivot/p2_predictions.csv (skan4 panel, reference-mask biomarkers); sigma = results/gateA_biomarker_scales_train.csv; quality proxy feat_contrast from results/pivot/bio_master.csv (source=gt); CV protocol identical to src/pivot/e1_dose_response.py (5-fold x 3 repeats, seeds 0..2)"
hrf,logreg,gaussian_corr,injected,0.5,,6,45,3,0.5212057426989833,0.4261402947447012,2.9372125718356745,0.5814814814814815,-0.38888888888888895,"results/pivot/p2_predictions.csv (skan4 panel, reference-mask biomarkers); sigma = results/gateA_biomarker_scales_train.csv; quality proxy feat_contrast from results/pivot/bio_master.csv (source=gt); CV protocol identical to src/pivot/e1_dose_response.py (5-fold x 3 repeats, seeds 0..2)"
hrf,logreg,gaussian_corr,injected,0.5,,7,45,3,0.44299929538726823,0.4053620890389328,2.9372125718356736,0.662962962962963,-0.30740740740740746,"results/pivot/p2_predictions.csv (skan4 panel, reference-mask biomarkers); sigma = results/gateA_biomarker_scales_train.csv; quality proxy feat_contrast from results/pivot/bio_master.csv (source=gt); CV protocol identical to src/pivot/e1_dose_response.py (5-fold x 3 repeats, seeds 0..2)"
hrf,logreg,gaussian_corr,injected,0.5,,8,45,3,0.3736828286770829,0.3469927654002417,2.937212571835674,0.6925925925925925,-0.2777777777777779,"results/pivot/p2_predictions.csv (skan4 panel, reference-mask biomarkers); sigma = results/gateA_biomarker_scales_train.csv; quality proxy feat_contrast from results/pivot/bio_master.csv (source=gt); CV protocol identical to src/pivot/e1_dose_response.py (5-fold x 3 repeats, seeds 0..2)"
hrf,logreg,gaussian_corr,injected,0.5,,9,45,3,0.48193923715473164,0.4563613670776582,2.9372125718356745,0.6755555555555555,-0.294814814814815,"results/pivot/p2_predictions.csv (skan4 panel, reference-mask biomarkers); sigma = results/gateA_biomarker_scales_train.csv; quality proxy feat_contrast from results/pivot/bio_master.csv (source=gt); CV protocol identical to src/pivot/e1_dose_response.py (5-fold x 3 repeats, seeds 0..2)"
hrf,logreg,gaussian_corr,injected,0.4,,0,45,3,0.2970371001431187,0.21411052245371912,3.8855670064048162,0.4644444444444445,-0.5059259259259259,"results/pivot/p2_predictions.csv (skan4 panel, reference-mask biomarkers); sigma = results/gateA_biomarker_scales_train.csv; quality proxy feat_contrast from results/pivot/bio_master.csv (source=gt); CV protocol identical to src/pivot/e1_dose_response.py (5-fold x 3 repeats, seeds 0..2)"
hrf,logreg,gaussian_corr,injected,0.4,,1,45,3,0.44078196764085253,0.3733776400393848,3.8855670064048162,0.614074074074074,-0.35629629629629644,"results/pivot/p2_predictions.csv (skan4 panel, reference-mask biomarkers); sigma = results/gateA_biomarker_scales_train.csv; quality proxy feat_contrast from results/pivot/bio_master.csv (source=gt); CV protocol identical to src/pivot/e1_dose_response.py (5-fold x 3 repeats, seeds 0..2)"
hrf,logreg,gaussian_corr,injected,0.4,,2,45,3,0.35378483066049554,0.3041509152763096,3.8855670064048167,0.6570370370370371,-0.31333333333333335,"results/pivot/p2_predictions.csv (skan4 panel, reference-mask biomarkers); sigma = results/gateA_biomarker_scales_train.csv; quality proxy feat_contrast from results/pivot/bio_master.csv (source=gt); CV protocol identical to src/pivot/e1_dose_response.py (5-fold x 3 repeats, seeds 0..2)"
hrf,logreg,gaussian_corr,injected,0.4,,3,45,3,0.3536876084350773,0.19154278513073164,3.885567006404817,0.5148148148148147,-0.4555555555555557,"results/pivot/p2_predictions.csv (skan4 panel, reference-mask biomarkers); sigma = results/gateA_biomarker_scales_train.csv; quality proxy feat_contrast from results/pivot/bio_master.csv (source=gt); CV protocol identical to src/pivot/e1_dose_response.py (5-fold x 3 repeats, seeds 0..2)"
hrf,logreg,gaussian_corr,injected,0.4,,4,45,3,0.2722895778971765,0.2354442257413927,3.8855670064048162,0.6525925925925926,-0.3177777777777778,"results/pivot/p2_predictions.csv (skan4 panel, reference-mask biomarkers); sigma = results/gateA_biomarker_scales_train.csv; quality proxy feat_contrast from results/pivot/bio_master.csv (source=gt); CV protocol identical to src/pivot/e1_dose_response.py (5-fold x 3 repeats, seeds 0..2)"
hrf,logreg,gaussian_corr,injected,0.4,,5,45,3,0.2580764626700346,0.14354185864219127,3.885567006404817,0.6725925925925926,-0.2977777777777778,"results/pivot/p2_predictions.csv (skan4 panel, reference-mask biomarkers); sigma = results/gateA_biomarker_scales_train.csv; quality proxy feat_contrast from results/pivot/bio_master.csv (source=gt); CV protocol identical to src/pivot/e1_dose_response.py (5-fold x 3 repeats, seeds 0..2)"
hrf,logreg,gaussian_corr,injected,0.4,,6,45,3,0.42536574251908976,0.3127699915300869,3.885567006404816,0.4977777777777777,-0.47259259259259273,"results/pivot/p2_predictions.csv (skan4 panel, reference-mask biomarkers); sigma = results/gateA_biomarker_scales_train.csv; quality proxy feat_contrast from results/pivot/bio_master.csv (source=gt); CV protocol identical to src/pivot/e1_dose_response.py (5-fold x 3 repeats, seeds 0..2)"
hrf,logreg,gaussian_corr,injected,0.4,,7,45,3,0.33273738047304774,0.2883564768055281,3.8855670064048162,0.5970370370370371,-0.3733333333333333,"results/pivot/p2_predictions.csv (skan4 panel, reference-mask biomarkers); sigma = results/gateA_biomarker_scales_train.csv; quality proxy feat_contrast from results/pivot/bio_master.csv (source=gt); CV protocol identical to src/pivot/e1_dose_response.py (5-fold x 3 repeats, seeds 0..2)"
hrf,logreg,gaussian_corr,injected,0.4,,8,45,3,0.2513101897040608,0.22012060896337493,3.8855670064048162,0.6259259259259259,-0.34444444444444455,"results/pivot/p2_predictions.csv (skan4 panel, reference-mask biomarkers); sigma = results/gateA_biomarker_scales_train.csv; quality proxy feat_contrast from results/pivot/bio_master.csv (source=gt); CV protocol identical to src/pivot/e1_dose_response.py (5-fold x 3 repeats, seeds 0..2)"
hrf,logreg,gaussian_corr,injected,0.4,,9,45,3,0.37870654565117934,0.34838176093436335,3.8855670064048162,0.6222222222222222,-0.3481481481481482,"results/pivot/p2_predictions.csv (skan4 panel, reference-mask biomarkers); sigma = results/gateA_biomarker_scales_train.csv; quality proxy feat_contrast from results/pivot/bio_master.csv (source=gt); CV protocol identical to src/pivot/e1_dose_response.py (5-fold x 3 repeats, seeds 0..2)"
hrf,logreg,resid_bootstrap,injected,0.99,,0,45,3,0.9911727681710127,0.990432153652823,0.2416384797031209,0.9644444444444445,-0.00592592592592589,"results/pivot/p2_predictions.csv (skan4 panel, reference-mask biomarkers); sigma = results/gateA_biomarker_scales_train.csv; quality proxy feat_contrast from results/pivot/bio_master.csv (source=gt); CV protocol identical to src/pivot/e1_dose_response.py (5-fold x 3 repeats, seeds 0..2)"
hrf,logreg,resid_bootstrap,injected,0.99,,1,45,3,0.9901507538458781,0.989797424766273,0.2416384797031216,0.9822222222222222,0.01185185185185178,"results/pivot/p2_predictions.csv (skan4 panel, reference-mask biomarkers); sigma = results/gateA_biomarker_scales_train.csv; quality proxy feat_contrast from results/pivot/bio_master.csv (source=gt); CV protocol identical to src/pivot/e1_dose_response.py (5-fold x 3 repeats, seeds 0..2)"
hrf,logreg,resid_bootstrap,injected,0.99,,2,45,3,0.989922091340742,0.9898125094700159,0.24163847970312125,0.9748148148148149,0.004444444444444473,"results/pivot/p2_predictions.csv (skan4 panel, reference-mask biomarkers); sigma = results/gateA_biomarker_scales_train.csv; quality proxy feat_contrast from results/pivot/bio_master.csv (source=gt); CV protocol identical to src/pivot/e1_dose_response.py (5-fold x 3 repeats, seeds 0..2)"
hrf,logreg,resid_bootstrap,injected,0.99,,3,45,3,0.99012617602849,0.9897966173915128,0.2416384797031227,0.9607407407407408,-0.009629629629629655,"results/pivot/p2_predictions.csv (skan4 panel, reference-mask biomarkers); sigma = results/gateA_biomarker_scales_train.csv; quality proxy feat_contrast from results/pivot/bio_master.csv (source=gt); CV protocol identical to src/pivot/e1_dose_response.py (5-fold x 3 repeats, seeds 0..2)"
hrf,logreg,resid_bootstrap,injected,0.99,,4,45,3,0.9914303866867318,0.9901632992177126,0.24163847970312202,0.9562962962962963,-0.014074074074074128,"results/pivot/p2_predictions.csv (skan4 panel, reference-mask biomarkers); sigma = results/gateA_biomarker_scales_train.csv; quality proxy feat_contrast from results/pivot/bio_master.csv (source=gt); CV protocol identical to src/pivot/e1_dose_response.py (5-fold x 3 repeats, seeds 0..2)"
hrf,logreg,resid_bootstrap,injected,0.99,,5,45,3,0.9906759262255193,0.9900192139939508,0.24163847970312222,0.9725925925925926,0.0022222222222221255,"results/pivot/p2_predictions.csv (skan4 panel, reference-mask biomarkers); sigma = results/gateA_biomarker_scales_train.csv; quality proxy feat_contrast from results/pivot/bio_master.csv (source=gt); CV protocol identical to src/pivot/e1_dose_response.py (5-fold x 3 repeats, seeds 0..2)"
hrf,logreg,resid_bootstrap,injected,0.99,,6,45,3,0.990245518309302,0.9899461447399484,0.2416384797031217,0.9711111111111111,0.0007407407407407085,"results/pivot/p2_predictions.csv (skan4 panel, reference-mask biomarkers); sigma = results/gateA_biomarker_scales_train.csv; quality proxy feat_contrast from results/pivot/bio_master.csv (source=gt); CV protocol identical to src/pivot/e1_dose_response.py (5-fold x 3 repeats, seeds 0..2)"
hrf,logreg,resid_bootstrap,injected,0.99,,7,45,3,0.9900376410514777,0.9898367168879559,0.24163847970312197,0.977037037037037,0.006666666666666599,"results/pivot/p2_predictions.csv (skan4 panel, reference-mask biomarkers); sigma = results/gateA_biomarker_scales_train.csv; quality proxy feat_contrast from results/pivot/bio_master.csv (source=gt); CV protocol identical to src/pivot/e1_dose_response.py (5-fold x 3 repeats, seeds 0..2)"
hrf,logreg,resid_bootstrap,injected,0.99,,8,45,3,0.990479865735117,0.9897996491457766,0.2416384797031207,0.9644444444444445,-0.00592592592592589,"results/pivot/p2_predictions.csv (skan4 panel, reference-mask biomarkers); sigma = results/gateA_biomarker_scales_train.csv; quality proxy feat_contrast from results/pivot/bio_master.csv (source=gt); CV protocol identical to src/pivot/e1_dose_response.py (5-fold x 3 repeats, seeds 0..2)"
hrf,logreg,resid_bootstrap,injected,0.99,,9,45,3,0.9900625827957732,0.9899953719085759,0.24163847970312158,0.9629629629629631,-0.007407407407407307,"results/pivot/p2_predictions.csv (skan4 panel, reference-mask biomarkers); sigma = results/gateA_biomarker_scales_train.csv; quality proxy feat_contrast from results/pivot/bio_master.csv (source=gt); CV protocol identical to src/pivot/e1_dose_response.py (5-fold x 3 repeats, seeds 0..2)"
hrf,logreg,resid_bootstrap,injected,0.95,,0,45,3,0.9587804220852724,0.9538329601354585,0.5573826597205789,0.9503703703703704,-0.020000000000000018,"results/pivot/p2_predictions.csv (skan4 panel, reference-mask biomarkers); sigma = results/gateA_biomarker_scales_train.csv; quality proxy feat_contrast from results/pivot/bio_master.csv (source=gt); CV protocol identical to src/pivot/e1_dose_response.py (5-fold x 3 repeats, seeds 0..2)"
hrf,logreg,resid_bootstrap,injected,0.95,,1,45,3,0.9494855632162666,0.9445095249937688,0.5573826597205775,0.9837037037037039,0.01333333333333342,"results/pivot/p2_predictions.csv (skan4 panel, reference-mask biomarkers); sigma = results/gateA_biomarker_scales_train.csv; quality proxy feat_contrast from results/pivot/bio_master.csv (source=gt); CV protocol identical to src/pivot/e1_dose_response.py (5-fold x 3 repeats, seeds 0..2)"
hrf,logreg,resid_bootstrap,injected,0.95,,2,45,3,0.9489535203819737,0.9472487129513579,0.5573826597205769,0.9614814814814815,-0.008888888888888946,"results/pivot/p2_predictions.csv (skan4 panel, reference-mask biomarkers); sigma = results/gateA_biomarker_scales_train.csv; quality proxy feat_contrast from results/pivot/bio_master.csv (source=gt); CV protocol identical to src/pivot/e1_dose_response.py (5-fold x 3 repeats, seeds 0..2)"
hrf,logreg,resid_bootstrap,injected,0.95,,3,45,3,0.9507395801253503,0.9462342159810213,0.5573826597205787,0.9296296296296296,-0.040740740740740855,"results/pivot/p2_predictions.csv (skan4 panel, reference-mask biomarkers); sigma = results/gateA_biomarker_scales_train.csv; quality proxy feat_contrast from results/pivot/bio_master.csv (source=gt); CV protocol identical to src/pivot/e1_dose_response.py (5-fold x 3 repeats, seeds 0..2)"
hrf,logreg,resid_bootstrap,injected,0.95,,4,45,3,0.959749919050884,0.9516025452265348,0.5573826597205783,0.9385185185185185,-0.03185185185185191,"results/pivot/p2_predictions.csv (skan4 panel, reference-mask biomarkers); sigma = results/gateA_biomarker_scales_train.csv; quality proxy feat_contrast from results/pivot/bio_master.csv (source=gt); CV protocol identical to src/pivot/e1_dose_response.py (5-fold x 3 repeats, seeds 0..2)"
hrf,logreg,resid_bootstrap,injected,0.95,,5,45,3,0.9550726634425235,0.9502053415636343,0.5573826597205784,0.96,-0.010370370370370474,"results/pivot/p2_predictions.csv (skan4 panel, reference-mask biomarkers); sigma = results/gateA_biomarker_scales_train.csv; quality proxy feat_contrast from results/pivot/bio_master.csv (source=gt); CV protocol identical to src/pivot/e1_dose_response.py (5-fold x 3 repeats, seeds 0..2)"
hrf,logreg,resid_bootstrap,injected,0.95,,6,45,3,0.9519734312568142,0.9493871782169486,0.5573826597205783,0.954074074074074,-0.016296296296296475,"results/pivot/p2_predictions.csv (skan4 panel, reference-mask biomarkers); sigma = results/gateA_biomarker_scales_train.csv; quality proxy feat_contrast from results/pivot/bio_master.csv (source=gt); CV protocol identical to src/pivot/e1_dose_response.py (5-fold x 3 repeats, seeds 0..2)"
hrf,logreg,resid_bootstrap,injected,0.95,,7,45,3,0.9495629348417604,0.9453474096820361,0.5573826597205779,0.9637037037037036,-0.006666666666666821,"results/pivot/p2_predictions.csv (skan4 panel, reference-mask biomarkers); sigma = results/gateA_biomarker_scales_train.csv; quality proxy feat_contrast from results/pivot/bio_master.csv (source=gt); CV protocol identical to src/pivot/e1_dose_response.py (5-fold x 3 repeats, seeds 0..2)"
hrf,logreg,resid_bootstrap,injected,0.95,,8,45,3,0.9498800933145858,0.9457579217163908,0.5573826597205792,0.9570370370370371,-0.013333333333333308,"results/pivot/p2_predictions.csv (skan4 panel, reference-mask biomarkers); sigma = results/gateA_biomarker_scales_train.csv; quality proxy feat_contrast from results/pivot/bio_master.csv (source=gt); CV protocol identical to src/pivot/e1_dose_response.py (5-fold x 3 repeats, seeds 0..2)"
hrf,logreg,resid_bootstrap,injected,0.95,,9,45,3,0.9506373035301303,0.9499496225796625,0.5573826597205773,0.9348148148148149,-0.03555555555555556,"results/pivot/p2_predictions.csv (skan4 panel, reference-mask biomarkers); sigma = results/gateA_biomarker_scales_train.csv; quality proxy feat_contrast from results/pivot/bio_master.csv (source=gt); CV protocol identical to src/pivot/e1_dose_response.py (5-fold x 3 repeats, seeds 0..2)"
hrf,logreg,resid_bootstrap,injected,0.9,,0,45,3,0.9210579466439952,0.9097874423856913,0.8213136525390793,0.9318518518518518,-0.03851851851851862,"results/pivot/p2_predictions.csv (skan4 panel, reference-mask biomarkers); sigma = results/gateA_biomarker_scales_train.csv; quality proxy feat_contrast from results/pivot/bio_master.csv (source=gt); CV protocol identical to src/pivot/e1_dose_response.py (5-fold x 3 repeats, seeds 0..2)"
hrf,logreg,resid_bootstrap,injected,0.9,,1,45,3,0.8968216600450714,0.8799233120880998,0.8213136525390792,0.9748148148148149,0.004444444444444473,"results/pivot/p2_predictions.csv (skan4 panel, reference-mask biomarkers); sigma = results/gateA_biomarker_scales_train.csv; quality proxy feat_contrast from results/pivot/bio_master.csv (source=gt); CV protocol identical to src/pivot/e1_dose_response.py (5-fold x 3 repeats, seeds 0..2)"
hrf,logreg,resid_bootstrap,injected,0.9,,2,45,3,0.896992734396284,0.8919425485106551,0.8213136525390786,0.9355555555555556,-0.034814814814814854,"results/pivot/p2_predictions.csv (skan4 panel, reference-mask biomarkers); sigma = results/gateA_biomarker_scales_train.csv; quality proxy feat_contrast from results/pivot/bio_master.csv (source=gt); CV protocol identical to src/pivot/e1_dose_response.py (5-fold x 3 repeats, seeds 0..2)"
hrf,logreg,resid_bootstrap,injected,0.9,,3,45,3,0.9015148071543269,0.8884916602074606,0.8213136525390782,0.8992592592592592,-0.07111111111111124,"results/pivot/p2_predictions.csv (skan4 panel, reference-mask biomarkers); sigma = results/gateA_biomarker_scales_train.csv; quality proxy feat_contrast from results/pivot/bio_master.csv (source=gt); CV protocol identical to src/pivot/e1_dose_response.py (5-fold x 3 repeats, seeds 0..2)"
hrf,logreg,resid_bootstrap,injected,0.9,,4,45,3,0.9225185827447862,0.9042310375056165,0.8213136525390798,0.9155555555555557,-0.05481481481481476,"results/pivot/p2_predictions.csv (skan4 panel, reference-mask biomarkers); sigma = results/gateA_biomarker_scales_train.csv; quality proxy feat_contrast from results/pivot/bio_master.csv (source=gt); CV protocol identical to src/pivot/e1_dose_response.py (5-fold x 3 repeats, seeds 0..2)"
hrf,logreg,resid_bootstrap,injected,0.9,,5,45,3,0.9121943330757841,0.900556257023488,0.8213136525390782,0.9488888888888889,-0.021481481481481546,"results/pivot/p2_predictions.csv (skan4 panel, reference-mask biomarkers); sigma = results/gateA_biomarker_scales_train.csv; quality proxy feat_contrast from results/pivot/bio_master.csv (source=gt); CV protocol identical to src/pivot/e1_dose_response.py (5-fold x 3 repeats, seeds 0..2)"
hrf,logreg,resid_bootstrap,injected,0.9,,6,45,3,0.9048633483736268,0.8983105227857933,0.8213136525390792,0.9370370370370371,-0.033333333333333326,"results/pivot/p2_predictions.csv (skan4 panel, reference-mask biomarkers); sigma = results/gateA_biomarker_scales_train.csv; quality proxy feat_contrast from results/pivot/bio_master.csv (source=gt); CV protocol identical to src/pivot/e1_dose_response.py (5-fold x 3 repeats, seeds 0..2)"
hrf,logreg,resid_bootstrap,injected,0.9,,7,45,3,0.898121930838869,0.8849677939337888,0.8213136525390785,0.9466666666666668,-0.02370370370370367,"results/pivot/p2_predictions.csv (skan4 panel, reference-mask biomarkers); sigma = results/gateA_biomarker_scales_train.csv; quality proxy feat_contrast from results/pivot/bio_master.csv (source=gt); CV protocol identical to src/pivot/e1_dose_response.py (5-fold x 3 repeats, seeds 0..2)"
hrf,logreg,resid_bootstrap,injected,0.9,,8,45,3,0.8951321164479562,0.8749554013751204,0.8213136525390796,0.9325925925925928,-0.03777777777777769,"results/pivot/p2_predictions.csv (skan4 panel, reference-mask biomarkers); sigma = results/gateA_biomarker_scales_train.csv; quality proxy feat_contrast from results/pivot/bio_master.csv (source=gt); CV protocol identical to src/pivot/e1_dose_response.py (5-fold x 3 repeats, seeds 0..2)"
hrf,logreg,resid_bootstrap,injected,0.9,,9,45,3,0.9017019392999787,0.8998628121889319,0.8213136525390774,0.8911111111111111,-0.07925925925925936,"results/pivot/p2_predictions.csv (skan4 panel, reference-mask biomarkers); sigma = results/gateA_biomarker_scales_train.csv; quality proxy feat_contrast from results/pivot/bio_master.csv (source=gt); CV protocol identical to src/pivot/e1_dose_response.py (5-fold x 3 repeats, seeds 0..2)"
hrf,logreg,resid_bootstrap,injected,0.8,,0,45,3,0.849532660745645,0.82425835259859,1.2718503517623585,0.8814814814814816,-0.0888888888888888,"results/pivot/p2_predictions.csv (skan4 panel, reference-mask biomarkers); sigma = results/gateA_biomarker_scales_train.csv; quality proxy feat_contrast from results/pivot/bio_master.csv (source=gt); CV protocol identical to src/pivot/e1_dose_response.py (5-fold x 3 repeats, seeds 0..2)"
hrf,logreg,resid_bootstrap,injected,0.8,,1,45,3,0.7877263767024769,0.7357775867436308,1.2718503517623594,0.9466666666666667,-0.023703703703703782,"results/pivot/p2_predictions.csv (skan4 panel, reference-mask biomarkers); sigma = results/gateA_biomarker_scales_train.csv; quality proxy feat_contrast from results/pivot/bio_master.csv (source=gt); CV protocol identical to src/pivot/e1_dose_response.py (5-fold x 3 repeats, seeds 0..2)"
hrf,logreg,resid_bootstrap,injected,0.8,,2,45,3,0.7918167759528376,0.7777681733396432,1.2718503517623594,0.8755555555555556,-0.0948148148148148,"results/pivot/p2_predictions.csv (skan4 panel, reference-mask biomarkers); sigma = results/gateA_biomarker_scales_train.csv; quality proxy feat_contrast from results/pivot/bio_master.csv (source=gt); CV protocol identical to src/pivot/e1_dose_response.py (5-fold x 3 repeats, seeds 0..2)"
hrf,logreg,resid_bootstrap,injected,0.8,,3,45,3,0.8029033645661042,0.7672499470713768,1.2718503517623585,0.8548148148148148,-0.11555555555555563,"results/pivot/p2_predictions.csv (skan4 panel, reference-mask biomarkers); sigma = results/gateA_biomarker_scales_train.csv; quality proxy feat_contrast from results/pivot/bio_master.csv (source=gt); CV protocol identical to src/pivot/e1_dose_response.py (5-fold x 3 repeats, seeds 0..2)"
hrf,logreg,resid_bootstrap,injected,0.8,,4,45,3,0.8513149129523827,0.8107755858783207,1.2718503517623594,0.8666666666666667,-0.10370370370370374,"results/pivot/p2_predictions.csv (skan4 panel, reference-mask biomarkers); sigma = results/gateA_biomarker_scales_train.csv; quality proxy feat_contrast from results/pivot/bio_master.csv (source=gt); CV protocol identical to src/pivot/e1_dose_response.py (5-fold x 3 repeats, seeds 0..2)"
hrf,logreg,resid_bootstrap,injected,0.8,,5,45,3,0.8287707739801184,0.8014459774952049,1.2718503517623594,0.9214814814814815,-0.04888888888888898,"results/pivot/p2_predictions.csv (skan4 panel, reference-mask biomarkers); sigma = results/gateA_biomarker_scales_train.csv; quality proxy feat_contrast from results/pivot/bio_master.csv (source=gt); CV protocol identical to src/pivot/e1_dose_response.py (5-fold x 3 repeats, seeds 0..2)"
hrf,logreg,resid_bootstrap,injected,0.8,,6,45,3,0.8117034515256932,0.7955474508178293,1.2718503517623596,0.8881481481481481,-0.08222222222222231,"results/pivot/p2_predictions.csv (skan4 panel, reference-mask biomarkers); sigma = results/gateA_biomarker_scales_train.csv; quality proxy feat_contrast from results/pivot/bio_master.csv (source=gt); CV protocol identical to src/pivot/e1_dose_response.py (5-fold x 3 repeats, seeds 0..2)"
hrf,logreg,resid_bootstrap,injected,0.8,,7,45,3,0.7935957300176749,0.7555395871525794,1.2718503517623594,0.905925925925926,-0.06444444444444442,"results/pivot/p2_predictions.csv (skan4 panel, reference-mask biomarkers); sigma = results/gateA_biomarker_scales_train.csv; quality proxy feat_contrast from results/pivot/bio_master.csv (source=gt); CV protocol identical to src/pivot/e1_dose_response.py (5-fold x 3 repeats, seeds 0..2)"
hrf,logreg,resid_bootstrap,injected,0.8,,8,45,3,0.7763958525370045,0.7002833519454353,1.2718503517623596,0.8792592592592593,-0.09111111111111114,"results/pivot/p2_predictions.csv (skan4 panel, reference-mask biomarkers); sigma = results/gateA_biomarker_scales_train.csv; quality proxy feat_contrast from results/pivot/bio_master.csv (source=gt); CV protocol identical to src/pivot/e1_dose_response.py (5-fold x 3 repeats, seeds 0..2)"
hrf,logreg,resid_bootstrap,injected,0.8,,9,45,3,0.8043743469650372,0.7996419056976388,1.27185035176236,0.8059259259259259,-0.1644444444444445,"results/pivot/p2_predictions.csv (skan4 panel, reference-mask biomarkers); sigma = results/gateA_biomarker_scales_train.csv; quality proxy feat_contrast from results/pivot/bio_master.csv (source=gt); CV protocol identical to src/pivot/e1_dose_response.py (5-fold x 3 repeats, seeds 0..2)"
hrf,logreg,resid_bootstrap,injected,0.7,,0,45,3,0.7799423232429201,0.7400375268381023,1.7300625255100845,0.8525925925925927,-0.11777777777777776,"results/pivot/p2_predictions.csv (skan4 panel, reference-mask biomarkers); sigma = results/gateA_biomarker_scales_train.csv; quality proxy feat_contrast from results/pivot/bio_master.csv (source=gt); CV protocol identical to src/pivot/e1_dose_response.py (5-fold x 3 repeats, seeds 0..2)"
hrf,logreg,resid_bootstrap,injected,0.7,,1,45,3,0.6763120385686845,0.5826107796575793,1.7300625255100845,0.8918518518518518,-0.07851851851851865,"results/pivot/p2_predictions.csv (skan4 panel, reference-mask biomarkers); sigma = results/gateA_biomarker_scales_train.csv; quality proxy feat_contrast from results/pivot/bio_master.csv (source=gt); CV protocol identical to src/pivot/e1_dose_response.py (5-fold x 3 repeats, seeds 0..2)"
hrf,logreg,resid_bootstrap,injected,0.7,,2,45,3,0.6859578354607808,0.6616385653712655,1.730062525510084,0.8177777777777777,-0.15259259259259272,"results/pivot/p2_predictions.csv (skan4 panel, reference-mask biomarkers); sigma = results/gateA_biomarker_scales_train.csv; quality proxy feat_contrast from results/pivot/bio_master.csv (source=gt); CV protocol identical to src/pivot/e1_dose_response.py (5-fold x 3 repeats, seeds 0..2)"
hrf,logreg,resid_bootstrap,injected,0.7,,3,45,3,0.7041465625537603,0.642784136872453,1.7300625255100834,0.7903703703703705,-0.17999999999999994,"results/pivot/p2_predictions.csv (skan4 panel, reference-mask biomarkers); sigma = results/gateA_biomarker_scales_train.csv; quality proxy feat_contrast from results/pivot/bio_master.csv (source=gt); CV protocol identical to src/pivot/e1_dose_response.py (5-fold x 3 repeats, seeds 0..2)"
hrf,logreg,resid_bootstrap,injected,0.7,,4,45,3,0.7816973248827034,0.7179899872244918,1.730062525510084,0.8103703703703703,-0.16000000000000014,"results/pivot/p2_predictions.csv (skan4 panel, reference-mask biomarkers); sigma = results/gateA_biomarker_scales_train.csv; quality proxy feat_contrast from results/pivot/bio_master.csv (source=gt); CV protocol identical to src/pivot/e1_dose_response.py (5-fold x 3 repeats, seeds 0..2)"
hrf,logreg,resid_bootstrap,injected,0.7,,5,45,3,0.7465092651149116,0.7024348147793827,1.7300625255100837,0.8903703703703704,-0.08000000000000007,"results/pivot/p2_predictions.csv (skan4 panel, reference-mask biomarkers); sigma = results/gateA_biomarker_scales_train.csv; quality proxy feat_contrast from results/pivot/bio_master.csv (source=gt); CV protocol identical to src/pivot/e1_dose_response.py (5-fold x 3 repeats, seeds 0..2)"
hrf,logreg,resid_bootstrap,injected,0.7,,6,45,3,0.7190742239756386,0.6924597209216939,1.730062525510084,0.8548148148148148,-0.11555555555555563,"results/pivot/p2_predictions.csv (skan4 panel, reference-mask biomarkers); sigma = results/gateA_biomarker_scales_train.csv; quality proxy feat_contrast from results/pivot/bio_master.csv (source=gt); CV protocol identical to src/pivot/e1_dose_response.py (5-fold x 3 repeats, seeds 0..2)"
hrf,logreg,resid_bootstrap,injected,0.7,,7,45,3,0.6880938680908715,0.6211350026821185,1.7300625255100837,0.8696296296296296,-0.1007407407407408,"results/pivot/p2_predictions.csv (skan4 panel, reference-mask biomarkers); sigma = results/gateA_biomarker_scales_train.csv; quality proxy feat_contrast from results/pivot/bio_master.csv (source=gt); CV protocol identical to src/pivot/e1_dose_response.py (5-fold x 3 repeats, seeds 0..2)"
hrf,logreg,resid_bootstrap,injected,0.7,,8,45,3,0.6514322644543826,0.5031108045309264,1.7300625255100845,0.8303703703703703,-0.14000000000000012,"results/pivot/p2_predictions.csv (skan4 panel, reference-mask biomarkers); sigma = results/gateA_biomarker_scales_train.csv; quality proxy feat_contrast from results/pivot/bio_master.csv (source=gt); CV protocol identical to src/pivot/e1_dose_response.py (5-fold x 3 repeats, seeds 0..2)"
hrf,logreg,resid_bootstrap,injected,0.7,,9,45,3,0.7073310908684107,0.6993959849920391,1.7300625255100834,0.7162962962962963,-0.2540740740740741,"results/pivot/p2_predictions.csv (skan4 panel, reference-mask biomarkers); sigma = results/gateA_biomarker_scales_train.csv; quality proxy feat_contrast from results/pivot/bio_master.csv (source=gt); CV protocol identical to src/pivot/e1_dose_response.py (5-fold x 3 repeats, seeds 0..2)"
hrf,logreg,resid_bootstrap,injected,0.6,,0,45,3,0.7102988250166349,0.6557802231148154,2.261067292021972,0.82,-0.1503703703703705,"results/pivot/p2_predictions.csv (skan4 panel, reference-mask biomarkers); sigma = results/gateA_biomarker_scales_train.csv; quality proxy feat_contrast from results/pivot/bio_master.csv (source=gt); CV protocol identical to src/pivot/e1_dose_response.py (5-fold x 3 repeats, seeds 0..2)"
hrf,logreg,resid_bootstrap,injected,0.6,,1,45,3,0.564968047283204,0.4297154762124581,2.2610672920219734,0.8214814814814816,-0.14888888888888885,"results/pivot/p2_predictions.csv (skan4 panel, reference-mask biomarkers); sigma = results/gateA_biomarker_scales_train.csv; quality proxy feat_contrast from results/pivot/bio_master.csv (source=gt); CV protocol identical to src/pivot/e1_dose_response.py (5-fold x 3 repeats, seeds 0..2)"
hrf,logreg,resid_bootstrap,injected,0.6,,2,45,3,0.5801184984674183,0.5455652831250006,2.261067292021973,0.7711111111111112,-0.19925925925925925,"results/pivot/p2_predictions.csv (skan4 panel, reference-mask biomarkers); sigma = results/gateA_biomarker_scales_train.csv; quality proxy feat_contrast from results/pivot/bio_master.csv (source=gt); CV protocol identical to src/pivot/e1_dose_response.py (5-fold x 3 repeats, seeds 0..2)"
hrf,logreg,resid_bootstrap,injected,0.6,,3,45,3,0.6053946704539795,0.5184120733865492,2.261067292021973,0.7155555555555555,-0.25481481481481494,"results/pivot/p2_predictions.csv (skan4 panel, reference-mask biomarkers); sigma = results/gateA_biomarker_scales_train.csv; quality proxy feat_contrast from results/pivot/bio_master.csv (source=gt); CV protocol identical to src/pivot/e1_dose_response.py (5-fold x 3 repeats, seeds 0..2)"
hrf,logreg,resid_bootstrap,injected,0.6,,4,45,3,0.7120364101307214,0.6251855556109664,2.261067292021972,0.7222222222222223,-0.24814814814814812,"results/pivot/p2_predictions.csv (skan4 panel, reference-mask biomarkers); sigma = results/gateA_biomarker_scales_train.csv; quality proxy feat_contrast from results/pivot/bio_master.csv (source=gt); CV protocol identical to src/pivot/e1_dose_response.py (5-fold x 3 repeats, seeds 0..2)"
hrf,logreg,resid_bootstrap,injected,0.6,,5,45,3,0.664215695594214,0.6034208479339472,2.2610672920219725,0.8540740740740742,-0.11629629629629623,"results/pivot/p2_predictions.csv (skan4 panel, reference-mask biomarkers); sigma = results/gateA_biomarker_scales_train.csv; quality proxy feat_contrast from results/pivot/bio_master.csv (source=gt); CV protocol identical to src/pivot/e1_dose_response.py (5-fold x 3 repeats, seeds 0..2)"
hrf,logreg,resid_bootstrap,injected,0.6,,6,45,3,0.626430330429536,0.5893812144994812,2.2610672920219725,0.8096296296296296,-0.16074074074074085,"results/pivot/p2_predictions.csv (skan4 panel, reference-mask biomarkers); sigma = results/gateA_biomarker_scales_train.csv; quality proxy feat_contrast from results/pivot/bio_master.csv (source=gt); CV protocol identical to src/pivot/e1_dose_response.py (5-fold x 3 repeats, seeds 0..2)"
hrf,logreg,resid_bootstrap,injected,0.6,,7,45,3,0.5826210994851475,0.4868767907198608,2.2610672920219725,0.8103703703703703,-0.16000000000000014,"results/pivot/p2_predictions.csv (skan4 panel, reference-mask biomarkers); sigma = results/gateA_biomarker_scales_train.csv; quality proxy feat_contrast from results/pivot/bio_master.csv (source=gt); CV protocol identical to src/pivot/e1_dose_response.py (5-fold x 3 repeats, seeds 0..2)"
hrf,logreg,resid_bootstrap,injected,0.6,,8,45,3,0.5266666043875105,0.30665731293542103,2.261067292021971,0.7918518518518519,-0.17851851851851852,"results/pivot/p2_predictions.csv (skan4 panel, reference-mask biomarkers); sigma = results/gateA_biomarker_scales_train.csv; quality proxy feat_contrast from results/pivot/bio_master.csv (source=gt); CV protocol identical to src/pivot/e1_dose_response.py (5-fold x 3 repeats, seeds 0..2)"
hrf,logreg,resid_bootstrap,injected,0.6,,9,45,3,0.6102798182007203,0.5991507728595743,2.2610672920219717,0.6414814814814814,-0.328888888888889,"results/pivot/p2_predictions.csv (skan4 panel, reference-mask biomarkers); sigma = results/gateA_biomarker_scales_train.csv; quality proxy feat_contrast from results/pivot/bio_master.csv (source=gt); CV protocol identical to src/pivot/e1_dose_response.py (5-fold x 3 repeats, seeds 0..2)"
hrf,logreg,resid_bootstrap,injected,0.5,,0,45,3,0.6393473659643367,0.5706340102632662,2.9372125718356736,0.7799999999999999,-0.19037037037037052,"results/pivot/p2_predictions.csv (skan4 panel, reference-mask biomarkers); sigma = results/gateA_biomarker_scales_train.csv; quality proxy feat_contrast from results/pivot/bio_master.csv (source=gt); CV protocol identical to src/pivot/e1_dose_response.py (5-fold x 3 repeats, seeds 0..2)"
hrf,logreg,resid_bootstrap,injected,0.5,,1,45,3,0.45524480093523223,0.2831072418394207,2.9372125718356745,0.754074074074074,-0.21629629629629643,"results/pivot/p2_predictions.csv (skan4 panel, reference-mask biomarkers); sigma = results/gateA_biomarker_scales_train.csv; quality proxy feat_contrast from results/pivot/bio_master.csv (source=gt); CV protocol identical to src/pivot/e1_dose_response.py (5-fold x 3 repeats, seeds 0..2)"
hrf,logreg,resid_bootstrap,injected,0.5,,2,45,3,0.4747478138306047,0.43083530529847813,2.9372125718356736,0.7281481481481481,-0.24222222222222234,"results/pivot/p2_predictions.csv (skan4 panel, reference-mask biomarkers); sigma = results/gateA_biomarker_scales_train.csv; quality proxy feat_contrast from results/pivot/bio_master.csv (source=gt); CV protocol identical to src/pivot/e1_dose_response.py (5-fold x 3 repeats, seeds 0..2)"
hrf,logreg,resid_bootstrap,injected,0.5,,3,45,3,0.5067484798847527,0.39626192646088865,2.9372125718356727,0.6288888888888889,-0.3414814814814815,"results/pivot/p2_predictions.csv (skan4 panel, reference-mask biomarkers); sigma = results/gateA_biomarker_scales_train.csv; quality proxy feat_contrast from results/pivot/bio_master.csv (source=gt); CV protocol identical to src/pivot/e1_dose_response.py (5-fold x 3 repeats, seeds 0..2)"
hrf,logreg,resid_bootstrap,injected,0.5,,4,45,3,0.6413055756475928,0.5319246875458756,2.937212571835673,0.6466666666666666,-0.3237037037037038,"results/pivot/p2_predictions.csv (skan4 panel, reference-mask biomarkers); sigma = results/gateA_biomarker_scales_train.csv; quality proxy feat_contrast from results/pivot/bio_master.csv (source=gt); CV protocol identical to src/pivot/e1_dose_response.py (5-fold x 3 repeats, seeds 0..2)"
hrf,logreg,resid_bootstrap,injected,0.5,,5,45,3,0.5811354945871525,0.5043391990148444,2.9372125718356736,0.8088888888888889,-0.16148148148148156,"results/pivot/p2_predictions.csv (skan4 panel, reference-mask biomarkers); sigma = results/gateA_biomarker_scales_train.csv; quality proxy feat_contrast from results/pivot/bio_master.csv (source=gt); CV protocol identical to src/pivot/e1_dose_response.py (5-fold x 3 repeats, seeds 0..2)"
hrf,logreg,resid_bootstrap,injected,0.5,,6,45,3,0.5334269754596062,0.48652471655213564,2.9372125718356745,0.7637037037037037,-0.20666666666666678,"results/pivot/p2_predictions.csv (skan4 panel, reference-mask biomarkers); sigma = results/gateA_biomarker_scales_train.csv; quality proxy feat_contrast from results/pivot/bio_master.csv (source=gt); CV protocol identical to src/pivot/e1_dose_response.py (5-fold x 3 repeats, seeds 0..2)"
hrf,logreg,resid_bootstrap,injected,0.5,,7,45,3,0.4778264433253614,0.3560611119120697,2.937212571835674,0.7392592592592592,-0.23111111111111127,"results/pivot/p2_predictions.csv (skan4 panel, reference-mask biomarkers); sigma = results/gateA_biomarker_scales_train.csv; quality proxy feat_contrast from results/pivot/bio_master.csv (source=gt); CV protocol identical to src/pivot/e1_dose_response.py (5-fold x 3 repeats, seeds 0..2)"
hrf,logreg,resid_bootstrap,injected,0.5,,8,45,3,0.4063152785989421,0.12617926690027492,2.9372125718356745,0.7422222222222222,-0.2281481481481482,"results/pivot/p2_predictions.csv (skan4 panel, reference-mask biomarkers); sigma = results/gateA_biomarker_scales_train.csv; quality proxy feat_contrast from results/pivot/bio_master.csv (source=gt); CV protocol identical to src/pivot/e1_dose_response.py (5-fold x 3 repeats, seeds 0..2)"
hrf,logreg,resid_bootstrap,injected,0.5,,9,45,3,0.5130346136730514,0.4989226490411603,2.9372125718356745,0.5837037037037037,-0.3866666666666667,"results/pivot/p2_predictions.csv (skan4 panel, reference-mask biomarkers); sigma = results/gateA_biomarker_scales_train.csv; quality proxy feat_contrast from results/pivot/bio_master.csv (source=gt); CV protocol identical to src/pivot/e1_dose_response.py (5-fold x 3 repeats, seeds 0..2)"
hrf,logreg,resid_bootstrap,injected,0.4,,0,45,3,0.5661077028790408,0.48396688854505693,3.8855670064048162,0.7288888888888888,-0.24148148148148163,"results/pivot/p2_predictions.csv (skan4 panel, reference-mask biomarkers); sigma = results/gateA_biomarker_scales_train.csv; quality proxy feat_contrast from results/pivot/bio_master.csv (source=gt); CV protocol identical to src/pivot/e1_dose_response.py (5-fold x 3 repeats, seeds 0..2)"
hrf,logreg,resid_bootstrap,injected,0.4,,1,45,3,0.347965464203254,0.14610531433761662,3.8855670064048167,0.6866666666666666,-0.2837037037037038,"results/pivot/p2_predictions.csv (skan4 panel, reference-mask biomarkers); sigma = results/gateA_biomarker_scales_train.csv; quality proxy feat_contrast from results/pivot/bio_master.csv (source=gt); CV protocol identical to src/pivot/e1_dose_response.py (5-fold x 3 repeats, seeds 0..2)"
hrf,logreg,resid_bootstrap,injected,0.4,,2,45,3,0.37014512744867706,0.31829465602090495,3.885567006404816,0.6718518518518518,-0.2985185185185186,"results/pivot/p2_predictions.csv (skan4 panel, reference-mask biomarkers); sigma = results/gateA_biomarker_scales_train.csv; quality proxy feat_contrast from results/pivot/bio_master.csv (source=gt); CV protocol identical to src/pivot/e1_dose_response.py (5-fold x 3 repeats, seeds 0..2)"
hrf,logreg,resid_bootstrap,injected,0.4,,3,45,3,0.4082322155819623,0.2776835339325958,3.885567006404816,0.5711111111111111,-0.3992592592592593,"results/pivot/p2_predictions.csv (skan4 panel, reference-mask biomarkers); sigma = results/gateA_biomarker_scales_train.csv; quality proxy feat_contrast from results/pivot/bio_master.csv (source=gt); CV protocol identical to src/pivot/e1_dose_response.py (5-fold x 3 repeats, seeds 0..2)"
hrf,logreg,resid_bootstrap,injected,0.4,,4,45,3,0.5686861630230785,0.4378924890983579,3.8855670064048162,0.5955555555555555,-0.37481481481481493,"results/pivot/p2_predictions.csv (skan4 panel, reference-mask biomarkers); sigma = results/gateA_biomarker_scales_train.csv; quality proxy feat_contrast from results/pivot/bio_master.csv (source=gt); CV protocol identical to src/pivot/e1_dose_response.py (5-fold x 3 repeats, seeds 0..2)"
hrf,logreg,resid_bootstrap,injected,0.4,,5,45,3,0.4966874895108697,0.40514423450083337,3.8855670064048176,0.7511111111111112,-0.21925925925925926,"results/pivot/p2_predictions.csv (skan4 panel, reference-mask biomarkers); sigma = results/gateA_biomarker_scales_train.csv; quality proxy feat_contrast from results/pivot/bio_master.csv (source=gt); CV protocol identical to src/pivot/e1_dose_response.py (5-fold x 3 repeats, seeds 0..2)"
hrf,logreg,resid_bootstrap,injected,0.4,,6,45,3,0.43980037172189873,0.38403760300194933,3.885567006404817,0.7066666666666667,-0.2637037037037038,"results/pivot/p2_predictions.csv (skan4 panel, reference-mask biomarkers); sigma = results/gateA_biomarker_scales_train.csv; quality proxy feat_contrast from results/pivot/bio_master.csv (source=gt); CV protocol identical to src/pivot/e1_dose_response.py (5-fold x 3 repeats, seeds 0..2)"
hrf,logreg,resid_bootstrap,injected,0.4,,7,45,3,0.37408064320227374,0.23068606841461414,3.8855670064048136,0.6696296296296297,-0.30074074074074075,"results/pivot/p2_predictions.csv (skan4 panel, reference-mask biomarkers); sigma = results/gateA_biomarker_scales_train.csv; quality proxy feat_contrast from results/pivot/bio_master.csv (source=gt); CV protocol identical to src/pivot/e1_dose_response.py (5-fold x 3 repeats, seeds 0..2)"
hrf,logreg,resid_bootstrap,injected,0.4,,8,45,3,0.29219187108587097,-0.03193130442994527,3.885567006404817,0.7022222222222223,-0.26814814814814814,"results/pivot/p2_predictions.csv (skan4 panel, reference-mask biomarkers); sigma = results/gateA_biomarker_scales_train.csv; quality proxy feat_contrast from results/pivot/bio_master.csv (source=gt); CV protocol identical to src/pivot/e1_dose_response.py (5-fold x 3 repeats, seeds 0..2)"
hrf,logreg,resid_bootstrap,injected,0.4,,9,45,3,0.415463051873326,0.3987230814102411,3.8855670064048153,0.5622222222222222,-0.40814814814814826,"results/pivot/p2_predictions.csv (skan4 panel, reference-mask biomarkers); sigma = results/gateA_biomarker_scales_train.csv; quality proxy feat_contrast from results/pivot/bio_master.csv (source=gt); CV protocol identical to src/pivot/e1_dose_response.py (5-fold x 3 repeats, seeds 0..2)"
hrf,logreg,hetero_reference,injected,0.99,,0,45,3,0.9899199893052512,0.9898467800540142,0.24163847970312136,0.9688888888888889,-0.001481481481481528,"results/pivot/p2_predictions.csv (skan4 panel, reference-mask biomarkers); sigma = results/gateA_biomarker_scales_train.csv; quality proxy feat_contrast from results/pivot/bio_master.csv (source=gt); CV protocol identical to src/pivot/e1_dose_response.py (5-fold x 3 repeats, seeds 0..2)"
hrf,logreg,hetero_reference,injected,0.99,,1,45,3,0.9904405299375251,0.9901076687734052,0.24163847970312158,0.9703703703703704,0.0,"results/pivot/p2_predictions.csv (skan4 panel, reference-mask biomarkers); sigma = results/gateA_biomarker_scales_train.csv; quality proxy feat_contrast from results/pivot/bio_master.csv (source=gt); CV protocol identical to src/pivot/e1_dose_response.py (5-fold x 3 repeats, seeds 0..2)"
hrf,logreg,hetero_reference,injected,0.99,,2,45,3,0.990109358366742,0.9899488062853418,0.24163847970312127,0.9644444444444445,-0.00592592592592589,"results/pivot/p2_predictions.csv (skan4 panel, reference-mask biomarkers); sigma = results/gateA_biomarker_scales_train.csv; quality proxy feat_contrast from results/pivot/bio_master.csv (source=gt); CV protocol identical to src/pivot/e1_dose_response.py (5-fold x 3 repeats, seeds 0..2)"
hrf,logreg,hetero_reference,injected,0.99,,3,45,3,0.9904542162182215,0.9897962483962974,0.24163847970312136,0.9607407407407408,-0.009629629629629655,"results/pivot/p2_predictions.csv (skan4 panel, reference-mask biomarkers); sigma = results/gateA_biomarker_scales_train.csv; quality proxy feat_contrast from results/pivot/bio_master.csv (source=gt); CV protocol identical to src/pivot/e1_dose_response.py (5-fold x 3 repeats, seeds 0..2)"
hrf,logreg,hetero_reference,injected,0.99,,4,45,3,0.989988536455116,0.9898842345119607,0.24163847970312163,0.9711111111111111,0.0007407407407407085,"results/pivot/p2_predictions.csv (skan4 panel, reference-mask biomarkers); sigma = results/gateA_biomarker_scales_train.csv; quality proxy feat_contrast from results/pivot/bio_master.csv (source=gt); CV protocol identical to src/pivot/e1_dose_response.py (5-fold x 3 repeats, seeds 0..2)"
hrf,logreg,hetero_reference,injected,0.99,,5,45,3,0.9901935633796547,0.98997902886229,0.24163847970312152,0.9718518518518519,0.001481481481481417,"results/pivot/p2_predictions.csv (skan4 panel, reference-mask biomarkers); sigma = results/gateA_biomarker_scales_train.csv; quality proxy feat_contrast from results/pivot/bio_master.csv (source=gt); CV protocol identical to src/pivot/e1_dose_response.py (5-fold x 3 repeats, seeds 0..2)"
hrf,logreg,hetero_reference,injected,0.99,,6,45,3,0.9903560980406052,0.9898202193098942,0.24163847970312147,0.9651851851851853,-0.005185185185185182,"results/pivot/p2_predictions.csv (skan4 panel, reference-mask biomarkers); sigma = results/gateA_biomarker_scales_train.csv; quality proxy feat_contrast from results/pivot/bio_master.csv (source=gt); CV protocol identical to src/pivot/e1_dose_response.py (5-fold x 3 repeats, seeds 0..2)"
hrf,logreg,hetero_reference,injected,0.99,,7,45,3,0.990365783910527,0.9897992012477551,0.24163847970312166,0.9688888888888889,-0.001481481481481528,"results/pivot/p2_predictions.csv (skan4 panel, reference-mask biomarkers); sigma = results/gateA_biomarker_scales_train.csv; quality proxy feat_contrast from results/pivot/bio_master.csv (source=gt); CV protocol identical to src/pivot/e1_dose_response.py (5-fold x 3 repeats, seeds 0..2)"
hrf,logreg,hetero_reference,injected,0.99,,8,45,3,0.9907170640122417,0.9898981691163266,0.2416384797031217,0.9637037037037036,-0.006666666666666821,"results/pivot/p2_predictions.csv (skan4 panel, reference-mask biomarkers); sigma = results/gateA_biomarker_scales_train.csv; quality proxy feat_contrast from results/pivot/bio_master.csv (source=gt); CV protocol identical to src/pivot/e1_dose_response.py (5-fold x 3 repeats, seeds 0..2)"
hrf,logreg,hetero_reference,injected,0.99,,9,45,3,0.9912339542340548,0.9899647980720926,0.2416384797031221,0.9666666666666667,-0.0037037037037037646,"results/pivot/p2_predictions.csv (skan4 panel, reference-mask biomarkers); sigma = results/gateA_biomarker_scales_train.csv; quality proxy feat_contrast from results/pivot/bio_master.csv (source=gt); CV protocol identical to src/pivot/e1_dose_response.py (5-fold x 3 repeats, seeds 0..2)"
hrf,logreg,hetero_reference,injected,0.95,,0,45,3,0.947942319601048,0.9448576993609542,0.5573826597205781,0.9674074074074074,-0.002962962962963056,"results/pivot/p2_predictions.csv (skan4 panel, reference-mask biomarkers); sigma = results/gateA_biomarker_scales_train.csv; quality proxy feat_contrast from results/pivot/bio_master.csv (source=gt); CV protocol identical to src/pivot/e1_dose_response.py (5-fold x 3 repeats, seeds 0..2)"
hrf,logreg,hetero_reference,injected,0.95,,1,45,3,0.9537051039149864,0.9510875514600365,0.5573826597205785,0.9666666666666667,-0.0037037037037037646,"results/pivot/p2_predictions.csv (skan4 panel, reference-mask biomarkers); sigma = results/gateA_biomarker_scales_train.csv; quality proxy feat_contrast from results/pivot/bio_master.csv (source=gt); CV protocol identical to src/pivot/e1_dose_response.py (5-fold x 3 repeats, seeds 0..2)"
hrf,logreg,hetero_reference,injected,0.95,,2,45,3,0.9487638278600447,0.9445469091396772,0.5573826597205779,0.9496296296296296,-0.020740740740740837,"results/pivot/p2_predictions.csv (skan4 panel, reference-mask biomarkers); sigma = results/gateA_biomarker_scales_train.csv; quality proxy feat_contrast from results/pivot/bio_master.csv (source=gt); CV protocol identical to src/pivot/e1_dose_response.py (5-fold x 3 repeats, seeds 0..2)"
hrf,logreg,hetero_reference,injected,0.95,,3,45,3,0.9533362211399736,0.9465055202902563,0.5573826597205774,0.9429629629629629,-0.027407407407407547,"results/pivot/p2_predictions.csv (skan4 panel, reference-mask biomarkers); sigma = results/gateA_biomarker_scales_train.csv; quality proxy feat_contrast from results/pivot/bio_master.csv (source=gt); CV protocol identical to src/pivot/e1_dose_response.py (5-fold x 3 repeats, seeds 0..2)"
hrf,logreg,hetero_reference,injected,0.95,,4,45,3,0.9447269186904987,0.9444403913240268,0.5573826597205777,0.965925925925926,-0.004444444444444473,"results/pivot/p2_predictions.csv (skan4 panel, reference-mask biomarkers); sigma = results/gateA_biomarker_scales_train.csv; quality proxy feat_contrast from results/pivot/bio_master.csv (source=gt); CV protocol identical to src/pivot/e1_dose_response.py (5-fold x 3 repeats, seeds 0..2)"
hrf,logreg,hetero_reference,injected,0.95,,5,45,3,0.9478057434039329,0.9444437306500517,0.5573826597205781,0.9688888888888888,-0.001481481481481639,"results/pivot/p2_predictions.csv (skan4 panel, reference-mask biomarkers); sigma = results/gateA_biomarker_scales_train.csv; quality proxy feat_contrast from results/pivot/bio_master.csv (source=gt); CV protocol identical to src/pivot/e1_dose_response.py (5-fold x 3 repeats, seeds 0..2)"
hrf,logreg,hetero_reference,injected,0.95,,6,45,3,0.9512067749203977,0.944544503220033,0.557382659720579,0.9481481481481482,-0.022222222222222254,"results/pivot/p2_predictions.csv (skan4 panel, reference-mask biomarkers); sigma = results/gateA_biomarker_scales_train.csv; quality proxy feat_contrast from results/pivot/bio_master.csv (source=gt); CV protocol identical to src/pivot/e1_dose_response.py (5-fold x 3 repeats, seeds 0..2)"
hrf,logreg,hetero_reference,injected,0.95,,7,45,3,0.9478528452769021,0.9455223986705695,0.5573826597205778,0.9637037037037036,-0.006666666666666821,"results/pivot/p2_predictions.csv (skan4 panel, reference-mask biomarkers); sigma = results/gateA_biomarker_scales_train.csv; quality proxy feat_contrast from results/pivot/bio_master.csv (source=gt); CV protocol identical to src/pivot/e1_dose_response.py (5-fold x 3 repeats, seeds 0..2)"
hrf,logreg,hetero_reference,injected,0.95,,8,45,3,0.9469545354104358,0.9446559788203189,0.5573826597205781,0.9548148148148149,-0.015555555555555545,"results/pivot/p2_predictions.csv (skan4 panel, reference-mask biomarkers); sigma = results/gateA_biomarker_scales_train.csv; quality proxy feat_contrast from results/pivot/bio_master.csv (source=gt); CV protocol identical to src/pivot/e1_dose_response.py (5-fold x 3 repeats, seeds 0..2)"
hrf,logreg,hetero_reference,injected,0.95,,9,45,3,0.9582902803084231,0.949606589243425,0.5573826597205782,0.9570370370370371,-0.013333333333333308,"results/pivot/p2_predictions.csv (skan4 panel, reference-mask biomarkers); sigma = results/gateA_biomarker_scales_train.csv; quality proxy feat_contrast from results/pivot/bio_master.csv (source=gt); CV protocol identical to src/pivot/e1_dose_response.py (5-fold x 3 repeats, seeds 0..2)"
hrf,logreg,hetero_reference,injected,0.9,,0,45,3,0.8934151114755939,0.8825261285324472,0.8213136525390788,0.9585185185185185,-0.011851851851851891,"results/pivot/p2_predictions.csv (skan4 panel, reference-mask biomarkers); sigma = results/gateA_biomarker_scales_train.csv; quality proxy feat_contrast from results/pivot/bio_master.csv (source=gt); CV protocol identical to src/pivot/e1_dose_response.py (5-fold x 3 repeats, seeds 0..2)"
hrf,logreg,hetero_reference,injected,0.9,,1,45,3,0.9092918814052338,0.9028971486827782,0.8213136525390793,0.9407407407407407,-0.029629629629629783,"results/pivot/p2_predictions.csv (skan4 panel, reference-mask biomarkers); sigma = results/gateA_biomarker_scales_train.csv; quality proxy feat_contrast from results/pivot/bio_master.csv (source=gt); CV protocol identical to src/pivot/e1_dose_response.py (5-fold x 3 repeats, seeds 0..2)"
hrf,logreg,hetero_reference,injected,0.9,,2,45,3,0.894534457612423,0.8769224978271127,0.8213136525390792,0.934074074074074,-0.03629629629629649,"results/pivot/p2_predictions.csv (skan4 panel, reference-mask biomarkers); sigma = results/gateA_biomarker_scales_train.csv; quality proxy feat_contrast from results/pivot/bio_master.csv (source=gt); CV protocol identical to src/pivot/e1_dose_response.py (5-fold x 3 repeats, seeds 0..2)"
hrf,logreg,hetero_reference,injected,0.9,,3,45,3,0.907878431050142,0.8894573248447598,0.8213136525390783,0.9066666666666667,-0.0637037037037037,"results/pivot/p2_predictions.csv (skan4 panel, reference-mask biomarkers); sigma = results/gateA_biomarker_scales_train.csv; quality proxy feat_contrast from results/pivot/bio_master.csv (source=gt); CV protocol identical to src/pivot/e1_dose_response.py (5-fold x 3 repeats, seeds 0..2)"
hrf,logreg,hetero_reference,injected,0.9,,4,45,3,0.8813037167311735,0.8785408605742976,0.8213136525390793,0.9481481481481481,-0.022222222222222365,"results/pivot/p2_predictions.csv (skan4 panel, reference-mask biomarkers); sigma = results/gateA_biomarker_scales_train.csv; quality proxy feat_contrast from results/pivot/bio_master.csv (source=gt); CV protocol identical to src/pivot/e1_dose_response.py (5-fold x 3 repeats, seeds 0..2)"
hrf,logreg,hetero_reference,injected,0.9,,5,45,3,0.8903304139777842,0.8772983777632586,0.8213136525390785,0.9444444444444445,-0.025925925925925908,"results/pivot/p2_predictions.csv (skan4 panel, reference-mask biomarkers); sigma = results/gateA_biomarker_scales_train.csv; quality proxy feat_contrast from results/pivot/bio_master.csv (source=gt); CV protocol identical to src/pivot/e1_dose_response.py (5-fold x 3 repeats, seeds 0..2)"
hrf,logreg,hetero_reference,injected,0.9,,6,45,3,0.9011604782825533,0.8802952848681868,0.8213136525390787,0.9125925925925925,-0.05777777777777793,"results/pivot/p2_predictions.csv (skan4 panel, reference-mask biomarkers); sigma = results/gateA_biomarker_scales_train.csv; quality proxy feat_contrast from results/pivot/bio_master.csv (source=gt); CV protocol identical to src/pivot/e1_dose_response.py (5-fold x 3 repeats, seeds 0..2)"
hrf,logreg,hetero_reference,injected,0.9,,7,45,3,0.8886206148751635,0.8756427998970233,0.8213136525390785,0.9496296296296296,-0.020740740740740837,"results/pivot/p2_predictions.csv (skan4 panel, reference-mask biomarkers); sigma = results/gateA_biomarker_scales_train.csv; quality proxy feat_contrast from results/pivot/bio_master.csv (source=gt); CV protocol identical to src/pivot/e1_dose_response.py (5-fold x 3 repeats, seeds 0..2)"
hrf,logreg,hetero_reference,injected,0.9,,8,45,3,0.8818323878083318,0.8812280153477741,0.8213136525390785,0.9274074074074075,-0.04296296296296298,"results/pivot/p2_predictions.csv (skan4 panel, reference-mask biomarkers); sigma = results/gateA_biomarker_scales_train.csv; quality proxy feat_contrast from results/pivot/bio_master.csv (source=gt); CV protocol identical to src/pivot/e1_dose_response.py (5-fold x 3 repeats, seeds 0..2)"
hrf,logreg,hetero_reference,injected,0.9,,9,45,3,0.9190521916373543,0.8989207408748695,0.8213136525390792,0.9340740740740742,-0.03629629629629627,"results/pivot/p2_predictions.csv (skan4 panel, reference-mask biomarkers); sigma = results/gateA_biomarker_scales_train.csv; quality proxy feat_contrast from results/pivot/bio_master.csv (source=gt); CV protocol identical to src/pivot/e1_dose_response.py (5-fold x 3 repeats, seeds 0..2)"
hrf,logreg,hetero_reference,injected,0.8,,0,45,3,0.7806200703368887,0.7465751155169335,1.2718503517623598,0.8866666666666667,-0.08370370370370372,"results/pivot/p2_predictions.csv (skan4 panel, reference-mask biomarkers); sigma = results/gateA_biomarker_scales_train.csv; quality proxy feat_contrast from results/pivot/bio_master.csv (source=gt); CV protocol identical to src/pivot/e1_dose_response.py (5-fold x 3 repeats, seeds 0..2)"
hrf,logreg,hetero_reference,injected,0.8,,1,45,3,0.8227024265085692,0.807431535853987,1.2718503517623592,0.8896296296296295,-0.08074074074074089,"results/pivot/p2_predictions.csv (skan4 panel, reference-mask biomarkers); sigma = results/gateA_biomarker_scales_train.csv; quality proxy feat_contrast from results/pivot/bio_master.csv (source=gt); CV protocol identical to src/pivot/e1_dose_response.py (5-fold x 3 repeats, seeds 0..2)"
hrf,logreg,hetero_reference,injected,0.8,,2,45,3,0.7807157332023932,0.7200334505025552,1.27185035176236,0.8681481481481481,-0.10222222222222233,"results/pivot/p2_predictions.csv (skan4 panel, reference-mask biomarkers); sigma = results/gateA_biomarker_scales_train.csv; quality proxy feat_contrast from results/pivot/bio_master.csv (source=gt); CV protocol identical to src/pivot/e1_dose_response.py (5-fold x 3 repeats, seeds 0..2)"
hrf,logreg,hetero_reference,injected,0.8,,3,45,3,0.8181530410135673,0.7702731343363759,1.2718503517623598,0.842962962962963,-0.1274074074074074,"results/pivot/p2_predictions.csv (skan4 panel, reference-mask biomarkers); sigma = results/gateA_biomarker_scales_train.csv; quality proxy feat_contrast from results/pivot/bio_master.csv (source=gt); CV protocol identical to src/pivot/e1_dose_response.py (5-fold x 3 repeats, seeds 0..2)"
hrf,logreg,hetero_reference,injected,0.8,,4,45,3,0.7412630327653248,0.7291853360530383,1.27185035176236,0.8844444444444445,-0.08592592592592596,"results/pivot/p2_predictions.csv (skan4 panel, reference-mask biomarkers); sigma = results/gateA_biomarker_scales_train.csv; quality proxy feat_contrast from results/pivot/bio_master.csv (source=gt); CV protocol identical to src/pivot/e1_dose_response.py (5-fold x 3 repeats, seeds 0..2)"
hrf,logreg,hetero_reference,injected,0.8,,5,45,3,0.7660327837326941,0.7223623871544917,1.2718503517623603,0.9081481481481481,-0.06222222222222229,"results/pivot/p2_predictions.csv (skan4 panel, reference-mask biomarkers); sigma = results/gateA_biomarker_scales_train.csv; quality proxy feat_contrast from results/pivot/bio_master.csv (source=gt); CV protocol identical to src/pivot/e1_dose_response.py (5-fold x 3 repeats, seeds 0..2)"
hrf,logreg,hetero_reference,injected,0.8,,6,45,3,0.7984456103457733,0.7374287919190939,1.2718503517623603,0.8474074074074074,-0.12296296296296305,"results/pivot/p2_predictions.csv (skan4 panel, reference-mask biomarkers); sigma = results/gateA_biomarker_scales_train.csv; quality proxy feat_contrast from results/pivot/bio_master.csv (source=gt); CV protocol identical to src/pivot/e1_dose_response.py (5-fold x 3 repeats, seeds 0..2)"
hrf,logreg,hetero_reference,injected,0.8,,7,45,3,0.7557132144726327,0.6846024879552275,1.2718503517623596,0.8977777777777778,-0.07259259259259265,"results/pivot/p2_predictions.csv (skan4 panel, reference-mask biomarkers); sigma = results/gateA_biomarker_scales_train.csv; quality proxy feat_contrast from results/pivot/bio_master.csv (source=gt); CV protocol identical to src/pivot/e1_dose_response.py (5-fold x 3 repeats, seeds 0..2)"
hrf,logreg,hetero_reference,injected,0.8,,8,45,3,0.725062851417554,0.667761002899595,1.2718503517623594,0.8451851851851852,-0.1251851851851853,"results/pivot/p2_predictions.csv (skan4 panel, reference-mask biomarkers); sigma = results/gateA_biomarker_scales_train.csv; quality proxy feat_contrast from results/pivot/bio_master.csv (source=gt); CV protocol identical to src/pivot/e1_dose_response.py (5-fold x 3 repeats, seeds 0..2)"
hrf,logreg,hetero_reference,injected,0.8,,9,45,3,0.843257638030444,0.7971665559702527,1.2718503517623596,0.8822222222222221,-0.08814814814814831,"results/pivot/p2_predictions.csv (skan4 panel, reference-mask biomarkers); sigma = results/gateA_biomarker_scales_train.csv; quality proxy feat_contrast from results/pivot/bio_master.csv (source=gt); CV protocol identical to src/pivot/e1_dose_response.py (5-fold x 3 repeats, seeds 0..2)"
hrf,logreg,hetero_reference,injected,0.7,,0,45,3,0.6656722692810346,0.6040085274020061,1.7300625255100839,0.7992592592592592,-0.1711111111111112,"results/pivot/p2_predictions.csv (skan4 panel, reference-mask biomarkers); sigma = results/gateA_biomarker_scales_train.csv; quality proxy feat_contrast from results/pivot/bio_master.csv (source=gt); CV protocol identical to src/pivot/e1_dose_response.py (5-fold x 3 repeats, seeds 0..2)"
hrf,logreg,hetero_reference,injected,0.7,,1,45,3,0.7372479570894663,0.7124443791484022,1.730062525510084,0.8525925925925927,-0.11777777777777776,"results/pivot/p2_predictions.csv (skan4 panel, reference-mask biomarkers); sigma = results/gateA_biomarker_scales_train.csv; quality proxy feat_contrast from results/pivot/bio_master.csv (source=gt); CV protocol identical to src/pivot/e1_dose_response.py (5-fold x 3 repeats, seeds 0..2)"
hrf,logreg,hetero_reference,injected,0.7,,2,45,3,0.6635042719172836,0.549482362834077,1.7300625255100834,0.8125925925925926,-0.1577777777777778,"results/pivot/p2_predictions.csv (skan4 panel, reference-mask biomarkers); sigma = results/gateA_biomarker_scales_train.csv; quality proxy feat_contrast from results/pivot/bio_master.csv (source=gt); CV protocol identical to src/pivot/e1_dose_response.py (5-fold x 3 repeats, seeds 0..2)"
hrf,logreg,hetero_reference,injected,0.7,,3,45,3,0.72896097272129,0.6482563727869475,1.7300625255100832,0.7792592592592592,-0.19111111111111123,"results/pivot/p2_predictions.csv (skan4 panel, reference-mask biomarkers); sigma = results/gateA_biomarker_scales_train.csv; quality proxy feat_contrast from results/pivot/bio_master.csv (source=gt); CV protocol identical to src/pivot/e1_dose_response.py (5-fold x 3 repeats, seeds 0..2)"
hrf,logreg,hetero_reference,injected,0.7,,4,45,3,0.5933440499864976,0.5690547470425914,1.7300625255100839,0.8244444444444445,-0.1459259259259259,"results/pivot/p2_predictions.csv (skan4 panel, reference-mask biomarkers); sigma = results/gateA_biomarker_scales_train.csv; quality proxy feat_contrast from results/pivot/bio_master.csv (source=gt); CV protocol identical to src/pivot/e1_dose_response.py (5-fold x 3 repeats, seeds 0..2)"
hrf,logreg,hetero_reference,injected,0.7,,5,45,3,0.6358727219750397,0.5545553866304405,1.7300625255100834,0.8474074074074074,-0.12296296296296305,"results/pivot/p2_predictions.csv (skan4 panel, reference-mask biomarkers); sigma = results/gateA_biomarker_scales_train.csv; quality proxy feat_contrast from results/pivot/bio_master.csv (source=gt); CV protocol identical to src/pivot/e1_dose_response.py (5-fold x 3 repeats, seeds 0..2)"
hrf,logreg,hetero_reference,injected,0.7,,6,45,3,0.6940260974304885,0.5859441043600586,1.7300625255100843,0.7762962962962963,-0.19407407407407418,"results/pivot/p2_predictions.csv (skan4 panel, reference-mask biomarkers); sigma = results/gateA_biomarker_scales_train.csv; quality proxy feat_contrast from results/pivot/bio_master.csv (source=gt); CV protocol identical to src/pivot/e1_dose_response.py (5-fold x 3 repeats, seeds 0..2)"
hrf,logreg,hetero_reference,injected,0.7,,7,45,3,0.6126297972905784,0.45945275879966085,1.730062525510084,0.8148148148148149,-0.15555555555555556,"results/pivot/p2_predictions.csv (skan4 panel, reference-mask biomarkers); sigma = results/gateA_biomarker_scales_train.csv; quality proxy feat_contrast from results/pivot/bio_master.csv (source=gt); CV protocol identical to src/pivot/e1_dose_response.py (5-fold x 3 repeats, seeds 0..2)"
hrf,logreg,hetero_reference,injected,0.7,,8,45,3,0.5479390957065338,0.39391347753087286,1.7300625255100832,0.7548148148148148,-0.2155555555555556,"results/pivot/p2_predictions.csv (skan4 panel, reference-mask biomarkers); sigma = results/gateA_biomarker_scales_train.csv; quality proxy feat_contrast from results/pivot/bio_master.csv (source=gt); CV protocol identical to src/pivot/e1_dose_response.py (5-fold x 3 repeats, seeds 0..2)"
hrf,logreg,hetero_reference,injected,0.7,,9,45,3,0.7687710585022741,0.6952092459727062,1.7300625255100839,0.8237037037037037,-0.14666666666666672,"results/pivot/p2_predictions.csv (skan4 panel, reference-mask biomarkers); sigma = results/gateA_biomarker_scales_train.csv; quality proxy feat_contrast from results/pivot/bio_master.csv (source=gt); CV protocol identical to src/pivot/e1_dose_response.py (5-fold x 3 repeats, seeds 0..2)"
hrf,logreg,hetero_reference,injected,0.6,,0,45,3,0.5507878934216762,0.46163844074315563,2.261067292021972,0.7251851851851852,-0.24518518518518528,"results/pivot/p2_predictions.csv (skan4 panel, reference-mask biomarkers); sigma = results/gateA_biomarker_scales_train.csv; quality proxy feat_contrast from results/pivot/bio_master.csv (source=gt); CV protocol identical to src/pivot/e1_dose_response.py (5-fold x 3 repeats, seeds 0..2)"
hrf,logreg,hetero_reference,injected,0.6,,1,45,3,0.6517619257909855,0.6174437411586978,2.261067292021973,0.7977777777777778,-0.17259259259259263,"results/pivot/p2_predictions.csv (skan4 panel, reference-mask biomarkers); sigma = results/gateA_biomarker_scales_train.csv; quality proxy feat_contrast from results/pivot/bio_master.csv (source=gt); CV protocol identical to src/pivot/e1_dose_response.py (5-fold x 3 repeats, seeds 0..2)"
hrf,logreg,hetero_reference,injected,0.6,,2,45,3,0.5463973665821202,0.37935189138580044,2.261067292021973,0.7466666666666667,-0.22370370370370374,"results/pivot/p2_predictions.csv (skan4 panel, reference-mask biomarkers); sigma = results/gateA_biomarker_scales_train.csv; quality proxy feat_contrast from results/pivot/bio_master.csv (source=gt); CV protocol identical to src/pivot/e1_dose_response.py (5-fold x 3 repeats, seeds 0..2)"
hrf,logreg,hetero_reference,injected,0.6,,3,45,3,0.6397550161369245,0.526321746092228,2.261067292021972,0.7222222222222222,-0.24814814814814823,"results/pivot/p2_predictions.csv (skan4 panel, reference-mask biomarkers); sigma = results/gateA_biomarker_scales_train.csv; quality proxy feat_contrast from results/pivot/bio_master.csv (source=gt); CV protocol identical to src/pivot/e1_dose_response.py (5-fold x 3 repeats, seeds 0..2)"
hrf,logreg,hetero_reference,injected,0.6,,4,45,3,0.4456612107567488,0.409251358381853,2.2610672920219725,0.7548148148148147,-0.21555555555555572,"results/pivot/p2_predictions.csv (skan4 panel, reference-mask biomarkers); sigma = results/gateA_biomarker_scales_train.csv; quality proxy feat_contrast from results/pivot/bio_master.csv (source=gt); CV protocol identical to src/pivot/e1_dose_response.py (5-fold x 3 repeats, seeds 0..2)"
hrf,logreg,hetero_reference,injected,0.6,,5,45,3,0.5058924579691303,0.3871431968791936,2.2610672920219725,0.7903703703703703,-0.18000000000000016,"results/pivot/p2_predictions.csv (skan4 panel, reference-mask biomarkers); sigma = results/gateA_biomarker_scales_train.csv; quality proxy feat_contrast from results/pivot/bio_master.csv (source=gt); CV protocol identical to src/pivot/e1_dose_response.py (5-fold x 3 repeats, seeds 0..2)"
hrf,logreg,hetero_reference,injected,0.6,,6,45,3,0.5896593289334171,0.4347182446929255,2.261067292021973,0.6859259259259259,-0.2844444444444445,"results/pivot/p2_predictions.csv (skan4 panel, reference-mask biomarkers); sigma = results/gateA_biomarker_scales_train.csv; quality proxy feat_contrast from results/pivot/bio_master.csv (source=gt); CV protocol identical to src/pivot/e1_dose_response.py (5-fold x 3 repeats, seeds 0..2)"
hrf,logreg,hetero_reference,injected,0.6,,7,45,3,0.46987893029183386,0.23544026471268184,2.261067292021973,0.7340740740740741,-0.23629629629629634,"results/pivot/p2_predictions.csv (skan4 panel, reference-mask biomarkers); sigma = results/gateA_biomarker_scales_train.csv; quality proxy feat_contrast from results/pivot/bio_master.csv (source=gt); CV protocol identical to src/pivot/e1_dose_response.py (5-fold x 3 repeats, seeds 0..2)"
hrf,logreg,hetero_reference,injected,0.6,,8,45,3,0.3715171858112021,0.12223661567066331,2.2610672920219725,0.6274074074074073,-0.34296296296296314,"results/pivot/p2_predictions.csv (skan4 panel, reference-mask biomarkers); sigma = results/gateA_biomarker_scales_train.csv; quality proxy feat_contrast from results/pivot/bio_master.csv (source=gt); CV protocol identical to src/pivot/e1_dose_response.py (5-fold x 3 repeats, seeds 0..2)"
hrf,logreg,hetero_reference,injected,0.6,,9,45,3,0.6942487177682597,0.593257699984639,2.261067292021973,0.7688888888888888,-0.2014814814814816,"results/pivot/p2_predictions.csv (skan4 panel, reference-mask biomarkers); sigma = results/gateA_biomarker_scales_train.csv; quality proxy feat_contrast from results/pivot/bio_master.csv (source=gt); CV protocol identical to src/pivot/e1_dose_response.py (5-fold x 3 repeats, seeds 0..2)"
hrf,logreg,hetero_reference,injected,0.5,,0,45,3,0.4373934602004744,0.3238594553565767,2.9372125718356736,0.6607407407407407,-0.3096296296296297,"results/pivot/p2_predictions.csv (skan4 panel, reference-mask biomarkers); sigma = results/gateA_biomarker_scales_train.csv; quality proxy feat_contrast from results/pivot/bio_master.csv (source=gt); CV protocol identical to src/pivot/e1_dose_response.py (5-fold x 3 repeats, seeds 0..2)"
hrf,logreg,hetero_reference,injected,0.5,,1,45,3,0.5655054513311318,0.5221168401474777,2.937212571835673,0.742962962962963,-0.2274074074074074,"results/pivot/p2_predictions.csv (skan4 panel, reference-mask biomarkers); sigma = results/gateA_biomarker_scales_train.csv; quality proxy feat_contrast from results/pivot/bio_master.csv (source=gt); CV protocol identical to src/pivot/e1_dose_response.py (5-fold x 3 repeats, seeds 0..2)"
hrf,logreg,hetero_reference,injected,0.5,,2,45,3,0.43167278610852733,0.2188114019616387,2.9372125718356736,0.7044444444444444,-0.265925925925926,"results/pivot/p2_predictions.csv (skan4 panel, reference-mask biomarkers); sigma = results/gateA_biomarker_scales_train.csv; quality proxy feat_contrast from results/pivot/bio_master.csv (source=gt); CV protocol identical to src/pivot/e1_dose_response.py (5-fold x 3 repeats, seeds 0..2)"
hrf,logreg,hetero_reference,injected,0.5,,3,45,3,0.5501947479985705,0.40633742288696717,2.9372125718356745,0.6703703703703704,-0.30000000000000004,"results/pivot/p2_predictions.csv (skan4 panel, reference-mask biomarkers); sigma = results/gateA_biomarker_scales_train.csv; quality proxy feat_contrast from results/pivot/bio_master.csv (source=gt); CV protocol identical to src/pivot/e1_dose_response.py (5-fold x 3 repeats, seeds 0..2)"
hrf,logreg,hetero_reference,injected,0.5,,4,45,3,0.3034616639435344,0.25697880116032207,2.9372125718356736,0.6837037037037037,-0.28666666666666674,"results/pivot/p2_predictions.csv (skan4 panel, reference-mask biomarkers); sigma = results/gateA_biomarker_scales_train.csv; quality proxy feat_contrast from results/pivot/bio_master.csv (source=gt); CV protocol identical to src/pivot/e1_dose_response.py (5-fold x 3 repeats, seeds 0..2)"
hrf,logreg,hetero_reference,injected,0.5,,5,45,3,0.3800226696446696,0.22875536427398246,2.9372125718356736,0.717037037037037,-0.2533333333333334,"results/pivot/p2_predictions.csv (skan4 panel, reference-mask biomarkers); sigma = results/gateA_biomarker_scales_train.csv; quality proxy feat_contrast from results/pivot/bio_master.csv (source=gt); CV protocol identical to src/pivot/e1_dose_response.py (5-fold x 3 repeats, seeds 0..2)"
hrf,logreg,hetero_reference,injected,0.5,,6,45,3,0.4864922448366996,0.28949458980472526,2.937212571835674,0.5911111111111111,-0.3792592592592593,"results/pivot/p2_predictions.csv (skan4 panel, reference-mask biomarkers); sigma = results/gateA_biomarker_scales_train.csv; quality proxy feat_contrast from results/pivot/bio_master.csv (source=gt); CV protocol identical to src/pivot/e1_dose_response.py (5-fold x 3 repeats, seeds 0..2)"
hrf,logreg,hetero_reference,injected,0.5,,7,45,3,0.334396799803772,0.0359484226672946,2.9372125718356745,0.6311111111111112,-0.33925925925925926,"results/pivot/p2_predictions.csv (skan4 panel, reference-mask biomarkers); sigma = results/gateA_biomarker_scales_train.csv; quality proxy feat_contrast from results/pivot/bio_master.csv (source=gt); CV protocol identical to src/pivot/e1_dose_response.py (5-fold x 3 repeats, seeds 0..2)"
hrf,logreg,hetero_reference,injected,0.5,,8,45,3,0.20983981559203785,-0.10530735928654868,2.9372125718356736,0.4770370370370371,-0.49333333333333335,"results/pivot/p2_predictions.csv (skan4 panel, reference-mask biomarkers); sigma = results/gateA_biomarker_scales_train.csv; quality proxy feat_contrast from results/pivot/bio_master.csv (source=gt); CV protocol identical to src/pivot/e1_dose_response.py (5-fold x 3 repeats, seeds 0..2)"
hrf,logreg,hetero_reference,injected,0.5,,9,45,3,0.6188437747141007,0.49144500054520096,2.9372125718356754,0.7037037037037037,-0.2666666666666667,"results/pivot/p2_predictions.csv (skan4 panel, reference-mask biomarkers); sigma = results/gateA_biomarker_scales_train.csv; quality proxy feat_contrast from results/pivot/bio_master.csv (source=gt); CV protocol identical to src/pivot/e1_dose_response.py (5-fold x 3 repeats, seeds 0..2)"
hrf,logreg,hetero_reference,injected,0.4,,0,45,3,0.3263487988583692,0.19323243118455274,3.8855670064048162,0.585925925925926,-0.3844444444444445,"results/pivot/p2_predictions.csv (skan4 panel, reference-mask biomarkers); sigma = results/gateA_biomarker_scales_train.csv; quality proxy feat_contrast from results/pivot/bio_master.csv (source=gt); CV protocol identical to src/pivot/e1_dose_response.py (5-fold x 3 repeats, seeds 0..2)"
hrf,logreg,hetero_reference,injected,0.4,,1,45,3,0.47792530235181097,0.4262403852414649,3.885567006404817,0.6644444444444445,-0.30592592592592593,"results/pivot/p2_predictions.csv (skan4 panel, reference-mask biomarkers); sigma = results/gateA_biomarker_scales_train.csv; quality proxy feat_contrast from results/pivot/bio_master.csv (source=gt); CV protocol identical to src/pivot/e1_dose_response.py (5-fold x 3 repeats, seeds 0..2)"
hrf,logreg,hetero_reference,injected,0.4,,2,45,3,0.32046370136490226,0.07244564616476586,3.8855670064048176,0.6762962962962963,-0.29407407407407415,"results/pivot/p2_predictions.csv (skan4 panel, reference-mask biomarkers); sigma = results/gateA_biomarker_scales_train.csv; quality proxy feat_contrast from results/pivot/bio_master.csv (source=gt); CV protocol identical to src/pivot/e1_dose_response.py (5-fold x 3 repeats, seeds 0..2)"
hrf,logreg,hetero_reference,injected,0.4,,3,45,3,0.459968885362783,0.28950109126074397,3.885567006404817,0.611111111111111,-0.3592592592592594,"results/pivot/p2_predictions.csv (skan4 panel, reference-mask biomarkers); sigma = results/gateA_biomarker_scales_train.csv; quality proxy feat_contrast from results/pivot/bio_master.csv (source=gt); CV protocol identical to src/pivot/e1_dose_response.py (5-fold x 3 repeats, seeds 0..2)"
hrf,logreg,hetero_reference,injected,0.4,,4,45,3,0.16969199897402173,0.11606346036946108,3.8855670064048162,0.6133333333333333,-0.35703703703703715,"results/pivot/p2_predictions.csv (skan4 panel, reference-mask biomarkers); sigma = results/gateA_biomarker_scales_train.csv; quality proxy feat_contrast from results/pivot/bio_master.csv (source=gt); CV protocol identical to src/pivot/e1_dose_response.py (5-fold x 3 repeats, seeds 0..2)"
hrf,logreg,hetero_reference,injected,0.4,,5,45,3,0.2602599069702118,0.083777867228393,3.8855670064048162,0.6511111111111111,-0.31925925925925935,"results/pivot/p2_predictions.csv (skan4 panel, reference-mask biomarkers); sigma = results/gateA_biomarker_scales_train.csv; quality proxy feat_contrast from results/pivot/bio_master.csv (source=gt); CV protocol identical to src/pivot/e1_dose_response.py (5-fold x 3 repeats, seeds 0..2)"
hrf,logreg,hetero_reference,injected,0.4,,6,45,3,0.3850746621220514,0.1534705966273595,3.8855670064048162,0.5037037037037037,-0.4666666666666668,"results/pivot/p2_predictions.csv (skan4 panel, reference-mask biomarkers); sigma = results/gateA_biomarker_scales_train.csv; quality proxy feat_contrast from results/pivot/bio_master.csv (source=gt); CV protocol identical to src/pivot/e1_dose_response.py (5-fold x 3 repeats, seeds 0..2)"
hrf,logreg,hetero_reference,injected,0.4,,7,45,3,0.20880241983423448,-0.13124502840427119,3.8855670064048167,0.48962962962962964,-0.4807407407407408,"results/pivot/p2_predictions.csv (skan4 panel, reference-mask biomarkers); sigma = results/gateA_biomarker_scales_train.csv; quality proxy feat_contrast from results/pivot/bio_master.csv (source=gt); CV protocol identical to src/pivot/e1_dose_response.py (5-fold x 3 repeats, seeds 0..2)"
hrf,logreg,hetero_reference,injected,0.4,,8,45,3,0.06686913412004876,-0.28104558104814037,3.8855670064048167,0.43629629629629624,-0.5340740740740741,"results/pivot/p2_predictions.csv (skan4 panel, reference-mask biomarkers); sigma = results/gateA_biomarker_scales_train.csv; quality proxy feat_contrast from results/pivot/bio_master.csv (source=gt); CV protocol identical to src/pivot/e1_dose_response.py (5-fold x 3 repeats, seeds 0..2)"
hrf,logreg,hetero_reference,injected,0.4,,9,45,3,0.5418830662274945,0.3898637203131857,3.885567006404817,0.6444444444444444,-0.32592592592592606,"results/pivot/p2_predictions.csv (skan4 panel, reference-mask biomarkers); sigma = results/gateA_biomarker_scales_train.csv; quality proxy feat_contrast from results/pivot/bio_master.csv (source=gt); CV protocol identical to src/pivot/e1_dose_response.py (5-fold x 3 repeats, seeds 0..2)"
hrf,logreg,hetero_quality,injected,0.99,,0,45,3,0.9900046916225604,0.9898113641267522,0.2416384797031214,0.965925925925926,-0.004444444444444473,"results/pivot/p2_predictions.csv (skan4 panel, reference-mask biomarkers); sigma = results/gateA_biomarker_scales_train.csv; quality proxy feat_contrast from results/pivot/bio_master.csv (source=gt); CV protocol identical to src/pivot/e1_dose_response.py (5-fold x 3 repeats, seeds 0..2)"
hrf,logreg,hetero_quality,injected,0.99,,1,45,3,0.9900947284619547,0.9898126370828707,0.2416384797031212,0.9681481481481482,-0.0022222222222222365,"results/pivot/p2_predictions.csv (skan4 panel, reference-mask biomarkers); sigma = results/gateA_biomarker_scales_train.csv; quality proxy feat_contrast from results/pivot/bio_master.csv (source=gt); CV protocol identical to src/pivot/e1_dose_response.py (5-fold x 3 repeats, seeds 0..2)"
hrf,logreg,hetero_quality,injected,0.99,,2,45,3,0.9898659994593522,0.9897975003319558,0.24163847970312136,0.9637037037037036,-0.006666666666666821,"results/pivot/p2_predictions.csv (skan4 panel, reference-mask biomarkers); sigma = results/gateA_biomarker_scales_train.csv; quality proxy feat_contrast from results/pivot/bio_master.csv (source=gt); CV protocol identical to src/pivot/e1_dose_response.py (5-fold x 3 repeats, seeds 0..2)"
hrf,logreg,hetero_quality,injected,0.99,,3,45,3,0.9901413522007952,0.9898136545075752,0.24163847970312163,0.9637037037037036,-0.006666666666666821,"results/pivot/p2_predictions.csv (skan4 panel, reference-mask biomarkers); sigma = results/gateA_biomarker_scales_train.csv; quality proxy feat_contrast from results/pivot/bio_master.csv (source=gt); CV protocol identical to src/pivot/e1_dose_response.py (5-fold x 3 repeats, seeds 0..2)"
hrf,logreg,hetero_quality,injected,0.99,,4,45,3,0.9899200733334846,0.989802925346185,0.24163847970312186,0.9725925925925925,0.0022222222222220145,"results/pivot/p2_predictions.csv (skan4 panel, reference-mask biomarkers); sigma = results/gateA_biomarker_scales_train.csv; quality proxy feat_contrast from results/pivot/bio_master.csv (source=gt); CV protocol identical to src/pivot/e1_dose_response.py (5-fold x 3 repeats, seeds 0..2)"
hrf,logreg,hetero_quality,injected,0.99,,5,45,3,0.9900248947332438,0.9898403766413186,0.24163847970312113,0.9711111111111111,0.0007407407407407085,"results/pivot/p2_predictions.csv (skan4 panel, reference-mask biomarkers); sigma = results/gateA_biomarker_scales_train.csv; quality proxy feat_contrast from results/pivot/bio_master.csv (source=gt); CV protocol identical to src/pivot/e1_dose_response.py (5-fold x 3 repeats, seeds 0..2)"
hrf,logreg,hetero_quality,injected,0.99,,6,45,3,0.9901939219137353,0.9898099965899708,0.2416384797031213,0.9570370370370371,-0.013333333333333308,"results/pivot/p2_predictions.csv (skan4 panel, reference-mask biomarkers); sigma = results/gateA_biomarker_scales_train.csv; quality proxy feat_contrast from results/pivot/bio_master.csv (source=gt); CV protocol identical to src/pivot/e1_dose_response.py (5-fold x 3 repeats, seeds 0..2)"
hrf,logreg,hetero_quality,injected,0.99,,7,45,3,0.9898414453442665,0.989803270589322,0.24163847970312088,0.9651851851851853,-0.005185185185185182,"results/pivot/p2_predictions.csv (skan4 panel, reference-mask biomarkers); sigma = results/gateA_biomarker_scales_train.csv; quality proxy feat_contrast from results/pivot/bio_master.csv (source=gt); CV protocol identical to src/pivot/e1_dose_response.py (5-fold x 3 repeats, seeds 0..2)"
hrf,logreg,hetero_quality,injected,0.99,,8,45,3,0.9898789092752325,0.9898062180640721,0.24163847970312133,0.9644444444444445,-0.00592592592592589,"results/pivot/p2_predictions.csv (skan4 panel, reference-mask biomarkers); sigma = results/gateA_biomarker_scales_train.csv; quality proxy feat_contrast from results/pivot/bio_master.csv (source=gt); CV protocol identical to src/pivot/e1_dose_response.py (5-fold x 3 repeats, seeds 0..2)"
hrf,logreg,hetero_quality,injected,0.99,,9,45,3,0.9900161669039629,0.9897968605434785,0.24163847970312147,0.9681481481481482,-0.0022222222222222365,"results/pivot/p2_predictions.csv (skan4 panel, reference-mask biomarkers); sigma = results/gateA_biomarker_scales_train.csv; quality proxy feat_contrast from results/pivot/bio_master.csv (source=gt); CV protocol identical to src/pivot/e1_dose_response.py (5-fold x 3 repeats, seeds 0..2)"
hrf,logreg,hetero_quality,injected,0.95,,0,45,3,0.9485013927353163,0.9455444422877749,0.5573826597205782,0.9570370370370371,-0.013333333333333308,"results/pivot/p2_predictions.csv (skan4 panel, reference-mask biomarkers); sigma = results/gateA_biomarker_scales_train.csv; quality proxy feat_contrast from results/pivot/bio_master.csv (source=gt); CV protocol identical to src/pivot/e1_dose_response.py (5-fold x 3 repeats, seeds 0..2)"
hrf,logreg,hetero_quality,injected,0.95,,1,45,3,0.9504739680141181,0.9472522722402152,0.5573826597205779,0.9577777777777777,-0.01259259259259271,"results/pivot/p2_predictions.csv (skan4 panel, reference-mask biomarkers); sigma = results/gateA_biomarker_scales_train.csv; quality proxy feat_contrast from results/pivot/bio_master.csv (source=gt); CV protocol identical to src/pivot/e1_dose_response.py (5-fold x 3 repeats, seeds 0..2)"
hrf,logreg,hetero_quality,injected,0.95,,2,45,3,0.9476016761265894,0.9459697291763648,0.5573826597205782,0.9525925925925925,-0.017777777777777892,"results/pivot/p2_predictions.csv (skan4 panel, reference-mask biomarkers); sigma = results/gateA_biomarker_scales_train.csv; quality proxy feat_contrast from results/pivot/bio_master.csv (source=gt); CV protocol identical to src/pivot/e1_dose_response.py (5-fold x 3 repeats, seeds 0..2)"
hrf,logreg,hetero_quality,injected,0.95,,3,45,3,0.9494234021323545,0.9444624610211871,0.557382659720577,0.931111111111111,-0.03925925925925944,"results/pivot/p2_predictions.csv (skan4 panel, reference-mask biomarkers); sigma = results/gateA_biomarker_scales_train.csv; quality proxy feat_contrast from results/pivot/bio_master.csv (source=gt); CV protocol identical to src/pivot/e1_dose_response.py (5-fold x 3 repeats, seeds 0..2)"
hrf,logreg,hetero_quality,injected,0.95,,4,45,3,0.9480130588034313,0.9456700504048489,0.5573826597205785,0.9548148148148149,-0.015555555555555545,"results/pivot/p2_predictions.csv (skan4 panel, reference-mask biomarkers); sigma = results/gateA_biomarker_scales_train.csv; quality proxy feat_contrast from results/pivot/bio_master.csv (source=gt); CV protocol identical to src/pivot/e1_dose_response.py (5-fold x 3 repeats, seeds 0..2)"
hrf,logreg,hetero_quality,injected,0.95,,5,45,3,0.9470841022926613,0.9446984595457493,0.5573826597205783,0.9577777777777778,-0.0125925925925926,"results/pivot/p2_predictions.csv (skan4 panel, reference-mask biomarkers); sigma = results/gateA_biomarker_scales_train.csv; quality proxy feat_contrast from results/pivot/bio_master.csv (source=gt); CV protocol identical to src/pivot/e1_dose_response.py (5-fold x 3 repeats, seeds 0..2)"
hrf,logreg,hetero_quality,injected,0.95,,6,45,3,0.9511313416403067,0.9457333742047598,0.5573826597205783,0.9281481481481482,-0.04222222222222227,"results/pivot/p2_predictions.csv (skan4 panel, reference-mask biomarkers); sigma = results/gateA_biomarker_scales_train.csv; quality proxy feat_contrast from results/pivot/bio_master.csv (source=gt); CV protocol identical to src/pivot/e1_dose_response.py (5-fold x 3 repeats, seeds 0..2)"
hrf,logreg,hetero_quality,injected,0.95,,7,45,3,0.947192847895881,0.9453354826740571,0.5573826597205784,0.9503703703703703,-0.02000000000000013,"results/pivot/p2_predictions.csv (skan4 panel, reference-mask biomarkers); sigma = results/gateA_biomarker_scales_train.csv; quality proxy feat_contrast from results/pivot/bio_master.csv (source=gt); CV protocol identical to src/pivot/e1_dose_response.py (5-fold x 3 repeats, seeds 0..2)"
hrf,logreg,hetero_quality,injected,0.95,,8,45,3,0.9468517168846924,0.9450958985881571,0.5573826597205782,0.9548148148148149,-0.015555555555555545,"results/pivot/p2_predictions.csv (skan4 panel, reference-mask biomarkers); sigma = results/gateA_biomarker_scales_train.csv; quality proxy feat_contrast from results/pivot/bio_master.csv (source=gt); CV protocol identical to src/pivot/e1_dose_response.py (5-fold x 3 repeats, seeds 0..2)"
hrf,logreg,hetero_quality,injected,0.95,,9,45,3,0.948881509783632,0.9461241714467036,0.5573826597205774,0.9340740740740742,-0.03629629629629627,"results/pivot/p2_predictions.csv (skan4 panel, reference-mask biomarkers); sigma = results/gateA_biomarker_scales_train.csv; quality proxy feat_contrast from results/pivot/bio_master.csv (source=gt); CV protocol identical to src/pivot/e1_dose_response.py (5-fold x 3 repeats, seeds 0..2)"
hrf,logreg,hetero_quality,injected,0.9,,0,45,3,0.8946772106821952,0.8858175766027254,0.8213136525390783,0.9259259259259259,-0.04444444444444451,"results/pivot/p2_predictions.csv (skan4 panel, reference-mask biomarkers); sigma = results/gateA_biomarker_scales_train.csv; quality proxy feat_contrast from results/pivot/bio_master.csv (source=gt); CV protocol identical to src/pivot/e1_dose_response.py (5-fold x 3 repeats, seeds 0..2)"
hrf,logreg,hetero_quality,injected,0.9,,1,45,3,0.9008683042063421,0.8919539945363997,0.8213136525390787,0.9311111111111111,-0.03925925925925933,"results/pivot/p2_predictions.csv (skan4 panel, reference-mask biomarkers); sigma = results/gateA_biomarker_scales_train.csv; quality proxy feat_contrast from results/pivot/bio_master.csv (source=gt); CV protocol identical to src/pivot/e1_dose_response.py (5-fold x 3 repeats, seeds 0..2)"
hrf,logreg,hetero_quality,injected,0.9,,2,45,3,0.8927121254660467,0.887509675782327,0.8213136525390785,0.9333333333333332,-0.0370370370370372,"results/pivot/p2_predictions.csv (skan4 panel, reference-mask biomarkers); sigma = results/gateA_biomarker_scales_train.csv; quality proxy feat_contrast from results/pivot/bio_master.csv (source=gt); CV protocol identical to src/pivot/e1_dose_response.py (5-fold x 3 repeats, seeds 0..2)"
hrf,logreg,hetero_quality,injected,0.9,,3,45,3,0.8966674943704525,0.8792480623388798,0.8213136525390783,0.9029629629629631,-0.06740740740740736,"results/pivot/p2_predictions.csv (skan4 panel, reference-mask biomarkers); sigma = results/gateA_biomarker_scales_train.csv; quality proxy feat_contrast from results/pivot/bio_master.csv (source=gt); CV protocol identical to src/pivot/e1_dose_response.py (5-fold x 3 repeats, seeds 0..2)"
hrf,logreg,hetero_quality,injected,0.9,,4,45,3,0.8936824796473566,0.8863348922472907,0.8213136525390783,0.9266666666666667,-0.04370370370370369,"results/pivot/p2_predictions.csv (skan4 panel, reference-mask biomarkers); sigma = results/gateA_biomarker_scales_train.csv; quality proxy feat_contrast from results/pivot/bio_master.csv (source=gt); CV protocol identical to src/pivot/e1_dose_response.py (5-fold x 3 repeats, seeds 0..2)"
hrf,logreg,hetero_quality,injected,0.9,,5,45,3,0.8894222627349782,0.8815298295002245,0.8213136525390784,0.9296296296296297,-0.040740740740740744,"results/pivot/p2_predictions.csv (skan4 panel, reference-mask biomarkers); sigma = results/gateA_biomarker_scales_train.csv; quality proxy feat_contrast from results/pivot/bio_master.csv (source=gt); CV protocol identical to src/pivot/e1_dose_response.py (5-fold x 3 repeats, seeds 0..2)"
hrf,logreg,hetero_quality,injected,0.9,,6,45,3,0.9023108390675223,0.8865896102758632,0.8213136525390793,0.8903703703703704,-0.08000000000000007,"results/pivot/p2_predictions.csv (skan4 panel, reference-mask biomarkers); sigma = results/gateA_biomarker_scales_train.csv; quality proxy feat_contrast from results/pivot/bio_master.csv (source=gt); CV protocol identical to src/pivot/e1_dose_response.py (5-fold x 3 repeats, seeds 0..2)"
hrf,logreg,hetero_quality,injected,0.9,,7,45,3,0.8914768296908315,0.8849145958950854,0.8213136525390787,0.9281481481481482,-0.04222222222222227,"results/pivot/p2_predictions.csv (skan4 panel, reference-mask biomarkers); sigma = results/gateA_biomarker_scales_train.csv; quality proxy feat_contrast from results/pivot/bio_master.csv (source=gt); CV protocol identical to src/pivot/e1_dose_response.py (5-fold x 3 repeats, seeds 0..2)"
hrf,logreg,hetero_quality,injected,0.9,,8,45,3,0.8899223642258061,0.8837912705260271,0.8213136525390788,0.9296296296296296,-0.040740740740740855,"results/pivot/p2_predictions.csv (skan4 panel, reference-mask biomarkers); sigma = results/gateA_biomarker_scales_train.csv; quality proxy feat_contrast from results/pivot/bio_master.csv (source=gt); CV protocol identical to src/pivot/e1_dose_response.py (5-fold x 3 repeats, seeds 0..2)"
hrf,logreg,hetero_quality,injected,0.9,,9,45,3,0.8959361969514001,0.888088478231139,0.8213136525390785,0.9125925925925925,-0.05777777777777793,"results/pivot/p2_predictions.csv (skan4 panel, reference-mask biomarkers); sigma = results/gateA_biomarker_scales_train.csv; quality proxy feat_contrast from results/pivot/bio_master.csv (source=gt); CV protocol identical to src/pivot/e1_dose_response.py (5-fold x 3 repeats, seeds 0..2)"
hrf,logreg,hetero_quality,injected,0.8,,0,45,3,0.7834360214106668,0.7584760368197381,1.2718503517623594,0.8881481481481481,-0.08222222222222231,"results/pivot/p2_predictions.csv (skan4 panel, reference-mask biomarkers); sigma = results/gateA_biomarker_scales_train.csv; quality proxy feat_contrast from results/pivot/bio_master.csv (source=gt); CV protocol identical to src/pivot/e1_dose_response.py (5-fold x 3 repeats, seeds 0..2)"
hrf,logreg,hetero_quality,injected,0.8,,1,45,3,0.8014137328737668,0.7778018409608191,1.2718503517623596,0.8614814814814814,-0.10888888888888903,"results/pivot/p2_predictions.csv (skan4 panel, reference-mask biomarkers); sigma = results/gateA_biomarker_scales_train.csv; quality proxy feat_contrast from results/pivot/bio_master.csv (source=gt); CV protocol identical to src/pivot/e1_dose_response.py (5-fold x 3 repeats, seeds 0..2)"
hrf,logreg,hetero_quality,injected,0.8,,2,45,3,0.7793456967993979,0.7641017827544887,1.2718503517623594,0.8614814814814816,-0.10888888888888881,"results/pivot/p2_predictions.csv (skan4 panel, reference-mask biomarkers); sigma = results/gateA_biomarker_scales_train.csv; quality proxy feat_contrast from results/pivot/bio_master.csv (source=gt); CV protocol identical to src/pivot/e1_dose_response.py (5-fold x 3 repeats, seeds 0..2)"
hrf,logreg,hetero_quality,injected,0.8,,3,45,3,0.787303339066079,0.7326577321417913,1.2718503517623594,0.8562962962962962,-0.11407407407407422,"results/pivot/p2_predictions.csv (skan4 panel, reference-mask biomarkers); sigma = results/gateA_biomarker_scales_train.csv; quality proxy feat_contrast from results/pivot/bio_master.csv (source=gt); CV protocol identical to src/pivot/e1_dose_response.py (5-fold x 3 repeats, seeds 0..2)"
hrf,logreg,hetero_quality,injected,0.8,,4,45,3,0.7815351352391277,0.7602253875003355,1.2718503517623598,0.8785185185185186,-0.09185185185185185,"results/pivot/p2_predictions.csv (skan4 panel, reference-mask biomarkers); sigma = results/gateA_biomarker_scales_train.csv; quality proxy feat_contrast from results/pivot/bio_master.csv (source=gt); CV protocol identical to src/pivot/e1_dose_response.py (5-fold x 3 repeats, seeds 0..2)"
hrf,logreg,hetero_quality,injected,0.8,,5,45,3,0.7664900156569536,0.74263063724814,1.2718503517623596,0.8674074074074074,-0.10296296296296303,"results/pivot/p2_predictions.csv (skan4 panel, reference-mask biomarkers); sigma = results/gateA_biomarker_scales_train.csv; quality proxy feat_contrast from results/pivot/bio_master.csv (source=gt); CV protocol identical to src/pivot/e1_dose_response.py (5-fold x 3 repeats, seeds 0..2)"
hrf,logreg,hetero_quality,injected,0.8,,6,45,3,0.8044113879404629,0.7610768506918592,1.2718503517623594,0.8237037037037037,-0.14666666666666672,"results/pivot/p2_predictions.csv (skan4 panel, reference-mask biomarkers); sigma = results/gateA_biomarker_scales_train.csv; quality proxy feat_contrast from results/pivot/bio_master.csv (source=gt); CV protocol identical to src/pivot/e1_dose_response.py (5-fold x 3 repeats, seeds 0..2)"
hrf,logreg,hetero_quality,injected,0.8,,7,45,3,0.7758351231594228,0.7553529860125936,1.2718503517623603,0.8740740740740739,-0.09629629629629655,"results/pivot/p2_predictions.csv (skan4 panel, reference-mask biomarkers); sigma = results/gateA_biomarker_scales_train.csv; quality proxy feat_contrast from results/pivot/bio_master.csv (source=gt); CV protocol identical to src/pivot/e1_dose_response.py (5-fold x 3 repeats, seeds 0..2)"
hrf,logreg,hetero_quality,injected,0.8,,8,45,3,0.7703661370290404,0.7513283659889759,1.27185035176236,0.8844444444444445,-0.08592592592592596,"results/pivot/p2_predictions.csv (skan4 panel, reference-mask biomarkers); sigma = results/gateA_biomarker_scales_train.csv; quality proxy feat_contrast from results/pivot/bio_master.csv (source=gt); CV protocol identical to src/pivot/e1_dose_response.py (5-fold x 3 repeats, seeds 0..2)"
hrf,logreg,hetero_quality,injected,0.8,,9,45,3,0.7872508201287336,0.7659668464419022,1.2718503517623592,0.8488888888888889,-0.12148148148148152,"results/pivot/p2_predictions.csv (skan4 panel, reference-mask biomarkers); sigma = results/gateA_biomarker_scales_train.csv; quality proxy feat_contrast from results/pivot/bio_master.csv (source=gt); CV protocol identical to src/pivot/e1_dose_response.py (5-fold x 3 repeats, seeds 0..2)"
hrf,logreg,hetero_quality,injected,0.7,,0,45,3,0.6701207842394066,0.6266355388262672,1.7300625255100839,0.8274074074074074,-0.14296296296296307,"results/pivot/p2_predictions.csv (skan4 panel, reference-mask biomarkers); sigma = results/gateA_biomarker_scales_train.csv; quality proxy feat_contrast from results/pivot/bio_master.csv (source=gt); CV protocol identical to src/pivot/e1_dose_response.py (5-fold x 3 repeats, seeds 0..2)"
hrf,logreg,hetero_quality,injected,0.7,,1,45,3,0.7017938656935767,0.6616981144579928,1.7300625255100834,0.8059259259259259,-0.1644444444444445,"results/pivot/p2_predictions.csv (skan4 panel, reference-mask biomarkers); sigma = results/gateA_biomarker_scales_train.csv; quality proxy feat_contrast from results/pivot/bio_master.csv (source=gt); CV protocol identical to src/pivot/e1_dose_response.py (5-fold x 3 repeats, seeds 0..2)"
hrf,logreg,hetero_quality,injected,0.7,,2,45,3,0.6639758624982331,0.637037028893191,1.7300625255100843,0.7933333333333334,-0.177037037037037,"results/pivot/p2_predictions.csv (skan4 panel, reference-mask biomarkers); sigma = results/gateA_biomarker_scales_train.csv; quality proxy feat_contrast from results/pivot/bio_master.csv (source=gt); CV protocol identical to src/pivot/e1_dose_response.py (5-fold x 3 repeats, seeds 0..2)"
hrf,logreg,hetero_quality,injected,0.7,,3,45,3,0.675550376985509,0.5762464365323013,1.7300625255100845,0.8014814814814816,-0.16888888888888887,"results/pivot/p2_predictions.csv (skan4 panel, reference-mask biomarkers); sigma = results/gateA_biomarker_scales_train.csv; quality proxy feat_contrast from results/pivot/bio_master.csv (source=gt); CV protocol identical to src/pivot/e1_dose_response.py (5-fold x 3 repeats, seeds 0..2)"
hrf,logreg,hetero_quality,injected,0.7,,4,45,3,0.6674075740698234,0.6298886702846279,1.7300625255100839,0.8266666666666667,-0.14370370370370378,"results/pivot/p2_predictions.csv (skan4 panel, reference-mask biomarkers); sigma = results/gateA_biomarker_scales_train.csv; quality proxy feat_contrast from results/pivot/bio_master.csv (source=gt); CV protocol identical to src/pivot/e1_dose_response.py (5-fold x 3 repeats, seeds 0..2)"
hrf,logreg,hetero_quality,injected,0.7,,5,45,3,0.6390591173857252,0.5962972321516926,1.7300625255100837,0.8074074074074075,-0.16296296296296298,"results/pivot/p2_predictions.csv (skan4 panel, reference-mask biomarkers); sigma = results/gateA_biomarker_scales_train.csv; quality proxy feat_contrast from results/pivot/bio_master.csv (source=gt); CV protocol identical to src/pivot/e1_dose_response.py (5-fold x 3 repeats, seeds 0..2)"
hrf,logreg,hetero_quality,injected,0.7,,6,45,3,0.7062821472272793,0.6314658499203107,1.7300625255100837,0.7503703703703705,-0.21999999999999997,"results/pivot/p2_predictions.csv (skan4 panel, reference-mask biomarkers); sigma = results/gateA_biomarker_scales_train.csv; quality proxy feat_contrast from results/pivot/bio_master.csv (source=gt); CV protocol identical to src/pivot/e1_dose_response.py (5-fold x 3 repeats, seeds 0..2)"
hrf,logreg,hetero_quality,injected,0.7,,7,45,3,0.6578327164875878,0.6207837286168154,1.7300625255100837,0.8007407407407409,-0.16962962962962957,"results/pivot/p2_predictions.csv (skan4 panel, reference-mask biomarkers); sigma = results/gateA_biomarker_scales_train.csv; quality proxy feat_contrast from results/pivot/bio_master.csv (source=gt); CV protocol identical to src/pivot/e1_dose_response.py (5-fold x 3 repeats, seeds 0..2)"
hrf,logreg,hetero_quality,injected,0.7,,8,45,3,0.6475452779422143,0.6131548987592486,1.7300625255100834,0.8348148148148148,-0.13555555555555565,"results/pivot/p2_predictions.csv (skan4 panel, reference-mask biomarkers); sigma = results/gateA_biomarker_scales_train.csv; quality proxy feat_contrast from results/pivot/bio_master.csv (source=gt); CV protocol identical to src/pivot/e1_dose_response.py (5-fold x 3 repeats, seeds 0..2)"
hrf,logreg,hetero_quality,injected,0.7,,9,45,3,0.6769647270270664,0.6404479072185333,1.7300625255100839,0.7622222222222224,-0.20814814814814808,"results/pivot/p2_predictions.csv (skan4 panel, reference-mask biomarkers); sigma = results/gateA_biomarker_scales_train.csv; quality proxy feat_contrast from results/pivot/bio_master.csv (source=gt); CV protocol identical to src/pivot/e1_dose_response.py (5-fold x 3 repeats, seeds 0..2)"
hrf,logreg,hetero_quality,injected,0.6,,0,45,3,0.5568666543674796,0.4949269727137547,2.2610672920219725,0.762962962962963,-0.20740740740740748,"results/pivot/p2_predictions.csv (skan4 panel, reference-mask biomarkers); sigma = results/gateA_biomarker_scales_train.csv; quality proxy feat_contrast from results/pivot/bio_master.csv (source=gt); CV protocol identical to src/pivot/e1_dose_response.py (5-fold x 3 repeats, seeds 0..2)"
hrf,logreg,hetero_quality,injected,0.6,,1,45,3,0.6021791477011352,0.5456506066494929,2.2610672920219725,0.7533333333333333,-0.21703703703703714,"results/pivot/p2_predictions.csv (skan4 panel, reference-mask biomarkers); sigma = results/gateA_biomarker_scales_train.csv; quality proxy feat_contrast from results/pivot/bio_master.csv (source=gt); CV protocol identical to src/pivot/e1_dose_response.py (5-fold x 3 repeats, seeds 0..2)"
hrf,logreg,hetero_quality,injected,0.6,,2,45,3,0.5486642037514031,0.5100789209674003,2.261067292021973,0.7362962962962962,-0.2340740740740742,"results/pivot/p2_predictions.csv (skan4 panel, reference-mask biomarkers); sigma = results/gateA_biomarker_scales_train.csv; quality proxy feat_contrast from results/pivot/bio_master.csv (source=gt); CV protocol identical to src/pivot/e1_dose_response.py (5-fold x 3 repeats, seeds 0..2)"
hrf,logreg,hetero_quality,injected,0.6,,3,45,3,0.5638701583386129,0.42013194216875793,2.2610672920219717,0.737037037037037,-0.2333333333333334,"results/pivot/p2_predictions.csv (skan4 panel, reference-mask biomarkers); sigma = results/gateA_biomarker_scales_train.csv; quality proxy feat_contrast from results/pivot/bio_master.csv (source=gt); CV protocol identical to src/pivot/e1_dose_response.py (5-fold x 3 repeats, seeds 0..2)"
hrf,logreg,hetero_quality,injected,0.6,,4,45,3,0.5533379621245377,0.4996756989177607,2.2610672920219725,0.7940740740740742,-0.17629629629629628,"results/pivot/p2_predictions.csv (skan4 panel, reference-mask biomarkers); sigma = results/gateA_biomarker_scales_train.csv; quality proxy feat_contrast from results/pivot/bio_master.csv (source=gt); CV protocol identical to src/pivot/e1_dose_response.py (5-fold x 3 repeats, seeds 0..2)"
hrf,logreg,hetero_quality,injected,0.6,,5,45,3,0.5117623294599487,0.4501856671386009,2.261067292021971,0.7503703703703705,-0.21999999999999997,"results/pivot/p2_predictions.csv (skan4 panel, reference-mask biomarkers); sigma = results/gateA_biomarker_scales_train.csv; quality proxy feat_contrast from results/pivot/bio_master.csv (source=gt); CV protocol identical to src/pivot/e1_dose_response.py (5-fold x 3 repeats, seeds 0..2)"
hrf,logreg,hetero_quality,injected,0.6,,6,45,3,0.6081606589193563,0.5019747185471725,2.2610672920219725,0.6933333333333334,-0.2770370370370371,"results/pivot/p2_predictions.csv (skan4 panel, reference-mask biomarkers); sigma = results/gateA_biomarker_scales_train.csv; quality proxy feat_contrast from results/pivot/bio_master.csv (source=gt); CV protocol identical to src/pivot/e1_dose_response.py (5-fold x 3 repeats, seeds 0..2)"
hrf,logreg,hetero_quality,injected,0.6,,7,45,3,0.5398990128941986,0.4863617921362973,2.2610672920219734,0.7237037037037037,-0.2466666666666667,"results/pivot/p2_predictions.csv (skan4 panel, reference-mask biomarkers); sigma = results/gateA_biomarker_scales_train.csv; quality proxy feat_contrast from results/pivot/bio_master.csv (source=gt); CV protocol identical to src/pivot/e1_dose_response.py (5-fold x 3 repeats, seeds 0..2)"
hrf,logreg,hetero_quality,injected,0.6,,8,45,3,0.5248203745146993,0.4751501536514101,2.261067292021973,0.7733333333333334,-0.197037037037037,"results/pivot/p2_predictions.csv (skan4 panel, reference-mask biomarkers); sigma = results/gateA_biomarker_scales_train.csv; quality proxy feat_contrast from results/pivot/bio_master.csv (source=gt); CV protocol identical to src/pivot/e1_dose_response.py (5-fold x 3 repeats, seeds 0..2)"
hrf,logreg,hetero_quality,injected,0.6,,9,45,3,0.5667256051055868,0.5150278695339848,2.261067292021973,0.6896296296296297,-0.28074074074074074,"results/pivot/p2_predictions.csv (skan4 panel, reference-mask biomarkers); sigma = results/gateA_biomarker_scales_train.csv; quality proxy feat_contrast from results/pivot/bio_master.csv (source=gt); CV protocol identical to src/pivot/e1_dose_response.py (5-fold x 3 repeats, seeds 0..2)"
hrf,logreg,hetero_quality,injected,0.5,,0,45,3,0.4450482527881194,0.3663276015641682,2.9372125718356745,0.6755555555555555,-0.294814814814815,"results/pivot/p2_predictions.csv (skan4 panel, reference-mask biomarkers); sigma = results/gateA_biomarker_scales_train.csv; quality proxy feat_contrast from results/pivot/bio_master.csv (source=gt); CV protocol identical to src/pivot/e1_dose_response.py (5-fold x 3 repeats, seeds 0..2)"
hrf,logreg,hetero_quality,injected,0.5,,1,45,3,0.502681180165064,0.43094387610331375,2.9372125718356745,0.7074074074074074,-0.26296296296296306,"results/pivot/p2_predictions.csv (skan4 panel, reference-mask biomarkers); sigma = results/gateA_biomarker_scales_train.csv; quality proxy feat_contrast from results/pivot/bio_master.csv (source=gt); CV protocol identical to src/pivot/e1_dose_response.py (5-fold x 3 repeats, seeds 0..2)"
hrf,logreg,hetero_quality,injected,0.5,,2,45,3,0.4347326031477046,0.38564344460282707,2.9372125718356736,0.6977777777777779,-0.2725925925925925,"results/pivot/p2_predictions.csv (skan4 panel, reference-mask biomarkers); sigma = results/gateA_biomarker_scales_train.csv; quality proxy feat_contrast from results/pivot/bio_master.csv (source=gt); CV protocol identical to src/pivot/e1_dose_response.py (5-fold x 3 repeats, seeds 0..2)"
hrf,logreg,hetero_quality,injected,0.5,,3,45,3,0.45386141974313987,0.27087100656916857,2.9372125718356754,0.6874074074074074,-0.2829629629629631,"results/pivot/p2_predictions.csv (skan4 panel, reference-mask biomarkers); sigma = results/gateA_biomarker_scales_train.csv; quality proxy feat_contrast from results/pivot/bio_master.csv (source=gt); CV protocol identical to src/pivot/e1_dose_response.py (5-fold x 3 repeats, seeds 0..2)"
hrf,logreg,hetero_quality,injected,0.5,,4,45,3,0.4406359529410929,0.37238243937399274,2.9372125718356745,0.7570370370370371,-0.21333333333333337,"results/pivot/p2_predictions.csv (skan4 panel, reference-mask biomarkers); sigma = results/gateA_biomarker_scales_train.csv; quality proxy feat_contrast from results/pivot/bio_master.csv (source=gt); CV protocol identical to src/pivot/e1_dose_response.py (5-fold x 3 repeats, seeds 0..2)"
hrf,logreg,hetero_quality,injected,0.5,,5,45,3,0.38759141628802996,0.309241036061446,2.9372125718356736,0.6948148148148148,-0.27555555555555566,"results/pivot/p2_predictions.csv (skan4 panel, reference-mask biomarkers); sigma = results/gateA_biomarker_scales_train.csv; quality proxy feat_contrast from results/pivot/bio_master.csv (source=gt); CV protocol identical to src/pivot/e1_dose_response.py (5-fold x 3 repeats, seeds 0..2)"
hrf,logreg,hetero_quality,injected,0.5,,6,45,3,0.5102061634620693,0.37531343517395505,2.9372125718356745,0.6296296296296297,-0.3407407407407408,"results/pivot/p2_predictions.csv (skan4 panel, reference-mask biomarkers); sigma = results/gateA_biomarker_scales_train.csv; quality proxy feat_contrast from results/pivot/bio_master.csv (source=gt); CV protocol identical to src/pivot/e1_dose_response.py (5-fold x 3 repeats, seeds 0..2)"
hrf,logreg,hetero_quality,injected,0.5,,7,45,3,0.423592622919757,0.3554042409729095,2.937212571835674,0.6592592592592593,-0.3111111111111111,"results/pivot/p2_predictions.csv (skan4 panel, reference-mask biomarkers); sigma = results/gateA_biomarker_scales_train.csv; quality proxy feat_contrast from results/pivot/bio_master.csv (source=gt); CV protocol identical to src/pivot/e1_dose_response.py (5-fold x 3 repeats, seeds 0..2)"
hrf,logreg,hetero_quality,injected,0.5,,8,45,3,0.40435329007540777,0.34110161869103334,2.9372125718356727,0.7311111111111112,-0.23925925925925928,"results/pivot/p2_predictions.csv (skan4 panel, reference-mask biomarkers); sigma = results/gateA_biomarker_scales_train.csv; quality proxy feat_contrast from results/pivot/bio_master.csv (source=gt); CV protocol identical to src/pivot/e1_dose_response.py (5-fold x 3 repeats, seeds 0..2)"
hrf,logreg,hetero_quality,injected,0.5,,9,45,3,0.45759313519190464,0.391950046122614,2.9372125718356745,0.6281481481481481,-0.3422222222222223,"results/pivot/p2_predictions.csv (skan4 panel, reference-mask biomarkers); sigma = results/gateA_biomarker_scales_train.csv; quality proxy feat_contrast from results/pivot/bio_master.csv (source=gt); CV protocol identical to src/pivot/e1_dose_response.py (5-fold x 3 repeats, seeds 0..2)"
hrf,logreg,hetero_quality,injected,0.4,,0,45,3,0.33549179501447757,0.24266394243442319,3.885567006404816,0.5844444444444444,-0.385925925925926,"results/pivot/p2_predictions.csv (skan4 panel, reference-mask biomarkers); sigma = results/gateA_biomarker_scales_train.csv; quality proxy feat_contrast from results/pivot/bio_master.csv (source=gt); CV protocol identical to src/pivot/e1_dose_response.py (5-fold x 3 repeats, seeds 0..2)"
hrf,logreg,hetero_quality,injected,0.4,,1,45,3,0.4033502520329658,0.31842244727879504,3.885567006404816,0.6407407407407407,-0.3296296296296297,"results/pivot/p2_predictions.csv (skan4 panel, reference-mask biomarkers); sigma = results/gateA_biomarker_scales_train.csv; quality proxy feat_contrast from results/pivot/bio_master.csv (source=gt); CV protocol identical to src/pivot/e1_dose_response.py (5-fold x 3 repeats, seeds 0..2)"
hrf,logreg,hetero_quality,injected,0.4,,2,45,3,0.32302382564061727,0.2652453824699678,3.885567006404816,0.6666666666666666,-0.3037037037037038,"results/pivot/p2_predictions.csv (skan4 panel, reference-mask biomarkers); sigma = results/gateA_biomarker_scales_train.csv; quality proxy feat_contrast from results/pivot/bio_master.csv (source=gt); CV protocol identical to src/pivot/e1_dose_response.py (5-fold x 3 repeats, seeds 0..2)"
hrf,logreg,hetero_quality,injected,0.4,,3,45,3,0.34635936799848366,0.1320187129872152,3.885567006404817,0.6481481481481483,-0.3222222222222222,"results/pivot/p2_predictions.csv (skan4 panel, reference-mask biomarkers); sigma = results/gateA_biomarker_scales_train.csv; quality proxy feat_contrast from results/pivot/bio_master.csv (source=gt); CV protocol identical to src/pivot/e1_dose_response.py (5-fold x 3 repeats, seeds 0..2)"
hrf,logreg,hetero_quality,injected,0.4,,4,45,3,0.3301114031957597,0.2497361045760203,3.8855670064048153,0.7125925925925927,-0.2577777777777778,"results/pivot/p2_predictions.csv (skan4 panel, reference-mask biomarkers); sigma = results/gateA_biomarker_scales_train.csv; quality proxy feat_contrast from results/pivot/bio_master.csv (source=gt); CV protocol identical to src/pivot/e1_dose_response.py (5-fold x 3 repeats, seeds 0..2)"
hrf,logreg,hetero_quality,injected,0.4,,5,45,3,0.2682621280947785,0.17629088767209983,3.885567006404817,0.6251851851851851,-0.3451851851851854,"results/pivot/p2_predictions.csv (skan4 panel, reference-mask biomarkers); sigma = results/gateA_biomarker_scales_train.csv; quality proxy feat_contrast from results/pivot/bio_master.csv (source=gt); CV protocol identical to src/pivot/e1_dose_response.py (5-fold x 3 repeats, seeds 0..2)"
hrf,logreg,hetero_quality,injected,0.4,,6,45,3,0.41245769239146446,0.2531616569692261,3.8855670064048162,0.5696296296296296,-0.40074074074074084,"results/pivot/p2_predictions.csv (skan4 panel, reference-mask biomarkers); sigma = results/gateA_biomarker_scales_train.csv; quality proxy feat_contrast from results/pivot/bio_master.csv (source=gt); CV protocol identical to src/pivot/e1_dose_response.py (5-fold x 3 repeats, seeds 0..2)"
hrf,logreg,hetero_quality,injected,0.4,,7,45,3,0.30989928818834556,0.2299202902156762,3.8855670064048162,0.6059259259259259,-0.36444444444444457,"results/pivot/p2_predictions.csv (skan4 panel, reference-mask biomarkers); sigma = results/gateA_biomarker_scales_train.csv; quality proxy feat_contrast from results/pivot/bio_master.csv (source=gt); CV protocol identical to src/pivot/e1_dose_response.py (5-fold x 3 repeats, seeds 0..2)"
hrf,logreg,hetero_quality,injected,0.4,,8,45,3,0.2874586440182875,0.213264363155907,3.8855670064048167,0.6985185185185184,-0.271851851851852,"results/pivot/p2_predictions.csv (skan4 panel, reference-mask biomarkers); sigma = results/gateA_biomarker_scales_train.csv; quality proxy feat_contrast from results/pivot/bio_master.csv (source=gt); CV protocol identical to src/pivot/e1_dose_response.py (5-fold x 3 repeats, seeds 0..2)"
hrf,logreg,hetero_quality,injected,0.4,,9,45,3,0.35021417206953476,0.27263069219267766,3.885567006404817,0.5718518518518518,-0.3985185185185186,"results/pivot/p2_predictions.csv (skan4 panel, reference-mask biomarkers); sigma = results/gateA_biomarker_scales_train.csv; quality proxy feat_contrast from results/pivot/bio_master.csv (source=gt); CV protocol identical to src/pivot/e1_dose_response.py (5-fold x 3 repeats, seeds 0..2)"
hrf,logreg,label_dependent,injected,0.99,,0,45,3,0.9907442860523477,0.9897959173051547,0.2416384797031213,0.9451851851851852,-0.0251851851851852,"results/pivot/p2_predictions.csv (skan4 panel, reference-mask biomarkers); sigma = results/gateA_biomarker_scales_train.csv; quality proxy feat_contrast from results/pivot/bio_master.csv (source=gt); CV protocol identical to src/pivot/e1_dose_response.py (5-fold x 3 repeats, seeds 0..2)"
hrf,logreg,label_dependent,injected,0.99,,1,45,3,0.9901417625063423,0.9898120828069782,0.24163847970312105,0.9562962962962963,-0.014074074074074128,"results/pivot/p2_predictions.csv (skan4 panel, reference-mask biomarkers); sigma = results/gateA_biomarker_scales_train.csv; quality proxy feat_contrast from results/pivot/bio_master.csv (source=gt); CV protocol identical to src/pivot/e1_dose_response.py (5-fold x 3 repeats, seeds 0..2)"
hrf,logreg,label_dependent,injected,0.99,,2,45,3,0.9903487206379264,0.9898124774297586,0.24163847970312122,0.9392592592592592,-0.0311111111111112,"results/pivot/p2_predictions.csv (skan4 panel, reference-mask biomarkers); sigma = results/gateA_biomarker_scales_train.csv; quality proxy feat_contrast from results/pivot/bio_master.csv (source=gt); CV protocol identical to src/pivot/e1_dose_response.py (5-fold x 3 repeats, seeds 0..2)"
hrf,logreg,label_dependent,injected,0.99,,3,45,3,0.9906106792189734,0.9899412993926061,0.2416384797031212,0.937037037037037,-0.03333333333333344,"results/pivot/p2_predictions.csv (skan4 panel, reference-mask biomarkers); sigma = results/gateA_biomarker_scales_train.csv; quality proxy feat_contrast from results/pivot/bio_master.csv (source=gt); CV protocol identical to src/pivot/e1_dose_response.py (5-fold x 3 repeats, seeds 0..2)"
hrf,logreg,label_dependent,injected,0.99,,4,45,3,0.9908427405485687,0.9898313542403995,0.24163847970312063,0.9481481481481482,-0.022222222222222254,"results/pivot/p2_predictions.csv (skan4 panel, reference-mask biomarkers); sigma = results/gateA_biomarker_scales_train.csv; quality proxy feat_contrast from results/pivot/bio_master.csv (source=gt); CV protocol identical to src/pivot/e1_dose_response.py (5-fold x 3 repeats, seeds 0..2)"
hrf,logreg,label_dependent,injected,0.99,,5,45,3,0.9907274422800932,0.9900012302935739,0.24163847970312122,0.957037037037037,-0.01333333333333342,"results/pivot/p2_predictions.csv (skan4 panel, reference-mask biomarkers); sigma = results/gateA_biomarker_scales_train.csv; quality proxy feat_contrast from results/pivot/bio_master.csv (source=gt); CV protocol identical to src/pivot/e1_dose_response.py (5-fold x 3 repeats, seeds 0..2)"
hrf,logreg,label_dependent,injected,0.99,,6,45,3,0.9906899823257233,0.9901890510630714,0.24163847970312174,0.9333333333333332,-0.0370370370370372,"results/pivot/p2_predictions.csv (skan4 panel, reference-mask biomarkers); sigma = results/gateA_biomarker_scales_train.csv; quality proxy feat_contrast from results/pivot/bio_master.csv (source=gt); CV protocol identical to src/pivot/e1_dose_response.py (5-fold x 3 repeats, seeds 0..2)"
hrf,logreg,label_dependent,injected,0.99,,7,45,3,0.9907981072662648,0.9897960486513864,0.24163847970312047,0.9414814814814815,-0.028888888888888964,"results/pivot/p2_predictions.csv (skan4 panel, reference-mask biomarkers); sigma = results/gateA_biomarker_scales_train.csv; quality proxy feat_contrast from results/pivot/bio_master.csv (source=gt); CV protocol identical to src/pivot/e1_dose_response.py (5-fold x 3 repeats, seeds 0..2)"
hrf,logreg,label_dependent,injected,0.99,,8,45,3,0.9912198301496787,0.989880046518518,0.24163847970312158,0.9429629629629629,-0.027407407407407547,"results/pivot/p2_predictions.csv (skan4 panel, reference-mask biomarkers); sigma = results/gateA_biomarker_scales_train.csv; quality proxy feat_contrast from results/pivot/bio_master.csv (source=gt); CV protocol identical to src/pivot/e1_dose_response.py (5-fold x 3 repeats, seeds 0..2)"
hrf,logreg,label_dependent,injected,0.99,,9,45,3,0.9902599163949573,0.9897983157438781,0.24163847970312094,0.9414814814814815,-0.028888888888888964,"results/pivot/p2_predictions.csv (skan4 panel, reference-mask biomarkers); sigma = results/gateA_biomarker_scales_train.csv; quality proxy feat_contrast from results/pivot/bio_master.csv (source=gt); CV protocol identical to src/pivot/e1_dose_response.py (5-fold x 3 repeats, seeds 0..2)"
hrf,logreg,label_dependent,injected,0.95,,0,45,3,0.947439127772864,0.9448467543307186,0.5573826597205775,0.8748148148148148,-0.09555555555555562,"results/pivot/p2_predictions.csv (skan4 panel, reference-mask biomarkers); sigma = results/gateA_biomarker_scales_train.csv; quality proxy feat_contrast from results/pivot/bio_master.csv (source=gt); CV protocol identical to src/pivot/e1_dose_response.py (5-fold x 3 repeats, seeds 0..2)"
hrf,logreg,label_dependent,injected,0.95,,1,45,3,0.9464692798237245,0.9446861823761327,0.5573826597205781,0.8866666666666667,-0.08370370370370372,"results/pivot/p2_predictions.csv (skan4 panel, reference-mask biomarkers); sigma = results/gateA_biomarker_scales_train.csv; quality proxy feat_contrast from results/pivot/bio_master.csv (source=gt); CV protocol identical to src/pivot/e1_dose_response.py (5-fold x 3 repeats, seeds 0..2)"
hrf,logreg,label_dependent,injected,0.95,,2,45,3,0.9464832880315577,0.9449785029128857,0.557382659720578,0.8844444444444445,-0.08592592592592596,"results/pivot/p2_predictions.csv (skan4 panel, reference-mask biomarkers); sigma = results/gateA_biomarker_scales_train.csv; quality proxy feat_contrast from results/pivot/bio_master.csv (source=gt); CV protocol identical to src/pivot/e1_dose_response.py (5-fold x 3 repeats, seeds 0..2)"
hrf,logreg,label_dependent,injected,0.95,,3,45,3,0.9481675239198709,0.9449146291326392,0.5573826597205772,0.8577777777777778,-0.11259259259259269,"results/pivot/p2_predictions.csv (skan4 panel, reference-mask biomarkers); sigma = results/gateA_biomarker_scales_train.csv; quality proxy feat_contrast from results/pivot/bio_master.csv (source=gt); CV protocol identical to src/pivot/e1_dose_response.py (5-fold x 3 repeats, seeds 0..2)"
hrf,logreg,label_dependent,injected,0.95,,4,45,3,0.9469015441468736,0.9452091895064306,0.5573826597205779,0.9007407407407407,-0.06962962962962971,"results/pivot/p2_predictions.csv (skan4 panel, reference-mask biomarkers); sigma = results/gateA_biomarker_scales_train.csv; quality proxy feat_contrast from results/pivot/bio_master.csv (source=gt); CV protocol identical to src/pivot/e1_dose_response.py (5-fold x 3 repeats, seeds 0..2)"
hrf,logreg,label_dependent,injected,0.95,,5,45,3,0.9458840522675327,0.9445735099027583,0.557382659720578,0.8933333333333334,-0.07703703703703701,"results/pivot/p2_predictions.csv (skan4 panel, reference-mask biomarkers); sigma = results/gateA_biomarker_scales_train.csv; quality proxy feat_contrast from results/pivot/bio_master.csv (source=gt); CV protocol identical to src/pivot/e1_dose_response.py (5-fold x 3 repeats, seeds 0..2)"
hrf,logreg,label_dependent,injected,0.95,,6,45,3,0.9493518747379388,0.9446905892807546,0.5573826597205779,0.8629629629629628,-0.10740740740740762,"results/pivot/p2_predictions.csv (skan4 panel, reference-mask biomarkers); sigma = results/gateA_biomarker_scales_train.csv; quality proxy feat_contrast from results/pivot/bio_master.csv (source=gt); CV protocol identical to src/pivot/e1_dose_response.py (5-fold x 3 repeats, seeds 0..2)"
hrf,logreg,label_dependent,injected,0.95,,7,45,3,0.9476115256327761,0.9463223282581095,0.5573826597205781,0.8903703703703704,-0.08000000000000007,"results/pivot/p2_predictions.csv (skan4 panel, reference-mask biomarkers); sigma = results/gateA_biomarker_scales_train.csv; quality proxy feat_contrast from results/pivot/bio_master.csv (source=gt); CV protocol identical to src/pivot/e1_dose_response.py (5-fold x 3 repeats, seeds 0..2)"
hrf,logreg,label_dependent,injected,0.95,,8,45,3,0.9483077106572338,0.9449485479191092,0.557382659720579,0.8903703703703704,-0.08000000000000007,"results/pivot/p2_predictions.csv (skan4 panel, reference-mask biomarkers); sigma = results/gateA_biomarker_scales_train.csv; quality proxy feat_contrast from results/pivot/bio_master.csv (source=gt); CV protocol identical to src/pivot/e1_dose_response.py (5-fold x 3 repeats, seeds 0..2)"
hrf,logreg,label_dependent,injected,0.95,,9,45,3,0.9462347253701561,0.9445242849391652,0.5573826597205791,0.885925925925926,-0.08444444444444443,"results/pivot/p2_predictions.csv (skan4 panel, reference-mask biomarkers); sigma = results/gateA_biomarker_scales_train.csv; quality proxy feat_contrast from results/pivot/bio_master.csv (source=gt); CV protocol identical to src/pivot/e1_dose_response.py (5-fold x 3 repeats, seeds 0..2)"
hrf,logreg,label_dependent,injected,0.9,,0,45,3,0.8832776974328924,0.8758656780440146,0.8213136525390787,0.7859259259259259,-0.18444444444444452,"results/pivot/p2_predictions.csv (skan4 panel, reference-mask biomarkers); sigma = results/gateA_biomarker_scales_train.csv; quality proxy feat_contrast from results/pivot/bio_master.csv (source=gt); CV protocol identical to src/pivot/e1_dose_response.py (5-fold x 3 repeats, seeds 0..2)"
hrf,logreg,label_dependent,injected,0.9,,1,45,3,0.8859454104143724,0.8750287158522131,0.8213136525390796,0.8081481481481482,-0.16222222222222227,"results/pivot/p2_predictions.csv (skan4 panel, reference-mask biomarkers); sigma = results/gateA_biomarker_scales_train.csv; quality proxy feat_contrast from results/pivot/bio_master.csv (source=gt); CV protocol identical to src/pivot/e1_dose_response.py (5-fold x 3 repeats, seeds 0..2)"
hrf,logreg,label_dependent,injected,0.9,,2,45,3,0.8839333630617526,0.8748977898594359,0.821313652539079,0.8148148148148149,-0.15555555555555556,"results/pivot/p2_predictions.csv (skan4 panel, reference-mask biomarkers); sigma = results/gateA_biomarker_scales_train.csv; quality proxy feat_contrast from results/pivot/bio_master.csv (source=gt); CV protocol identical to src/pivot/e1_dose_response.py (5-fold x 3 repeats, seeds 0..2)"
hrf,logreg,label_dependent,injected,0.9,,3,45,3,0.8873122608945925,0.8757274546540449,0.8213136525390785,0.771111111111111,-0.19925925925925947,"results/pivot/p2_predictions.csv (skan4 panel, reference-mask biomarkers); sigma = results/gateA_biomarker_scales_train.csv; quality proxy feat_contrast from results/pivot/bio_master.csv (source=gt); CV protocol identical to src/pivot/e1_dose_response.py (5-fold x 3 repeats, seeds 0..2)"
hrf,logreg,label_dependent,injected,0.9,,4,45,3,0.8804002587436321,0.8753547159738885,0.8213136525390795,0.8288888888888889,-0.14148148148148154,"results/pivot/p2_predictions.csv (skan4 panel, reference-mask biomarkers); sigma = results/gateA_biomarker_scales_train.csv; quality proxy feat_contrast from results/pivot/bio_master.csv (source=gt); CV protocol identical to src/pivot/e1_dose_response.py (5-fold x 3 repeats, seeds 0..2)"
hrf,logreg,label_dependent,injected,0.9,,5,45,3,0.8780126147304367,0.8749077782505528,0.8213136525390794,0.7918518518518519,-0.17851851851851852,"results/pivot/p2_predictions.csv (skan4 panel, reference-mask biomarkers); sigma = results/gateA_biomarker_scales_train.csv; quality proxy feat_contrast from results/pivot/bio_master.csv (source=gt); CV protocol identical to src/pivot/e1_dose_response.py (5-fold x 3 repeats, seeds 0..2)"
hrf,logreg,label_dependent,injected,0.9,,6,45,3,0.8908741741436496,0.8758472856246714,0.8213136525390794,0.7703703703703705,-0.19999999999999996,"results/pivot/p2_predictions.csv (skan4 panel, reference-mask biomarkers); sigma = results/gateA_biomarker_scales_train.csv; quality proxy feat_contrast from results/pivot/bio_master.csv (source=gt); CV protocol identical to src/pivot/e1_dose_response.py (5-fold x 3 repeats, seeds 0..2)"
hrf,logreg,label_dependent,injected,0.9,,7,45,3,0.8833584489900757,0.8749055612273756,0.8213136525390787,0.7896296296296296,-0.18074074074074087,"results/pivot/p2_predictions.csv (skan4 panel, reference-mask biomarkers); sigma = results/gateA_biomarker_scales_train.csv; quality proxy feat_contrast from results/pivot/bio_master.csv (source=gt); CV protocol identical to src/pivot/e1_dose_response.py (5-fold x 3 repeats, seeds 0..2)"
hrf,logreg,label_dependent,injected,0.9,,8,45,3,0.8815798327931436,0.875397443246621,0.821313652539079,0.7829629629629631,-0.18740740740740736,"results/pivot/p2_predictions.csv (skan4 panel, reference-mask biomarkers); sigma = results/gateA_biomarker_scales_train.csv; quality proxy feat_contrast from results/pivot/bio_master.csv (source=gt); CV protocol identical to src/pivot/e1_dose_response.py (5-fold x 3 repeats, seeds 0..2)"
hrf,logreg,label_dependent,injected,0.9,,9,45,3,0.8839034580090994,0.875034945501456,0.8213136525390791,0.7881481481481482,-0.18222222222222229,"results/pivot/p2_predictions.csv (skan4 panel, reference-mask biomarkers); sigma = results/gateA_biomarker_scales_train.csv; quality proxy feat_contrast from results/pivot/bio_master.csv (source=gt); CV protocol identical to src/pivot/e1_dose_response.py (5-fold x 3 repeats, seeds 0..2)"
hrf,logreg,label_dependent,injected,0.8,,0,45,3,0.7293901606752916,0.6701307227746954,1.2718503517623587,0.6,-0.37037037037037046,"results/pivot/p2_predictions.csv (skan4 panel, reference-mask biomarkers); sigma = results/gateA_biomarker_scales_train.csv; quality proxy feat_contrast from results/pivot/bio_master.csv (source=gt); CV protocol identical to src/pivot/e1_dose_response.py (5-fold x 3 repeats, seeds 0..2)"
hrf,logreg,label_dependent,injected,0.8,,1,45,3,0.75242201533131,0.7020997819665544,1.2718503517623605,0.6007407407407407,-0.36962962962962975,"results/pivot/p2_predictions.csv (skan4 panel, reference-mask biomarkers); sigma = results/gateA_biomarker_scales_train.csv; quality proxy feat_contrast from results/pivot/bio_master.csv (source=gt); CV protocol identical to src/pivot/e1_dose_response.py (5-fold x 3 repeats, seeds 0..2)"
hrf,logreg,label_dependent,injected,0.8,,2,45,3,0.7417704517973566,0.6977474333864931,1.2718503517623587,0.6896296296296297,-0.28074074074074074,"results/pivot/p2_predictions.csv (skan4 panel, reference-mask biomarkers); sigma = results/gateA_biomarker_scales_train.csv; quality proxy feat_contrast from results/pivot/bio_master.csv (source=gt); CV protocol identical to src/pivot/e1_dose_response.py (5-fold x 3 repeats, seeds 0..2)"
hrf,logreg,label_dependent,injected,0.8,,3,45,3,0.7465078076205047,0.6818107927290986,1.2718503517623598,0.634074074074074,-0.3362962962962964,"results/pivot/p2_predictions.csv (skan4 panel, reference-mask biomarkers); sigma = results/gateA_biomarker_scales_train.csv; quality proxy feat_contrast from results/pivot/bio_master.csv (source=gt); CV protocol identical to src/pivot/e1_dose_response.py (5-fold x 3 repeats, seeds 0..2)"
hrf,logreg,label_dependent,injected,0.8,,4,45,3,0.7189473838608392,0.679077770834799,1.27185035176236,0.7111111111111111,-0.2592592592592593,"results/pivot/p2_predictions.csv (skan4 panel, reference-mask biomarkers); sigma = results/gateA_biomarker_scales_train.csv; quality proxy feat_contrast from results/pivot/bio_master.csv (source=gt); CV protocol identical to src/pivot/e1_dose_response.py (5-fold x 3 repeats, seeds 0..2)"
hrf,logreg,label_dependent,injected,0.8,,5,45,3,0.7148014114425708,0.6830289769347433,1.2718503517623594,0.6437037037037037,-0.32666666666666677,"results/pivot/p2_predictions.csv (skan4 panel, reference-mask biomarkers); sigma = results/gateA_biomarker_scales_train.csv; quality proxy feat_contrast from results/pivot/bio_master.csv (source=gt); CV protocol identical to src/pivot/e1_dose_response.py (5-fold x 3 repeats, seeds 0..2)"
hrf,logreg,label_dependent,injected,0.8,,6,45,3,0.7568977668314045,0.6832447630542859,1.2718503517623594,0.6125925925925927,-0.35777777777777775,"results/pivot/p2_predictions.csv (skan4 panel, reference-mask biomarkers); sigma = results/gateA_biomarker_scales_train.csv; quality proxy feat_contrast from results/pivot/bio_master.csv (source=gt); CV protocol identical to src/pivot/e1_dose_response.py (5-fold x 3 repeats, seeds 0..2)"
hrf,logreg,label_dependent,injected,0.8,,7,45,3,0.728995881303566,0.6753380910859361,1.2718503517623592,0.6103703703703703,-0.3600000000000001,"results/pivot/p2_predictions.csv (skan4 panel, reference-mask biomarkers); sigma = results/gateA_biomarker_scales_train.csv; quality proxy feat_contrast from results/pivot/bio_master.csv (source=gt); CV protocol identical to src/pivot/e1_dose_response.py (5-fold x 3 repeats, seeds 0..2)"
hrf,logreg,label_dependent,injected,0.8,,8,45,3,0.7123499991909206,0.6645892920947438,1.2718503517623596,0.5918518518518519,-0.3785185185185186,"results/pivot/p2_predictions.csv (skan4 panel, reference-mask biomarkers); sigma = results/gateA_biomarker_scales_train.csv; quality proxy feat_contrast from results/pivot/bio_master.csv (source=gt); CV protocol identical to src/pivot/e1_dose_response.py (5-fold x 3 repeats, seeds 0..2)"
hrf,logreg,label_dependent,injected,0.8,,9,45,3,0.7432183674335437,0.6909761845622547,1.2718503517623594,0.562962962962963,-0.40740740740740744,"results/pivot/p2_predictions.csv (skan4 panel, reference-mask biomarkers); sigma = results/gateA_biomarker_scales_train.csv; quality proxy feat_contrast from results/pivot/bio_master.csv (source=gt); CV protocol identical to src/pivot/e1_dose_response.py (5-fold x 3 repeats, seeds 0..2)"
hrf,logreg,label_dependent,injected,0.7,,0,45,3,0.5561536934756591,0.4058236306266732,1.7300625255100843,0.5770370370370371,-0.3933333333333333,"results/pivot/p2_predictions.csv (skan4 panel, reference-mask biomarkers); sigma = results/gateA_biomarker_scales_train.csv; quality proxy feat_contrast from results/pivot/bio_master.csv (source=gt); CV protocol identical to src/pivot/e1_dose_response.py (5-fold x 3 repeats, seeds 0..2)"
hrf,logreg,label_dependent,injected,0.7,,1,45,3,0.6109133574846144,0.5076850939419817,1.7300625255100839,0.4577777777777777,-0.5125925925925927,"results/pivot/p2_predictions.csv (skan4 panel, reference-mask biomarkers); sigma = results/gateA_biomarker_scales_train.csv; quality proxy feat_contrast from results/pivot/bio_master.csv (source=gt); CV protocol identical to src/pivot/e1_dose_response.py (5-fold x 3 repeats, seeds 0..2)"
hrf,logreg,label_dependent,injected,0.7,,2,45,3,0.5883186939566194,0.4965891416871425,1.7300625255100839,0.7022222222222222,-0.26814814814814825,"results/pivot/p2_predictions.csv (skan4 panel, reference-mask biomarkers); sigma = results/gateA_biomarker_scales_train.csv; quality proxy feat_contrast from results/pivot/bio_master.csv (source=gt); CV protocol identical to src/pivot/e1_dose_response.py (5-fold x 3 repeats, seeds 0..2)"
hrf,logreg,label_dependent,injected,0.7,,3,45,3,0.5920489781972271,0.4505677366192343,1.7300625255100837,0.64,-0.3303703703703704,"results/pivot/p2_predictions.csv (skan4 panel, reference-mask biomarkers); sigma = results/gateA_biomarker_scales_train.csv; quality proxy feat_contrast from results/pivot/bio_master.csv (source=gt); CV protocol identical to src/pivot/e1_dose_response.py (5-fold x 3 repeats, seeds 0..2)"
hrf,logreg,label_dependent,injected,0.7,,4,45,3,0.5369379132473872,0.4413732453406085,1.7300625255100839,0.6281481481481482,-0.3422222222222222,"results/pivot/p2_predictions.csv (skan4 panel, reference-mask biomarkers); sigma = results/gateA_biomarker_scales_train.csv; quality proxy feat_contrast from results/pivot/bio_master.csv (source=gt); CV protocol identical to src/pivot/e1_dose_response.py (5-fold x 3 repeats, seeds 0..2)"
hrf,logreg,label_dependent,injected,0.7,,5,45,3,0.5326345867275112,0.4545017973159464,1.7300625255100843,0.5148148148148147,-0.4555555555555557,"results/pivot/p2_predictions.csv (skan4 panel, reference-mask biomarkers); sigma = results/gateA_biomarker_scales_train.csv; quality proxy feat_contrast from results/pivot/bio_master.csv (source=gt); CV protocol identical to src/pivot/e1_dose_response.py (5-fold x 3 repeats, seeds 0..2)"
hrf,logreg,label_dependent,injected,0.7,,6,45,3,0.6106679760193305,0.45518917460226127,1.7300625255100845,0.534074074074074,-0.4362962962962964,"results/pivot/p2_predictions.csv (skan4 panel, reference-mask biomarkers); sigma = results/gateA_biomarker_scales_train.csv; quality proxy feat_contrast from results/pivot/bio_master.csv (source=gt); CV protocol identical to src/pivot/e1_dose_response.py (5-fold x 3 repeats, seeds 0..2)"
hrf,logreg,label_dependent,injected,0.7,,7,45,3,0.5555702496254551,0.4277647027104803,1.730062525510084,0.5977777777777777,-0.3725925925925927,"results/pivot/p2_predictions.csv (skan4 panel, reference-mask biomarkers); sigma = results/gateA_biomarker_scales_train.csv; quality proxy feat_contrast from results/pivot/bio_master.csv (source=gt); CV protocol identical to src/pivot/e1_dose_response.py (5-fold x 3 repeats, seeds 0..2)"
hrf,logreg,label_dependent,injected,0.7,,8,45,3,0.5143440434062619,0.37407720775079345,1.7300625255100848,0.6437037037037037,-0.32666666666666677,"results/pivot/p2_predictions.csv (skan4 panel, reference-mask biomarkers); sigma = results/gateA_biomarker_scales_train.csv; quality proxy feat_contrast from results/pivot/bio_master.csv (source=gt); CV protocol identical to src/pivot/e1_dose_response.py (5-fold x 3 repeats, seeds 0..2)"
hrf,logreg,label_dependent,injected,0.7,,9,45,3,0.5918928126522234,0.47826635066503026,1.7300625255100834,0.4740740740740741,-0.49629629629629635,"results/pivot/p2_predictions.csv (skan4 panel, reference-mask biomarkers); sigma = results/gateA_biomarker_scales_train.csv; quality proxy feat_contrast from results/pivot/bio_master.csv (source=gt); CV protocol identical to src/pivot/e1_dose_response.py (5-fold x 3 repeats, seeds 0..2)"
hrf,logreg,label_dependent,injected,0.6,,0,45,3,0.3835767729393461,0.14345071538668488,2.261067292021973,0.7044444444444444,-0.265925925925926,"results/pivot/p2_predictions.csv (skan4 panel, reference-mask biomarkers); sigma = results/gateA_biomarker_scales_train.csv; quality proxy feat_contrast from results/pivot/bio_master.csv (source=gt); CV protocol identical to src/pivot/e1_dose_response.py (5-fold x 3 repeats, seeds 0..2)"
hrf,logreg,label_dependent,injected,0.6,,1,45,3,0.4696528761196496,0.3139542892063775,2.261067292021973,0.5637037037037037,-0.40666666666666673,"results/pivot/p2_predictions.csv (skan4 panel, reference-mask biomarkers); sigma = results/gateA_biomarker_scales_train.csv; quality proxy feat_contrast from results/pivot/bio_master.csv (source=gt); CV protocol identical to src/pivot/e1_dose_response.py (5-fold x 3 repeats, seeds 0..2)"
hrf,logreg,label_dependent,injected,0.6,,2,45,3,0.4352232689184339,0.2962025757182269,2.261067292021972,0.7133333333333333,-0.2570370370370372,"results/pivot/p2_predictions.csv (skan4 panel, reference-mask biomarkers); sigma = results/gateA_biomarker_scales_train.csv; quality proxy feat_contrast from results/pivot/bio_master.csv (source=gt); CV protocol identical to src/pivot/e1_dose_response.py (5-fold x 3 repeats, seeds 0..2)"
hrf,logreg,label_dependent,injected,0.6,,3,45,3,0.43803887992199475,0.2205687882901595,2.2610672920219725,0.7274074074074074,-0.24296296296296305,"results/pivot/p2_predictions.csv (skan4 panel, reference-mask biomarkers); sigma = results/gateA_biomarker_scales_train.csv; quality proxy feat_contrast from results/pivot/bio_master.csv (source=gt); CV protocol identical to src/pivot/e1_dose_response.py (5-fold x 3 repeats, seeds 0..2)"
hrf,logreg,label_dependent,injected,0.6,,4,45,3,0.35560864238530343,0.205032762008464,2.261067292021973,0.7096296296296295,-0.26074074074074094,"results/pivot/p2_predictions.csv (skan4 panel, reference-mask biomarkers); sigma = results/gateA_biomarker_scales_train.csv; quality proxy feat_contrast from results/pivot/bio_master.csv (source=gt); CV protocol identical to src/pivot/e1_dose_response.py (5-fold x 3 repeats, seeds 0..2)"
hrf,logreg,label_dependent,injected,0.6,,5,45,3,0.35108007445948625,0.2271703553919996,2.2610672920219717,0.6414814814814814,-0.328888888888889,"results/pivot/p2_predictions.csv (skan4 panel, reference-mask biomarkers); sigma = results/gateA_biomarker_scales_train.csv; quality proxy feat_contrast from results/pivot/bio_master.csv (source=gt); CV protocol identical to src/pivot/e1_dose_response.py (5-fold x 3 repeats, seeds 0..2)"
hrf,logreg,label_dependent,injected,0.6,,6,45,3,0.4648414549757547,0.2283210458634752,2.2610672920219734,0.6274074074074073,-0.34296296296296314,"results/pivot/p2_predictions.csv (skan4 panel, reference-mask biomarkers); sigma = results/gateA_biomarker_scales_train.csv; quality proxy feat_contrast from results/pivot/bio_master.csv (source=gt); CV protocol identical to src/pivot/e1_dose_response.py (5-fold x 3 repeats, seeds 0..2)"
hrf,logreg,label_dependent,injected,0.6,,7,45,3,0.38278237158901757,0.1817521500241247,2.2610672920219734,0.6948148148148148,-0.27555555555555566,"results/pivot/p2_predictions.csv (skan4 panel, reference-mask biomarkers); sigma = results/gateA_biomarker_scales_train.csv; quality proxy feat_contrast from results/pivot/bio_master.csv (source=gt); CV protocol identical to src/pivot/e1_dose_response.py (5-fold x 3 repeats, seeds 0..2)"
hrf,logreg,label_dependent,injected,0.6,,8,45,3,0.31735311788483467,0.08619282947224564,2.261067292021972,0.7577777777777778,-0.21259259259259267,"results/pivot/p2_predictions.csv (skan4 panel, reference-mask biomarkers); sigma = results/gateA_biomarker_scales_train.csv; quality proxy feat_contrast from results/pivot/bio_master.csv (source=gt); CV protocol identical to src/pivot/e1_dose_response.py (5-fold x 3 repeats, seeds 0..2)"
hrf,logreg,label_dependent,injected,0.6,,9,45,3,0.44090465078493035,0.2664935692606197,2.261067292021972,0.5992592592592593,-0.37111111111111117,"results/pivot/p2_predictions.csv (skan4 panel, reference-mask biomarkers); sigma = results/gateA_biomarker_scales_train.csv; quality proxy feat_contrast from results/pivot/bio_master.csv (source=gt); CV protocol identical to src/pivot/e1_dose_response.py (5-fold x 3 repeats, seeds 0..2)"
hrf,logreg,label_dependent,injected,0.5,,0,45,3,0.22497906525966,-0.07911641320787303,2.9372125718356727,0.7977777777777778,-0.17259259259259263,"results/pivot/p2_predictions.csv (skan4 panel, reference-mask biomarkers); sigma = results/gateA_biomarker_scales_train.csv; quality proxy feat_contrast from results/pivot/bio_master.csv (source=gt); CV protocol identical to src/pivot/e1_dose_response.py (5-fold x 3 repeats, seeds 0..2)"
hrf,logreg,label_dependent,injected,0.5,,1,45,3,0.33401206293875835,0.13546010116181742,2.9372125718356736,0.6533333333333333,-0.3170370370370371,"results/pivot/p2_predictions.csv (skan4 panel, reference-mask biomarkers); sigma = results/gateA_biomarker_scales_train.csv; quality proxy feat_contrast from results/pivot/bio_master.csv (source=gt); CV protocol identical to src/pivot/e1_dose_response.py (5-fold x 3 repeats, seeds 0..2)"
hrf,logreg,label_dependent,injected,0.5,,2,45,3,0.29011130709987715,0.11289155808889231,2.9372125718356745,0.7814814814814813,-0.1888888888888891,"results/pivot/p2_predictions.csv (skan4 panel, reference-mask biomarkers); sigma = results/gateA_biomarker_scales_train.csv; quality proxy feat_contrast from results/pivot/bio_master.csv (source=gt); CV protocol identical to src/pivot/e1_dose_response.py (5-fold x 3 repeats, seeds 0..2)"
hrf,logreg,label_dependent,injected,0.5,,3,45,3,0.2938004292110118,0.01721053049264854,2.9372125718356736,0.791111111111111,-0.17925925925925945,"results/pivot/p2_predictions.csv (skan4 panel, reference-mask biomarkers); sigma = results/gateA_biomarker_scales_train.csv; quality proxy feat_contrast from results/pivot/bio_master.csv (source=gt); CV protocol identical to src/pivot/e1_dose_response.py (5-fold x 3 repeats, seeds 0..2)"
hrf,logreg,label_dependent,injected,0.5,,4,45,3,0.18901717514754945,-0.0023157578369191194,2.9372125718356736,0.7674074074074074,-0.202962962962963,"results/pivot/p2_predictions.csv (skan4 panel, reference-mask biomarkers); sigma = results/gateA_biomarker_scales_train.csv; quality proxy feat_contrast from results/pivot/bio_master.csv (source=gt); CV protocol identical to src/pivot/e1_dose_response.py (5-fold x 3 repeats, seeds 0..2)"
hrf,logreg,label_dependent,injected,0.5,,5,45,3,0.18302067737840244,0.025523055608666405,2.9372125718356736,0.7148148148148148,-0.25555555555555565,"results/pivot/p2_predictions.csv (skan4 panel, reference-mask biomarkers); sigma = results/gateA_biomarker_scales_train.csv; quality proxy feat_contrast from results/pivot/bio_master.csv (source=gt); CV protocol identical to src/pivot/e1_dose_response.py (5-fold x 3 repeats, seeds 0..2)"
hrf,logreg,label_dependent,injected,0.5,,6,45,3,0.3277897100554654,0.026972868434856644,2.9372125718356745,0.7274074074074074,-0.24296296296296305,"results/pivot/p2_predictions.csv (skan4 panel, reference-mask biomarkers); sigma = results/gateA_biomarker_scales_train.csv; quality proxy feat_contrast from results/pivot/bio_master.csv (source=gt); CV protocol identical to src/pivot/e1_dose_response.py (5-fold x 3 repeats, seeds 0..2)"
hrf,logreg,label_dependent,injected,0.5,,7,45,3,0.2237036894051172,-0.03147060758934396,2.9372125718356745,0.7866666666666666,-0.1837037037037038,"results/pivot/p2_predictions.csv (skan4 panel, reference-mask biomarkers); sigma = results/gateA_biomarker_scales_train.csv; quality proxy feat_contrast from results/pivot/bio_master.csv (source=gt); CV protocol identical to src/pivot/e1_dose_response.py (5-fold x 3 repeats, seeds 0..2)"
hrf,logreg,label_dependent,injected,0.5,,8,45,3,0.14134282709037885,-0.149427794035818,2.9372125718356736,0.8348148148148149,-0.13555555555555554,"results/pivot/p2_predictions.csv (skan4 panel, reference-mask biomarkers); sigma = results/gateA_biomarker_scales_train.csv; quality proxy feat_contrast from results/pivot/bio_master.csv (source=gt); CV protocol identical to src/pivot/e1_dose_response.py (5-fold x 3 repeats, seeds 0..2)"
hrf,logreg,label_dependent,injected,0.5,,9,45,3,0.2974490496084247,0.07520316459009697,2.9372125718356736,0.7111111111111111,-0.2592592592592593,"results/pivot/p2_predictions.csv (skan4 panel, reference-mask biomarkers); sigma = results/gateA_biomarker_scales_train.csv; quality proxy feat_contrast from results/pivot/bio_master.csv (source=gt); CV protocol identical to src/pivot/e1_dose_response.py (5-fold x 3 repeats, seeds 0..2)"
hrf,logreg,label_dependent,injected,0.4,,0,45,3,0.08435246591626276,-0.2538513056277247,3.885567006404816,0.8496296296296296,-0.12074074074074082,"results/pivot/p2_predictions.csv (skan4 panel, reference-mask biomarkers); sigma = results/gateA_biomarker_scales_train.csv; quality proxy feat_contrast from results/pivot/bio_master.csv (source=gt); CV protocol identical to src/pivot/e1_dose_response.py (5-fold x 3 repeats, seeds 0..2)"
hrf,logreg,label_dependent,injected,0.4,,1,45,3,0.2065804939232776,-0.021577051697871334,3.885567006404817,0.717037037037037,-0.2533333333333334,"results/pivot/p2_predictions.csv (skan4 panel, reference-mask biomarkers); sigma = results/gateA_biomarker_scales_train.csv; quality proxy feat_contrast from results/pivot/bio_master.csv (source=gt); CV protocol identical to src/pivot/e1_dose_response.py (5-fold x 3 repeats, seeds 0..2)"
hrf,logreg,label_dependent,injected,0.4,,2,45,3,0.15639373894421263,-0.046712858114867,3.8855670064048162,0.8407407407407407,-0.12962962962962976,"results/pivot/p2_predictions.csv (skan4 panel, reference-mask biomarkers); sigma = results/gateA_biomarker_scales_train.csv; quality proxy feat_contrast from results/pivot/bio_master.csv (source=gt); CV protocol identical to src/pivot/e1_dose_response.py (5-fold x 3 repeats, seeds 0..2)"
hrf,logreg,label_dependent,injected,0.4,,3,45,3,0.16272899024714327,-0.1515384477727383,3.885567006404816,0.8333333333333334,-0.13703703703703707,"results/pivot/p2_predictions.csv (skan4 panel, reference-mask biomarkers); sigma = results/gateA_biomarker_scales_train.csv; quality proxy feat_contrast from results/pivot/bio_master.csv (source=gt); CV protocol identical to src/pivot/e1_dose_response.py (5-fold x 3 repeats, seeds 0..2)"
hrf,logreg,label_dependent,injected,0.4,,4,45,3,0.042110731072932256,-0.17255557276833955,3.885567006404817,0.8103703703703703,-0.16000000000000014,"results/pivot/p2_predictions.csv (skan4 panel, reference-mask biomarkers); sigma = results/gateA_biomarker_scales_train.csv; quality proxy feat_contrast from results/pivot/bio_master.csv (source=gt); CV protocol identical to src/pivot/e1_dose_response.py (5-fold x 3 repeats, seeds 0..2)"
hrf,logreg,label_dependent,injected,0.4,,5,45,3,0.03361684717990816,-0.14255072347038455,3.8855670064048167,0.7688888888888888,-0.2014814814814816,"results/pivot/p2_predictions.csv (skan4 panel, reference-mask biomarkers); sigma = results/gateA_biomarker_scales_train.csv; quality proxy feat_contrast from results/pivot/bio_master.csv (source=gt); CV protocol identical to src/pivot/e1_dose_response.py (5-fold x 3 repeats, seeds 0..2)"
hrf,logreg,label_dependent,injected,0.4,,6,45,3,0.20252083271634344,-0.14098070716489436,3.8855670064048162,0.8007407407407406,-0.1696296296296298,"results/pivot/p2_predictions.csv (skan4 panel, reference-mask biomarkers); sigma = results/gateA_biomarker_scales_train.csv; quality proxy feat_contrast from results/pivot/bio_master.csv (source=gt); CV protocol identical to src/pivot/e1_dose_response.py (5-fold x 3 repeats, seeds 0..2)"
hrf,logreg,label_dependent,injected,0.4,,7,45,3,0.08265737467381536,-0.20368014429916287,3.8855670064048167,0.8637037037037038,-0.10666666666666669,"results/pivot/p2_predictions.csv (skan4 panel, reference-mask biomarkers); sigma = results/gateA_biomarker_scales_train.csv; quality proxy feat_contrast from results/pivot/bio_master.csv (source=gt); CV protocol identical to src/pivot/e1_dose_response.py (5-fold x 3 repeats, seeds 0..2)"
hrf,logreg,label_dependent,injected,0.4,,8,45,3,-0.008938058360855719,-0.3262061875546619,3.8855670064048167,0.8955555555555555,-0.07481481481481489,"results/pivot/p2_predictions.csv (skan4 panel, reference-mask biomarkers); sigma = results/gateA_biomarker_scales_train.csv; quality proxy feat_contrast from results/pivot/bio_master.csv (source=gt); CV protocol identical to src/pivot/e1_dose_response.py (5-fold x 3 repeats, seeds 0..2)"
hrf,logreg,label_dependent,injected,0.4,,9,45,3,0.16469559694661387,-0.08835181888126464,3.8855670064048167,0.7740740740740741,-0.1962962962962963,"results/pivot/p2_predictions.csv (skan4 panel, reference-mask biomarkers); sigma = results/gateA_biomarker_scales_train.csv; quality proxy feat_contrast from results/pivot/bio_master.csv (source=gt); CV protocol identical to src/pivot/e1_dose_response.py (5-fold x 3 repeats, seeds 0..2)"
hrf,logreg,proportional,injected,1.0,0.5,0,45,3,0.9999999999999998,0.9999999999999993,0.8479002345082395,0.9703703703703704,0.0,"results/pivot/p2_predictions.csv (skan4 panel, reference-mask biomarkers); sigma = results/gateA_biomarker_scales_train.csv; quality proxy feat_contrast from results/pivot/bio_master.csv (source=gt); CV protocol identical to src/pivot/e1_dose_response.py (5-fold x 3 repeats, seeds 0..2)"
hrf,logreg,proportional,injected,1.0,0.75,0,45,3,1.0,0.9999999999999998,0.42395011725411924,0.9703703703703704,0.0,"results/pivot/p2_predictions.csv (skan4 panel, reference-mask biomarkers); sigma = results/gateA_biomarker_scales_train.csv; quality proxy feat_contrast from results/pivot/bio_master.csv (source=gt); CV protocol identical to src/pivot/e1_dose_response.py (5-fold x 3 repeats, seeds 0..2)"
hrf,logreg,proportional,injected,1.0,1.25,0,45,3,0.9999999999999999,0.9999999999999996,0.42395011725411924,0.9703703703703704,0.0,"results/pivot/p2_predictions.csv (skan4 panel, reference-mask biomarkers); sigma = results/gateA_biomarker_scales_train.csv; quality proxy feat_contrast from results/pivot/bio_master.csv (source=gt); CV protocol identical to src/pivot/e1_dose_response.py (5-fold x 3 repeats, seeds 0..2)"
hrf,logreg,proportional,injected,1.0,1.5,0,45,3,0.9999999999999998,0.9999999999999996,0.8479002345082395,0.9703703703703704,0.0,"results/pivot/p2_predictions.csv (skan4 panel, reference-mask biomarkers); sigma = results/gateA_biomarker_scales_train.csv; quality proxy feat_contrast from results/pivot/bio_master.csv (source=gt); CV protocol identical to src/pivot/e1_dose_response.py (5-fold x 3 repeats, seeds 0..2)"
hrf,logreg,proportional,injected,1.0,2.0,0,45,3,0.9999999999999998,0.9999999999999996,1.6958004690164799,0.9703703703703704,0.0,"results/pivot/p2_predictions.csv (skan4 panel, reference-mask biomarkers); sigma = results/gateA_biomarker_scales_train.csv; quality proxy feat_contrast from results/pivot/bio_master.csv (source=gt); CV protocol identical to src/pivot/e1_dose_response.py (5-fold x 3 repeats, seeds 0..2)"
hrf,gbdt,observed,reference,1.0,,-1,45,3,1.0,1.0,0.0,0.9081481481481481,0.0,"results/pivot/p2_predictions.csv (skan4 panel, reference-mask biomarkers); sigma = results/gateA_biomarker_scales_train.csv; quality proxy feat_contrast from results/pivot/bio_master.csv (source=gt); CV protocol identical to src/pivot/e1_dose_response.py (5-fold x 3 repeats, seeds 0..2)"
hrf,gbdt,observed,real_measurement,,,-1,45,3,0.5494446811598002,0.48719490790297354,1.4588792149769056,0.7281481481481483,-0.17999999999999983,"results/pivot/p2_predictions.csv (skan4 panel, reference-mask biomarkers); sigma = results/gateA_biomarker_scales_train.csv; quality proxy feat_contrast from results/pivot/bio_master.csv (source=gt); CV protocol identical to src/pivot/e1_dose_response.py (5-fold x 3 repeats, seeds 0..2)"
hrf,gbdt,gaussian_indep,injected,0.99,,0,45,3,0.9899144926896167,0.98979638099701,0.24163847970312125,0.8859259259259259,-0.022222222222222254,"results/pivot/p2_predictions.csv (skan4 panel, reference-mask biomarkers); sigma = results/gateA_biomarker_scales_train.csv; quality proxy feat_contrast from results/pivot/bio_master.csv (source=gt); CV protocol identical to src/pivot/e1_dose_response.py (5-fold x 3 repeats, seeds 0..2)"
hrf,gbdt,gaussian_indep,injected,0.99,,1,45,3,0.9902241499694512,0.9899846911229142,0.24163847970312083,0.9392592592592592,0.03111111111111109,"results/pivot/p2_predictions.csv (skan4 panel, reference-mask biomarkers); sigma = results/gateA_biomarker_scales_train.csv; quality proxy feat_contrast from results/pivot/bio_master.csv (source=gt); CV protocol identical to src/pivot/e1_dose_response.py (5-fold x 3 repeats, seeds 0..2)"
hrf,gbdt,gaussian_indep,injected,0.99,,2,45,3,0.9899129905190394,0.989804168689602,0.24163847970312105,0.8822222222222221,-0.02592592592592602,"results/pivot/p2_predictions.csv (skan4 panel, reference-mask biomarkers); sigma = results/gateA_biomarker_scales_train.csv; quality proxy feat_contrast from results/pivot/bio_master.csv (source=gt); CV protocol identical to src/pivot/e1_dose_response.py (5-fold x 3 repeats, seeds 0..2)"
hrf,gbdt,gaussian_indep,injected,0.99,,3,45,3,0.9900657894594523,0.9899059793406367,0.24163847970312116,0.8985185185185186,-0.009629629629629544,"results/pivot/p2_predictions.csv (skan4 panel, reference-mask biomarkers); sigma = results/gateA_biomarker_scales_train.csv; quality proxy feat_contrast from results/pivot/bio_master.csv (source=gt); CV protocol identical to src/pivot/e1_dose_response.py (5-fold x 3 repeats, seeds 0..2)"
hrf,gbdt,gaussian_indep,injected,0.99,,4,45,3,0.9898137619189595,0.989797204637483,0.24163847970312166,0.9407407407407407,0.032592592592592506,"results/pivot/p2_predictions.csv (skan4 panel, reference-mask biomarkers); sigma = results/gateA_biomarker_scales_train.csv; quality proxy feat_contrast from results/pivot/bio_master.csv (source=gt); CV protocol identical to src/pivot/e1_dose_response.py (5-fold x 3 repeats, seeds 0..2)"
hrf,gbdt,gaussian_indep,injected,0.95,,0,45,3,0.9482225580423304,0.9458814232846281,0.5573826597205789,0.8740740740740741,-0.034074074074074034,"results/pivot/p2_predictions.csv (skan4 panel, reference-mask biomarkers); sigma = results/gateA_biomarker_scales_train.csv; quality proxy feat_contrast from results/pivot/bio_master.csv (source=gt); CV protocol identical to src/pivot/e1_dose_response.py (5-fold x 3 repeats, seeds 0..2)"
hrf,gbdt,gaussian_indep,injected,0.95,,1,45,3,0.9506533222498257,0.9446230072923203,0.5573826597205779,0.9177777777777778,0.009629629629629655,"results/pivot/p2_predictions.csv (skan4 panel, reference-mask biomarkers); sigma = results/gateA_biomarker_scales_train.csv; quality proxy feat_contrast from results/pivot/bio_master.csv (source=gt); CV protocol identical to src/pivot/e1_dose_response.py (5-fold x 3 repeats, seeds 0..2)"
hrf,gbdt,gaussian_indep,injected,0.95,,2,45,3,0.9485482919908897,0.9469815529070517,0.5573826597205787,0.8918518518518518,-0.016296296296296364,"results/pivot/p2_predictions.csv (skan4 panel, reference-mask biomarkers); sigma = results/gateA_biomarker_scales_train.csv; quality proxy feat_contrast from results/pivot/bio_master.csv (source=gt); CV protocol identical to src/pivot/e1_dose_response.py (5-fold x 3 repeats, seeds 0..2)"
hrf,gbdt,gaussian_indep,injected,0.95,,3,45,3,0.9491251919161714,0.9445287851204712,0.5573826597205775,0.8948148148148148,-0.013333333333333308,"results/pivot/p2_predictions.csv (skan4 panel, reference-mask biomarkers); sigma = results/gateA_biomarker_scales_train.csv; quality proxy feat_contrast from results/pivot/bio_master.csv (source=gt); CV protocol identical to src/pivot/e1_dose_response.py (5-fold x 3 repeats, seeds 0..2)"
hrf,gbdt,gaussian_indep,injected,0.95,,4,45,3,0.9467765755405111,0.9455965119196136,0.5573826597205794,0.9074074074074074,-0.0007407407407407085,"results/pivot/p2_predictions.csv (skan4 panel, reference-mask biomarkers); sigma = results/gateA_biomarker_scales_train.csv; quality proxy feat_contrast from results/pivot/bio_master.csv (source=gt); CV protocol identical to src/pivot/e1_dose_response.py (5-fold x 3 repeats, seeds 0..2)"
hrf,gbdt,gaussian_indep,injected,0.9,,0,45,3,0.8944760630492454,0.8871711693935,0.8213136525390776,0.7703703703703703,-0.1377777777777779,"results/pivot/p2_predictions.csv (skan4 panel, reference-mask biomarkers); sigma = results/gateA_biomarker_scales_train.csv; quality proxy feat_contrast from results/pivot/bio_master.csv (source=gt); CV protocol identical to src/pivot/e1_dose_response.py (5-fold x 3 repeats, seeds 0..2)"
hrf,gbdt,gaussian_indep,injected,0.9,,1,45,3,0.9003251071447878,0.8809777417281037,0.821313652539079,0.905925925925926,-0.0022222222222221255,"results/pivot/p2_predictions.csv (skan4 panel, reference-mask biomarkers); sigma = results/gateA_biomarker_scales_train.csv; quality proxy feat_contrast from results/pivot/bio_master.csv (source=gt); CV protocol identical to src/pivot/e1_dose_response.py (5-fold x 3 repeats, seeds 0..2)"
hrf,gbdt,gaussian_indep,injected,0.9,,2,45,3,0.8956476865546299,0.8910721151494658,0.821313652539079,0.8511111111111113,-0.057037037037036886,"results/pivot/p2_predictions.csv (skan4 panel, reference-mask biomarkers); sigma = results/gateA_biomarker_scales_train.csv; quality proxy feat_contrast from results/pivot/bio_master.csv (source=gt); CV protocol identical to src/pivot/e1_dose_response.py (5-fold x 3 repeats, seeds 0..2)"
hrf,gbdt,gaussian_indep,injected,0.9,,3,45,3,0.8962832802716356,0.8801358306655612,0.8213136525390794,0.8348148148148148,-0.07333333333333336,"results/pivot/p2_predictions.csv (skan4 panel, reference-mask biomarkers); sigma = results/gateA_biomarker_scales_train.csv; quality proxy feat_contrast from results/pivot/bio_master.csv (source=gt); CV protocol identical to src/pivot/e1_dose_response.py (5-fold x 3 repeats, seeds 0..2)"
hrf,gbdt,gaussian_indep,injected,0.9,,4,45,3,0.8902558187417615,0.8860340816626545,0.8213136525390792,0.8592592592592592,-0.04888888888888898,"results/pivot/p2_predictions.csv (skan4 panel, reference-mask biomarkers); sigma = results/gateA_biomarker_scales_train.csv; quality proxy feat_contrast from results/pivot/bio_master.csv (source=gt); CV protocol identical to src/pivot/e1_dose_response.py (5-fold x 3 repeats, seeds 0..2)"
hrf,gbdt,gaussian_indep,injected,0.8,,0,45,3,0.7841026356854635,0.7629977732808291,1.27185035176236,0.6118518518518519,-0.2962962962962963,"results/pivot/p2_predictions.csv (skan4 panel, reference-mask biomarkers); sigma = results/gateA_biomarker_scales_train.csv; quality proxy feat_contrast from results/pivot/bio_master.csv (source=gt); CV protocol identical to src/pivot/e1_dose_response.py (5-fold x 3 repeats, seeds 0..2)"
hrf,gbdt,gaussian_indep,injected,0.8,,1,45,3,0.7976425405132087,0.7403526066093712,1.2718503517623598,0.7377777777777778,-0.1703703703703704,"results/pivot/p2_predictions.csv (skan4 panel, reference-mask biomarkers); sigma = results/gateA_biomarker_scales_train.csv; quality proxy feat_contrast from results/pivot/bio_master.csv (source=gt); CV protocol identical to src/pivot/e1_dose_response.py (5-fold x 3 repeats, seeds 0..2)"
hrf,gbdt,gaussian_indep,injected,0.8,,2,45,3,0.7877976274874905,0.7751860982029402,1.2718503517623594,0.8274074074074075,-0.08074074074074067,"results/pivot/p2_predictions.csv (skan4 panel, reference-mask biomarkers); sigma = results/gateA_biomarker_scales_train.csv; quality proxy feat_contrast from results/pivot/bio_master.csv (source=gt); CV protocol identical to src/pivot/e1_dose_response.py (5-fold x 3 repeats, seeds 0..2)"
hrf,gbdt,gaussian_indep,injected,0.8,,3,45,3,0.7872541188182742,0.7367263293565198,1.2718503517623605,0.7866666666666666,-0.12148148148148152,"results/pivot/p2_predictions.csv (skan4 panel, reference-mask biomarkers); sigma = results/gateA_biomarker_scales_train.csv; quality proxy feat_contrast from results/pivot/bio_master.csv (source=gt); CV protocol identical to src/pivot/e1_dose_response.py (5-fold x 3 repeats, seeds 0..2)"
hrf,gbdt,gaussian_indep,injected,0.8,,4,45,3,0.7724745356448178,0.7592115234804934,1.2718503517623594,0.7585185185185185,-0.14962962962962967,"results/pivot/p2_predictions.csv (skan4 panel, reference-mask biomarkers); sigma = results/gateA_biomarker_scales_train.csv; quality proxy feat_contrast from results/pivot/bio_master.csv (source=gt); CV protocol identical to src/pivot/e1_dose_response.py (5-fold x 3 repeats, seeds 0..2)"
hrf,gbdt,gaussian_indep,injected,0.7,,0,45,3,0.6721076133669823,0.6350094096803119,1.7300625255100834,0.5385185185185186,-0.36962962962962953,"results/pivot/p2_predictions.csv (skan4 panel, reference-mask biomarkers); sigma = results/gateA_biomarker_scales_train.csv; quality proxy feat_contrast from results/pivot/bio_master.csv (source=gt); CV protocol identical to src/pivot/e1_dose_response.py (5-fold x 3 repeats, seeds 0..2)"
hrf,gbdt,gaussian_indep,injected,0.7,,1,45,3,0.6936427544358088,0.5917901018909993,1.7300625255100837,0.668888888888889,-0.23925925925925917,"results/pivot/p2_predictions.csv (skan4 panel, reference-mask biomarkers); sigma = results/gateA_biomarker_scales_train.csv; quality proxy feat_contrast from results/pivot/bio_master.csv (source=gt); CV protocol identical to src/pivot/e1_dose_response.py (5-fold x 3 repeats, seeds 0..2)"
hrf,gbdt,gaussian_indep,injected,0.7,,2,45,3,0.6788157847210189,0.6570568943910843,1.730062525510084,0.7859259259259259,-0.12222222222222223,"results/pivot/p2_predictions.csv (skan4 panel, reference-mask biomarkers); sigma = results/gateA_biomarker_scales_train.csv; quality proxy feat_contrast from results/pivot/bio_master.csv (source=gt); CV protocol identical to src/pivot/e1_dose_response.py (5-fold x 3 repeats, seeds 0..2)"
hrf,gbdt,gaussian_indep,injected,0.7,,3,45,3,0.6761842058645249,0.5845289073397679,1.7300625255100834,0.64,-0.26814814814814814,"results/pivot/p2_predictions.csv (skan4 panel, reference-mask biomarkers); sigma = results/gateA_biomarker_scales_train.csv; quality proxy feat_contrast from results/pivot/bio_master.csv (source=gt); CV protocol identical to src/pivot/e1_dose_response.py (5-fold x 3 repeats, seeds 0..2)"
hrf,gbdt,gaussian_indep,injected,0.7,,4,45,3,0.6520470365953542,0.6280053821067813,1.7300625255100843,0.66,-0.24814814814814812,"results/pivot/p2_predictions.csv (skan4 panel, reference-mask biomarkers); sigma = results/gateA_biomarker_scales_train.csv; quality proxy feat_contrast from results/pivot/bio_master.csv (source=gt); CV protocol identical to src/pivot/e1_dose_response.py (5-fold x 3 repeats, seeds 0..2)"
hrf,gbdt,gaussian_indep,injected,0.6,,0,45,3,0.5601598505897115,0.5071324210701278,2.2610672920219734,0.45555555555555555,-0.4525925925925926,"results/pivot/p2_predictions.csv (skan4 panel, reference-mask biomarkers); sigma = results/gateA_biomarker_scales_train.csv; quality proxy feat_contrast from results/pivot/bio_master.csv (source=gt); CV protocol identical to src/pivot/e1_dose_response.py (5-fold x 3 repeats, seeds 0..2)"
hrf,gbdt,gaussian_indep,injected,0.6,,1,45,3,0.5896837503309481,0.4434651074602592,2.2610672920219725,0.5496296296296296,-0.35851851851851857,"results/pivot/p2_predictions.csv (skan4 panel, reference-mask biomarkers); sigma = results/gateA_biomarker_scales_train.csv; quality proxy feat_contrast from results/pivot/bio_master.csv (source=gt); CV protocol identical to src/pivot/e1_dose_response.py (5-fold x 3 repeats, seeds 0..2)"
hrf,gbdt,gaussian_indep,injected,0.6,,2,45,3,0.5698666344035763,0.5389924540343325,2.261067292021973,0.705925925925926,-0.2022222222222222,"results/pivot/p2_predictions.csv (skan4 panel, reference-mask biomarkers); sigma = results/gateA_biomarker_scales_train.csv; quality proxy feat_contrast from results/pivot/bio_master.csv (source=gt); CV protocol identical to src/pivot/e1_dose_response.py (5-fold x 3 repeats, seeds 0..2)"
hrf,gbdt,gaussian_indep,injected,0.6,,3,45,3,0.5651760098552752,0.4325956477248178,2.261067292021972,0.5785185185185185,-0.3296296296296296,"results/pivot/p2_predictions.csv (skan4 panel, reference-mask biomarkers); sigma = results/gateA_biomarker_scales_train.csv; quality proxy feat_contrast from results/pivot/bio_master.csv (source=gt); CV protocol identical to src/pivot/e1_dose_response.py (5-fold x 3 repeats, seeds 0..2)"
hrf,gbdt,gaussian_indep,injected,0.6,,4,45,3,0.5316963790091918,0.4969276940661536,2.2610672920219717,0.602962962962963,-0.3051851851851851,"results/pivot/p2_predictions.csv (skan4 panel, reference-mask biomarkers); sigma = results/gateA_biomarker_scales_train.csv; quality proxy feat_contrast from results/pivot/bio_master.csv (source=gt); CV protocol identical to src/pivot/e1_dose_response.py (5-fold x 3 repeats, seeds 0..2)"
hrf,gbdt,gaussian_indep,injected,0.5,,0,45,3,0.4493304893033087,0.38188805323826674,2.9372125718356745,0.6355555555555555,-0.2725925925925926,"results/pivot/p2_predictions.csv (skan4 panel, reference-mask biomarkers); sigma = results/gateA_biomarker_scales_train.csv; quality proxy feat_contrast from results/pivot/bio_master.csv (source=gt); CV protocol identical to src/pivot/e1_dose_response.py (5-fold x 3 repeats, seeds 0..2)"
hrf,gbdt,gaussian_indep,injected,0.5,,1,45,3,0.4866519042819463,0.30066166505808506,2.9372125718356745,0.5422222222222222,-0.365925925925926,"results/pivot/p2_predictions.csv (skan4 panel, reference-mask biomarkers); sigma = results/gateA_biomarker_scales_train.csv; quality proxy feat_contrast from results/pivot/bio_master.csv (source=gt); CV protocol identical to src/pivot/e1_dose_response.py (5-fold x 3 repeats, seeds 0..2)"
hrf,gbdt,gaussian_indep,injected,0.5,,2,45,3,0.4616957776728072,0.42247028445790225,2.937212571835675,0.7007407407407408,-0.20740740740740737,"results/pivot/p2_predictions.csv (skan4 panel, reference-mask biomarkers); sigma = results/gateA_biomarker_scales_train.csv; quality proxy feat_contrast from results/pivot/bio_master.csv (source=gt); CV protocol identical to src/pivot/e1_dose_response.py (5-fold x 3 repeats, seeds 0..2)"
hrf,gbdt,gaussian_indep,injected,0.5,,3,45,3,0.4555924684393507,0.2867845603228519,2.9372125718356736,0.5244444444444445,-0.38370370370370366,"results/pivot/p2_predictions.csv (skan4 panel, reference-mask biomarkers); sigma = results/gateA_biomarker_scales_train.csv; quality proxy feat_contrast from results/pivot/bio_master.csv (source=gt); CV protocol identical to src/pivot/e1_dose_response.py (5-fold x 3 repeats, seeds 0..2)"
hrf,gbdt,gaussian_indep,injected,0.5,,4,45,3,0.41316854915045165,0.3688787295198514,2.9372125718356745,0.48962962962962964,-0.4185185185185185,"results/pivot/p2_predictions.csv (skan4 panel, reference-mask biomarkers); sigma = results/gateA_biomarker_scales_train.csv; quality proxy feat_contrast from results/pivot/bio_master.csv (source=gt); CV protocol identical to src/pivot/e1_dose_response.py (5-fold x 3 repeats, seeds 0..2)"
hrf,gbdt,gaussian_indep,injected,0.4,,0,45,3,0.3402927404495405,0.26085053085824716,3.8855670064048167,0.5703703703703703,-0.33777777777777784,"results/pivot/p2_predictions.csv (skan4 panel, reference-mask biomarkers); sigma = results/gateA_biomarker_scales_train.csv; quality proxy feat_contrast from results/pivot/bio_master.csv (source=gt); CV protocol identical to src/pivot/e1_dose_response.py (5-fold x 3 repeats, seeds 0..2)"
hrf,gbdt,gaussian_indep,injected,0.4,,1,45,3,0.3849713322457022,0.16636675435623413,3.8855670064048167,0.44814814814814813,-0.46,"results/pivot/p2_predictions.csv (skan4 panel, reference-mask biomarkers); sigma = results/gateA_biomarker_scales_train.csv; quality proxy feat_contrast from results/pivot/bio_master.csv (source=gt); CV protocol identical to src/pivot/e1_dose_response.py (5-fold x 3 repeats, seeds 0..2)"
hrf,gbdt,gaussian_indep,injected,0.4,,2,45,3,0.35478811960471424,0.30845352943130677,3.885567006404817,0.6933333333333334,-0.2148148148148148,"results/pivot/p2_predictions.csv (skan4 panel, reference-mask biomarkers); sigma = results/gateA_biomarker_scales_train.csv; quality proxy feat_contrast from results/pivot/bio_master.csv (source=gt); CV protocol identical to src/pivot/e1_dose_response.py (5-fold x 3 repeats, seeds 0..2)"
hrf,gbdt,gaussian_indep,injected,0.4,,3,45,3,0.34816862464527903,0.15034465316450732,3.885567006404817,0.482962962962963,-0.42518518518518517,"results/pivot/p2_predictions.csv (skan4 panel, reference-mask biomarkers); sigma = results/gateA_biomarker_scales_train.csv; quality proxy feat_contrast from results/pivot/bio_master.csv (source=gt); CV protocol identical to src/pivot/e1_dose_response.py (5-fold x 3 repeats, seeds 0..2)"
hrf,gbdt,gaussian_indep,injected,0.4,,4,45,3,0.2975770024517311,0.2456429914595214,3.885567006404817,0.5155555555555557,-0.3925925925925925,"results/pivot/p2_predictions.csv (skan4 panel, reference-mask biomarkers); sigma = results/gateA_biomarker_scales_train.csv; quality proxy feat_contrast from results/pivot/bio_master.csv (source=gt); CV protocol identical to src/pivot/e1_dose_response.py (5-fold x 3 repeats, seeds 0..2)"
hrf,gbdt,gaussian_corr,injected,0.99,,0,45,3,0.989851682241969,0.98979638099701,0.24163847970312255,0.8911111111111111,-0.017037037037037073,"results/pivot/p2_predictions.csv (skan4 panel, reference-mask biomarkers); sigma = results/gateA_biomarker_scales_train.csv; quality proxy feat_contrast from results/pivot/bio_master.csv (source=gt); CV protocol identical to src/pivot/e1_dose_response.py (5-fold x 3 repeats, seeds 0..2)"
hrf,gbdt,gaussian_corr,injected,0.99,,1,45,3,0.9902274112262112,0.989914963208078,0.2416384797031213,0.9429629629629629,0.03481481481481474,"results/pivot/p2_predictions.csv (skan4 panel, reference-mask biomarkers); sigma = results/gateA_biomarker_scales_train.csv; quality proxy feat_contrast from results/pivot/bio_master.csv (source=gt); CV protocol identical to src/pivot/e1_dose_response.py (5-fold x 3 repeats, seeds 0..2)"
hrf,gbdt,gaussian_corr,injected,0.99,,2,45,3,0.9899192635200071,0.9898014372216066,0.24163847970312147,0.9170370370370371,0.008888888888888946,"results/pivot/p2_predictions.csv (skan4 panel, reference-mask biomarkers); sigma = results/gateA_biomarker_scales_train.csv; quality proxy feat_contrast from results/pivot/bio_master.csv (source=gt); CV protocol identical to src/pivot/e1_dose_response.py (5-fold x 3 repeats, seeds 0..2)"
hrf,gbdt,gaussian_corr,injected,0.99,,3,45,3,0.9900479310211008,0.9898161027989641,0.24163847970312125,0.9029629629629629,-0.005185185185185293,"results/pivot/p2_predictions.csv (skan4 panel, reference-mask biomarkers); sigma = results/gateA_biomarker_scales_train.csv; quality proxy feat_contrast from results/pivot/bio_master.csv (source=gt); CV protocol identical to src/pivot/e1_dose_response.py (5-fold x 3 repeats, seeds 0..2)"
hrf,gbdt,gaussian_corr,injected,0.99,,4,45,3,0.9898141374795775,0.9897962236701852,0.24163847970312144,0.9644444444444445,0.0562962962962964,"results/pivot/p2_predictions.csv (skan4 panel, reference-mask biomarkers); sigma = results/gateA_biomarker_scales_train.csv; quality proxy feat_contrast from results/pivot/bio_master.csv (source=gt); CV protocol identical to src/pivot/e1_dose_response.py (5-fold x 3 repeats, seeds 0..2)"
hrf,gbdt,gaussian_corr,injected,0.95,,0,45,3,0.9469436531461904,0.9451071579534587,0.5573826597205783,0.8925925925925925,-0.015555555555555656,"results/pivot/p2_predictions.csv (skan4 panel, reference-mask biomarkers); sigma = results/gateA_biomarker_scales_train.csv; quality proxy feat_contrast from results/pivot/bio_master.csv (source=gt); CV protocol identical to src/pivot/e1_dose_response.py (5-fold x 3 repeats, seeds 0..2)"
hrf,gbdt,gaussian_corr,injected,0.95,,1,45,3,0.951932386909208,0.948998385495503,0.5573826597205781,0.9170370370370371,0.008888888888888946,"results/pivot/p2_predictions.csv (skan4 panel, reference-mask biomarkers); sigma = results/gateA_biomarker_scales_train.csv; quality proxy feat_contrast from results/pivot/bio_master.csv (source=gt); CV protocol identical to src/pivot/e1_dose_response.py (5-fold x 3 repeats, seeds 0..2)"
hrf,gbdt,gaussian_corr,injected,0.95,,2,45,3,0.94855154908735,0.9468690460201619,0.5573826597205782,0.8814814814814814,-0.026666666666666727,"results/pivot/p2_predictions.csv (skan4 panel, reference-mask biomarkers); sigma = results/gateA_biomarker_scales_train.csv; quality proxy feat_contrast from results/pivot/bio_master.csv (source=gt); CV protocol identical to src/pivot/e1_dose_response.py (5-fold x 3 repeats, seeds 0..2)"
hrf,gbdt,gaussian_corr,injected,0.95,,3,45,3,0.9491432663205916,0.9448400872358966,0.5573826597205787,0.8977777777777778,-0.010370370370370363,"results/pivot/p2_predictions.csv (skan4 panel, reference-mask biomarkers); sigma = results/gateA_biomarker_scales_train.csv; quality proxy feat_contrast from results/pivot/bio_master.csv (source=gt); CV protocol identical to src/pivot/e1_dose_response.py (5-fold x 3 repeats, seeds 0..2)"
hrf,gbdt,gaussian_corr,injected,0.95,,4,45,3,0.9461956205560453,0.9454233202677143,0.5573826597205779,0.9355555555555556,0.027407407407407436,"results/pivot/p2_predictions.csv (skan4 panel, reference-mask biomarkers); sigma = results/gateA_biomarker_scales_train.csv; quality proxy feat_contrast from results/pivot/bio_master.csv (source=gt); CV protocol identical to src/pivot/e1_dose_response.py (5-fold x 3 repeats, seeds 0..2)"
hrf,gbdt,gaussian_corr,injected,0.9,,0,45,3,0.8904994342461581,0.8838467789402792,0.8213136525390792,0.8703703703703703,-0.0377777777777778,"results/pivot/p2_predictions.csv (skan4 panel, reference-mask biomarkers); sigma = results/gateA_biomarker_scales_train.csv; quality proxy feat_contrast from results/pivot/bio_master.csv (source=gt); CV protocol identical to src/pivot/e1_dose_response.py (5-fold x 3 repeats, seeds 0..2)"
hrf,gbdt,gaussian_corr,injected,0.9,,1,45,3,0.9048575030063839,0.8972132070215582,0.8213136525390794,0.8540740740740741,-0.05407407407407405,"results/pivot/p2_predictions.csv (skan4 panel, reference-mask biomarkers); sigma = results/gateA_biomarker_scales_train.csv; quality proxy feat_contrast from results/pivot/bio_master.csv (source=gt); CV protocol identical to src/pivot/e1_dose_response.py (5-fold x 3 repeats, seeds 0..2)"
hrf,gbdt,gaussian_corr,injected,0.9,,2,45,3,0.8956051382610724,0.890698402820598,0.8213136525390793,0.8362962962962963,-0.07185185185185183,"results/pivot/p2_predictions.csv (skan4 panel, reference-mask biomarkers); sigma = results/gateA_biomarker_scales_train.csv; quality proxy feat_contrast from results/pivot/bio_master.csv (source=gt); CV protocol identical to src/pivot/e1_dose_response.py (5-fold x 3 repeats, seeds 0..2)"
hrf,gbdt,gaussian_corr,injected,0.9,,3,45,3,0.8965368683531838,0.8824237251705256,0.8213136525390783,0.8688888888888888,-0.03925925925925933,"results/pivot/p2_predictions.csv (skan4 panel, reference-mask biomarkers); sigma = results/gateA_biomarker_scales_train.csv; quality proxy feat_contrast from results/pivot/bio_master.csv (source=gt); CV protocol identical to src/pivot/e1_dose_response.py (5-fold x 3 repeats, seeds 0..2)"
hrf,gbdt,gaussian_corr,injected,0.9,,4,45,3,0.8881903005965226,0.8853013881679531,0.8213136525390787,0.8651851851851852,-0.04296296296296298,"results/pivot/p2_predictions.csv (skan4 panel, reference-mask biomarkers); sigma = results/gateA_biomarker_scales_train.csv; quality proxy feat_contrast from results/pivot/bio_master.csv (source=gt); CV protocol identical to src/pivot/e1_dose_response.py (5-fold x 3 repeats, seeds 0..2)"
hrf,gbdt,gaussian_corr,injected,0.8,,0,45,3,0.7726162442377114,0.7515312499779575,1.2718503517623594,0.6711111111111111,-0.23703703703703705,"results/pivot/p2_predictions.csv (skan4 panel, reference-mask biomarkers); sigma = results/gateA_biomarker_scales_train.csv; quality proxy feat_contrast from results/pivot/bio_master.csv (source=gt); CV protocol identical to src/pivot/e1_dose_response.py (5-fold x 3 repeats, seeds 0..2)"
hrf,gbdt,gaussian_corr,injected,0.8,,1,45,3,0.8118782352323282,0.7926030707274011,1.2718503517623596,0.7822222222222223,-0.12592592592592589,"results/pivot/p2_predictions.csv (skan4 panel, reference-mask biomarkers); sigma = results/gateA_biomarker_scales_train.csv; quality proxy feat_contrast from results/pivot/bio_master.csv (source=gt); CV protocol identical to src/pivot/e1_dose_response.py (5-fold x 3 repeats, seeds 0..2)"
hrf,gbdt,gaussian_corr,injected,0.8,,2,45,3,0.787577892519591,0.7740638263352952,1.2718503517623587,0.8259259259259258,-0.08222222222222231,"results/pivot/p2_predictions.csv (skan4 panel, reference-mask biomarkers); sigma = results/gateA_biomarker_scales_train.csv; quality proxy feat_contrast from results/pivot/bio_master.csv (source=gt); CV protocol identical to src/pivot/e1_dose_response.py (5-fold x 3 repeats, seeds 0..2)"
hrf,gbdt,gaussian_corr,injected,0.8,,3,45,3,0.7884603867794865,0.7461785916088145,1.2718503517623596,0.845925925925926,-0.06222222222222218,"results/pivot/p2_predictions.csv (skan4 panel, reference-mask biomarkers); sigma = results/gateA_biomarker_scales_train.csv; quality proxy feat_contrast from results/pivot/bio_master.csv (source=gt); CV protocol identical to src/pivot/e1_dose_response.py (5-fold x 3 repeats, seeds 0..2)"
hrf,gbdt,gaussian_corr,injected,0.8,,4,45,3,0.7660071571465545,0.7567020929885986,1.2718503517623598,0.7844444444444445,-0.12370370370370365,"results/pivot/p2_predictions.csv (skan4 panel, reference-mask biomarkers); sigma = results/gateA_biomarker_scales_train.csv; quality proxy feat_contrast from results/pivot/bio_master.csv (source=gt); CV protocol identical to src/pivot/e1_dose_response.py (5-fold x 3 repeats, seeds 0..2)"
hrf,gbdt,gaussian_corr,injected,0.7,,0,45,3,0.6519042886378996,0.6135419336817818,1.7300625255100832,0.6214814814814814,-0.28666666666666674,"results/pivot/p2_predictions.csv (skan4 panel, reference-mask biomarkers); sigma = results/gateA_biomarker_scales_train.csv; quality proxy feat_contrast from results/pivot/bio_master.csv (source=gt); CV protocol identical to src/pivot/e1_dose_response.py (5-fold x 3 repeats, seeds 0..2)"
hrf,gbdt,gaussian_corr,injected,0.7,,1,45,3,0.7194892730625324,0.6874366724800465,1.7300625255100845,0.6903703703703704,-0.21777777777777774,"results/pivot/p2_predictions.csv (skan4 panel, reference-mask biomarkers); sigma = results/gateA_biomarker_scales_train.csv; quality proxy feat_contrast from results/pivot/bio_master.csv (source=gt); CV protocol identical to src/pivot/e1_dose_response.py (5-fold x 3 repeats, seeds 0..2)"
hrf,gbdt,gaussian_corr,injected,0.7,,2,45,3,0.6783672697267314,0.6550563313842678,1.7300625255100839,0.7474074074074074,-0.16074074074074074,"results/pivot/p2_predictions.csv (skan4 panel, reference-mask biomarkers); sigma = results/gateA_biomarker_scales_train.csv; quality proxy feat_contrast from results/pivot/bio_master.csv (source=gt); CV protocol identical to src/pivot/e1_dose_response.py (5-fold x 3 repeats, seeds 0..2)"
hrf,gbdt,gaussian_corr,injected,0.7,,3,45,3,0.6786788060091815,0.6032384691419844,1.730062525510085,0.7525925925925927,-0.15555555555555545,"results/pivot/p2_predictions.csv (skan4 panel, reference-mask biomarkers); sigma = results/gateA_biomarker_scales_train.csv; quality proxy feat_contrast from results/pivot/bio_master.csv (source=gt); CV protocol identical to src/pivot/e1_dose_response.py (5-fold x 3 repeats, seeds 0..2)"
hrf,gbdt,gaussian_corr,injected,0.7,,4,45,3,0.6403369416017914,0.6233186902590563,1.7300625255100848,0.7762962962962963,-0.1318518518518519,"results/pivot/p2_predictions.csv (skan4 panel, reference-mask biomarkers); sigma = results/gateA_biomarker_scales_train.csv; quality proxy feat_contrast from results/pivot/bio_master.csv (source=gt); CV protocol identical to src/pivot/e1_dose_response.py (5-fold x 3 repeats, seeds 0..2)"
hrf,gbdt,gaussian_corr,injected,0.6,,0,45,3,0.5312750331772516,0.47572021598775166,2.261067292021973,0.5177777777777778,-0.39037037037037037,"results/pivot/p2_predictions.csv (skan4 panel, reference-mask biomarkers); sigma = results/gateA_biomarker_scales_train.csv; quality proxy feat_contrast from results/pivot/bio_master.csv (source=gt); CV protocol identical to src/pivot/e1_dose_response.py (5-fold x 3 repeats, seeds 0..2)"
hrf,gbdt,gaussian_corr,injected,0.6,,1,45,3,0.6270839462994765,0.5822861117682891,2.2610672920219725,0.7051851851851851,-0.202962962962963,"results/pivot/p2_predictions.csv (skan4 panel, reference-mask biomarkers); sigma = results/gateA_biomarker_scales_train.csv; quality proxy feat_contrast from results/pivot/bio_master.csv (source=gt); CV protocol identical to src/pivot/e1_dose_response.py (5-fold x 3 repeats, seeds 0..2)"
hrf,gbdt,gaussian_corr,injected,0.6,,2,45,3,0.5691908849524651,0.5361174120836466,2.2610672920219725,0.6666666666666666,-0.24148148148148152,"results/pivot/p2_predictions.csv (skan4 panel, reference-mask biomarkers); sigma = results/gateA_biomarker_scales_train.csv; quality proxy feat_contrast from results/pivot/bio_master.csv (source=gt); CV protocol identical to src/pivot/e1_dose_response.py (5-fold x 3 repeats, seeds 0..2)"
hrf,gbdt,gaussian_corr,injected,0.6,,3,45,3,0.5689481850532517,0.4604972975195193,2.2610672920219725,0.6637037037037037,-0.24444444444444446,"results/pivot/p2_predictions.csv (skan4 panel, reference-mask biomarkers); sigma = results/gateA_biomarker_scales_train.csv; quality proxy feat_contrast from results/pivot/bio_master.csv (source=gt); CV protocol identical to src/pivot/e1_dose_response.py (5-fold x 3 repeats, seeds 0..2)"
hrf,gbdt,gaussian_corr,injected,0.6,,4,45,3,0.514768539341564,0.4900758354619114,2.2610672920219725,0.6755555555555556,-0.23259259259259257,"results/pivot/p2_predictions.csv (skan4 panel, reference-mask biomarkers); sigma = results/gateA_biomarker_scales_train.csv; quality proxy feat_contrast from results/pivot/bio_master.csv (source=gt); CV protocol identical to src/pivot/e1_dose_response.py (5-fold x 3 repeats, seeds 0..2)"
hrf,gbdt,gaussian_corr,injected,0.5,,0,45,3,0.41259868622531953,0.3418289484860569,2.937212571835674,0.45703703703703696,-0.4511111111111112,"results/pivot/p2_predictions.csv (skan4 panel, reference-mask biomarkers); sigma = results/gateA_biomarker_scales_train.csv; quality proxy feat_contrast from results/pivot/bio_master.csv (source=gt); CV protocol identical to src/pivot/e1_dose_response.py (5-fold x 3 repeats, seeds 0..2)"
hrf,gbdt,gaussian_corr,injected,0.5,,1,45,3,0.5342783192544958,0.47751621432926783,2.9372125718356745,0.6881481481481481,-0.22000000000000008,"results/pivot/p2_predictions.csv (skan4 panel, reference-mask biomarkers); sigma = results/gateA_biomarker_scales_train.csv; quality proxy feat_contrast from results/pivot/bio_master.csv (source=gt); CV protocol identical to src/pivot/e1_dose_response.py (5-fold x 3 repeats, seeds 0..2)"
hrf,gbdt,gaussian_corr,injected,0.5,,2,45,3,0.46082871818824944,0.41881048778042,2.9372125718356736,0.6148148148148148,-0.29333333333333333,"results/pivot/p2_predictions.csv (skan4 panel, reference-mask biomarkers); sigma = results/gateA_biomarker_scales_train.csv; quality proxy feat_contrast from results/pivot/bio_master.csv (source=gt); CV protocol identical to src/pivot/e1_dose_response.py (5-fold x 3 repeats, seeds 0..2)"
hrf,gbdt,gaussian_corr,injected,0.5,,3,45,3,0.46040342892963965,0.3224030243790859,2.9372125718356727,0.648148148148148,-0.2600000000000001,"results/pivot/p2_predictions.csv (skan4 panel, reference-mask biomarkers); sigma = results/gateA_biomarker_scales_train.csv; quality proxy feat_contrast from results/pivot/bio_master.csv (source=gt); CV protocol identical to src/pivot/e1_dose_response.py (5-fold x 3 repeats, seeds 0..2)"
hrf,gbdt,gaussian_corr,injected,0.5,,4,45,3,0.39160653532229484,0.36014120230386215,2.9372125718356745,0.654074074074074,-0.2540740740740741,"results/pivot/p2_predictions.csv (skan4 panel, reference-mask biomarkers); sigma = results/gateA_biomarker_scales_train.csv; quality proxy feat_contrast from results/pivot/bio_master.csv (source=gt); CV protocol identical to src/pivot/e1_dose_response.py (5-fold x 3 repeats, seeds 0..2)"
hrf,gbdt,gaussian_corr,injected,0.4,,0,45,3,0.2970371001431187,0.21411052245371912,3.8855670064048162,0.4140740740740741,-0.49407407407407405,"results/pivot/p2_predictions.csv (skan4 panel, reference-mask biomarkers); sigma = results/gateA_biomarker_scales_train.csv; quality proxy feat_contrast from results/pivot/bio_master.csv (source=gt); CV protocol identical to src/pivot/e1_dose_response.py (5-fold x 3 repeats, seeds 0..2)"
hrf,gbdt,gaussian_corr,injected,0.4,,1,45,3,0.44078196764085253,0.3733776400393848,3.8855670064048162,0.674074074074074,-0.2340740740740741,"results/pivot/p2_predictions.csv (skan4 panel, reference-mask biomarkers); sigma = results/gateA_biomarker_scales_train.csv; quality proxy feat_contrast from results/pivot/bio_master.csv (source=gt); CV protocol identical to src/pivot/e1_dose_response.py (5-fold x 3 repeats, seeds 0..2)"
hrf,gbdt,gaussian_corr,injected,0.4,,2,45,3,0.35378483066049554,0.3041509152763096,3.8855670064048167,0.6237037037037038,-0.2844444444444444,"results/pivot/p2_predictions.csv (skan4 panel, reference-mask biomarkers); sigma = results/gateA_biomarker_scales_train.csv; quality proxy feat_contrast from results/pivot/bio_master.csv (source=gt); CV protocol identical to src/pivot/e1_dose_response.py (5-fold x 3 repeats, seeds 0..2)"
hrf,gbdt,gaussian_corr,injected,0.4,,3,45,3,0.3536876084350773,0.19154278513073164,3.885567006404817,0.5437037037037037,-0.36444444444444446,"results/pivot/p2_predictions.csv (skan4 panel, reference-mask biomarkers); sigma = results/gateA_biomarker_scales_train.csv; quality proxy feat_contrast from results/pivot/bio_master.csv (source=gt); CV protocol identical to src/pivot/e1_dose_response.py (5-fold x 3 repeats, seeds 0..2)"
hrf,gbdt,gaussian_corr,injected,0.4,,4,45,3,0.2722895778971765,0.2354442257413927,3.8855670064048162,0.6259259259259259,-0.28222222222222226,"results/pivot/p2_predictions.csv (skan4 panel, reference-mask biomarkers); sigma = results/gateA_biomarker_scales_train.csv; quality proxy feat_contrast from results/pivot/bio_master.csv (source=gt); CV protocol identical to src/pivot/e1_dose_response.py (5-fold x 3 repeats, seeds 0..2)"
hrf,gbdt,resid_bootstrap,injected,0.99,,0,45,3,0.9911727681710127,0.990432153652823,0.2416384797031209,0.9355555555555556,0.027407407407407436,"results/pivot/p2_predictions.csv (skan4 panel, reference-mask biomarkers); sigma = results/gateA_biomarker_scales_train.csv; quality proxy feat_contrast from results/pivot/bio_master.csv (source=gt); CV protocol identical to src/pivot/e1_dose_response.py (5-fold x 3 repeats, seeds 0..2)"
hrf,gbdt,resid_bootstrap,injected,0.99,,1,45,3,0.9901507538458781,0.989797424766273,0.2416384797031216,0.9318518518518518,0.02370370370370367,"results/pivot/p2_predictions.csv (skan4 panel, reference-mask biomarkers); sigma = results/gateA_biomarker_scales_train.csv; quality proxy feat_contrast from results/pivot/bio_master.csv (source=gt); CV protocol identical to src/pivot/e1_dose_response.py (5-fold x 3 repeats, seeds 0..2)"
hrf,gbdt,resid_bootstrap,injected,0.99,,2,45,3,0.989922091340742,0.9898125094700159,0.24163847970312125,0.8992592592592592,-0.008888888888888946,"results/pivot/p2_predictions.csv (skan4 panel, reference-mask biomarkers); sigma = results/gateA_biomarker_scales_train.csv; quality proxy feat_contrast from results/pivot/bio_master.csv (source=gt); CV protocol identical to src/pivot/e1_dose_response.py (5-fold x 3 repeats, seeds 0..2)"
hrf,gbdt,resid_bootstrap,injected,0.99,,3,45,3,0.99012617602849,0.9897966173915128,0.2416384797031227,0.9051851851851852,-0.002962962962962945,"results/pivot/p2_predictions.csv (skan4 panel, reference-mask biomarkers); sigma = results/gateA_biomarker_scales_train.csv; quality proxy feat_contrast from results/pivot/bio_master.csv (source=gt); CV protocol identical to src/pivot/e1_dose_response.py (5-fold x 3 repeats, seeds 0..2)"
hrf,gbdt,resid_bootstrap,injected,0.99,,4,45,3,0.9914303866867318,0.9901632992177126,0.24163847970312202,0.9207407407407406,0.012592592592592489,"results/pivot/p2_predictions.csv (skan4 panel, reference-mask biomarkers); sigma = results/gateA_biomarker_scales_train.csv; quality proxy feat_contrast from results/pivot/bio_master.csv (source=gt); CV protocol identical to src/pivot/e1_dose_response.py (5-fold x 3 repeats, seeds 0..2)"
hrf,gbdt,resid_bootstrap,injected,0.95,,0,45,3,0.9587804220852724,0.9538329601354585,0.5573826597205789,0.9,-0.008148148148148127,"results/pivot/p2_predictions.csv (skan4 panel, reference-mask biomarkers); sigma = results/gateA_biomarker_scales_train.csv; quality proxy feat_contrast from results/pivot/bio_master.csv (source=gt); CV protocol identical to src/pivot/e1_dose_response.py (5-fold x 3 repeats, seeds 0..2)"
hrf,gbdt,resid_bootstrap,injected,0.95,,1,45,3,0.9494855632162666,0.9445095249937688,0.5573826597205775,0.9437037037037038,0.035555555555555673,"results/pivot/p2_predictions.csv (skan4 panel, reference-mask biomarkers); sigma = results/gateA_biomarker_scales_train.csv; quality proxy feat_contrast from results/pivot/bio_master.csv (source=gt); CV protocol identical to src/pivot/e1_dose_response.py (5-fold x 3 repeats, seeds 0..2)"
hrf,gbdt,resid_bootstrap,injected,0.95,,2,45,3,0.9489535203819737,0.9472487129513579,0.5573826597205769,0.8985185185185185,-0.009629629629629655,"results/pivot/p2_predictions.csv (skan4 panel, reference-mask biomarkers); sigma = results/gateA_biomarker_scales_train.csv; quality proxy feat_contrast from results/pivot/bio_master.csv (source=gt); CV protocol identical to src/pivot/e1_dose_response.py (5-fold x 3 repeats, seeds 0..2)"
hrf,gbdt,resid_bootstrap,injected,0.95,,3,45,3,0.9507395801253503,0.9462342159810213,0.5573826597205787,0.8511111111111113,-0.057037037037036886,"results/pivot/p2_predictions.csv (skan4 panel, reference-mask biomarkers); sigma = results/gateA_biomarker_scales_train.csv; quality proxy feat_contrast from results/pivot/bio_master.csv (source=gt); CV protocol identical to src/pivot/e1_dose_response.py (5-fold x 3 repeats, seeds 0..2)"
hrf,gbdt,resid_bootstrap,injected,0.95,,4,45,3,0.959749919050884,0.9516025452265348,0.5573826597205783,0.8918518518518518,-0.016296296296296364,"results/pivot/p2_predictions.csv (skan4 panel, reference-mask biomarkers); sigma = results/gateA_biomarker_scales_train.csv; quality proxy feat_contrast from results/pivot/bio_master.csv (source=gt); CV protocol identical to src/pivot/e1_dose_response.py (5-fold x 3 repeats, seeds 0..2)"
hrf,gbdt,resid_bootstrap,injected,0.9,,0,45,3,0.9210579466439952,0.9097874423856913,0.8213136525390793,0.8940740740740741,-0.014074074074074017,"results/pivot/p2_predictions.csv (skan4 panel, reference-mask biomarkers); sigma = results/gateA_biomarker_scales_train.csv; quality proxy feat_contrast from results/pivot/bio_master.csv (source=gt); CV protocol identical to src/pivot/e1_dose_response.py (5-fold x 3 repeats, seeds 0..2)"
hrf,gbdt,resid_bootstrap,injected,0.9,,1,45,3,0.8968216600450714,0.8799233120880998,0.8213136525390792,0.9251851851851852,0.017037037037037073,"results/pivot/p2_predictions.csv (skan4 panel, reference-mask biomarkers); sigma = results/gateA_biomarker_scales_train.csv; quality proxy feat_contrast from results/pivot/bio_master.csv (source=gt); CV protocol identical to src/pivot/e1_dose_response.py (5-fold x 3 repeats, seeds 0..2)"
hrf,gbdt,resid_bootstrap,injected,0.9,,2,45,3,0.896992734396284,0.8919425485106551,0.8213136525390786,0.8740740740740741,-0.034074074074074034,"results/pivot/p2_predictions.csv (skan4 panel, reference-mask biomarkers); sigma = results/gateA_biomarker_scales_train.csv; quality proxy feat_contrast from results/pivot/bio_master.csv (source=gt); CV protocol identical to src/pivot/e1_dose_response.py (5-fold x 3 repeats, seeds 0..2)"
hrf,gbdt,resid_bootstrap,injected,0.9,,3,45,3,0.9015148071543269,0.8884916602074606,0.8213136525390782,0.8185185185185184,-0.08962962962962973,"results/pivot/p2_predictions.csv (skan4 panel, reference-mask biomarkers); sigma = results/gateA_biomarker_scales_train.csv; quality proxy feat_contrast from results/pivot/bio_master.csv (source=gt); CV protocol identical to src/pivot/e1_dose_response.py (5-fold x 3 repeats, seeds 0..2)"
hrf,gbdt,resid_bootstrap,injected,0.9,,4,45,3,0.9225185827447862,0.9042310375056165,0.8213136525390798,0.8377777777777778,-0.0703703703703703,"results/pivot/p2_predictions.csv (skan4 panel, reference-mask biomarkers); sigma = results/gateA_biomarker_scales_train.csv; quality proxy feat_contrast from results/pivot/bio_master.csv (source=gt); CV protocol identical to src/pivot/e1_dose_response.py (5-fold x 3 repeats, seeds 0..2)"
hrf,gbdt,resid_bootstrap,injected,0.8,,0,45,3,0.849532660745645,0.82425835259859,1.2718503517623585,0.794074074074074,-0.1140740740740741,"results/pivot/p2_predictions.csv (skan4 panel, reference-mask biomarkers); sigma = results/gateA_biomarker_scales_train.csv; quality proxy feat_contrast from results/pivot/bio_master.csv (source=gt); CV protocol identical to src/pivot/e1_dose_response.py (5-fold x 3 repeats, seeds 0..2)"
hrf,gbdt,resid_bootstrap,injected,0.8,,1,45,3,0.7877263767024769,0.7357775867436308,1.2718503517623594,0.9103703703703703,0.0022222222222221255,"results/pivot/p2_predictions.csv (skan4 panel, reference-mask biomarkers); sigma = results/gateA_biomarker_scales_train.csv; quality proxy feat_contrast from results/pivot/bio_master.csv (source=gt); CV protocol identical to src/pivot/e1_dose_response.py (5-fold x 3 repeats, seeds 0..2)"
hrf,gbdt,resid_bootstrap,injected,0.8,,2,45,3,0.7918167759528376,0.7777681733396432,1.2718503517623594,0.7785185185185185,-0.12962962962962965,"results/pivot/p2_predictions.csv (skan4 panel, reference-mask biomarkers); sigma = results/gateA_biomarker_scales_train.csv; quality proxy feat_contrast from results/pivot/bio_master.csv (source=gt); CV protocol identical to src/pivot/e1_dose_response.py (5-fold x 3 repeats, seeds 0..2)"
hrf,gbdt,resid_bootstrap,injected,0.8,,3,45,3,0.8029033645661042,0.7672499470713768,1.2718503517623585,0.6881481481481481,-0.22000000000000008,"results/pivot/p2_predictions.csv (skan4 panel, reference-mask biomarkers); sigma = results/gateA_biomarker_scales_train.csv; quality proxy feat_contrast from results/pivot/bio_master.csv (source=gt); CV protocol identical to src/pivot/e1_dose_response.py (5-fold x 3 repeats, seeds 0..2)"
hrf,gbdt,resid_bootstrap,injected,0.8,,4,45,3,0.8513149129523827,0.8107755858783207,1.2718503517623594,0.7459259259259259,-0.16222222222222227,"results/pivot/p2_predictions.csv (skan4 panel, reference-mask biomarkers); sigma = results/gateA_biomarker_scales_train.csv; quality proxy feat_contrast from results/pivot/bio_master.csv (source=gt); CV protocol identical to src/pivot/e1_dose_response.py (5-fold x 3 repeats, seeds 0..2)"
hrf,gbdt,resid_bootstrap,injected,0.7,,0,45,3,0.7799423232429201,0.7400375268381023,1.7300625255100845,0.7829629629629631,-0.12518518518518507,"results/pivot/p2_predictions.csv (skan4 panel, reference-mask biomarkers); sigma = results/gateA_biomarker_scales_train.csv; quality proxy feat_contrast from results/pivot/bio_master.csv (source=gt); CV protocol identical to src/pivot/e1_dose_response.py (5-fold x 3 repeats, seeds 0..2)"
hrf,gbdt,resid_bootstrap,injected,0.7,,1,45,3,0.6763120385686845,0.5826107796575793,1.7300625255100845,0.8414814814814814,-0.06666666666666676,"results/pivot/p2_predictions.csv (skan4 panel, reference-mask biomarkers); sigma = results/gateA_biomarker_scales_train.csv; quality proxy feat_contrast from results/pivot/bio_master.csv (source=gt); CV protocol identical to src/pivot/e1_dose_response.py (5-fold x 3 repeats, seeds 0..2)"
hrf,gbdt,resid_bootstrap,injected,0.7,,2,45,3,0.6859578354607808,0.6616385653712655,1.730062525510084,0.7399999999999999,-0.16814814814814827,"results/pivot/p2_predictions.csv (skan4 panel, reference-mask biomarkers); sigma = results/gateA_biomarker_scales_train.csv; quality proxy feat_contrast from results/pivot/bio_master.csv (source=gt); CV protocol identical to src/pivot/e1_dose_response.py (5-fold x 3 repeats, seeds 0..2)"
hrf,gbdt,resid_bootstrap,injected,0.7,,3,45,3,0.7041465625537603,0.642784136872453,1.7300625255100834,0.6955555555555556,-0.21259259259259256,"results/pivot/p2_predictions.csv (skan4 panel, reference-mask biomarkers); sigma = results/gateA_biomarker_scales_train.csv; quality proxy feat_contrast from results/pivot/bio_master.csv (source=gt); CV protocol identical to src/pivot/e1_dose_response.py (5-fold x 3 repeats, seeds 0..2)"
hrf,gbdt,resid_bootstrap,injected,0.7,,4,45,3,0.7816973248827034,0.7179899872244918,1.730062525510084,0.7244444444444444,-0.1837037037037037,"results/pivot/p2_predictions.csv (skan4 panel, reference-mask biomarkers); sigma = results/gateA_biomarker_scales_train.csv; quality proxy feat_contrast from results/pivot/bio_master.csv (source=gt); CV protocol identical to src/pivot/e1_dose_response.py (5-fold x 3 repeats, seeds 0..2)"
hrf,gbdt,resid_bootstrap,injected,0.6,,0,45,3,0.7102988250166349,0.6557802231148154,2.261067292021972,0.7281481481481481,-0.18000000000000005,"results/pivot/p2_predictions.csv (skan4 panel, reference-mask biomarkers); sigma = results/gateA_biomarker_scales_train.csv; quality proxy feat_contrast from results/pivot/bio_master.csv (source=gt); CV protocol identical to src/pivot/e1_dose_response.py (5-fold x 3 repeats, seeds 0..2)"
hrf,gbdt,resid_bootstrap,injected,0.6,,1,45,3,0.564968047283204,0.4297154762124581,2.2610672920219734,0.8051851851851852,-0.10296296296296292,"results/pivot/p2_predictions.csv (skan4 panel, reference-mask biomarkers); sigma = results/gateA_biomarker_scales_train.csv; quality proxy feat_contrast from results/pivot/bio_master.csv (source=gt); CV protocol identical to src/pivot/e1_dose_response.py (5-fold x 3 repeats, seeds 0..2)"
hrf,gbdt,resid_bootstrap,injected,0.6,,2,45,3,0.5801184984674183,0.5455652831250006,2.261067292021973,0.7200000000000001,-0.18814814814814806,"results/pivot/p2_predictions.csv (skan4 panel, reference-mask biomarkers); sigma = results/gateA_biomarker_scales_train.csv; quality proxy feat_contrast from results/pivot/bio_master.csv (source=gt); CV protocol identical to src/pivot/e1_dose_response.py (5-fold x 3 repeats, seeds 0..2)"
hrf,gbdt,resid_bootstrap,injected,0.6,,3,45,3,0.6053946704539795,0.5184120733865492,2.261067292021973,0.7303703703703704,-0.1777777777777777,"results/pivot/p2_predictions.csv (skan4 panel, reference-mask biomarkers); sigma = results/gateA_biomarker_scales_train.csv; quality proxy feat_contrast from results/pivot/bio_master.csv (source=gt); CV protocol identical to src/pivot/e1_dose_response.py (5-fold x 3 repeats, seeds 0..2)"
hrf,gbdt,resid_bootstrap,injected,0.6,,4,45,3,0.7120364101307214,0.6251855556109664,2.261067292021972,0.6466666666666667,-0.2614814814814814,"results/pivot/p2_predictions.csv (skan4 panel, reference-mask biomarkers); sigma = results/gateA_biomarker_scales_train.csv; quality proxy feat_contrast from results/pivot/bio_master.csv (source=gt); CV protocol identical to src/pivot/e1_dose_response.py (5-fold x 3 repeats, seeds 0..2)"
hrf,gbdt,resid_bootstrap,injected,0.5,,0,45,3,0.6393473659643367,0.5706340102632662,2.9372125718356736,0.6562962962962963,-0.2518518518518519,"results/pivot/p2_predictions.csv (skan4 panel, reference-mask biomarkers); sigma = results/gateA_biomarker_scales_train.csv; quality proxy feat_contrast from results/pivot/bio_master.csv (source=gt); CV protocol identical to src/pivot/e1_dose_response.py (5-fold x 3 repeats, seeds 0..2)"
hrf,gbdt,resid_bootstrap,injected,0.5,,1,45,3,0.45524480093523223,0.2831072418394207,2.9372125718356745,0.7133333333333333,-0.19481481481481489,"results/pivot/p2_predictions.csv (skan4 panel, reference-mask biomarkers); sigma = results/gateA_biomarker_scales_train.csv; quality proxy feat_contrast from results/pivot/bio_master.csv (source=gt); CV protocol identical to src/pivot/e1_dose_response.py (5-fold x 3 repeats, seeds 0..2)"
hrf,gbdt,resid_bootstrap,injected,0.5,,2,45,3,0.4747478138306047,0.43083530529847813,2.9372125718356736,0.7000000000000001,-0.20814814814814808,"results/pivot/p2_predictions.csv (skan4 panel, reference-mask biomarkers); sigma = results/gateA_biomarker_scales_train.csv; quality proxy feat_contrast from results/pivot/bio_master.csv (source=gt); CV protocol identical to src/pivot/e1_dose_response.py (5-fold x 3 repeats, seeds 0..2)"
hrf,gbdt,resid_bootstrap,injected,0.5,,3,45,3,0.5067484798847527,0.39626192646088865,2.9372125718356727,0.7481481481481481,-0.16000000000000003,"results/pivot/p2_predictions.csv (skan4 panel, reference-mask biomarkers); sigma = results/gateA_biomarker_scales_train.csv; quality proxy feat_contrast from results/pivot/bio_master.csv (source=gt); CV protocol identical to src/pivot/e1_dose_response.py (5-fold x 3 repeats, seeds 0..2)"
hrf,gbdt,resid_bootstrap,injected,0.5,,4,45,3,0.6413055756475928,0.5319246875458756,2.937212571835673,0.588148148148148,-0.3200000000000002,"results/pivot/p2_predictions.csv (skan4 panel, reference-mask biomarkers); sigma = results/gateA_biomarker_scales_train.csv; quality proxy feat_contrast from results/pivot/bio_master.csv (source=gt); CV protocol identical to src/pivot/e1_dose_response.py (5-fold x 3 repeats, seeds 0..2)"
hrf,gbdt,resid_bootstrap,injected,0.4,,0,45,3,0.5661077028790408,0.48396688854505693,3.8855670064048162,0.6281481481481482,-0.2799999999999999,"results/pivot/p2_predictions.csv (skan4 panel, reference-mask biomarkers); sigma = results/gateA_biomarker_scales_train.csv; quality proxy feat_contrast from results/pivot/bio_master.csv (source=gt); CV protocol identical to src/pivot/e1_dose_response.py (5-fold x 3 repeats, seeds 0..2)"
hrf,gbdt,resid_bootstrap,injected,0.4,,1,45,3,0.347965464203254,0.14610531433761662,3.8855670064048167,0.6355555555555555,-0.2725925925925926,"results/pivot/p2_predictions.csv (skan4 panel, reference-mask biomarkers); sigma = results/gateA_biomarker_scales_train.csv; quality proxy feat_contrast from results/pivot/bio_master.csv (source=gt); CV protocol identical to src/pivot/e1_dose_response.py (5-fold x 3 repeats, seeds 0..2)"
hrf,gbdt,resid_bootstrap,injected,0.4,,2,45,3,0.37014512744867706,0.31829465602090495,3.885567006404816,0.7148148148148149,-0.19333333333333325,"results/pivot/p2_predictions.csv (skan4 panel, reference-mask biomarkers); sigma = results/gateA_biomarker_scales_train.csv; quality proxy feat_contrast from results/pivot/bio_master.csv (source=gt); CV protocol identical to src/pivot/e1_dose_response.py (5-fold x 3 repeats, seeds 0..2)"
hrf,gbdt,resid_bootstrap,injected,0.4,,3,45,3,0.4082322155819623,0.2776835339325958,3.885567006404816,0.6244444444444445,-0.2837037037037037,"results/pivot/p2_predictions.csv (skan4 panel, reference-mask biomarkers); sigma = results/gateA_biomarker_scales_train.csv; quality proxy feat_contrast from results/pivot/bio_master.csv (source=gt); CV protocol identical to src/pivot/e1_dose_response.py (5-fold x 3 repeats, seeds 0..2)"
hrf,gbdt,resid_bootstrap,injected,0.4,,4,45,3,0.5686861630230785,0.4378924890983579,3.8855670064048162,0.56,-0.3481481481481481,"results/pivot/p2_predictions.csv (skan4 panel, reference-mask biomarkers); sigma = results/gateA_biomarker_scales_train.csv; quality proxy feat_contrast from results/pivot/bio_master.csv (source=gt); CV protocol identical to src/pivot/e1_dose_response.py (5-fold x 3 repeats, seeds 0..2)"
hrf,gbdt,hetero_reference,injected,0.99,,0,45,3,0.9899199893052512,0.9898467800540142,0.24163847970312136,0.9103703703703704,0.0022222222222222365,"results/pivot/p2_predictions.csv (skan4 panel, reference-mask biomarkers); sigma = results/gateA_biomarker_scales_train.csv; quality proxy feat_contrast from results/pivot/bio_master.csv (source=gt); CV protocol identical to src/pivot/e1_dose_response.py (5-fold x 3 repeats, seeds 0..2)"
hrf,gbdt,hetero_reference,injected,0.99,,1,45,3,0.9904405299375251,0.9901076687734052,0.24163847970312158,0.9148148148148149,0.00666666666666671,"results/pivot/p2_predictions.csv (skan4 panel, reference-mask biomarkers); sigma = results/gateA_biomarker_scales_train.csv; quality proxy feat_contrast from results/pivot/bio_master.csv (source=gt); CV protocol identical to src/pivot/e1_dose_response.py (5-fold x 3 repeats, seeds 0..2)"
hrf,gbdt,hetero_reference,injected,0.99,,2,45,3,0.990109358366742,0.9899488062853418,0.24163847970312127,0.9088888888888889,0.0007407407407407085,"results/pivot/p2_predictions.csv (skan4 panel, reference-mask biomarkers); sigma = results/gateA_biomarker_scales_train.csv; quality proxy feat_contrast from results/pivot/bio_master.csv (source=gt); CV protocol identical to src/pivot/e1_dose_response.py (5-fold x 3 repeats, seeds 0..2)"
hrf,gbdt,hetero_reference,injected,0.99,,3,45,3,0.9904542162182215,0.9897962483962974,0.24163847970312136,0.9222222222222222,0.014074074074074017,"results/pivot/p2_predictions.csv (skan4 panel, reference-mask biomarkers); sigma = results/gateA_biomarker_scales_train.csv; quality proxy feat_contrast from results/pivot/bio_master.csv (source=gt); CV protocol identical to src/pivot/e1_dose_response.py (5-fold x 3 repeats, seeds 0..2)"
hrf,gbdt,hetero_reference,injected,0.99,,4,45,3,0.989988536455116,0.9898842345119607,0.24163847970312163,0.9274074074074073,0.019259259259259198,"results/pivot/p2_predictions.csv (skan4 panel, reference-mask biomarkers); sigma = results/gateA_biomarker_scales_train.csv; quality proxy feat_contrast from results/pivot/bio_master.csv (source=gt); CV protocol identical to src/pivot/e1_dose_response.py (5-fold x 3 repeats, seeds 0..2)"
hrf,gbdt,hetero_reference,injected,0.95,,0,45,3,0.947942319601048,0.9448576993609542,0.5573826597205781,0.9155555555555557,0.007407407407407529,"results/pivot/p2_predictions.csv (skan4 panel, reference-mask biomarkers); sigma = results/gateA_biomarker_scales_train.csv; quality proxy feat_contrast from results/pivot/bio_master.csv (source=gt); CV protocol identical to src/pivot/e1_dose_response.py (5-fold x 3 repeats, seeds 0..2)"
hrf,gbdt,hetero_reference,injected,0.95,,1,45,3,0.9537051039149864,0.9510875514600365,0.5573826597205785,0.9288888888888889,0.020740740740740726,"results/pivot/p2_predictions.csv (skan4 panel, reference-mask biomarkers); sigma = results/gateA_biomarker_scales_train.csv; quality proxy feat_contrast from results/pivot/bio_master.csv (source=gt); CV protocol identical to src/pivot/e1_dose_response.py (5-fold x 3 repeats, seeds 0..2)"
hrf,gbdt,hetero_reference,injected,0.95,,2,45,3,0.9487638278600447,0.9445469091396772,0.5573826597205779,0.8614814814814816,-0.04666666666666652,"results/pivot/p2_predictions.csv (skan4 panel, reference-mask biomarkers); sigma = results/gateA_biomarker_scales_train.csv; quality proxy feat_contrast from results/pivot/bio_master.csv (source=gt); CV protocol identical to src/pivot/e1_dose_response.py (5-fold x 3 repeats, seeds 0..2)"
hrf,gbdt,hetero_reference,injected,0.95,,3,45,3,0.9533362211399736,0.9465055202902563,0.5573826597205774,0.891851851851852,-0.016296296296296142,"results/pivot/p2_predictions.csv (skan4 panel, reference-mask biomarkers); sigma = results/gateA_biomarker_scales_train.csv; quality proxy feat_contrast from results/pivot/bio_master.csv (source=gt); CV protocol identical to src/pivot/e1_dose_response.py (5-fold x 3 repeats, seeds 0..2)"
hrf,gbdt,hetero_reference,injected,0.95,,4,45,3,0.9447269186904987,0.9444403913240268,0.5573826597205777,0.9140740740740741,0.005925925925926001,"results/pivot/p2_predictions.csv (skan4 panel, reference-mask biomarkers); sigma = results/gateA_biomarker_scales_train.csv; quality proxy feat_contrast from results/pivot/bio_master.csv (source=gt); CV protocol identical to src/pivot/e1_dose_response.py (5-fold x 3 repeats, seeds 0..2)"
hrf,gbdt,hetero_reference,injected,0.9,,0,45,3,0.8934151114755939,0.8825261285324472,0.8213136525390788,0.9274074074074073,0.019259259259259198,"results/pivot/p2_predictions.csv (skan4 panel, reference-mask biomarkers); sigma = results/gateA_biomarker_scales_train.csv; quality proxy feat_contrast from results/pivot/bio_master.csv (source=gt); CV protocol identical to src/pivot/e1_dose_response.py (5-fold x 3 repeats, seeds 0..2)"
hrf,gbdt,hetero_reference,injected,0.9,,1,45,3,0.9092918814052338,0.9028971486827782,0.8213136525390793,0.8807407407407407,-0.027407407407407436,"results/pivot/p2_predictions.csv (skan4 panel, reference-mask biomarkers); sigma = results/gateA_biomarker_scales_train.csv; quality proxy feat_contrast from results/pivot/bio_master.csv (source=gt); CV protocol identical to src/pivot/e1_dose_response.py (5-fold x 3 repeats, seeds 0..2)"
hrf,gbdt,hetero_reference,injected,0.9,,2,45,3,0.894534457612423,0.8769224978271127,0.8213136525390792,0.9081481481481481,0.0,"results/pivot/p2_predictions.csv (skan4 panel, reference-mask biomarkers); sigma = results/gateA_biomarker_scales_train.csv; quality proxy feat_contrast from results/pivot/bio_master.csv (source=gt); CV protocol identical to src/pivot/e1_dose_response.py (5-fold x 3 repeats, seeds 0..2)"
hrf,gbdt,hetero_reference,injected,0.9,,3,45,3,0.907878431050142,0.8894573248447598,0.8213136525390783,0.8770370370370371,-0.03111111111111109,"results/pivot/p2_predictions.csv (skan4 panel, reference-mask biomarkers); sigma = results/gateA_biomarker_scales_train.csv; quality proxy feat_contrast from results/pivot/bio_master.csv (source=gt); CV protocol identical to src/pivot/e1_dose_response.py (5-fold x 3 repeats, seeds 0..2)"
hrf,gbdt,hetero_reference,injected,0.9,,4,45,3,0.8813037167311735,0.8785408605742976,0.8213136525390793,0.8866666666666667,-0.021481481481481435,"results/pivot/p2_predictions.csv (skan4 panel, reference-mask biomarkers); sigma = results/gateA_biomarker_scales_train.csv; quality proxy feat_contrast from results/pivot/bio_master.csv (source=gt); CV protocol identical to src/pivot/e1_dose_response.py (5-fold x 3 repeats, seeds 0..2)"
hrf,gbdt,hetero_reference,injected,0.8,,0,45,3,0.7806200703368887,0.7465751155169335,1.2718503517623598,0.8044444444444444,-0.10370370370370374,"results/pivot/p2_predictions.csv (skan4 panel, reference-mask biomarkers); sigma = results/gateA_biomarker_scales_train.csv; quality proxy feat_contrast from results/pivot/bio_master.csv (source=gt); CV protocol identical to src/pivot/e1_dose_response.py (5-fold x 3 repeats, seeds 0..2)"
hrf,gbdt,hetero_reference,injected,0.8,,1,45,3,0.8227024265085692,0.807431535853987,1.2718503517623592,0.7888888888888889,-0.11925925925925929,"results/pivot/p2_predictions.csv (skan4 panel, reference-mask biomarkers); sigma = results/gateA_biomarker_scales_train.csv; quality proxy feat_contrast from results/pivot/bio_master.csv (source=gt); CV protocol identical to src/pivot/e1_dose_response.py (5-fold x 3 repeats, seeds 0..2)"
hrf,gbdt,hetero_reference,injected,0.8,,2,45,3,0.7807157332023932,0.7200334505025552,1.27185035176236,0.8118518518518517,-0.09629629629629644,"results/pivot/p2_predictions.csv (skan4 panel, reference-mask biomarkers); sigma = results/gateA_biomarker_scales_train.csv; quality proxy feat_contrast from results/pivot/bio_master.csv (source=gt); CV protocol identical to src/pivot/e1_dose_response.py (5-fold x 3 repeats, seeds 0..2)"
hrf,gbdt,hetero_reference,injected,0.8,,3,45,3,0.8181530410135673,0.7702731343363759,1.2718503517623598,0.8681481481481482,-0.039999999999999925,"results/pivot/p2_predictions.csv (skan4 panel, reference-mask biomarkers); sigma = results/gateA_biomarker_scales_train.csv; quality proxy feat_contrast from results/pivot/bio_master.csv (source=gt); CV protocol identical to src/pivot/e1_dose_response.py (5-fold x 3 repeats, seeds 0..2)"
hrf,gbdt,hetero_reference,injected,0.8,,4,45,3,0.7412630327653248,0.7291853360530383,1.27185035176236,0.8192592592592592,-0.0888888888888889,"results/pivot/p2_predictions.csv (skan4 panel, reference-mask biomarkers); sigma = results/gateA_biomarker_scales_train.csv; quality proxy feat_contrast from results/pivot/bio_master.csv (source=gt); CV protocol identical to src/pivot/e1_dose_response.py (5-fold x 3 repeats, seeds 0..2)"
hrf,gbdt,hetero_reference,injected,0.7,,0,45,3,0.6656722692810346,0.6040085274020061,1.7300625255100839,0.7222222222222223,-0.18592592592592583,"results/pivot/p2_predictions.csv (skan4 panel, reference-mask biomarkers); sigma = results/gateA_biomarker_scales_train.csv; quality proxy feat_contrast from results/pivot/bio_master.csv (source=gt); CV protocol identical to src/pivot/e1_dose_response.py (5-fold x 3 repeats, seeds 0..2)"
hrf,gbdt,hetero_reference,injected,0.7,,1,45,3,0.7372479570894663,0.7124443791484022,1.730062525510084,0.7281481481481481,-0.18000000000000005,"results/pivot/p2_predictions.csv (skan4 panel, reference-mask biomarkers); sigma = results/gateA_biomarker_scales_train.csv; quality proxy feat_contrast from results/pivot/bio_master.csv (source=gt); CV protocol identical to src/pivot/e1_dose_response.py (5-fold x 3 repeats, seeds 0..2)"
hrf,gbdt,hetero_reference,injected,0.7,,2,45,3,0.6635042719172836,0.549482362834077,1.7300625255100834,0.7822222222222223,-0.12592592592592589,"results/pivot/p2_predictions.csv (skan4 panel, reference-mask biomarkers); sigma = results/gateA_biomarker_scales_train.csv; quality proxy feat_contrast from results/pivot/bio_master.csv (source=gt); CV protocol identical to src/pivot/e1_dose_response.py (5-fold x 3 repeats, seeds 0..2)"
hrf,gbdt,hetero_reference,injected,0.7,,3,45,3,0.72896097272129,0.6482563727869475,1.7300625255100832,0.8466666666666667,-0.06148148148148147,"results/pivot/p2_predictions.csv (skan4 panel, reference-mask biomarkers); sigma = results/gateA_biomarker_scales_train.csv; quality proxy feat_contrast from results/pivot/bio_master.csv (source=gt); CV protocol identical to src/pivot/e1_dose_response.py (5-fold x 3 repeats, seeds 0..2)"
hrf,gbdt,hetero_reference,injected,0.7,,4,45,3,0.5933440499864976,0.5690547470425914,1.7300625255100839,0.7392592592592592,-0.16888888888888898,"results/pivot/p2_predictions.csv (skan4 panel, reference-mask biomarkers); sigma = results/gateA_biomarker_scales_train.csv; quality proxy feat_contrast from results/pivot/bio_master.csv (source=gt); CV protocol identical to src/pivot/e1_dose_response.py (5-fold x 3 repeats, seeds 0..2)"
hrf,gbdt,hetero_reference,injected,0.6,,0,45,3,0.5507878934216762,0.46163844074315563,2.261067292021972,0.6185185185185185,-0.2896296296296297,"results/pivot/p2_predictions.csv (skan4 panel, reference-mask biomarkers); sigma = results/gateA_biomarker_scales_train.csv; quality proxy feat_contrast from results/pivot/bio_master.csv (source=gt); CV protocol identical to src/pivot/e1_dose_response.py (5-fold x 3 repeats, seeds 0..2)"
hrf,gbdt,hetero_reference,injected,0.6,,1,45,3,0.6517619257909855,0.6174437411586978,2.261067292021973,0.6814814814814816,-0.22666666666666657,"results/pivot/p2_predictions.csv (skan4 panel, reference-mask biomarkers); sigma = results/gateA_biomarker_scales_train.csv; quality proxy feat_contrast from results/pivot/bio_master.csv (source=gt); CV protocol identical to src/pivot/e1_dose_response.py (5-fold x 3 repeats, seeds 0..2)"
hrf,gbdt,hetero_reference,injected,0.6,,2,45,3,0.5463973665821202,0.37935189138580044,2.261067292021973,0.7096296296296295,-0.19851851851851865,"results/pivot/p2_predictions.csv (skan4 panel, reference-mask biomarkers); sigma = results/gateA_biomarker_scales_train.csv; quality proxy feat_contrast from results/pivot/bio_master.csv (source=gt); CV protocol identical to src/pivot/e1_dose_response.py (5-fold x 3 repeats, seeds 0..2)"
hrf,gbdt,hetero_reference,injected,0.6,,3,45,3,0.6397550161369245,0.526321746092228,2.261067292021972,0.7622222222222222,-0.1459259259259259,"results/pivot/p2_predictions.csv (skan4 panel, reference-mask biomarkers); sigma = results/gateA_biomarker_scales_train.csv; quality proxy feat_contrast from results/pivot/bio_master.csv (source=gt); CV protocol identical to src/pivot/e1_dose_response.py (5-fold x 3 repeats, seeds 0..2)"
hrf,gbdt,hetero_reference,injected,0.6,,4,45,3,0.4456612107567488,0.409251358381853,2.2610672920219725,0.654074074074074,-0.2540740740740741,"results/pivot/p2_predictions.csv (skan4 panel, reference-mask biomarkers); sigma = results/gateA_biomarker_scales_train.csv; quality proxy feat_contrast from results/pivot/bio_master.csv (source=gt); CV protocol identical to src/pivot/e1_dose_response.py (5-fold x 3 repeats, seeds 0..2)"
hrf,gbdt,hetero_reference,injected,0.5,,0,45,3,0.4373934602004744,0.3238594553565767,2.9372125718356736,0.5822222222222222,-0.32592592592592595,"results/pivot/p2_predictions.csv (skan4 panel, reference-mask biomarkers); sigma = results/gateA_biomarker_scales_train.csv; quality proxy feat_contrast from results/pivot/bio_master.csv (source=gt); CV protocol identical to src/pivot/e1_dose_response.py (5-fold x 3 repeats, seeds 0..2)"
hrf,gbdt,hetero_reference,injected,0.5,,1,45,3,0.5655054513311318,0.5221168401474777,2.937212571835673,0.6933333333333334,-0.2148148148148148,"results/pivot/p2_predictions.csv (skan4 panel, reference-mask biomarkers); sigma = results/gateA_biomarker_scales_train.csv; quality proxy feat_contrast from results/pivot/bio_master.csv (source=gt); CV protocol identical to src/pivot/e1_dose_response.py (5-fold x 3 repeats, seeds 0..2)"
hrf,gbdt,hetero_reference,injected,0.5,,2,45,3,0.43167278610852733,0.2188114019616387,2.9372125718356736,0.6696296296296297,-0.23851851851851846,"results/pivot/p2_predictions.csv (skan4 panel, reference-mask biomarkers); sigma = results/gateA_biomarker_scales_train.csv; quality proxy feat_contrast from results/pivot/bio_master.csv (source=gt); CV protocol identical to src/pivot/e1_dose_response.py (5-fold x 3 repeats, seeds 0..2)"
hrf,gbdt,hetero_reference,injected,0.5,,3,45,3,0.5501947479985705,0.40633742288696717,2.9372125718356745,0.7303703703703704,-0.1777777777777777,"results/pivot/p2_predictions.csv (skan4 panel, reference-mask biomarkers); sigma = results/gateA_biomarker_scales_train.csv; quality proxy feat_contrast from results/pivot/bio_master.csv (source=gt); CV protocol identical to src/pivot/e1_dose_response.py (5-fold x 3 repeats, seeds 0..2)"
hrf,gbdt,hetero_reference,injected,0.5,,4,45,3,0.3034616639435344,0.25697880116032207,2.9372125718356736,0.6081481481481482,-0.29999999999999993,"results/pivot/p2_predictions.csv (skan4 panel, reference-mask biomarkers); sigma = results/gateA_biomarker_scales_train.csv; quality proxy feat_contrast from results/pivot/bio_master.csv (source=gt); CV protocol identical to src/pivot/e1_dose_response.py (5-fold x 3 repeats, seeds 0..2)"
hrf,gbdt,hetero_reference,injected,0.4,,0,45,3,0.3263487988583692,0.19323243118455274,3.8855670064048162,0.45555555555555555,-0.4525925925925926,"results/pivot/p2_predictions.csv (skan4 panel, reference-mask biomarkers); sigma = results/gateA_biomarker_scales_train.csv; quality proxy feat_contrast from results/pivot/bio_master.csv (source=gt); CV protocol identical to src/pivot/e1_dose_response.py (5-fold x 3 repeats, seeds 0..2)"
hrf,gbdt,hetero_reference,injected,0.4,,1,45,3,0.47792530235181097,0.4262403852414649,3.885567006404817,0.7770370370370371,-0.13111111111111107,"results/pivot/p2_predictions.csv (skan4 panel, reference-mask biomarkers); sigma = results/gateA_biomarker_scales_train.csv; quality proxy feat_contrast from results/pivot/bio_master.csv (source=gt); CV protocol identical to src/pivot/e1_dose_response.py (5-fold x 3 repeats, seeds 0..2)"
hrf,gbdt,hetero_reference,injected,0.4,,2,45,3,0.32046370136490226,0.07244564616476586,3.8855670064048176,0.6881481481481483,-0.21999999999999986,"results/pivot/p2_predictions.csv (skan4 panel, reference-mask biomarkers); sigma = results/gateA_biomarker_scales_train.csv; quality proxy feat_contrast from results/pivot/bio_master.csv (source=gt); CV protocol identical to src/pivot/e1_dose_response.py (5-fold x 3 repeats, seeds 0..2)"
hrf,gbdt,hetero_reference,injected,0.4,,3,45,3,0.459968885362783,0.28950109126074397,3.885567006404817,0.7266666666666666,-0.18148148148148158,"results/pivot/p2_predictions.csv (skan4 panel, reference-mask biomarkers); sigma = results/gateA_biomarker_scales_train.csv; quality proxy feat_contrast from results/pivot/bio_master.csv (source=gt); CV protocol identical to src/pivot/e1_dose_response.py (5-fold x 3 repeats, seeds 0..2)"
hrf,gbdt,hetero_reference,injected,0.4,,4,45,3,0.16969199897402173,0.11606346036946108,3.8855670064048162,0.6081481481481482,-0.29999999999999993,"results/pivot/p2_predictions.csv (skan4 panel, reference-mask biomarkers); sigma = results/gateA_biomarker_scales_train.csv; quality proxy feat_contrast from results/pivot/bio_master.csv (source=gt); CV protocol identical to src/pivot/e1_dose_response.py (5-fold x 3 repeats, seeds 0..2)"
hrf,gbdt,hetero_quality,injected,0.99,,0,45,3,0.9900046916225604,0.9898113641267522,0.2416384797031214,0.9014814814814814,-0.00666666666666671,"results/pivot/p2_predictions.csv (skan4 panel, reference-mask biomarkers); sigma = results/gateA_biomarker_scales_train.csv; quality proxy feat_contrast from results/pivot/bio_master.csv (source=gt); CV protocol identical to src/pivot/e1_dose_response.py (5-fold x 3 repeats, seeds 0..2)"
hrf,gbdt,hetero_quality,injected,0.99,,1,45,3,0.9900947284619547,0.9898126370828707,0.2416384797031212,0.9437037037037038,0.035555555555555673,"results/pivot/p2_predictions.csv (skan4 panel, reference-mask biomarkers); sigma = results/gateA_biomarker_scales_train.csv; quality proxy feat_contrast from results/pivot/bio_master.csv (source=gt); CV protocol identical to src/pivot/e1_dose_response.py (5-fold x 3 repeats, seeds 0..2)"
hrf,gbdt,hetero_quality,injected,0.99,,2,45,3,0.9898659994593522,0.9897975003319558,0.24163847970312136,0.9088888888888889,0.0007407407407407085,"results/pivot/p2_predictions.csv (skan4 panel, reference-mask biomarkers); sigma = results/gateA_biomarker_scales_train.csv; quality proxy feat_contrast from results/pivot/bio_master.csv (source=gt); CV protocol identical to src/pivot/e1_dose_response.py (5-fold x 3 repeats, seeds 0..2)"
hrf,gbdt,hetero_quality,injected,0.99,,3,45,3,0.9901413522007952,0.9898136545075752,0.24163847970312163,0.9303703703703704,0.022222222222222254,"results/pivot/p2_predictions.csv (skan4 panel, reference-mask biomarkers); sigma = results/gateA_biomarker_scales_train.csv; quality proxy feat_contrast from results/pivot/bio_master.csv (source=gt); CV protocol identical to src/pivot/e1_dose_response.py (5-fold x 3 repeats, seeds 0..2)"
hrf,gbdt,hetero_quality,injected,0.99,,4,45,3,0.9899200733334846,0.989802925346185,0.24163847970312186,0.9407407407407408,0.03259259259259262,"results/pivot/p2_predictions.csv (skan4 panel, reference-mask biomarkers); sigma = results/gateA_biomarker_scales_train.csv; quality proxy feat_contrast from results/pivot/bio_master.csv (source=gt); CV protocol identical to src/pivot/e1_dose_response.py (5-fold x 3 repeats, seeds 0..2)"
hrf,gbdt,hetero_quality,injected,0.95,,0,45,3,0.9485013927353163,0.9455444422877749,0.5573826597205782,0.9037037037037038,-0.004444444444444362,"results/pivot/p2_predictions.csv (skan4 panel, reference-mask biomarkers); sigma = results/gateA_biomarker_scales_train.csv; quality proxy feat_contrast from results/pivot/bio_master.csv (source=gt); CV protocol identical to src/pivot/e1_dose_response.py (5-fold x 3 repeats, seeds 0..2)"
hrf,gbdt,hetero_quality,injected,0.95,,1,45,3,0.9504739680141181,0.9472522722402152,0.5573826597205779,0.9407407407407408,0.03259259259259262,"results/pivot/p2_predictions.csv (skan4 panel, reference-mask biomarkers); sigma = results/gateA_biomarker_scales_train.csv; quality proxy feat_contrast from results/pivot/bio_master.csv (source=gt); CV protocol identical to src/pivot/e1_dose_response.py (5-fold x 3 repeats, seeds 0..2)"
hrf,gbdt,hetero_quality,injected,0.95,,2,45,3,0.9476016761265894,0.9459697291763648,0.5573826597205782,0.8985185185185186,-0.009629629629629544,"results/pivot/p2_predictions.csv (skan4 panel, reference-mask biomarkers); sigma = results/gateA_biomarker_scales_train.csv; quality proxy feat_contrast from results/pivot/bio_master.csv (source=gt); CV protocol identical to src/pivot/e1_dose_response.py (5-fold x 3 repeats, seeds 0..2)"
hrf,gbdt,hetero_quality,injected,0.95,,3,45,3,0.9494234021323545,0.9444624610211871,0.557382659720577,0.8903703703703704,-0.01777777777777778,"results/pivot/p2_predictions.csv (skan4 panel, reference-mask biomarkers); sigma = results/gateA_biomarker_scales_train.csv; quality proxy feat_contrast from results/pivot/bio_master.csv (source=gt); CV protocol identical to src/pivot/e1_dose_response.py (5-fold x 3 repeats, seeds 0..2)"
hrf,gbdt,hetero_quality,injected,0.95,,4,45,3,0.9480130588034313,0.9456700504048489,0.5573826597205785,0.9133333333333332,0.0051851851851850705,"results/pivot/p2_predictions.csv (skan4 panel, reference-mask biomarkers); sigma = results/gateA_biomarker_scales_train.csv; quality proxy feat_contrast from results/pivot/bio_master.csv (source=gt); CV protocol identical to src/pivot/e1_dose_response.py (5-fold x 3 repeats, seeds 0..2)"
hrf,gbdt,hetero_quality,injected,0.9,,0,45,3,0.8946772106821952,0.8858175766027254,0.8213136525390783,0.9148148148148149,0.00666666666666671,"results/pivot/p2_predictions.csv (skan4 panel, reference-mask biomarkers); sigma = results/gateA_biomarker_scales_train.csv; quality proxy feat_contrast from results/pivot/bio_master.csv (source=gt); CV protocol identical to src/pivot/e1_dose_response.py (5-fold x 3 repeats, seeds 0..2)"
hrf,gbdt,hetero_quality,injected,0.9,,1,45,3,0.9008683042063421,0.8919539945363997,0.8213136525390787,0.842962962962963,-0.06518518518518512,"results/pivot/p2_predictions.csv (skan4 panel, reference-mask biomarkers); sigma = results/gateA_biomarker_scales_train.csv; quality proxy feat_contrast from results/pivot/bio_master.csv (source=gt); CV protocol identical to src/pivot/e1_dose_response.py (5-fold x 3 repeats, seeds 0..2)"
hrf,gbdt,hetero_quality,injected,0.9,,2,45,3,0.8927121254660467,0.887509675782327,0.8213136525390785,0.8762962962962962,-0.03185185185185191,"results/pivot/p2_predictions.csv (skan4 panel, reference-mask biomarkers); sigma = results/gateA_biomarker_scales_train.csv; quality proxy feat_contrast from results/pivot/bio_master.csv (source=gt); CV protocol identical to src/pivot/e1_dose_response.py (5-fold x 3 repeats, seeds 0..2)"
hrf,gbdt,hetero_quality,injected,0.9,,3,45,3,0.8966674943704525,0.8792480623388798,0.8213136525390783,0.8274074074074074,-0.08074074074074078,"results/pivot/p2_predictions.csv (skan4 panel, reference-mask biomarkers); sigma = results/gateA_biomarker_scales_train.csv; quality proxy feat_contrast from results/pivot/bio_master.csv (source=gt); CV protocol identical to src/pivot/e1_dose_response.py (5-fold x 3 repeats, seeds 0..2)"
hrf,gbdt,hetero_quality,injected,0.9,,4,45,3,0.8936824796473566,0.8863348922472907,0.8213136525390783,0.8792592592592593,-0.028888888888888853,"results/pivot/p2_predictions.csv (skan4 panel, reference-mask biomarkers); sigma = results/gateA_biomarker_scales_train.csv; quality proxy feat_contrast from results/pivot/bio_master.csv (source=gt); CV protocol identical to src/pivot/e1_dose_response.py (5-fold x 3 repeats, seeds 0..2)"
hrf,gbdt,hetero_quality,injected,0.8,,0,45,3,0.7834360214106668,0.7584760368197381,1.2718503517623594,0.7311111111111112,-0.177037037037037,"results/pivot/p2_predictions.csv (skan4 panel, reference-mask biomarkers); sigma = results/gateA_biomarker_scales_train.csv; quality proxy feat_contrast from results/pivot/bio_master.csv (source=gt); CV protocol identical to src/pivot/e1_dose_response.py (5-fold x 3 repeats, seeds 0..2)"
hrf,gbdt,hetero_quality,injected,0.8,,1,45,3,0.8014137328737668,0.7778018409608191,1.2718503517623596,0.8059259259259259,-0.10222222222222221,"results/pivot/p2_predictions.csv (skan4 panel, reference-mask biomarkers); sigma = results/gateA_biomarker_scales_train.csv; quality proxy feat_contrast from results/pivot/bio_master.csv (source=gt); CV protocol identical to src/pivot/e1_dose_response.py (5-fold x 3 repeats, seeds 0..2)"
hrf,gbdt,hetero_quality,injected,0.8,,2,45,3,0.7793456967993979,0.7641017827544887,1.2718503517623594,0.8214814814814816,-0.08666666666666656,"results/pivot/p2_predictions.csv (skan4 panel, reference-mask biomarkers); sigma = results/gateA_biomarker_scales_train.csv; quality proxy feat_contrast from results/pivot/bio_master.csv (source=gt); CV protocol identical to src/pivot/e1_dose_response.py (5-fold x 3 repeats, seeds 0..2)"
hrf,gbdt,hetero_quality,injected,0.8,,3,45,3,0.787303339066079,0.7326577321417913,1.2718503517623594,0.7985185185185185,-0.10962962962962963,"results/pivot/p2_predictions.csv (skan4 panel, reference-mask biomarkers); sigma = results/gateA_biomarker_scales_train.csv; quality proxy feat_contrast from results/pivot/bio_master.csv (source=gt); CV protocol identical to src/pivot/e1_dose_response.py (5-fold x 3 repeats, seeds 0..2)"
hrf,gbdt,hetero_quality,injected,0.8,,4,45,3,0.7815351352391277,0.7602253875003355,1.2718503517623598,0.7940740740740742,-0.114074074074074,"results/pivot/p2_predictions.csv (skan4 panel, reference-mask biomarkers); sigma = results/gateA_biomarker_scales_train.csv; quality proxy feat_contrast from results/pivot/bio_master.csv (source=gt); CV protocol identical to src/pivot/e1_dose_response.py (5-fold x 3 repeats, seeds 0..2)"
hrf,gbdt,hetero_quality,injected,0.7,,0,45,3,0.6701207842394066,0.6266355388262672,1.7300625255100839,0.6666666666666666,-0.24148148148148152,"results/pivot/p2_predictions.csv (skan4 panel, reference-mask biomarkers); sigma = results/gateA_biomarker_scales_train.csv; quality proxy feat_contrast from results/pivot/bio_master.csv (source=gt); CV protocol identical to src/pivot/e1_dose_response.py (5-fold x 3 repeats, seeds 0..2)"
hrf,gbdt,hetero_quality,injected,0.7,,1,45,3,0.7017938656935767,0.6616981144579928,1.7300625255100834,0.7762962962962963,-0.1318518518518519,"results/pivot/p2_predictions.csv (skan4 panel, reference-mask biomarkers); sigma = results/gateA_biomarker_scales_train.csv; quality proxy feat_contrast from results/pivot/bio_master.csv (source=gt); CV protocol identical to src/pivot/e1_dose_response.py (5-fold x 3 repeats, seeds 0..2)"
hrf,gbdt,hetero_quality,injected,0.7,,2,45,3,0.6639758624982331,0.637037028893191,1.7300625255100843,0.7851851851851852,-0.12296296296296294,"results/pivot/p2_predictions.csv (skan4 panel, reference-mask biomarkers); sigma = results/gateA_biomarker_scales_train.csv; quality proxy feat_contrast from results/pivot/bio_master.csv (source=gt); CV protocol identical to src/pivot/e1_dose_response.py (5-fold x 3 repeats, seeds 0..2)"
hrf,gbdt,hetero_quality,injected,0.7,,3,45,3,0.675550376985509,0.5762464365323013,1.7300625255100845,0.7296296296296297,-0.1785185185185184,"results/pivot/p2_predictions.csv (skan4 panel, reference-mask biomarkers); sigma = results/gateA_biomarker_scales_train.csv; quality proxy feat_contrast from results/pivot/bio_master.csv (source=gt); CV protocol identical to src/pivot/e1_dose_response.py (5-fold x 3 repeats, seeds 0..2)"
hrf,gbdt,hetero_quality,injected,0.7,,4,45,3,0.6674075740698234,0.6298886702846279,1.7300625255100839,0.7274074074074074,-0.18074074074074076,"results/pivot/p2_predictions.csv (skan4 panel, reference-mask biomarkers); sigma = results/gateA_biomarker_scales_train.csv; quality proxy feat_contrast from results/pivot/bio_master.csv (source=gt); CV protocol identical to src/pivot/e1_dose_response.py (5-fold x 3 repeats, seeds 0..2)"
hrf,gbdt,hetero_quality,injected,0.6,,0,45,3,0.5568666543674796,0.4949269727137547,2.2610672920219725,0.5511111111111111,-0.35703703703703704,"results/pivot/p2_predictions.csv (skan4 panel, reference-mask biomarkers); sigma = results/gateA_biomarker_scales_train.csv; quality proxy feat_contrast from results/pivot/bio_master.csv (source=gt); CV protocol identical to src/pivot/e1_dose_response.py (5-fold x 3 repeats, seeds 0..2)"
hrf,gbdt,hetero_quality,injected,0.6,,1,45,3,0.6021791477011352,0.5456506066494929,2.2610672920219725,0.6962962962962963,-0.21185185185185185,"results/pivot/p2_predictions.csv (skan4 panel, reference-mask biomarkers); sigma = results/gateA_biomarker_scales_train.csv; quality proxy feat_contrast from results/pivot/bio_master.csv (source=gt); CV protocol identical to src/pivot/e1_dose_response.py (5-fold x 3 repeats, seeds 0..2)"
hrf,gbdt,hetero_quality,injected,0.6,,2,45,3,0.5486642037514031,0.5100789209674003,2.261067292021973,0.7251851851851852,-0.182962962962963,"results/pivot/p2_predictions.csv (skan4 panel, reference-mask biomarkers); sigma = results/gateA_biomarker_scales_train.csv; quality proxy feat_contrast from results/pivot/bio_master.csv (source=gt); CV protocol identical to src/pivot/e1_dose_response.py (5-fold x 3 repeats, seeds 0..2)"
hrf,gbdt,hetero_quality,injected,0.6,,3,45,3,0.5638701583386129,0.42013194216875793,2.2610672920219717,0.6466666666666666,-0.26148148148148154,"results/pivot/p2_predictions.csv (skan4 panel, reference-mask biomarkers); sigma = results/gateA_biomarker_scales_train.csv; quality proxy feat_contrast from results/pivot/bio_master.csv (source=gt); CV protocol identical to src/pivot/e1_dose_response.py (5-fold x 3 repeats, seeds 0..2)"
hrf,gbdt,hetero_quality,injected,0.6,,4,45,3,0.5533379621245377,0.4996756989177607,2.2610672920219725,0.7281481481481481,-0.18000000000000005,"results/pivot/p2_predictions.csv (skan4 panel, reference-mask biomarkers); sigma = results/gateA_biomarker_scales_train.csv; quality proxy feat_contrast from results/pivot/bio_master.csv (source=gt); CV protocol identical to src/pivot/e1_dose_response.py (5-fold x 3 repeats, seeds 0..2)"
hrf,gbdt,hetero_quality,injected,0.5,,0,45,3,0.4450482527881194,0.3663276015641682,2.9372125718356745,0.5703703703703703,-0.33777777777777784,"results/pivot/p2_predictions.csv (skan4 panel, reference-mask biomarkers); sigma = results/gateA_biomarker_scales_train.csv; quality proxy feat_contrast from results/pivot/bio_master.csv (source=gt); CV protocol identical to src/pivot/e1_dose_response.py (5-fold x 3 repeats, seeds 0..2)"
hrf,gbdt,hetero_quality,injected,0.5,,1,45,3,0.502681180165064,0.43094387610331375,2.9372125718356745,0.7148148148148148,-0.19333333333333336,"results/pivot/p2_predictions.csv (skan4 panel, reference-mask biomarkers); sigma = results/gateA_biomarker_scales_train.csv; quality proxy feat_contrast from results/pivot/bio_master.csv (source=gt); CV protocol identical to src/pivot/e1_dose_response.py (5-fold x 3 repeats, seeds 0..2)"
hrf,gbdt,hetero_quality,injected,0.5,,2,45,3,0.4347326031477046,0.38564344460282707,2.9372125718356736,0.7466666666666666,-0.16148148148148156,"results/pivot/p2_predictions.csv (skan4 panel, reference-mask biomarkers); sigma = results/gateA_biomarker_scales_train.csv; quality proxy feat_contrast from results/pivot/bio_master.csv (source=gt); CV protocol identical to src/pivot/e1_dose_response.py (5-fold x 3 repeats, seeds 0..2)"
hrf,gbdt,hetero_quality,injected,0.5,,3,45,3,0.45386141974313987,0.27087100656916857,2.9372125718356754,0.6422222222222222,-0.2659259259259259,"results/pivot/p2_predictions.csv (skan4 panel, reference-mask biomarkers); sigma = results/gateA_biomarker_scales_train.csv; quality proxy feat_contrast from results/pivot/bio_master.csv (source=gt); CV protocol identical to src/pivot/e1_dose_response.py (5-fold x 3 repeats, seeds 0..2)"
hrf,gbdt,hetero_quality,injected,0.5,,4,45,3,0.4406359529410929,0.37238243937399274,2.9372125718356745,0.6525925925925926,-0.25555555555555554,"results/pivot/p2_predictions.csv (skan4 panel, reference-mask biomarkers); sigma = results/gateA_biomarker_scales_train.csv; quality proxy feat_contrast from results/pivot/bio_master.csv (source=gt); CV protocol identical to src/pivot/e1_dose_response.py (5-fold x 3 repeats, seeds 0..2)"
hrf,gbdt,hetero_quality,injected,0.4,,0,45,3,0.33549179501447757,0.24266394243442319,3.885567006404816,0.614074074074074,-0.29407407407407415,"results/pivot/p2_predictions.csv (skan4 panel, reference-mask biomarkers); sigma = results/gateA_biomarker_scales_train.csv; quality proxy feat_contrast from results/pivot/bio_master.csv (source=gt); CV protocol identical to src/pivot/e1_dose_response.py (5-fold x 3 repeats, seeds 0..2)"
hrf,gbdt,hetero_quality,injected,0.4,,1,45,3,0.4033502520329658,0.31842244727879504,3.885567006404816,0.6511111111111111,-0.25703703703703706,"results/pivot/p2_predictions.csv (skan4 panel, reference-mask biomarkers); sigma = results/gateA_biomarker_scales_train.csv; quality proxy feat_contrast from results/pivot/bio_master.csv (source=gt); CV protocol identical to src/pivot/e1_dose_response.py (5-fold x 3 repeats, seeds 0..2)"
hrf,gbdt,hetero_quality,injected,0.4,,2,45,3,0.32302382564061727,0.2652453824699678,3.885567006404816,0.6859259259259259,-0.2222222222222222,"results/pivot/p2_predictions.csv (skan4 panel, reference-mask biomarkers); sigma = results/gateA_biomarker_scales_train.csv; quality proxy feat_contrast from results/pivot/bio_master.csv (source=gt); CV protocol identical to src/pivot/e1_dose_response.py (5-fold x 3 repeats, seeds 0..2)"
hrf,gbdt,hetero_quality,injected,0.4,,3,45,3,0.34635936799848366,0.1320187129872152,3.885567006404817,0.6644444444444445,-0.24370370370370364,"results/pivot/p2_predictions.csv (skan4 panel, reference-mask biomarkers); sigma = results/gateA_biomarker_scales_train.csv; quality proxy feat_contrast from results/pivot/bio_master.csv (source=gt); CV protocol identical to src/pivot/e1_dose_response.py (5-fold x 3 repeats, seeds 0..2)"
hrf,gbdt,hetero_quality,injected,0.4,,4,45,3,0.3301114031957597,0.2497361045760203,3.8855670064048153,0.534074074074074,-0.3740740740740741,"results/pivot/p2_predictions.csv (skan4 panel, reference-mask biomarkers); sigma = results/gateA_biomarker_scales_train.csv; quality proxy feat_contrast from results/pivot/bio_master.csv (source=gt); CV protocol identical to src/pivot/e1_dose_response.py (5-fold x 3 repeats, seeds 0..2)"
hrf,gbdt,label_dependent,injected,0.99,,0,45,3,0.9907442860523477,0.9897959173051547,0.2416384797031213,0.8851851851851852,-0.022962962962962963,"results/pivot/p2_predictions.csv (skan4 panel, reference-mask biomarkers); sigma = results/gateA_biomarker_scales_train.csv; quality proxy feat_contrast from results/pivot/bio_master.csv (source=gt); CV protocol identical to src/pivot/e1_dose_response.py (5-fold x 3 repeats, seeds 0..2)"
hrf,gbdt,label_dependent,injected,0.99,,1,45,3,0.9901417625063423,0.9898120828069782,0.24163847970312105,0.8740740740740742,-0.03407407407407392,"results/pivot/p2_predictions.csv (skan4 panel, reference-mask biomarkers); sigma = results/gateA_biomarker_scales_train.csv; quality proxy feat_contrast from results/pivot/bio_master.csv (source=gt); CV protocol identical to src/pivot/e1_dose_response.py (5-fold x 3 repeats, seeds 0..2)"
hrf,gbdt,label_dependent,injected,0.99,,2,45,3,0.9903487206379264,0.9898124774297586,0.24163847970312122,0.8851851851851853,-0.022962962962962852,"results/pivot/p2_predictions.csv (skan4 panel, reference-mask biomarkers); sigma = results/gateA_biomarker_scales_train.csv; quality proxy feat_contrast from results/pivot/bio_master.csv (source=gt); CV protocol identical to src/pivot/e1_dose_response.py (5-fold x 3 repeats, seeds 0..2)"
hrf,gbdt,label_dependent,injected,0.99,,3,45,3,0.9906106792189734,0.9899412993926061,0.2416384797031212,0.8733333333333332,-0.034814814814814965,"results/pivot/p2_predictions.csv (skan4 panel, reference-mask biomarkers); sigma = results/gateA_biomarker_scales_train.csv; quality proxy feat_contrast from results/pivot/bio_master.csv (source=gt); CV protocol identical to src/pivot/e1_dose_response.py (5-fold x 3 repeats, seeds 0..2)"
hrf,gbdt,label_dependent,injected,0.99,,4,45,3,0.9908427405485687,0.9898313542403995,0.24163847970312063,0.9177777777777778,0.009629629629629655,"results/pivot/p2_predictions.csv (skan4 panel, reference-mask biomarkers); sigma = results/gateA_biomarker_scales_train.csv; quality proxy feat_contrast from results/pivot/bio_master.csv (source=gt); CV protocol identical to src/pivot/e1_dose_response.py (5-fold x 3 repeats, seeds 0..2)"
hrf,gbdt,label_dependent,injected,0.95,,0,45,3,0.947439127772864,0.9448467543307186,0.5573826597205775,0.7511111111111112,-0.15703703703703698,"results/pivot/p2_predictions.csv (skan4 panel, reference-mask biomarkers); sigma = results/gateA_biomarker_scales_train.csv; quality proxy feat_contrast from results/pivot/bio_master.csv (source=gt); CV protocol identical to src/pivot/e1_dose_response.py (5-fold x 3 repeats, seeds 0..2)"
hrf,gbdt,label_dependent,injected,0.95,,1,45,3,0.9464692798237245,0.9446861823761327,0.5573826597205781,0.7785185185185185,-0.12962962962962965,"results/pivot/p2_predictions.csv (skan4 panel, reference-mask biomarkers); sigma = results/gateA_biomarker_scales_train.csv; quality proxy feat_contrast from results/pivot/bio_master.csv (source=gt); CV protocol identical to src/pivot/e1_dose_response.py (5-fold x 3 repeats, seeds 0..2)"
hrf,gbdt,label_dependent,injected,0.95,,2,45,3,0.9464832880315577,0.9449785029128857,0.557382659720578,0.8037037037037038,-0.10444444444444434,"results/pivot/p2_predictions.csv (skan4 panel, reference-mask biomarkers); sigma = results/gateA_biomarker_scales_train.csv; quality proxy feat_contrast from results/pivot/bio_master.csv (source=gt); CV protocol identical to src/pivot/e1_dose_response.py (5-fold x 3 repeats, seeds 0..2)"
hrf,gbdt,label_dependent,injected,0.95,,3,45,3,0.9481675239198709,0.9449146291326392,0.5573826597205772,0.8325925925925927,-0.07555555555555549,"results/pivot/p2_predictions.csv (skan4 panel, reference-mask biomarkers); sigma = results/gateA_biomarker_scales_train.csv; quality proxy feat_contrast from results/pivot/bio_master.csv (source=gt); CV protocol identical to src/pivot/e1_dose_response.py (5-fold x 3 repeats, seeds 0..2)"
hrf,gbdt,label_dependent,injected,0.95,,4,45,3,0.9469015441468736,0.9452091895064306,0.5573826597205779,0.8866666666666667,-0.021481481481481435,"results/pivot/p2_predictions.csv (skan4 panel, reference-mask biomarkers); sigma = results/gateA_biomarker_scales_train.csv; quality proxy feat_contrast from results/pivot/bio_master.csv (source=gt); CV protocol identical to src/pivot/e1_dose_response.py (5-fold x 3 repeats, seeds 0..2)"
hrf,gbdt,label_dependent,injected,0.9,,0,45,3,0.8832776974328924,0.8758656780440146,0.8213136525390787,0.6251851851851852,-0.28296296296296297,"results/pivot/p2_predictions.csv (skan4 panel, reference-mask biomarkers); sigma = results/gateA_biomarker_scales_train.csv; quality proxy feat_contrast from results/pivot/bio_master.csv (source=gt); CV protocol identical to src/pivot/e1_dose_response.py (5-fold x 3 repeats, seeds 0..2)"
hrf,gbdt,label_dependent,injected,0.9,,1,45,3,0.8859454104143724,0.8750287158522131,0.8213136525390796,0.6496296296296297,-0.2585185185185185,"results/pivot/p2_predictions.csv (skan4 panel, reference-mask biomarkers); sigma = results/gateA_biomarker_scales_train.csv; quality proxy feat_contrast from results/pivot/bio_master.csv (source=gt); CV protocol identical to src/pivot/e1_dose_response.py (5-fold x 3 repeats, seeds 0..2)"
hrf,gbdt,label_dependent,injected,0.9,,2,45,3,0.8839333630617526,0.8748977898594359,0.821313652539079,0.7481481481481481,-0.16000000000000003,"results/pivot/p2_predictions.csv (skan4 panel, reference-mask biomarkers); sigma = results/gateA_biomarker_scales_train.csv; quality proxy feat_contrast from results/pivot/bio_master.csv (source=gt); CV protocol identical to src/pivot/e1_dose_response.py (5-fold x 3 repeats, seeds 0..2)"
hrf,gbdt,label_dependent,injected,0.9,,3,45,3,0.8873122608945925,0.8757274546540449,0.8213136525390785,0.7525925925925926,-0.15555555555555556,"results/pivot/p2_predictions.csv (skan4 panel, reference-mask biomarkers); sigma = results/gateA_biomarker_scales_train.csv; quality proxy feat_contrast from results/pivot/bio_master.csv (source=gt); CV protocol identical to src/pivot/e1_dose_response.py (5-fold x 3 repeats, seeds 0..2)"
hrf,gbdt,label_dependent,injected,0.9,,4,45,3,0.8804002587436321,0.8753547159738885,0.8213136525390795,0.7903703703703705,-0.11777777777777765,"results/pivot/p2_predictions.csv (skan4 panel, reference-mask biomarkers); sigma = results/gateA_biomarker_scales_train.csv; quality proxy feat_contrast from results/pivot/bio_master.csv (source=gt); CV protocol identical to src/pivot/e1_dose_response.py (5-fold x 3 repeats, seeds 0..2)"
hrf,gbdt,label_dependent,injected,0.8,,0,45,3,0.7293901606752916,0.6701307227746954,1.2718503517623587,0.7266666666666666,-0.18148148148148158,"results/pivot/p2_predictions.csv (skan4 panel, reference-mask biomarkers); sigma = results/gateA_biomarker_scales_train.csv; quality proxy feat_contrast from results/pivot/bio_master.csv (source=gt); CV protocol identical to src/pivot/e1_dose_response.py (5-fold x 3 repeats, seeds 0..2)"
hrf,gbdt,label_dependent,injected,0.8,,1,45,3,0.75242201533131,0.7020997819665544,1.2718503517623605,0.5422222222222222,-0.365925925925926,"results/pivot/p2_predictions.csv (skan4 panel, reference-mask biomarkers); sigma = results/gateA_biomarker_scales_train.csv; quality proxy feat_contrast from results/pivot/bio_master.csv (source=gt); CV protocol identical to src/pivot/e1_dose_response.py (5-fold x 3 repeats, seeds 0..2)"
hrf,gbdt,label_dependent,injected,0.8,,2,45,3,0.7417704517973566,0.6977474333864931,1.2718503517623587,0.7548148148148148,-0.15333333333333332,"results/pivot/p2_predictions.csv (skan4 panel, reference-mask biomarkers); sigma = results/gateA_biomarker_scales_train.csv; quality proxy feat_contrast from results/pivot/bio_master.csv (source=gt); CV protocol identical to src/pivot/e1_dose_response.py (5-fold x 3 repeats, seeds 0..2)"
hrf,gbdt,label_dependent,injected,0.8,,3,45,3,0.7465078076205047,0.6818107927290986,1.2718503517623598,0.642962962962963,-0.2651851851851852,"results/pivot/p2_predictions.csv (skan4 panel, reference-mask biomarkers); sigma = results/gateA_biomarker_scales_train.csv; quality proxy feat_contrast from results/pivot/bio_master.csv (source=gt); CV protocol identical to src/pivot/e1_dose_response.py (5-fold x 3 repeats, seeds 0..2)"
hrf,gbdt,label_dependent,injected,0.8,,4,45,3,0.7189473838608392,0.679077770834799,1.27185035176236,0.7118518518518518,-0.1962962962962963,"results/pivot/p2_predictions.csv (skan4 panel, reference-mask biomarkers); sigma = results/gateA_biomarker_scales_train.csv; quality proxy feat_contrast from results/pivot/bio_master.csv (source=gt); CV protocol identical to src/pivot/e1_dose_response.py (5-fold x 3 repeats, seeds 0..2)"
hrf,gbdt,label_dependent,injected,0.7,,0,45,3,0.5561536934756591,0.4058236306266732,1.7300625255100843,0.6555555555555556,-0.2525925925925926,"results/pivot/p2_predictions.csv (skan4 panel, reference-mask biomarkers); sigma = results/gateA_biomarker_scales_train.csv; quality proxy feat_contrast from results/pivot/bio_master.csv (source=gt); CV protocol identical to src/pivot/e1_dose_response.py (5-fold x 3 repeats, seeds 0..2)"
hrf,gbdt,label_dependent,injected,0.7,,1,45,3,0.6109133574846144,0.5076850939419817,1.7300625255100839,0.5355555555555555,-0.3725925925925927,"results/pivot/p2_predictions.csv (skan4 panel, reference-mask biomarkers); sigma = results/gateA_biomarker_scales_train.csv; quality proxy feat_contrast from results/pivot/bio_master.csv (source=gt); CV protocol identical to src/pivot/e1_dose_response.py (5-fold x 3 repeats, seeds 0..2)"
hrf,gbdt,label_dependent,injected,0.7,,2,45,3,0.5883186939566194,0.4965891416871425,1.7300625255100839,0.7370370370370369,-0.1711111111111112,"results/pivot/p2_predictions.csv (skan4 panel, reference-mask biomarkers); sigma = results/gateA_biomarker_scales_train.csv; quality proxy feat_contrast from results/pivot/bio_master.csv (source=gt); CV protocol identical to src/pivot/e1_dose_response.py (5-fold x 3 repeats, seeds 0..2)"
hrf,gbdt,label_dependent,injected,0.7,,3,45,3,0.5920489781972271,0.4505677366192343,1.7300625255100837,0.7081481481481481,-0.20000000000000007,"results/pivot/p2_predictions.csv (skan4 panel, reference-mask biomarkers); sigma = results/gateA_biomarker_scales_train.csv; quality proxy feat_contrast from results/pivot/bio_master.csv (source=gt); CV protocol identical to src/pivot/e1_dose_response.py (5-fold x 3 repeats, seeds 0..2)"
hrf,gbdt,label_dependent,injected,0.7,,4,45,3,0.5369379132473872,0.4413732453406085,1.7300625255100839,0.5303703703703704,-0.37777777777777777,"results/pivot/p2_predictions.csv (skan4 panel, reference-mask biomarkers); sigma = results/gateA_biomarker_scales_train.csv; quality proxy feat_contrast from results/pivot/bio_master.csv (source=gt); CV protocol identical to src/pivot/e1_dose_response.py (5-fold x 3 repeats, seeds 0..2)"
hrf,gbdt,label_dependent,injected,0.6,,0,45,3,0.3835767729393461,0.14345071538668488,2.261067292021973,0.6933333333333334,-0.2148148148148148,"results/pivot/p2_predictions.csv (skan4 panel, reference-mask biomarkers); sigma = results/gateA_biomarker_scales_train.csv; quality proxy feat_contrast from results/pivot/bio_master.csv (source=gt); CV protocol identical to src/pivot/e1_dose_response.py (5-fold x 3 repeats, seeds 0..2)"
hrf,gbdt,label_dependent,injected,0.6,,1,45,3,0.4696528761196496,0.3139542892063775,2.261067292021973,0.5244444444444444,-0.38370370370370377,"results/pivot/p2_predictions.csv (skan4 panel, reference-mask biomarkers); sigma = results/gateA_biomarker_scales_train.csv; quality proxy feat_contrast from results/pivot/bio_master.csv (source=gt); CV protocol identical to src/pivot/e1_dose_response.py (5-fold x 3 repeats, seeds 0..2)"
hrf,gbdt,label_dependent,injected,0.6,,2,45,3,0.4352232689184339,0.2962025757182269,2.261067292021972,0.7251851851851853,-0.18296296296296288,"results/pivot/p2_predictions.csv (skan4 panel, reference-mask biomarkers); sigma = results/gateA_biomarker_scales_train.csv; quality proxy feat_contrast from results/pivot/bio_master.csv (source=gt); CV protocol identical to src/pivot/e1_dose_response.py (5-fold x 3 repeats, seeds 0..2)"
hrf,gbdt,label_dependent,injected,0.6,,3,45,3,0.43803887992199475,0.2205687882901595,2.2610672920219725,0.8059259259259259,-0.10222222222222221,"results/pivot/p2_predictions.csv (skan4 panel, reference-mask biomarkers); sigma = results/gateA_biomarker_scales_train.csv; quality proxy feat_contrast from results/pivot/bio_master.csv (source=gt); CV protocol identical to src/pivot/e1_dose_response.py (5-fold x 3 repeats, seeds 0..2)"
hrf,gbdt,label_dependent,injected,0.6,,4,45,3,0.35560864238530343,0.205032762008464,2.261067292021973,0.6481481481481481,-0.26,"results/pivot/p2_predictions.csv (skan4 panel, reference-mask biomarkers); sigma = results/gateA_biomarker_scales_train.csv; quality proxy feat_contrast from results/pivot/bio_master.csv (source=gt); CV protocol identical to src/pivot/e1_dose_response.py (5-fold x 3 repeats, seeds 0..2)"
hrf,gbdt,label_dependent,injected,0.5,,0,45,3,0.22497906525966,-0.07911641320787303,2.9372125718356727,0.8051851851851852,-0.10296296296296292,"results/pivot/p2_predictions.csv (skan4 panel, reference-mask biomarkers); sigma = results/gateA_biomarker_scales_train.csv; quality proxy feat_contrast from results/pivot/bio_master.csv (source=gt); CV protocol identical to src/pivot/e1_dose_response.py (5-fold x 3 repeats, seeds 0..2)"
hrf,gbdt,label_dependent,injected,0.5,,1,45,3,0.33401206293875835,0.13546010116181742,2.9372125718356736,0.6177777777777779,-0.2903703703703703,"results/pivot/p2_predictions.csv (skan4 panel, reference-mask biomarkers); sigma = results/gateA_biomarker_scales_train.csv; quality proxy feat_contrast from results/pivot/bio_master.csv (source=gt); CV protocol identical to src/pivot/e1_dose_response.py (5-fold x 3 repeats, seeds 0..2)"
hrf,gbdt,label_dependent,injected,0.5,,2,45,3,0.29011130709987715,0.11289155808889231,2.9372125718356745,0.7837037037037037,-0.12444444444444447,"results/pivot/p2_predictions.csv (skan4 panel, reference-mask biomarkers); sigma = results/gateA_biomarker_scales_train.csv; quality proxy feat_contrast from results/pivot/bio_master.csv (source=gt); CV protocol identical to src/pivot/e1_dose_response.py (5-fold x 3 repeats, seeds 0..2)"
hrf,gbdt,label_dependent,injected,0.5,,3,45,3,0.2938004292110118,0.01721053049264854,2.9372125718356736,0.8592592592592593,-0.04888888888888887,"results/pivot/p2_predictions.csv (skan4 panel, reference-mask biomarkers); sigma = results/gateA_biomarker_scales_train.csv; quality proxy feat_contrast from results/pivot/bio_master.csv (source=gt); CV protocol identical to src/pivot/e1_dose_response.py (5-fold x 3 repeats, seeds 0..2)"
hrf,gbdt,label_dependent,injected,0.5,,4,45,3,0.18901717514754945,-0.0023157578369191194,2.9372125718356736,0.7081481481481481,-0.20000000000000007,"results/pivot/p2_predictions.csv (skan4 panel, reference-mask biomarkers); sigma = results/gateA_biomarker_scales_train.csv; quality proxy feat_contrast from results/pivot/bio_master.csv (source=gt); CV protocol identical to src/pivot/e1_dose_response.py (5-fold x 3 repeats, seeds 0..2)"
hrf,gbdt,label_dependent,injected,0.4,,0,45,3,0.08435246591626276,-0.2538513056277247,3.885567006404816,0.885925925925926,-0.022222222222222143,"results/pivot/p2_predictions.csv (skan4 panel, reference-mask biomarkers); sigma = results/gateA_biomarker_scales_train.csv; quality proxy feat_contrast from results/pivot/bio_master.csv (source=gt); CV protocol identical to src/pivot/e1_dose_response.py (5-fold x 3 repeats, seeds 0..2)"
hrf,gbdt,label_dependent,injected,0.4,,1,45,3,0.2065804939232776,-0.021577051697871334,3.885567006404817,0.7414814814814815,-0.16666666666666663,"results/pivot/p2_predictions.csv (skan4 panel, reference-mask biomarkers); sigma = results/gateA_biomarker_scales_train.csv; quality proxy feat_contrast from results/pivot/bio_master.csv (source=gt); CV protocol identical to src/pivot/e1_dose_response.py (5-fold x 3 repeats, seeds 0..2)"
hrf,gbdt,label_dependent,injected,0.4,,2,45,3,0.15639373894421263,-0.046712858114867,3.8855670064048162,0.8148148148148149,-0.09333333333333327,"results/pivot/p2_predictions.csv (skan4 panel, reference-mask biomarkers); sigma = results/gateA_biomarker_scales_train.csv; quality proxy feat_contrast from results/pivot/bio_master.csv (source=gt); CV protocol identical to src/pivot/e1_dose_response.py (5-fold x 3 repeats, seeds 0..2)"
hrf,gbdt,label_dependent,injected,0.4,,3,45,3,0.16272899024714327,-0.1515384477727383,3.885567006404816,0.8933333333333334,-0.014814814814814725,"results/pivot/p2_predictions.csv (skan4 panel, reference-mask biomarkers); sigma = results/gateA_biomarker_scales_train.csv; quality proxy feat_contrast from results/pivot/bio_master.csv (source=gt); CV protocol identical to src/pivot/e1_dose_response.py (5-fold x 3 repeats, seeds 0..2)"
hrf,gbdt,label_dependent,injected,0.4,,4,45,3,0.042110731072932256,-0.17255557276833955,3.885567006404817,0.7466666666666667,-0.16148148148148145,"results/pivot/p2_predictions.csv (skan4 panel, reference-mask biomarkers); sigma = results/gateA_biomarker_scales_train.csv; quality proxy feat_contrast from results/pivot/bio_master.csv (source=gt); CV protocol identical to src/pivot/e1_dose_response.py (5-fold x 3 repeats, seeds 0..2)"
hrf,gbdt,proportional,injected,1.0,0.5,0,45,3,0.9999999999999998,0.9999999999999993,0.8479002345082395,0.9081481481481481,0.0,"results/pivot/p2_predictions.csv (skan4 panel, reference-mask biomarkers); sigma = results/gateA_biomarker_scales_train.csv; quality proxy feat_contrast from results/pivot/bio_master.csv (source=gt); CV protocol identical to src/pivot/e1_dose_response.py (5-fold x 3 repeats, seeds 0..2)"
hrf,gbdt,proportional,injected,1.0,0.75,0,45,3,1.0,0.9999999999999998,0.42395011725411924,0.9081481481481481,0.0,"results/pivot/p2_predictions.csv (skan4 panel, reference-mask biomarkers); sigma = results/gateA_biomarker_scales_train.csv; quality proxy feat_contrast from results/pivot/bio_master.csv (source=gt); CV protocol identical to src/pivot/e1_dose_response.py (5-fold x 3 repeats, seeds 0..2)"
hrf,gbdt,proportional,injected,1.0,1.25,0,45,3,0.9999999999999999,0.9999999999999996,0.42395011725411924,0.9081481481481481,0.0,"results/pivot/p2_predictions.csv (skan4 panel, reference-mask biomarkers); sigma = results/gateA_biomarker_scales_train.csv; quality proxy feat_contrast from results/pivot/bio_master.csv (source=gt); CV protocol identical to src/pivot/e1_dose_response.py (5-fold x 3 repeats, seeds 0..2)"
hrf,gbdt,proportional,injected,1.0,1.5,0,45,3,0.9999999999999998,0.9999999999999996,0.8479002345082395,0.9081481481481481,0.0,"results/pivot/p2_predictions.csv (skan4 panel, reference-mask biomarkers); sigma = results/gateA_biomarker_scales_train.csv; quality proxy feat_contrast from results/pivot/bio_master.csv (source=gt); CV protocol identical to src/pivot/e1_dose_response.py (5-fold x 3 repeats, seeds 0..2)"
hrf,gbdt,proportional,injected,1.0,2.0,0,45,3,0.9999999999999998,0.9999999999999996,1.6958004690164799,0.9081481481481481,0.0,"results/pivot/p2_predictions.csv (skan4 panel, reference-mask biomarkers); sigma = results/gateA_biomarker_scales_train.csv; quality proxy feat_contrast from results/pivot/bio_master.csv (source=gt); CV protocol identical to src/pivot/e1_dose_response.py (5-fold x 3 repeats, seeds 0..2)"
fives,logreg,observed,reference,1.0,,-1,400,4,1.0,1.0,0.0,0.7027333333333334,0.0,"results/pivot/p2_predictions.csv (skan4 panel, reference-mask biomarkers); sigma = results/gateA_biomarker_scales_train.csv; quality proxy feat_contrast from results/pivot/bio_master.csv (source=gt); CV protocol identical to src/pivot/e1_dose_response.py (5-fold x 3 repeats, seeds 0..2)"
fives,logreg,observed,real_measurement,,,-1,400,4,0.8540242618333991,0.5469851095218177,0.6219307707838706,0.705475,0.0027416666666665312,"results/pivot/p2_predictions.csv (skan4 panel, reference-mask biomarkers); sigma = results/gateA_biomarker_scales_train.csv; quality proxy feat_contrast from results/pivot/bio_master.csv (source=gt); CV protocol identical to src/pivot/e1_dose_response.py (5-fold x 3 repeats, seeds 0..2)"
fives,logreg,gaussian_indep,injected,0.99,,0,400,4,0.9900931487226095,0.9899216818722679,0.1739013637270312,0.6802333333333334,-0.022500000000000075,"results/pivot/p2_predictions.csv (skan4 panel, reference-mask biomarkers); sigma = results/gateA_biomarker_scales_train.csv; quality proxy feat_contrast from results/pivot/bio_master.csv (source=gt); CV protocol identical to src/pivot/e1_dose_response.py (5-fold x 3 repeats, seeds 0..2)"
fives,logreg,gaussian_indep,injected,0.99,,1,400,4,0.9899919797226903,0.9899252492627368,0.17390136372703102,0.7044999999999999,0.001766666666666472,"results/pivot/p2_predictions.csv (skan4 panel, reference-mask biomarkers); sigma = results/gateA_biomarker_scales_train.csv; quality proxy feat_contrast from results/pivot/bio_master.csv (source=gt); CV protocol identical to src/pivot/e1_dose_response.py (5-fold x 3 repeats, seeds 0..2)"
fives,logreg,gaussian_indep,injected,0.99,,2,400,4,0.9901017562167158,0.9898706256373652,0.17390136372703108,0.693775,-0.008958333333333401,"results/pivot/p2_predictions.csv (skan4 panel, reference-mask biomarkers); sigma = results/gateA_biomarker_scales_train.csv; quality proxy feat_contrast from results/pivot/bio_master.csv (source=gt); CV protocol identical to src/pivot/e1_dose_response.py (5-fold x 3 repeats, seeds 0..2)"
fives,logreg,gaussian_indep,injected,0.99,,3,400,4,0.9900711326983932,0.9898268455673082,0.17390136372703102,0.695075,-0.007658333333333434,"results/pivot/p2_predictions.csv (skan4 panel, reference-mask biomarkers); sigma = results/gateA_biomarker_scales_train.csv; quality proxy feat_contrast from results/pivot/bio_master.csv (source=gt); CV protocol identical to src/pivot/e1_dose_response.py (5-fold x 3 repeats, seeds 0..2)"
fives,logreg,gaussian_indep,injected,0.99,,4,400,4,0.9900684488618652,0.9898261210430654,0.17390136372703116,0.6959,-0.006833333333333469,"results/pivot/p2_predictions.csv (skan4 panel, reference-mask biomarkers); sigma = results/gateA_biomarker_scales_train.csv; quality proxy feat_contrast from results/pivot/bio_master.csv (source=gt); CV protocol identical to src/pivot/e1_dose_response.py (5-fold x 3 repeats, seeds 0..2)"
fives,logreg,gaussian_indep,injected,0.99,,5,400,4,0.9900533096361617,0.9898386333295769,0.17390136372703133,0.6875083333333332,-0.015225000000000266,"results/pivot/p2_predictions.csv (skan4 panel, reference-mask biomarkers); sigma = results/gateA_biomarker_scales_train.csv; quality proxy feat_contrast from results/pivot/bio_master.csv (source=gt); CV protocol identical to src/pivot/e1_dose_response.py (5-fold x 3 repeats, seeds 0..2)"
fives,logreg,gaussian_indep,injected,0.99,,6,400,4,0.989987464326326,0.989887240073408,0.17390136372703124,0.6856166666666667,-0.01711666666666678,"results/pivot/p2_predictions.csv (skan4 panel, reference-mask biomarkers); sigma = results/gateA_biomarker_scales_train.csv; quality proxy feat_contrast from results/pivot/bio_master.csv (source=gt); CV protocol identical to src/pivot/e1_dose_response.py (5-fold x 3 repeats, seeds 0..2)"
fives,logreg,gaussian_indep,injected,0.99,,7,400,4,0.9899704796843384,0.989841514236237,0.17390136372703116,0.682475,-0.020258333333333378,"results/pivot/p2_predictions.csv (skan4 panel, reference-mask biomarkers); sigma = results/gateA_biomarker_scales_train.csv; quality proxy feat_contrast from results/pivot/bio_master.csv (source=gt); CV protocol identical to src/pivot/e1_dose_response.py (5-fold x 3 repeats, seeds 0..2)"
fives,logreg,gaussian_indep,injected,0.99,,8,400,4,0.9899995410537499,0.9898013657500153,0.17390136372703102,0.6879500000000001,-0.01478333333333337,"results/pivot/p2_predictions.csv (skan4 panel, reference-mask biomarkers); sigma = results/gateA_biomarker_scales_train.csv; quality proxy feat_contrast from results/pivot/bio_master.csv (source=gt); CV protocol identical to src/pivot/e1_dose_response.py (5-fold x 3 repeats, seeds 0..2)"
fives,logreg,gaussian_indep,injected,0.99,,9,400,4,0.9901014436532316,0.989903856185158,0.173901363727031,0.688625,-0.01410833333333339,"results/pivot/p2_predictions.csv (skan4 panel, reference-mask biomarkers); sigma = results/gateA_biomarker_scales_train.csv; quality proxy feat_contrast from results/pivot/bio_master.csv (source=gt); CV protocol identical to src/pivot/e1_dose_response.py (5-fold x 3 repeats, seeds 0..2)"
fives,logreg,gaussian_indep,injected,0.95,,0,400,4,0.9507980516571748,0.9490848586178106,0.40113480585665257,0.6566166666666666,-0.046116666666666806,"results/pivot/p2_predictions.csv (skan4 panel, reference-mask biomarkers); sigma = results/gateA_biomarker_scales_train.csv; quality proxy feat_contrast from results/pivot/bio_master.csv (source=gt); CV protocol identical to src/pivot/e1_dose_response.py (5-fold x 3 repeats, seeds 0..2)"
fives,logreg,gaussian_indep,injected,0.95,,1,400,4,0.9498723168267701,0.9491301225076365,0.4011348058566524,0.6865833333333333,-0.01615000000000011,"results/pivot/p2_predictions.csv (skan4 panel, reference-mask biomarkers); sigma = results/gateA_biomarker_scales_train.csv; quality proxy feat_contrast from results/pivot/bio_master.csv (source=gt); CV protocol identical to src/pivot/e1_dose_response.py (5-fold x 3 repeats, seeds 0..2)"
fives,logreg,gaussian_indep,injected,0.95,,2,400,4,0.9508413490196961,0.9483759215948978,0.4011348058566526,0.6809083333333333,-0.021825000000000094,"results/pivot/p2_predictions.csv (skan4 panel, reference-mask biomarkers); sigma = results/gateA_biomarker_scales_train.csv; quality proxy feat_contrast from results/pivot/bio_master.csv (source=gt); CV protocol identical to src/pivot/e1_dose_response.py (5-fold x 3 repeats, seeds 0..2)"
fives,logreg,gaussian_indep,injected,0.95,,3,400,4,0.9504799915773336,0.9475966940166914,0.40113480585665245,0.6875666666666667,-0.015166666666666773,"results/pivot/p2_predictions.csv (skan4 panel, reference-mask biomarkers); sigma = results/gateA_biomarker_scales_train.csv; quality proxy feat_contrast from results/pivot/bio_master.csv (source=gt); CV protocol identical to src/pivot/e1_dose_response.py (5-fold x 3 repeats, seeds 0..2)"
fives,logreg,gaussian_indep,injected,0.95,,4,400,4,0.9504864415633962,0.9475809791348988,0.4011348058566524,0.68445,-0.01828333333333343,"results/pivot/p2_predictions.csv (skan4 panel, reference-mask biomarkers); sigma = results/gateA_biomarker_scales_train.csv; quality proxy feat_contrast from results/pivot/bio_master.csv (source=gt); CV protocol identical to src/pivot/e1_dose_response.py (5-fold x 3 repeats, seeds 0..2)"
fives,logreg,gaussian_indep,injected,0.95,,5,400,4,0.9503743434592202,0.9478346038025705,0.40113480585665245,0.667425,-0.035308333333333386,"results/pivot/p2_predictions.csv (skan4 panel, reference-mask biomarkers); sigma = results/gateA_biomarker_scales_train.csv; quality proxy feat_contrast from results/pivot/bio_master.csv (source=gt); CV protocol identical to src/pivot/e1_dose_response.py (5-fold x 3 repeats, seeds 0..2)"
fives,logreg,gaussian_indep,injected,0.95,,6,400,4,0.9497695024561756,0.9486215838718601,0.4011348058566525,0.6565833333333333,-0.046150000000000135,"results/pivot/p2_predictions.csv (skan4 panel, reference-mask biomarkers); sigma = results/gateA_biomarker_scales_train.csv; quality proxy feat_contrast from results/pivot/bio_master.csv (source=gt); CV protocol identical to src/pivot/e1_dose_response.py (5-fold x 3 repeats, seeds 0..2)"
fives,logreg,gaussian_indep,injected,0.95,,7,400,4,0.9495550181824453,0.9478886054994689,0.4011348058566522,0.6575916666666667,-0.04514166666666675,"results/pivot/p2_predictions.csv (skan4 panel, reference-mask biomarkers); sigma = results/gateA_biomarker_scales_train.csv; quality proxy feat_contrast from results/pivot/bio_master.csv (source=gt); CV protocol identical to src/pivot/e1_dose_response.py (5-fold x 3 repeats, seeds 0..2)"
fives,logreg,gaussian_indep,injected,0.95,,8,400,4,0.9496818128436528,0.9468657993227791,0.4011348058566525,0.6610916666666666,-0.0416416666666668,"results/pivot/p2_predictions.csv (skan4 panel, reference-mask biomarkers); sigma = results/gateA_biomarker_scales_train.csv; quality proxy feat_contrast from results/pivot/bio_master.csv (source=gt); CV protocol identical to src/pivot/e1_dose_response.py (5-fold x 3 repeats, seeds 0..2)"
fives,logreg,gaussian_indep,injected,0.95,,9,400,4,0.9509181605877765,0.9488515979954946,0.40113480585665245,0.6653499999999999,-0.037383333333333546,"results/pivot/p2_predictions.csv (skan4 panel, reference-mask biomarkers); sigma = results/gateA_biomarker_scales_train.csv; quality proxy feat_contrast from results/pivot/bio_master.csv (source=gt); CV protocol identical to src/pivot/e1_dose_response.py (5-fold x 3 repeats, seeds 0..2)"
fives,logreg,gaussian_indep,injected,0.9,,0,400,4,0.9020112642672253,0.897459128585188,0.5910795515666777,0.6448333333333333,-0.057900000000000174,"results/pivot/p2_predictions.csv (skan4 panel, reference-mask biomarkers); sigma = results/gateA_biomarker_scales_train.csv; quality proxy feat_contrast from results/pivot/bio_master.csv (source=gt); CV protocol identical to src/pivot/e1_dose_response.py (5-fold x 3 repeats, seeds 0..2)"
fives,logreg,gaussian_indep,injected,0.9,,1,400,4,0.8996210584287736,0.8975874191051265,0.5910795515666778,0.6746833333333333,-0.02805000000000013,"results/pivot/p2_predictions.csv (skan4 panel, reference-mask biomarkers); sigma = results/gateA_biomarker_scales_train.csv; quality proxy feat_contrast from results/pivot/bio_master.csv (source=gt); CV protocol identical to src/pivot/e1_dose_response.py (5-fold x 3 repeats, seeds 0..2)"
fives,logreg,gaussian_indep,injected,0.9,,2,400,4,0.902089549867116,0.8954079989412475,0.5910795515666779,0.6712,-0.03153333333333341,"results/pivot/p2_predictions.csv (skan4 panel, reference-mask biomarkers); sigma = results/gateA_biomarker_scales_train.csv; quality proxy feat_contrast from results/pivot/bio_master.csv (source=gt); CV protocol identical to src/pivot/e1_dose_response.py (5-fold x 3 repeats, seeds 0..2)"
fives,logreg,gaussian_indep,injected,0.9,,3,400,4,0.901080561301164,0.8930447241056337,0.5910795515666777,0.681875,-0.020858333333333423,"results/pivot/p2_predictions.csv (skan4 panel, reference-mask biomarkers); sigma = results/gateA_biomarker_scales_train.csv; quality proxy feat_contrast from results/pivot/bio_master.csv (source=gt); CV protocol identical to src/pivot/e1_dose_response.py (5-fold x 3 repeats, seeds 0..2)"
fives,logreg,gaussian_indep,injected,0.9,,4,400,4,0.9011241123245235,0.8929956467426436,0.5910795515666775,0.6764916666666667,-0.02624166666666672,"results/pivot/p2_predictions.csv (skan4 panel, reference-mask biomarkers); sigma = results/gateA_biomarker_scales_train.csv; quality proxy feat_contrast from results/pivot/bio_master.csv (source=gt); CV protocol identical to src/pivot/e1_dose_response.py (5-fold x 3 repeats, seeds 0..2)"
fives,logreg,gaussian_indep,injected,0.9,,5,400,4,0.9008601453487926,0.8937803511782891,0.5910795515666778,0.6585666666666666,-0.0441666666666668,"results/pivot/p2_predictions.csv (skan4 panel, reference-mask biomarkers); sigma = results/gateA_biomarker_scales_train.csv; quality proxy feat_contrast from results/pivot/bio_master.csv (source=gt); CV protocol identical to src/pivot/e1_dose_response.py (5-fold x 3 repeats, seeds 0..2)"
fives,logreg,gaussian_indep,injected,0.9,,6,400,4,0.8992995691341887,0.8961281585679326,0.5910795515666778,0.6355833333333334,-0.06715000000000004,"results/pivot/p2_predictions.csv (skan4 panel, reference-mask biomarkers); sigma = results/gateA_biomarker_scales_train.csv; quality proxy feat_contrast from results/pivot/bio_master.csv (source=gt); CV protocol identical to src/pivot/e1_dose_response.py (5-fold x 3 repeats, seeds 0..2)"
fives,logreg,gaussian_indep,injected,0.9,,7,400,4,0.8986912131239788,0.8939454872882984,0.5910795515666778,0.6408166666666666,-0.06191666666666684,"results/pivot/p2_predictions.csv (skan4 panel, reference-mask biomarkers); sigma = results/gateA_biomarker_scales_train.csv; quality proxy feat_contrast from results/pivot/bio_master.csv (source=gt); CV protocol identical to src/pivot/e1_dose_response.py (5-fold x 3 repeats, seeds 0..2)"
fives,logreg,gaussian_indep,injected,0.9,,8,400,4,0.8988856217015648,0.8906875507224308,0.5910795515666779,0.644625,-0.05810833333333343,"results/pivot/p2_predictions.csv (skan4 panel, reference-mask biomarkers); sigma = results/gateA_biomarker_scales_train.csv; quality proxy feat_contrast from results/pivot/bio_master.csv (source=gt); CV protocol identical to src/pivot/e1_dose_response.py (5-fold x 3 repeats, seeds 0..2)"
fives,logreg,gaussian_indep,injected,0.9,,9,400,4,0.9023589691359944,0.896793181566883,0.591079551566678,0.6534833333333333,-0.04925000000000013,"results/pivot/p2_predictions.csv (skan4 panel, reference-mask biomarkers); sigma = results/gateA_biomarker_scales_train.csv; quality proxy feat_contrast from results/pivot/bio_master.csv (source=gt); CV protocol identical to src/pivot/e1_dose_response.py (5-fold x 3 repeats, seeds 0..2)"
fives,logreg,gaussian_indep,injected,0.8,,0,400,4,0.8049271646461311,0.7932667270642302,0.9153199064152264,0.629075,-0.07365833333333338,"results/pivot/p2_predictions.csv (skan4 panel, reference-mask biomarkers); sigma = results/gateA_biomarker_scales_train.csv; quality proxy feat_contrast from results/pivot/bio_master.csv (source=gt); CV protocol identical to src/pivot/e1_dose_response.py (5-fold x 3 repeats, seeds 0..2)"
fives,logreg,gaussian_indep,injected,0.8,,1,400,4,0.7989466301488073,0.793612056811789,0.9153199064152259,0.6570333333333334,-0.045700000000000074,"results/pivot/p2_predictions.csv (skan4 panel, reference-mask biomarkers); sigma = results/gateA_biomarker_scales_train.csv; quality proxy feat_contrast from results/pivot/bio_master.csv (source=gt); CV protocol identical to src/pivot/e1_dose_response.py (5-fold x 3 repeats, seeds 0..2)"
fives,logreg,gaussian_indep,injected,0.8,,2,400,4,0.8050486078354537,0.7876600472850628,0.915319906415226,0.6556666666666667,-0.0470666666666667,"results/pivot/p2_predictions.csv (skan4 panel, reference-mask biomarkers); sigma = results/gateA_biomarker_scales_train.csv; quality proxy feat_contrast from results/pivot/bio_master.csv (source=gt); CV protocol identical to src/pivot/e1_dose_response.py (5-fold x 3 repeats, seeds 0..2)"
fives,logreg,gaussian_indep,injected,0.8,,3,400,4,0.8023562722298921,0.7809779288546351,0.9153199064152256,0.6722916666666666,-0.03044166666666681,"results/pivot/p2_predictions.csv (skan4 panel, reference-mask biomarkers); sigma = results/gateA_biomarker_scales_train.csv; quality proxy feat_contrast from results/pivot/bio_master.csv (source=gt); CV protocol identical to src/pivot/e1_dose_response.py (5-fold x 3 repeats, seeds 0..2)"
fives,logreg,gaussian_indep,injected,0.8,,4,400,4,0.8025200859194265,0.7808363509573916,0.9153199064152255,0.6626166666666666,-0.0401166666666668,"results/pivot/p2_predictions.csv (skan4 panel, reference-mask biomarkers); sigma = results/gateA_biomarker_scales_train.csv; quality proxy feat_contrast from results/pivot/bio_master.csv (source=gt); CV protocol identical to src/pivot/e1_dose_response.py (5-fold x 3 repeats, seeds 0..2)"
fives,logreg,gaussian_indep,injected,0.8,,5,400,4,0.8019173593533307,0.7830857669974675,0.915319906415226,0.648,-0.05473333333333341,"results/pivot/p2_predictions.csv (skan4 panel, reference-mask biomarkers); sigma = results/gateA_biomarker_scales_train.csv; quality proxy feat_contrast from results/pivot/bio_master.csv (source=gt); CV protocol identical to src/pivot/e1_dose_response.py (5-fold x 3 repeats, seeds 0..2)"
fives,logreg,gaussian_indep,injected,0.8,,6,400,4,0.7980220671592927,0.7896475147225361,0.9153199064152261,0.6065750000000001,-0.09615833333333335,"results/pivot/p2_predictions.csv (skan4 panel, reference-mask biomarkers); sigma = results/gateA_biomarker_scales_train.csv; quality proxy feat_contrast from results/pivot/bio_master.csv (source=gt); CV protocol identical to src/pivot/e1_dose_response.py (5-fold x 3 repeats, seeds 0..2)"
fives,logreg,gaussian_indep,injected,0.8,,7,400,4,0.7963809866993637,0.783555350192381,0.9153199064152259,0.618725,-0.08400833333333346,"results/pivot/p2_predictions.csv (skan4 panel, reference-mask biomarkers); sigma = results/gateA_biomarker_scales_train.csv; quality proxy feat_contrast from results/pivot/bio_master.csv (source=gt); CV protocol identical to src/pivot/e1_dose_response.py (5-fold x 3 repeats, seeds 0..2)"
fives,logreg,gaussian_indep,injected,0.8,,8,400,4,0.7965674246586899,0.7740311095562168,0.9153199064152259,0.6212333333333333,-0.08150000000000013,"results/pivot/p2_predictions.csv (skan4 panel, reference-mask biomarkers); sigma = results/gateA_biomarker_scales_train.csv; quality proxy feat_contrast from results/pivot/bio_master.csv (source=gt); CV protocol identical to src/pivot/e1_dose_response.py (5-fold x 3 repeats, seeds 0..2)"
fives,logreg,gaussian_indep,injected,0.8,,9,400,4,0.8058722203516807,0.7914643425453627,0.9153199064152258,0.6392083333333334,-0.06352500000000005,"results/pivot/p2_predictions.csv (skan4 panel, reference-mask biomarkers); sigma = results/gateA_biomarker_scales_train.csv; quality proxy feat_contrast from results/pivot/bio_master.csv (source=gt); CV protocol identical to src/pivot/e1_dose_response.py (5-fold x 3 repeats, seeds 0..2)"
fives,logreg,gaussian_indep,injected,0.7,,0,400,4,0.7080897085323765,0.6885714854417537,1.2450841144542624,0.6149333333333333,-0.0878000000000001,"results/pivot/p2_predictions.csv (skan4 panel, reference-mask biomarkers); sigma = results/gateA_biomarker_scales_train.csv; quality proxy feat_contrast from results/pivot/bio_master.csv (source=gt); CV protocol identical to src/pivot/e1_dose_response.py (5-fold x 3 repeats, seeds 0..2)"
fives,logreg,gaussian_indep,injected,0.7,,1,400,4,0.6981781726614484,0.6891613686248257,1.2450841144542624,0.6409,-0.06183333333333341,"results/pivot/p2_predictions.csv (skan4 panel, reference-mask biomarkers); sigma = results/gateA_biomarker_scales_train.csv; quality proxy feat_contrast from results/pivot/bio_master.csv (source=gt); CV protocol identical to src/pivot/e1_dose_response.py (5-fold x 3 repeats, seeds 0..2)"
fives,logreg,gaussian_indep,injected,0.7,,2,400,4,0.7082356742213504,0.6789346283285745,1.2450841144542621,0.6422166666666667,-0.060516666666666774,"results/pivot/p2_predictions.csv (skan4 panel, reference-mask biomarkers); sigma = results/gateA_biomarker_scales_train.csv; quality proxy feat_contrast from results/pivot/bio_master.csv (source=gt); CV protocol identical to src/pivot/e1_dose_response.py (5-fold x 3 repeats, seeds 0..2)"
fives,logreg,gaussian_indep,injected,0.7,,3,400,4,0.7036494413516426,0.6672942238761013,1.2450841144542621,0.66395,-0.03878333333333339,"results/pivot/p2_predictions.csv (skan4 panel, reference-mask biomarkers); sigma = results/gateA_biomarker_scales_train.csv; quality proxy feat_contrast from results/pivot/bio_master.csv (source=gt); CV protocol identical to src/pivot/e1_dose_response.py (5-fold x 3 repeats, seeds 0..2)"
fives,logreg,gaussian_indep,injected,0.7,,4,400,4,0.703959276827767,0.6670456659517638,1.245084114454262,0.648175,-0.054558333333333486,"results/pivot/p2_predictions.csv (skan4 panel, reference-mask biomarkers); sigma = results/gateA_biomarker_scales_train.csv; quality proxy feat_contrast from results/pivot/bio_master.csv (source=gt); CV protocol identical to src/pivot/e1_dose_response.py (5-fold x 3 repeats, seeds 0..2)"
fives,logreg,gaussian_indep,injected,0.7,,5,400,4,0.7030039075834287,0.670985154957071,1.2450841144542626,0.6381,-0.06463333333333343,"results/pivot/p2_predictions.csv (skan4 panel, reference-mask biomarkers); sigma = results/gateA_biomarker_scales_train.csv; quality proxy feat_contrast from results/pivot/bio_master.csv (source=gt); CV protocol identical to src/pivot/e1_dose_response.py (5-fold x 3 repeats, seeds 0..2)"
fives,logreg,gaussian_indep,injected,0.7,,6,400,4,0.6965587385714949,0.6823638003517258,1.2450841144542624,0.5838083333333334,-0.11892500000000006,"results/pivot/p2_predictions.csv (skan4 panel, reference-mask biomarkers); sigma = results/gateA_biomarker_scales_train.csv; quality proxy feat_contrast from results/pivot/bio_master.csv (source=gt); CV protocol identical to src/pivot/e1_dose_response.py (5-fold x 3 repeats, seeds 0..2)"
fives,logreg,gaussian_indep,injected,0.7,,7,400,4,0.6937516887965282,0.6718049866226433,1.2450841144542621,0.6004666666666667,-0.10226666666666673,"results/pivot/p2_predictions.csv (skan4 panel, reference-mask biomarkers); sigma = results/gateA_biomarker_scales_train.csv; quality proxy feat_contrast from results/pivot/bio_master.csv (source=gt); CV protocol identical to src/pivot/e1_dose_response.py (5-fold x 3 repeats, seeds 0..2)"
fives,logreg,gaussian_indep,injected,0.7,,8,400,4,0.6938350591000313,0.6549979254142053,1.2450841144542624,0.5996833333333333,-0.10305000000000009,"results/pivot/p2_predictions.csv (skan4 panel, reference-mask biomarkers); sigma = results/gateA_biomarker_scales_train.csv; quality proxy feat_contrast from results/pivot/bio_master.csv (source=gt); CV protocol identical to src/pivot/e1_dose_response.py (5-fold x 3 repeats, seeds 0..2)"
fives,logreg,gaussian_indep,injected,0.7,,9,400,4,0.7097076216353784,0.6854858881839411,1.2450841144542624,0.6256333333333334,-0.07710000000000006,"results/pivot/p2_predictions.csv (skan4 panel, reference-mask biomarkers); sigma = results/gateA_biomarker_scales_train.csv; quality proxy feat_contrast from results/pivot/bio_master.csv (source=gt); CV protocol identical to src/pivot/e1_dose_response.py (5-fold x 3 repeats, seeds 0..2)"
fives,logreg,gaussian_indep,injected,0.6,,0,400,4,0.6112454186715339,0.5838905533169646,1.627235389182624,0.6011916666666667,-0.10154166666666675,"results/pivot/p2_predictions.csv (skan4 panel, reference-mask biomarkers); sigma = results/gateA_biomarker_scales_train.csv; quality proxy feat_contrast from results/pivot/bio_master.csv (source=gt); CV protocol identical to src/pivot/e1_dose_response.py (5-fold x 3 repeats, seeds 0..2)"
fives,logreg,gaussian_indep,injected,0.6,,1,400,4,0.5974124183550317,0.5847242035042006,1.6272353891826232,0.6242583333333334,-0.07847500000000007,"results/pivot/p2_predictions.csv (skan4 panel, reference-mask biomarkers); sigma = results/gateA_biomarker_scales_train.csv; quality proxy feat_contrast from results/pivot/bio_master.csv (source=gt); CV protocol identical to src/pivot/e1_dose_response.py (5-fold x 3 repeats, seeds 0..2)"
fives,logreg,gaussian_indep,injected,0.6,,2,400,4,0.6114164926812021,0.570237143790557,1.6272353891826234,0.6289083333333333,-0.07382500000000014,"results/pivot/p2_predictions.csv (skan4 panel, reference-mask biomarkers); sigma = results/gateA_biomarker_scales_train.csv; quality proxy feat_contrast from results/pivot/bio_master.csv (source=gt); CV protocol identical to src/pivot/e1_dose_response.py (5-fold x 3 repeats, seeds 0..2)"
fives,logreg,gaussian_indep,injected,0.6,,3,400,4,0.6049423989142514,0.5536569742006534,1.6272353891826232,0.654825,-0.04790833333333344,"results/pivot/p2_predictions.csv (skan4 panel, reference-mask biomarkers); sigma = results/gateA_biomarker_scales_train.csv; quality proxy feat_contrast from results/pivot/bio_master.csv (source=gt); CV protocol identical to src/pivot/e1_dose_response.py (5-fold x 3 repeats, seeds 0..2)"
fives,logreg,gaussian_indep,injected,0.6,,4,400,4,0.6053975101192095,0.5533018577014893,1.6272353891826234,0.6340833333333333,-0.0686500000000001,"results/pivot/p2_predictions.csv (skan4 panel, reference-mask biomarkers); sigma = results/gateA_biomarker_scales_train.csv; quality proxy feat_contrast from results/pivot/bio_master.csv (source=gt); CV protocol identical to src/pivot/e1_dose_response.py (5-fold x 3 repeats, seeds 0..2)"
fives,logreg,gaussian_indep,injected,0.6,,5,400,4,0.604089830623854,0.5589248702826388,1.6272353891826241,0.6286499999999999,-0.0740833333333335,"results/pivot/p2_predictions.csv (skan4 panel, reference-mask biomarkers); sigma = results/gateA_biomarker_scales_train.csv; quality proxy feat_contrast from results/pivot/bio_master.csv (source=gt); CV protocol identical to src/pivot/e1_dose_response.py (5-fold x 3 repeats, seeds 0..2)"
fives,logreg,gaussian_indep,injected,0.6,,6,400,4,0.5951007666148803,0.5751030014141084,1.627235389182624,0.5629833333333333,-0.13975000000000015,"results/pivot/p2_predictions.csv (skan4 panel, reference-mask biomarkers); sigma = results/gateA_biomarker_scales_train.csv; quality proxy feat_contrast from results/pivot/bio_master.csv (source=gt); CV protocol identical to src/pivot/e1_dose_response.py (5-fold x 3 repeats, seeds 0..2)"
fives,logreg,gaussian_indep,injected,0.6,,7,400,4,0.591131571081398,0.5600936220392772,1.6272353891826237,0.5834,-0.1193333333333334,"results/pivot/p2_predictions.csv (skan4 panel, reference-mask biomarkers); sigma = results/gateA_biomarker_scales_train.csv; quality proxy feat_contrast from results/pivot/bio_master.csv (source=gt); CV protocol identical to src/pivot/e1_dose_response.py (5-fold x 3 repeats, seeds 0..2)"
fives,logreg,gaussian_indep,injected,0.6,,8,400,4,0.5911148256195313,0.5360334294066653,1.6272353891826237,0.57945,-0.12328333333333341,"results/pivot/p2_predictions.csv (skan4 panel, reference-mask biomarkers); sigma = results/gateA_biomarker_scales_train.csv; quality proxy feat_contrast from results/pivot/bio_master.csv (source=gt); CV protocol identical to src/pivot/e1_dose_response.py (5-fold x 3 repeats, seeds 0..2)"
fives,logreg,gaussian_indep,injected,0.6,,9,400,4,0.6135340484553085,0.5795259449979804,1.6272353891826237,0.6124333333333333,-0.09030000000000016,"results/pivot/p2_predictions.csv (skan4 panel, reference-mask biomarkers); sigma = results/gateA_biomarker_scales_train.csv; quality proxy feat_contrast from results/pivot/bio_master.csv (source=gt); CV protocol identical to src/pivot/e1_dose_response.py (5-fold x 3 repeats, seeds 0..2)"
fives,logreg,gaussian_indep,injected,0.5,,0,400,4,0.514233901902479,0.4795536693459059,2.1138407774538157,0.58385,-0.11888333333333345,"results/pivot/p2_predictions.csv (skan4 panel, reference-mask biomarkers); sigma = results/gateA_biomarker_scales_train.csv; quality proxy feat_contrast from results/pivot/bio_master.csv (source=gt); CV protocol identical to src/pivot/e1_dose_response.py (5-fold x 3 repeats, seeds 0..2)"
fives,logreg,gaussian_indep,injected,0.5,,1,400,4,0.4967112239301741,0.4806122329801694,2.1138407774538144,0.6056583333333334,-0.09707500000000002,"results/pivot/p2_predictions.csv (skan4 panel, reference-mask biomarkers); sigma = results/gateA_biomarker_scales_train.csv; quality proxy feat_contrast from results/pivot/bio_master.csv (source=gt); CV protocol identical to src/pivot/e1_dose_response.py (5-fold x 3 repeats, seeds 0..2)"
fives,logreg,gaussian_indep,injected,0.5,,2,400,4,0.5144432862746122,0.4622094107156472,2.113840777453815,0.6142583333333334,-0.08847500000000008,"results/pivot/p2_predictions.csv (skan4 panel, reference-mask biomarkers); sigma = results/gateA_biomarker_scales_train.csv; quality proxy feat_contrast from results/pivot/bio_master.csv (source=gt); CV protocol identical to src/pivot/e1_dose_response.py (5-fold x 3 repeats, seeds 0..2)"
fives,logreg,gaussian_indep,injected,0.5,,3,400,4,0.506225743338671,0.4411295993318949,2.113840777453815,0.6433583333333334,-0.05937500000000007,"results/pivot/p2_predictions.csv (skan4 panel, reference-mask biomarkers); sigma = results/gateA_biomarker_scales_train.csv; quality proxy feat_contrast from results/pivot/bio_master.csv (source=gt); CV protocol identical to src/pivot/e1_dose_response.py (5-fold x 3 repeats, seeds 0..2)"
fives,logreg,gaussian_indep,injected,0.5,,4,400,4,0.5068083944114772,0.4406779068014568,2.1138407774538144,0.6189583333333333,-0.08377500000000015,"results/pivot/p2_predictions.csv (skan4 panel, reference-mask biomarkers); sigma = results/gateA_biomarker_scales_train.csv; quality proxy feat_contrast from results/pivot/bio_master.csv (source=gt); CV protocol identical to src/pivot/e1_dose_response.py (5-fold x 3 repeats, seeds 0..2)"
fives,logreg,gaussian_indep,injected,0.5,,5,400,4,0.5051573948896178,0.44782915344592994,2.1138407774538157,0.6157166666666667,-0.08701666666666674,"results/pivot/p2_predictions.csv (skan4 panel, reference-mask biomarkers); sigma = results/gateA_biomarker_scales_train.csv; quality proxy feat_contrast from results/pivot/bio_master.csv (source=gt); CV protocol identical to src/pivot/e1_dose_response.py (5-fold x 3 repeats, seeds 0..2)"
fives,logreg,gaussian_indep,injected,0.5,,6,400,4,0.4937704997756228,0.4683921757832457,2.1138407774538157,0.5400666666666667,-0.16266666666666674,"results/pivot/p2_predictions.csv (skan4 panel, reference-mask biomarkers); sigma = results/gateA_biomarker_scales_train.csv; quality proxy feat_contrast from results/pivot/bio_master.csv (source=gt); CV protocol identical to src/pivot/e1_dose_response.py (5-fold x 3 repeats, seeds 0..2)"
fives,logreg,gaussian_indep,injected,0.5,,7,400,4,0.48873057889089694,0.4493152863082796,2.1138407774538157,0.5656916666666667,-0.13704166666666673,"results/pivot/p2_predictions.csv (skan4 panel, reference-mask biomarkers); sigma = results/gateA_biomarker_scales_train.csv; quality proxy feat_contrast from results/pivot/bio_master.csv (source=gt); CV protocol identical to src/pivot/e1_dose_response.py (5-fold x 3 repeats, seeds 0..2)"
fives,logreg,gaussian_indep,injected,0.5,,8,400,4,0.48868076327916943,0.41870357426150207,2.1138407774538153,0.563625,-0.1391083333333334,"results/pivot/p2_predictions.csv (skan4 panel, reference-mask biomarkers); sigma = results/gateA_biomarker_scales_train.csv; quality proxy feat_contrast from results/pivot/bio_master.csv (source=gt); CV protocol identical to src/pivot/e1_dose_response.py (5-fold x 3 repeats, seeds 0..2)"
fives,logreg,gaussian_indep,injected,0.5,,9,400,4,0.5171416450983183,0.47401067686502185,2.113840777453815,0.5984499999999999,-0.1042833333333335,"results/pivot/p2_predictions.csv (skan4 panel, reference-mask biomarkers); sigma = results/gateA_biomarker_scales_train.csv; quality proxy feat_contrast from results/pivot/bio_master.csv (source=gt); CV protocol identical to src/pivot/e1_dose_response.py (5-fold x 3 repeats, seeds 0..2)"
fives,logreg,gaussian_indep,injected,0.4,,0,400,4,0.41693363228598673,0.3757878009591293,2.796348504165112,0.5635916666666667,-0.13914166666666672,"results/pivot/p2_predictions.csv (skan4 panel, reference-mask biomarkers); sigma = results/gateA_biomarker_scales_train.csv; quality proxy feat_contrast from results/pivot/bio_master.csv (source=gt); CV protocol identical to src/pivot/e1_dose_response.py (5-fold x 3 repeats, seeds 0..2)"
fives,logreg,gaussian_indep,injected,0.4,,1,400,4,0.3961155399282912,0.3770401917108797,2.79634850416511,0.5864083333333333,-0.11632500000000012,"results/pivot/p2_predictions.csv (skan4 panel, reference-mask biomarkers); sigma = results/gateA_biomarker_scales_train.csv; quality proxy feat_contrast from results/pivot/bio_master.csv (source=gt); CV protocol identical to src/pivot/e1_dose_response.py (5-fold x 3 repeats, seeds 0..2)"
fives,logreg,gaussian_indep,injected,0.4,,2,400,4,0.4171999408734311,0.35528627068673596,2.796348504165112,0.5979916666666667,-0.10474166666666673,"results/pivot/p2_predictions.csv (skan4 panel, reference-mask biomarkers); sigma = results/gateA_biomarker_scales_train.csv; quality proxy feat_contrast from results/pivot/bio_master.csv (source=gt); CV protocol identical to src/pivot/e1_dose_response.py (5-fold x 3 repeats, seeds 0..2)"
fives,logreg,gaussian_indep,injected,0.4,,3,400,4,0.4074760882176177,0.3304182808307809,2.7963485041651115,0.6295416666666667,-0.07319166666666677,"results/pivot/p2_predictions.csv (skan4 panel, reference-mask biomarkers); sigma = results/gateA_biomarker_scales_train.csv; quality proxy feat_contrast from results/pivot/bio_master.csv (source=gt); CV protocol identical to src/pivot/e1_dose_response.py (5-fold x 3 repeats, seeds 0..2)"
fives,logreg,gaussian_indep,injected,0.4,,4,400,4,0.40815766533775494,0.3298860307148808,2.796348504165111,0.6014083333333333,-0.10132500000000011,"results/pivot/p2_predictions.csv (skan4 panel, reference-mask biomarkers); sigma = results/gateA_biomarker_scales_train.csv; quality proxy feat_contrast from results/pivot/bio_master.csv (source=gt); CV protocol identical to src/pivot/e1_dose_response.py (5-fold x 3 repeats, seeds 0..2)"
fives,logreg,gaussian_indep,injected,0.4,,5,400,4,0.40618197867890526,0.33831574723156455,2.7963485041651124,0.6007916666666666,-0.10194166666666682,"results/pivot/p2_predictions.csv (skan4 panel, reference-mask biomarkers); sigma = results/gateA_biomarker_scales_train.csv; quality proxy feat_contrast from results/pivot/bio_master.csv (source=gt); CV protocol identical to src/pivot/e1_dose_response.py (5-fold x 3 repeats, seeds 0..2)"
fives,logreg,gaussian_indep,injected,0.4,,6,400,4,0.39264808504915305,0.36259045854529975,2.7963485041651115,0.5162666666666667,-0.18646666666666678,"results/pivot/p2_predictions.csv (skan4 panel, reference-mask biomarkers); sigma = results/gateA_biomarker_scales_train.csv; quality proxy feat_contrast from results/pivot/bio_master.csv (source=gt); CV protocol identical to src/pivot/e1_dose_response.py (5-fold x 3 repeats, seeds 0..2)"
fives,logreg,gaussian_indep,injected,0.4,,7,400,4,0.38668733275906103,0.3400683809984344,2.7963485041651115,0.5463416666666667,-0.1563916666666667,"results/pivot/p2_predictions.csv (skan4 panel, reference-mask biomarkers); sigma = results/gateA_biomarker_scales_train.csv; quality proxy feat_contrast from results/pivot/bio_master.csv (source=gt); CV protocol identical to src/pivot/e1_dose_response.py (5-fold x 3 repeats, seeds 0..2)"
fives,logreg,gaussian_indep,injected,0.4,,8,400,4,0.3867013095962017,0.30402525091252586,2.796348504165112,0.5507583333333333,-0.15197500000000008,"results/pivot/p2_predictions.csv (skan4 panel, reference-mask biomarkers); sigma = results/gateA_biomarker_scales_train.csv; quality proxy feat_contrast from results/pivot/bio_master.csv (source=gt); CV protocol identical to src/pivot/e1_dose_response.py (5-fold x 3 repeats, seeds 0..2)"
fives,logreg,gaussian_indep,injected,0.4,,9,400,4,0.42037442416691345,0.36923196168139416,2.7963485041651115,0.5822166666666666,-0.12051666666666683,"results/pivot/p2_predictions.csv (skan4 panel, reference-mask biomarkers); sigma = results/gateA_biomarker_scales_train.csv; quality proxy feat_contrast from results/pivot/bio_master.csv (source=gt); CV protocol identical to src/pivot/e1_dose_response.py (5-fold x 3 repeats, seeds 0..2)"
fives,logreg,gaussian_corr,injected,0.99,,0,400,4,0.9901415505728977,0.9900145319056556,0.17390136372703133,0.6866416666666667,-0.016091666666666726,"results/pivot/p2_predictions.csv (skan4 panel, reference-mask biomarkers); sigma = results/gateA_biomarker_scales_train.csv; quality proxy feat_contrast from results/pivot/bio_master.csv (source=gt); CV protocol identical to src/pivot/e1_dose_response.py (5-fold x 3 repeats, seeds 0..2)"
fives,logreg,gaussian_corr,injected,0.99,,1,400,4,0.9899780761192021,0.9899143142345698,0.17390136372703105,0.7034583333333333,0.0007249999999998646,"results/pivot/p2_predictions.csv (skan4 panel, reference-mask biomarkers); sigma = results/gateA_biomarker_scales_train.csv; quality proxy feat_contrast from results/pivot/bio_master.csv (source=gt); CV protocol identical to src/pivot/e1_dose_response.py (5-fold x 3 repeats, seeds 0..2)"
fives,logreg,gaussian_corr,injected,0.99,,2,400,4,0.9900421670794428,0.9898706256373652,0.17390136372703108,0.6961166666666667,-0.006616666666666715,"results/pivot/p2_predictions.csv (skan4 panel, reference-mask biomarkers); sigma = results/gateA_biomarker_scales_train.csv; quality proxy feat_contrast from results/pivot/bio_master.csv (source=gt); CV protocol identical to src/pivot/e1_dose_response.py (5-fold x 3 repeats, seeds 0..2)"
fives,logreg,gaussian_corr,injected,0.99,,3,400,4,0.9900212814040132,0.9898268455673082,0.17390136372703094,0.696175,-0.006558333333333444,"results/pivot/p2_predictions.csv (skan4 panel, reference-mask biomarkers); sigma = results/gateA_biomarker_scales_train.csv; quality proxy feat_contrast from results/pivot/bio_master.csv (source=gt); CV protocol identical to src/pivot/e1_dose_response.py (5-fold x 3 repeats, seeds 0..2)"
fives,logreg,gaussian_corr,injected,0.99,,4,400,4,0.9901781575943251,0.9899645490115347,0.17390136372703113,0.7010833333333333,-0.0016500000000001513,"results/pivot/p2_predictions.csv (skan4 panel, reference-mask biomarkers); sigma = results/gateA_biomarker_scales_train.csv; quality proxy feat_contrast from results/pivot/bio_master.csv (source=gt); CV protocol identical to src/pivot/e1_dose_response.py (5-fold x 3 repeats, seeds 0..2)"
fives,logreg,gaussian_corr,injected,0.99,,5,400,4,0.990011942069821,0.9898386333295769,0.17390136372703108,0.7013083333333334,-0.0014250000000000096,"results/pivot/p2_predictions.csv (skan4 panel, reference-mask biomarkers); sigma = results/gateA_biomarker_scales_train.csv; quality proxy feat_contrast from results/pivot/bio_master.csv (source=gt); CV protocol identical to src/pivot/e1_dose_response.py (5-fold x 3 repeats, seeds 0..2)"
fives,logreg,gaussian_corr,injected,0.99,,6,400,4,0.9899777241652741,0.9898866393183271,0.1739013637270311,0.6896166666666667,-0.013116666666666776,"results/pivot/p2_predictions.csv (skan4 panel, reference-mask biomarkers); sigma = results/gateA_biomarker_scales_train.csv; quality proxy feat_contrast from results/pivot/bio_master.csv (source=gt); CV protocol identical to src/pivot/e1_dose_response.py (5-fold x 3 repeats, seeds 0..2)"
fives,logreg,gaussian_corr,injected,0.99,,7,400,4,0.9900096767391185,0.9899340606746748,0.17390136372703097,0.6867916666666667,-0.015941666666666743,"results/pivot/p2_predictions.csv (skan4 panel, reference-mask biomarkers); sigma = results/gateA_biomarker_scales_train.csv; quality proxy feat_contrast from results/pivot/bio_master.csv (source=gt); CV protocol identical to src/pivot/e1_dose_response.py (5-fold x 3 repeats, seeds 0..2)"
fives,logreg,gaussian_corr,injected,0.99,,8,400,4,0.989993562656908,0.9898401337820251,0.1739013637270312,0.6829083333333333,-0.019825000000000093,"results/pivot/p2_predictions.csv (skan4 panel, reference-mask biomarkers); sigma = results/gateA_biomarker_scales_train.csv; quality proxy feat_contrast from results/pivot/bio_master.csv (source=gt); CV protocol identical to src/pivot/e1_dose_response.py (5-fold x 3 repeats, seeds 0..2)"
fives,logreg,gaussian_corr,injected,0.99,,9,400,4,0.9901250957077563,0.9899256530364164,0.17390136372703102,0.6894666666666667,-0.01326666666666676,"results/pivot/p2_predictions.csv (skan4 panel, reference-mask biomarkers); sigma = results/gateA_biomarker_scales_train.csv; quality proxy feat_contrast from results/pivot/bio_master.csv (source=gt); CV protocol identical to src/pivot/e1_dose_response.py (5-fold x 3 repeats, seeds 0..2)"
fives,logreg,gaussian_corr,injected,0.95,,0,400,4,0.9513229904897353,0.9501558443166962,0.4011348058566526,0.6585,-0.04423333333333346,"results/pivot/p2_predictions.csv (skan4 panel, reference-mask biomarkers); sigma = results/gateA_biomarker_scales_train.csv; quality proxy feat_contrast from results/pivot/bio_master.csv (source=gt); CV protocol identical to src/pivot/e1_dose_response.py (5-fold x 3 repeats, seeds 0..2)"
fives,logreg,gaussian_corr,injected,0.95,,1,400,4,0.949710338303061,0.9489899442879542,0.40113480585665234,0.6847666666666667,-0.017966666666666686,"results/pivot/p2_predictions.csv (skan4 panel, reference-mask biomarkers); sigma = results/gateA_biomarker_scales_train.csv; quality proxy feat_contrast from results/pivot/bio_master.csv (source=gt); CV protocol identical to src/pivot/e1_dose_response.py (5-fold x 3 repeats, seeds 0..2)"
fives,logreg,gaussian_corr,injected,0.95,,2,400,4,0.9503183780784299,0.9483759215948978,0.4011348058566525,0.6824083333333334,-0.020325000000000037,"results/pivot/p2_predictions.csv (skan4 panel, reference-mask biomarkers); sigma = results/gateA_biomarker_scales_train.csv; quality proxy feat_contrast from results/pivot/bio_master.csv (source=gt); CV protocol identical to src/pivot/e1_dose_response.py (5-fold x 3 repeats, seeds 0..2)"
fives,logreg,gaussian_corr,injected,0.95,,3,400,4,0.9500588444924368,0.9475966940166914,0.4011348058566524,0.6852083333333333,-0.017525000000000124,"results/pivot/p2_predictions.csv (skan4 panel, reference-mask biomarkers); sigma = results/gateA_biomarker_scales_train.csv; quality proxy feat_contrast from results/pivot/bio_master.csv (source=gt); CV protocol identical to src/pivot/e1_dose_response.py (5-fold x 3 repeats, seeds 0..2)"
fives,logreg,gaussian_corr,injected,0.95,,4,400,4,0.9516522110852601,0.9496037146799032,0.4011348058566527,0.6916083333333333,-0.011125000000000163,"results/pivot/p2_predictions.csv (skan4 panel, reference-mask biomarkers); sigma = results/gateA_biomarker_scales_train.csv; quality proxy feat_contrast from results/pivot/bio_master.csv (source=gt); CV protocol identical to src/pivot/e1_dose_response.py (5-fold x 3 repeats, seeds 0..2)"
fives,logreg,gaussian_corr,injected,0.95,,5,400,4,0.9499638008718155,0.9478346038025705,0.4011348058566525,0.6839666666666667,-0.01876666666666671,"results/pivot/p2_predictions.csv (skan4 panel, reference-mask biomarkers); sigma = results/gateA_biomarker_scales_train.csv; quality proxy feat_contrast from results/pivot/bio_master.csv (source=gt); CV protocol identical to src/pivot/e1_dose_response.py (5-fold x 3 repeats, seeds 0..2)"
fives,logreg,gaussian_corr,injected,0.95,,6,400,4,0.9496708056874459,0.9486129997770922,0.40113480585665234,0.66155,-0.04118333333333346,"results/pivot/p2_predictions.csv (skan4 panel, reference-mask biomarkers); sigma = results/gateA_biomarker_scales_train.csv; quality proxy feat_contrast from results/pivot/bio_master.csv (source=gt); CV protocol identical to src/pivot/e1_dose_response.py (5-fold x 3 repeats, seeds 0..2)"
fives,logreg,gaussian_corr,injected,0.95,,7,400,4,0.9500711897948522,0.9492401267836598,0.4011348058566525,0.6561166666666667,-0.04661666666666675,"results/pivot/p2_predictions.csv (skan4 panel, reference-mask biomarkers); sigma = results/gateA_biomarker_scales_train.csv; quality proxy feat_contrast from results/pivot/bio_master.csv (source=gt); CV protocol identical to src/pivot/e1_dose_response.py (5-fold x 3 repeats, seeds 0..2)"
fives,logreg,gaussian_corr,injected,0.95,,8,400,4,0.9497821326296725,0.9478629006716239,0.4011348058566525,0.6517999999999999,-0.0509333333333335,"results/pivot/p2_predictions.csv (skan4 panel, reference-mask biomarkers); sigma = results/gateA_biomarker_scales_train.csv; quality proxy feat_contrast from results/pivot/bio_master.csv (source=gt); CV protocol identical to src/pivot/e1_dose_response.py (5-fold x 3 repeats, seeds 0..2)"
fives,logreg,gaussian_corr,injected,0.95,,9,400,4,0.9511598599513886,0.9491352184276793,0.40113480585665245,0.6620833333333334,-0.040650000000000075,"results/pivot/p2_predictions.csv (skan4 panel, reference-mask biomarkers); sigma = results/gateA_biomarker_scales_train.csv; quality proxy feat_contrast from results/pivot/bio_master.csv (source=gt); CV protocol identical to src/pivot/e1_dose_response.py (5-fold x 3 repeats, seeds 0..2)"
fives,logreg,gaussian_corr,injected,0.9,,0,400,4,0.9034393316890376,0.9004225951847264,0.5910795515666779,0.6401916666666666,-0.06254166666666683,"results/pivot/p2_predictions.csv (skan4 panel, reference-mask biomarkers); sigma = results/gateA_biomarker_scales_train.csv; quality proxy feat_contrast from results/pivot/bio_master.csv (source=gt); CV protocol identical to src/pivot/e1_dose_response.py (5-fold x 3 repeats, seeds 0..2)"
fives,logreg,gaussian_corr,injected,0.9,,1,400,4,0.8991717103985745,0.8971891416096927,0.5910795515666777,0.6683666666666667,-0.03436666666666677,"results/pivot/p2_predictions.csv (skan4 panel, reference-mask biomarkers); sigma = results/gateA_biomarker_scales_train.csv; quality proxy feat_contrast from results/pivot/bio_master.csv (source=gt); CV protocol identical to src/pivot/e1_dose_response.py (5-fold x 3 repeats, seeds 0..2)"
fives,logreg,gaussian_corr,injected,0.9,,2,400,4,0.9007589311818704,0.8954079989412475,0.591079551566678,0.6701666666666667,-0.032566666666666744,"results/pivot/p2_predictions.csv (skan4 panel, reference-mask biomarkers); sigma = results/gateA_biomarker_scales_train.csv; quality proxy feat_contrast from results/pivot/bio_master.csv (source=gt); CV protocol identical to src/pivot/e1_dose_response.py (5-fold x 3 repeats, seeds 0..2)"
fives,logreg,gaussian_corr,injected,0.9,,3,400,4,0.9000245747940732,0.8930447241056337,0.5910795515666776,0.6757583333333333,-0.026975000000000082,"results/pivot/p2_predictions.csv (skan4 panel, reference-mask biomarkers); sigma = results/gateA_biomarker_scales_train.csv; quality proxy feat_contrast from results/pivot/bio_master.csv (source=gt); CV protocol identical to src/pivot/e1_dose_response.py (5-fold x 3 repeats, seeds 0..2)"
fives,logreg,gaussian_corr,injected,0.9,,4,400,4,0.9042831035433776,0.8989127860369299,0.5910795515666778,0.6814916666666667,-0.021241666666666714,"results/pivot/p2_predictions.csv (skan4 panel, reference-mask biomarkers); sigma = results/gateA_biomarker_scales_train.csv; quality proxy feat_contrast from results/pivot/bio_master.csv (source=gt); CV protocol identical to src/pivot/e1_dose_response.py (5-fold x 3 repeats, seeds 0..2)"
fives,logreg,gaussian_corr,injected,0.9,,5,400,4,0.8997719008281355,0.8937803511782891,0.5910795515666778,0.67025,-0.03248333333333342,"results/pivot/p2_predictions.csv (skan4 panel, reference-mask biomarkers); sigma = results/gateA_biomarker_scales_train.csv; quality proxy feat_contrast from results/pivot/bio_master.csv (source=gt); CV protocol identical to src/pivot/e1_dose_response.py (5-fold x 3 repeats, seeds 0..2)"
fives,logreg,gaussian_corr,injected,0.9,,6,400,4,0.899036213312614,0.8961031712419802,0.591079551566678,0.6383166666666666,-0.06441666666666679,"results/pivot/p2_predictions.csv (skan4 panel, reference-mask biomarkers); sigma = results/gateA_biomarker_scales_train.csv; quality proxy feat_contrast from results/pivot/bio_master.csv (source=gt); CV protocol identical to src/pivot/e1_dose_response.py (5-fold x 3 repeats, seeds 0..2)"
fives,logreg,gaussian_corr,injected,0.9,,7,400,4,0.9001676547716905,0.8978979836979991,0.591079551566678,0.6343833333333334,-0.06835000000000002,"results/pivot/p2_predictions.csv (skan4 panel, reference-mask biomarkers); sigma = results/gateA_biomarker_scales_train.csv; quality proxy feat_contrast from results/pivot/bio_master.csv (source=gt); CV protocol identical to src/pivot/e1_dose_response.py (5-fold x 3 repeats, seeds 0..2)"
fives,logreg,gaussian_corr,injected,0.9,,8,400,4,0.8992912338861936,0.8938669641342386,0.5910795515666782,0.6311500000000001,-0.07158333333333333,"results/pivot/p2_predictions.csv (skan4 panel, reference-mask biomarkers); sigma = results/gateA_biomarker_scales_train.csv; quality proxy feat_contrast from results/pivot/bio_master.csv (source=gt); CV protocol identical to src/pivot/e1_dose_response.py (5-fold x 3 repeats, seeds 0..2)"
fives,logreg,gaussian_corr,injected,0.9,,9,400,4,0.9030056380875531,0.8976018438704928,0.5910795515666778,0.642375,-0.0603583333333334,"results/pivot/p2_predictions.csv (skan4 panel, reference-mask biomarkers); sigma = results/gateA_biomarker_scales_train.csv; quality proxy feat_contrast from results/pivot/bio_master.csv (source=gt); CV protocol identical to src/pivot/e1_dose_response.py (5-fold x 3 repeats, seeds 0..2)"
fives,logreg,gaussian_corr,injected,0.8,,0,400,4,0.8086519429262512,0.8010993945150684,0.9153199064152262,0.6186416666666666,-0.08409166666666679,"results/pivot/p2_predictions.csv (skan4 panel, reference-mask biomarkers); sigma = results/gateA_biomarker_scales_train.csv; quality proxy feat_contrast from results/pivot/bio_master.csv (source=gt); CV protocol identical to src/pivot/e1_dose_response.py (5-fold x 3 repeats, seeds 0..2)"
fives,logreg,gaussian_corr,injected,0.8,,1,400,4,0.7977567045831049,0.7925380062497129,0.9153199064152258,0.644075,-0.05865833333333348,"results/pivot/p2_predictions.csv (skan4 panel, reference-mask biomarkers); sigma = results/gateA_biomarker_scales_train.csv; quality proxy feat_contrast from results/pivot/bio_master.csv (source=gt); CV protocol identical to src/pivot/e1_dose_response.py (5-fold x 3 repeats, seeds 0..2)"
fives,logreg,gaussian_corr,injected,0.8,,2,400,4,0.8017601287659785,0.7876600472850628,0.9153199064152262,0.6508916666666666,-0.051841666666666786,"results/pivot/p2_predictions.csv (skan4 panel, reference-mask biomarkers); sigma = results/gateA_biomarker_scales_train.csv; quality proxy feat_contrast from results/pivot/bio_master.csv (source=gt); CV protocol identical to src/pivot/e1_dose_response.py (5-fold x 3 repeats, seeds 0..2)"
fives,logreg,gaussian_corr,injected,0.8,,3,400,4,0.7997803023576373,0.7809779288546351,0.9153199064152258,0.6633333333333334,-0.03939999999999999,"results/pivot/p2_predictions.csv (skan4 panel, reference-mask biomarkers); sigma = results/gateA_biomarker_scales_train.csv; quality proxy feat_contrast from results/pivot/bio_master.csv (source=gt); CV protocol identical to src/pivot/e1_dose_response.py (5-fold x 3 repeats, seeds 0..2)"
fives,logreg,gaussian_corr,injected,0.8,,4,400,4,0.810747683690133,0.7971455302672537,0.9153199064152258,0.6629083333333333,-0.03982500000000011,"results/pivot/p2_predictions.csv (skan4 panel, reference-mask biomarkers); sigma = results/gateA_biomarker_scales_train.csv; quality proxy feat_contrast from results/pivot/bio_master.csv (source=gt); CV protocol identical to src/pivot/e1_dose_response.py (5-fold x 3 repeats, seeds 0..2)"
fives,logreg,gaussian_corr,injected,0.8,,5,400,4,0.799135824598214,0.7830857669974675,0.915319906415226,0.6522583333333334,-0.05047500000000005,"results/pivot/p2_predictions.csv (skan4 panel, reference-mask biomarkers); sigma = results/gateA_biomarker_scales_train.csv; quality proxy feat_contrast from results/pivot/bio_master.csv (source=gt); CV protocol identical to src/pivot/e1_dose_response.py (5-fold x 3 repeats, seeds 0..2)"
fives,logreg,gaussian_corr,injected,0.8,,6,400,4,0.7973452292115347,0.7895789096520547,0.9153199064152262,0.6049916666666667,-0.09774166666666673,"results/pivot/p2_predictions.csv (skan4 panel, reference-mask biomarkers); sigma = results/gateA_biomarker_scales_train.csv; quality proxy feat_contrast from results/pivot/bio_master.csv (source=gt); CV protocol identical to src/pivot/e1_dose_response.py (5-fold x 3 repeats, seeds 0..2)"
fives,logreg,gaussian_corr,injected,0.8,,7,400,4,0.8003841575970709,0.7944455622494604,0.9153199064152259,0.6058583333333334,-0.09687500000000004,"results/pivot/p2_predictions.csv (skan4 panel, reference-mask biomarkers); sigma = results/gateA_biomarker_scales_train.csv; quality proxy feat_contrast from results/pivot/bio_master.csv (source=gt); CV protocol identical to src/pivot/e1_dose_response.py (5-fold x 3 repeats, seeds 0..2)"
fives,logreg,gaussian_corr,injected,0.8,,8,400,4,0.7979096956722522,0.7833322214401207,0.9153199064152261,0.6034583333333333,-0.09927500000000011,"results/pivot/p2_predictions.csv (skan4 panel, reference-mask biomarkers); sigma = results/gateA_biomarker_scales_train.csv; quality proxy feat_contrast from results/pivot/bio_master.csv (source=gt); CV protocol identical to src/pivot/e1_dose_response.py (5-fold x 3 repeats, seeds 0..2)"
fives,logreg,gaussian_corr,injected,0.8,,9,400,4,0.8075378972998594,0.7936508476114483,0.915319906415226,0.61895,-0.08378333333333343,"results/pivot/p2_predictions.csv (skan4 panel, reference-mask biomarkers); sigma = results/gateA_biomarker_scales_train.csv; quality proxy feat_contrast from results/pivot/bio_master.csv (source=gt); CV protocol identical to src/pivot/e1_dose_response.py (5-fold x 3 repeats, seeds 0..2)"
fives,logreg,gaussian_corr,injected,0.7,,0,400,4,0.7143705727077848,0.7018518275367496,1.2450841144542626,0.6015333333333333,-0.10120000000000018,"results/pivot/p2_predictions.csv (skan4 panel, reference-mask biomarkers); sigma = results/gateA_biomarker_scales_train.csv; quality proxy feat_contrast from results/pivot/bio_master.csv (source=gt); CV protocol identical to src/pivot/e1_dose_response.py (5-fold x 3 repeats, seeds 0..2)"
fives,logreg,gaussian_corr,injected,0.7,,1,400,4,0.6961591041815218,0.6873253326778628,1.2450841144542615,0.6236666666666666,-0.07906666666666684,"results/pivot/p2_predictions.csv (skan4 panel, reference-mask biomarkers); sigma = results/gateA_biomarker_scales_train.csv; quality proxy feat_contrast from results/pivot/bio_master.csv (source=gt); CV protocol identical to src/pivot/e1_dose_response.py (5-fold x 3 repeats, seeds 0..2)"
fives,logreg,gaussian_corr,injected,0.7,,2,400,4,0.7028146587229102,0.6789346283285745,1.2450841144542624,0.633825,-0.06890833333333346,"results/pivot/p2_predictions.csv (skan4 panel, reference-mask biomarkers); sigma = results/gateA_biomarker_scales_train.csv; quality proxy feat_contrast from results/pivot/bio_master.csv (source=gt); CV protocol identical to src/pivot/e1_dose_response.py (5-fold x 3 repeats, seeds 0..2)"
fives,logreg,gaussian_corr,injected,0.7,,3,400,4,0.699427728008639,0.6672942238761013,1.245084114454262,0.6512416666666667,-0.05149166666666671,"results/pivot/p2_predictions.csv (skan4 panel, reference-mask biomarkers); sigma = results/gateA_biomarker_scales_train.csv; quality proxy feat_contrast from results/pivot/bio_master.csv (source=gt); CV protocol identical to src/pivot/e1_dose_response.py (5-fold x 3 repeats, seeds 0..2)"
fives,logreg,gaussian_corr,injected,0.7,,4,400,4,0.7178316404420741,0.6951735970253218,1.245084114454262,0.6462166666666668,-0.05651666666666666,"results/pivot/p2_predictions.csv (skan4 panel, reference-mask biomarkers); sigma = results/gateA_biomarker_scales_train.csv; quality proxy feat_contrast from results/pivot/bio_master.csv (source=gt); CV protocol identical to src/pivot/e1_dose_response.py (5-fold x 3 repeats, seeds 0..2)"
fives,logreg,gaussian_corr,injected,0.7,,5,400,4,0.6983525130006057,0.670985154957071,1.2450841144542624,0.6384916666666667,-0.06424166666666675,"results/pivot/p2_predictions.csv (skan4 panel, reference-mask biomarkers); sigma = results/gateA_biomarker_scales_train.csv; quality proxy feat_contrast from results/pivot/bio_master.csv (source=gt); CV protocol identical to src/pivot/e1_dose_response.py (5-fold x 3 repeats, seeds 0..2)"
fives,logreg,gaussian_corr,injected,0.7,,6,400,4,0.6954242261826459,0.6822456724323374,1.2450841144542624,0.5774916666666667,-0.1252416666666667,"results/pivot/p2_predictions.csv (skan4 panel, reference-mask biomarkers); sigma = results/gateA_biomarker_scales_train.csv; quality proxy feat_contrast from results/pivot/bio_master.csv (source=gt); CV protocol identical to src/pivot/e1_dose_response.py (5-fold x 3 repeats, seeds 0..2)"
fives,logreg,gaussian_corr,injected,0.7,,7,400,4,0.7006107033940142,0.6905834330266479,1.2450841144542626,0.5838,-0.11893333333333345,"results/pivot/p2_predictions.csv (skan4 panel, reference-mask biomarkers); sigma = results/gateA_biomarker_scales_train.csv; quality proxy feat_contrast from results/pivot/bio_master.csv (source=gt); CV protocol identical to src/pivot/e1_dose_response.py (5-fold x 3 repeats, seeds 0..2)"
fives,logreg,gaussian_corr,injected,0.7,,8,400,4,0.6963041705385539,0.6714155419587736,1.245084114454263,0.5827833333333333,-0.11995000000000011,"results/pivot/p2_predictions.csv (skan4 panel, reference-mask biomarkers); sigma = results/gateA_biomarker_scales_train.csv; quality proxy feat_contrast from results/pivot/bio_master.csv (source=gt); CV protocol identical to src/pivot/e1_dose_response.py (5-fold x 3 repeats, seeds 0..2)"
fives,logreg,gaussian_corr,injected,0.7,,9,400,4,0.7125022827221343,0.6892276040664318,1.2450841144542621,0.6030500000000001,-0.09968333333333335,"results/pivot/p2_predictions.csv (skan4 panel, reference-mask biomarkers); sigma = results/gateA_biomarker_scales_train.csv; quality proxy feat_contrast from results/pivot/bio_master.csv (source=gt); CV protocol identical to src/pivot/e1_dose_response.py (5-fold x 3 repeats, seeds 0..2)"
fives,logreg,gaussian_corr,injected,0.6,,0,400,4,0.6200750222576973,0.6026021202786149,1.6272353891826241,0.5846833333333333,-0.1180500000000001,"results/pivot/p2_predictions.csv (skan4 panel, reference-mask biomarkers); sigma = results/gateA_biomarker_scales_train.csv; quality proxy feat_contrast from results/pivot/bio_master.csv (source=gt); CV protocol identical to src/pivot/e1_dose_response.py (5-fold x 3 repeats, seeds 0..2)"
fives,logreg,gaussian_corr,injected,0.6,,1,400,4,0.5945667265169035,0.5821286476376855,1.6272353891826234,0.6040666666666668,-0.09866666666666668,"results/pivot/p2_predictions.csv (skan4 panel, reference-mask biomarkers); sigma = results/gateA_biomarker_scales_train.csv; quality proxy feat_contrast from results/pivot/bio_master.csv (source=gt); CV protocol identical to src/pivot/e1_dose_response.py (5-fold x 3 repeats, seeds 0..2)"
fives,logreg,gaussian_corr,injected,0.6,,2,400,4,0.603867808271446,0.570237143790557,1.6272353891826237,0.61805,-0.08468333333333344,"results/pivot/p2_predictions.csv (skan4 panel, reference-mask biomarkers); sigma = results/gateA_biomarker_scales_train.csv; quality proxy feat_contrast from results/pivot/bio_master.csv (source=gt); CV protocol identical to src/pivot/e1_dose_response.py (5-fold x 3 repeats, seeds 0..2)"
fives,logreg,gaussian_corr,injected,0.6,,3,400,4,0.599078422226633,0.5536569742006534,1.6272353891826237,0.63965,-0.06308333333333338,"results/pivot/p2_predictions.csv (skan4 panel, reference-mask biomarkers); sigma = results/gateA_biomarker_scales_train.csv; quality proxy feat_contrast from results/pivot/bio_master.csv (source=gt); CV protocol identical to src/pivot/e1_dose_response.py (5-fold x 3 repeats, seeds 0..2)"
fives,logreg,gaussian_corr,injected,0.6,,4,400,4,0.6248982630575509,0.5932074719317546,1.6272353891826241,0.63055,-0.07218333333333338,"results/pivot/p2_predictions.csv (skan4 panel, reference-mask biomarkers); sigma = results/gateA_biomarker_scales_train.csv; quality proxy feat_contrast from results/pivot/bio_master.csv (source=gt); CV protocol identical to src/pivot/e1_dose_response.py (5-fold x 3 repeats, seeds 0..2)"
fives,logreg,gaussian_corr,injected,0.6,,5,400,4,0.5975735510364761,0.5589248702826388,1.6272353891826237,0.6259083333333334,-0.07682500000000003,"results/pivot/p2_predictions.csv (skan4 panel, reference-mask biomarkers); sigma = results/gateA_biomarker_scales_train.csv; quality proxy feat_contrast from results/pivot/bio_master.csv (source=gt); CV protocol identical to src/pivot/e1_dose_response.py (5-fold x 3 repeats, seeds 0..2)"
fives,logreg,gaussian_corr,injected,0.6,,6,400,4,0.5935098276839978,0.5749355203534898,1.6272353891826246,0.5547,-0.14803333333333346,"results/pivot/p2_predictions.csv (skan4 panel, reference-mask biomarkers); sigma = results/gateA_biomarker_scales_train.csv; quality proxy feat_contrast from results/pivot/bio_master.csv (source=gt); CV protocol identical to src/pivot/e1_dose_response.py (5-fold x 3 repeats, seeds 0..2)"
fives,logreg,gaussian_corr,injected,0.6,,7,400,4,0.6008369956044843,0.586732952888353,1.627235389182624,0.5646333333333333,-0.1381000000000001,"results/pivot/p2_predictions.csv (skan4 panel, reference-mask biomarkers); sigma = results/gateA_biomarker_scales_train.csv; quality proxy feat_contrast from results/pivot/bio_master.csv (source=gt); CV protocol identical to src/pivot/e1_dose_response.py (5-fold x 3 repeats, seeds 0..2)"
fives,logreg,gaussian_corr,injected,0.6,,8,400,4,0.5947051531933696,0.5595384910144977,1.627235389182624,0.5671416666666667,-0.13559166666666678,"results/pivot/p2_predictions.csv (skan4 panel, reference-mask biomarkers); sigma = results/gateA_biomarker_scales_train.csv; quality proxy feat_contrast from results/pivot/bio_master.csv (source=gt); CV protocol identical to src/pivot/e1_dose_response.py (5-fold x 3 repeats, seeds 0..2)"
fives,logreg,gaussian_corr,injected,0.6,,9,400,4,0.6174545856384341,0.5848177956167139,1.6272353891826237,0.5877833333333333,-0.11495000000000011,"results/pivot/p2_predictions.csv (skan4 panel, reference-mask biomarkers); sigma = results/gateA_biomarker_scales_train.csv; quality proxy feat_contrast from results/pivot/bio_master.csv (source=gt); CV protocol identical to src/pivot/e1_dose_response.py (5-fold x 3 repeats, seeds 0..2)"
fives,logreg,gaussian_corr,injected,0.5,,0,400,4,0.5254350613927989,0.5033007622054552,2.1138407774538157,0.568825,-0.1339083333333334,"results/pivot/p2_predictions.csv (skan4 panel, reference-mask biomarkers); sigma = results/gateA_biomarker_scales_train.csv; quality proxy feat_contrast from results/pivot/bio_master.csv (source=gt); CV protocol identical to src/pivot/e1_dose_response.py (5-fold x 3 repeats, seeds 0..2)"
fives,logreg,gaussian_corr,injected,0.5,,1,400,4,0.493099499750382,0.47731624282768814,2.113840777453815,0.5840833333333334,-0.11865000000000003,"results/pivot/p2_predictions.csv (skan4 panel, reference-mask biomarkers); sigma = results/gateA_biomarker_scales_train.csv; quality proxy feat_contrast from results/pivot/bio_master.csv (source=gt); CV protocol identical to src/pivot/e1_dose_response.py (5-fold x 3 repeats, seeds 0..2)"
fives,logreg,gaussian_corr,injected,0.5,,2,400,4,0.5048855924317995,0.4622094107156472,2.1138407774538157,0.6025916666666666,-0.1001416666666668,"results/pivot/p2_predictions.csv (skan4 panel, reference-mask biomarkers); sigma = results/gateA_biomarker_scales_train.csv; quality proxy feat_contrast from results/pivot/bio_master.csv (source=gt); CV protocol identical to src/pivot/e1_dose_response.py (5-fold x 3 repeats, seeds 0..2)"
fives,logreg,gaussian_corr,injected,0.5,,3,400,4,0.4988047327731032,0.4411295993318949,2.113840777453815,0.6255,-0.07723333333333349,"results/pivot/p2_predictions.csv (skan4 panel, reference-mask biomarkers); sigma = results/gateA_biomarker_scales_train.csv; quality proxy feat_contrast from results/pivot/bio_master.csv (source=gt); CV protocol identical to src/pivot/e1_dose_response.py (5-fold x 3 repeats, seeds 0..2)"
fives,logreg,gaussian_corr,injected,0.5,,4,400,4,0.531543506656651,0.49138125523422427,2.1138407774538153,0.6146416666666666,-0.08809166666666679,"results/pivot/p2_predictions.csv (skan4 panel, reference-mask biomarkers); sigma = results/gateA_biomarker_scales_train.csv; quality proxy feat_contrast from results/pivot/bio_master.csv (source=gt); CV protocol identical to src/pivot/e1_dose_response.py (5-fold x 3 repeats, seeds 0..2)"
fives,logreg,gaussian_corr,injected,0.5,,5,400,4,0.496896629917783,0.44782915344592994,2.1138407774538157,0.6116250000000001,-0.09110833333333335,"results/pivot/p2_predictions.csv (skan4 panel, reference-mask biomarkers); sigma = results/gateA_biomarker_scales_train.csv; quality proxy feat_contrast from results/pivot/bio_master.csv (source=gt); CV protocol identical to src/pivot/e1_dose_response.py (5-fold x 3 repeats, seeds 0..2)"
fives,logreg,gaussian_corr,injected,0.5,,6,400,4,0.49175329088965347,0.4681793953934683,2.113840777453815,0.531775,-0.17095833333333343,"results/pivot/p2_predictions.csv (skan4 panel, reference-mask biomarkers); sigma = results/gateA_biomarker_scales_train.csv; quality proxy feat_contrast from results/pivot/bio_master.csv (source=gt); CV protocol identical to src/pivot/e1_dose_response.py (5-fold x 3 repeats, seeds 0..2)"
fives,logreg,gaussian_corr,injected,0.5,,7,400,4,0.5010566807064399,0.4831627165293327,2.1138407774538157,0.54765,-0.15508333333333346,"results/pivot/p2_predictions.csv (skan4 panel, reference-mask biomarkers); sigma = results/gateA_biomarker_scales_train.csv; quality proxy feat_contrast from results/pivot/bio_master.csv (source=gt); CV protocol identical to src/pivot/e1_dose_response.py (5-fold x 3 repeats, seeds 0..2)"
fives,logreg,gaussian_corr,injected,0.5,,8,400,4,0.49326047783188054,0.44860941780618685,2.113840777453816,0.5528416666666667,-0.14989166666666676,"results/pivot/p2_predictions.csv (skan4 panel, reference-mask biomarkers); sigma = results/gateA_biomarker_scales_train.csv; quality proxy feat_contrast from results/pivot/bio_master.csv (source=gt); CV protocol identical to src/pivot/e1_dose_response.py (5-fold x 3 repeats, seeds 0..2)"
fives,logreg,gaussian_corr,injected,0.5,,9,400,4,0.5221129903229754,0.48073107240411805,2.113840777453815,0.5726,-0.13013333333333343,"results/pivot/p2_predictions.csv (skan4 panel, reference-mask biomarkers); sigma = results/gateA_biomarker_scales_train.csv; quality proxy feat_contrast from results/pivot/bio_master.csv (source=gt); CV protocol identical to src/pivot/e1_dose_response.py (5-fold x 3 repeats, seeds 0..2)"
fives,logreg,gaussian_corr,injected,0.4,,0,400,4,0.4302102046986443,0.4039129596067754,2.796348504165113,0.550675,-0.1520583333333334,"results/pivot/p2_predictions.csv (skan4 panel, reference-mask biomarkers); sigma = results/gateA_biomarker_scales_train.csv; quality proxy feat_contrast from results/pivot/bio_master.csv (source=gt); CV protocol identical to src/pivot/e1_dose_response.py (5-fold x 3 repeats, seeds 0..2)"
fives,logreg,gaussian_corr,injected,0.4,,1,400,4,0.3918383918991748,0.37314111394507293,2.7963485041651106,0.56405,-0.13868333333333338,"results/pivot/p2_predictions.csv (skan4 panel, reference-mask biomarkers); sigma = results/gateA_biomarker_scales_train.csv; quality proxy feat_contrast from results/pivot/bio_master.csv (source=gt); CV protocol identical to src/pivot/e1_dose_response.py (5-fold x 3 repeats, seeds 0..2)"
fives,logreg,gaussian_corr,injected,0.4,,2,400,4,0.4058364517429449,0.35528627068673596,2.7963485041651124,0.5853166666666667,-0.11741666666666672,"results/pivot/p2_predictions.csv (skan4 panel, reference-mask biomarkers); sigma = results/gateA_biomarker_scales_train.csv; quality proxy feat_contrast from results/pivot/bio_master.csv (source=gt); CV protocol identical to src/pivot/e1_dose_response.py (5-fold x 3 repeats, seeds 0..2)"
fives,logreg,gaussian_corr,injected,0.4,,3,400,4,0.39864548901708796,0.3304182808307809,2.7963485041651124,0.6107416666666667,-0.0919916666666667,"results/pivot/p2_predictions.csv (skan4 panel, reference-mask biomarkers); sigma = results/gateA_biomarker_scales_train.csv; quality proxy feat_contrast from results/pivot/bio_master.csv (source=gt); CV protocol identical to src/pivot/e1_dose_response.py (5-fold x 3 repeats, seeds 0..2)"
fives,logreg,gaussian_corr,injected,0.4,,4,400,4,0.43747177504952683,0.3897882223191825,2.7963485041651115,0.5992999999999999,-0.10343333333333349,"results/pivot/p2_predictions.csv (skan4 panel, reference-mask biomarkers); sigma = results/gateA_biomarker_scales_train.csv; quality proxy feat_contrast from results/pivot/bio_master.csv (source=gt); CV protocol identical to src/pivot/e1_dose_response.py (5-fold x 3 repeats, seeds 0..2)"
fives,logreg,gaussian_corr,injected,0.4,,5,400,4,0.3963795657765793,0.33831574723156455,2.7963485041651124,0.5971083333333334,-0.10562500000000008,"results/pivot/p2_predictions.csv (skan4 panel, reference-mask biomarkers); sigma = results/gateA_biomarker_scales_train.csv; quality proxy feat_contrast from results/pivot/bio_master.csv (source=gt); CV protocol identical to src/pivot/e1_dose_response.py (5-fold x 3 repeats, seeds 0..2)"
fives,logreg,gaussian_corr,injected,0.4,,6,400,4,0.390255245237023,0.3623390086227678,2.7963485041651124,0.5108166666666667,-0.19191666666666674,"results/pivot/p2_predictions.csv (skan4 panel, reference-mask biomarkers); sigma = results/gateA_biomarker_scales_train.csv; quality proxy feat_contrast from results/pivot/bio_master.csv (source=gt); CV protocol identical to src/pivot/e1_dose_response.py (5-fold x 3 repeats, seeds 0..2)"
fives,logreg,gaussian_corr,injected,0.4,,7,400,4,0.4012634655569166,0.38005820079749747,2.796348504165112,0.5301333333333333,-0.1726000000000001,"results/pivot/p2_predictions.csv (skan4 panel, reference-mask biomarkers); sigma = results/gateA_biomarker_scales_train.csv; quality proxy feat_contrast from results/pivot/bio_master.csv (source=gt); CV protocol identical to src/pivot/e1_dose_response.py (5-fold x 3 repeats, seeds 0..2)"
fives,logreg,gaussian_corr,injected,0.4,,8,400,4,0.39206402157199044,0.33923589783390384,2.7963485041651124,0.5375083333333334,-0.16522500000000007,"results/pivot/p2_predictions.csv (skan4 panel, reference-mask biomarkers); sigma = results/gateA_biomarker_scales_train.csv; quality proxy feat_contrast from results/pivot/bio_master.csv (source=gt); CV protocol identical to src/pivot/e1_dose_response.py (5-fold x 3 repeats, seeds 0..2)"
fives,logreg,gaussian_corr,injected,0.4,,9,400,4,0.42627067675559693,0.3771807990530806,2.7963485041651115,0.5568833333333333,-0.14585000000000015,"results/pivot/p2_predictions.csv (skan4 panel, reference-mask biomarkers); sigma = results/gateA_biomarker_scales_train.csv; quality proxy feat_contrast from results/pivot/bio_master.csv (source=gt); CV protocol identical to src/pivot/e1_dose_response.py (5-fold x 3 repeats, seeds 0..2)"
fives,logreg,resid_bootstrap,injected,0.99,,0,400,4,0.9900336461442227,0.9899675898753448,0.1739013637270311,0.6953833333333334,-0.007350000000000079,"results/pivot/p2_predictions.csv (skan4 panel, reference-mask biomarkers); sigma = results/gateA_biomarker_scales_train.csv; quality proxy feat_contrast from results/pivot/bio_master.csv (source=gt); CV protocol identical to src/pivot/e1_dose_response.py (5-fold x 3 repeats, seeds 0..2)"
fives,logreg,resid_bootstrap,injected,0.99,,1,400,4,0.9900860404716273,0.9899848561471217,0.1739013637270312,0.6952083333333334,-0.007525000000000004,"results/pivot/p2_predictions.csv (skan4 panel, reference-mask biomarkers); sigma = results/gateA_biomarker_scales_train.csv; quality proxy feat_contrast from results/pivot/bio_master.csv (source=gt); CV protocol identical to src/pivot/e1_dose_response.py (5-fold x 3 repeats, seeds 0..2)"
fives,logreg,resid_bootstrap,injected,0.99,,2,400,4,0.9900623110989155,0.9898564499814562,0.17390136372703108,0.6923916666666667,-0.010341666666666693,"results/pivot/p2_predictions.csv (skan4 panel, reference-mask biomarkers); sigma = results/gateA_biomarker_scales_train.csv; quality proxy feat_contrast from results/pivot/bio_master.csv (source=gt); CV protocol identical to src/pivot/e1_dose_response.py (5-fold x 3 repeats, seeds 0..2)"
fives,logreg,resid_bootstrap,injected,0.99,,3,400,4,0.989911090561292,0.9898287491201413,0.17390136372703086,0.6919,-0.010833333333333472,"results/pivot/p2_predictions.csv (skan4 panel, reference-mask biomarkers); sigma = results/gateA_biomarker_scales_train.csv; quality proxy feat_contrast from results/pivot/bio_master.csv (source=gt); CV protocol identical to src/pivot/e1_dose_response.py (5-fold x 3 repeats, seeds 0..2)"
fives,logreg,resid_bootstrap,injected,0.99,,4,400,4,0.9899031615310341,0.9898336174489336,0.1739013637270313,0.6980166666666667,-0.004716666666666702,"results/pivot/p2_predictions.csv (skan4 panel, reference-mask biomarkers); sigma = results/gateA_biomarker_scales_train.csv; quality proxy feat_contrast from results/pivot/bio_master.csv (source=gt); CV protocol identical to src/pivot/e1_dose_response.py (5-fold x 3 repeats, seeds 0..2)"
fives,logreg,resid_bootstrap,injected,0.99,,5,400,4,0.9902245496955513,0.9901413690433402,0.17390136372703105,0.6951,-0.007633333333333381,"results/pivot/p2_predictions.csv (skan4 panel, reference-mask biomarkers); sigma = results/gateA_biomarker_scales_train.csv; quality proxy feat_contrast from results/pivot/bio_master.csv (source=gt); CV protocol identical to src/pivot/e1_dose_response.py (5-fold x 3 repeats, seeds 0..2)"
fives,logreg,resid_bootstrap,injected,0.99,,6,400,4,0.9903310973001465,0.9902361867662368,0.17390136372703127,0.7031083333333333,0.0003749999999999032,"results/pivot/p2_predictions.csv (skan4 panel, reference-mask biomarkers); sigma = results/gateA_biomarker_scales_train.csv; quality proxy feat_contrast from results/pivot/bio_master.csv (source=gt); CV protocol identical to src/pivot/e1_dose_response.py (5-fold x 3 repeats, seeds 0..2)"
fives,logreg,resid_bootstrap,injected,0.99,,7,400,4,0.9899531767014682,0.9898375588117799,0.17390136372703116,0.68875,-0.013983333333333459,"results/pivot/p2_predictions.csv (skan4 panel, reference-mask biomarkers); sigma = results/gateA_biomarker_scales_train.csv; quality proxy feat_contrast from results/pivot/bio_master.csv (source=gt); CV protocol identical to src/pivot/e1_dose_response.py (5-fold x 3 repeats, seeds 0..2)"
fives,logreg,resid_bootstrap,injected,0.99,,8,400,4,0.9901308273598316,0.9898817023917142,0.1739013637270311,0.689325,-0.013408333333333466,"results/pivot/p2_predictions.csv (skan4 panel, reference-mask biomarkers); sigma = results/gateA_biomarker_scales_train.csv; quality proxy feat_contrast from results/pivot/bio_master.csv (source=gt); CV protocol identical to src/pivot/e1_dose_response.py (5-fold x 3 repeats, seeds 0..2)"
fives,logreg,resid_bootstrap,injected,0.99,,9,400,4,0.9900526987223386,0.9900081231364625,0.17390136372703102,0.6932999999999999,-0.009433333333333516,"results/pivot/p2_predictions.csv (skan4 panel, reference-mask biomarkers); sigma = results/gateA_biomarker_scales_train.csv; quality proxy feat_contrast from results/pivot/bio_master.csv (source=gt); CV protocol identical to src/pivot/e1_dose_response.py (5-fold x 3 repeats, seeds 0..2)"
fives,logreg,resid_bootstrap,injected,0.95,,0,400,4,0.9503326704331201,0.9496387156447027,0.40113480585665273,0.6796583333333334,-0.023075000000000068,"results/pivot/p2_predictions.csv (skan4 panel, reference-mask biomarkers); sigma = results/gateA_biomarker_scales_train.csv; quality proxy feat_contrast from results/pivot/bio_master.csv (source=gt); CV protocol identical to src/pivot/e1_dose_response.py (5-fold x 3 repeats, seeds 0..2)"
fives,logreg,resid_bootstrap,injected,0.95,,1,400,4,0.9508508691623224,0.949833721281595,0.40113480585665257,0.6756166666666666,-0.02711666666666679,"results/pivot/p2_predictions.csv (skan4 panel, reference-mask biomarkers); sigma = results/gateA_biomarker_scales_train.csv; quality proxy feat_contrast from results/pivot/bio_master.csv (source=gt); CV protocol identical to src/pivot/e1_dose_response.py (5-fold x 3 repeats, seeds 0..2)"
fives,logreg,resid_bootstrap,injected,0.95,,2,400,4,0.9503860786195427,0.9481498535494961,0.40113480585665273,0.6708333333333333,-0.03190000000000015,"results/pivot/p2_predictions.csv (skan4 panel, reference-mask biomarkers); sigma = results/gateA_biomarker_scales_train.csv; quality proxy feat_contrast from results/pivot/bio_master.csv (source=gt); CV protocol identical to src/pivot/e1_dose_response.py (5-fold x 3 repeats, seeds 0..2)"
fives,logreg,resid_bootstrap,injected,0.95,,3,400,4,0.9488359532732893,0.9476372904518698,0.4011348058566525,0.67315,-0.029583333333333406,"results/pivot/p2_predictions.csv (skan4 panel, reference-mask biomarkers); sigma = results/gateA_biomarker_scales_train.csv; quality proxy feat_contrast from results/pivot/bio_master.csv (source=gt); CV protocol identical to src/pivot/e1_dose_response.py (5-fold x 3 repeats, seeds 0..2)"
fives,logreg,resid_bootstrap,injected,0.95,,4,400,4,0.9487409119694837,0.9477370411542042,0.4011348058566525,0.679,-0.023733333333333384,"results/pivot/p2_predictions.csv (skan4 panel, reference-mask biomarkers); sigma = results/gateA_biomarker_scales_train.csv; quality proxy feat_contrast from results/pivot/bio_master.csv (source=gt); CV protocol identical to src/pivot/e1_dose_response.py (5-fold x 3 repeats, seeds 0..2)"
fives,logreg,resid_bootstrap,injected,0.95,,5,400,4,0.9521303650973705,0.9514025361002741,0.4011348058566524,0.6753166666666667,-0.027416666666666756,"results/pivot/p2_predictions.csv (skan4 panel, reference-mask biomarkers); sigma = results/gateA_biomarker_scales_train.csv; quality proxy feat_contrast from results/pivot/bio_master.csv (source=gt); CV protocol identical to src/pivot/e1_dose_response.py (5-fold x 3 repeats, seeds 0..2)"
fives,logreg,resid_bootstrap,injected,0.95,,6,400,4,0.9530026842437136,0.9522435148444816,0.40113480585665257,0.6921333333333333,-0.010600000000000165,"results/pivot/p2_predictions.csv (skan4 panel, reference-mask biomarkers); sigma = results/gateA_biomarker_scales_train.csv; quality proxy feat_contrast from results/pivot/bio_master.csv (source=gt); CV protocol identical to src/pivot/e1_dose_response.py (5-fold x 3 repeats, seeds 0..2)"
fives,logreg,resid_bootstrap,injected,0.95,,7,400,4,0.9492541074561892,0.9478141001265975,0.4011348058566525,0.6673666666666667,-0.03536666666666677,"results/pivot/p2_predictions.csv (skan4 panel, reference-mask biomarkers); sigma = results/gateA_biomarker_scales_train.csv; quality proxy feat_contrast from results/pivot/bio_master.csv (source=gt); CV protocol identical to src/pivot/e1_dose_response.py (5-fold x 3 repeats, seeds 0..2)"
fives,logreg,resid_bootstrap,injected,0.95,,8,400,4,0.951164615741751,0.9485416622376115,0.40113480585665273,0.6621916666666666,-0.04054166666666681,"results/pivot/p2_predictions.csv (skan4 panel, reference-mask biomarkers); sigma = results/gateA_biomarker_scales_train.csv; quality proxy feat_contrast from results/pivot/bio_master.csv (source=gt); CV protocol identical to src/pivot/e1_dose_response.py (5-fold x 3 repeats, seeds 0..2)"
fives,logreg,resid_bootstrap,injected,0.95,,9,400,4,0.95054023293286,0.9500875389688167,0.4011348058566526,0.6761083333333333,-0.02662500000000012,"results/pivot/p2_predictions.csv (skan4 panel, reference-mask biomarkers); sigma = results/gateA_biomarker_scales_train.csv; quality proxy feat_contrast from results/pivot/bio_master.csv (source=gt); CV protocol identical to src/pivot/e1_dose_response.py (5-fold x 3 repeats, seeds 0..2)"
fives,logreg,resid_bootstrap,injected,0.9,,0,400,4,0.9008802470788704,0.8990095746713571,0.591079551566678,0.669025,-0.03370833333333345,"results/pivot/p2_predictions.csv (skan4 panel, reference-mask biomarkers); sigma = results/gateA_biomarker_scales_train.csv; quality proxy feat_contrast from results/pivot/bio_master.csv (source=gt); CV protocol identical to src/pivot/e1_dose_response.py (5-fold x 3 repeats, seeds 0..2)"
fives,logreg,resid_bootstrap,injected,0.9,,1,400,4,0.9022518843492231,0.8995460805850013,0.5910795515666778,0.6621,-0.04063333333333341,"results/pivot/p2_predictions.csv (skan4 panel, reference-mask biomarkers); sigma = results/gateA_biomarker_scales_train.csv; quality proxy feat_contrast from results/pivot/bio_master.csv (source=gt); CV protocol identical to src/pivot/e1_dose_response.py (5-fold x 3 repeats, seeds 0..2)"
fives,logreg,resid_bootstrap,injected,0.9,,2,400,4,0.9008296434725775,0.8947354795001174,0.5910795515666784,0.6559583333333333,-0.04677500000000012,"results/pivot/p2_predictions.csv (skan4 panel, reference-mask biomarkers); sigma = results/gateA_biomarker_scales_train.csv; quality proxy feat_contrast from results/pivot/bio_master.csv (source=gt); CV protocol identical to src/pivot/e1_dose_response.py (5-fold x 3 repeats, seeds 0..2)"
fives,logreg,resid_bootstrap,injected,0.9,,3,400,4,0.8966751258042185,0.8931712191282056,0.5910795515666777,0.6592,-0.043533333333333424,"results/pivot/p2_predictions.csv (skan4 panel, reference-mask biomarkers); sigma = results/gateA_biomarker_scales_train.csv; quality proxy feat_contrast from results/pivot/bio_master.csv (source=gt); CV protocol identical to src/pivot/e1_dose_response.py (5-fold x 3 repeats, seeds 0..2)"
fives,logreg,resid_bootstrap,injected,0.9,,4,400,4,0.8964095007849052,0.8934803159626847,0.5910795515666779,0.6626916666666667,-0.04004166666666675,"results/pivot/p2_predictions.csv (skan4 panel, reference-mask biomarkers); sigma = results/gateA_biomarker_scales_train.csv; quality proxy feat_contrast from results/pivot/bio_master.csv (source=gt); CV protocol identical to src/pivot/e1_dose_response.py (5-fold x 3 repeats, seeds 0..2)"
fives,logreg,resid_bootstrap,injected,0.9,,5,400,4,0.9055643836923424,0.9037156140812204,0.5910795515666779,0.6624916666666667,-0.04024166666666673,"results/pivot/p2_predictions.csv (skan4 panel, reference-mask biomarkers); sigma = results/gateA_biomarker_scales_train.csv; quality proxy feat_contrast from results/pivot/bio_master.csv (source=gt); CV protocol identical to src/pivot/e1_dose_response.py (5-fold x 3 repeats, seeds 0..2)"
fives,logreg,resid_bootstrap,injected,0.9,,6,400,4,0.9077270310323222,0.9058619966387037,0.5910795515666777,0.6825666666666667,-0.020166666666666777,"results/pivot/p2_predictions.csv (skan4 panel, reference-mask biomarkers); sigma = results/gateA_biomarker_scales_train.csv; quality proxy feat_contrast from results/pivot/bio_master.csv (source=gt); CV protocol identical to src/pivot/e1_dose_response.py (5-fold x 3 repeats, seeds 0..2)"
fives,logreg,resid_bootstrap,injected,0.9,,7,400,4,0.8977846685055749,0.893717478592213,0.5910795515666778,0.651875,-0.05085833333333345,"results/pivot/p2_predictions.csv (skan4 panel, reference-mask biomarkers); sigma = results/gateA_biomarker_scales_train.csv; quality proxy feat_contrast from results/pivot/bio_master.csv (source=gt); CV protocol identical to src/pivot/e1_dose_response.py (5-fold x 3 repeats, seeds 0..2)"
fives,logreg,resid_bootstrap,injected,0.9,,8,400,4,0.9029741928962444,0.8958950294491106,0.5910795515666777,0.6441083333333334,-0.05862500000000004,"results/pivot/p2_predictions.csv (skan4 panel, reference-mask biomarkers); sigma = results/gateA_biomarker_scales_train.csv; quality proxy feat_contrast from results/pivot/bio_master.csv (source=gt); CV protocol identical to src/pivot/e1_dose_response.py (5-fold x 3 repeats, seeds 0..2)"
fives,logreg,resid_bootstrap,injected,0.9,,9,400,4,0.9014456224478176,0.9002377060902341,0.5910795515666779,0.660625,-0.042108333333333414,"results/pivot/p2_predictions.csv (skan4 panel, reference-mask biomarkers); sigma = results/gateA_biomarker_scales_train.csv; quality proxy feat_contrast from results/pivot/bio_master.csv (source=gt); CV protocol identical to src/pivot/e1_dose_response.py (5-fold x 3 repeats, seeds 0..2)"
fives,logreg,resid_bootstrap,injected,0.8,,0,400,4,0.8022454816806556,0.7974012122272077,0.9153199064152262,0.6549333333333334,-0.047800000000000065,"results/pivot/p2_predictions.csv (skan4 panel, reference-mask biomarkers); sigma = results/gateA_biomarker_scales_train.csv; quality proxy feat_contrast from results/pivot/bio_master.csv (source=gt); CV protocol identical to src/pivot/e1_dose_response.py (5-fold x 3 repeats, seeds 0..2)"
fives,logreg,resid_bootstrap,injected,0.8,,1,400,4,0.8057462331605174,0.7988128798578803,0.9153199064152256,0.6455666666666666,-0.05716666666666681,"results/pivot/p2_predictions.csv (skan4 panel, reference-mask biomarkers); sigma = results/gateA_biomarker_scales_train.csv; quality proxy feat_contrast from results/pivot/bio_master.csv (source=gt); CV protocol identical to src/pivot/e1_dose_response.py (5-fold x 3 repeats, seeds 0..2)"
fives,logreg,resid_bootstrap,injected,0.8,,2,400,4,0.8017182631063569,0.7857843409406369,0.9153199064152262,0.6361916666666667,-0.06654166666666672,"results/pivot/p2_predictions.csv (skan4 panel, reference-mask biomarkers); sigma = results/gateA_biomarker_scales_train.csv; quality proxy feat_contrast from results/pivot/bio_master.csv (source=gt); CV protocol identical to src/pivot/e1_dose_response.py (5-fold x 3 repeats, seeds 0..2)"
fives,logreg,resid_bootstrap,injected,0.8,,3,400,4,0.7909951949039522,0.781342281650887,0.9153199064152259,0.6385166666666666,-0.06421666666666681,"results/pivot/p2_predictions.csv (skan4 panel, reference-mask biomarkers); sigma = results/gateA_biomarker_scales_train.csv; quality proxy feat_contrast from results/pivot/bio_master.csv (source=gt); CV protocol identical to src/pivot/e1_dose_response.py (5-fold x 3 repeats, seeds 0..2)"
fives,logreg,resid_bootstrap,injected,0.8,,4,400,4,0.7902877320739019,0.7822292516014077,0.9153199064152259,0.640625,-0.06210833333333343,"results/pivot/p2_predictions.csv (skan4 panel, reference-mask biomarkers); sigma = results/gateA_biomarker_scales_train.csv; quality proxy feat_contrast from results/pivot/bio_master.csv (source=gt); CV protocol identical to src/pivot/e1_dose_response.py (5-fold x 3 repeats, seeds 0..2)"
fives,logreg,resid_bootstrap,injected,0.8,,5,400,4,0.8140492468227468,0.8094888458933016,0.915319906415226,0.645275,-0.05745833333333339,"results/pivot/p2_predictions.csv (skan4 panel, reference-mask biomarkers); sigma = results/gateA_biomarker_scales_train.csv; quality proxy feat_contrast from results/pivot/bio_master.csv (source=gt); CV protocol identical to src/pivot/e1_dose_response.py (5-fold x 3 repeats, seeds 0..2)"
fives,logreg,resid_bootstrap,injected,0.8,,6,400,4,0.8192759862016489,0.814804398203111,0.915319906415226,0.667875,-0.034858333333333436,"results/pivot/p2_predictions.csv (skan4 panel, reference-mask biomarkers); sigma = results/gateA_biomarker_scales_train.csv; quality proxy feat_contrast from results/pivot/bio_master.csv (source=gt); CV protocol identical to src/pivot/e1_dose_response.py (5-fold x 3 repeats, seeds 0..2)"
fives,logreg,resid_bootstrap,injected,0.8,,7,400,4,0.7938353292792604,0.7829066416278605,0.9153199064152259,0.6295166666666667,-0.07321666666666671,"results/pivot/p2_predictions.csv (skan4 panel, reference-mask biomarkers); sigma = results/gateA_biomarker_scales_train.csv; quality proxy feat_contrast from results/pivot/bio_master.csv (source=gt); CV protocol identical to src/pivot/e1_dose_response.py (5-fold x 3 repeats, seeds 0..2)"
fives,logreg,resid_bootstrap,injected,0.8,,8,400,4,0.8073648496610114,0.7890064591430083,0.9153199064152258,0.6239833333333333,-0.0787500000000001,"results/pivot/p2_predictions.csv (skan4 panel, reference-mask biomarkers); sigma = results/gateA_biomarker_scales_train.csv; quality proxy feat_contrast from results/pivot/bio_master.csv (source=gt); CV protocol identical to src/pivot/e1_dose_response.py (5-fold x 3 repeats, seeds 0..2)"
fives,logreg,resid_bootstrap,injected,0.8,,9,400,4,0.8037215597170967,0.8006190792486573,0.9153199064152258,0.6369,-0.06583333333333341,"results/pivot/p2_predictions.csv (skan4 panel, reference-mask biomarkers); sigma = results/gateA_biomarker_scales_train.csv; quality proxy feat_contrast from results/pivot/bio_master.csv (source=gt); CV protocol identical to src/pivot/e1_dose_response.py (5-fold x 3 repeats, seeds 0..2)"
fives,logreg,resid_bootstrap,injected,0.7,,0,400,4,0.7037512884348022,0.6956070042454585,1.2450841144542621,0.6444166666666666,-0.058316666666666794,"results/pivot/p2_predictions.csv (skan4 panel, reference-mask biomarkers); sigma = results/gateA_biomarker_scales_train.csv; quality proxy feat_contrast from results/pivot/bio_master.csv (source=gt); CV protocol identical to src/pivot/e1_dose_response.py (5-fold x 3 repeats, seeds 0..2)"
fives,logreg,resid_bootstrap,injected,0.7,,1,400,4,0.7096012440668911,0.697996031334537,1.2450841144542621,0.6311166666666667,-0.07161666666666677,"results/pivot/p2_predictions.csv (skan4 panel, reference-mask biomarkers); sigma = results/gateA_biomarker_scales_train.csv; quality proxy feat_contrast from results/pivot/bio_master.csv (source=gt); CV protocol identical to src/pivot/e1_dose_response.py (5-fold x 3 repeats, seeds 0..2)"
fives,logreg,resid_bootstrap,injected,0.7,,2,400,4,0.7025887890122053,0.6756846854617816,1.2450841144542621,0.6191916666666667,-0.08354166666666674,"results/pivot/p2_predictions.csv (skan4 panel, reference-mask biomarkers); sigma = results/gateA_biomarker_scales_train.csv; quality proxy feat_contrast from results/pivot/bio_master.csv (source=gt); CV protocol identical to src/pivot/e1_dose_response.py (5-fold x 3 repeats, seeds 0..2)"
fives,logreg,resid_bootstrap,injected,0.7,,3,400,4,0.6845785024616482,0.6679335133753079,1.245084114454262,0.62175,-0.08098333333333341,"results/pivot/p2_predictions.csv (skan4 panel, reference-mask biomarkers); sigma = results/gateA_biomarker_scales_train.csv; quality proxy feat_contrast from results/pivot/bio_master.csv (source=gt); CV protocol identical to src/pivot/e1_dose_response.py (5-fold x 3 repeats, seeds 0..2)"
fives,logreg,resid_bootstrap,injected,0.7,,4,400,4,0.6833752339519464,0.6694875199028149,1.245084114454262,0.6224916666666667,-0.08024166666666677,"results/pivot/p2_predictions.csv (skan4 panel, reference-mask biomarkers); sigma = results/gateA_biomarker_scales_train.csv; quality proxy feat_contrast from results/pivot/bio_master.csv (source=gt); CV protocol identical to src/pivot/e1_dose_response.py (5-fold x 3 repeats, seeds 0..2)"
fives,logreg,resid_bootstrap,injected,0.7,,5,400,4,0.7233704576821387,0.7158599556352405,1.2450841144542621,0.6297583333333333,-0.07297500000000012,"results/pivot/p2_predictions.csv (skan4 panel, reference-mask biomarkers); sigma = results/gateA_biomarker_scales_train.csv; quality proxy feat_contrast from results/pivot/bio_master.csv (source=gt); CV protocol identical to src/pivot/e1_dose_response.py (5-fold x 3 repeats, seeds 0..2)"
fives,logreg,resid_bootstrap,injected,0.7,,6,400,4,0.7319028376234871,0.7246289771946267,1.2450841144542621,0.6554749999999999,-0.04725833333333351,"results/pivot/p2_predictions.csv (skan4 panel, reference-mask biomarkers); sigma = results/gateA_biomarker_scales_train.csv; quality proxy feat_contrast from results/pivot/bio_master.csv (source=gt); CV protocol identical to src/pivot/e1_dose_response.py (5-fold x 3 repeats, seeds 0..2)"
fives,logreg,resid_bootstrap,injected,0.7,,7,400,4,0.6893318590836585,0.6706721936790084,1.2450841144542617,0.6126166666666667,-0.09011666666666673,"results/pivot/p2_predictions.csv (skan4 panel, reference-mask biomarkers); sigma = results/gateA_biomarker_scales_train.csv; quality proxy feat_contrast from results/pivot/bio_master.csv (source=gt); CV protocol identical to src/pivot/e1_dose_response.py (5-fold x 3 repeats, seeds 0..2)"
fives,logreg,resid_bootstrap,injected,0.7,,8,400,4,0.7121467432701951,0.6812593223726723,1.245084114454262,0.607,-0.09573333333333345,"results/pivot/p2_predictions.csv (skan4 panel, reference-mask biomarkers); sigma = results/gateA_biomarker_scales_train.csv; quality proxy feat_contrast from results/pivot/bio_master.csv (source=gt); CV protocol identical to src/pivot/e1_dose_response.py (5-fold x 3 repeats, seeds 0..2)"
fives,logreg,resid_bootstrap,injected,0.7,,9,400,4,0.7062412858527001,0.701043257165845,1.2450841144542621,0.6166416666666668,-0.08609166666666668,"results/pivot/p2_predictions.csv (skan4 panel, reference-mask biomarkers); sigma = results/gateA_biomarker_scales_train.csv; quality proxy feat_contrast from results/pivot/bio_master.csv (source=gt); CV protocol identical to src/pivot/e1_dose_response.py (5-fold x 3 repeats, seeds 0..2)"
fives,logreg,resid_bootstrap,injected,0.6,,0,400,4,0.605253142390514,0.5938180690509612,1.627235389182624,0.6342083333333333,-0.06852500000000017,"results/pivot/p2_predictions.csv (skan4 panel, reference-mask biomarkers); sigma = results/gateA_biomarker_scales_train.csv; quality proxy feat_contrast from results/pivot/bio_master.csv (source=gt); CV protocol identical to src/pivot/e1_dose_response.py (5-fold x 3 repeats, seeds 0..2)"
fives,logreg,resid_bootstrap,injected,0.6,,1,400,4,0.6134461088162559,0.5971815536733504,1.6272353891826241,0.6182,-0.08453333333333346,"results/pivot/p2_predictions.csv (skan4 panel, reference-mask biomarkers); sigma = results/gateA_biomarker_scales_train.csv; quality proxy feat_contrast from results/pivot/bio_master.csv (source=gt); CV protocol identical to src/pivot/e1_dose_response.py (5-fold x 3 repeats, seeds 0..2)"
fives,logreg,resid_bootstrap,injected,0.6,,2,400,4,0.6034600662945899,0.5656179008129256,1.6272353891826234,0.60305,-0.09968333333333346,"results/pivot/p2_predictions.csv (skan4 panel, reference-mask biomarkers); sigma = results/gateA_biomarker_scales_train.csv; quality proxy feat_contrast from results/pivot/bio_master.csv (source=gt); CV protocol identical to src/pivot/e1_dose_response.py (5-fold x 3 repeats, seeds 0..2)"
fives,logreg,resid_bootstrap,injected,0.6,,3,400,4,0.5781829196721904,0.5545701215582941,1.627235389182624,0.6061666666666666,-0.0965666666666668,"results/pivot/p2_predictions.csv (skan4 panel, reference-mask biomarkers); sigma = results/gateA_biomarker_scales_train.csv; quality proxy feat_contrast from results/pivot/bio_master.csv (source=gt); CV protocol identical to src/pivot/e1_dose_response.py (5-fold x 3 repeats, seeds 0..2)"
fives,logreg,resid_bootstrap,injected,0.6,,4,400,4,0.5764853834198316,0.5567885727768941,1.6272353891826241,0.605,-0.09773333333333345,"results/pivot/p2_predictions.csv (skan4 panel, reference-mask biomarkers); sigma = results/gateA_biomarker_scales_train.csv; quality proxy feat_contrast from results/pivot/bio_master.csv (source=gt); CV protocol identical to src/pivot/e1_dose_response.py (5-fold x 3 repeats, seeds 0..2)"
fives,logreg,resid_bootstrap,injected,0.6,,5,400,4,0.6326682144627324,0.6222142419537487,1.6272353891826232,0.6153666666666666,-0.08736666666666681,"results/pivot/p2_predictions.csv (skan4 panel, reference-mask biomarkers); sigma = results/gateA_biomarker_scales_train.csv; quality proxy feat_contrast from results/pivot/bio_master.csv (source=gt); CV protocol identical to src/pivot/e1_dose_response.py (5-fold x 3 repeats, seeds 0..2)"
fives,logreg,resid_bootstrap,injected,0.6,,6,400,4,0.6444995664121689,0.6344288172397583,1.6272353891826241,0.6424083333333335,-0.06032499999999996,"results/pivot/p2_predictions.csv (skan4 panel, reference-mask biomarkers); sigma = results/gateA_biomarker_scales_train.csv; quality proxy feat_contrast from results/pivot/bio_master.csv (source=gt); CV protocol identical to src/pivot/e1_dose_response.py (5-fold x 3 repeats, seeds 0..2)"
fives,logreg,resid_bootstrap,injected,0.6,,7,400,4,0.5848443400348877,0.5584785833037061,1.627235389182624,0.5967250000000001,-0.10600833333333337,"results/pivot/p2_predictions.csv (skan4 panel, reference-mask biomarkers); sigma = results/gateA_biomarker_scales_train.csv; quality proxy feat_contrast from results/pivot/bio_master.csv (source=gt); CV protocol identical to src/pivot/e1_dose_response.py (5-fold x 3 repeats, seeds 0..2)"
fives,logreg,resid_bootstrap,injected,0.6,,8,400,4,0.6169177675574091,0.573536696598899,1.6272353891826237,0.589175,-0.11355833333333343,"results/pivot/p2_predictions.csv (skan4 panel, reference-mask biomarkers); sigma = results/gateA_biomarker_scales_train.csv; quality proxy feat_contrast from results/pivot/bio_master.csv (source=gt); CV protocol identical to src/pivot/e1_dose_response.py (5-fold x 3 repeats, seeds 0..2)"
fives,logreg,resid_bootstrap,injected,0.6,,9,400,4,0.608754135110979,0.6014662233900203,1.6272353891826241,0.5956416666666666,-0.10709166666666681,"results/pivot/p2_predictions.csv (skan4 panel, reference-mask biomarkers); sigma = results/gateA_biomarker_scales_train.csv; quality proxy feat_contrast from results/pivot/bio_master.csv (source=gt); CV protocol identical to src/pivot/e1_dose_response.py (5-fold x 3 repeats, seeds 0..2)"
fives,logreg,resid_bootstrap,injected,0.5,,0,400,4,0.5066592051651766,0.4921561616877872,2.1138407774538157,0.6224416666666667,-0.08029166666666676,"results/pivot/p2_predictions.csv (skan4 panel, reference-mask biomarkers); sigma = results/gateA_biomarker_scales_train.csv; quality proxy feat_contrast from results/pivot/bio_master.csv (source=gt); CV protocol identical to src/pivot/e1_dose_response.py (5-fold x 3 repeats, seeds 0..2)"
fives,logreg,resid_bootstrap,injected,0.5,,1,400,4,0.5170451684329107,0.4964242308687996,2.113840777453815,0.6054416666666667,-0.09729166666666678,"results/pivot/p2_predictions.csv (skan4 panel, reference-mask biomarkers); sigma = results/gateA_biomarker_scales_train.csv; quality proxy feat_contrast from results/pivot/bio_master.csv (source=gt); CV protocol identical to src/pivot/e1_dose_response.py (5-fold x 3 repeats, seeds 0..2)"
fives,logreg,resid_bootstrap,injected,0.5,,2,400,4,0.5043456696188477,0.4563384571727572,2.1138407774538153,0.5844833333333332,-0.11825000000000019,"results/pivot/p2_predictions.csv (skan4 panel, reference-mask biomarkers); sigma = results/gateA_biomarker_scales_train.csv; quality proxy feat_contrast from results/pivot/bio_master.csv (source=gt); CV protocol identical to src/pivot/e1_dose_response.py (5-fold x 3 repeats, seeds 0..2)"
fives,logreg,resid_bootstrap,injected,0.5,,3,400,4,0.47229259413906516,0.44229104456963303,2.113840777453815,0.5894666666666667,-0.11326666666666674,"results/pivot/p2_predictions.csv (skan4 panel, reference-mask biomarkers); sigma = results/gateA_biomarker_scales_train.csv; quality proxy feat_contrast from results/pivot/bio_master.csv (source=gt); CV protocol identical to src/pivot/e1_dose_response.py (5-fold x 3 repeats, seeds 0..2)"
fives,logreg,resid_bootstrap,injected,0.5,,4,400,4,0.47013773313210894,0.4451124956085132,2.113840777453815,0.58555,-0.11718333333333342,"results/pivot/p2_predictions.csv (skan4 panel, reference-mask biomarkers); sigma = results/gateA_biomarker_scales_train.csv; quality proxy feat_contrast from results/pivot/bio_master.csv (source=gt); CV protocol identical to src/pivot/e1_dose_response.py (5-fold x 3 repeats, seeds 0..2)"
fives,logreg,resid_bootstrap,injected,0.5,,5,400,4,0.541396584370052,0.5281610189983903,2.1138407774538144,0.5988416666666666,-0.10389166666666683,"results/pivot/p2_predictions.csv (skan4 panel, reference-mask biomarkers); sigma = results/gateA_biomarker_scales_train.csv; quality proxy feat_contrast from results/pivot/bio_master.csv (source=gt); CV protocol identical to src/pivot/e1_dose_response.py (5-fold x 3 repeats, seeds 0..2)"
fives,logreg,resid_bootstrap,injected,0.5,,6,400,4,0.5563633434568374,0.5436280716154168,2.1138407774538157,0.6260833333333333,-0.0766500000000001,"results/pivot/p2_predictions.csv (skan4 panel, reference-mask biomarkers); sigma = results/gateA_biomarker_scales_train.csv; quality proxy feat_contrast from results/pivot/bio_master.csv (source=gt); CV protocol identical to src/pivot/e1_dose_response.py (5-fold x 3 repeats, seeds 0..2)"
fives,logreg,resid_bootstrap,injected,0.5,,7,400,4,0.4807374451221798,0.447261650498463,2.113840777453815,0.5803749999999999,-0.12235833333333357,"results/pivot/p2_predictions.csv (skan4 panel, reference-mask biomarkers); sigma = results/gateA_biomarker_scales_train.csv; quality proxy feat_contrast from results/pivot/bio_master.csv (source=gt); CV protocol identical to src/pivot/e1_dose_response.py (5-fold x 3 repeats, seeds 0..2)"
fives,logreg,resid_bootstrap,injected,0.5,,8,400,4,0.5214232765310369,0.466402146984839,2.113840777453815,0.5676583333333334,-0.13507500000000006,"results/pivot/p2_predictions.csv (skan4 panel, reference-mask biomarkers); sigma = results/gateA_biomarker_scales_train.csv; quality proxy feat_contrast from results/pivot/bio_master.csv (source=gt); CV protocol identical to src/pivot/e1_dose_response.py (5-fold x 3 repeats, seeds 0..2)"
fives,logreg,resid_bootstrap,injected,0.5,,9,400,4,0.5111006790589688,0.5018599545971735,2.113840777453815,0.5753583333333334,-0.12737500000000002,"results/pivot/p2_predictions.csv (skan4 panel, reference-mask biomarkers); sigma = results/gateA_biomarker_scales_train.csv; quality proxy feat_contrast from results/pivot/bio_master.csv (source=gt); CV protocol identical to src/pivot/e1_dose_response.py (5-fold x 3 repeats, seeds 0..2)"
fives,logreg,resid_bootstrap,injected,0.4,,0,400,4,0.4079034331968617,0.39070602795519443,2.796348504165112,0.6076416666666666,-0.0950916666666668,"results/pivot/p2_predictions.csv (skan4 panel, reference-mask biomarkers); sigma = results/gateA_biomarker_scales_train.csv; quality proxy feat_contrast from results/pivot/bio_master.csv (source=gt); CV protocol identical to src/pivot/e1_dose_response.py (5-fold x 3 repeats, seeds 0..2)"
fives,logreg,resid_bootstrap,injected,0.4,,1,400,4,0.42022921636386956,0.39576233607116185,2.7963485041651115,0.59135,-0.11138333333333339,"results/pivot/p2_predictions.csv (skan4 panel, reference-mask biomarkers); sigma = results/gateA_biomarker_scales_train.csv; quality proxy feat_contrast from results/pivot/bio_master.csv (source=gt); CV protocol identical to src/pivot/e1_dose_response.py (5-fold x 3 repeats, seeds 0..2)"
fives,logreg,resid_bootstrap,injected,0.4,,2,400,4,0.40524080003015955,0.3483547205104094,2.7963485041651124,0.5608333333333333,-0.14190000000000014,"results/pivot/p2_predictions.csv (skan4 panel, reference-mask biomarkers); sigma = results/gateA_biomarker_scales_train.csv; quality proxy feat_contrast from results/pivot/bio_master.csv (source=gt); CV protocol identical to src/pivot/e1_dose_response.py (5-fold x 3 repeats, seeds 0..2)"
fives,logreg,resid_bootstrap,injected,0.4,,3,400,4,0.36723240748837044,0.3317869861361052,2.796348504165113,0.5690166666666667,-0.1337166666666667,"results/pivot/p2_predictions.csv (skan4 panel, reference-mask biomarkers); sigma = results/gateA_biomarker_scales_train.csv; quality proxy feat_contrast from results/pivot/bio_master.csv (source=gt); CV protocol identical to src/pivot/e1_dose_response.py (5-fold x 3 repeats, seeds 0..2)"
fives,logreg,resid_bootstrap,injected,0.4,,4,400,4,0.36468140692445933,0.33511264717315575,2.7963485041651124,0.5621,-0.1406333333333334,"results/pivot/p2_predictions.csv (skan4 panel, reference-mask biomarkers); sigma = results/gateA_biomarker_scales_train.csv; quality proxy feat_contrast from results/pivot/bio_master.csv (source=gt); CV protocol identical to src/pivot/e1_dose_response.py (5-fold x 3 repeats, seeds 0..2)"
fives,logreg,resid_bootstrap,injected,0.4,,5,400,4,0.4491590708270605,0.43342000551576687,2.7963485041651124,0.5798666666666666,-0.12286666666666679,"results/pivot/p2_predictions.csv (skan4 panel, reference-mask biomarkers); sigma = results/gateA_biomarker_scales_train.csv; quality proxy feat_contrast from results/pivot/bio_master.csv (source=gt); CV protocol identical to src/pivot/e1_dose_response.py (5-fold x 3 repeats, seeds 0..2)"
fives,logreg,resid_bootstrap,injected,0.4,,6,400,4,0.46697725384705335,0.45180850413802054,2.7963485041651124,0.6078,-0.09493333333333343,"results/pivot/p2_predictions.csv (skan4 panel, reference-mask biomarkers); sigma = results/gateA_biomarker_scales_train.csv; quality proxy feat_contrast from results/pivot/bio_master.csv (source=gt); CV protocol identical to src/pivot/e1_dose_response.py (5-fold x 3 repeats, seeds 0..2)"
fives,logreg,resid_bootstrap,injected,0.4,,7,400,4,0.3772514482593897,0.3376465503686069,2.796348504165112,0.5604166666666667,-0.14231666666666676,"results/pivot/p2_predictions.csv (skan4 panel, reference-mask biomarkers); sigma = results/gateA_biomarker_scales_train.csv; quality proxy feat_contrast from results/pivot/bio_master.csv (source=gt); CV protocol identical to src/pivot/e1_dose_response.py (5-fold x 3 repeats, seeds 0..2)"
fives,logreg,resid_bootstrap,injected,0.4,,8,400,4,0.42547220542209546,0.36023898262840115,2.7963485041651133,0.54165,-0.16108333333333347,"results/pivot/p2_predictions.csv (skan4 panel, reference-mask biomarkers); sigma = results/gateA_biomarker_scales_train.csv; quality proxy feat_contrast from results/pivot/bio_master.csv (source=gt); CV protocol identical to src/pivot/e1_dose_response.py (5-fold x 3 repeats, seeds 0..2)"
fives,logreg,resid_bootstrap,injected,0.4,,9,400,4,0.41316756878866734,0.40220478148738503,2.7963485041651115,0.55275,-0.14998333333333347,"results/pivot/p2_predictions.csv (skan4 panel, reference-mask biomarkers); sigma = results/gateA_biomarker_scales_train.csv; quality proxy feat_contrast from results/pivot/bio_master.csv (source=gt); CV protocol identical to src/pivot/e1_dose_response.py (5-fold x 3 repeats, seeds 0..2)"
fives,logreg,hetero_reference,injected,0.99,,0,400,4,0.990207623616032,0.9901148323703137,0.1739013637270309,0.6875083333333334,-0.015225000000000044,"results/pivot/p2_predictions.csv (skan4 panel, reference-mask biomarkers); sigma = results/gateA_biomarker_scales_train.csv; quality proxy feat_contrast from results/pivot/bio_master.csv (source=gt); CV protocol identical to src/pivot/e1_dose_response.py (5-fold x 3 repeats, seeds 0..2)"
fives,logreg,hetero_reference,injected,0.99,,1,400,4,0.9899515546445139,0.9898748439636489,0.17390136372703108,0.7022833333333334,-0.00045000000000006146,"results/pivot/p2_predictions.csv (skan4 panel, reference-mask biomarkers); sigma = results/gateA_biomarker_scales_train.csv; quality proxy feat_contrast from results/pivot/bio_master.csv (source=gt); CV protocol identical to src/pivot/e1_dose_response.py (5-fold x 3 repeats, seeds 0..2)"
fives,logreg,hetero_reference,injected,0.99,,2,400,4,0.9900804493542318,0.9898726107013012,0.1739013637270311,0.6978333333333333,-0.0049000000000001265,"results/pivot/p2_predictions.csv (skan4 panel, reference-mask biomarkers); sigma = results/gateA_biomarker_scales_train.csv; quality proxy feat_contrast from results/pivot/bio_master.csv (source=gt); CV protocol identical to src/pivot/e1_dose_response.py (5-fold x 3 repeats, seeds 0..2)"
fives,logreg,hetero_reference,injected,0.99,,3,400,4,0.9902441985307092,0.9899057438915856,0.17390136372703108,0.695325,-0.007408333333333461,"results/pivot/p2_predictions.csv (skan4 panel, reference-mask biomarkers); sigma = results/gateA_biomarker_scales_train.csv; quality proxy feat_contrast from results/pivot/bio_master.csv (source=gt); CV protocol identical to src/pivot/e1_dose_response.py (5-fold x 3 repeats, seeds 0..2)"
fives,logreg,hetero_reference,injected,0.99,,4,400,4,0.9902832873650977,0.9900041022808241,0.17390136372703108,0.6987833333333333,-0.00395000000000012,"results/pivot/p2_predictions.csv (skan4 panel, reference-mask biomarkers); sigma = results/gateA_biomarker_scales_train.csv; quality proxy feat_contrast from results/pivot/bio_master.csv (source=gt); CV protocol identical to src/pivot/e1_dose_response.py (5-fold x 3 repeats, seeds 0..2)"
fives,logreg,hetero_reference,injected,0.99,,5,400,4,0.9900301313951542,0.9898281453022971,0.17390136372703108,0.699525,-0.0032083333333334796,"results/pivot/p2_predictions.csv (skan4 panel, reference-mask biomarkers); sigma = results/gateA_biomarker_scales_train.csv; quality proxy feat_contrast from results/pivot/bio_master.csv (source=gt); CV protocol identical to src/pivot/e1_dose_response.py (5-fold x 3 repeats, seeds 0..2)"
fives,logreg,hetero_reference,injected,0.99,,6,400,4,0.9900303151355455,0.9899739383736577,0.17390136372703097,0.6880583333333333,-0.014675000000000105,"results/pivot/p2_predictions.csv (skan4 panel, reference-mask biomarkers); sigma = results/gateA_biomarker_scales_train.csv; quality proxy feat_contrast from results/pivot/bio_master.csv (source=gt); CV protocol identical to src/pivot/e1_dose_response.py (5-fold x 3 repeats, seeds 0..2)"
fives,logreg,hetero_reference,injected,0.99,,7,400,4,0.9900312663331998,0.98991230380706,0.17390136372703124,0.6846666666666666,-0.018066666666666786,"results/pivot/p2_predictions.csv (skan4 panel, reference-mask biomarkers); sigma = results/gateA_biomarker_scales_train.csv; quality proxy feat_contrast from results/pivot/bio_master.csv (source=gt); CV protocol identical to src/pivot/e1_dose_response.py (5-fold x 3 repeats, seeds 0..2)"
fives,logreg,hetero_reference,injected,0.99,,8,400,4,0.9899116110217862,0.9898102518960888,0.17390136372703113,0.679525,-0.023208333333333386,"results/pivot/p2_predictions.csv (skan4 panel, reference-mask biomarkers); sigma = results/gateA_biomarker_scales_train.csv; quality proxy feat_contrast from results/pivot/bio_master.csv (source=gt); CV protocol identical to src/pivot/e1_dose_response.py (5-fold x 3 repeats, seeds 0..2)"
fives,logreg,hetero_reference,injected,0.99,,9,400,4,0.9901776418498772,0.9900466376002747,0.1739013637270311,0.68895,-0.01378333333333348,"results/pivot/p2_predictions.csv (skan4 panel, reference-mask biomarkers); sigma = results/gateA_biomarker_scales_train.csv; quality proxy feat_contrast from results/pivot/bio_master.csv (source=gt); CV protocol identical to src/pivot/e1_dose_response.py (5-fold x 3 repeats, seeds 0..2)"
fives,logreg,hetero_reference,injected,0.95,,0,400,4,0.9519705278657513,0.9511553358515027,0.4011348058566524,0.6582250000000001,-0.04450833333333337,"results/pivot/p2_predictions.csv (skan4 panel, reference-mask biomarkers); sigma = results/gateA_biomarker_scales_train.csv; quality proxy feat_contrast from results/pivot/bio_master.csv (source=gt); CV protocol identical to src/pivot/e1_dose_response.py (5-fold x 3 repeats, seeds 0..2)"
fives,logreg,hetero_reference,injected,0.95,,1,400,4,0.9493646850147646,0.9484400342146524,0.40113480585665245,0.6850750000000001,-0.01765833333333333,"results/pivot/p2_predictions.csv (skan4 panel, reference-mask biomarkers); sigma = results/gateA_biomarker_scales_train.csv; quality proxy feat_contrast from results/pivot/bio_master.csv (source=gt); CV protocol identical to src/pivot/e1_dose_response.py (5-fold x 3 repeats, seeds 0..2)"
fives,logreg,hetero_reference,injected,0.95,,2,400,4,0.9506251550052146,0.9484062529072808,0.4011348058566525,0.683975,-0.018758333333333432,"results/pivot/p2_predictions.csv (skan4 panel, reference-mask biomarkers); sigma = results/gateA_biomarker_scales_train.csv; quality proxy feat_contrast from results/pivot/bio_master.csv (source=gt); CV protocol identical to src/pivot/e1_dose_response.py (5-fold x 3 repeats, seeds 0..2)"
fives,logreg,hetero_reference,injected,0.95,,3,400,4,0.9521026237062888,0.9488769058872811,0.4011348058566525,0.6846,-0.018133333333333446,"results/pivot/p2_predictions.csv (skan4 panel, reference-mask biomarkers); sigma = results/gateA_biomarker_scales_train.csv; quality proxy feat_contrast from results/pivot/bio_master.csv (source=gt); CV protocol identical to src/pivot/e1_dose_response.py (5-fold x 3 repeats, seeds 0..2)"
fives,logreg,hetero_reference,injected,0.95,,4,400,4,0.9524952292831274,0.9500443458679656,0.4011348058566526,0.6869833333333334,-0.015750000000000042,"results/pivot/p2_predictions.csv (skan4 panel, reference-mask biomarkers); sigma = results/gateA_biomarker_scales_train.csv; quality proxy feat_contrast from results/pivot/bio_master.csv (source=gt); CV protocol identical to src/pivot/e1_dose_response.py (5-fold x 3 repeats, seeds 0..2)"
fives,logreg,hetero_reference,injected,0.95,,5,400,4,0.9501327468621367,0.9476245180816997,0.4011348058566527,0.6813916666666666,-0.021341666666666814,"results/pivot/p2_predictions.csv (skan4 panel, reference-mask biomarkers); sigma = results/gateA_biomarker_scales_train.csv; quality proxy feat_contrast from results/pivot/bio_master.csv (source=gt); CV protocol identical to src/pivot/e1_dose_response.py (5-fold x 3 repeats, seeds 0..2)"
fives,logreg,hetero_reference,injected,0.95,,6,400,4,0.9503037122311058,0.949711134470777,0.4011348058566527,0.6606916666666667,-0.042041666666666755,"results/pivot/p2_predictions.csv (skan4 panel, reference-mask biomarkers); sigma = results/gateA_biomarker_scales_train.csv; quality proxy feat_contrast from results/pivot/bio_master.csv (source=gt); CV protocol identical to src/pivot/e1_dose_response.py (5-fold x 3 repeats, seeds 0..2)"
fives,logreg,hetero_reference,injected,0.95,,7,400,4,0.9502596552997882,0.9489636917544707,0.40113480585665257,0.6552416666666667,-0.04749166666666671,"results/pivot/p2_predictions.csv (skan4 panel, reference-mask biomarkers); sigma = results/gateA_biomarker_scales_train.csv; quality proxy feat_contrast from results/pivot/bio_master.csv (source=gt); CV protocol identical to src/pivot/e1_dose_response.py (5-fold x 3 repeats, seeds 0..2)"
fives,logreg,hetero_reference,injected,0.95,,8,400,4,0.9488214364579408,0.9471836887385372,0.4011348058566523,0.6478416666666666,-0.05489166666666678,"results/pivot/p2_predictions.csv (skan4 panel, reference-mask biomarkers); sigma = results/gateA_biomarker_scales_train.csv; quality proxy feat_contrast from results/pivot/bio_master.csv (source=gt); CV protocol identical to src/pivot/e1_dose_response.py (5-fold x 3 repeats, seeds 0..2)"
fives,logreg,hetero_reference,injected,0.95,,9,400,4,0.9516744744064054,0.9504889285164252,0.4011348058566524,0.66195,-0.040783333333333394,"results/pivot/p2_predictions.csv (skan4 panel, reference-mask biomarkers); sigma = results/gateA_biomarker_scales_train.csv; quality proxy feat_contrast from results/pivot/bio_master.csv (source=gt); CV protocol identical to src/pivot/e1_dose_response.py (5-fold x 3 repeats, seeds 0..2)"
fives,logreg,hetero_reference,injected,0.9,,0,400,4,0.9051478440356359,0.9030740001682396,0.591079551566678,0.640075,-0.06265833333333348,"results/pivot/p2_predictions.csv (skan4 panel, reference-mask biomarkers); sigma = results/gateA_biomarker_scales_train.csv; quality proxy feat_contrast from results/pivot/bio_master.csv (source=gt); CV protocol identical to src/pivot/e1_dose_response.py (5-fold x 3 repeats, seeds 0..2)"
fives,logreg,hetero_reference,injected,0.9,,1,400,4,0.8981855379071435,0.8955969779459468,0.5910795515666781,0.668725,-0.03400833333333342,"results/pivot/p2_predictions.csv (skan4 panel, reference-mask biomarkers); sigma = results/gateA_biomarker_scales_train.csv; quality proxy feat_contrast from results/pivot/bio_master.csv (source=gt); CV protocol identical to src/pivot/e1_dose_response.py (5-fold x 3 repeats, seeds 0..2)"
fives,logreg,hetero_reference,injected,0.9,,2,400,4,0.9015127525226213,0.8954974970501195,0.5910795515666777,0.6721916666666666,-0.0305416666666668,"results/pivot/p2_predictions.csv (skan4 panel, reference-mask biomarkers); sigma = results/gateA_biomarker_scales_train.csv; quality proxy feat_contrast from results/pivot/bio_master.csv (source=gt); CV protocol identical to src/pivot/e1_dose_response.py (5-fold x 3 repeats, seeds 0..2)"
fives,logreg,hetero_reference,injected,0.9,,3,400,4,0.905311204011223,0.8968658352025837,0.5910795515666779,0.6759083333333333,-0.0268250000000001,"results/pivot/p2_predictions.csv (skan4 panel, reference-mask biomarkers); sigma = results/gateA_biomarker_scales_train.csv; quality proxy feat_contrast from results/pivot/bio_master.csv (source=gt); CV protocol identical to src/pivot/e1_dose_response.py (5-fold x 3 repeats, seeds 0..2)"
fives,logreg,hetero_reference,injected,0.9,,4,400,4,0.9063585131531398,0.9001205252158189,0.5910795515666781,0.6758000000000001,-0.026933333333333365,"results/pivot/p2_predictions.csv (skan4 panel, reference-mask biomarkers); sigma = results/gateA_biomarker_scales_train.csv; quality proxy feat_contrast from results/pivot/bio_master.csv (source=gt); CV protocol identical to src/pivot/e1_dose_response.py (5-fold x 3 repeats, seeds 0..2)"
fives,logreg,hetero_reference,injected,0.9,,5,400,4,0.9002091442139225,0.8931314658530821,0.5910795515666774,0.6668916666666667,-0.03584166666666677,"results/pivot/p2_predictions.csv (skan4 panel, reference-mask biomarkers); sigma = results/gateA_biomarker_scales_train.csv; quality proxy feat_contrast from results/pivot/bio_master.csv (source=gt); CV protocol identical to src/pivot/e1_dose_response.py (5-fold x 3 repeats, seeds 0..2)"
fives,logreg,hetero_reference,injected,0.9,,6,400,4,0.9008069661601439,0.8992093539940792,0.5910795515666779,0.6380666666666667,-0.06466666666666676,"results/pivot/p2_predictions.csv (skan4 panel, reference-mask biomarkers); sigma = results/gateA_biomarker_scales_train.csv; quality proxy feat_contrast from results/pivot/bio_master.csv (source=gt); CV protocol identical to src/pivot/e1_dose_response.py (5-fold x 3 repeats, seeds 0..2)"
fives,logreg,hetero_reference,injected,0.9,,7,400,4,0.9006453548888593,0.8971142287295076,0.5910795515666778,0.6323833333333334,-0.07035000000000002,"results/pivot/p2_predictions.csv (skan4 panel, reference-mask biomarkers); sigma = results/gateA_biomarker_scales_train.csv; quality proxy feat_contrast from results/pivot/bio_master.csv (source=gt); CV protocol identical to src/pivot/e1_dose_response.py (5-fold x 3 repeats, seeds 0..2)"
fives,logreg,hetero_reference,injected,0.9,,8,400,4,0.896618726489071,0.8917327706959411,0.591079551566678,0.6271833333333333,-0.07555000000000012,"results/pivot/p2_predictions.csv (skan4 panel, reference-mask biomarkers); sigma = results/gateA_biomarker_scales_train.csv; quality proxy feat_contrast from results/pivot/bio_master.csv (source=gt); CV protocol identical to src/pivot/e1_dose_response.py (5-fold x 3 repeats, seeds 0..2)"
fives,logreg,hetero_reference,injected,0.9,,9,400,4,0.9043648962486153,0.9013170727416902,0.5910795515666779,0.6441916666666667,-0.058541666666666714,"results/pivot/p2_predictions.csv (skan4 panel, reference-mask biomarkers); sigma = results/gateA_biomarker_scales_train.csv; quality proxy feat_contrast from results/pivot/bio_master.csv (source=gt); CV protocol identical to src/pivot/e1_dose_response.py (5-fold x 3 repeats, seeds 0..2)"
fives,logreg,hetero_reference,injected,0.8,,0,400,4,0.813000106726248,0.8078775608453423,0.9153199064152259,0.6198166666666667,-0.08291666666666675,"results/pivot/p2_predictions.csv (skan4 panel, reference-mask biomarkers); sigma = results/gateA_biomarker_scales_train.csv; quality proxy feat_contrast from results/pivot/bio_master.csv (source=gt); CV protocol identical to src/pivot/e1_dose_response.py (5-fold x 3 repeats, seeds 0..2)"
fives,logreg,hetero_reference,injected,0.8,,1,400,4,0.7950883188070537,0.7881836536447311,0.9153199064152258,0.6456916666666667,-0.05704166666666677,"results/pivot/p2_predictions.csv (skan4 panel, reference-mask biomarkers); sigma = results/gateA_biomarker_scales_train.csv; quality proxy feat_contrast from results/pivot/bio_master.csv (source=gt); CV protocol identical to src/pivot/e1_dose_response.py (5-fold x 3 repeats, seeds 0..2)"
fives,logreg,hetero_reference,injected,0.8,,2,400,4,0.8035671135712718,0.7879082070664797,0.915319906415226,0.6524166666666668,-0.050316666666666676,"results/pivot/p2_predictions.csv (skan4 panel, reference-mask biomarkers); sigma = results/gateA_biomarker_scales_train.csv; quality proxy feat_contrast from results/pivot/bio_master.csv (source=gt); CV protocol identical to src/pivot/e1_dose_response.py (5-fold x 3 repeats, seeds 0..2)"
fives,logreg,hetero_reference,injected,0.8,,3,400,4,0.8130416699824925,0.791661791082092,0.915319906415226,0.6657083333333333,-0.037025000000000086,"results/pivot/p2_predictions.csv (skan4 panel, reference-mask biomarkers); sigma = results/gateA_biomarker_scales_train.csv; quality proxy feat_contrast from results/pivot/bio_master.csv (source=gt); CV protocol identical to src/pivot/e1_dose_response.py (5-fold x 3 repeats, seeds 0..2)"
fives,logreg,hetero_reference,injected,0.8,,4,400,4,0.8157374810319588,0.8003141142334605,0.9153199064152258,0.6585333333333333,-0.04420000000000013,"results/pivot/p2_predictions.csv (skan4 panel, reference-mask biomarkers); sigma = results/gateA_biomarker_scales_train.csv; quality proxy feat_contrast from results/pivot/bio_master.csv (source=gt); CV protocol identical to src/pivot/e1_dose_response.py (5-fold x 3 repeats, seeds 0..2)"
fives,logreg,hetero_reference,injected,0.8,,5,400,4,0.8002292233593107,0.781227863852974,0.915319906415226,0.6489,-0.0538333333333334,"results/pivot/p2_predictions.csv (skan4 panel, reference-mask biomarkers); sigma = results/gateA_biomarker_scales_train.csv; quality proxy feat_contrast from results/pivot/bio_master.csv (source=gt); CV protocol identical to src/pivot/e1_dose_response.py (5-fold x 3 repeats, seeds 0..2)"
fives,logreg,hetero_reference,injected,0.8,,6,400,4,0.8020655212481345,0.7979279776072475,0.9153199064152258,0.6037666666666666,-0.09896666666666687,"results/pivot/p2_predictions.csv (skan4 panel, reference-mask biomarkers); sigma = results/gateA_biomarker_scales_train.csv; quality proxy feat_contrast from results/pivot/bio_master.csv (source=gt); CV protocol identical to src/pivot/e1_dose_response.py (5-fold x 3 repeats, seeds 0..2)"
fives,logreg,hetero_reference,injected,0.8,,7,400,4,0.8015590074328256,0.792335329582033,0.9153199064152258,0.6012833333333333,-0.10145000000000015,"results/pivot/p2_predictions.csv (skan4 panel, reference-mask biomarkers); sigma = results/gateA_biomarker_scales_train.csv; quality proxy feat_contrast from results/pivot/bio_master.csv (source=gt); CV protocol identical to src/pivot/e1_dose_response.py (5-fold x 3 repeats, seeds 0..2)"
fives,logreg,hetero_reference,injected,0.8,,8,400,4,0.7908101197105117,0.7771498374437575,0.9153199064152255,0.6012249999999999,-0.10150833333333353,"results/pivot/p2_predictions.csv (skan4 panel, reference-mask biomarkers); sigma = results/gateA_biomarker_scales_train.csv; quality proxy feat_contrast from results/pivot/bio_master.csv (source=gt); CV protocol identical to src/pivot/e1_dose_response.py (5-fold x 3 repeats, seeds 0..2)"
fives,logreg,hetero_reference,injected,0.8,,9,400,4,0.8110038474072643,0.803408562226315,0.9153199064152253,0.6250666666666667,-0.07766666666666677,"results/pivot/p2_predictions.csv (skan4 panel, reference-mask biomarkers); sigma = results/gateA_biomarker_scales_train.csv; quality proxy feat_contrast from results/pivot/bio_master.csv (source=gt); CV protocol identical to src/pivot/e1_dose_response.py (5-fold x 3 repeats, seeds 0..2)"
fives,logreg,hetero_reference,injected,0.7,,0,400,4,0.7216273536787028,0.7131859288127748,1.2450841144542621,0.6052500000000001,-0.09748333333333337,"results/pivot/p2_predictions.csv (skan4 panel, reference-mask biomarkers); sigma = results/gateA_biomarker_scales_train.csv; quality proxy feat_contrast from results/pivot/bio_master.csv (source=gt); CV protocol identical to src/pivot/e1_dose_response.py (5-fold x 3 repeats, seeds 0..2)"
fives,logreg,hetero_reference,injected,0.7,,1,400,4,0.6915911064398602,0.6798394816533051,1.2450841144542621,0.6260416666666666,-0.07669166666666682,"results/pivot/p2_predictions.csv (skan4 panel, reference-mask biomarkers); sigma = results/gateA_biomarker_scales_train.csv; quality proxy feat_contrast from results/pivot/bio_master.csv (source=gt); CV protocol identical to src/pivot/e1_dose_response.py (5-fold x 3 repeats, seeds 0..2)"
fives,logreg,hetero_reference,injected,0.7,,2,400,4,0.705753430321259,0.6793636055416001,1.2450841144542624,0.6363833333333333,-0.06635000000000013,"results/pivot/p2_predictions.csv (skan4 panel, reference-mask biomarkers); sigma = results/gateA_biomarker_scales_train.csv; quality proxy feat_contrast from results/pivot/bio_master.csv (source=gt); CV protocol identical to src/pivot/e1_dose_response.py (5-fold x 3 repeats, seeds 0..2)"
fives,logreg,hetero_reference,injected,0.7,,3,400,4,0.7214368202096852,0.6858244729246374,1.2450841144542628,0.6563166666666667,-0.04641666666666677,"results/pivot/p2_predictions.csv (skan4 panel, reference-mask biomarkers); sigma = results/gateA_biomarker_scales_train.csv; quality proxy feat_contrast from results/pivot/bio_master.csv (source=gt); CV protocol identical to src/pivot/e1_dose_response.py (5-fold x 3 repeats, seeds 0..2)"
fives,logreg,hetero_reference,injected,0.7,,4,400,4,0.7259607116912362,0.7005294913927904,1.245084114454262,0.6416499999999999,-0.06108333333333349,"results/pivot/p2_predictions.csv (skan4 panel, reference-mask biomarkers); sigma = results/gateA_biomarker_scales_train.csv; quality proxy feat_contrast from results/pivot/bio_master.csv (source=gt); CV protocol identical to src/pivot/e1_dose_response.py (5-fold x 3 repeats, seeds 0..2)"
fives,logreg,hetero_reference,injected,0.7,,5,400,4,0.7001626474387812,0.6677328156685687,1.2450841144542624,0.6374,-0.06533333333333347,"results/pivot/p2_predictions.csv (skan4 panel, reference-mask biomarkers); sigma = results/gateA_biomarker_scales_train.csv; quality proxy feat_contrast from results/pivot/bio_master.csv (source=gt); CV protocol identical to src/pivot/e1_dose_response.py (5-fold x 3 repeats, seeds 0..2)"
fives,logreg,hetero_reference,injected,0.7,,6,400,4,0.703455603574365,0.6964992413066738,1.2450841144542624,0.5760666666666667,-0.1266666666666667,"results/pivot/p2_predictions.csv (skan4 panel, reference-mask biomarkers); sigma = results/gateA_biomarker_scales_train.csv; quality proxy feat_contrast from results/pivot/bio_master.csv (source=gt); CV protocol identical to src/pivot/e1_dose_response.py (5-fold x 3 repeats, seeds 0..2)"
fives,logreg,hetero_reference,injected,0.7,,7,400,4,0.7025423388088377,0.6869784119631249,1.2450841144542624,0.5769249999999999,-0.12580833333333352,"results/pivot/p2_predictions.csv (skan4 panel, reference-mask biomarkers); sigma = results/gateA_biomarker_scales_train.csv; quality proxy feat_contrast from results/pivot/bio_master.csv (source=gt); CV protocol identical to src/pivot/e1_dose_response.py (5-fold x 3 repeats, seeds 0..2)"
fives,logreg,hetero_reference,injected,0.7,,8,400,4,0.684238010443876,0.6605440259392535,1.245084114454262,0.58055,-0.12218333333333342,"results/pivot/p2_predictions.csv (skan4 panel, reference-mask biomarkers); sigma = results/gateA_biomarker_scales_train.csv; quality proxy feat_contrast from results/pivot/bio_master.csv (source=gt); CV protocol identical to src/pivot/e1_dose_response.py (5-fold x 3 repeats, seeds 0..2)"
fives,logreg,hetero_reference,injected,0.7,,9,400,4,0.7182932085380507,0.7057289449995623,1.2450841144542621,0.6110083333333334,-0.09172500000000006,"results/pivot/p2_predictions.csv (skan4 panel, reference-mask biomarkers); sigma = results/gateA_biomarker_scales_train.csv; quality proxy feat_contrast from results/pivot/bio_master.csv (source=gt); CV protocol identical to src/pivot/e1_dose_response.py (5-fold x 3 repeats, seeds 0..2)"
fives,logreg,hetero_reference,injected,0.6,,0,400,4,0.630232863413626,0.6184800772034892,1.6272353891826243,0.5919416666666667,-0.11079166666666673,"results/pivot/p2_predictions.csv (skan4 panel, reference-mask biomarkers); sigma = results/gateA_biomarker_scales_train.csv; quality proxy feat_contrast from results/pivot/bio_master.csv (source=gt); CV protocol identical to src/pivot/e1_dose_response.py (5-fold x 3 repeats, seeds 0..2)"
fives,logreg,hetero_reference,injected,0.6,,1,400,4,0.5881053427837561,0.5715219010058562,1.6272353891826241,0.606975,-0.09575833333333339,"results/pivot/p2_predictions.csv (skan4 panel, reference-mask biomarkers); sigma = results/gateA_biomarker_scales_train.csv; quality proxy feat_contrast from results/pivot/bio_master.csv (source=gt); CV protocol identical to src/pivot/e1_dose_response.py (5-fold x 3 repeats, seeds 0..2)"
fives,logreg,hetero_reference,injected,0.6,,2,400,4,0.6079362072067029,0.5708463000185129,1.6272353891826234,0.6216250000000001,-0.08110833333333334,"results/pivot/p2_predictions.csv (skan4 panel, reference-mask biomarkers); sigma = results/gateA_biomarker_scales_train.csv; quality proxy feat_contrast from results/pivot/bio_master.csv (source=gt); CV protocol identical to src/pivot/e1_dose_response.py (5-fold x 3 repeats, seeds 0..2)"
fives,logreg,hetero_reference,injected,0.6,,3,400,4,0.6298135141788987,0.580005197615495,1.627235389182624,0.6455833333333333,-0.057150000000000145,"results/pivot/p2_predictions.csv (skan4 panel, reference-mask biomarkers); sigma = results/gateA_biomarker_scales_train.csv; quality proxy feat_contrast from results/pivot/bio_master.csv (source=gt); CV protocol identical to src/pivot/e1_dose_response.py (5-fold x 3 repeats, seeds 0..2)"
fives,logreg,hetero_reference,injected,0.6,,4,400,4,0.6361603943501712,0.6007442516542495,1.6272353891826241,0.6257166666666667,-0.07701666666666673,"results/pivot/p2_predictions.csv (skan4 panel, reference-mask biomarkers); sigma = results/gateA_biomarker_scales_train.csv; quality proxy feat_contrast from results/pivot/bio_master.csv (source=gt); CV protocol identical to src/pivot/e1_dose_response.py (5-fold x 3 repeats, seeds 0..2)"
fives,logreg,hetero_reference,injected,0.6,,5,400,4,0.600098740317093,0.5542834818398411,1.6272353891826237,0.6246,-0.07813333333333339,"results/pivot/p2_predictions.csv (skan4 panel, reference-mask biomarkers); sigma = results/gateA_biomarker_scales_train.csv; quality proxy feat_contrast from results/pivot/bio_master.csv (source=gt); CV protocol identical to src/pivot/e1_dose_response.py (5-fold x 3 repeats, seeds 0..2)"
fives,logreg,hetero_reference,injected,0.6,,6,400,4,0.604841983047768,0.5950746843113489,1.6272353891826241,0.5512999999999999,-0.15143333333333353,"results/pivot/p2_predictions.csv (skan4 panel, reference-mask biomarkers); sigma = results/gateA_biomarker_scales_train.csv; quality proxy feat_contrast from results/pivot/bio_master.csv (source=gt); CV protocol identical to src/pivot/e1_dose_response.py (5-fold x 3 repeats, seeds 0..2)"
fives,logreg,hetero_reference,injected,0.6,,7,400,4,0.6035237671699653,0.5816379545981328,1.627235389182624,0.556975,-0.14575833333333343,"results/pivot/p2_predictions.csv (skan4 panel, reference-mask biomarkers); sigma = results/gateA_biomarker_scales_train.csv; quality proxy feat_contrast from results/pivot/bio_master.csv (source=gt); CV protocol identical to src/pivot/e1_dose_response.py (5-fold x 3 repeats, seeds 0..2)"
fives,logreg,hetero_reference,injected,0.6,,8,400,4,0.5776878095513258,0.5439965193334049,1.6272353891826237,0.5656916666666667,-0.13704166666666673,"results/pivot/p2_predictions.csv (skan4 panel, reference-mask biomarkers); sigma = results/gateA_biomarker_scales_train.csv; quality proxy feat_contrast from results/pivot/bio_master.csv (source=gt); CV protocol identical to src/pivot/e1_dose_response.py (5-fold x 3 repeats, seeds 0..2)"
fives,logreg,hetero_reference,injected,0.6,,9,400,4,0.6255643341739872,0.6080428608555734,1.6272353891826237,0.5963833333333334,-0.10635000000000006,"results/pivot/p2_predictions.csv (skan4 panel, reference-mask biomarkers); sigma = results/gateA_biomarker_scales_train.csv; quality proxy feat_contrast from results/pivot/bio_master.csv (source=gt); CV protocol identical to src/pivot/e1_dose_response.py (5-fold x 3 repeats, seeds 0..2)"
fives,logreg,hetero_reference,injected,0.5,,0,400,4,0.5383107303893763,0.5234300281908699,2.1138407774538144,0.5766833333333333,-0.1260500000000001,"results/pivot/p2_predictions.csv (skan4 panel, reference-mask biomarkers); sigma = results/gateA_biomarker_scales_train.csv; quality proxy feat_contrast from results/pivot/bio_master.csv (source=gt); CV protocol identical to src/pivot/e1_dose_response.py (5-fold x 3 repeats, seeds 0..2)"
fives,logreg,hetero_reference,injected,0.5,,1,400,4,0.4848937950908136,0.4638420415513749,2.113840777453815,0.5882166666666667,-0.11451666666666671,"results/pivot/p2_predictions.csv (skan4 panel, reference-mask biomarkers); sigma = results/gateA_biomarker_scales_train.csv; quality proxy feat_contrast from results/pivot/bio_master.csv (source=gt); CV protocol identical to src/pivot/e1_dose_response.py (5-fold x 3 repeats, seeds 0..2)"
fives,logreg,hetero_reference,injected,0.5,,2,400,4,0.5100304716282018,0.46298352270207904,2.1138407774538153,0.6069666666666667,-0.09576666666666678,"results/pivot/p2_predictions.csv (skan4 panel, reference-mask biomarkers); sigma = results/gateA_biomarker_scales_train.csv; quality proxy feat_contrast from results/pivot/bio_master.csv (source=gt); CV protocol identical to src/pivot/e1_dose_response.py (5-fold x 3 repeats, seeds 0..2)"
fives,logreg,hetero_reference,injected,0.5,,3,400,4,0.537739220432342,0.47461938971478335,2.1138407774538157,0.6343666666666666,-0.0683666666666668,"results/pivot/p2_predictions.csv (skan4 panel, reference-mask biomarkers); sigma = results/gateA_biomarker_scales_train.csv; quality proxy feat_contrast from results/pivot/bio_master.csv (source=gt); CV protocol identical to src/pivot/e1_dose_response.py (5-fold x 3 repeats, seeds 0..2)"
fives,logreg,hetero_reference,injected,0.5,,4,400,4,0.5457863785055359,0.5009441298591598,2.113840777453815,0.6104416666666667,-0.09229166666666677,"results/pivot/p2_predictions.csv (skan4 panel, reference-mask biomarkers); sigma = results/gateA_biomarker_scales_train.csv; quality proxy feat_contrast from results/pivot/bio_master.csv (source=gt); CV protocol identical to src/pivot/e1_dose_response.py (5-fold x 3 repeats, seeds 0..2)"
fives,logreg,hetero_reference,injected,0.5,,5,400,4,0.5000957739931023,0.44192646928843576,2.113840777453815,0.614925,-0.08780833333333338,"results/pivot/p2_predictions.csv (skan4 panel, reference-mask biomarkers); sigma = results/gateA_biomarker_scales_train.csv; quality proxy feat_contrast from results/pivot/bio_master.csv (source=gt); CV protocol identical to src/pivot/e1_dose_response.py (5-fold x 3 repeats, seeds 0..2)"
fives,logreg,hetero_reference,injected,0.5,,6,400,4,0.50613869874647,0.4937508368675231,2.1138407774538157,0.526325,-0.1764083333333334,"results/pivot/p2_predictions.csv (skan4 panel, reference-mask biomarkers); sigma = results/gateA_biomarker_scales_train.csv; quality proxy feat_contrast from results/pivot/bio_master.csv (source=gt); CV protocol identical to src/pivot/e1_dose_response.py (5-fold x 3 repeats, seeds 0..2)"
fives,logreg,hetero_reference,injected,0.5,,7,400,4,0.504458176420696,0.47669307566457003,2.1138407774538153,0.5377083333333333,-0.1650250000000001,"results/pivot/p2_predictions.csv (skan4 panel, reference-mask biomarkers); sigma = results/gateA_biomarker_scales_train.csv; quality proxy feat_contrast from results/pivot/bio_master.csv (source=gt); CV protocol identical to src/pivot/e1_dose_response.py (5-fold x 3 repeats, seeds 0..2)"
fives,logreg,hetero_reference,injected,0.5,,8,400,4,0.47166146175598556,0.42883903434723925,2.113840777453814,0.5465416666666667,-0.15619166666666673,"results/pivot/p2_predictions.csv (skan4 panel, reference-mask biomarkers); sigma = results/gateA_biomarker_scales_train.csv; quality proxy feat_contrast from results/pivot/bio_master.csv (source=gt); CV protocol identical to src/pivot/e1_dose_response.py (5-fold x 3 repeats, seeds 0..2)"
fives,logreg,hetero_reference,injected,0.5,,9,400,4,0.532392696682759,0.510200548416351,2.1138407774538153,0.5798,-0.12293333333333345,"results/pivot/p2_predictions.csv (skan4 panel, reference-mask biomarkers); sigma = results/gateA_biomarker_scales_train.csv; quality proxy feat_contrast from results/pivot/bio_master.csv (source=gt); CV protocol identical to src/pivot/e1_dose_response.py (5-fold x 3 repeats, seeds 0..2)"
fives,logreg,hetero_reference,injected,0.4,,0,400,4,0.4454937628875054,0.4277999616495941,2.7963485041651124,0.5621666666666667,-0.14056666666666673,"results/pivot/p2_predictions.csv (skan4 panel, reference-mask biomarkers); sigma = results/gateA_biomarker_scales_train.csv; quality proxy feat_contrast from results/pivot/bio_master.csv (source=gt); CV protocol identical to src/pivot/e1_dose_response.py (5-fold x 3 repeats, seeds 0..2)"
fives,logreg,hetero_reference,injected,0.4,,1,400,4,0.38213344556917306,0.3572145816014798,2.796348504165112,0.5682333333333334,-0.13450000000000006,"results/pivot/p2_predictions.csv (skan4 panel, reference-mask biomarkers); sigma = results/gateA_biomarker_scales_train.csv; quality proxy feat_contrast from results/pivot/bio_master.csv (source=gt); CV protocol identical to src/pivot/e1_dose_response.py (5-fold x 3 repeats, seeds 0..2)"
fives,logreg,hetero_reference,injected,0.4,,2,400,4,0.41196484786922266,0.3562005393858399,2.796348504165112,0.590325,-0.11240833333333344,"results/pivot/p2_predictions.csv (skan4 panel, reference-mask biomarkers); sigma = results/gateA_biomarker_scales_train.csv; quality proxy feat_contrast from results/pivot/bio_master.csv (source=gt); CV protocol identical to src/pivot/e1_dose_response.py (5-fold x 3 repeats, seeds 0..2)"
fives,logreg,hetero_reference,injected,0.4,,3,400,4,0.4448885930609531,0.3699517287269784,2.796348504165113,0.6209250000000001,-0.08180833333333337,"results/pivot/p2_predictions.csv (skan4 panel, reference-mask biomarkers); sigma = results/gateA_biomarker_scales_train.csv; quality proxy feat_contrast from results/pivot/bio_master.csv (source=gt); CV protocol identical to src/pivot/e1_dose_response.py (5-fold x 3 repeats, seeds 0..2)"
fives,logreg,hetero_reference,injected,0.4,,4,400,4,0.45443119344123,0.4011191212705414,2.7963485041651124,0.5952416666666667,-0.10749166666666676,"results/pivot/p2_predictions.csv (skan4 panel, reference-mask biomarkers); sigma = results/gateA_biomarker_scales_train.csv; quality proxy feat_contrast from results/pivot/bio_master.csv (source=gt); CV protocol identical to src/pivot/e1_dose_response.py (5-fold x 3 repeats, seeds 0..2)"
fives,logreg,hetero_reference,injected,0.4,,5,400,4,0.4001819012671154,0.33135733362496983,2.796348504165112,0.6044916666666666,-0.09824166666666678,"results/pivot/p2_predictions.csv (skan4 panel, reference-mask biomarkers); sigma = results/gateA_biomarker_scales_train.csv; quality proxy feat_contrast from results/pivot/bio_master.csv (source=gt); CV protocol identical to src/pivot/e1_dose_response.py (5-fold x 3 repeats, seeds 0..2)"
fives,logreg,hetero_reference,injected,0.4,,6,400,4,0.40728419734927657,0.3925949807762668,2.796348504165112,0.5011083333333334,-0.20162500000000005,"results/pivot/p2_predictions.csv (skan4 panel, reference-mask biomarkers); sigma = results/gateA_biomarker_scales_train.csv; quality proxy feat_contrast from results/pivot/bio_master.csv (source=gt); CV protocol identical to src/pivot/e1_dose_response.py (5-fold x 3 repeats, seeds 0..2)"
fives,logreg,hetero_reference,injected,0.4,,7,400,4,0.4053097490799888,0.3724040619183577,2.7963485041651133,0.5168166666666667,-0.18591666666666673,"results/pivot/p2_predictions.csv (skan4 panel, reference-mask biomarkers); sigma = results/gateA_biomarker_scales_train.csv; quality proxy feat_contrast from results/pivot/bio_master.csv (source=gt); CV protocol identical to src/pivot/e1_dose_response.py (5-fold x 3 repeats, seeds 0..2)"
fives,logreg,hetero_reference,injected,0.4,,8,400,4,0.36649394460760787,0.31594526292165226,2.796348504165111,0.523075,-0.17965833333333348,"results/pivot/p2_predictions.csv (skan4 panel, reference-mask biomarkers); sigma = results/gateA_biomarker_scales_train.csv; quality proxy feat_contrast from results/pivot/bio_master.csv (source=gt); CV protocol identical to src/pivot/e1_dose_response.py (5-fold x 3 repeats, seeds 0..2)"
fives,logreg,hetero_reference,injected,0.4,,9,400,4,0.43846969820951176,0.41209614635041825,2.7963485041651124,0.565075,-0.13765833333333344,"results/pivot/p2_predictions.csv (skan4 panel, reference-mask biomarkers); sigma = results/gateA_biomarker_scales_train.csv; quality proxy feat_contrast from results/pivot/bio_master.csv (source=gt); CV protocol identical to src/pivot/e1_dose_response.py (5-fold x 3 repeats, seeds 0..2)"
fives,logreg,hetero_quality,injected,0.99,,0,400,4,0.9900586563877839,0.9899347529206133,0.17390136372703105,0.68435,-0.018383333333333418,"results/pivot/p2_predictions.csv (skan4 panel, reference-mask biomarkers); sigma = results/gateA_biomarker_scales_train.csv; quality proxy feat_contrast from results/pivot/bio_master.csv (source=gt); CV protocol identical to src/pivot/e1_dose_response.py (5-fold x 3 repeats, seeds 0..2)"
fives,logreg,hetero_quality,injected,0.99,,1,400,4,0.9900130360105079,0.9899295845398259,0.1739013637270312,0.7045583333333334,0.0018249999999999655,"results/pivot/p2_predictions.csv (skan4 panel, reference-mask biomarkers); sigma = results/gateA_biomarker_scales_train.csv; quality proxy feat_contrast from results/pivot/bio_master.csv (source=gt); CV protocol identical to src/pivot/e1_dose_response.py (5-fold x 3 repeats, seeds 0..2)"
fives,logreg,hetero_quality,injected,0.99,,2,400,4,0.9900405540436146,0.9899456418553799,0.1739013637270312,0.6948083333333333,-0.007925000000000182,"results/pivot/p2_predictions.csv (skan4 panel, reference-mask biomarkers); sigma = results/gateA_biomarker_scales_train.csv; quality proxy feat_contrast from results/pivot/bio_master.csv (source=gt); CV protocol identical to src/pivot/e1_dose_response.py (5-fold x 3 repeats, seeds 0..2)"
fives,logreg,hetero_quality,injected,0.99,,3,400,4,0.989938448125145,0.9898152088995326,0.1739013637270312,0.6942666666666667,-0.008466666666666733,"results/pivot/p2_predictions.csv (skan4 panel, reference-mask biomarkers); sigma = results/gateA_biomarker_scales_train.csv; quality proxy feat_contrast from results/pivot/bio_master.csv (source=gt); CV protocol identical to src/pivot/e1_dose_response.py (5-fold x 3 repeats, seeds 0..2)"
fives,logreg,hetero_quality,injected,0.99,,4,400,4,0.9900813227843374,0.9898743893856895,0.17390136372703124,0.6990083333333332,-0.0037250000000002004,"results/pivot/p2_predictions.csv (skan4 panel, reference-mask biomarkers); sigma = results/gateA_biomarker_scales_train.csv; quality proxy feat_contrast from results/pivot/bio_master.csv (source=gt); CV protocol identical to src/pivot/e1_dose_response.py (5-fold x 3 repeats, seeds 0..2)"
fives,logreg,hetero_quality,injected,0.99,,5,400,4,0.9900872661610588,0.9898875841256904,0.17390136372703124,0.69565,-0.007083333333333441,"results/pivot/p2_predictions.csv (skan4 panel, reference-mask biomarkers); sigma = results/gateA_biomarker_scales_train.csv; quality proxy feat_contrast from results/pivot/bio_master.csv (source=gt); CV protocol identical to src/pivot/e1_dose_response.py (5-fold x 3 repeats, seeds 0..2)"
fives,logreg,hetero_quality,injected,0.99,,6,400,4,0.9899995239528928,0.989934632257079,0.1739013637270313,0.6848666666666665,-0.01786666666666692,"results/pivot/p2_predictions.csv (skan4 panel, reference-mask biomarkers); sigma = results/gateA_biomarker_scales_train.csv; quality proxy feat_contrast from results/pivot/bio_master.csv (source=gt); CV protocol identical to src/pivot/e1_dose_response.py (5-fold x 3 repeats, seeds 0..2)"
fives,logreg,hetero_quality,injected,0.99,,7,400,4,0.9900178636781982,0.9898779567037718,0.1739013637270312,0.6876666666666666,-0.015066666666666784,"results/pivot/p2_predictions.csv (skan4 panel, reference-mask biomarkers); sigma = results/gateA_biomarker_scales_train.csv; quality proxy feat_contrast from results/pivot/bio_master.csv (source=gt); CV protocol identical to src/pivot/e1_dose_response.py (5-fold x 3 repeats, seeds 0..2)"
fives,logreg,hetero_quality,injected,0.99,,8,400,4,0.9900637595453765,0.9899004976891337,0.1739013637270311,0.6842583333333333,-0.01847500000000013,"results/pivot/p2_predictions.csv (skan4 panel, reference-mask biomarkers); sigma = results/gateA_biomarker_scales_train.csv; quality proxy feat_contrast from results/pivot/bio_master.csv (source=gt); CV protocol identical to src/pivot/e1_dose_response.py (5-fold x 3 repeats, seeds 0..2)"
fives,logreg,hetero_quality,injected,0.99,,9,400,4,0.9901074990590644,0.9898812708879332,0.17390136372703113,0.6923916666666666,-0.010341666666666804,"results/pivot/p2_predictions.csv (skan4 panel, reference-mask biomarkers); sigma = results/gateA_biomarker_scales_train.csv; quality proxy feat_contrast from results/pivot/bio_master.csv (source=gt); CV protocol identical to src/pivot/e1_dose_response.py (5-fold x 3 repeats, seeds 0..2)"
fives,logreg,hetero_quality,injected,0.95,,0,400,4,0.9505698071829787,0.9492486657289362,0.4011348058566524,0.6526083333333333,-0.050125000000000086,"results/pivot/p2_predictions.csv (skan4 panel, reference-mask biomarkers); sigma = results/gateA_biomarker_scales_train.csv; quality proxy feat_contrast from results/pivot/bio_master.csv (source=gt); CV protocol identical to src/pivot/e1_dose_response.py (5-fold x 3 repeats, seeds 0..2)"
fives,logreg,hetero_quality,injected,0.95,,1,400,4,0.9500948294797317,0.9491845557248405,0.4011348058566525,0.6873666666666667,-0.01536666666666675,"results/pivot/p2_predictions.csv (skan4 panel, reference-mask biomarkers); sigma = results/gateA_biomarker_scales_train.csv; quality proxy feat_contrast from results/pivot/bio_master.csv (source=gt); CV protocol identical to src/pivot/e1_dose_response.py (5-fold x 3 repeats, seeds 0..2)"
fives,logreg,hetero_quality,injected,0.95,,2,400,4,0.9503545408455565,0.9493811404204917,0.40113480585665234,0.68365,-0.019083333333333452,"results/pivot/p2_predictions.csv (skan4 panel, reference-mask biomarkers); sigma = results/gateA_biomarker_scales_train.csv; quality proxy feat_contrast from results/pivot/bio_master.csv (source=gt); CV protocol identical to src/pivot/e1_dose_response.py (5-fold x 3 repeats, seeds 0..2)"
fives,logreg,hetero_quality,injected,0.95,,3,400,4,0.9491587737035394,0.9473217158404754,0.4011348058566526,0.6832083333333334,-0.019525000000000015,"results/pivot/p2_predictions.csv (skan4 panel, reference-mask biomarkers); sigma = results/gateA_biomarker_scales_train.csv; quality proxy feat_contrast from results/pivot/bio_master.csv (source=gt); CV protocol identical to src/pivot/e1_dose_response.py (5-fold x 3 repeats, seeds 0..2)"
fives,logreg,hetero_quality,injected,0.95,,4,400,4,0.9507107691699921,0.9484331867543923,0.40113480585665273,0.6873333333333334,-0.01540000000000008,"results/pivot/p2_predictions.csv (skan4 panel, reference-mask biomarkers); sigma = results/gateA_biomarker_scales_train.csv; quality proxy feat_contrast from results/pivot/bio_master.csv (source=gt); CV protocol identical to src/pivot/e1_dose_response.py (5-fold x 3 repeats, seeds 0..2)"
fives,logreg,hetero_quality,injected,0.95,,5,400,4,0.9507099497257938,0.9486264908358029,0.40113480585665284,0.6731666666666667,-0.02956666666666674,"results/pivot/p2_predictions.csv (skan4 panel, reference-mask biomarkers); sigma = results/gateA_biomarker_scales_train.csv; quality proxy feat_contrast from results/pivot/bio_master.csv (source=gt); CV protocol identical to src/pivot/e1_dose_response.py (5-fold x 3 repeats, seeds 0..2)"
fives,logreg,hetero_quality,injected,0.95,,6,400,4,0.9499558712510067,0.9492471783744497,0.4011348058566525,0.6563749999999999,-0.0463583333333335,"results/pivot/p2_predictions.csv (skan4 panel, reference-mask biomarkers); sigma = results/gateA_biomarker_scales_train.csv; quality proxy feat_contrast from results/pivot/bio_master.csv (source=gt); CV protocol identical to src/pivot/e1_dose_response.py (5-fold x 3 repeats, seeds 0..2)"
fives,logreg,hetero_quality,injected,0.95,,7,400,4,0.9501176241990323,0.9484865414536341,0.4011348058566525,0.6600083333333333,-0.042725000000000124,"results/pivot/p2_predictions.csv (skan4 panel, reference-mask biomarkers); sigma = results/gateA_biomarker_scales_train.csv; quality proxy feat_contrast from results/pivot/bio_master.csv (source=gt); CV protocol identical to src/pivot/e1_dose_response.py (5-fold x 3 repeats, seeds 0..2)"
fives,logreg,hetero_quality,injected,0.95,,8,400,4,0.9505441660948236,0.9488061825361328,0.4011348058566524,0.6566666666666667,-0.0460666666666667,"results/pivot/p2_predictions.csv (skan4 panel, reference-mask biomarkers); sigma = results/gateA_biomarker_scales_train.csv; quality proxy feat_contrast from results/pivot/bio_master.csv (source=gt); CV protocol identical to src/pivot/e1_dose_response.py (5-fold x 3 repeats, seeds 0..2)"
fives,logreg,hetero_quality,injected,0.95,,9,400,4,0.9509539312326741,0.9485353574866544,0.4011348058566523,0.6690166666666666,-0.03371666666666684,"results/pivot/p2_predictions.csv (skan4 panel, reference-mask biomarkers); sigma = results/gateA_biomarker_scales_train.csv; quality proxy feat_contrast from results/pivot/bio_master.csv (source=gt); CV protocol identical to src/pivot/e1_dose_response.py (5-fold x 3 repeats, seeds 0..2)"
fives,logreg,hetero_quality,injected,0.9,,0,400,4,0.9014991395256969,0.8979220198550822,0.591079551566678,0.6313333333333333,-0.07140000000000013,"results/pivot/p2_predictions.csv (skan4 panel, reference-mask biomarkers); sigma = results/gateA_biomarker_scales_train.csv; quality proxy feat_contrast from results/pivot/bio_master.csv (source=gt); CV protocol identical to src/pivot/e1_dose_response.py (5-fold x 3 repeats, seeds 0..2)"
fives,logreg,hetero_quality,injected,0.9,,1,400,4,0.9002220432887058,0.8977413088417635,0.591079551566678,0.6716166666666666,-0.031116666666666792,"results/pivot/p2_predictions.csv (skan4 panel, reference-mask biomarkers); sigma = results/gateA_biomarker_scales_train.csv; quality proxy feat_contrast from results/pivot/bio_master.csv (source=gt); CV protocol identical to src/pivot/e1_dose_response.py (5-fold x 3 repeats, seeds 0..2)"
fives,logreg,hetero_quality,injected,0.9,,2,400,4,0.9008996168894099,0.8982936418380855,0.5910795515666779,0.6730666666666667,-0.02966666666666673,"results/pivot/p2_predictions.csv (skan4 panel, reference-mask biomarkers); sigma = results/gateA_biomarker_scales_train.csv; quality proxy feat_contrast from results/pivot/bio_master.csv (source=gt); CV protocol identical to src/pivot/e1_dose_response.py (5-fold x 3 repeats, seeds 0..2)"
fives,logreg,hetero_quality,injected,0.9,,3,400,4,0.8975731850019064,0.8921765666191822,0.5910795515666777,0.6729333333333333,-0.02980000000000016,"results/pivot/p2_predictions.csv (skan4 panel, reference-mask biomarkers); sigma = results/gateA_biomarker_scales_train.csv; quality proxy feat_contrast from results/pivot/bio_master.csv (source=gt); CV protocol identical to src/pivot/e1_dose_response.py (5-fold x 3 repeats, seeds 0..2)"
fives,logreg,hetero_quality,injected,0.9,,4,400,4,0.9018019506745215,0.8955768298660666,0.5910795515666778,0.6743750000000001,-0.028358333333333374,"results/pivot/p2_predictions.csv (skan4 panel, reference-mask biomarkers); sigma = results/gateA_biomarker_scales_train.csv; quality proxy feat_contrast from results/pivot/bio_master.csv (source=gt); CV protocol identical to src/pivot/e1_dose_response.py (5-fold x 3 repeats, seeds 0..2)"
fives,logreg,hetero_quality,injected,0.9,,5,400,4,0.9017510811713081,0.896142436590884,0.5910795515666779,0.6599583333333334,-0.04277500000000001,"results/pivot/p2_predictions.csv (skan4 panel, reference-mask biomarkers); sigma = results/gateA_biomarker_scales_train.csv; quality proxy feat_contrast from results/pivot/bio_master.csv (source=gt); CV protocol identical to src/pivot/e1_dose_response.py (5-fold x 3 repeats, seeds 0..2)"
fives,logreg,hetero_quality,injected,0.9,,6,400,4,0.8998499354580503,0.8979178338493945,0.5910795515666781,0.6335833333333334,-0.06915000000000004,"results/pivot/p2_predictions.csv (skan4 panel, reference-mask biomarkers); sigma = results/gateA_biomarker_scales_train.csv; quality proxy feat_contrast from results/pivot/bio_master.csv (source=gt); CV protocol identical to src/pivot/e1_dose_response.py (5-fold x 3 repeats, seeds 0..2)"
fives,logreg,hetero_quality,injected,0.9,,7,400,4,0.9002606945560403,0.8957335994983585,0.5910795515666778,0.639625,-0.06310833333333343,"results/pivot/p2_predictions.csv (skan4 panel, reference-mask biomarkers); sigma = results/gateA_biomarker_scales_train.csv; quality proxy feat_contrast from results/pivot/bio_master.csv (source=gt); CV protocol identical to src/pivot/e1_dose_response.py (5-fold x 3 repeats, seeds 0..2)"
fives,logreg,hetero_quality,injected,0.9,,8,400,4,0.9013676657186716,0.8966625513770798,0.5910795515666779,0.6360416666666666,-0.06669166666666682,"results/pivot/p2_predictions.csv (skan4 panel, reference-mask biomarkers); sigma = results/gateA_biomarker_scales_train.csv; quality proxy feat_contrast from results/pivot/bio_master.csv (source=gt); CV protocol identical to src/pivot/e1_dose_response.py (5-fold x 3 repeats, seeds 0..2)"
fives,logreg,hetero_quality,injected,0.9,,9,400,4,0.9024329788786006,0.8958765918875761,0.5910795515666778,0.6526916666666667,-0.05004166666666676,"results/pivot/p2_predictions.csv (skan4 panel, reference-mask biomarkers); sigma = results/gateA_biomarker_scales_train.csv; quality proxy feat_contrast from results/pivot/bio_master.csv (source=gt); CV protocol identical to src/pivot/e1_dose_response.py (5-fold x 3 repeats, seeds 0..2)"
fives,logreg,hetero_quality,injected,0.8,,0,400,4,0.8038062642777101,0.794509927360581,0.9153199064152258,0.6098083333333334,-0.09292500000000004,"results/pivot/p2_predictions.csv (skan4 panel, reference-mask biomarkers); sigma = results/gateA_biomarker_scales_train.csv; quality proxy feat_contrast from results/pivot/bio_master.csv (source=gt); CV protocol identical to src/pivot/e1_dose_response.py (5-fold x 3 repeats, seeds 0..2)"
fives,logreg,hetero_quality,injected,0.8,,1,400,4,0.8005056127120705,0.7940255057020011,0.9153199064152255,0.6464666666666667,-0.05626666666666669,"results/pivot/p2_predictions.csv (skan4 panel, reference-mask biomarkers); sigma = results/gateA_biomarker_scales_train.csv; quality proxy feat_contrast from results/pivot/bio_master.csv (source=gt); CV protocol identical to src/pivot/e1_dose_response.py (5-fold x 3 repeats, seeds 0..2)"
fives,logreg,hetero_quality,injected,0.8,,2,400,4,0.8022156404062687,0.7955024788464427,0.9153199064152258,0.653175,-0.04955833333333348,"results/pivot/p2_predictions.csv (skan4 panel, reference-mask biomarkers); sigma = results/gateA_biomarker_scales_train.csv; quality proxy feat_contrast from results/pivot/bio_master.csv (source=gt); CV protocol identical to src/pivot/e1_dose_response.py (5-fold x 3 repeats, seeds 0..2)"
fives,logreg,hetero_quality,injected,0.8,,3,400,4,0.7933772377909725,0.778455090137557,0.915319906415226,0.653825,-0.04890833333333344,"results/pivot/p2_predictions.csv (skan4 panel, reference-mask biomarkers); sigma = results/gateA_biomarker_scales_train.csv; quality proxy feat_contrast from results/pivot/bio_master.csv (source=gt); CV protocol identical to src/pivot/e1_dose_response.py (5-fold x 3 repeats, seeds 0..2)"
fives,logreg,hetero_quality,injected,0.8,,4,400,4,0.8044315013921827,0.788127900171462,0.915319906415226,0.6534083333333334,-0.04932500000000006,"results/pivot/p2_predictions.csv (skan4 panel, reference-mask biomarkers); sigma = results/gateA_biomarker_scales_train.csv; quality proxy feat_contrast from results/pivot/bio_master.csv (source=gt); CV protocol identical to src/pivot/e1_dose_response.py (5-fold x 3 repeats, seeds 0..2)"
fives,logreg,hetero_quality,injected,0.8,,5,400,4,0.8042030134246665,0.7896867051578504,0.9153199064152258,0.6430916666666666,-0.059641666666666815,"results/pivot/p2_predictions.csv (skan4 panel, reference-mask biomarkers); sigma = results/gateA_biomarker_scales_train.csv; quality proxy feat_contrast from results/pivot/bio_master.csv (source=gt); CV protocol identical to src/pivot/e1_dose_response.py (5-fold x 3 repeats, seeds 0..2)"
fives,logreg,hetero_quality,injected,0.8,,6,400,4,0.7995473252304602,0.7944987193627928,0.915319906415226,0.6028500000000001,-0.09988333333333332,"results/pivot/p2_predictions.csv (skan4 panel, reference-mask biomarkers); sigma = results/gateA_biomarker_scales_train.csv; quality proxy feat_contrast from results/pivot/bio_master.csv (source=gt); CV protocol identical to src/pivot/e1_dose_response.py (5-fold x 3 repeats, seeds 0..2)"
fives,logreg,hetero_quality,injected,0.8,,7,400,4,0.8005573877982586,0.788561266889676,0.915319906415226,0.6127750000000001,-0.08995833333333336,"results/pivot/p2_predictions.csv (skan4 panel, reference-mask biomarkers); sigma = results/gateA_biomarker_scales_train.csv; quality proxy feat_contrast from results/pivot/bio_master.csv (source=gt); CV protocol identical to src/pivot/e1_dose_response.py (5-fold x 3 repeats, seeds 0..2)"
fives,logreg,hetero_quality,injected,0.8,,8,400,4,0.8033387286893783,0.7911088240425459,0.9153199064152256,0.609325,-0.09340833333333343,"results/pivot/p2_predictions.csv (skan4 panel, reference-mask biomarkers); sigma = results/gateA_biomarker_scales_train.csv; quality proxy feat_contrast from results/pivot/bio_master.csv (source=gt); CV protocol identical to src/pivot/e1_dose_response.py (5-fold x 3 repeats, seeds 0..2)"
fives,logreg,hetero_quality,injected,0.8,,9,400,4,0.8060170591342162,0.7889556658344171,0.9153199064152256,0.6303666666666666,-0.0723666666666668,"results/pivot/p2_predictions.csv (skan4 panel, reference-mask biomarkers); sigma = results/gateA_biomarker_scales_train.csv; quality proxy feat_contrast from results/pivot/bio_master.csv (source=gt); CV protocol identical to src/pivot/e1_dose_response.py (5-fold x 3 repeats, seeds 0..2)"
fives,logreg,hetero_quality,injected,0.7,,0,400,4,0.7063458886550651,0.6906931480231756,1.2450841144542621,0.5957333333333333,-0.1070000000000001,"results/pivot/p2_predictions.csv (skan4 panel, reference-mask biomarkers); sigma = results/gateA_biomarker_scales_train.csv; quality proxy feat_contrast from results/pivot/bio_master.csv (source=gt); CV protocol identical to src/pivot/e1_dose_response.py (5-fold x 3 repeats, seeds 0..2)"
fives,logreg,hetero_quality,injected,0.7,,1,400,4,0.7008011945692123,0.6898670649672002,1.245084114454262,0.6254000000000001,-0.07733333333333337,"results/pivot/p2_predictions.csv (skan4 panel, reference-mask biomarkers); sigma = results/gateA_biomarker_scales_train.csv; quality proxy feat_contrast from results/pivot/bio_master.csv (source=gt); CV protocol identical to src/pivot/e1_dose_response.py (5-fold x 3 repeats, seeds 0..2)"
fives,logreg,hetero_quality,injected,0.7,,2,400,4,0.7036456929965421,0.6923832241748921,1.2450841144542624,0.6372083333333334,-0.06552500000000006,"results/pivot/p2_predictions.csv (skan4 panel, reference-mask biomarkers); sigma = results/gateA_biomarker_scales_train.csv; quality proxy feat_contrast from results/pivot/bio_master.csv (source=gt); CV protocol identical to src/pivot/e1_dose_response.py (5-fold x 3 repeats, seeds 0..2)"
fives,logreg,hetero_quality,injected,0.7,,3,400,4,0.6886223509445115,0.6628525793657698,1.2450841144542624,0.6377833333333334,-0.06495000000000006,"results/pivot/p2_predictions.csv (skan4 panel, reference-mask biomarkers); sigma = results/gateA_biomarker_scales_train.csv; quality proxy feat_contrast from results/pivot/bio_master.csv (source=gt); CV protocol identical to src/pivot/e1_dose_response.py (5-fold x 3 repeats, seeds 0..2)"
fives,logreg,hetero_quality,injected,0.7,,4,400,4,0.7072853977475619,0.6797431818778847,1.2450841144542633,0.6357833333333334,-0.06695000000000007,"results/pivot/p2_predictions.csv (skan4 panel, reference-mask biomarkers); sigma = results/gateA_biomarker_scales_train.csv; quality proxy feat_contrast from results/pivot/bio_master.csv (source=gt); CV protocol identical to src/pivot/e1_dose_response.py (5-fold x 3 repeats, seeds 0..2)"
fives,logreg,hetero_quality,injected,0.7,,5,400,4,0.7068350443262045,0.6824312728275027,1.2450841144542628,0.6309,-0.07183333333333342,"results/pivot/p2_predictions.csv (skan4 panel, reference-mask biomarkers); sigma = results/gateA_biomarker_scales_train.csv; quality proxy feat_contrast from results/pivot/bio_master.csv (source=gt); CV protocol identical to src/pivot/e1_dose_response.py (5-fold x 3 repeats, seeds 0..2)"
fives,logreg,hetero_quality,injected,0.7,,6,400,4,0.6991939489430299,0.6906740442050612,1.2450841144542628,0.5778416666666667,-0.12489166666666673,"results/pivot/p2_predictions.csv (skan4 panel, reference-mask biomarkers); sigma = results/gateA_biomarker_scales_train.csv; quality proxy feat_contrast from results/pivot/bio_master.csv (source=gt); CV protocol identical to src/pivot/e1_dose_response.py (5-fold x 3 repeats, seeds 0..2)"
fives,logreg,hetero_quality,injected,0.7,,7,400,4,0.700853579643277,0.6804914065093547,1.2450841144542628,0.593275,-0.10945833333333344,"results/pivot/p2_predictions.csv (skan4 panel, reference-mask biomarkers); sigma = results/gateA_biomarker_scales_train.csv; quality proxy feat_contrast from results/pivot/bio_master.csv (source=gt); CV protocol identical to src/pivot/e1_dose_response.py (5-fold x 3 repeats, seeds 0..2)"
fives,logreg,hetero_quality,injected,0.7,,8,400,4,0.7054712674047148,0.6848758931616115,1.245084114454262,0.5929,-0.10983333333333345,"results/pivot/p2_predictions.csv (skan4 panel, reference-mask biomarkers); sigma = results/gateA_biomarker_scales_train.csv; quality proxy feat_contrast from results/pivot/bio_master.csv (source=gt); CV protocol identical to src/pivot/e1_dose_response.py (5-fold x 3 repeats, seeds 0..2)"
fives,logreg,hetero_quality,injected,0.7,,9,400,4,0.7099178969508788,0.6811717456207809,1.245084114454262,0.6151250000000001,-0.08760833333333329,"results/pivot/p2_predictions.csv (skan4 panel, reference-mask biomarkers); sigma = results/gateA_biomarker_scales_train.csv; quality proxy feat_contrast from results/pivot/bio_master.csv (source=gt); CV protocol identical to src/pivot/e1_dose_response.py (5-fold x 3 repeats, seeds 0..2)"
fives,logreg,hetero_quality,injected,0.6,,0,400,4,0.6088789871394977,0.58688787446934,1.6272353891826237,0.5835666666666667,-0.11916666666666675,"results/pivot/p2_predictions.csv (skan4 panel, reference-mask biomarkers); sigma = results/gateA_biomarker_scales_train.csv; quality proxy feat_contrast from results/pivot/bio_master.csv (source=gt); CV protocol identical to src/pivot/e1_dose_response.py (5-fold x 3 repeats, seeds 0..2)"
fives,logreg,hetero_quality,injected,0.6,,1,400,4,0.6010964795646737,0.5857212134800699,1.6272353891826237,0.6067750000000001,-0.09595833333333337,"results/pivot/p2_predictions.csv (skan4 panel, reference-mask biomarkers); sigma = results/gateA_biomarker_scales_train.csv; quality proxy feat_contrast from results/pivot/bio_master.csv (source=gt); CV protocol identical to src/pivot/e1_dose_response.py (5-fold x 3 repeats, seeds 0..2)"
fives,logreg,hetero_quality,injected,0.6,,2,400,4,0.6050725840387994,0.5892732908340339,1.6272353891826243,0.6228083333333333,-0.07992500000000013,"results/pivot/p2_predictions.csv (skan4 panel, reference-mask biomarkers); sigma = results/gateA_biomarker_scales_train.csv; quality proxy feat_contrast from results/pivot/bio_master.csv (source=gt); CV protocol identical to src/pivot/e1_dose_response.py (5-fold x 3 repeats, seeds 0..2)"
fives,logreg,hetero_quality,injected,0.6,,3,400,4,0.5838835198993688,0.5473042255533673,1.627235389182624,0.6252416666666667,-0.07749166666666674,"results/pivot/p2_predictions.csv (skan4 panel, reference-mask biomarkers); sigma = results/gateA_biomarker_scales_train.csv; quality proxy feat_contrast from results/pivot/bio_master.csv (source=gt); CV protocol identical to src/pivot/e1_dose_response.py (5-fold x 3 repeats, seeds 0..2)"
fives,logreg,hetero_quality,injected,0.6,,4,400,4,0.6101330946097018,0.5713851972238507,1.6272353891826237,0.6198083333333333,-0.08292500000000014,"results/pivot/p2_predictions.csv (skan4 panel, reference-mask biomarkers); sigma = results/gateA_biomarker_scales_train.csv; quality proxy feat_contrast from results/pivot/bio_master.csv (source=gt); CV protocol identical to src/pivot/e1_dose_response.py (5-fold x 3 repeats, seeds 0..2)"
fives,logreg,hetero_quality,injected,0.6,,5,400,4,0.6094621685080427,0.5751986590975903,1.6272353891826241,0.6196916666666666,-0.08304166666666679,"results/pivot/p2_predictions.csv (skan4 panel, reference-mask biomarkers); sigma = results/gateA_biomarker_scales_train.csv; quality proxy feat_contrast from results/pivot/bio_master.csv (source=gt); CV protocol identical to src/pivot/e1_dose_response.py (5-fold x 3 repeats, seeds 0..2)"
fives,logreg,hetero_quality,injected,0.6,,6,400,4,0.5988420458947176,0.5868608997696396,1.6272353891826246,0.5570416666666667,-0.14569166666666677,"results/pivot/p2_predictions.csv (skan4 panel, reference-mask biomarkers); sigma = results/gateA_biomarker_scales_train.csv; quality proxy feat_contrast from results/pivot/bio_master.csv (source=gt); CV protocol identical to src/pivot/e1_dose_response.py (5-fold x 3 repeats, seeds 0..2)"
fives,logreg,hetero_quality,injected,0.6,,7,400,4,0.601149864155468,0.572447178176332,1.6272353891826241,0.576175,-0.12655833333333344,"results/pivot/p2_predictions.csv (skan4 panel, reference-mask biomarkers); sigma = results/gateA_biomarker_scales_train.csv; quality proxy feat_contrast from results/pivot/bio_master.csv (source=gt); CV protocol identical to src/pivot/e1_dose_response.py (5-fold x 3 repeats, seeds 0..2)"
fives,logreg,hetero_quality,injected,0.6,,8,400,4,0.6075993579003639,0.5786623217624579,1.6272353891826241,0.5789916666666667,-0.12374166666666675,"results/pivot/p2_predictions.csv (skan4 panel, reference-mask biomarkers); sigma = results/gateA_biomarker_scales_train.csv; quality proxy feat_contrast from results/pivot/bio_master.csv (source=gt); CV protocol identical to src/pivot/e1_dose_response.py (5-fold x 3 repeats, seeds 0..2)"
fives,logreg,hetero_quality,injected,0.6,,9,400,4,0.6138099441141844,0.5734124637675411,1.6272353891826237,0.6024,-0.10033333333333339,"results/pivot/p2_predictions.csv (skan4 panel, reference-mask biomarkers); sigma = results/gateA_biomarker_scales_train.csv; quality proxy feat_contrast from results/pivot/bio_master.csv (source=gt); CV protocol identical to src/pivot/e1_dose_response.py (5-fold x 3 repeats, seeds 0..2)"
fives,logreg,hetero_quality,injected,0.5,,0,400,4,0.5112537488354463,0.4833594059141441,2.113840777453815,0.5703416666666666,-0.1323916666666668,"results/pivot/p2_predictions.csv (skan4 panel, reference-mask biomarkers); sigma = results/gateA_biomarker_scales_train.csv; quality proxy feat_contrast from results/pivot/bio_master.csv (source=gt); CV protocol identical to src/pivot/e1_dose_response.py (5-fold x 3 repeats, seeds 0..2)"
fives,logreg,hetero_quality,injected,0.5,,1,400,4,0.501383914508046,0.48187816166313124,2.1138407774538153,0.5888500000000001,-0.11388333333333334,"results/pivot/p2_predictions.csv (skan4 panel, reference-mask biomarkers); sigma = results/gateA_biomarker_scales_train.csv; quality proxy feat_contrast from results/pivot/bio_master.csv (source=gt); CV protocol identical to src/pivot/e1_dose_response.py (5-fold x 3 repeats, seeds 0..2)"
fives,logreg,hetero_quality,injected,0.5,,2,400,4,0.5064221423837477,0.4863877165289294,2.1138407774538157,0.608725,-0.09400833333333347,"results/pivot/p2_predictions.csv (skan4 panel, reference-mask biomarkers); sigma = results/gateA_biomarker_scales_train.csv; quality proxy feat_contrast from results/pivot/bio_master.csv (source=gt); CV protocol identical to src/pivot/e1_dose_response.py (5-fold x 3 repeats, seeds 0..2)"
fives,logreg,hetero_quality,injected,0.5,,3,400,4,0.4795283272934559,0.4330479501495634,2.113840777453815,0.6134916666666667,-0.08924166666666677,"results/pivot/p2_predictions.csv (skan4 panel, reference-mask biomarkers); sigma = results/gateA_biomarker_scales_train.csv; quality proxy feat_contrast from results/pivot/bio_master.csv (source=gt); CV protocol identical to src/pivot/e1_dose_response.py (5-fold x 3 repeats, seeds 0..2)"
fives,logreg,hetero_quality,injected,0.5,,4,400,4,0.512828807821907,0.46366832805623626,2.1138407774538157,0.6044166666666667,-0.09831666666666672,"results/pivot/p2_predictions.csv (skan4 panel, reference-mask biomarkers); sigma = results/gateA_biomarker_scales_train.csv; quality proxy feat_contrast from results/pivot/bio_master.csv (source=gt); CV protocol identical to src/pivot/e1_dose_response.py (5-fold x 3 repeats, seeds 0..2)"
fives,logreg,hetero_quality,injected,0.5,,5,400,4,0.5119678653044034,0.4685137055090244,2.1138407774538157,0.6103083333333333,-0.09242500000000009,"results/pivot/p2_predictions.csv (skan4 panel, reference-mask biomarkers); sigma = results/gateA_biomarker_scales_train.csv; quality proxy feat_contrast from results/pivot/bio_master.csv (source=gt); CV protocol identical to src/pivot/e1_dose_response.py (5-fold x 3 repeats, seeds 0..2)"
fives,logreg,hetero_quality,injected,0.5,,6,400,4,0.49852511238317954,0.4833251588005751,2.1138407774538157,0.5378083333333333,-0.1649250000000001,"results/pivot/p2_predictions.csv (skan4 panel, reference-mask biomarkers); sigma = results/gateA_biomarker_scales_train.csv; quality proxy feat_contrast from results/pivot/bio_master.csv (source=gt); CV protocol identical to src/pivot/e1_dose_response.py (5-fold x 3 repeats, seeds 0..2)"
fives,logreg,hetero_quality,injected,0.5,,7,400,4,0.501447132189056,0.4650177834028341,2.1138407774538157,0.5586083333333334,-0.14412500000000006,"results/pivot/p2_predictions.csv (skan4 panel, reference-mask biomarkers); sigma = results/gateA_biomarker_scales_train.csv; quality proxy feat_contrast from results/pivot/bio_master.csv (source=gt); CV protocol identical to src/pivot/e1_dose_response.py (5-fold x 3 repeats, seeds 0..2)"
fives,logreg,hetero_quality,injected,0.5,,8,400,4,0.5096181732756704,0.47291372112125135,2.113840777453814,0.565075,-0.13765833333333344,"results/pivot/p2_predictions.csv (skan4 panel, reference-mask biomarkers); sigma = results/gateA_biomarker_scales_train.csv; quality proxy feat_contrast from results/pivot/bio_master.csv (source=gt); CV protocol identical to src/pivot/e1_dose_response.py (5-fold x 3 repeats, seeds 0..2)"
fives,logreg,hetero_quality,injected,0.5,,9,400,4,0.517487098511607,0.4662442985855672,2.113840777453814,0.5899083333333334,-0.11282500000000006,"results/pivot/p2_predictions.csv (skan4 panel, reference-mask biomarkers); sigma = results/gateA_biomarker_scales_train.csv; quality proxy feat_contrast from results/pivot/bio_master.csv (source=gt); CV protocol identical to src/pivot/e1_dose_response.py (5-fold x 3 repeats, seeds 0..2)"
fives,logreg,hetero_quality,injected,0.4,,0,400,4,0.41336029344486247,0.38029097555313185,2.796348504165112,0.5560083333333333,-0.1467250000000001,"results/pivot/p2_predictions.csv (skan4 panel, reference-mask biomarkers); sigma = results/gateA_biomarker_scales_train.csv; quality proxy feat_contrast from results/pivot/bio_master.csv (source=gt); CV protocol identical to src/pivot/e1_dose_response.py (5-fold x 3 repeats, seeds 0..2)"
fives,logreg,hetero_quality,injected,0.4,,1,400,4,0.4016556215772529,0.37853808399862926,2.7963485041651124,0.5726333333333333,-0.1301000000000001,"results/pivot/p2_predictions.csv (skan4 panel, reference-mask biomarkers); sigma = results/gateA_biomarker_scales_train.csv; quality proxy feat_contrast from results/pivot/bio_master.csv (source=gt); CV protocol identical to src/pivot/e1_dose_response.py (5-fold x 3 repeats, seeds 0..2)"
fives,logreg,hetero_quality,injected,0.4,,2,400,4,0.4076383197868315,0.38387541940590386,2.7963485041651115,0.59395,-0.10878333333333345,"results/pivot/p2_predictions.csv (skan4 panel, reference-mask biomarkers); sigma = results/gateA_biomarker_scales_train.csv; quality proxy feat_contrast from results/pivot/bio_master.csv (source=gt); CV protocol identical to src/pivot/e1_dose_response.py (5-fold x 3 repeats, seeds 0..2)"
fives,logreg,hetero_quality,injected,0.4,,3,400,4,0.37580107532605944,0.32089931838840374,2.7963485041651124,0.6016833333333333,-0.10105000000000008,"results/pivot/p2_predictions.csv (skan4 panel, reference-mask biomarkers); sigma = results/gateA_biomarker_scales_train.csv; quality proxy feat_contrast from results/pivot/bio_master.csv (source=gt); CV protocol identical to src/pivot/e1_dose_response.py (5-fold x 3 repeats, seeds 0..2)"
fives,logreg,hetero_quality,injected,0.4,,4,400,4,0.41526118507231113,0.35700939221460665,2.7963485041651133,0.589125,-0.11360833333333342,"results/pivot/p2_predictions.csv (skan4 panel, reference-mask biomarkers); sigma = results/gateA_biomarker_scales_train.csv; quality proxy feat_contrast from results/pivot/bio_master.csv (source=gt); CV protocol identical to src/pivot/e1_dose_response.py (5-fold x 3 repeats, seeds 0..2)"
fives,logreg,hetero_quality,injected,0.4,,5,400,4,0.41425886481728036,0.3627340768158224,2.7963485041651124,0.6002833333333335,-0.10244999999999993,"results/pivot/p2_predictions.csv (skan4 panel, reference-mask biomarkers); sigma = results/gateA_biomarker_scales_train.csv; quality proxy feat_contrast from results/pivot/bio_master.csv (source=gt); CV protocol identical to src/pivot/e1_dose_response.py (5-fold x 3 repeats, seeds 0..2)"
fives,logreg,hetero_quality,injected,0.4,,6,400,4,0.39826449831560645,0.380250445022659,2.7963485041651133,0.5148833333333334,-0.18785000000000007,"results/pivot/p2_predictions.csv (skan4 panel, reference-mask biomarkers); sigma = results/gateA_biomarker_scales_train.csv; quality proxy feat_contrast from results/pivot/bio_master.csv (source=gt); CV protocol identical to src/pivot/e1_dose_response.py (5-fold x 3 repeats, seeds 0..2)"
fives,logreg,hetero_quality,injected,0.4,,7,400,4,0.40174135240728526,0.35860345630969553,2.7963485041651133,0.5410999999999999,-0.16163333333333352,"results/pivot/p2_predictions.csv (skan4 panel, reference-mask biomarkers); sigma = results/gateA_biomarker_scales_train.csv; quality proxy feat_contrast from results/pivot/bio_master.csv (source=gt); CV protocol identical to src/pivot/e1_dose_response.py (5-fold x 3 repeats, seeds 0..2)"
fives,logreg,hetero_quality,injected,0.4,,8,400,4,0.4114467814407166,0.36793498492165594,2.796348504165112,0.5508833333333334,-0.15185000000000004,"results/pivot/p2_predictions.csv (skan4 panel, reference-mask biomarkers); sigma = results/gateA_biomarker_scales_train.csv; quality proxy feat_contrast from results/pivot/bio_master.csv (source=gt); CV protocol identical to src/pivot/e1_dose_response.py (5-fold x 3 repeats, seeds 0..2)"
fives,logreg,hetero_quality,injected,0.4,,9,400,4,0.4207941597061411,0.360052484514889,2.7963485041651115,0.5763166666666667,-0.12641666666666673,"results/pivot/p2_predictions.csv (skan4 panel, reference-mask biomarkers); sigma = results/gateA_biomarker_scales_train.csv; quality proxy feat_contrast from results/pivot/bio_master.csv (source=gt); CV protocol identical to src/pivot/e1_dose_response.py (5-fold x 3 repeats, seeds 0..2)"
fives,logreg,label_dependent,injected,0.99,,0,400,4,0.9902035173571474,0.9900696578209349,0.17390136372703113,0.6853333333333332,-0.017400000000000193,"results/pivot/p2_predictions.csv (skan4 panel, reference-mask biomarkers); sigma = results/gateA_biomarker_scales_train.csv; quality proxy feat_contrast from results/pivot/bio_master.csv (source=gt); CV protocol identical to src/pivot/e1_dose_response.py (5-fold x 3 repeats, seeds 0..2)"
fives,logreg,label_dependent,injected,0.99,,1,400,4,0.990062873301613,0.9898820854012871,0.173901363727031,0.7016916666666667,-0.0010416666666667185,"results/pivot/p2_predictions.csv (skan4 panel, reference-mask biomarkers); sigma = results/gateA_biomarker_scales_train.csv; quality proxy feat_contrast from results/pivot/bio_master.csv (source=gt); CV protocol identical to src/pivot/e1_dose_response.py (5-fold x 3 repeats, seeds 0..2)"
fives,logreg,label_dependent,injected,0.99,,2,400,4,0.9901361573474561,0.9899776390099462,0.17390136372703102,0.7007000000000001,-0.0020333333333333314,"results/pivot/p2_predictions.csv (skan4 panel, reference-mask biomarkers); sigma = results/gateA_biomarker_scales_train.csv; quality proxy feat_contrast from results/pivot/bio_master.csv (source=gt); CV protocol identical to src/pivot/e1_dose_response.py (5-fold x 3 repeats, seeds 0..2)"
fives,logreg,label_dependent,injected,0.99,,3,400,4,0.9900892626609926,0.9900659651218782,0.17390136372703113,0.6946916666666667,-0.008041666666666725,"results/pivot/p2_predictions.csv (skan4 panel, reference-mask biomarkers); sigma = results/gateA_biomarker_scales_train.csv; quality proxy feat_contrast from results/pivot/bio_master.csv (source=gt); CV protocol identical to src/pivot/e1_dose_response.py (5-fold x 3 repeats, seeds 0..2)"
fives,logreg,label_dependent,injected,0.99,,4,400,4,0.9902635062229649,0.9899743828175817,0.17390136372703108,0.7065833333333333,0.003849999999999909,"results/pivot/p2_predictions.csv (skan4 panel, reference-mask biomarkers); sigma = results/gateA_biomarker_scales_train.csv; quality proxy feat_contrast from results/pivot/bio_master.csv (source=gt); CV protocol identical to src/pivot/e1_dose_response.py (5-fold x 3 repeats, seeds 0..2)"
fives,logreg,label_dependent,injected,0.99,,5,400,4,0.9900992821236341,0.9899418476107267,0.17390136372703113,0.7083499999999999,0.005616666666666492,"results/pivot/p2_predictions.csv (skan4 panel, reference-mask biomarkers); sigma = results/gateA_biomarker_scales_train.csv; quality proxy feat_contrast from results/pivot/bio_master.csv (source=gt); CV protocol identical to src/pivot/e1_dose_response.py (5-fold x 3 repeats, seeds 0..2)"
fives,logreg,label_dependent,injected,0.99,,6,400,4,0.9900854776273253,0.9898437691578563,0.1739013637270313,0.6936166666666667,-0.009116666666666773,"results/pivot/p2_predictions.csv (skan4 panel, reference-mask biomarkers); sigma = results/gateA_biomarker_scales_train.csv; quality proxy feat_contrast from results/pivot/bio_master.csv (source=gt); CV protocol identical to src/pivot/e1_dose_response.py (5-fold x 3 repeats, seeds 0..2)"
fives,logreg,label_dependent,injected,0.99,,7,400,4,0.9899957528435959,0.9899032727652982,0.17390136372703113,0.6815166666666668,-0.02121666666666666,"results/pivot/p2_predictions.csv (skan4 panel, reference-mask biomarkers); sigma = results/gateA_biomarker_scales_train.csv; quality proxy feat_contrast from results/pivot/bio_master.csv (source=gt); CV protocol identical to src/pivot/e1_dose_response.py (5-fold x 3 repeats, seeds 0..2)"
fives,logreg,label_dependent,injected,0.99,,8,400,4,0.9900792899098843,0.9898834801025267,0.17390136372703113,0.68075,-0.021983333333333466,"results/pivot/p2_predictions.csv (skan4 panel, reference-mask biomarkers); sigma = results/gateA_biomarker_scales_train.csv; quality proxy feat_contrast from results/pivot/bio_master.csv (source=gt); CV protocol identical to src/pivot/e1_dose_response.py (5-fold x 3 repeats, seeds 0..2)"
fives,logreg,label_dependent,injected,0.99,,9,400,4,0.9902494407694455,0.9899204413910562,0.17390136372703122,0.6856249999999999,-0.017108333333333503,"results/pivot/p2_predictions.csv (skan4 panel, reference-mask biomarkers); sigma = results/gateA_biomarker_scales_train.csv; quality proxy feat_contrast from results/pivot/bio_master.csv (source=gt); CV protocol identical to src/pivot/e1_dose_response.py (5-fold x 3 repeats, seeds 0..2)"
fives,logreg,label_dependent,injected,0.95,,0,400,4,0.9519142103744519,0.950719508948869,0.4011348058566523,0.6737166666666667,-0.02901666666666669,"results/pivot/p2_predictions.csv (skan4 panel, reference-mask biomarkers); sigma = results/gateA_biomarker_scales_train.csv; quality proxy feat_contrast from results/pivot/bio_master.csv (source=gt); CV protocol identical to src/pivot/e1_dose_response.py (5-fold x 3 repeats, seeds 0..2)"
fives,logreg,label_dependent,injected,0.95,,1,400,4,0.9505322664928966,0.9485472488155486,0.4011348058566525,0.6978916666666668,-0.004841666666666633,"results/pivot/p2_predictions.csv (skan4 panel, reference-mask biomarkers); sigma = results/gateA_biomarker_scales_train.csv; quality proxy feat_contrast from results/pivot/bio_master.csv (source=gt); CV protocol identical to src/pivot/e1_dose_response.py (5-fold x 3 repeats, seeds 0..2)"
fives,logreg,label_dependent,injected,0.95,,2,400,4,0.9512865212527695,0.9497529553413876,0.4011348058566526,0.702975,0.00024166666666658454,"results/pivot/p2_predictions.csv (skan4 panel, reference-mask biomarkers); sigma = results/gateA_biomarker_scales_train.csv; quality proxy feat_contrast from results/pivot/bio_master.csv (source=gt); CV protocol identical to src/pivot/e1_dose_response.py (5-fold x 3 repeats, seeds 0..2)"
fives,logreg,label_dependent,injected,0.95,,3,400,4,0.9509089728000159,0.9506829406414693,0.40113480585665273,0.6929666666666667,-0.009766666666666701,"results/pivot/p2_predictions.csv (skan4 panel, reference-mask biomarkers); sigma = results/gateA_biomarker_scales_train.csv; quality proxy feat_contrast from results/pivot/bio_master.csv (source=gt); CV protocol identical to src/pivot/e1_dose_response.py (5-fold x 3 repeats, seeds 0..2)"
fives,logreg,label_dependent,injected,0.95,,4,400,4,0.9523682660102639,0.9497161721436012,0.4011348058566526,0.711725,0.00899166666666662,"results/pivot/p2_predictions.csv (skan4 panel, reference-mask biomarkers); sigma = results/gateA_biomarker_scales_train.csv; quality proxy feat_contrast from results/pivot/bio_master.csv (source=gt); CV protocol identical to src/pivot/e1_dose_response.py (5-fold x 3 repeats, seeds 0..2)"
fives,logreg,label_dependent,injected,0.95,,5,400,4,0.9509325506041876,0.9493353624115601,0.4011348058566524,0.7091583333333333,0.006424999999999903,"results/pivot/p2_predictions.csv (skan4 panel, reference-mask biomarkers); sigma = results/gateA_biomarker_scales_train.csv; quality proxy feat_contrast from results/pivot/bio_master.csv (source=gt); CV protocol identical to src/pivot/e1_dose_response.py (5-fold x 3 repeats, seeds 0..2)"
fives,logreg,label_dependent,injected,0.95,,6,400,4,0.9505369840337919,0.9479299524902267,0.4011348058566525,0.6917000000000001,-0.01103333333333334,"results/pivot/p2_predictions.csv (skan4 panel, reference-mask biomarkers); sigma = results/gateA_biomarker_scales_train.csv; quality proxy feat_contrast from results/pivot/bio_master.csv (source=gt); CV protocol identical to src/pivot/e1_dose_response.py (5-fold x 3 repeats, seeds 0..2)"
fives,logreg,label_dependent,injected,0.95,,7,400,4,0.9499097236059239,0.9488437448307874,0.4011348058566524,0.6656583333333334,-0.03707500000000008,"results/pivot/p2_predictions.csv (skan4 panel, reference-mask biomarkers); sigma = results/gateA_biomarker_scales_train.csv; quality proxy feat_contrast from results/pivot/bio_master.csv (source=gt); CV protocol identical to src/pivot/e1_dose_response.py (5-fold x 3 repeats, seeds 0..2)"
fives,logreg,label_dependent,injected,0.95,,8,400,4,0.9506747383688542,0.9485675164450975,0.4011348058566524,0.66825,-0.03448333333333342,"results/pivot/p2_predictions.csv (skan4 panel, reference-mask biomarkers); sigma = results/gateA_biomarker_scales_train.csv; quality proxy feat_contrast from results/pivot/bio_master.csv (source=gt); CV protocol identical to src/pivot/e1_dose_response.py (5-fold x 3 repeats, seeds 0..2)"
fives,logreg,label_dependent,injected,0.95,,9,400,4,0.9521101233938598,0.9490690156594133,0.4011348058566527,0.6684083333333333,-0.03432500000000016,"results/pivot/p2_predictions.csv (skan4 panel, reference-mask biomarkers); sigma = results/gateA_biomarker_scales_train.csv; quality proxy feat_contrast from results/pivot/bio_master.csv (source=gt); CV protocol identical to src/pivot/e1_dose_response.py (5-fold x 3 repeats, seeds 0..2)"
fives,logreg,label_dependent,injected,0.9,,0,400,4,0.9049863383609797,0.9019297001689182,0.5910795515666778,0.6660750000000001,-0.03665833333333335,"results/pivot/p2_predictions.csv (skan4 panel, reference-mask biomarkers); sigma = results/gateA_biomarker_scales_train.csv; quality proxy feat_contrast from results/pivot/bio_master.csv (source=gt); CV protocol identical to src/pivot/e1_dose_response.py (5-fold x 3 repeats, seeds 0..2)"
fives,logreg,label_dependent,injected,0.9,,1,400,4,0.901333266055923,0.8959113610256629,0.5910795515666782,0.6941333333333334,-0.008600000000000052,"results/pivot/p2_predictions.csv (skan4 panel, reference-mask biomarkers); sigma = results/gateA_biomarker_scales_train.csv; quality proxy feat_contrast from results/pivot/bio_master.csv (source=gt); CV protocol identical to src/pivot/e1_dose_response.py (5-fold x 3 repeats, seeds 0..2)"
fives,logreg,label_dependent,injected,0.9,,2,400,4,0.9033558497297274,0.8993244320464061,0.5910795515666778,0.703625,0.000891666666666513,"results/pivot/p2_predictions.csv (skan4 panel, reference-mask biomarkers); sigma = results/gateA_biomarker_scales_train.csv; quality proxy feat_contrast from results/pivot/bio_master.csv (source=gt); CV protocol identical to src/pivot/e1_dose_response.py (5-fold x 3 repeats, seeds 0..2)"
fives,logreg,label_dependent,injected,0.9,,3,400,4,0.9024274274656461,0.9018328870787948,0.5910795515666784,0.692225,-0.010508333333333453,"results/pivot/p2_predictions.csv (skan4 panel, reference-mask biomarkers); sigma = results/gateA_biomarker_scales_train.csv; quality proxy feat_contrast from results/pivot/bio_master.csv (source=gt); CV protocol identical to src/pivot/e1_dose_response.py (5-fold x 3 repeats, seeds 0..2)"
fives,logreg,label_dependent,injected,0.9,,4,400,4,0.906074824163525,0.8992232273432326,0.5910795515666781,0.7115416666666666,0.008808333333333196,"results/pivot/p2_predictions.csv (skan4 panel, reference-mask biomarkers); sigma = results/gateA_biomarker_scales_train.csv; quality proxy feat_contrast from results/pivot/bio_master.csv (source=gt); CV protocol identical to src/pivot/e1_dose_response.py (5-fold x 3 repeats, seeds 0..2)"
fives,logreg,label_dependent,injected,0.9,,5,400,4,0.9024271653284985,0.8981654932628924,0.5910795515666778,0.7081416666666667,0.005408333333333237,"results/pivot/p2_predictions.csv (skan4 panel, reference-mask biomarkers); sigma = results/gateA_biomarker_scales_train.csv; quality proxy feat_contrast from results/pivot/bio_master.csv (source=gt); CV protocol identical to src/pivot/e1_dose_response.py (5-fold x 3 repeats, seeds 0..2)"
fives,logreg,label_dependent,injected,0.9,,6,400,4,0.9011648759349642,0.8940714868422487,0.5910795515666778,0.6884416666666666,-0.014291666666666814,"results/pivot/p2_predictions.csv (skan4 panel, reference-mask biomarkers); sigma = results/gateA_biomarker_scales_train.csv; quality proxy feat_contrast from results/pivot/bio_master.csv (source=gt); CV protocol identical to src/pivot/e1_dose_response.py (5-fold x 3 repeats, seeds 0..2)"
fives,logreg,label_dependent,injected,0.9,,7,400,4,0.8997200358823662,0.896770616436292,0.5910795515666777,0.6603166666666667,-0.04241666666666677,"results/pivot/p2_predictions.csv (skan4 panel, reference-mask biomarkers); sigma = results/gateA_biomarker_scales_train.csv; quality proxy feat_contrast from results/pivot/bio_master.csv (source=gt); CV protocol identical to src/pivot/e1_dose_response.py (5-fold x 3 repeats, seeds 0..2)"
fives,logreg,label_dependent,injected,0.9,,8,400,4,0.9016940201968493,0.8959705652849435,0.591079551566678,0.6660916666666667,-0.036641666666666683,"results/pivot/p2_predictions.csv (skan4 panel, reference-mask biomarkers); sigma = results/gateA_biomarker_scales_train.csv; quality proxy feat_contrast from results/pivot/bio_master.csv (source=gt); CV protocol identical to src/pivot/e1_dose_response.py (5-fold x 3 repeats, seeds 0..2)"
fives,logreg,label_dependent,injected,0.9,,9,400,4,0.9052971658024525,0.8974141549654846,0.5910795515666781,0.6590083333333334,-0.043725000000000014,"results/pivot/p2_predictions.csv (skan4 panel, reference-mask biomarkers); sigma = results/gateA_biomarker_scales_train.csv; quality proxy feat_contrast from results/pivot/bio_master.csv (source=gt); CV protocol identical to src/pivot/e1_dose_response.py (5-fold x 3 repeats, seeds 0..2)"
fives,logreg,label_dependent,injected,0.8,,0,400,4,0.8125634833519817,0.8049766243701127,0.9153199064152256,0.6579,-0.04483333333333339,"results/pivot/p2_predictions.csv (skan4 panel, reference-mask biomarkers); sigma = results/gateA_biomarker_scales_train.csv; quality proxy feat_contrast from results/pivot/bio_master.csv (source=gt); CV protocol identical to src/pivot/e1_dose_response.py (5-fold x 3 repeats, seeds 0..2)"
fives,logreg,label_dependent,injected,0.8,,1,400,4,0.8032442389128127,0.7890514391541011,0.915319906415226,0.6868916666666667,-0.015841666666666754,"results/pivot/p2_predictions.csv (skan4 panel, reference-mask biomarkers); sigma = results/gateA_biomarker_scales_train.csv; quality proxy feat_contrast from results/pivot/bio_master.csv (source=gt); CV protocol identical to src/pivot/e1_dose_response.py (5-fold x 3 repeats, seeds 0..2)"
fives,logreg,label_dependent,injected,0.8,,2,400,4,0.8084638396507672,0.7982308123815486,0.9153199064152259,0.7035916666666666,0.0008583333333331833,"results/pivot/p2_predictions.csv (skan4 panel, reference-mask biomarkers); sigma = results/gateA_biomarker_scales_train.csv; quality proxy feat_contrast from results/pivot/bio_master.csv (source=gt); CV protocol identical to src/pivot/e1_dose_response.py (5-fold x 3 repeats, seeds 0..2)"
fives,logreg,label_dependent,injected,0.8,,3,400,4,0.8062389883396369,0.8047295351535976,0.915319906415226,0.6891499999999999,-0.013583333333333503,"results/pivot/p2_predictions.csv (skan4 panel, reference-mask biomarkers); sigma = results/gateA_biomarker_scales_train.csv; quality proxy feat_contrast from results/pivot/bio_master.csv (source=gt); CV protocol identical to src/pivot/e1_dose_response.py (5-fold x 3 repeats, seeds 0..2)"
fives,logreg,label_dependent,injected,0.8,,4,400,4,0.8151125045583614,0.7979645091391065,0.9153199064152262,0.711875,0.009141666666666604,"results/pivot/p2_predictions.csv (skan4 panel, reference-mask biomarkers); sigma = results/gateA_biomarker_scales_train.csv; quality proxy feat_contrast from results/pivot/bio_master.csv (source=gt); CV protocol identical to src/pivot/e1_dose_response.py (5-fold x 3 repeats, seeds 0..2)"
fives,logreg,label_dependent,injected,0.8,,5,400,4,0.8061092408389547,0.7951607590214833,0.9153199064152255,0.7038833333333334,0.0011499999999999844,"results/pivot/p2_predictions.csv (skan4 panel, reference-mask biomarkers); sigma = results/gateA_biomarker_scales_train.csv; quality proxy feat_contrast from results/pivot/bio_master.csv (source=gt); CV protocol identical to src/pivot/e1_dose_response.py (5-fold x 3 repeats, seeds 0..2)"
fives,logreg,label_dependent,injected,0.8,,6,400,4,0.8024426974737359,0.7839127818837835,0.9153199064152258,0.68285,-0.019883333333333475,"results/pivot/p2_predictions.csv (skan4 panel, reference-mask biomarkers); sigma = results/gateA_biomarker_scales_train.csv; quality proxy feat_contrast from results/pivot/bio_master.csv (source=gt); CV protocol identical to src/pivot/e1_dose_response.py (5-fold x 3 repeats, seeds 0..2)"
fives,logreg,label_dependent,injected,0.8,,7,400,4,0.799198916431684,0.7914029769134256,0.9153199064152255,0.6523666666666667,-0.05036666666666678,"results/pivot/p2_predictions.csv (skan4 panel, reference-mask biomarkers); sigma = results/gateA_biomarker_scales_train.csv; quality proxy feat_contrast from results/pivot/bio_master.csv (source=gt); CV protocol identical to src/pivot/e1_dose_response.py (5-fold x 3 repeats, seeds 0..2)"
fives,logreg,label_dependent,injected,0.8,,8,400,4,0.8041315968177742,0.7892144071926815,0.9153199064152258,0.6616666666666667,-0.041066666666666696,"results/pivot/p2_predictions.csv (skan4 panel, reference-mask biomarkers); sigma = results/gateA_biomarker_scales_train.csv; quality proxy feat_contrast from results/pivot/bio_master.csv (source=gt); CV protocol identical to src/pivot/e1_dose_response.py (5-fold x 3 repeats, seeds 0..2)"
fives,logreg,label_dependent,injected,0.8,,9,400,4,0.8129417346444514,0.7931455255542711,0.9153199064152262,0.6495166666666666,-0.0532166666666668,"results/pivot/p2_predictions.csv (skan4 panel, reference-mask biomarkers); sigma = results/gateA_biomarker_scales_train.csv; quality proxy feat_contrast from results/pivot/bio_master.csv (source=gt); CV protocol identical to src/pivot/e1_dose_response.py (5-fold x 3 repeats, seeds 0..2)"
fives,logreg,label_dependent,injected,0.7,,0,400,4,0.7208811430938702,0.7083522986563204,1.245084114454262,0.6510583333333333,-0.05167500000000014,"results/pivot/p2_predictions.csv (skan4 panel, reference-mask biomarkers); sigma = results/gateA_biomarker_scales_train.csv; quality proxy feat_contrast from results/pivot/bio_master.csv (source=gt); CV protocol identical to src/pivot/e1_dose_response.py (5-fold x 3 repeats, seeds 0..2)"
fives,logreg,label_dependent,injected,0.7,,1,400,4,0.7053082734252558,0.6813368680082625,1.2450841144542624,0.6804916666666667,-0.022241666666666715,"results/pivot/p2_predictions.csv (skan4 panel, reference-mask biomarkers); sigma = results/gateA_biomarker_scales_train.csv; quality proxy feat_contrast from results/pivot/bio_master.csv (source=gt); CV protocol identical to src/pivot/e1_dose_response.py (5-fold x 3 repeats, seeds 0..2)"
fives,logreg,label_dependent,injected,0.7,,2,400,4,0.7140728527790506,0.6970117685434286,1.2450841144542615,0.700725,-0.0020083333333333897,"results/pivot/p2_predictions.csv (skan4 panel, reference-mask biomarkers); sigma = results/gateA_biomarker_scales_train.csv; quality proxy feat_contrast from results/pivot/bio_master.csv (source=gt); CV protocol identical to src/pivot/e1_dose_response.py (5-fold x 3 repeats, seeds 0..2)"
fives,logreg,label_dependent,injected,0.7,,3,400,4,0.7104560878870134,0.7079394203353127,1.2450841144542621,0.6831833333333334,-0.019550000000000067,"results/pivot/p2_predictions.csv (skan4 panel, reference-mask biomarkers); sigma = results/gateA_biomarker_scales_train.csv; quality proxy feat_contrast from results/pivot/bio_master.csv (source=gt); CV protocol identical to src/pivot/e1_dose_response.py (5-fold x 3 repeats, seeds 0..2)"
fives,logreg,label_dependent,injected,0.7,,4,400,4,0.7249818000539975,0.6965610844851904,1.2450841144542628,0.7099666666666666,0.007233333333333203,"results/pivot/p2_predictions.csv (skan4 panel, reference-mask biomarkers); sigma = results/gateA_biomarker_scales_train.csv; quality proxy feat_contrast from results/pivot/bio_master.csv (source=gt); CV protocol identical to src/pivot/e1_dose_response.py (5-fold x 3 repeats, seeds 0..2)"
fives,logreg,label_dependent,injected,0.7,,5,400,4,0.710148489034905,0.6918017380512571,1.245084114454262,0.6992083333333333,-0.0035250000000001114,"results/pivot/p2_predictions.csv (skan4 panel, reference-mask biomarkers); sigma = results/gateA_biomarker_scales_train.csv; quality proxy feat_contrast from results/pivot/bio_master.csv (source=gt); CV protocol identical to src/pivot/e1_dose_response.py (5-fold x 3 repeats, seeds 0..2)"
fives,logreg,label_dependent,injected,0.7,,6,400,4,0.7037075351692266,0.6724284299691768,1.2450841144542624,0.6769833333333334,-0.02575000000000005,"results/pivot/p2_predictions.csv (skan4 panel, reference-mask biomarkers); sigma = results/gateA_biomarker_scales_train.csv; quality proxy feat_contrast from results/pivot/bio_master.csv (source=gt); CV protocol identical to src/pivot/e1_dose_response.py (5-fold x 3 repeats, seeds 0..2)"
fives,logreg,label_dependent,injected,0.7,,7,400,4,0.6985993902904843,0.6853806300060188,1.2450841144542624,0.6460250000000001,-0.05670833333333336,"results/pivot/p2_predictions.csv (skan4 panel, reference-mask biomarkers); sigma = results/gateA_biomarker_scales_train.csv; quality proxy feat_contrast from results/pivot/bio_master.csv (source=gt); CV protocol identical to src/pivot/e1_dose_response.py (5-fold x 3 repeats, seeds 0..2)"
fives,logreg,label_dependent,injected,0.7,,8,400,4,0.7067677896300522,0.6816177627748311,1.2450841144542624,0.6600833333333334,-0.04265000000000008,"results/pivot/p2_predictions.csv (skan4 panel, reference-mask biomarkers); sigma = results/gateA_biomarker_scales_train.csv; quality proxy feat_contrast from results/pivot/bio_master.csv (source=gt); CV protocol identical to src/pivot/e1_dose_response.py (5-fold x 3 repeats, seeds 0..2)"
fives,logreg,label_dependent,injected,0.7,,9,400,4,0.7212275041338138,0.688364353412679,1.2450841144542626,0.642575,-0.060158333333333425,"results/pivot/p2_predictions.csv (skan4 panel, reference-mask biomarkers); sigma = results/gateA_biomarker_scales_train.csv; quality proxy feat_contrast from results/pivot/bio_master.csv (source=gt); CV protocol identical to src/pivot/e1_dose_response.py (5-fold x 3 repeats, seeds 0..2)"
fives,logreg,label_dependent,injected,0.6,,0,400,4,0.6291780442287889,0.6117186946552774,1.6272353891826237,0.6403916666666667,-0.06234166666666674,"results/pivot/p2_predictions.csv (skan4 panel, reference-mask biomarkers); sigma = results/gateA_biomarker_scales_train.csv; quality proxy feat_contrast from results/pivot/bio_master.csv (source=gt); CV protocol identical to src/pivot/e1_dose_response.py (5-fold x 3 repeats, seeds 0..2)"
fives,logreg,label_dependent,injected,0.6,,1,400,4,0.6073681040379827,0.5736466951877579,1.6272353891826246,0.6744083333333334,-0.028325000000000045,"results/pivot/p2_predictions.csv (skan4 panel, reference-mask biomarkers); sigma = results/gateA_biomarker_scales_train.csv; quality proxy feat_contrast from results/pivot/bio_master.csv (source=gt); CV protocol identical to src/pivot/e1_dose_response.py (5-fold x 3 repeats, seeds 0..2)"
fives,logreg,label_dependent,injected,0.6,,2,400,4,0.6196678204277185,0.5957962811197305,1.6272353891826241,0.6941166666666666,-0.008616666666666828,"results/pivot/p2_predictions.csv (skan4 panel, reference-mask biomarkers); sigma = results/gateA_biomarker_scales_train.csv; quality proxy feat_contrast from results/pivot/bio_master.csv (source=gt); CV protocol identical to src/pivot/e1_dose_response.py (5-fold x 3 repeats, seeds 0..2)"
fives,logreg,label_dependent,injected,0.6,,3,400,4,0.614661753650253,0.6111404635757646,1.6272353891826241,0.6750083333333332,-0.02772500000000022,"results/pivot/p2_predictions.csv (skan4 panel, reference-mask biomarkers); sigma = results/gateA_biomarker_scales_train.csv; quality proxy feat_contrast from results/pivot/bio_master.csv (source=gt); CV protocol identical to src/pivot/e1_dose_response.py (5-fold x 3 repeats, seeds 0..2)"
fives,logreg,label_dependent,injected,0.6,,4,400,4,0.6348278829663669,0.5951617637742462,1.627235389182625,0.7081500000000001,0.005416666666666625,"results/pivot/p2_predictions.csv (skan4 panel, reference-mask biomarkers); sigma = results/gateA_biomarker_scales_train.csv; quality proxy feat_contrast from results/pivot/bio_master.csv (source=gt); CV protocol identical to src/pivot/e1_dose_response.py (5-fold x 3 repeats, seeds 0..2)"
fives,logreg,label_dependent,injected,0.6,,5,400,4,0.6141777370416786,0.5884527851353498,1.6272353891826237,0.694625,-0.008108333333333384,"results/pivot/p2_predictions.csv (skan4 panel, reference-mask biomarkers); sigma = results/gateA_biomarker_scales_train.csv; quality proxy feat_contrast from results/pivot/bio_master.csv (source=gt); CV protocol identical to src/pivot/e1_dose_response.py (5-fold x 3 repeats, seeds 0..2)"
fives,logreg,label_dependent,injected,0.6,,6,400,4,0.6049730517775815,0.5609820747396043,1.6272353891826246,0.6701166666666667,-0.03261666666666674,"results/pivot/p2_predictions.csv (skan4 panel, reference-mask biomarkers); sigma = results/gateA_biomarker_scales_train.csv; quality proxy feat_contrast from results/pivot/bio_master.csv (source=gt); CV protocol identical to src/pivot/e1_dose_response.py (5-fold x 3 repeats, seeds 0..2)"
fives,logreg,label_dependent,injected,0.6,,7,400,4,0.5980021292035338,0.5793769402344505,1.6272353891826237,0.6394666666666666,-0.0632666666666668,"results/pivot/p2_predictions.csv (skan4 panel, reference-mask biomarkers); sigma = results/gateA_biomarker_scales_train.csv; quality proxy feat_contrast from results/pivot/bio_master.csv (source=gt); CV protocol identical to src/pivot/e1_dose_response.py (5-fold x 3 repeats, seeds 0..2)"
fives,logreg,label_dependent,injected,0.6,,8,400,4,0.6093985139155651,0.574045109370328,1.6272353891826237,0.6564166666666666,-0.046316666666666784,"results/pivot/p2_predictions.csv (skan4 panel, reference-mask biomarkers); sigma = results/gateA_biomarker_scales_train.csv; quality proxy feat_contrast from results/pivot/bio_master.csv (source=gt); CV protocol identical to src/pivot/e1_dose_response.py (5-fold x 3 repeats, seeds 0..2)"
fives,logreg,label_dependent,injected,0.6,,9,400,4,0.6294954906219227,0.5835977681881933,1.6272353891826248,0.635,-0.06773333333333342,"results/pivot/p2_predictions.csv (skan4 panel, reference-mask biomarkers); sigma = results/gateA_biomarker_scales_train.csv; quality proxy feat_contrast from results/pivot/bio_master.csv (source=gt); CV protocol identical to src/pivot/e1_dose_response.py (5-fold x 3 repeats, seeds 0..2)"
fives,logreg,label_dependent,injected,0.5,,0,400,4,0.5369708701737862,0.5148607877398156,2.1138407774538153,0.627775,-0.07495833333333346,"results/pivot/p2_predictions.csv (skan4 panel, reference-mask biomarkers); sigma = results/gateA_biomarker_scales_train.csv; quality proxy feat_contrast from results/pivot/bio_master.csv (source=gt); CV protocol identical to src/pivot/e1_dose_response.py (5-fold x 3 repeats, seeds 0..2)"
fives,logreg,label_dependent,injected,0.5,,1,400,4,0.5093244550856687,0.46654190864388756,2.1138407774538153,0.6678333333333333,-0.03490000000000015,"results/pivot/p2_predictions.csv (skan4 panel, reference-mask biomarkers); sigma = results/gateA_biomarker_scales_train.csv; quality proxy feat_contrast from results/pivot/bio_master.csv (source=gt); CV protocol identical to src/pivot/e1_dose_response.py (5-fold x 3 repeats, seeds 0..2)"
fives,logreg,label_dependent,injected,0.5,,2,400,4,0.524921731698178,0.49466650552674307,2.1138407774538144,0.6866999999999999,-0.016033333333333566,"results/pivot/p2_predictions.csv (skan4 panel, reference-mask biomarkers); sigma = results/gateA_biomarker_scales_train.csv; quality proxy feat_contrast from results/pivot/bio_master.csv (source=gt); CV protocol identical to src/pivot/e1_dose_response.py (5-fold x 3 repeats, seeds 0..2)"
fives,logreg,label_dependent,injected,0.5,,3,400,4,0.5185908210325552,0.5141277760879696,2.1138407774538157,0.66435,-0.038383333333333436,"results/pivot/p2_predictions.csv (skan4 panel, reference-mask biomarkers); sigma = results/gateA_biomarker_scales_train.csv; quality proxy feat_contrast from results/pivot/bio_master.csv (source=gt); CV protocol identical to src/pivot/e1_dose_response.py (5-fold x 3 repeats, seeds 0..2)"
fives,logreg,label_dependent,injected,0.5,,4,400,4,0.5441087092116942,0.49386133829555934,2.1138407774538157,0.7043666666666668,0.0016333333333333755,"results/pivot/p2_predictions.csv (skan4 panel, reference-mask biomarkers); sigma = results/gateA_biomarker_scales_train.csv; quality proxy feat_contrast from results/pivot/bio_master.csv (source=gt); CV protocol identical to src/pivot/e1_dose_response.py (5-fold x 3 repeats, seeds 0..2)"
fives,logreg,label_dependent,injected,0.5,,5,400,4,0.517963953220876,0.48534612462966553,2.113840777453814,0.6874583333333333,-0.01527500000000015,"results/pivot/p2_predictions.csv (skan4 panel, reference-mask biomarkers); sigma = results/gateA_biomarker_scales_train.csv; quality proxy feat_contrast from results/pivot/bio_master.csv (source=gt); CV protocol identical to src/pivot/e1_dose_response.py (5-fold x 3 repeats, seeds 0..2)"
fives,logreg,label_dependent,injected,0.5,,6,400,4,0.5062500000997344,0.4504449416423028,2.1138407774538153,0.6612499999999999,-0.04148333333333354,"results/pivot/p2_predictions.csv (skan4 panel, reference-mask biomarkers); sigma = results/gateA_biomarker_scales_train.csv; quality proxy feat_contrast from results/pivot/bio_master.csv (source=gt); CV protocol identical to src/pivot/e1_dose_response.py (5-fold x 3 repeats, seeds 0..2)"
fives,logreg,label_dependent,injected,0.5,,7,400,4,0.4974587913548655,0.4738214181002495,2.1138407774538153,0.6316666666666667,-0.07106666666666672,"results/pivot/p2_predictions.csv (skan4 panel, reference-mask biomarkers); sigma = results/gateA_biomarker_scales_train.csv; quality proxy feat_contrast from results/pivot/bio_master.csv (source=gt); CV protocol identical to src/pivot/e1_dose_response.py (5-fold x 3 repeats, seeds 0..2)"
fives,logreg,label_dependent,injected,0.5,,8,400,4,0.5118948520501464,0.4670481172201563,2.1138407774538157,0.6520583333333334,-0.050675000000000026,"results/pivot/p2_predictions.csv (skan4 panel, reference-mask biomarkers); sigma = results/gateA_biomarker_scales_train.csv; quality proxy feat_contrast from results/pivot/bio_master.csv (source=gt); CV protocol identical to src/pivot/e1_dose_response.py (5-fold x 3 repeats, seeds 0..2)"
fives,logreg,label_dependent,injected,0.5,,9,400,4,0.5373286057568212,0.4791818803918227,2.1138407774538157,0.6272833333333333,-0.07545000000000013,"results/pivot/p2_predictions.csv (skan4 panel, reference-mask biomarkers); sigma = results/gateA_biomarker_scales_train.csv; quality proxy feat_contrast from results/pivot/bio_master.csv (source=gt); CV protocol identical to src/pivot/e1_dose_response.py (5-fold x 3 repeats, seeds 0..2)"
fives,logreg,label_dependent,injected,0.4,,0,400,4,0.44390809546624577,0.4176259911134302,2.796348504165112,0.6152416666666667,-0.08749166666666675,"results/pivot/p2_predictions.csv (skan4 panel, reference-mask biomarkers); sigma = results/gateA_biomarker_scales_train.csv; quality proxy feat_contrast from results/pivot/bio_master.csv (source=gt); CV protocol identical to src/pivot/e1_dose_response.py (5-fold x 3 repeats, seeds 0..2)"
fives,logreg,label_dependent,injected,0.4,,1,400,4,0.41109993851225013,0.3604041137086734,2.7963485041651124,0.6594500000000001,-0.04328333333333334,"results/pivot/p2_predictions.csv (skan4 panel, reference-mask biomarkers); sigma = results/gateA_biomarker_scales_train.csv; quality proxy feat_contrast from results/pivot/bio_master.csv (source=gt); CV protocol identical to src/pivot/e1_dose_response.py (5-fold x 3 repeats, seeds 0..2)"
fives,logreg,label_dependent,injected,0.4,,2,400,4,0.42959678698212256,0.3936797498249691,2.7963485041651115,0.6752083333333334,-0.02752500000000002,"results/pivot/p2_predictions.csv (skan4 panel, reference-mask biomarkers); sigma = results/gateA_biomarker_scales_train.csv; quality proxy feat_contrast from results/pivot/bio_master.csv (source=gt); CV protocol identical to src/pivot/e1_dose_response.py (5-fold x 3 repeats, seeds 0..2)"
fives,logreg,label_dependent,injected,0.4,,3,400,4,0.4220544180729693,0.416756052384171,2.7963485041651133,0.6529833333333334,-0.04975000000000007,"results/pivot/p2_predictions.csv (skan4 panel, reference-mask biomarkers); sigma = results/gateA_biomarker_scales_train.csv; quality proxy feat_contrast from results/pivot/bio_master.csv (source=gt); CV protocol identical to src/pivot/e1_dose_response.py (5-fold x 3 repeats, seeds 0..2)"
fives,logreg,label_dependent,injected,0.4,,4,400,4,0.452423949145719,0.39272588413856263,2.7963485041651133,0.698275,-0.004458333333333453,"results/pivot/p2_predictions.csv (skan4 panel, reference-mask biomarkers); sigma = results/gateA_biomarker_scales_train.csv; quality proxy feat_contrast from results/pivot/bio_master.csv (source=gt); CV protocol identical to src/pivot/e1_dose_response.py (5-fold x 3 repeats, seeds 0..2)"
fives,logreg,label_dependent,injected,0.4,,5,400,4,0.42133693227276936,0.38264242882166893,2.7963485041651115,0.6794333333333333,-0.0233000000000001,"results/pivot/p2_predictions.csv (skan4 panel, reference-mask biomarkers); sigma = results/gateA_biomarker_scales_train.csv; quality proxy feat_contrast from results/pivot/bio_master.csv (source=gt); CV protocol identical to src/pivot/e1_dose_response.py (5-fold x 3 repeats, seeds 0..2)"
fives,logreg,label_dependent,injected,0.4,,6,400,4,0.40752726115195315,0.3414007978539917,2.7963485041651124,0.6490666666666667,-0.05366666666666675,"results/pivot/p2_predictions.csv (skan4 panel, reference-mask biomarkers); sigma = results/gateA_biomarker_scales_train.csv; quality proxy feat_contrast from results/pivot/bio_master.csv (source=gt); CV protocol identical to src/pivot/e1_dose_response.py (5-fold x 3 repeats, seeds 0..2)"
fives,logreg,label_dependent,injected,0.4,,7,400,4,0.3970029276118986,0.36900818311987005,2.7963485041651133,0.6201000000000001,-0.08263333333333334,"results/pivot/p2_predictions.csv (skan4 panel, reference-mask biomarkers); sigma = results/gateA_biomarker_scales_train.csv; quality proxy feat_contrast from results/pivot/bio_master.csv (source=gt); CV protocol identical to src/pivot/e1_dose_response.py (5-fold x 3 repeats, seeds 0..2)"
fives,logreg,label_dependent,injected,0.4,,8,400,4,0.4141571045006279,0.3610022283020071,2.796348504165112,0.64655,-0.056183333333333474,"results/pivot/p2_predictions.csv (skan4 panel, reference-mask biomarkers); sigma = results/gateA_biomarker_scales_train.csv; quality proxy feat_contrast from results/pivot/bio_master.csv (source=gt); CV protocol identical to src/pivot/e1_dose_response.py (5-fold x 3 repeats, seeds 0..2)"
fives,logreg,label_dependent,injected,0.4,,9,400,4,0.444411763713622,0.37534796629796724,2.7963485041651133,0.6169666666666667,-0.08576666666666677,"results/pivot/p2_predictions.csv (skan4 panel, reference-mask biomarkers); sigma = results/gateA_biomarker_scales_train.csv; quality proxy feat_contrast from results/pivot/bio_master.csv (source=gt); CV protocol identical to src/pivot/e1_dose_response.py (5-fold x 3 repeats, seeds 0..2)"
fives,logreg,proportional,injected,1.0,0.5,0,400,4,0.9999999999999999,0.9999999999999997,0.6102132709434838,0.7027333333333334,0.0,"results/pivot/p2_predictions.csv (skan4 panel, reference-mask biomarkers); sigma = results/gateA_biomarker_scales_train.csv; quality proxy feat_contrast from results/pivot/bio_master.csv (source=gt); CV protocol identical to src/pivot/e1_dose_response.py (5-fold x 3 repeats, seeds 0..2)"
fives,logreg,proportional,injected,1.0,0.75,0,400,4,0.9999999999999998,0.9999999999999996,0.305106635471742,0.7027333333333334,0.0,"results/pivot/p2_predictions.csv (skan4 panel, reference-mask biomarkers); sigma = results/gateA_biomarker_scales_train.csv; quality proxy feat_contrast from results/pivot/bio_master.csv (source=gt); CV protocol identical to src/pivot/e1_dose_response.py (5-fold x 3 repeats, seeds 0..2)"
fives,logreg,proportional,injected,1.0,1.25,0,400,4,0.9999999999999999,0.9999999999999994,0.30510663547174205,0.7027333333333334,0.0,"results/pivot/p2_predictions.csv (skan4 panel, reference-mask biomarkers); sigma = results/gateA_biomarker_scales_train.csv; quality proxy feat_contrast from results/pivot/bio_master.csv (source=gt); CV protocol identical to src/pivot/e1_dose_response.py (5-fold x 3 repeats, seeds 0..2)"
fives,logreg,proportional,injected,1.0,1.5,0,400,4,0.9999999999999998,0.9999999999999993,0.6102132709434838,0.7027333333333334,0.0,"results/pivot/p2_predictions.csv (skan4 panel, reference-mask biomarkers); sigma = results/gateA_biomarker_scales_train.csv; quality proxy feat_contrast from results/pivot/bio_master.csv (source=gt); CV protocol identical to src/pivot/e1_dose_response.py (5-fold x 3 repeats, seeds 0..2)"
fives,logreg,proportional,injected,1.0,2.0,0,400,4,1.0,0.9999999999999999,1.2204265418869678,0.7027333333333334,0.0,"results/pivot/p2_predictions.csv (skan4 panel, reference-mask biomarkers); sigma = results/gateA_biomarker_scales_train.csv; quality proxy feat_contrast from results/pivot/bio_master.csv (source=gt); CV protocol identical to src/pivot/e1_dose_response.py (5-fold x 3 repeats, seeds 0..2)"
fives,gbdt,observed,reference,1.0,,-1,400,4,1.0,1.0,0.0,0.6807416666666667,0.0,"results/pivot/p2_predictions.csv (skan4 panel, reference-mask biomarkers); sigma = results/gateA_biomarker_scales_train.csv; quality proxy feat_contrast from results/pivot/bio_master.csv (source=gt); CV protocol identical to src/pivot/e1_dose_response.py (5-fold x 3 repeats, seeds 0..2)"
fives,gbdt,observed,real_measurement,,,-1,400,4,0.8540242618333991,0.5469851095218177,0.6219307707838706,0.7025416666666666,0.02179999999999993,"results/pivot/p2_predictions.csv (skan4 panel, reference-mask biomarkers); sigma = results/gateA_biomarker_scales_train.csv; quality proxy feat_contrast from results/pivot/bio_master.csv (source=gt); CV protocol identical to src/pivot/e1_dose_response.py (5-fold x 3 repeats, seeds 0..2)"
fives,gbdt,gaussian_indep,injected,0.99,,0,400,4,0.9900931487226095,0.9899216818722679,0.1739013637270312,0.64705,-0.033691666666666675,"results/pivot/p2_predictions.csv (skan4 panel, reference-mask biomarkers); sigma = results/gateA_biomarker_scales_train.csv; quality proxy feat_contrast from results/pivot/bio_master.csv (source=gt); CV protocol identical to src/pivot/e1_dose_response.py (5-fold x 3 repeats, seeds 0..2)"
fives,gbdt,gaussian_indep,injected,0.99,,1,400,4,0.9899919797226903,0.9899252492627368,0.17390136372703102,0.6745416666666667,-0.006199999999999983,"results/pivot/p2_predictions.csv (skan4 panel, reference-mask biomarkers); sigma = results/gateA_biomarker_scales_train.csv; quality proxy feat_contrast from results/pivot/bio_master.csv (source=gt); CV protocol identical to src/pivot/e1_dose_response.py (5-fold x 3 repeats, seeds 0..2)"
fives,gbdt,gaussian_indep,injected,0.99,,2,400,4,0.9901017562167158,0.9898706256373652,0.17390136372703108,0.6683749999999999,-0.012366666666666748,"results/pivot/p2_predictions.csv (skan4 panel, reference-mask biomarkers); sigma = results/gateA_biomarker_scales_train.csv; quality proxy feat_contrast from results/pivot/bio_master.csv (source=gt); CV protocol identical to src/pivot/e1_dose_response.py (5-fold x 3 repeats, seeds 0..2)"
fives,gbdt,gaussian_indep,injected,0.99,,3,400,4,0.9900711326983932,0.9898268455673082,0.17390136372703102,0.6878916666666666,0.007149999999999879,"results/pivot/p2_predictions.csv (skan4 panel, reference-mask biomarkers); sigma = results/gateA_biomarker_scales_train.csv; quality proxy feat_contrast from results/pivot/bio_master.csv (source=gt); CV protocol identical to src/pivot/e1_dose_response.py (5-fold x 3 repeats, seeds 0..2)"
fives,gbdt,gaussian_indep,injected,0.99,,4,400,4,0.9900684488618652,0.9898261210430654,0.17390136372703116,0.6842333333333334,0.0034916666666666707,"results/pivot/p2_predictions.csv (skan4 panel, reference-mask biomarkers); sigma = results/gateA_biomarker_scales_train.csv; quality proxy feat_contrast from results/pivot/bio_master.csv (source=gt); CV protocol identical to src/pivot/e1_dose_response.py (5-fold x 3 repeats, seeds 0..2)"
fives,gbdt,gaussian_indep,injected,0.95,,0,400,4,0.9507980516571748,0.9490848586178106,0.40113480585665257,0.6442416666666666,-0.03650000000000009,"results/pivot/p2_predictions.csv (skan4 panel, reference-mask biomarkers); sigma = results/gateA_biomarker_scales_train.csv; quality proxy feat_contrast from results/pivot/bio_master.csv (source=gt); CV protocol identical to src/pivot/e1_dose_response.py (5-fold x 3 repeats, seeds 0..2)"
fives,gbdt,gaussian_indep,injected,0.95,,1,400,4,0.9498723168267701,0.9491301225076365,0.4011348058566524,0.6626666666666667,-0.018074999999999952,"results/pivot/p2_predictions.csv (skan4 panel, reference-mask biomarkers); sigma = results/gateA_biomarker_scales_train.csv; quality proxy feat_contrast from results/pivot/bio_master.csv (source=gt); CV protocol identical to src/pivot/e1_dose_response.py (5-fold x 3 repeats, seeds 0..2)"
fives,gbdt,gaussian_indep,injected,0.95,,2,400,4,0.9508413490196961,0.9483759215948978,0.4011348058566526,0.6554,-0.025341666666666707,"results/pivot/p2_predictions.csv (skan4 panel, reference-mask biomarkers); sigma = results/gateA_biomarker_scales_train.csv; quality proxy feat_contrast from results/pivot/bio_master.csv (source=gt); CV protocol identical to src/pivot/e1_dose_response.py (5-fold x 3 repeats, seeds 0..2)"
fives,gbdt,gaussian_indep,injected,0.95,,3,400,4,0.9504799915773336,0.9475966940166914,0.40113480585665245,0.6793583333333333,-0.001383333333333403,"results/pivot/p2_predictions.csv (skan4 panel, reference-mask biomarkers); sigma = results/gateA_biomarker_scales_train.csv; quality proxy feat_contrast from results/pivot/bio_master.csv (source=gt); CV protocol identical to src/pivot/e1_dose_response.py (5-fold x 3 repeats, seeds 0..2)"
fives,gbdt,gaussian_indep,injected,0.95,,4,400,4,0.9504864415633962,0.9475809791348988,0.4011348058566524,0.6702750000000001,-0.010466666666666624,"results/pivot/p2_predictions.csv (skan4 panel, reference-mask biomarkers); sigma = results/gateA_biomarker_scales_train.csv; quality proxy feat_contrast from results/pivot/bio_master.csv (source=gt); CV protocol identical to src/pivot/e1_dose_response.py (5-fold x 3 repeats, seeds 0..2)"
fives,gbdt,gaussian_indep,injected,0.9,,0,400,4,0.9020112642672253,0.897459128585188,0.5910795515666777,0.6084833333333334,-0.07225833333333331,"results/pivot/p2_predictions.csv (skan4 panel, reference-mask biomarkers); sigma = results/gateA_biomarker_scales_train.csv; quality proxy feat_contrast from results/pivot/bio_master.csv (source=gt); CV protocol identical to src/pivot/e1_dose_response.py (5-fold x 3 repeats, seeds 0..2)"
fives,gbdt,gaussian_indep,injected,0.9,,1,400,4,0.8996210584287736,0.8975874191051265,0.5910795515666778,0.6257083333333333,-0.05503333333333338,"results/pivot/p2_predictions.csv (skan4 panel, reference-mask biomarkers); sigma = results/gateA_biomarker_scales_train.csv; quality proxy feat_contrast from results/pivot/bio_master.csv (source=gt); CV protocol identical to src/pivot/e1_dose_response.py (5-fold x 3 repeats, seeds 0..2)"
fives,gbdt,gaussian_indep,injected,0.9,,2,400,4,0.902089549867116,0.8954079989412475,0.5910795515666779,0.6224416666666667,-0.05830000000000002,"results/pivot/p2_predictions.csv (skan4 panel, reference-mask biomarkers); sigma = results/gateA_biomarker_scales_train.csv; quality proxy feat_contrast from results/pivot/bio_master.csv (source=gt); CV protocol identical to src/pivot/e1_dose_response.py (5-fold x 3 repeats, seeds 0..2)"
fives,gbdt,gaussian_indep,injected,0.9,,3,400,4,0.901080561301164,0.8930447241056337,0.5910795515666777,0.615325,-0.06541666666666668,"results/pivot/p2_predictions.csv (skan4 panel, reference-mask biomarkers); sigma = results/gateA_biomarker_scales_train.csv; quality proxy feat_contrast from results/pivot/bio_master.csv (source=gt); CV protocol identical to src/pivot/e1_dose_response.py (5-fold x 3 repeats, seeds 0..2)"
fives,gbdt,gaussian_indep,injected,0.9,,4,400,4,0.9011241123245235,0.8929956467426436,0.5910795515666775,0.6751166666666666,-0.005625000000000102,"results/pivot/p2_predictions.csv (skan4 panel, reference-mask biomarkers); sigma = results/gateA_biomarker_scales_train.csv; quality proxy feat_contrast from results/pivot/bio_master.csv (source=gt); CV protocol identical to src/pivot/e1_dose_response.py (5-fold x 3 repeats, seeds 0..2)"
fives,gbdt,gaussian_indep,injected,0.8,,0,400,4,0.8049271646461311,0.7932667270642302,0.9153199064152264,0.6056416666666666,-0.07510000000000006,"results/pivot/p2_predictions.csv (skan4 panel, reference-mask biomarkers); sigma = results/gateA_biomarker_scales_train.csv; quality proxy feat_contrast from results/pivot/bio_master.csv (source=gt); CV protocol identical to src/pivot/e1_dose_response.py (5-fold x 3 repeats, seeds 0..2)"
fives,gbdt,gaussian_indep,injected,0.8,,1,400,4,0.7989466301488073,0.793612056811789,0.9153199064152259,0.6042833333333333,-0.0764583333333334,"results/pivot/p2_predictions.csv (skan4 panel, reference-mask biomarkers); sigma = results/gateA_biomarker_scales_train.csv; quality proxy feat_contrast from results/pivot/bio_master.csv (source=gt); CV protocol identical to src/pivot/e1_dose_response.py (5-fold x 3 repeats, seeds 0..2)"
fives,gbdt,gaussian_indep,injected,0.8,,2,400,4,0.8050486078354537,0.7876600472850628,0.915319906415226,0.616025,-0.06471666666666664,"results/pivot/p2_predictions.csv (skan4 panel, reference-mask biomarkers); sigma = results/gateA_biomarker_scales_train.csv; quality proxy feat_contrast from results/pivot/bio_master.csv (source=gt); CV protocol identical to src/pivot/e1_dose_response.py (5-fold x 3 repeats, seeds 0..2)"
fives,gbdt,gaussian_indep,injected,0.8,,3,400,4,0.8023562722298921,0.7809779288546351,0.9153199064152256,0.6208083333333333,-0.059933333333333394,"results/pivot/p2_predictions.csv (skan4 panel, reference-mask biomarkers); sigma = results/gateA_biomarker_scales_train.csv; quality proxy feat_contrast from results/pivot/bio_master.csv (source=gt); CV protocol identical to src/pivot/e1_dose_response.py (5-fold x 3 repeats, seeds 0..2)"
fives,gbdt,gaussian_indep,injected,0.8,,4,400,4,0.8025200859194265,0.7808363509573916,0.9153199064152255,0.6210833333333333,-0.05965833333333337,"results/pivot/p2_predictions.csv (skan4 panel, reference-mask biomarkers); sigma = results/gateA_biomarker_scales_train.csv; quality proxy feat_contrast from results/pivot/bio_master.csv (source=gt); CV protocol identical to src/pivot/e1_dose_response.py (5-fold x 3 repeats, seeds 0..2)"
fives,gbdt,gaussian_indep,injected,0.7,,0,400,4,0.7080897085323765,0.6885714854417537,1.2450841144542624,0.557475,-0.12326666666666664,"results/pivot/p2_predictions.csv (skan4 panel, reference-mask biomarkers); sigma = results/gateA_biomarker_scales_train.csv; quality proxy feat_contrast from results/pivot/bio_master.csv (source=gt); CV protocol identical to src/pivot/e1_dose_response.py (5-fold x 3 repeats, seeds 0..2)"
fives,gbdt,gaussian_indep,injected,0.7,,1,400,4,0.6981781726614484,0.6891613686248257,1.2450841144542624,0.6201166666666666,-0.06062500000000004,"results/pivot/p2_predictions.csv (skan4 panel, reference-mask biomarkers); sigma = results/gateA_biomarker_scales_train.csv; quality proxy feat_contrast from results/pivot/bio_master.csv (source=gt); CV protocol identical to src/pivot/e1_dose_response.py (5-fold x 3 repeats, seeds 0..2)"
fives,gbdt,gaussian_indep,injected,0.7,,2,400,4,0.7082356742213504,0.6789346283285745,1.2450841144542621,0.6110833333333333,-0.06965833333333338,"results/pivot/p2_predictions.csv (skan4 panel, reference-mask biomarkers); sigma = results/gateA_biomarker_scales_train.csv; quality proxy feat_contrast from results/pivot/bio_master.csv (source=gt); CV protocol identical to src/pivot/e1_dose_response.py (5-fold x 3 repeats, seeds 0..2)"
fives,gbdt,gaussian_indep,injected,0.7,,3,400,4,0.7036494413516426,0.6672942238761013,1.2450841144542621,0.6406666666666666,-0.04007500000000008,"results/pivot/p2_predictions.csv (skan4 panel, reference-mask biomarkers); sigma = results/gateA_biomarker_scales_train.csv; quality proxy feat_contrast from results/pivot/bio_master.csv (source=gt); CV protocol identical to src/pivot/e1_dose_response.py (5-fold x 3 repeats, seeds 0..2)"
fives,gbdt,gaussian_indep,injected,0.7,,4,400,4,0.703959276827767,0.6670456659517638,1.245084114454262,0.6134416666666668,-0.06729999999999992,"results/pivot/p2_predictions.csv (skan4 panel, reference-mask biomarkers); sigma = results/gateA_biomarker_scales_train.csv; quality proxy feat_contrast from results/pivot/bio_master.csv (source=gt); CV protocol identical to src/pivot/e1_dose_response.py (5-fold x 3 repeats, seeds 0..2)"
fives,gbdt,gaussian_indep,injected,0.6,,0,400,4,0.6112454186715339,0.5838905533169646,1.627235389182624,0.551075,-0.1296666666666667,"results/pivot/p2_predictions.csv (skan4 panel, reference-mask biomarkers); sigma = results/gateA_biomarker_scales_train.csv; quality proxy feat_contrast from results/pivot/bio_master.csv (source=gt); CV protocol identical to src/pivot/e1_dose_response.py (5-fold x 3 repeats, seeds 0..2)"
fives,gbdt,gaussian_indep,injected,0.6,,1,400,4,0.5974124183550317,0.5847242035042006,1.6272353891826232,0.5961083333333334,-0.08463333333333334,"results/pivot/p2_predictions.csv (skan4 panel, reference-mask biomarkers); sigma = results/gateA_biomarker_scales_train.csv; quality proxy feat_contrast from results/pivot/bio_master.csv (source=gt); CV protocol identical to src/pivot/e1_dose_response.py (5-fold x 3 repeats, seeds 0..2)"
fives,gbdt,gaussian_indep,injected,0.6,,2,400,4,0.6114164926812021,0.570237143790557,1.6272353891826234,0.6206583333333333,-0.06008333333333338,"results/pivot/p2_predictions.csv (skan4 panel, reference-mask biomarkers); sigma = results/gateA_biomarker_scales_train.csv; quality proxy feat_contrast from results/pivot/bio_master.csv (source=gt); CV protocol identical to src/pivot/e1_dose_response.py (5-fold x 3 repeats, seeds 0..2)"
fives,gbdt,gaussian_indep,injected,0.6,,3,400,4,0.6049423989142514,0.5536569742006534,1.6272353891826232,0.6292833333333333,-0.051458333333333384,"results/pivot/p2_predictions.csv (skan4 panel, reference-mask biomarkers); sigma = results/gateA_biomarker_scales_train.csv; quality proxy feat_contrast from results/pivot/bio_master.csv (source=gt); CV protocol identical to src/pivot/e1_dose_response.py (5-fold x 3 repeats, seeds 0..2)"
fives,gbdt,gaussian_indep,injected,0.6,,4,400,4,0.6053975101192095,0.5533018577014893,1.6272353891826234,0.6043499999999999,-0.07639166666666675,"results/pivot/p2_predictions.csv (skan4 panel, reference-mask biomarkers); sigma = results/gateA_biomarker_scales_train.csv; quality proxy feat_contrast from results/pivot/bio_master.csv (source=gt); CV protocol identical to src/pivot/e1_dose_response.py (5-fold x 3 repeats, seeds 0..2)"
fives,gbdt,gaussian_indep,injected,0.5,,0,400,4,0.514233901902479,0.4795536693459059,2.1138407774538157,0.5318583333333333,-0.14888333333333337,"results/pivot/p2_predictions.csv (skan4 panel, reference-mask biomarkers); sigma = results/gateA_biomarker_scales_train.csv; quality proxy feat_contrast from results/pivot/bio_master.csv (source=gt); CV protocol identical to src/pivot/e1_dose_response.py (5-fold x 3 repeats, seeds 0..2)"
fives,gbdt,gaussian_indep,injected,0.5,,1,400,4,0.4967112239301741,0.4806122329801694,2.1138407774538144,0.55865,-0.12209166666666671,"results/pivot/p2_predictions.csv (skan4 panel, reference-mask biomarkers); sigma = results/gateA_biomarker_scales_train.csv; quality proxy feat_contrast from results/pivot/bio_master.csv (source=gt); CV protocol identical to src/pivot/e1_dose_response.py (5-fold x 3 repeats, seeds 0..2)"
fives,gbdt,gaussian_indep,injected,0.5,,2,400,4,0.5144432862746122,0.4622094107156472,2.113840777453815,0.6196833333333334,-0.061058333333333326,"results/pivot/p2_predictions.csv (skan4 panel, reference-mask biomarkers); sigma = results/gateA_biomarker_scales_train.csv; quality proxy feat_contrast from results/pivot/bio_master.csv (source=gt); CV protocol identical to src/pivot/e1_dose_response.py (5-fold x 3 repeats, seeds 0..2)"
fives,gbdt,gaussian_indep,injected,0.5,,3,400,4,0.506225743338671,0.4411295993318949,2.113840777453815,0.6202416666666666,-0.06050000000000011,"results/pivot/p2_predictions.csv (skan4 panel, reference-mask biomarkers); sigma = results/gateA_biomarker_scales_train.csv; quality proxy feat_contrast from results/pivot/bio_master.csv (source=gt); CV protocol identical to src/pivot/e1_dose_response.py (5-fold x 3 repeats, seeds 0..2)"
fives,gbdt,gaussian_indep,injected,0.5,,4,400,4,0.5068083944114772,0.4406779068014568,2.1138407774538144,0.604525,-0.07621666666666671,"results/pivot/p2_predictions.csv (skan4 panel, reference-mask biomarkers); sigma = results/gateA_biomarker_scales_train.csv; quality proxy feat_contrast from results/pivot/bio_master.csv (source=gt); CV protocol identical to src/pivot/e1_dose_response.py (5-fold x 3 repeats, seeds 0..2)"
fives,gbdt,gaussian_indep,injected,0.4,,0,400,4,0.41693363228598673,0.3757878009591293,2.796348504165112,0.5388333333333334,-0.1419083333333333,"results/pivot/p2_predictions.csv (skan4 panel, reference-mask biomarkers); sigma = results/gateA_biomarker_scales_train.csv; quality proxy feat_contrast from results/pivot/bio_master.csv (source=gt); CV protocol identical to src/pivot/e1_dose_response.py (5-fold x 3 repeats, seeds 0..2)"
fives,gbdt,gaussian_indep,injected,0.4,,1,400,4,0.3961155399282912,0.3770401917108797,2.79634850416511,0.52795,-0.15279166666666666,"results/pivot/p2_predictions.csv (skan4 panel, reference-mask biomarkers); sigma = results/gateA_biomarker_scales_train.csv; quality proxy feat_contrast from results/pivot/bio_master.csv (source=gt); CV protocol identical to src/pivot/e1_dose_response.py (5-fold x 3 repeats, seeds 0..2)"
fives,gbdt,gaussian_indep,injected,0.4,,2,400,4,0.4171999408734311,0.35528627068673596,2.796348504165112,0.595425,-0.08531666666666671,"results/pivot/p2_predictions.csv (skan4 panel, reference-mask biomarkers); sigma = results/gateA_biomarker_scales_train.csv; quality proxy feat_contrast from results/pivot/bio_master.csv (source=gt); CV protocol identical to src/pivot/e1_dose_response.py (5-fold x 3 repeats, seeds 0..2)"
fives,gbdt,gaussian_indep,injected,0.4,,3,400,4,0.4074760882176177,0.3304182808307809,2.7963485041651115,0.608725,-0.07201666666666673,"results/pivot/p2_predictions.csv (skan4 panel, reference-mask biomarkers); sigma = results/gateA_biomarker_scales_train.csv; quality proxy feat_contrast from results/pivot/bio_master.csv (source=gt); CV protocol identical to src/pivot/e1_dose_response.py (5-fold x 3 repeats, seeds 0..2)"
fives,gbdt,gaussian_indep,injected,0.4,,4,400,4,0.40815766533775494,0.3298860307148808,2.796348504165111,0.6086583333333333,-0.07208333333333339,"results/pivot/p2_predictions.csv (skan4 panel, reference-mask biomarkers); sigma = results/gateA_biomarker_scales_train.csv; quality proxy feat_contrast from results/pivot/bio_master.csv (source=gt); CV protocol identical to src/pivot/e1_dose_response.py (5-fold x 3 repeats, seeds 0..2)"
fives,gbdt,gaussian_corr,injected,0.99,,0,400,4,0.9901415505728977,0.9900145319056556,0.17390136372703133,0.6572583333333333,-0.02348333333333341,"results/pivot/p2_predictions.csv (skan4 panel, reference-mask biomarkers); sigma = results/gateA_biomarker_scales_train.csv; quality proxy feat_contrast from results/pivot/bio_master.csv (source=gt); CV protocol identical to src/pivot/e1_dose_response.py (5-fold x 3 repeats, seeds 0..2)"
fives,gbdt,gaussian_corr,injected,0.99,,1,400,4,0.9899780761192021,0.9899143142345698,0.17390136372703105,0.6833583333333334,0.0026166666666667115,"results/pivot/p2_predictions.csv (skan4 panel, reference-mask biomarkers); sigma = results/gateA_biomarker_scales_train.csv; quality proxy feat_contrast from results/pivot/bio_master.csv (source=gt); CV protocol identical to src/pivot/e1_dose_response.py (5-fold x 3 repeats, seeds 0..2)"
fives,gbdt,gaussian_corr,injected,0.99,,2,400,4,0.9900421670794428,0.9898706256373652,0.17390136372703108,0.6683416666666666,-0.012400000000000078,"results/pivot/p2_predictions.csv (skan4 panel, reference-mask biomarkers); sigma = results/gateA_biomarker_scales_train.csv; quality proxy feat_contrast from results/pivot/bio_master.csv (source=gt); CV protocol identical to src/pivot/e1_dose_response.py (5-fold x 3 repeats, seeds 0..2)"
fives,gbdt,gaussian_corr,injected,0.99,,3,400,4,0.9900212814040132,0.9898268455673082,0.17390136372703094,0.6862083333333333,0.00546666666666662,"results/pivot/p2_predictions.csv (skan4 panel, reference-mask biomarkers); sigma = results/gateA_biomarker_scales_train.csv; quality proxy feat_contrast from results/pivot/bio_master.csv (source=gt); CV protocol identical to src/pivot/e1_dose_response.py (5-fold x 3 repeats, seeds 0..2)"
fives,gbdt,gaussian_corr,injected,0.99,,4,400,4,0.9901781575943251,0.9899645490115347,0.17390136372703113,0.6960999999999999,0.015358333333333252,"results/pivot/p2_predictions.csv (skan4 panel, reference-mask biomarkers); sigma = results/gateA_biomarker_scales_train.csv; quality proxy feat_contrast from results/pivot/bio_master.csv (source=gt); CV protocol identical to src/pivot/e1_dose_response.py (5-fold x 3 repeats, seeds 0..2)"
fives,gbdt,gaussian_corr,injected,0.95,,0,400,4,0.9513229904897353,0.9501558443166962,0.4011348058566526,0.62405,-0.056691666666666696,"results/pivot/p2_predictions.csv (skan4 panel, reference-mask biomarkers); sigma = results/gateA_biomarker_scales_train.csv; quality proxy feat_contrast from results/pivot/bio_master.csv (source=gt); CV protocol identical to src/pivot/e1_dose_response.py (5-fold x 3 repeats, seeds 0..2)"
fives,gbdt,gaussian_corr,injected,0.95,,1,400,4,0.949710338303061,0.9489899442879542,0.40113480585665234,0.6204500000000001,-0.06029166666666663,"results/pivot/p2_predictions.csv (skan4 panel, reference-mask biomarkers); sigma = results/gateA_biomarker_scales_train.csv; quality proxy feat_contrast from results/pivot/bio_master.csv (source=gt); CV protocol identical to src/pivot/e1_dose_response.py (5-fold x 3 repeats, seeds 0..2)"
fives,gbdt,gaussian_corr,injected,0.95,,2,400,4,0.9503183780784299,0.9483759215948978,0.4011348058566525,0.6415583333333333,-0.03918333333333335,"results/pivot/p2_predictions.csv (skan4 panel, reference-mask biomarkers); sigma = results/gateA_biomarker_scales_train.csv; quality proxy feat_contrast from results/pivot/bio_master.csv (source=gt); CV protocol identical to src/pivot/e1_dose_response.py (5-fold x 3 repeats, seeds 0..2)"
fives,gbdt,gaussian_corr,injected,0.95,,3,400,4,0.9500588444924368,0.9475966940166914,0.4011348058566524,0.6893083333333334,0.008566666666666722,"results/pivot/p2_predictions.csv (skan4 panel, reference-mask biomarkers); sigma = results/gateA_biomarker_scales_train.csv; quality proxy feat_contrast from results/pivot/bio_master.csv (source=gt); CV protocol identical to src/pivot/e1_dose_response.py (5-fold x 3 repeats, seeds 0..2)"
fives,gbdt,gaussian_corr,injected,0.95,,4,400,4,0.9516522110852601,0.9496037146799032,0.4011348058566527,0.6601166666666667,-0.020625000000000004,"results/pivot/p2_predictions.csv (skan4 panel, reference-mask biomarkers); sigma = results/gateA_biomarker_scales_train.csv; quality proxy feat_contrast from results/pivot/bio_master.csv (source=gt); CV protocol identical to src/pivot/e1_dose_response.py (5-fold x 3 repeats, seeds 0..2)"
fives,gbdt,gaussian_corr,injected,0.9,,0,400,4,0.9034393316890376,0.9004225951847264,0.5910795515666779,0.6274333333333334,-0.05330833333333329,"results/pivot/p2_predictions.csv (skan4 panel, reference-mask biomarkers); sigma = results/gateA_biomarker_scales_train.csv; quality proxy feat_contrast from results/pivot/bio_master.csv (source=gt); CV protocol identical to src/pivot/e1_dose_response.py (5-fold x 3 repeats, seeds 0..2)"
fives,gbdt,gaussian_corr,injected,0.9,,1,400,4,0.8991717103985745,0.8971891416096927,0.5910795515666777,0.6191666666666666,-0.061575000000000046,"results/pivot/p2_predictions.csv (skan4 panel, reference-mask biomarkers); sigma = results/gateA_biomarker_scales_train.csv; quality proxy feat_contrast from results/pivot/bio_master.csv (source=gt); CV protocol identical to src/pivot/e1_dose_response.py (5-fold x 3 repeats, seeds 0..2)"
fives,gbdt,gaussian_corr,injected,0.9,,2,400,4,0.9007589311818704,0.8954079989412475,0.591079551566678,0.6334083333333334,-0.04733333333333334,"results/pivot/p2_predictions.csv (skan4 panel, reference-mask biomarkers); sigma = results/gateA_biomarker_scales_train.csv; quality proxy feat_contrast from results/pivot/bio_master.csv (source=gt); CV protocol identical to src/pivot/e1_dose_response.py (5-fold x 3 repeats, seeds 0..2)"
fives,gbdt,gaussian_corr,injected,0.9,,3,400,4,0.9000245747940732,0.8930447241056337,0.5910795515666776,0.6482666666666665,-0.03247500000000014,"results/pivot/p2_predictions.csv (skan4 panel, reference-mask biomarkers); sigma = results/gateA_biomarker_scales_train.csv; quality proxy feat_contrast from results/pivot/bio_master.csv (source=gt); CV protocol identical to src/pivot/e1_dose_response.py (5-fold x 3 repeats, seeds 0..2)"
fives,gbdt,gaussian_corr,injected,0.9,,4,400,4,0.9042831035433776,0.8989127860369299,0.5910795515666778,0.651625,-0.02911666666666668,"results/pivot/p2_predictions.csv (skan4 panel, reference-mask biomarkers); sigma = results/gateA_biomarker_scales_train.csv; quality proxy feat_contrast from results/pivot/bio_master.csv (source=gt); CV protocol identical to src/pivot/e1_dose_response.py (5-fold x 3 repeats, seeds 0..2)"
fives,gbdt,gaussian_corr,injected,0.8,,0,400,4,0.8086519429262512,0.8010993945150684,0.9153199064152262,0.6043499999999999,-0.07639166666666675,"results/pivot/p2_predictions.csv (skan4 panel, reference-mask biomarkers); sigma = results/gateA_biomarker_scales_train.csv; quality proxy feat_contrast from results/pivot/bio_master.csv (source=gt); CV protocol identical to src/pivot/e1_dose_response.py (5-fold x 3 repeats, seeds 0..2)"
fives,gbdt,gaussian_corr,injected,0.8,,1,400,4,0.7977567045831049,0.7925380062497129,0.9153199064152258,0.62245,-0.05829166666666674,"results/pivot/p2_predictions.csv (skan4 panel, reference-mask biomarkers); sigma = results/gateA_biomarker_scales_train.csv; quality proxy feat_contrast from results/pivot/bio_master.csv (source=gt); CV protocol identical to src/pivot/e1_dose_response.py (5-fold x 3 repeats, seeds 0..2)"
fives,gbdt,gaussian_corr,injected,0.8,,2,400,4,0.8017601287659785,0.7876600472850628,0.9153199064152262,0.6273416666666667,-0.0534,"results/pivot/p2_predictions.csv (skan4 panel, reference-mask biomarkers); sigma = results/gateA_biomarker_scales_train.csv; quality proxy feat_contrast from results/pivot/bio_master.csv (source=gt); CV protocol identical to src/pivot/e1_dose_response.py (5-fold x 3 repeats, seeds 0..2)"
fives,gbdt,gaussian_corr,injected,0.8,,3,400,4,0.7997803023576373,0.7809779288546351,0.9153199064152258,0.6434833333333334,-0.03725833333333328,"results/pivot/p2_predictions.csv (skan4 panel, reference-mask biomarkers); sigma = results/gateA_biomarker_scales_train.csv; quality proxy feat_contrast from results/pivot/bio_master.csv (source=gt); CV protocol identical to src/pivot/e1_dose_response.py (5-fold x 3 repeats, seeds 0..2)"
fives,gbdt,gaussian_corr,injected,0.8,,4,400,4,0.810747683690133,0.7971455302672537,0.9153199064152258,0.6121916666666667,-0.06855,"results/pivot/p2_predictions.csv (skan4 panel, reference-mask biomarkers); sigma = results/gateA_biomarker_scales_train.csv; quality proxy feat_contrast from results/pivot/bio_master.csv (source=gt); CV protocol identical to src/pivot/e1_dose_response.py (5-fold x 3 repeats, seeds 0..2)"
fives,gbdt,gaussian_corr,injected,0.7,,0,400,4,0.7143705727077848,0.7018518275367496,1.2450841144542626,0.5479833333333334,-0.1327583333333333,"results/pivot/p2_predictions.csv (skan4 panel, reference-mask biomarkers); sigma = results/gateA_biomarker_scales_train.csv; quality proxy feat_contrast from results/pivot/bio_master.csv (source=gt); CV protocol identical to src/pivot/e1_dose_response.py (5-fold x 3 repeats, seeds 0..2)"
fives,gbdt,gaussian_corr,injected,0.7,,1,400,4,0.6961591041815218,0.6873253326778628,1.2450841144542615,0.6075083333333333,-0.07323333333333337,"results/pivot/p2_predictions.csv (skan4 panel, reference-mask biomarkers); sigma = results/gateA_biomarker_scales_train.csv; quality proxy feat_contrast from results/pivot/bio_master.csv (source=gt); CV protocol identical to src/pivot/e1_dose_response.py (5-fold x 3 repeats, seeds 0..2)"
fives,gbdt,gaussian_corr,injected,0.7,,2,400,4,0.7028146587229102,0.6789346283285745,1.2450841144542624,0.5473499999999999,-0.1333916666666668,"results/pivot/p2_predictions.csv (skan4 panel, reference-mask biomarkers); sigma = results/gateA_biomarker_scales_train.csv; quality proxy feat_contrast from results/pivot/bio_master.csv (source=gt); CV protocol identical to src/pivot/e1_dose_response.py (5-fold x 3 repeats, seeds 0..2)"
fives,gbdt,gaussian_corr,injected,0.7,,3,400,4,0.699427728008639,0.6672942238761013,1.245084114454262,0.60755,-0.07319166666666665,"results/pivot/p2_predictions.csv (skan4 panel, reference-mask biomarkers); sigma = results/gateA_biomarker_scales_train.csv; quality proxy feat_contrast from results/pivot/bio_master.csv (source=gt); CV protocol identical to src/pivot/e1_dose_response.py (5-fold x 3 repeats, seeds 0..2)"
fives,gbdt,gaussian_corr,injected,0.7,,4,400,4,0.7178316404420741,0.6951735970253218,1.245084114454262,0.5983333333333333,-0.08240833333333342,"results/pivot/p2_predictions.csv (skan4 panel, reference-mask biomarkers); sigma = results/gateA_biomarker_scales_train.csv; quality proxy feat_contrast from results/pivot/bio_master.csv (source=gt); CV protocol identical to src/pivot/e1_dose_response.py (5-fold x 3 repeats, seeds 0..2)"
fives,gbdt,gaussian_corr,injected,0.6,,0,400,4,0.6200750222576973,0.6026021202786149,1.6272353891826241,0.549425,-0.13131666666666664,"results/pivot/p2_predictions.csv (skan4 panel, reference-mask biomarkers); sigma = results/gateA_biomarker_scales_train.csv; quality proxy feat_contrast from results/pivot/bio_master.csv (source=gt); CV protocol identical to src/pivot/e1_dose_response.py (5-fold x 3 repeats, seeds 0..2)"
fives,gbdt,gaussian_corr,injected,0.6,,1,400,4,0.5945667265169035,0.5821286476376855,1.6272353891826234,0.5799583333333334,-0.10078333333333334,"results/pivot/p2_predictions.csv (skan4 panel, reference-mask biomarkers); sigma = results/gateA_biomarker_scales_train.csv; quality proxy feat_contrast from results/pivot/bio_master.csv (source=gt); CV protocol identical to src/pivot/e1_dose_response.py (5-fold x 3 repeats, seeds 0..2)"
fives,gbdt,gaussian_corr,injected,0.6,,2,400,4,0.603867808271446,0.570237143790557,1.6272353891826237,0.5809416666666667,-0.0998,"results/pivot/p2_predictions.csv (skan4 panel, reference-mask biomarkers); sigma = results/gateA_biomarker_scales_train.csv; quality proxy feat_contrast from results/pivot/bio_master.csv (source=gt); CV protocol identical to src/pivot/e1_dose_response.py (5-fold x 3 repeats, seeds 0..2)"
fives,gbdt,gaussian_corr,injected,0.6,,3,400,4,0.599078422226633,0.5536569742006534,1.6272353891826237,0.5797583333333334,-0.10098333333333331,"results/pivot/p2_predictions.csv (skan4 panel, reference-mask biomarkers); sigma = results/gateA_biomarker_scales_train.csv; quality proxy feat_contrast from results/pivot/bio_master.csv (source=gt); CV protocol identical to src/pivot/e1_dose_response.py (5-fold x 3 repeats, seeds 0..2)"
fives,gbdt,gaussian_corr,injected,0.6,,4,400,4,0.6248982630575509,0.5932074719317546,1.6272353891826241,0.5923083333333333,-0.08843333333333336,"results/pivot/p2_predictions.csv (skan4 panel, reference-mask biomarkers); sigma = results/gateA_biomarker_scales_train.csv; quality proxy feat_contrast from results/pivot/bio_master.csv (source=gt); CV protocol identical to src/pivot/e1_dose_response.py (5-fold x 3 repeats, seeds 0..2)"
fives,gbdt,gaussian_corr,injected,0.5,,0,400,4,0.5254350613927989,0.5033007622054552,2.1138407774538157,0.5269666666666667,-0.153775,"results/pivot/p2_predictions.csv (skan4 panel, reference-mask biomarkers); sigma = results/gateA_biomarker_scales_train.csv; quality proxy feat_contrast from results/pivot/bio_master.csv (source=gt); CV protocol identical to src/pivot/e1_dose_response.py (5-fold x 3 repeats, seeds 0..2)"
fives,gbdt,gaussian_corr,injected,0.5,,1,400,4,0.493099499750382,0.47731624282768814,2.113840777453815,0.5520166666666666,-0.1287250000000001,"results/pivot/p2_predictions.csv (skan4 panel, reference-mask biomarkers); sigma = results/gateA_biomarker_scales_train.csv; quality proxy feat_contrast from results/pivot/bio_master.csv (source=gt); CV protocol identical to src/pivot/e1_dose_response.py (5-fold x 3 repeats, seeds 0..2)"
fives,gbdt,gaussian_corr,injected,0.5,,2,400,4,0.5048855924317995,0.4622094107156472,2.1138407774538157,0.5824166666666667,-0.098325,"results/pivot/p2_predictions.csv (skan4 panel, reference-mask biomarkers); sigma = results/gateA_biomarker_scales_train.csv; quality proxy feat_contrast from results/pivot/bio_master.csv (source=gt); CV protocol identical to src/pivot/e1_dose_response.py (5-fold x 3 repeats, seeds 0..2)"
fives,gbdt,gaussian_corr,injected,0.5,,3,400,4,0.4988047327731032,0.4411295993318949,2.113840777453815,0.5793666666666667,-0.10137499999999999,"results/pivot/p2_predictions.csv (skan4 panel, reference-mask biomarkers); sigma = results/gateA_biomarker_scales_train.csv; quality proxy feat_contrast from results/pivot/bio_master.csv (source=gt); CV protocol identical to src/pivot/e1_dose_response.py (5-fold x 3 repeats, seeds 0..2)"
fives,gbdt,gaussian_corr,injected,0.5,,4,400,4,0.531543506656651,0.49138125523422427,2.1138407774538153,0.5848500000000001,-0.0958916666666666,"results/pivot/p2_predictions.csv (skan4 panel, reference-mask biomarkers); sigma = results/gateA_biomarker_scales_train.csv; quality proxy feat_contrast from results/pivot/bio_master.csv (source=gt); CV protocol identical to src/pivot/e1_dose_response.py (5-fold x 3 repeats, seeds 0..2)"
fives,gbdt,gaussian_corr,injected,0.4,,0,400,4,0.4302102046986443,0.4039129596067754,2.796348504165113,0.53375,-0.14699166666666674,"results/pivot/p2_predictions.csv (skan4 panel, reference-mask biomarkers); sigma = results/gateA_biomarker_scales_train.csv; quality proxy feat_contrast from results/pivot/bio_master.csv (source=gt); CV protocol identical to src/pivot/e1_dose_response.py (5-fold x 3 repeats, seeds 0..2)"
fives,gbdt,gaussian_corr,injected,0.4,,1,400,4,0.3918383918991748,0.37314111394507293,2.7963485041651106,0.5146916666666668,-0.16604999999999992,"results/pivot/p2_predictions.csv (skan4 panel, reference-mask biomarkers); sigma = results/gateA_biomarker_scales_train.csv; quality proxy feat_contrast from results/pivot/bio_master.csv (source=gt); CV protocol identical to src/pivot/e1_dose_response.py (5-fold x 3 repeats, seeds 0..2)"
fives,gbdt,gaussian_corr,injected,0.4,,2,400,4,0.4058364517429449,0.35528627068673596,2.7963485041651124,0.5413666666666667,-0.13937500000000003,"results/pivot/p2_predictions.csv (skan4 panel, reference-mask biomarkers); sigma = results/gateA_biomarker_scales_train.csv; quality proxy feat_contrast from results/pivot/bio_master.csv (source=gt); CV protocol identical to src/pivot/e1_dose_response.py (5-fold x 3 repeats, seeds 0..2)"
fives,gbdt,gaussian_corr,injected,0.4,,3,400,4,0.39864548901708796,0.3304182808307809,2.7963485041651124,0.5813583333333333,-0.09938333333333338,"results/pivot/p2_predictions.csv (skan4 panel, reference-mask biomarkers); sigma = results/gateA_biomarker_scales_train.csv; quality proxy feat_contrast from results/pivot/bio_master.csv (source=gt); CV protocol identical to src/pivot/e1_dose_response.py (5-fold x 3 repeats, seeds 0..2)"
fives,gbdt,gaussian_corr,injected,0.4,,4,400,4,0.43747177504952683,0.3897882223191825,2.7963485041651115,0.5988416666666667,-0.08189999999999997,"results/pivot/p2_predictions.csv (skan4 panel, reference-mask biomarkers); sigma = results/gateA_biomarker_scales_train.csv; quality proxy feat_contrast from results/pivot/bio_master.csv (source=gt); CV protocol identical to src/pivot/e1_dose_response.py (5-fold x 3 repeats, seeds 0..2)"
fives,gbdt,resid_bootstrap,injected,0.99,,0,400,4,0.9900336461442227,0.9899675898753448,0.1739013637270311,0.6774083333333334,-0.0033333333333332993,"results/pivot/p2_predictions.csv (skan4 panel, reference-mask biomarkers); sigma = results/gateA_biomarker_scales_train.csv; quality proxy feat_contrast from results/pivot/bio_master.csv (source=gt); CV protocol identical to src/pivot/e1_dose_response.py (5-fold x 3 repeats, seeds 0..2)"
fives,gbdt,resid_bootstrap,injected,0.99,,1,400,4,0.9900860404716273,0.9899848561471217,0.1739013637270312,0.6701166666666667,-0.010624999999999996,"results/pivot/p2_predictions.csv (skan4 panel, reference-mask biomarkers); sigma = results/gateA_biomarker_scales_train.csv; quality proxy feat_contrast from results/pivot/bio_master.csv (source=gt); CV protocol identical to src/pivot/e1_dose_response.py (5-fold x 3 repeats, seeds 0..2)"
fives,gbdt,resid_bootstrap,injected,0.99,,2,400,4,0.9900623110989155,0.9898564499814562,0.17390136372703108,0.6685583333333334,-0.012183333333333324,"results/pivot/p2_predictions.csv (skan4 panel, reference-mask biomarkers); sigma = results/gateA_biomarker_scales_train.csv; quality proxy feat_contrast from results/pivot/bio_master.csv (source=gt); CV protocol identical to src/pivot/e1_dose_response.py (5-fold x 3 repeats, seeds 0..2)"
fives,gbdt,resid_bootstrap,injected,0.99,,3,400,4,0.989911090561292,0.9898287491201413,0.17390136372703086,0.6863249999999999,0.0055833333333331625,"results/pivot/p2_predictions.csv (skan4 panel, reference-mask biomarkers); sigma = results/gateA_biomarker_scales_train.csv; quality proxy feat_contrast from results/pivot/bio_master.csv (source=gt); CV protocol identical to src/pivot/e1_dose_response.py (5-fold x 3 repeats, seeds 0..2)"
fives,gbdt,resid_bootstrap,injected,0.99,,4,400,4,0.9899031615310341,0.9898336174489336,0.1739013637270313,0.6937833333333334,0.01304166666666673,"results/pivot/p2_predictions.csv (skan4 panel, reference-mask biomarkers); sigma = results/gateA_biomarker_scales_train.csv; quality proxy feat_contrast from results/pivot/bio_master.csv (source=gt); CV protocol identical to src/pivot/e1_dose_response.py (5-fold x 3 repeats, seeds 0..2)"
fives,gbdt,resid_bootstrap,injected,0.95,,0,400,4,0.9503326704331201,0.9496387156447027,0.40113480585665273,0.6363916666666667,-0.04435,"results/pivot/p2_predictions.csv (skan4 panel, reference-mask biomarkers); sigma = results/gateA_biomarker_scales_train.csv; quality proxy feat_contrast from results/pivot/bio_master.csv (source=gt); CV protocol identical to src/pivot/e1_dose_response.py (5-fold x 3 repeats, seeds 0..2)"
fives,gbdt,resid_bootstrap,injected,0.95,,1,400,4,0.9508508691623224,0.949833721281595,0.40113480585665257,0.655575,-0.02516666666666667,"results/pivot/p2_predictions.csv (skan4 panel, reference-mask biomarkers); sigma = results/gateA_biomarker_scales_train.csv; quality proxy feat_contrast from results/pivot/bio_master.csv (source=gt); CV protocol identical to src/pivot/e1_dose_response.py (5-fold x 3 repeats, seeds 0..2)"
fives,gbdt,resid_bootstrap,injected,0.95,,2,400,4,0.9503860786195427,0.9481498535494961,0.40113480585665273,0.6450083333333334,-0.035733333333333284,"results/pivot/p2_predictions.csv (skan4 panel, reference-mask biomarkers); sigma = results/gateA_biomarker_scales_train.csv; quality proxy feat_contrast from results/pivot/bio_master.csv (source=gt); CV protocol identical to src/pivot/e1_dose_response.py (5-fold x 3 repeats, seeds 0..2)"
fives,gbdt,resid_bootstrap,injected,0.95,,3,400,4,0.9488359532732893,0.9476372904518698,0.4011348058566525,0.674775,-0.005966666666666676,"results/pivot/p2_predictions.csv (skan4 panel, reference-mask biomarkers); sigma = results/gateA_biomarker_scales_train.csv; quality proxy feat_contrast from results/pivot/bio_master.csv (source=gt); CV protocol identical to src/pivot/e1_dose_response.py (5-fold x 3 repeats, seeds 0..2)"
fives,gbdt,resid_bootstrap,injected,0.95,,4,400,4,0.9487409119694837,0.9477370411542042,0.4011348058566525,0.649575,-0.031166666666666676,"results/pivot/p2_predictions.csv (skan4 panel, reference-mask biomarkers); sigma = results/gateA_biomarker_scales_train.csv; quality proxy feat_contrast from results/pivot/bio_master.csv (source=gt); CV protocol identical to src/pivot/e1_dose_response.py (5-fold x 3 repeats, seeds 0..2)"
fives,gbdt,resid_bootstrap,injected,0.9,,0,400,4,0.9008802470788704,0.8990095746713571,0.591079551566678,0.6333666666666666,-0.047375000000000056,"results/pivot/p2_predictions.csv (skan4 panel, reference-mask biomarkers); sigma = results/gateA_biomarker_scales_train.csv; quality proxy feat_contrast from results/pivot/bio_master.csv (source=gt); CV protocol identical to src/pivot/e1_dose_response.py (5-fold x 3 repeats, seeds 0..2)"
fives,gbdt,resid_bootstrap,injected,0.9,,1,400,4,0.9022518843492231,0.8995460805850013,0.5910795515666778,0.613275,-0.06746666666666667,"results/pivot/p2_predictions.csv (skan4 panel, reference-mask biomarkers); sigma = results/gateA_biomarker_scales_train.csv; quality proxy feat_contrast from results/pivot/bio_master.csv (source=gt); CV protocol identical to src/pivot/e1_dose_response.py (5-fold x 3 repeats, seeds 0..2)"
fives,gbdt,resid_bootstrap,injected,0.9,,2,400,4,0.9008296434725775,0.8947354795001174,0.5910795515666784,0.636425,-0.04431666666666667,"results/pivot/p2_predictions.csv (skan4 panel, reference-mask biomarkers); sigma = results/gateA_biomarker_scales_train.csv; quality proxy feat_contrast from results/pivot/bio_master.csv (source=gt); CV protocol identical to src/pivot/e1_dose_response.py (5-fold x 3 repeats, seeds 0..2)"
fives,gbdt,resid_bootstrap,injected,0.9,,3,400,4,0.8966751258042185,0.8931712191282056,0.5910795515666777,0.6493333333333333,-0.03140833333333337,"results/pivot/p2_predictions.csv (skan4 panel, reference-mask biomarkers); sigma = results/gateA_biomarker_scales_train.csv; quality proxy feat_contrast from results/pivot/bio_master.csv (source=gt); CV protocol identical to src/pivot/e1_dose_response.py (5-fold x 3 repeats, seeds 0..2)"
fives,gbdt,resid_bootstrap,injected,0.9,,4,400,4,0.8964095007849052,0.8934803159626847,0.5910795515666779,0.648725,-0.03201666666666669,"results/pivot/p2_predictions.csv (skan4 panel, reference-mask biomarkers); sigma = results/gateA_biomarker_scales_train.csv; quality proxy feat_contrast from results/pivot/bio_master.csv (source=gt); CV protocol identical to src/pivot/e1_dose_response.py (5-fold x 3 repeats, seeds 0..2)"
fives,gbdt,resid_bootstrap,injected,0.8,,0,400,4,0.8022454816806556,0.7974012122272077,0.9153199064152262,0.609825,-0.07091666666666674,"results/pivot/p2_predictions.csv (skan4 panel, reference-mask biomarkers); sigma = results/gateA_biomarker_scales_train.csv; quality proxy feat_contrast from results/pivot/bio_master.csv (source=gt); CV protocol identical to src/pivot/e1_dose_response.py (5-fold x 3 repeats, seeds 0..2)"
fives,gbdt,resid_bootstrap,injected,0.8,,1,400,4,0.8057462331605174,0.7988128798578803,0.9153199064152256,0.6260333333333333,-0.05470833333333336,"results/pivot/p2_predictions.csv (skan4 panel, reference-mask biomarkers); sigma = results/gateA_biomarker_scales_train.csv; quality proxy feat_contrast from results/pivot/bio_master.csv (source=gt); CV protocol identical to src/pivot/e1_dose_response.py (5-fold x 3 repeats, seeds 0..2)"
fives,gbdt,resid_bootstrap,injected,0.8,,2,400,4,0.8017182631063569,0.7857843409406369,0.9153199064152262,0.5688416666666667,-0.1119,"results/pivot/p2_predictions.csv (skan4 panel, reference-mask biomarkers); sigma = results/gateA_biomarker_scales_train.csv; quality proxy feat_contrast from results/pivot/bio_master.csv (source=gt); CV protocol identical to src/pivot/e1_dose_response.py (5-fold x 3 repeats, seeds 0..2)"
fives,gbdt,resid_bootstrap,injected,0.8,,3,400,4,0.7909951949039522,0.781342281650887,0.9153199064152259,0.6607000000000001,-0.020041666666666624,"results/pivot/p2_predictions.csv (skan4 panel, reference-mask biomarkers); sigma = results/gateA_biomarker_scales_train.csv; quality proxy feat_contrast from results/pivot/bio_master.csv (source=gt); CV protocol identical to src/pivot/e1_dose_response.py (5-fold x 3 repeats, seeds 0..2)"
fives,gbdt,resid_bootstrap,injected,0.8,,4,400,4,0.7902877320739019,0.7822292516014077,0.9153199064152259,0.6204333333333333,-0.06030833333333341,"results/pivot/p2_predictions.csv (skan4 panel, reference-mask biomarkers); sigma = results/gateA_biomarker_scales_train.csv; quality proxy feat_contrast from results/pivot/bio_master.csv (source=gt); CV protocol identical to src/pivot/e1_dose_response.py (5-fold x 3 repeats, seeds 0..2)"
fives,gbdt,resid_bootstrap,injected,0.7,,0,400,4,0.7037512884348022,0.6956070042454585,1.2450841144542621,0.6009666666666666,-0.07977500000000004,"results/pivot/p2_predictions.csv (skan4 panel, reference-mask biomarkers); sigma = results/gateA_biomarker_scales_train.csv; quality proxy feat_contrast from results/pivot/bio_master.csv (source=gt); CV protocol identical to src/pivot/e1_dose_response.py (5-fold x 3 repeats, seeds 0..2)"
fives,gbdt,resid_bootstrap,injected,0.7,,1,400,4,0.7096012440668911,0.697996031334537,1.2450841144542621,0.6103416666666667,-0.07040000000000002,"results/pivot/p2_predictions.csv (skan4 panel, reference-mask biomarkers); sigma = results/gateA_biomarker_scales_train.csv; quality proxy feat_contrast from results/pivot/bio_master.csv (source=gt); CV protocol identical to src/pivot/e1_dose_response.py (5-fold x 3 repeats, seeds 0..2)"
fives,gbdt,resid_bootstrap,injected,0.7,,2,400,4,0.7025887890122053,0.6756846854617816,1.2450841144542621,0.5706166666666668,-0.11012499999999992,"results/pivot/p2_predictions.csv (skan4 panel, reference-mask biomarkers); sigma = results/gateA_biomarker_scales_train.csv; quality proxy feat_contrast from results/pivot/bio_master.csv (source=gt); CV protocol identical to src/pivot/e1_dose_response.py (5-fold x 3 repeats, seeds 0..2)"
fives,gbdt,resid_bootstrap,injected,0.7,,3,400,4,0.6845785024616482,0.6679335133753079,1.245084114454262,0.612525,-0.0682166666666667,"results/pivot/p2_predictions.csv (skan4 panel, reference-mask biomarkers); sigma = results/gateA_biomarker_scales_train.csv; quality proxy feat_contrast from results/pivot/bio_master.csv (source=gt); CV protocol identical to src/pivot/e1_dose_response.py (5-fold x 3 repeats, seeds 0..2)"
fives,gbdt,resid_bootstrap,injected,0.7,,4,400,4,0.6833752339519464,0.6694875199028149,1.245084114454262,0.599225,-0.08151666666666668,"results/pivot/p2_predictions.csv (skan4 panel, reference-mask biomarkers); sigma = results/gateA_biomarker_scales_train.csv; quality proxy feat_contrast from results/pivot/bio_master.csv (source=gt); CV protocol identical to src/pivot/e1_dose_response.py (5-fold x 3 repeats, seeds 0..2)"
fives,gbdt,resid_bootstrap,injected,0.6,,0,400,4,0.605253142390514,0.5938180690509612,1.627235389182624,0.5898083333333334,-0.09093333333333331,"results/pivot/p2_predictions.csv (skan4 panel, reference-mask biomarkers); sigma = results/gateA_biomarker_scales_train.csv; quality proxy feat_contrast from results/pivot/bio_master.csv (source=gt); CV protocol identical to src/pivot/e1_dose_response.py (5-fold x 3 repeats, seeds 0..2)"
fives,gbdt,resid_bootstrap,injected,0.6,,1,400,4,0.6134461088162559,0.5971815536733504,1.6272353891826241,0.6047666666666667,-0.07597500000000001,"results/pivot/p2_predictions.csv (skan4 panel, reference-mask biomarkers); sigma = results/gateA_biomarker_scales_train.csv; quality proxy feat_contrast from results/pivot/bio_master.csv (source=gt); CV protocol identical to src/pivot/e1_dose_response.py (5-fold x 3 repeats, seeds 0..2)"
fives,gbdt,resid_bootstrap,injected,0.6,,2,400,4,0.6034600662945899,0.5656179008129256,1.6272353891826234,0.5504666666666667,-0.13027500000000003,"results/pivot/p2_predictions.csv (skan4 panel, reference-mask biomarkers); sigma = results/gateA_biomarker_scales_train.csv; quality proxy feat_contrast from results/pivot/bio_master.csv (source=gt); CV protocol identical to src/pivot/e1_dose_response.py (5-fold x 3 repeats, seeds 0..2)"
fives,gbdt,resid_bootstrap,injected,0.6,,3,400,4,0.5781829196721904,0.5545701215582941,1.627235389182624,0.5903583333333333,-0.09038333333333337,"results/pivot/p2_predictions.csv (skan4 panel, reference-mask biomarkers); sigma = results/gateA_biomarker_scales_train.csv; quality proxy feat_contrast from results/pivot/bio_master.csv (source=gt); CV protocol identical to src/pivot/e1_dose_response.py (5-fold x 3 repeats, seeds 0..2)"
fives,gbdt,resid_bootstrap,injected,0.6,,4,400,4,0.5764853834198316,0.5567885727768941,1.6272353891826241,0.5841916666666667,-0.09655000000000002,"results/pivot/p2_predictions.csv (skan4 panel, reference-mask biomarkers); sigma = results/gateA_biomarker_scales_train.csv; quality proxy feat_contrast from results/pivot/bio_master.csv (source=gt); CV protocol identical to src/pivot/e1_dose_response.py (5-fold x 3 repeats, seeds 0..2)"
fives,gbdt,resid_bootstrap,injected,0.5,,0,400,4,0.5066592051651766,0.4921561616877872,2.1138407774538157,0.5827666666666667,-0.09797500000000003,"results/pivot/p2_predictions.csv (skan4 panel, reference-mask biomarkers); sigma = results/gateA_biomarker_scales_train.csv; quality proxy feat_contrast from results/pivot/bio_master.csv (source=gt); CV protocol identical to src/pivot/e1_dose_response.py (5-fold x 3 repeats, seeds 0..2)"
fives,gbdt,resid_bootstrap,injected,0.5,,1,400,4,0.5170451684329107,0.4964242308687996,2.113840777453815,0.5905083333333334,-0.09023333333333328,"results/pivot/p2_predictions.csv (skan4 panel, reference-mask biomarkers); sigma = results/gateA_biomarker_scales_train.csv; quality proxy feat_contrast from results/pivot/bio_master.csv (source=gt); CV protocol identical to src/pivot/e1_dose_response.py (5-fold x 3 repeats, seeds 0..2)"
fives,gbdt,resid_bootstrap,injected,0.5,,2,400,4,0.5043456696188477,0.4563384571727572,2.1138407774538153,0.5820333333333333,-0.0987083333333334,"results/pivot/p2_predictions.csv (skan4 panel, reference-mask biomarkers); sigma = results/gateA_biomarker_scales_train.csv; quality proxy feat_contrast from results/pivot/bio_master.csv (source=gt); CV protocol identical to src/pivot/e1_dose_response.py (5-fold x 3 repeats, seeds 0..2)"
fives,gbdt,resid_bootstrap,injected,0.5,,3,400,4,0.47229259413906516,0.44229104456963303,2.113840777453815,0.5526833333333333,-0.12805833333333339,"results/pivot/p2_predictions.csv (skan4 panel, reference-mask biomarkers); sigma = results/gateA_biomarker_scales_train.csv; quality proxy feat_contrast from results/pivot/bio_master.csv (source=gt); CV protocol identical to src/pivot/e1_dose_response.py (5-fold x 3 repeats, seeds 0..2)"
fives,gbdt,resid_bootstrap,injected,0.5,,4,400,4,0.47013773313210894,0.4451124956085132,2.113840777453815,0.5530333333333334,-0.1277083333333333,"results/pivot/p2_predictions.csv (skan4 panel, reference-mask biomarkers); sigma = results/gateA_biomarker_scales_train.csv; quality proxy feat_contrast from results/pivot/bio_master.csv (source=gt); CV protocol identical to src/pivot/e1_dose_response.py (5-fold x 3 repeats, seeds 0..2)"
fives,gbdt,resid_bootstrap,injected,0.4,,0,400,4,0.4079034331968617,0.39070602795519443,2.796348504165112,0.6029,-0.0778416666666667,"results/pivot/p2_predictions.csv (skan4 panel, reference-mask biomarkers); sigma = results/gateA_biomarker_scales_train.csv; quality proxy feat_contrast from results/pivot/bio_master.csv (source=gt); CV protocol identical to src/pivot/e1_dose_response.py (5-fold x 3 repeats, seeds 0..2)"
fives,gbdt,resid_bootstrap,injected,0.4,,1,400,4,0.42022921636386956,0.39576233607116185,2.7963485041651115,0.5663916666666667,-0.11434999999999995,"results/pivot/p2_predictions.csv (skan4 panel, reference-mask biomarkers); sigma = results/gateA_biomarker_scales_train.csv; quality proxy feat_contrast from results/pivot/bio_master.csv (source=gt); CV protocol identical to src/pivot/e1_dose_response.py (5-fold x 3 repeats, seeds 0..2)"
fives,gbdt,resid_bootstrap,injected,0.4,,2,400,4,0.40524080003015955,0.3483547205104094,2.7963485041651124,0.5645333333333333,-0.11620833333333336,"results/pivot/p2_predictions.csv (skan4 panel, reference-mask biomarkers); sigma = results/gateA_biomarker_scales_train.csv; quality proxy feat_contrast from results/pivot/bio_master.csv (source=gt); CV protocol identical to src/pivot/e1_dose_response.py (5-fold x 3 repeats, seeds 0..2)"
fives,gbdt,resid_bootstrap,injected,0.4,,3,400,4,0.36723240748837044,0.3317869861361052,2.796348504165113,0.5668416666666667,-0.1139,"results/pivot/p2_predictions.csv (skan4 panel, reference-mask biomarkers); sigma = results/gateA_biomarker_scales_train.csv; quality proxy feat_contrast from results/pivot/bio_master.csv (source=gt); CV protocol identical to src/pivot/e1_dose_response.py (5-fold x 3 repeats, seeds 0..2)"
fives,gbdt,resid_bootstrap,injected,0.4,,4,400,4,0.36468140692445933,0.33511264717315575,2.7963485041651124,0.5458833333333334,-0.1348583333333333,"results/pivot/p2_predictions.csv (skan4 panel, reference-mask biomarkers); sigma = results/gateA_biomarker_scales_train.csv; quality proxy feat_contrast from results/pivot/bio_master.csv (source=gt); CV protocol identical to src/pivot/e1_dose_response.py (5-fold x 3 repeats, seeds 0..2)"
fives,gbdt,hetero_reference,injected,0.99,,0,400,4,0.990207623616032,0.9901148323703137,0.1739013637270309,0.6514000000000001,-0.0293416666666666,"results/pivot/p2_predictions.csv (skan4 panel, reference-mask biomarkers); sigma = results/gateA_biomarker_scales_train.csv; quality proxy feat_contrast from results/pivot/bio_master.csv (source=gt); CV protocol identical to src/pivot/e1_dose_response.py (5-fold x 3 repeats, seeds 0..2)"
fives,gbdt,hetero_reference,injected,0.99,,1,400,4,0.9899515546445139,0.9898748439636489,0.17390136372703108,0.6718916666666667,-0.008850000000000025,"results/pivot/p2_predictions.csv (skan4 panel, reference-mask biomarkers); sigma = results/gateA_biomarker_scales_train.csv; quality proxy feat_contrast from results/pivot/bio_master.csv (source=gt); CV protocol identical to src/pivot/e1_dose_response.py (5-fold x 3 repeats, seeds 0..2)"
fives,gbdt,hetero_reference,injected,0.99,,2,400,4,0.9900804493542318,0.9898726107013012,0.1739013637270311,0.668175,-0.012566666666666726,"results/pivot/p2_predictions.csv (skan4 panel, reference-mask biomarkers); sigma = results/gateA_biomarker_scales_train.csv; quality proxy feat_contrast from results/pivot/bio_master.csv (source=gt); CV protocol identical to src/pivot/e1_dose_response.py (5-fold x 3 repeats, seeds 0..2)"
fives,gbdt,hetero_reference,injected,0.99,,3,400,4,0.9902441985307092,0.9899057438915856,0.17390136372703108,0.6961249999999999,0.015383333333333193,"results/pivot/p2_predictions.csv (skan4 panel, reference-mask biomarkers); sigma = results/gateA_biomarker_scales_train.csv; quality proxy feat_contrast from results/pivot/bio_master.csv (source=gt); CV protocol identical to src/pivot/e1_dose_response.py (5-fold x 3 repeats, seeds 0..2)"
fives,gbdt,hetero_reference,injected,0.99,,4,400,4,0.9902832873650977,0.9900041022808241,0.17390136372703108,0.6976500000000001,0.016908333333333414,"results/pivot/p2_predictions.csv (skan4 panel, reference-mask biomarkers); sigma = results/gateA_biomarker_scales_train.csv; quality proxy feat_contrast from results/pivot/bio_master.csv (source=gt); CV protocol identical to src/pivot/e1_dose_response.py (5-fold x 3 repeats, seeds 0..2)"
fives,gbdt,hetero_reference,injected,0.95,,0,400,4,0.9519705278657513,0.9511553358515027,0.4011348058566524,0.6365916666666667,-0.04415000000000002,"results/pivot/p2_predictions.csv (skan4 panel, reference-mask biomarkers); sigma = results/gateA_biomarker_scales_train.csv; quality proxy feat_contrast from results/pivot/bio_master.csv (source=gt); CV protocol identical to src/pivot/e1_dose_response.py (5-fold x 3 repeats, seeds 0..2)"
fives,gbdt,hetero_reference,injected,0.95,,1,400,4,0.9493646850147646,0.9484400342146524,0.40113480585665245,0.6467750000000001,-0.03396666666666659,"results/pivot/p2_predictions.csv (skan4 panel, reference-mask biomarkers); sigma = results/gateA_biomarker_scales_train.csv; quality proxy feat_contrast from results/pivot/bio_master.csv (source=gt); CV protocol identical to src/pivot/e1_dose_response.py (5-fold x 3 repeats, seeds 0..2)"
fives,gbdt,hetero_reference,injected,0.95,,2,400,4,0.9506251550052146,0.9484062529072808,0.4011348058566525,0.6390166666666668,-0.0417249999999999,"results/pivot/p2_predictions.csv (skan4 panel, reference-mask biomarkers); sigma = results/gateA_biomarker_scales_train.csv; quality proxy feat_contrast from results/pivot/bio_master.csv (source=gt); CV protocol identical to src/pivot/e1_dose_response.py (5-fold x 3 repeats, seeds 0..2)"
fives,gbdt,hetero_reference,injected,0.95,,3,400,4,0.9521026237062888,0.9488769058872811,0.4011348058566525,0.6741083333333333,-0.00663333333333338,"results/pivot/p2_predictions.csv (skan4 panel, reference-mask biomarkers); sigma = results/gateA_biomarker_scales_train.csv; quality proxy feat_contrast from results/pivot/bio_master.csv (source=gt); CV protocol identical to src/pivot/e1_dose_response.py (5-fold x 3 repeats, seeds 0..2)"
fives,gbdt,hetero_reference,injected,0.95,,4,400,4,0.9524952292831274,0.9500443458679656,0.4011348058566526,0.6656666666666666,-0.01507500000000006,"results/pivot/p2_predictions.csv (skan4 panel, reference-mask biomarkers); sigma = results/gateA_biomarker_scales_train.csv; quality proxy feat_contrast from results/pivot/bio_master.csv (source=gt); CV protocol identical to src/pivot/e1_dose_response.py (5-fold x 3 repeats, seeds 0..2)"
fives,gbdt,hetero_reference,injected,0.9,,0,400,4,0.9051478440356359,0.9030740001682396,0.591079551566678,0.6136250000000001,-0.0671166666666666,"results/pivot/p2_predictions.csv (skan4 panel, reference-mask biomarkers); sigma = results/gateA_biomarker_scales_train.csv; quality proxy feat_contrast from results/pivot/bio_master.csv (source=gt); CV protocol identical to src/pivot/e1_dose_response.py (5-fold x 3 repeats, seeds 0..2)"
fives,gbdt,hetero_reference,injected,0.9,,1,400,4,0.8981855379071435,0.8955969779459468,0.5910795515666781,0.6367083333333333,-0.04403333333333337,"results/pivot/p2_predictions.csv (skan4 panel, reference-mask biomarkers); sigma = results/gateA_biomarker_scales_train.csv; quality proxy feat_contrast from results/pivot/bio_master.csv (source=gt); CV protocol identical to src/pivot/e1_dose_response.py (5-fold x 3 repeats, seeds 0..2)"
fives,gbdt,hetero_reference,injected,0.9,,2,400,4,0.9015127525226213,0.8954974970501195,0.5910795515666777,0.6413416666666667,-0.03939999999999999,"results/pivot/p2_predictions.csv (skan4 panel, reference-mask biomarkers); sigma = results/gateA_biomarker_scales_train.csv; quality proxy feat_contrast from results/pivot/bio_master.csv (source=gt); CV protocol identical to src/pivot/e1_dose_response.py (5-fold x 3 repeats, seeds 0..2)"
fives,gbdt,hetero_reference,injected,0.9,,3,400,4,0.905311204011223,0.8968658352025837,0.5910795515666779,0.6851,0.004358333333333353,"results/pivot/p2_predictions.csv (skan4 panel, reference-mask biomarkers); sigma = results/gateA_biomarker_scales_train.csv; quality proxy feat_contrast from results/pivot/bio_master.csv (source=gt); CV protocol identical to src/pivot/e1_dose_response.py (5-fold x 3 repeats, seeds 0..2)"
fives,gbdt,hetero_reference,injected,0.9,,4,400,4,0.9063585131531398,0.9001205252158189,0.5910795515666781,0.6284833333333333,-0.05225833333333341,"results/pivot/p2_predictions.csv (skan4 panel, reference-mask biomarkers); sigma = results/gateA_biomarker_scales_train.csv; quality proxy feat_contrast from results/pivot/bio_master.csv (source=gt); CV protocol identical to src/pivot/e1_dose_response.py (5-fold x 3 repeats, seeds 0..2)"
fives,gbdt,hetero_reference,injected,0.8,,0,400,4,0.813000106726248,0.8078775608453423,0.9153199064152259,0.6024416666666667,-0.07830000000000004,"results/pivot/p2_predictions.csv (skan4 panel, reference-mask biomarkers); sigma = results/gateA_biomarker_scales_train.csv; quality proxy feat_contrast from results/pivot/bio_master.csv (source=gt); CV protocol identical to src/pivot/e1_dose_response.py (5-fold x 3 repeats, seeds 0..2)"
fives,gbdt,hetero_reference,injected,0.8,,1,400,4,0.7950883188070537,0.7881836536447311,0.9153199064152258,0.6391333333333333,-0.04160833333333336,"results/pivot/p2_predictions.csv (skan4 panel, reference-mask biomarkers); sigma = results/gateA_biomarker_scales_train.csv; quality proxy feat_contrast from results/pivot/bio_master.csv (source=gt); CV protocol identical to src/pivot/e1_dose_response.py (5-fold x 3 repeats, seeds 0..2)"
fives,gbdt,hetero_reference,injected,0.8,,2,400,4,0.8035671135712718,0.7879082070664797,0.915319906415226,0.6116916666666666,-0.06905000000000006,"results/pivot/p2_predictions.csv (skan4 panel, reference-mask biomarkers); sigma = results/gateA_biomarker_scales_train.csv; quality proxy feat_contrast from results/pivot/bio_master.csv (source=gt); CV protocol identical to src/pivot/e1_dose_response.py (5-fold x 3 repeats, seeds 0..2)"
fives,gbdt,hetero_reference,injected,0.8,,3,400,4,0.8130416699824925,0.791661791082092,0.915319906415226,0.6456916666666667,-0.035050000000000026,"results/pivot/p2_predictions.csv (skan4 panel, reference-mask biomarkers); sigma = results/gateA_biomarker_scales_train.csv; quality proxy feat_contrast from results/pivot/bio_master.csv (source=gt); CV protocol identical to src/pivot/e1_dose_response.py (5-fold x 3 repeats, seeds 0..2)"
fives,gbdt,hetero_reference,injected,0.8,,4,400,4,0.8157374810319588,0.8003141142334605,0.9153199064152258,0.59425,-0.08649166666666674,"results/pivot/p2_predictions.csv (skan4 panel, reference-mask biomarkers); sigma = results/gateA_biomarker_scales_train.csv; quality proxy feat_contrast from results/pivot/bio_master.csv (source=gt); CV protocol identical to src/pivot/e1_dose_response.py (5-fold x 3 repeats, seeds 0..2)"
fives,gbdt,hetero_reference,injected,0.7,,0,400,4,0.7216273536787028,0.7131859288127748,1.2450841144542621,0.5514,-0.1293416666666667,"results/pivot/p2_predictions.csv (skan4 panel, reference-mask biomarkers); sigma = results/gateA_biomarker_scales_train.csv; quality proxy feat_contrast from results/pivot/bio_master.csv (source=gt); CV protocol identical to src/pivot/e1_dose_response.py (5-fold x 3 repeats, seeds 0..2)"
fives,gbdt,hetero_reference,injected,0.7,,1,400,4,0.6915911064398602,0.6798394816533051,1.2450841144542621,0.6011333333333333,-0.07960833333333339,"results/pivot/p2_predictions.csv (skan4 panel, reference-mask biomarkers); sigma = results/gateA_biomarker_scales_train.csv; quality proxy feat_contrast from results/pivot/bio_master.csv (source=gt); CV protocol identical to src/pivot/e1_dose_response.py (5-fold x 3 repeats, seeds 0..2)"
fives,gbdt,hetero_reference,injected,0.7,,2,400,4,0.705753430321259,0.6793636055416001,1.2450841144542624,0.5725083333333333,-0.1082333333333334,"results/pivot/p2_predictions.csv (skan4 panel, reference-mask biomarkers); sigma = results/gateA_biomarker_scales_train.csv; quality proxy feat_contrast from results/pivot/bio_master.csv (source=gt); CV protocol identical to src/pivot/e1_dose_response.py (5-fold x 3 repeats, seeds 0..2)"
fives,gbdt,hetero_reference,injected,0.7,,3,400,4,0.7214368202096852,0.6858244729246374,1.2450841144542628,0.6093500000000001,-0.07139166666666663,"results/pivot/p2_predictions.csv (skan4 panel, reference-mask biomarkers); sigma = results/gateA_biomarker_scales_train.csv; quality proxy feat_contrast from results/pivot/bio_master.csv (source=gt); CV protocol identical to src/pivot/e1_dose_response.py (5-fold x 3 repeats, seeds 0..2)"
fives,gbdt,hetero_reference,injected,0.7,,4,400,4,0.7259607116912362,0.7005294913927904,1.245084114454262,0.5885666666666667,-0.092175,"results/pivot/p2_predictions.csv (skan4 panel, reference-mask biomarkers); sigma = results/gateA_biomarker_scales_train.csv; quality proxy feat_contrast from results/pivot/bio_master.csv (source=gt); CV protocol identical to src/pivot/e1_dose_response.py (5-fold x 3 repeats, seeds 0..2)"
fives,gbdt,hetero_reference,injected,0.6,,0,400,4,0.630232863413626,0.6184800772034892,1.6272353891826243,0.5446916666666667,-0.13605,"results/pivot/p2_predictions.csv (skan4 panel, reference-mask biomarkers); sigma = results/gateA_biomarker_scales_train.csv; quality proxy feat_contrast from results/pivot/bio_master.csv (source=gt); CV protocol identical to src/pivot/e1_dose_response.py (5-fold x 3 repeats, seeds 0..2)"
fives,gbdt,hetero_reference,injected,0.6,,1,400,4,0.5881053427837561,0.5715219010058562,1.6272353891826241,0.5747833333333334,-0.10595833333333327,"results/pivot/p2_predictions.csv (skan4 panel, reference-mask biomarkers); sigma = results/gateA_biomarker_scales_train.csv; quality proxy feat_contrast from results/pivot/bio_master.csv (source=gt); CV protocol identical to src/pivot/e1_dose_response.py (5-fold x 3 repeats, seeds 0..2)"
fives,gbdt,hetero_reference,injected,0.6,,2,400,4,0.6079362072067029,0.5708463000185129,1.6272353891826234,0.6005083333333333,-0.08023333333333338,"results/pivot/p2_predictions.csv (skan4 panel, reference-mask biomarkers); sigma = results/gateA_biomarker_scales_train.csv; quality proxy feat_contrast from results/pivot/bio_master.csv (source=gt); CV protocol identical to src/pivot/e1_dose_response.py (5-fold x 3 repeats, seeds 0..2)"
fives,gbdt,hetero_reference,injected,0.6,,3,400,4,0.6298135141788987,0.580005197615495,1.627235389182624,0.6088,-0.07194166666666668,"results/pivot/p2_predictions.csv (skan4 panel, reference-mask biomarkers); sigma = results/gateA_biomarker_scales_train.csv; quality proxy feat_contrast from results/pivot/bio_master.csv (source=gt); CV protocol identical to src/pivot/e1_dose_response.py (5-fold x 3 repeats, seeds 0..2)"
fives,gbdt,hetero_reference,injected,0.6,,4,400,4,0.6361603943501712,0.6007442516542495,1.6272353891826241,0.6061083333333334,-0.07463333333333333,"results/pivot/p2_predictions.csv (skan4 panel, reference-mask biomarkers); sigma = results/gateA_biomarker_scales_train.csv; quality proxy feat_contrast from results/pivot/bio_master.csv (source=gt); CV protocol identical to src/pivot/e1_dose_response.py (5-fold x 3 repeats, seeds 0..2)"
fives,gbdt,hetero_reference,injected,0.5,,0,400,4,0.5383107303893763,0.5234300281908699,2.1138407774538144,0.5706249999999999,-0.11011666666666675,"results/pivot/p2_predictions.csv (skan4 panel, reference-mask biomarkers); sigma = results/gateA_biomarker_scales_train.csv; quality proxy feat_contrast from results/pivot/bio_master.csv (source=gt); CV protocol identical to src/pivot/e1_dose_response.py (5-fold x 3 repeats, seeds 0..2)"
fives,gbdt,hetero_reference,injected,0.5,,1,400,4,0.4848937950908136,0.4638420415513749,2.113840777453815,0.54905,-0.13169166666666665,"results/pivot/p2_predictions.csv (skan4 panel, reference-mask biomarkers); sigma = results/gateA_biomarker_scales_train.csv; quality proxy feat_contrast from results/pivot/bio_master.csv (source=gt); CV protocol identical to src/pivot/e1_dose_response.py (5-fold x 3 repeats, seeds 0..2)"
fives,gbdt,hetero_reference,injected,0.5,,2,400,4,0.5100304716282018,0.46298352270207904,2.1138407774538153,0.5751083333333333,-0.10563333333333336,"results/pivot/p2_predictions.csv (skan4 panel, reference-mask biomarkers); sigma = results/gateA_biomarker_scales_train.csv; quality proxy feat_contrast from results/pivot/bio_master.csv (source=gt); CV protocol identical to src/pivot/e1_dose_response.py (5-fold x 3 repeats, seeds 0..2)"
fives,gbdt,hetero_reference,injected,0.5,,3,400,4,0.537739220432342,0.47461938971478335,2.1138407774538157,0.6170833333333334,-0.06365833333333326,"results/pivot/p2_predictions.csv (skan4 panel, reference-mask biomarkers); sigma = results/gateA_biomarker_scales_train.csv; quality proxy feat_contrast from results/pivot/bio_master.csv (source=gt); CV protocol identical to src/pivot/e1_dose_response.py (5-fold x 3 repeats, seeds 0..2)"
fives,gbdt,hetero_reference,injected,0.5,,4,400,4,0.5457863785055359,0.5009441298591598,2.113840777453815,0.5981083333333334,-0.08263333333333334,"results/pivot/p2_predictions.csv (skan4 panel, reference-mask biomarkers); sigma = results/gateA_biomarker_scales_train.csv; quality proxy feat_contrast from results/pivot/bio_master.csv (source=gt); CV protocol identical to src/pivot/e1_dose_response.py (5-fold x 3 repeats, seeds 0..2)"
fives,gbdt,hetero_reference,injected,0.4,,0,400,4,0.4454937628875054,0.4277999616495941,2.7963485041651124,0.5950916666666667,-0.08565,"results/pivot/p2_predictions.csv (skan4 panel, reference-mask biomarkers); sigma = results/gateA_biomarker_scales_train.csv; quality proxy feat_contrast from results/pivot/bio_master.csv (source=gt); CV protocol identical to src/pivot/e1_dose_response.py (5-fold x 3 repeats, seeds 0..2)"
fives,gbdt,hetero_reference,injected,0.4,,1,400,4,0.38213344556917306,0.3572145816014798,2.796348504165112,0.5588166666666666,-0.12192500000000006,"results/pivot/p2_predictions.csv (skan4 panel, reference-mask biomarkers); sigma = results/gateA_biomarker_scales_train.csv; quality proxy feat_contrast from results/pivot/bio_master.csv (source=gt); CV protocol identical to src/pivot/e1_dose_response.py (5-fold x 3 repeats, seeds 0..2)"
fives,gbdt,hetero_reference,injected,0.4,,2,400,4,0.41196484786922266,0.3562005393858399,2.796348504165112,0.6083916666666667,-0.07235000000000003,"results/pivot/p2_predictions.csv (skan4 panel, reference-mask biomarkers); sigma = results/gateA_biomarker_scales_train.csv; quality proxy feat_contrast from results/pivot/bio_master.csv (source=gt); CV protocol identical to src/pivot/e1_dose_response.py (5-fold x 3 repeats, seeds 0..2)"
fives,gbdt,hetero_reference,injected,0.4,,3,400,4,0.4448885930609531,0.3699517287269784,2.796348504165113,0.5832916666666667,-0.09745000000000004,"results/pivot/p2_predictions.csv (skan4 panel, reference-mask biomarkers); sigma = results/gateA_biomarker_scales_train.csv; quality proxy feat_contrast from results/pivot/bio_master.csv (source=gt); CV protocol identical to src/pivot/e1_dose_response.py (5-fold x 3 repeats, seeds 0..2)"
fives,gbdt,hetero_reference,injected,0.4,,4,400,4,0.45443119344123,0.4011191212705414,2.7963485041651124,0.6087083333333333,-0.0720333333333334,"results/pivot/p2_predictions.csv (skan4 panel, reference-mask biomarkers); sigma = results/gateA_biomarker_scales_train.csv; quality proxy feat_contrast from results/pivot/bio_master.csv (source=gt); CV protocol identical to src/pivot/e1_dose_response.py (5-fold x 3 repeats, seeds 0..2)"
fives,gbdt,hetero_quality,injected,0.99,,0,400,4,0.9900586563877839,0.9899347529206133,0.17390136372703105,0.66755,-0.013191666666666713,"results/pivot/p2_predictions.csv (skan4 panel, reference-mask biomarkers); sigma = results/gateA_biomarker_scales_train.csv; quality proxy feat_contrast from results/pivot/bio_master.csv (source=gt); CV protocol identical to src/pivot/e1_dose_response.py (5-fold x 3 repeats, seeds 0..2)"
fives,gbdt,hetero_quality,injected,0.99,,1,400,4,0.9900130360105079,0.9899295845398259,0.1739013637270312,0.6912416666666666,0.010499999999999954,"results/pivot/p2_predictions.csv (skan4 panel, reference-mask biomarkers); sigma = results/gateA_biomarker_scales_train.csv; quality proxy feat_contrast from results/pivot/bio_master.csv (source=gt); CV protocol identical to src/pivot/e1_dose_response.py (5-fold x 3 repeats, seeds 0..2)"
fives,gbdt,hetero_quality,injected,0.99,,2,400,4,0.9900405540436146,0.9899456418553799,0.1739013637270312,0.6694583333333334,-0.011283333333333312,"results/pivot/p2_predictions.csv (skan4 panel, reference-mask biomarkers); sigma = results/gateA_biomarker_scales_train.csv; quality proxy feat_contrast from results/pivot/bio_master.csv (source=gt); CV protocol identical to src/pivot/e1_dose_response.py (5-fold x 3 repeats, seeds 0..2)"
fives,gbdt,hetero_quality,injected,0.99,,3,400,4,0.989938448125145,0.9898152088995326,0.1739013637270312,0.6981416666666667,0.01739999999999997,"results/pivot/p2_predictions.csv (skan4 panel, reference-mask biomarkers); sigma = results/gateA_biomarker_scales_train.csv; quality proxy feat_contrast from results/pivot/bio_master.csv (source=gt); CV protocol identical to src/pivot/e1_dose_response.py (5-fold x 3 repeats, seeds 0..2)"
fives,gbdt,hetero_quality,injected,0.99,,4,400,4,0.9900813227843374,0.9898743893856895,0.17390136372703124,0.691025,0.010283333333333311,"results/pivot/p2_predictions.csv (skan4 panel, reference-mask biomarkers); sigma = results/gateA_biomarker_scales_train.csv; quality proxy feat_contrast from results/pivot/bio_master.csv (source=gt); CV protocol identical to src/pivot/e1_dose_response.py (5-fold x 3 repeats, seeds 0..2)"
fives,gbdt,hetero_quality,injected,0.95,,0,400,4,0.9505698071829787,0.9492486657289362,0.4011348058566524,0.6779666666666667,-0.002774999999999972,"results/pivot/p2_predictions.csv (skan4 panel, reference-mask biomarkers); sigma = results/gateA_biomarker_scales_train.csv; quality proxy feat_contrast from results/pivot/bio_master.csv (source=gt); CV protocol identical to src/pivot/e1_dose_response.py (5-fold x 3 repeats, seeds 0..2)"
fives,gbdt,hetero_quality,injected,0.95,,1,400,4,0.9500948294797317,0.9491845557248405,0.4011348058566525,0.6935916666666666,0.012849999999999917,"results/pivot/p2_predictions.csv (skan4 panel, reference-mask biomarkers); sigma = results/gateA_biomarker_scales_train.csv; quality proxy feat_contrast from results/pivot/bio_master.csv (source=gt); CV protocol identical to src/pivot/e1_dose_response.py (5-fold x 3 repeats, seeds 0..2)"
fives,gbdt,hetero_quality,injected,0.95,,2,400,4,0.9503545408455565,0.9493811404204917,0.40113480585665234,0.6666083333333334,-0.014133333333333331,"results/pivot/p2_predictions.csv (skan4 panel, reference-mask biomarkers); sigma = results/gateA_biomarker_scales_train.csv; quality proxy feat_contrast from results/pivot/bio_master.csv (source=gt); CV protocol identical to src/pivot/e1_dose_response.py (5-fold x 3 repeats, seeds 0..2)"
fives,gbdt,hetero_quality,injected,0.95,,3,400,4,0.9491587737035394,0.9473217158404754,0.4011348058566526,0.6917666666666668,0.011025000000000063,"results/pivot/p2_predictions.csv (skan4 panel, reference-mask biomarkers); sigma = results/gateA_biomarker_scales_train.csv; quality proxy feat_contrast from results/pivot/bio_master.csv (source=gt); CV protocol identical to src/pivot/e1_dose_response.py (5-fold x 3 repeats, seeds 0..2)"
fives,gbdt,hetero_quality,injected,0.95,,4,400,4,0.9507107691699921,0.9484331867543923,0.40113480585665273,0.679425,-0.0013166666666667437,"results/pivot/p2_predictions.csv (skan4 panel, reference-mask biomarkers); sigma = results/gateA_biomarker_scales_train.csv; quality proxy feat_contrast from results/pivot/bio_master.csv (source=gt); CV protocol identical to src/pivot/e1_dose_response.py (5-fold x 3 repeats, seeds 0..2)"
fives,gbdt,hetero_quality,injected,0.9,,0,400,4,0.9014991395256969,0.8979220198550822,0.591079551566678,0.6546916666666667,-0.026050000000000018,"results/pivot/p2_predictions.csv (skan4 panel, reference-mask biomarkers); sigma = results/gateA_biomarker_scales_train.csv; quality proxy feat_contrast from results/pivot/bio_master.csv (source=gt); CV protocol identical to src/pivot/e1_dose_response.py (5-fold x 3 repeats, seeds 0..2)"
fives,gbdt,hetero_quality,injected,0.9,,1,400,4,0.9002220432887058,0.8977413088417635,0.591079551566678,0.6798916666666667,-0.0008500000000000174,"results/pivot/p2_predictions.csv (skan4 panel, reference-mask biomarkers); sigma = results/gateA_biomarker_scales_train.csv; quality proxy feat_contrast from results/pivot/bio_master.csv (source=gt); CV protocol identical to src/pivot/e1_dose_response.py (5-fold x 3 repeats, seeds 0..2)"
fives,gbdt,hetero_quality,injected,0.9,,2,400,4,0.9008996168894099,0.8982936418380855,0.5910795515666779,0.6707500000000001,-0.009991666666666621,"results/pivot/p2_predictions.csv (skan4 panel, reference-mask biomarkers); sigma = results/gateA_biomarker_scales_train.csv; quality proxy feat_contrast from results/pivot/bio_master.csv (source=gt); CV protocol identical to src/pivot/e1_dose_response.py (5-fold x 3 repeats, seeds 0..2)"
fives,gbdt,hetero_quality,injected,0.9,,3,400,4,0.8975731850019064,0.8921765666191822,0.5910795515666777,0.6937583333333334,0.013016666666666676,"results/pivot/p2_predictions.csv (skan4 panel, reference-mask biomarkers); sigma = results/gateA_biomarker_scales_train.csv; quality proxy feat_contrast from results/pivot/bio_master.csv (source=gt); CV protocol identical to src/pivot/e1_dose_response.py (5-fold x 3 repeats, seeds 0..2)"
fives,gbdt,hetero_quality,injected,0.9,,4,400,4,0.9018019506745215,0.8955768298660666,0.5910795515666778,0.672375,-0.008366666666666744,"results/pivot/p2_predictions.csv (skan4 panel, reference-mask biomarkers); sigma = results/gateA_biomarker_scales_train.csv; quality proxy feat_contrast from results/pivot/bio_master.csv (source=gt); CV protocol identical to src/pivot/e1_dose_response.py (5-fold x 3 repeats, seeds 0..2)"
fives,gbdt,hetero_quality,injected,0.8,,0,400,4,0.8038062642777101,0.794509927360581,0.9153199064152258,0.6274500000000001,-0.053291666666666626,"results/pivot/p2_predictions.csv (skan4 panel, reference-mask biomarkers); sigma = results/gateA_biomarker_scales_train.csv; quality proxy feat_contrast from results/pivot/bio_master.csv (source=gt); CV protocol identical to src/pivot/e1_dose_response.py (5-fold x 3 repeats, seeds 0..2)"
fives,gbdt,hetero_quality,injected,0.8,,1,400,4,0.8005056127120705,0.7940255057020011,0.9153199064152255,0.6408583333333333,-0.03988333333333338,"results/pivot/p2_predictions.csv (skan4 panel, reference-mask biomarkers); sigma = results/gateA_biomarker_scales_train.csv; quality proxy feat_contrast from results/pivot/bio_master.csv (source=gt); CV protocol identical to src/pivot/e1_dose_response.py (5-fold x 3 repeats, seeds 0..2)"
fives,gbdt,hetero_quality,injected,0.8,,2,400,4,0.8022156404062687,0.7955024788464427,0.9153199064152258,0.6489833333333332,-0.031758333333333444,"results/pivot/p2_predictions.csv (skan4 panel, reference-mask biomarkers); sigma = results/gateA_biomarker_scales_train.csv; quality proxy feat_contrast from results/pivot/bio_master.csv (source=gt); CV protocol identical to src/pivot/e1_dose_response.py (5-fold x 3 repeats, seeds 0..2)"
fives,gbdt,hetero_quality,injected,0.8,,3,400,4,0.7933772377909725,0.778455090137557,0.915319906415226,0.68065,-9.166666666671208e-05,"results/pivot/p2_predictions.csv (skan4 panel, reference-mask biomarkers); sigma = results/gateA_biomarker_scales_train.csv; quality proxy feat_contrast from results/pivot/bio_master.csv (source=gt); CV protocol identical to src/pivot/e1_dose_response.py (5-fold x 3 repeats, seeds 0..2)"
fives,gbdt,hetero_quality,injected,0.8,,4,400,4,0.8044315013921827,0.788127900171462,0.915319906415226,0.6760916666666668,-0.004649999999999932,"results/pivot/p2_predictions.csv (skan4 panel, reference-mask biomarkers); sigma = results/gateA_biomarker_scales_train.csv; quality proxy feat_contrast from results/pivot/bio_master.csv (source=gt); CV protocol identical to src/pivot/e1_dose_response.py (5-fold x 3 repeats, seeds 0..2)"
fives,gbdt,hetero_quality,injected,0.7,,0,400,4,0.7063458886550651,0.6906931480231756,1.2450841144542621,0.6327666666666667,-0.04797499999999999,"results/pivot/p2_predictions.csv (skan4 panel, reference-mask biomarkers); sigma = results/gateA_biomarker_scales_train.csv; quality proxy feat_contrast from results/pivot/bio_master.csv (source=gt); CV protocol identical to src/pivot/e1_dose_response.py (5-fold x 3 repeats, seeds 0..2)"
fives,gbdt,hetero_quality,injected,0.7,,1,400,4,0.7008011945692123,0.6898670649672002,1.245084114454262,0.6506333333333334,-0.030108333333333293,"results/pivot/p2_predictions.csv (skan4 panel, reference-mask biomarkers); sigma = results/gateA_biomarker_scales_train.csv; quality proxy feat_contrast from results/pivot/bio_master.csv (source=gt); CV protocol identical to src/pivot/e1_dose_response.py (5-fold x 3 repeats, seeds 0..2)"
fives,gbdt,hetero_quality,injected,0.7,,2,400,4,0.7036456929965421,0.6923832241748921,1.2450841144542624,0.653575,-0.027166666666666672,"results/pivot/p2_predictions.csv (skan4 panel, reference-mask biomarkers); sigma = results/gateA_biomarker_scales_train.csv; quality proxy feat_contrast from results/pivot/bio_master.csv (source=gt); CV protocol identical to src/pivot/e1_dose_response.py (5-fold x 3 repeats, seeds 0..2)"
fives,gbdt,hetero_quality,injected,0.7,,3,400,4,0.6886223509445115,0.6628525793657698,1.2450841144542624,0.6703666666666667,-0.010375000000000023,"results/pivot/p2_predictions.csv (skan4 panel, reference-mask biomarkers); sigma = results/gateA_biomarker_scales_train.csv; quality proxy feat_contrast from results/pivot/bio_master.csv (source=gt); CV protocol identical to src/pivot/e1_dose_response.py (5-fold x 3 repeats, seeds 0..2)"
fives,gbdt,hetero_quality,injected,0.7,,4,400,4,0.7072853977475619,0.6797431818778847,1.2450841144542633,0.6407166666666666,-0.04002500000000009,"results/pivot/p2_predictions.csv (skan4 panel, reference-mask biomarkers); sigma = results/gateA_biomarker_scales_train.csv; quality proxy feat_contrast from results/pivot/bio_master.csv (source=gt); CV protocol identical to src/pivot/e1_dose_response.py (5-fold x 3 repeats, seeds 0..2)"
fives,gbdt,hetero_quality,injected,0.6,,0,400,4,0.6088789871394977,0.58688787446934,1.6272353891826237,0.6363833333333333,-0.04435833333333339,"results/pivot/p2_predictions.csv (skan4 panel, reference-mask biomarkers); sigma = results/gateA_biomarker_scales_train.csv; quality proxy feat_contrast from results/pivot/bio_master.csv (source=gt); CV protocol identical to src/pivot/e1_dose_response.py (5-fold x 3 repeats, seeds 0..2)"
fives,gbdt,hetero_quality,injected,0.6,,1,400,4,0.6010964795646737,0.5857212134800699,1.6272353891826237,0.6410333333333333,-0.039708333333333345,"results/pivot/p2_predictions.csv (skan4 panel, reference-mask biomarkers); sigma = results/gateA_biomarker_scales_train.csv; quality proxy feat_contrast from results/pivot/bio_master.csv (source=gt); CV protocol identical to src/pivot/e1_dose_response.py (5-fold x 3 repeats, seeds 0..2)"
fives,gbdt,hetero_quality,injected,0.6,,2,400,4,0.6050725840387994,0.5892732908340339,1.6272353891826243,0.6465083333333334,-0.03423333333333334,"results/pivot/p2_predictions.csv (skan4 panel, reference-mask biomarkers); sigma = results/gateA_biomarker_scales_train.csv; quality proxy feat_contrast from results/pivot/bio_master.csv (source=gt); CV protocol identical to src/pivot/e1_dose_response.py (5-fold x 3 repeats, seeds 0..2)"
fives,gbdt,hetero_quality,injected,0.6,,3,400,4,0.5838835198993688,0.5473042255533673,1.627235389182624,0.6404916666666667,-0.04025000000000001,"results/pivot/p2_predictions.csv (skan4 panel, reference-mask biomarkers); sigma = results/gateA_biomarker_scales_train.csv; quality proxy feat_contrast from results/pivot/bio_master.csv (source=gt); CV protocol identical to src/pivot/e1_dose_response.py (5-fold x 3 repeats, seeds 0..2)"
fives,gbdt,hetero_quality,injected,0.6,,4,400,4,0.6101330946097018,0.5713851972238507,1.6272353891826237,0.6691416666666667,-0.011599999999999944,"results/pivot/p2_predictions.csv (skan4 panel, reference-mask biomarkers); sigma = results/gateA_biomarker_scales_train.csv; quality proxy feat_contrast from results/pivot/bio_master.csv (source=gt); CV protocol identical to src/pivot/e1_dose_response.py (5-fold x 3 repeats, seeds 0..2)"
fives,gbdt,hetero_quality,injected,0.5,,0,400,4,0.5112537488354463,0.4833594059141441,2.113840777453815,0.6509916666666666,-0.029750000000000054,"results/pivot/p2_predictions.csv (skan4 panel, reference-mask biomarkers); sigma = results/gateA_biomarker_scales_train.csv; quality proxy feat_contrast from results/pivot/bio_master.csv (source=gt); CV protocol identical to src/pivot/e1_dose_response.py (5-fold x 3 repeats, seeds 0..2)"
fives,gbdt,hetero_quality,injected,0.5,,1,400,4,0.501383914508046,0.48187816166313124,2.1138407774538153,0.6143916666666667,-0.06635000000000002,"results/pivot/p2_predictions.csv (skan4 panel, reference-mask biomarkers); sigma = results/gateA_biomarker_scales_train.csv; quality proxy feat_contrast from results/pivot/bio_master.csv (source=gt); CV protocol identical to src/pivot/e1_dose_response.py (5-fold x 3 repeats, seeds 0..2)"
fives,gbdt,hetero_quality,injected,0.5,,2,400,4,0.5064221423837477,0.4863877165289294,2.1138407774538157,0.624375,-0.056366666666666676,"results/pivot/p2_predictions.csv (skan4 panel, reference-mask biomarkers); sigma = results/gateA_biomarker_scales_train.csv; quality proxy feat_contrast from results/pivot/bio_master.csv (source=gt); CV protocol identical to src/pivot/e1_dose_response.py (5-fold x 3 repeats, seeds 0..2)"
fives,gbdt,hetero_quality,injected,0.5,,3,400,4,0.4795283272934559,0.4330479501495634,2.113840777453815,0.64985,-0.03089166666666665,"results/pivot/p2_predictions.csv (skan4 panel, reference-mask biomarkers); sigma = results/gateA_biomarker_scales_train.csv; quality proxy feat_contrast from results/pivot/bio_master.csv (source=gt); CV protocol identical to src/pivot/e1_dose_response.py (5-fold x 3 repeats, seeds 0..2)"
fives,gbdt,hetero_quality,injected,0.5,,4,400,4,0.512828807821907,0.46366832805623626,2.1138407774538157,0.6811083333333334,0.0003666666666667373,"results/pivot/p2_predictions.csv (skan4 panel, reference-mask biomarkers); sigma = results/gateA_biomarker_scales_train.csv; quality proxy feat_contrast from results/pivot/bio_master.csv (source=gt); CV protocol identical to src/pivot/e1_dose_response.py (5-fold x 3 repeats, seeds 0..2)"
fives,gbdt,hetero_quality,injected,0.4,,0,400,4,0.41336029344486247,0.38029097555313185,2.796348504165112,0.6575249999999999,-0.023216666666666774,"results/pivot/p2_predictions.csv (skan4 panel, reference-mask biomarkers); sigma = results/gateA_biomarker_scales_train.csv; quality proxy feat_contrast from results/pivot/bio_master.csv (source=gt); CV protocol identical to src/pivot/e1_dose_response.py (5-fold x 3 repeats, seeds 0..2)"
fives,gbdt,hetero_quality,injected,0.4,,1,400,4,0.4016556215772529,0.37853808399862926,2.7963485041651124,0.6090166666666667,-0.07172500000000004,"results/pivot/p2_predictions.csv (skan4 panel, reference-mask biomarkers); sigma = results/gateA_biomarker_scales_train.csv; quality proxy feat_contrast from results/pivot/bio_master.csv (source=gt); CV protocol identical to src/pivot/e1_dose_response.py (5-fold x 3 repeats, seeds 0..2)"
fives,gbdt,hetero_quality,injected,0.4,,2,400,4,0.4076383197868315,0.38387541940590386,2.7963485041651115,0.640675,-0.040066666666666695,"results/pivot/p2_predictions.csv (skan4 panel, reference-mask biomarkers); sigma = results/gateA_biomarker_scales_train.csv; quality proxy feat_contrast from results/pivot/bio_master.csv (source=gt); CV protocol identical to src/pivot/e1_dose_response.py (5-fold x 3 repeats, seeds 0..2)"
fives,gbdt,hetero_quality,injected,0.4,,3,400,4,0.37580107532605944,0.32089931838840374,2.7963485041651124,0.6289083333333333,-0.0518333333333334,"results/pivot/p2_predictions.csv (skan4 panel, reference-mask biomarkers); sigma = results/gateA_biomarker_scales_train.csv; quality proxy feat_contrast from results/pivot/bio_master.csv (source=gt); CV protocol identical to src/pivot/e1_dose_response.py (5-fold x 3 repeats, seeds 0..2)"
fives,gbdt,hetero_quality,injected,0.4,,4,400,4,0.41526118507231113,0.35700939221460665,2.7963485041651133,0.671825,-0.008916666666666684,"results/pivot/p2_predictions.csv (skan4 panel, reference-mask biomarkers); sigma = results/gateA_biomarker_scales_train.csv; quality proxy feat_contrast from results/pivot/bio_master.csv (source=gt); CV protocol identical to src/pivot/e1_dose_response.py (5-fold x 3 repeats, seeds 0..2)"
fives,gbdt,label_dependent,injected,0.99,,0,400,4,0.9902035173571474,0.9900696578209349,0.17390136372703113,0.6669,-0.013841666666666641,"results/pivot/p2_predictions.csv (skan4 panel, reference-mask biomarkers); sigma = results/gateA_biomarker_scales_train.csv; quality proxy feat_contrast from results/pivot/bio_master.csv (source=gt); CV protocol identical to src/pivot/e1_dose_response.py (5-fold x 3 repeats, seeds 0..2)"
fives,gbdt,label_dependent,injected,0.99,,1,400,4,0.990062873301613,0.9898820854012871,0.173901363727031,0.6618499999999999,-0.01889166666666675,"results/pivot/p2_predictions.csv (skan4 panel, reference-mask biomarkers); sigma = results/gateA_biomarker_scales_train.csv; quality proxy feat_contrast from results/pivot/bio_master.csv (source=gt); CV protocol identical to src/pivot/e1_dose_response.py (5-fold x 3 repeats, seeds 0..2)"
fives,gbdt,label_dependent,injected,0.99,,2,400,4,0.9901361573474561,0.9899776390099462,0.17390136372703102,0.6664916666666666,-0.014250000000000096,"results/pivot/p2_predictions.csv (skan4 panel, reference-mask biomarkers); sigma = results/gateA_biomarker_scales_train.csv; quality proxy feat_contrast from results/pivot/bio_master.csv (source=gt); CV protocol identical to src/pivot/e1_dose_response.py (5-fold x 3 repeats, seeds 0..2)"
fives,gbdt,label_dependent,injected,0.99,,3,400,4,0.9900892626609926,0.9900659651218782,0.17390136372703113,0.6750083333333333,-0.005733333333333368,"results/pivot/p2_predictions.csv (skan4 panel, reference-mask biomarkers); sigma = results/gateA_biomarker_scales_train.csv; quality proxy feat_contrast from results/pivot/bio_master.csv (source=gt); CV protocol identical to src/pivot/e1_dose_response.py (5-fold x 3 repeats, seeds 0..2)"
fives,gbdt,label_dependent,injected,0.99,,4,400,4,0.9902635062229649,0.9899743828175817,0.17390136372703108,0.6882583333333334,0.007516666666666727,"results/pivot/p2_predictions.csv (skan4 panel, reference-mask biomarkers); sigma = results/gateA_biomarker_scales_train.csv; quality proxy feat_contrast from results/pivot/bio_master.csv (source=gt); CV protocol identical to src/pivot/e1_dose_response.py (5-fold x 3 repeats, seeds 0..2)"
fives,gbdt,label_dependent,injected,0.95,,0,400,4,0.9519142103744519,0.950719508948869,0.4011348058566523,0.6524083333333334,-0.02833333333333332,"results/pivot/p2_predictions.csv (skan4 panel, reference-mask biomarkers); sigma = results/gateA_biomarker_scales_train.csv; quality proxy feat_contrast from results/pivot/bio_master.csv (source=gt); CV protocol identical to src/pivot/e1_dose_response.py (5-fold x 3 repeats, seeds 0..2)"
fives,gbdt,label_dependent,injected,0.95,,1,400,4,0.9505322664928966,0.9485472488155486,0.4011348058566525,0.6648416666666667,-0.015900000000000025,"results/pivot/p2_predictions.csv (skan4 panel, reference-mask biomarkers); sigma = results/gateA_biomarker_scales_train.csv; quality proxy feat_contrast from results/pivot/bio_master.csv (source=gt); CV protocol identical to src/pivot/e1_dose_response.py (5-fold x 3 repeats, seeds 0..2)"
fives,gbdt,label_dependent,injected,0.95,,2,400,4,0.9512865212527695,0.9497529553413876,0.4011348058566526,0.6657333333333333,-0.015008333333333401,"results/pivot/p2_predictions.csv (skan4 panel, reference-mask biomarkers); sigma = results/gateA_biomarker_scales_train.csv; quality proxy feat_contrast from results/pivot/bio_master.csv (source=gt); CV protocol identical to src/pivot/e1_dose_response.py (5-fold x 3 repeats, seeds 0..2)"
fives,gbdt,label_dependent,injected,0.95,,3,400,4,0.9509089728000159,0.9506829406414693,0.40113480585665273,0.712475,0.03173333333333328,"results/pivot/p2_predictions.csv (skan4 panel, reference-mask biomarkers); sigma = results/gateA_biomarker_scales_train.csv; quality proxy feat_contrast from results/pivot/bio_master.csv (source=gt); CV protocol identical to src/pivot/e1_dose_response.py (5-fold x 3 repeats, seeds 0..2)"
fives,gbdt,label_dependent,injected,0.95,,4,400,4,0.9523682660102639,0.9497161721436012,0.4011348058566526,0.6919833333333334,0.011241666666666705,"results/pivot/p2_predictions.csv (skan4 panel, reference-mask biomarkers); sigma = results/gateA_biomarker_scales_train.csv; quality proxy feat_contrast from results/pivot/bio_master.csv (source=gt); CV protocol identical to src/pivot/e1_dose_response.py (5-fold x 3 repeats, seeds 0..2)"
fives,gbdt,label_dependent,injected,0.9,,0,400,4,0.9049863383609797,0.9019297001689182,0.5910795515666778,0.6648666666666667,-0.015874999999999972,"results/pivot/p2_predictions.csv (skan4 panel, reference-mask biomarkers); sigma = results/gateA_biomarker_scales_train.csv; quality proxy feat_contrast from results/pivot/bio_master.csv (source=gt); CV protocol identical to src/pivot/e1_dose_response.py (5-fold x 3 repeats, seeds 0..2)"
fives,gbdt,label_dependent,injected,0.9,,1,400,4,0.901333266055923,0.8959113610256629,0.5910795515666782,0.6784666666666666,-0.002275000000000138,"results/pivot/p2_predictions.csv (skan4 panel, reference-mask biomarkers); sigma = results/gateA_biomarker_scales_train.csv; quality proxy feat_contrast from results/pivot/bio_master.csv (source=gt); CV protocol identical to src/pivot/e1_dose_response.py (5-fold x 3 repeats, seeds 0..2)"
fives,gbdt,label_dependent,injected,0.9,,2,400,4,0.9033558497297274,0.8993244320464061,0.5910795515666778,0.7044083333333333,0.023666666666666614,"results/pivot/p2_predictions.csv (skan4 panel, reference-mask biomarkers); sigma = results/gateA_biomarker_scales_train.csv; quality proxy feat_contrast from results/pivot/bio_master.csv (source=gt); CV protocol identical to src/pivot/e1_dose_response.py (5-fold x 3 repeats, seeds 0..2)"
fives,gbdt,label_dependent,injected,0.9,,3,400,4,0.9024274274656461,0.9018328870787948,0.5910795515666784,0.71825,0.037508333333333366,"results/pivot/p2_predictions.csv (skan4 panel, reference-mask biomarkers); sigma = results/gateA_biomarker_scales_train.csv; quality proxy feat_contrast from results/pivot/bio_master.csv (source=gt); CV protocol identical to src/pivot/e1_dose_response.py (5-fold x 3 repeats, seeds 0..2)"
fives,gbdt,label_dependent,injected,0.9,,4,400,4,0.906074824163525,0.8992232273432326,0.5910795515666781,0.7134916666666667,0.03275000000000006,"results/pivot/p2_predictions.csv (skan4 panel, reference-mask biomarkers); sigma = results/gateA_biomarker_scales_train.csv; quality proxy feat_contrast from results/pivot/bio_master.csv (source=gt); CV protocol identical to src/pivot/e1_dose_response.py (5-fold x 3 repeats, seeds 0..2)"
fives,gbdt,label_dependent,injected,0.8,,0,400,4,0.8125634833519817,0.8049766243701127,0.9153199064152256,0.6888916666666667,0.00814999999999999,"results/pivot/p2_predictions.csv (skan4 panel, reference-mask biomarkers); sigma = results/gateA_biomarker_scales_train.csv; quality proxy feat_contrast from results/pivot/bio_master.csv (source=gt); CV protocol identical to src/pivot/e1_dose_response.py (5-fold x 3 repeats, seeds 0..2)"
fives,gbdt,label_dependent,injected,0.8,,1,400,4,0.8032442389128127,0.7890514391541011,0.915319906415226,0.7096333333333333,0.02889166666666665,"results/pivot/p2_predictions.csv (skan4 panel, reference-mask biomarkers); sigma = results/gateA_biomarker_scales_train.csv; quality proxy feat_contrast from results/pivot/bio_master.csv (source=gt); CV protocol identical to src/pivot/e1_dose_response.py (5-fold x 3 repeats, seeds 0..2)"
fives,gbdt,label_dependent,injected,0.8,,2,400,4,0.8084638396507672,0.7982308123815486,0.9153199064152259,0.7282333333333334,0.04749166666666671,"results/pivot/p2_predictions.csv (skan4 panel, reference-mask biomarkers); sigma = results/gateA_biomarker_scales_train.csv; quality proxy feat_contrast from results/pivot/bio_master.csv (source=gt); CV protocol identical to src/pivot/e1_dose_response.py (5-fold x 3 repeats, seeds 0..2)"
fives,gbdt,label_dependent,injected,0.8,,3,400,4,0.8062389883396369,0.8047295351535976,0.915319906415226,0.7330333333333333,0.052291666666666625,"results/pivot/p2_predictions.csv (skan4 panel, reference-mask biomarkers); sigma = results/gateA_biomarker_scales_train.csv; quality proxy feat_contrast from results/pivot/bio_master.csv (source=gt); CV protocol identical to src/pivot/e1_dose_response.py (5-fold x 3 repeats, seeds 0..2)"
fives,gbdt,label_dependent,injected,0.8,,4,400,4,0.8151125045583614,0.7979645091391065,0.9153199064152262,0.7004583333333334,0.019716666666666716,"results/pivot/p2_predictions.csv (skan4 panel, reference-mask biomarkers); sigma = results/gateA_biomarker_scales_train.csv; quality proxy feat_contrast from results/pivot/bio_master.csv (source=gt); CV protocol identical to src/pivot/e1_dose_response.py (5-fold x 3 repeats, seeds 0..2)"
fives,gbdt,label_dependent,injected,0.7,,0,400,4,0.7208811430938702,0.7083522986563204,1.245084114454262,0.6940583333333333,0.013316666666666643,"results/pivot/p2_predictions.csv (skan4 panel, reference-mask biomarkers); sigma = results/gateA_biomarker_scales_train.csv; quality proxy feat_contrast from results/pivot/bio_master.csv (source=gt); CV protocol identical to src/pivot/e1_dose_response.py (5-fold x 3 repeats, seeds 0..2)"
fives,gbdt,label_dependent,injected,0.7,,1,400,4,0.7053082734252558,0.6813368680082625,1.2450841144542624,0.7253666666666666,0.044624999999999915,"results/pivot/p2_predictions.csv (skan4 panel, reference-mask biomarkers); sigma = results/gateA_biomarker_scales_train.csv; quality proxy feat_contrast from results/pivot/bio_master.csv (source=gt); CV protocol identical to src/pivot/e1_dose_response.py (5-fold x 3 repeats, seeds 0..2)"
fives,gbdt,label_dependent,injected,0.7,,2,400,4,0.7140728527790506,0.6970117685434286,1.2450841144542615,0.7197,0.03895833333333332,"results/pivot/p2_predictions.csv (skan4 panel, reference-mask biomarkers); sigma = results/gateA_biomarker_scales_train.csv; quality proxy feat_contrast from results/pivot/bio_master.csv (source=gt); CV protocol identical to src/pivot/e1_dose_response.py (5-fold x 3 repeats, seeds 0..2)"
fives,gbdt,label_dependent,injected,0.7,,3,400,4,0.7104560878870134,0.7079394203353127,1.2450841144542621,0.7309999999999999,0.05025833333333318,"results/pivot/p2_predictions.csv (skan4 panel, reference-mask biomarkers); sigma = results/gateA_biomarker_scales_train.csv; quality proxy feat_contrast from results/pivot/bio_master.csv (source=gt); CV protocol identical to src/pivot/e1_dose_response.py (5-fold x 3 repeats, seeds 0..2)"
fives,gbdt,label_dependent,injected,0.7,,4,400,4,0.7249818000539975,0.6965610844851904,1.2450841144542628,0.7253916666666665,0.044649999999999856,"results/pivot/p2_predictions.csv (skan4 panel, reference-mask biomarkers); sigma = results/gateA_biomarker_scales_train.csv; quality proxy feat_contrast from results/pivot/bio_master.csv (source=gt); CV protocol identical to src/pivot/e1_dose_response.py (5-fold x 3 repeats, seeds 0..2)"
fives,gbdt,label_dependent,injected,0.6,,0,400,4,0.6291780442287889,0.6117186946552774,1.6272353891826237,0.6777916666666667,-0.002950000000000008,"results/pivot/p2_predictions.csv (skan4 panel, reference-mask biomarkers); sigma = results/gateA_biomarker_scales_train.csv; quality proxy feat_contrast from results/pivot/bio_master.csv (source=gt); CV protocol identical to src/pivot/e1_dose_response.py (5-fold x 3 repeats, seeds 0..2)"
fives,gbdt,label_dependent,injected,0.6,,1,400,4,0.6073681040379827,0.5736466951877579,1.6272353891826246,0.7212333333333334,0.040491666666666704,"results/pivot/p2_predictions.csv (skan4 panel, reference-mask biomarkers); sigma = results/gateA_biomarker_scales_train.csv; quality proxy feat_contrast from results/pivot/bio_master.csv (source=gt); CV protocol identical to src/pivot/e1_dose_response.py (5-fold x 3 repeats, seeds 0..2)"
fives,gbdt,label_dependent,injected,0.6,,2,400,4,0.6196678204277185,0.5957962811197305,1.6272353891826241,0.7354333333333333,0.05469166666666658,"results/pivot/p2_predictions.csv (skan4 panel, reference-mask biomarkers); sigma = results/gateA_biomarker_scales_train.csv; quality proxy feat_contrast from results/pivot/bio_master.csv (source=gt); CV protocol identical to src/pivot/e1_dose_response.py (5-fold x 3 repeats, seeds 0..2)"
fives,gbdt,label_dependent,injected,0.6,,3,400,4,0.614661753650253,0.6111404635757646,1.6272353891826241,0.737375,0.05663333333333331,"results/pivot/p2_predictions.csv (skan4 panel, reference-mask biomarkers); sigma = results/gateA_biomarker_scales_train.csv; quality proxy feat_contrast from results/pivot/bio_master.csv (source=gt); CV protocol identical to src/pivot/e1_dose_response.py (5-fold x 3 repeats, seeds 0..2)"
fives,gbdt,label_dependent,injected,0.6,,4,400,4,0.6348278829663669,0.5951617637742462,1.627235389182625,0.746775,0.06603333333333328,"results/pivot/p2_predictions.csv (skan4 panel, reference-mask biomarkers); sigma = results/gateA_biomarker_scales_train.csv; quality proxy feat_contrast from results/pivot/bio_master.csv (source=gt); CV protocol identical to src/pivot/e1_dose_response.py (5-fold x 3 repeats, seeds 0..2)"
fives,gbdt,label_dependent,injected,0.5,,0,400,4,0.5369708701737862,0.5148607877398156,2.1138407774538153,0.7083416666666666,0.027599999999999958,"results/pivot/p2_predictions.csv (skan4 panel, reference-mask biomarkers); sigma = results/gateA_biomarker_scales_train.csv; quality proxy feat_contrast from results/pivot/bio_master.csv (source=gt); CV protocol identical to src/pivot/e1_dose_response.py (5-fold x 3 repeats, seeds 0..2)"
fives,gbdt,label_dependent,injected,0.5,,1,400,4,0.5093244550856687,0.46654190864388756,2.1138407774538153,0.7527916666666665,0.07204999999999984,"results/pivot/p2_predictions.csv (skan4 panel, reference-mask biomarkers); sigma = results/gateA_biomarker_scales_train.csv; quality proxy feat_contrast from results/pivot/bio_master.csv (source=gt); CV protocol identical to src/pivot/e1_dose_response.py (5-fold x 3 repeats, seeds 0..2)"
fives,gbdt,label_dependent,injected,0.5,,2,400,4,0.524921731698178,0.49466650552674307,2.1138407774538144,0.7353833333333333,0.05464166666666659,"results/pivot/p2_predictions.csv (skan4 panel, reference-mask biomarkers); sigma = results/gateA_biomarker_scales_train.csv; quality proxy feat_contrast from results/pivot/bio_master.csv (source=gt); CV protocol identical to src/pivot/e1_dose_response.py (5-fold x 3 repeats, seeds 0..2)"
fives,gbdt,label_dependent,injected,0.5,,3,400,4,0.5185908210325552,0.5141277760879696,2.1138407774538157,0.7599833333333333,0.07924166666666665,"results/pivot/p2_predictions.csv (skan4 panel, reference-mask biomarkers); sigma = results/gateA_biomarker_scales_train.csv; quality proxy feat_contrast from results/pivot/bio_master.csv (source=gt); CV protocol identical to src/pivot/e1_dose_response.py (5-fold x 3 repeats, seeds 0..2)"
fives,gbdt,label_dependent,injected,0.5,,4,400,4,0.5441087092116942,0.49386133829555934,2.1138407774538157,0.7588666666666667,0.078125,"results/pivot/p2_predictions.csv (skan4 panel, reference-mask biomarkers); sigma = results/gateA_biomarker_scales_train.csv; quality proxy feat_contrast from results/pivot/bio_master.csv (source=gt); CV protocol identical to src/pivot/e1_dose_response.py (5-fold x 3 repeats, seeds 0..2)"
fives,gbdt,label_dependent,injected,0.4,,0,400,4,0.44390809546624577,0.4176259911134302,2.796348504165112,0.7411333333333334,0.06039166666666673,"results/pivot/p2_predictions.csv (skan4 panel, reference-mask biomarkers); sigma = results/gateA_biomarker_scales_train.csv; quality proxy feat_contrast from results/pivot/bio_master.csv (source=gt); CV protocol identical to src/pivot/e1_dose_response.py (5-fold x 3 repeats, seeds 0..2)"
fives,gbdt,label_dependent,injected,0.4,,1,400,4,0.41109993851225013,0.3604041137086734,2.7963485041651124,0.73395,0.0532083333333333,"results/pivot/p2_predictions.csv (skan4 panel, reference-mask biomarkers); sigma = results/gateA_biomarker_scales_train.csv; quality proxy feat_contrast from results/pivot/bio_master.csv (source=gt); CV protocol identical to src/pivot/e1_dose_response.py (5-fold x 3 repeats, seeds 0..2)"
fives,gbdt,label_dependent,injected,0.4,,2,400,4,0.42959678698212256,0.3936797498249691,2.7963485041651115,0.7107833333333333,0.030041666666666633,"results/pivot/p2_predictions.csv (skan4 panel, reference-mask biomarkers); sigma = results/gateA_biomarker_scales_train.csv; quality proxy feat_contrast from results/pivot/bio_master.csv (source=gt); CV protocol identical to src/pivot/e1_dose_response.py (5-fold x 3 repeats, seeds 0..2)"
fives,gbdt,label_dependent,injected,0.4,,3,400,4,0.4220544180729693,0.416756052384171,2.7963485041651133,0.7295833333333333,0.04884166666666656,"results/pivot/p2_predictions.csv (skan4 panel, reference-mask biomarkers); sigma = results/gateA_biomarker_scales_train.csv; quality proxy feat_contrast from results/pivot/bio_master.csv (source=gt); CV protocol identical to src/pivot/e1_dose_response.py (5-fold x 3 repeats, seeds 0..2)"
fives,gbdt,label_dependent,injected,0.4,,4,400,4,0.452423949145719,0.39272588413856263,2.7963485041651133,0.7618333333333334,0.08109166666666667,"results/pivot/p2_predictions.csv (skan4 panel, reference-mask biomarkers); sigma = results/gateA_biomarker_scales_train.csv; quality proxy feat_contrast from results/pivot/bio_master.csv (source=gt); CV protocol identical to src/pivot/e1_dose_response.py (5-fold x 3 repeats, seeds 0..2)"
fives,gbdt,proportional,injected,1.0,0.5,0,400,4,0.9999999999999999,0.9999999999999997,0.6102132709434838,0.6807416666666667,0.0,"results/pivot/p2_predictions.csv (skan4 panel, reference-mask biomarkers); sigma = results/gateA_biomarker_scales_train.csv; quality proxy feat_contrast from results/pivot/bio_master.csv (source=gt); CV protocol identical to src/pivot/e1_dose_response.py (5-fold x 3 repeats, seeds 0..2)"
fives,gbdt,proportional,injected,1.0,0.75,0,400,4,0.9999999999999998,0.9999999999999996,0.305106635471742,0.6807416666666667,0.0,"results/pivot/p2_predictions.csv (skan4 panel, reference-mask biomarkers); sigma = results/gateA_biomarker_scales_train.csv; quality proxy feat_contrast from results/pivot/bio_master.csv (source=gt); CV protocol identical to src/pivot/e1_dose_response.py (5-fold x 3 repeats, seeds 0..2)"
fives,gbdt,proportional,injected,1.0,1.25,0,400,4,0.9999999999999999,0.9999999999999994,0.30510663547174205,0.6807416666666667,0.0,"results/pivot/p2_predictions.csv (skan4 panel, reference-mask biomarkers); sigma = results/gateA_biomarker_scales_train.csv; quality proxy feat_contrast from results/pivot/bio_master.csv (source=gt); CV protocol identical to src/pivot/e1_dose_response.py (5-fold x 3 repeats, seeds 0..2)"
fives,gbdt,proportional,injected,1.0,1.5,0,400,4,0.9999999999999998,0.9999999999999993,0.6102132709434838,0.6807416666666667,0.0,"results/pivot/p2_predictions.csv (skan4 panel, reference-mask biomarkers); sigma = results/gateA_biomarker_scales_train.csv; quality proxy feat_contrast from results/pivot/bio_master.csv (source=gt); CV protocol identical to src/pivot/e1_dose_response.py (5-fold x 3 repeats, seeds 0..2)"
fives,gbdt,proportional,injected,1.0,2.0,0,400,4,1.0,0.9999999999999999,1.2204265418869678,0.6807416666666667,0.0,"results/pivot/p2_predictions.csv (skan4 panel, reference-mask biomarkers); sigma = results/gateA_biomarker_scales_train.csv; quality proxy feat_contrast from results/pivot/bio_master.csv (source=gt); CV protocol identical to src/pivot/e1_dose_response.py (5-fold x 3 repeats, seeds 0..2)"
