dataset,biomarker,panel,design,level,pair_matched,blocked,n_bins,n_events,n_events_before,match_rate,n_images,n_cells,h_topo,h_topo_lo,h_topo_hi,h_ctrl,h_ctrl_lo,h_ctrl_hi,h_net,h_net_lo,h_net_hi,source,caliper,mean_nn_dist
chasedb1,FD_pvbm,sensitivity,cem_L0_edit_burden,L0_edit_burden,edit_length_px,,4.0,820,820,1.0,8,4.0,0.008392271814628684,0.007225636589534519,0.009899867356056493,0.004589173929156725,0.003581621108440014,0.005932647710370237,0.003803097885471958,0.003214084331983077,0.004516282196690936,"results/c1_events_harm.parquet; coarsened exact matching, level 'L0_edit_burden': pair-matched on quantile bins of edit_length_px, blocked on nothing; cells reweighted to the full event distribution; 2000-draw image-clustered bootstrap",,
chasedb1,FD_skan,primary,cem_L0_edit_burden,L0_edit_burden,edit_length_px,,4.0,820,820,1.0,8,4.0,0.009191560734089884,0.007870177039351405,0.010421921474082345,0.0036247557058936854,0.0029848142463239917,0.0043098227131725935,0.005566805028196199,0.004790391820932998,0.006312973716167457,"results/c1_events_harm.parquet; coarsened exact matching, level 'L0_edit_burden': pair-matched on quantile bins of edit_length_px, blocked on nothing; cells reweighted to the full event distribution; 2000-draw image-clustered bootstrap",,
chasedb1,tortuosity_pvbm,sensitivity,cem_L0_edit_burden,L0_edit_burden,edit_length_px,,4.0,820,820,1.0,8,4.0,0.04845283932706139,0.02452609781522027,0.07465228443404638,0.03199306105491393,0.018846157652375302,0.0448604538476125,0.016459778272147462,0.0002223251452424697,0.033707254315859914,"results/c1_events_harm.parquet; coarsened exact matching, level 'L0_edit_burden': pair-matched on quantile bins of edit_length_px, blocked on nothing; cells reweighted to the full event distribution; 2000-draw image-clustered bootstrap",,
chasedb1,tortuosity_skan,primary,cem_L0_edit_burden,L0_edit_burden,edit_length_px,,4.0,820,820,1.0,8,4.0,0.03919781552576947,0.024438917307017513,0.0592096817087437,0.019359188731739568,0.011405325722377848,0.030452763081985416,0.01983862679402989,0.0028698932253119493,0.0370131201374374,"results/c1_events_harm.parquet; coarsened exact matching, level 'L0_edit_burden': pair-matched on quantile bins of edit_length_px, blocked on nothing; cells reweighted to the full event distribution; 2000-draw image-clustered bootstrap",,
chasedb1,density_pvbm,sensitivity,cem_L0_edit_burden,L0_edit_burden,edit_length_px,,4.0,820,820,1.0,8,4.0,0.017970148190495007,0.015556036491675107,0.02056334735363351,0.017970148190495007,0.015556036491675107,0.02056334735363351,0.0,0.0,0.0,"results/c1_events_harm.parquet; coarsened exact matching, level 'L0_edit_burden': pair-matched on quantile bins of edit_length_px, blocked on nothing; cells reweighted to the full event distribution; 2000-draw image-clustered bootstrap",,
chasedb1,density_skan,primary,cem_L0_edit_burden,L0_edit_burden,edit_length_px,,4.0,820,820,1.0,8,4.0,0.017970148190495007,0.015556036491675107,0.02056334735363351,0.017970148190495007,0.015556036491675107,0.02056334735363351,0.0,0.0,0.0,"results/c1_events_harm.parquet; coarsened exact matching, level 'L0_edit_burden': pair-matched on quantile bins of edit_length_px, blocked on nothing; cells reweighted to the full event distribution; 2000-draw image-clustered bootstrap",,
chasedb1,total_length_pvbm,sensitivity,cem_L0_edit_burden,L0_edit_burden,edit_length_px,,4.0,820,820,1.0,8,4.0,0.08216335366292234,0.07619220430394277,0.08824670757865156,0.0012725597208469923,0.0010708566088626203,0.0014740089135343165,0.08089079394207536,0.0748003044584635,0.08719269689980462,"results/c1_events_harm.parquet; coarsened exact matching, level 'L0_edit_burden': pair-matched on quantile bins of edit_length_px, blocked on nothing; cells reweighted to the full event distribution; 2000-draw image-clustered bootstrap",,
chasedb1,total_length_skan,primary,cem_L0_edit_burden,L0_edit_burden,edit_length_px,,4.0,820,820,1.0,8,4.0,0.009161709659323648,0.008512633648230091,0.009784734399359086,0.0028843099315452882,0.00243582812056742,0.003331142234653249,0.00627739972777836,0.00600883625167627,0.006564867742636983,"results/c1_events_harm.parquet; coarsened exact matching, level 'L0_edit_burden': pair-matched on quantile bins of edit_length_px, blocked on nothing; cells reweighted to the full event distribution; 2000-draw image-clustered bootstrap",,
drive,FD_pvbm,sensitivity,cem_L0_edit_burden,L0_edit_burden,edit_length_px,,4.0,1886,1886,1.0,20,4.0,0.008717357292882002,0.005967488368842924,0.01294605718885585,0.00442522124642074,0.0018080756959670305,0.008321514792429643,0.004292136046461261,0.0023806621093631288,0.00596615100347166,"results/c1_events_harm.parquet; coarsened exact matching, level 'L0_edit_burden': pair-matched on quantile bins of edit_length_px, blocked on nothing; cells reweighted to the full event distribution; 2000-draw image-clustered bootstrap",,
drive,FD_skan,primary,cem_L0_edit_burden,L0_edit_burden,edit_length_px,,4.0,1886,1886,1.0,20,4.0,0.006780724338876434,0.006385751057668969,0.007186101149385541,0.001844651901603659,0.0016696985918306032,0.0020422843685754095,0.004936072437272776,0.004670512172378122,0.005219143993455582,"results/c1_events_harm.parquet; coarsened exact matching, level 'L0_edit_burden': pair-matched on quantile bins of edit_length_px, blocked on nothing; cells reweighted to the full event distribution; 2000-draw image-clustered bootstrap",,
drive,tortuosity_pvbm,sensitivity,cem_L0_edit_burden,L0_edit_burden,edit_length_px,,4.0,1886,1886,1.0,20,4.0,0.017070635858457934,0.011157405827384457,0.024792950713447923,0.006397628685356965,0.0041772286918110284,0.00895570694972988,0.010673007173100975,0.005988884064708906,0.016474818100056406,"results/c1_events_harm.parquet; coarsened exact matching, level 'L0_edit_burden': pair-matched on quantile bins of edit_length_px, blocked on nothing; cells reweighted to the full event distribution; 2000-draw image-clustered bootstrap",,
drive,tortuosity_skan,primary,cem_L0_edit_burden,L0_edit_burden,edit_length_px,,4.0,1886,1886,1.0,20,4.0,0.011670661022848378,0.01005954822663407,0.013339731076428324,0.005443589225444068,0.004549071088713523,0.006422687690646546,0.00622707179740431,0.004602014764737455,0.007871977316109153,"results/c1_events_harm.parquet; coarsened exact matching, level 'L0_edit_burden': pair-matched on quantile bins of edit_length_px, blocked on nothing; cells reweighted to the full event distribution; 2000-draw image-clustered bootstrap",,
drive,density_pvbm,sensitivity,cem_L0_edit_burden,L0_edit_burden,edit_length_px,,4.0,1886,1886,1.0,20,4.0,0.005697355980653699,0.00493493316538612,0.006659535390898284,0.005697355980653699,0.00493493316538612,0.006659535390898284,0.0,0.0,0.0,"results/c1_events_harm.parquet; coarsened exact matching, level 'L0_edit_burden': pair-matched on quantile bins of edit_length_px, blocked on nothing; cells reweighted to the full event distribution; 2000-draw image-clustered bootstrap",,
drive,density_skan,primary,cem_L0_edit_burden,L0_edit_burden,edit_length_px,,4.0,1886,1886,1.0,20,4.0,0.005697355980653699,0.00493493316538612,0.006659535390898284,0.005697355980653699,0.00493493316538612,0.006659535390898284,0.0,0.0,0.0,"results/c1_events_harm.parquet; coarsened exact matching, level 'L0_edit_burden': pair-matched on quantile bins of edit_length_px, blocked on nothing; cells reweighted to the full event distribution; 2000-draw image-clustered bootstrap",,
drive,total_length_pvbm,sensitivity,cem_L0_edit_burden,L0_edit_burden,edit_length_px,,4.0,1886,1886,1.0,20,4.0,0.037550225239384984,0.031570367217920135,0.04653686999244357,0.0007900763428678646,0.0006861850658490893,0.000904074200757958,0.03676014889651712,0.030818715016556017,0.04576275941708445,"results/c1_events_harm.parquet; coarsened exact matching, level 'L0_edit_burden': pair-matched on quantile bins of edit_length_px, blocked on nothing; cells reweighted to the full event distribution; 2000-draw image-clustered bootstrap",,
drive,total_length_skan,primary,cem_L0_edit_burden,L0_edit_burden,edit_length_px,,4.0,1886,1886,1.0,20,4.0,0.00735873325824151,0.00720741840195603,0.007513295807941027,0.0010162584348251088,0.0008849165480913626,0.0011673643860212277,0.006342474823416399,0.006234366062259128,0.006452062128995511,"results/c1_events_harm.parquet; coarsened exact matching, level 'L0_edit_burden': pair-matched on quantile bins of edit_length_px, blocked on nothing; cells reweighted to the full event distribution; 2000-draw image-clustered bootstrap",,
fives,FD_pvbm,sensitivity,cem_L0_edit_burden,L0_edit_burden,edit_length_px,,4.0,1921,1921,1.0,60,4.0,0.004643463962782507,0.0031132317333948827,0.00726063185331766,0.0033962326488705882,0.002165958860128437,0.005094176422772666,0.0012472313139119185,0.00047105752337669494,0.002285411175352788,"results/c1_events_harm.parquet; coarsened exact matching, level 'L0_edit_burden': pair-matched on quantile bins of edit_length_px, blocked on nothing; cells reweighted to the full event distribution; 2000-draw image-clustered bootstrap",,
fives,FD_skan,primary,cem_L0_edit_burden,L0_edit_burden,edit_length_px,,4.0,1921,1921,1.0,60,4.0,0.004566881998442186,0.0038062646899784097,0.005590657447213202,0.0021857488532777587,0.001572090465920188,0.0031411576911346056,0.0023811331451644275,0.0020063499074437167,0.002790387245255213,"results/c1_events_harm.parquet; coarsened exact matching, level 'L0_edit_burden': pair-matched on quantile bins of edit_length_px, blocked on nothing; cells reweighted to the full event distribution; 2000-draw image-clustered bootstrap",,
fives,tortuosity_pvbm,sensitivity,cem_L0_edit_burden,L0_edit_burden,edit_length_px,,4.0,1899,1899,1.0,59,4.0,0.06495164882044803,0.05134189062691714,0.08109421724280058,0.04449634543099475,0.03453097785845989,0.056075588620355145,0.020455303389453262,0.012610333661091202,0.029973315195251787,"results/c1_events_harm.parquet; coarsened exact matching, level 'L0_edit_burden': pair-matched on quantile bins of edit_length_px, blocked on nothing; cells reweighted to the full event distribution; 2000-draw image-clustered bootstrap",,
fives,tortuosity_skan,primary,cem_L0_edit_burden,L0_edit_burden,edit_length_px,,4.0,1921,1921,1.0,60,4.0,0.02784807418821079,0.021393817427589307,0.03591312822342881,0.017999520072723152,0.013559537721226802,0.023851701438926554,0.00984855411548764,0.006144805063942492,0.014135723177645502,"results/c1_events_harm.parquet; coarsened exact matching, level 'L0_edit_burden': pair-matched on quantile bins of edit_length_px, blocked on nothing; cells reweighted to the full event distribution; 2000-draw image-clustered bootstrap",,
fives,density_pvbm,sensitivity,cem_L0_edit_burden,L0_edit_burden,edit_length_px,,4.0,1921,1921,1.0,60,4.0,0.003850480565010154,0.003654000746656007,0.004053797331294905,0.003850480565010154,0.003654000746656007,0.004053797331294905,0.0,0.0,0.0,"results/c1_events_harm.parquet; coarsened exact matching, level 'L0_edit_burden': pair-matched on quantile bins of edit_length_px, blocked on nothing; cells reweighted to the full event distribution; 2000-draw image-clustered bootstrap",,
fives,density_skan,primary,cem_L0_edit_burden,L0_edit_burden,edit_length_px,,4.0,1921,1921,1.0,60,4.0,0.003850480565010154,0.003654000746656007,0.004053797331294905,0.003850480565010154,0.003654000746656007,0.004053797331294905,0.0,0.0,0.0,"results/c1_events_harm.parquet; coarsened exact matching, level 'L0_edit_burden': pair-matched on quantile bins of edit_length_px, blocked on nothing; cells reweighted to the full event distribution; 2000-draw image-clustered bootstrap",,
fives,total_length_pvbm,sensitivity,cem_L0_edit_burden,L0_edit_burden,edit_length_px,,4.0,1921,1921,1.0,60,4.0,0.028350847519355137,0.026160816278707612,0.030594235210427926,0.0003978648218173732,0.0003677461878280567,0.000428006311674036,0.02795298269753777,0.025767579900864607,0.030204971602737232,"results/c1_events_harm.parquet; coarsened exact matching, level 'L0_edit_burden': pair-matched on quantile bins of edit_length_px, blocked on nothing; cells reweighted to the full event distribution; 2000-draw image-clustered bootstrap",,
fives,total_length_skan,primary,cem_L0_edit_burden,L0_edit_burden,edit_length_px,,4.0,1921,1921,1.0,60,4.0,0.002840084900188074,0.002767500953107315,0.0029078214167761107,0.0010811287793410125,0.0009989440967377572,0.0011685669761614423,0.0017589561208470614,0.0016549033395742456,0.001857217106747558,"results/c1_events_harm.parquet; coarsened exact matching, level 'L0_edit_burden': pair-matched on quantile bins of edit_length_px, blocked on nothing; cells reweighted to the full event distribution; 2000-draw image-clustered bootstrap",,
hrf,FD_pvbm,sensitivity,cem_L0_edit_burden,L0_edit_burden,edit_length_px,,4.0,957,957,1.0,30,4.0,0.0015896423520466271,0.001425604786726104,0.0017662038806693372,0.0005765811581221143,0.00046726754822236366,0.0006961629793031424,0.0010130611939245125,0.0008404178686294467,0.001180197164244236,"results/c1_events_harm.parquet; coarsened exact matching, level 'L0_edit_burden': pair-matched on quantile bins of edit_length_px, blocked on nothing; cells reweighted to the full event distribution; 2000-draw image-clustered bootstrap",,
hrf,FD_skan,primary,cem_L0_edit_burden,L0_edit_burden,edit_length_px,,4.0,957,957,1.0,30,4.0,0.002912264579194695,0.0027239229330613818,0.0031121482553259122,0.000960134221927196,0.0008411950300874911,0.0010958858491163003,0.0019521303572674988,0.0018261733477967952,0.0020938248342939475,"results/c1_events_harm.parquet; coarsened exact matching, level 'L0_edit_burden': pair-matched on quantile bins of edit_length_px, blocked on nothing; cells reweighted to the full event distribution; 2000-draw image-clustered bootstrap",,
hrf,tortuosity_pvbm,sensitivity,cem_L0_edit_burden,L0_edit_burden,edit_length_px,,4.0,957,957,1.0,30,4.0,0.045714643566336755,0.03445175447591261,0.05812415853376331,0.019723849483374547,0.013858172280799686,0.026913630632152824,0.0259907940829622,0.01661548579981176,0.036816202587263126,"results/c1_events_harm.parquet; coarsened exact matching, level 'L0_edit_burden': pair-matched on quantile bins of edit_length_px, blocked on nothing; cells reweighted to the full event distribution; 2000-draw image-clustered bootstrap",,
hrf,tortuosity_skan,primary,cem_L0_edit_burden,L0_edit_burden,edit_length_px,,4.0,957,957,1.0,30,4.0,0.011818317803878629,0.010103056881617334,0.013818259002345208,0.007044877924653024,0.005840548540438421,0.008484139619115722,0.004773439879225604,0.003008038753215944,0.006778933687925753,"results/c1_events_harm.parquet; coarsened exact matching, level 'L0_edit_burden': pair-matched on quantile bins of edit_length_px, blocked on nothing; cells reweighted to the full event distribution; 2000-draw image-clustered bootstrap",,
hrf,density_pvbm,sensitivity,cem_L0_edit_burden,L0_edit_burden,edit_length_px,,4.0,957,957,1.0,30,4.0,0.0015967744833528873,0.0014210454635825561,0.0017741394755560664,0.0015967744833528873,0.0014210454635825561,0.0017741394755560664,0.0,0.0,0.0,"results/c1_events_harm.parquet; coarsened exact matching, level 'L0_edit_burden': pair-matched on quantile bins of edit_length_px, blocked on nothing; cells reweighted to the full event distribution; 2000-draw image-clustered bootstrap",,
hrf,density_skan,primary,cem_L0_edit_burden,L0_edit_burden,edit_length_px,,4.0,957,957,1.0,30,4.0,0.0015967744833528873,0.0014210454635825561,0.0017741394755560664,0.0015967744833528873,0.0014210454635825561,0.0017741394755560664,0.0,0.0,0.0,"results/c1_events_harm.parquet; coarsened exact matching, level 'L0_edit_burden': pair-matched on quantile bins of edit_length_px, blocked on nothing; cells reweighted to the full event distribution; 2000-draw image-clustered bootstrap",,
hrf,total_length_pvbm,sensitivity,cem_L0_edit_burden,L0_edit_burden,edit_length_px,,4.0,957,957,1.0,30,4.0,0.04374695462606393,0.03953153500735205,0.04885087325121545,0.0006064484934790211,0.0005265683200228271,0.0006888044316734809,0.04314050613258492,0.03894966963865898,0.04820427751264368,"results/c1_events_harm.parquet; coarsened exact matching, level 'L0_edit_burden': pair-matched on quantile bins of edit_length_px, blocked on nothing; cells reweighted to the full event distribution; 2000-draw image-clustered bootstrap",,
hrf,total_length_skan,primary,cem_L0_edit_burden,L0_edit_burden,edit_length_px,,4.0,957,957,1.0,30,4.0,0.0037420104212151145,0.0036223629458065724,0.0038680694090301613,0.0007828560236711439,0.0006681462095593374,0.0009062867202278677,0.002959154397543971,0.0028468607360160637,0.003082264458162069,"results/c1_events_harm.parquet; coarsened exact matching, level 'L0_edit_burden': pair-matched on quantile bins of edit_length_px, blocked on nothing; cells reweighted to the full event distribution; 2000-draw image-clustered bootstrap",,
chasedb1,FD_pvbm,sensitivity,cem_L1_plus_calibre,L1_plus_calibre,"edit_length_px,radius_px",,4.0,449,820,0.5475609756097561,8,14.0,0.010413108662933232,0.008468378624487547,0.012447900837130387,0.006357204906816788,0.004585313729392106,0.009050385874453497,0.004055903756116441,0.0017975036491505235,0.005803545298557326,"results/c1_events_harm.parquet; coarsened exact matching, level 'L1_plus_calibre': pair-matched on quantile bins of edit_length_px, radius_px, blocked on nothing; cells reweighted to the full event distribution; 2000-draw image-clustered bootstrap",,
chasedb1,FD_skan,primary,cem_L1_plus_calibre,L1_plus_calibre,"edit_length_px,radius_px",,4.0,449,820,0.5475609756097561,8,14.0,0.010957021721192658,0.009632046620654816,0.012098162660232187,0.005317415453914141,0.003954686009402277,0.006599269915238807,0.0056396062672785146,0.004070138506801454,0.007108101154023038,"results/c1_events_harm.parquet; coarsened exact matching, level 'L1_plus_calibre': pair-matched on quantile bins of edit_length_px, radius_px, blocked on nothing; cells reweighted to the full event distribution; 2000-draw image-clustered bootstrap",,
chasedb1,tortuosity_pvbm,sensitivity,cem_L1_plus_calibre,L1_plus_calibre,"edit_length_px,radius_px",,4.0,449,820,0.5475609756097561,8,14.0,0.04841379135625814,0.024723758525707427,0.07229802457669188,0.05717376823226281,0.021770665071861976,0.09806396835721877,-0.008759976876004666,-0.04346423830234449,0.022414231245629714,"results/c1_events_harm.parquet; coarsened exact matching, level 'L1_plus_calibre': pair-matched on quantile bins of edit_length_px, radius_px, blocked on nothing; cells reweighted to the full event distribution; 2000-draw image-clustered bootstrap",,
chasedb1,tortuosity_skan,primary,cem_L1_plus_calibre,L1_plus_calibre,"edit_length_px,radius_px",,4.0,449,820,0.5475609756097561,8,14.0,0.047582852712307104,0.025745915067807705,0.07499604065595457,0.017866317756690404,0.012404912790426593,0.027539058947519648,0.02971653495561669,0.0030605309461646368,0.05801022328119318,"results/c1_events_harm.parquet; coarsened exact matching, level 'L1_plus_calibre': pair-matched on quantile bins of edit_length_px, radius_px, blocked on nothing; cells reweighted to the full event distribution; 2000-draw image-clustered bootstrap",,
chasedb1,density_pvbm,sensitivity,cem_L1_plus_calibre,L1_plus_calibre,"edit_length_px,radius_px",,4.0,449,820,0.5475609756097561,8,14.0,0.02270248827586891,0.018482633076236096,0.027163907055939223,0.02270248827586891,0.018482633076236096,0.027163907055939223,0.0,0.0,0.0,"results/c1_events_harm.parquet; coarsened exact matching, level 'L1_plus_calibre': pair-matched on quantile bins of edit_length_px, radius_px, blocked on nothing; cells reweighted to the full event distribution; 2000-draw image-clustered bootstrap",,
chasedb1,density_skan,primary,cem_L1_plus_calibre,L1_plus_calibre,"edit_length_px,radius_px",,4.0,449,820,0.5475609756097561,8,14.0,0.02270248827586891,0.018482633076236096,0.027163907055939223,0.02270248827586891,0.018482633076236096,0.027163907055939223,0.0,0.0,0.0,"results/c1_events_harm.parquet; coarsened exact matching, level 'L1_plus_calibre': pair-matched on quantile bins of edit_length_px, radius_px, blocked on nothing; cells reweighted to the full event distribution; 2000-draw image-clustered bootstrap",,
chasedb1,total_length_pvbm,sensitivity,cem_L1_plus_calibre,L1_plus_calibre,"edit_length_px,radius_px",,4.0,449,820,0.5475609756097561,8,14.0,0.09853569359305446,0.08874033694715246,0.10820844345241526,0.0023217488740501055,0.0012798116683099944,0.0036433874104089938,0.09621394471900435,0.08680855827404006,0.106159050900735,"results/c1_events_harm.parquet; coarsened exact matching, level 'L1_plus_calibre': pair-matched on quantile bins of edit_length_px, radius_px, blocked on nothing; cells reweighted to the full event distribution; 2000-draw image-clustered bootstrap",,
chasedb1,total_length_skan,primary,cem_L1_plus_calibre,L1_plus_calibre,"edit_length_px,radius_px",,4.0,449,820,0.5475609756097561,8,14.0,0.010355294734833754,0.009776032319695451,0.010894206972552646,0.004013970434419457,0.0030093279666122985,0.004958757580586881,0.006341324300414297,0.0052460971289011145,0.007253674232881826,"results/c1_events_harm.parquet; coarsened exact matching, level 'L1_plus_calibre': pair-matched on quantile bins of edit_length_px, radius_px, blocked on nothing; cells reweighted to the full event distribution; 2000-draw image-clustered bootstrap",,
drive,FD_pvbm,sensitivity,cem_L1_plus_calibre,L1_plus_calibre,"edit_length_px,radius_px",,4.0,413,1886,0.21898197242841994,20,4.0,0.02036188582416263,0.011239280955186642,0.030765825526926555,0.009550712862068557,0.003803504341337177,0.019078788326393575,0.010811172962094075,0.006831225379086786,0.016565477614760314,"results/c1_events_harm.parquet; coarsened exact matching, level 'L1_plus_calibre': pair-matched on quantile bins of edit_length_px, radius_px, blocked on nothing; cells reweighted to the full event distribution; 2000-draw image-clustered bootstrap",,
drive,FD_skan,primary,cem_L1_plus_calibre,L1_plus_calibre,"edit_length_px,radius_px",,4.0,413,1886,0.21898197242841994,20,4.0,0.010048465825407474,0.009278155750570406,0.010826704575511001,0.0031969009211660166,0.0028381331055651756,0.003532360305598297,0.006851564904241457,0.006131181398564103,0.007626115162302897,"results/c1_events_harm.parquet; coarsened exact matching, level 'L1_plus_calibre': pair-matched on quantile bins of edit_length_px, radius_px, blocked on nothing; cells reweighted to the full event distribution; 2000-draw image-clustered bootstrap",,
drive,tortuosity_pvbm,sensitivity,cem_L1_plus_calibre,L1_plus_calibre,"edit_length_px,radius_px",,4.0,413,1886,0.21898197242841994,20,4.0,0.021395913888176788,0.012689491169331902,0.030673092715830887,0.013994132945434277,0.00832810483343332,0.021310997643899092,0.007401780942742511,0.002152133178006953,0.012916634432317728,"results/c1_events_harm.parquet; coarsened exact matching, level 'L1_plus_calibre': pair-matched on quantile bins of edit_length_px, radius_px, blocked on nothing; cells reweighted to the full event distribution; 2000-draw image-clustered bootstrap",,
drive,tortuosity_skan,primary,cem_L1_plus_calibre,L1_plus_calibre,"edit_length_px,radius_px",,4.0,413,1886,0.21898197242841994,20,4.0,0.01319579012551857,0.010585480729100564,0.015901357998525857,0.008498526436078069,0.006148579870104126,0.011333741824037381,0.004697263689440504,0.0023609484230457025,0.007181965945356231,"results/c1_events_harm.parquet; coarsened exact matching, level 'L1_plus_calibre': pair-matched on quantile bins of edit_length_px, radius_px, blocked on nothing; cells reweighted to the full event distribution; 2000-draw image-clustered bootstrap",,
drive,density_pvbm,sensitivity,cem_L1_plus_calibre,L1_plus_calibre,"edit_length_px,radius_px",,4.0,413,1886,0.21898197242841994,20,4.0,0.014975272446710545,0.013439856321931476,0.0167103010114804,0.014975272446710545,0.013439856321931476,0.0167103010114804,0.0,0.0,0.0,"results/c1_events_harm.parquet; coarsened exact matching, level 'L1_plus_calibre': pair-matched on quantile bins of edit_length_px, radius_px, blocked on nothing; cells reweighted to the full event distribution; 2000-draw image-clustered bootstrap",,
drive,density_skan,primary,cem_L1_plus_calibre,L1_plus_calibre,"edit_length_px,radius_px",,4.0,413,1886,0.21898197242841994,20,4.0,0.014975272446710545,0.013439856321931476,0.0167103010114804,0.014975272446710545,0.013439856321931476,0.0167103010114804,0.0,0.0,0.0,"results/c1_events_harm.parquet; coarsened exact matching, level 'L1_plus_calibre': pair-matched on quantile bins of edit_length_px, radius_px, blocked on nothing; cells reweighted to the full event distribution; 2000-draw image-clustered bootstrap",,
drive,total_length_pvbm,sensitivity,cem_L1_plus_calibre,L1_plus_calibre,"edit_length_px,radius_px",,4.0,413,1886,0.21898197242841994,20,4.0,0.07411935811683587,0.051489605185775986,0.11038574205722917,0.0015144291912479904,0.0012078974986916174,0.0018375880094495375,0.07260492892558788,0.04988089510588909,0.10894715958243291,"results/c1_events_harm.parquet; coarsened exact matching, level 'L1_plus_calibre': pair-matched on quantile bins of edit_length_px, radius_px, blocked on nothing; cells reweighted to the full event distribution; 2000-draw image-clustered bootstrap",,
drive,total_length_skan,primary,cem_L1_plus_calibre,L1_plus_calibre,"edit_length_px,radius_px",,4.0,413,1886,0.21898197242841994,20,4.0,0.009591126242055222,0.00919850149456842,0.010014578365832513,0.0022777072913317824,0.0019561028711820123,0.0026097264200064993,0.007313418950723439,0.006861654712509513,0.0078120207810483,"results/c1_events_harm.parquet; coarsened exact matching, level 'L1_plus_calibre': pair-matched on quantile bins of edit_length_px, radius_px, blocked on nothing; cells reweighted to the full event distribution; 2000-draw image-clustered bootstrap",,
fives,FD_pvbm,sensitivity,cem_L1_plus_calibre,L1_plus_calibre,"edit_length_px,radius_px",,4.0,1135,1921,0.5908381051535658,60,24.0,0.004883856949000621,0.003004233028196584,0.007672475516365047,0.0033616670181243224,0.0019391129626732445,0.005283137214813514,0.0015221899308762983,-3.302496321807236e-05,0.0034197974360285995,"results/c1_events_harm.parquet; coarsened exact matching, level 'L1_plus_calibre': pair-matched on quantile bins of edit_length_px, radius_px, blocked on nothing; cells reweighted to the full event distribution; 2000-draw image-clustered bootstrap",,
fives,FD_skan,primary,cem_L1_plus_calibre,L1_plus_calibre,"edit_length_px,radius_px",,4.0,1135,1921,0.5908381051535658,60,24.0,0.004711023902549676,0.003614308737626185,0.006273970086099214,0.0025754116555162087,0.0015351820297846957,0.0043302822840409014,0.002135612247033466,0.0014676296510271016,0.002746309967775297,"results/c1_events_harm.parquet; coarsened exact matching, level 'L1_plus_calibre': pair-matched on quantile bins of edit_length_px, radius_px, blocked on nothing; cells reweighted to the full event distribution; 2000-draw image-clustered bootstrap",,
fives,tortuosity_pvbm,sensitivity,cem_L1_plus_calibre,L1_plus_calibre,"edit_length_px,radius_px",,4.0,1128,1899,0.593996840442338,59,24.0,0.0739170353501205,0.0524010865409722,0.10261210263579347,0.05482832310609661,0.03275200088084239,0.08843754422621584,0.019088712244023878,0.006957483505244874,0.03148749122208644,"results/c1_events_harm.parquet; coarsened exact matching, level 'L1_plus_calibre': pair-matched on quantile bins of edit_length_px, radius_px, blocked on nothing; cells reweighted to the full event distribution; 2000-draw image-clustered bootstrap",,
fives,tortuosity_skan,primary,cem_L1_plus_calibre,L1_plus_calibre,"edit_length_px,radius_px",,4.0,1135,1921,0.5908381051535658,60,24.0,0.030559241972096685,0.020295562083148727,0.04643702805324237,0.019303331383443867,0.011736455463453673,0.03155871135149796,0.011255910588652818,0.006404928285053865,0.017068060967918224,"results/c1_events_harm.parquet; coarsened exact matching, level 'L1_plus_calibre': pair-matched on quantile bins of edit_length_px, radius_px, blocked on nothing; cells reweighted to the full event distribution; 2000-draw image-clustered bootstrap",,
fives,density_pvbm,sensitivity,cem_L1_plus_calibre,L1_plus_calibre,"edit_length_px,radius_px",,4.0,1135,1921,0.5908381051535658,60,24.0,0.004002609593455029,0.003426174363880922,0.004664830419133331,0.004002609593455029,0.003426174363880922,0.004664830419133331,0.0,0.0,0.0,"results/c1_events_harm.parquet; coarsened exact matching, level 'L1_plus_calibre': pair-matched on quantile bins of edit_length_px, radius_px, blocked on nothing; cells reweighted to the full event distribution; 2000-draw image-clustered bootstrap",,
fives,density_skan,primary,cem_L1_plus_calibre,L1_plus_calibre,"edit_length_px,radius_px",,4.0,1135,1921,0.5908381051535658,60,24.0,0.004002609593455029,0.003426174363880922,0.004664830419133331,0.004002609593455029,0.003426174363880922,0.004664830419133331,0.0,0.0,0.0,"results/c1_events_harm.parquet; coarsened exact matching, level 'L1_plus_calibre': pair-matched on quantile bins of edit_length_px, radius_px, blocked on nothing; cells reweighted to the full event distribution; 2000-draw image-clustered bootstrap",,
fives,total_length_pvbm,sensitivity,cem_L1_plus_calibre,L1_plus_calibre,"edit_length_px,radius_px",,4.0,1135,1921,0.5908381051535658,60,24.0,0.03326986668242678,0.026813956265073016,0.04072556049204274,0.000432879881136521,0.00036106786909124354,0.0005165528956481918,0.032836986801290255,0.026440268832781656,0.04021131825968729,"results/c1_events_harm.parquet; coarsened exact matching, level 'L1_plus_calibre': pair-matched on quantile bins of edit_length_px, radius_px, blocked on nothing; cells reweighted to the full event distribution; 2000-draw image-clustered bootstrap",,
fives,total_length_skan,primary,cem_L1_plus_calibre,L1_plus_calibre,"edit_length_px,radius_px",,4.0,1135,1921,0.5908381051535658,60,24.0,0.002946184371513063,0.0026941661409867587,0.003228882808977607,0.0011252439124238383,0.0009463678894260241,0.001352418116465883,0.001820940459089225,0.001583070672819572,0.0020730960027378125,"results/c1_events_harm.parquet; coarsened exact matching, level 'L1_plus_calibre': pair-matched on quantile bins of edit_length_px, radius_px, blocked on nothing; cells reweighted to the full event distribution; 2000-draw image-clustered bootstrap",,
hrf,FD_pvbm,sensitivity,cem_L1_plus_calibre,L1_plus_calibre,"edit_length_px,radius_px",,4.0,342,957,0.3573667711598746,30,9.0,0.002637025353247148,0.0021881546771691796,0.003109128029390854,0.0009806456111710452,0.0007805193004794298,0.0012340046769078726,0.0016563797420761025,0.0012272217533541487,0.002111912513749581,"results/c1_events_harm.parquet; coarsened exact matching, level 'L1_plus_calibre': pair-matched on quantile bins of edit_length_px, radius_px, blocked on nothing; cells reweighted to the full event distribution; 2000-draw image-clustered bootstrap",,
hrf,FD_skan,primary,cem_L1_plus_calibre,L1_plus_calibre,"edit_length_px,radius_px",,4.0,342,957,0.3573667711598746,30,9.0,0.003934817800878535,0.0035586379746119744,0.004312989856611433,0.0014450343819545665,0.001180176185847068,0.0016990066233218439,0.0024897834189239673,0.0021252192577160735,0.0028777153400538014,"results/c1_events_harm.parquet; coarsened exact matching, level 'L1_plus_calibre': pair-matched on quantile bins of edit_length_px, radius_px, blocked on nothing; cells reweighted to the full event distribution; 2000-draw image-clustered bootstrap",,
hrf,tortuosity_pvbm,sensitivity,cem_L1_plus_calibre,L1_plus_calibre,"edit_length_px,radius_px",,4.0,342,957,0.3573667711598746,30,9.0,0.06194183909875624,0.04579662353865669,0.07903882215446886,0.03260917248978544,0.02267542095532063,0.04342550775344337,0.0293326666089708,0.015432966721621342,0.043945273077338476,"results/c1_events_harm.parquet; coarsened exact matching, level 'L1_plus_calibre': pair-matched on quantile bins of edit_length_px, radius_px, blocked on nothing; cells reweighted to the full event distribution; 2000-draw image-clustered bootstrap",,
hrf,tortuosity_skan,primary,cem_L1_plus_calibre,L1_plus_calibre,"edit_length_px,radius_px",,4.0,342,957,0.3573667711598746,30,9.0,0.013040597916357456,0.010400877718981818,0.016300850184852795,0.007741119418733757,0.005791806063711848,0.009838867026691593,0.005299478497623698,0.0018132008172683377,0.009247456818583551,"results/c1_events_harm.parquet; coarsened exact matching, level 'L1_plus_calibre': pair-matched on quantile bins of edit_length_px, radius_px, blocked on nothing; cells reweighted to the full event distribution; 2000-draw image-clustered bootstrap",,
hrf,density_pvbm,sensitivity,cem_L1_plus_calibre,L1_plus_calibre,"edit_length_px,radius_px",,4.0,342,957,0.3573667711598746,30,9.0,0.0030414732532754694,0.0025155486326612635,0.003705898379331468,0.0030414732532754694,0.0025155486326612635,0.003705898379331468,0.0,0.0,0.0,"results/c1_events_harm.parquet; coarsened exact matching, level 'L1_plus_calibre': pair-matched on quantile bins of edit_length_px, radius_px, blocked on nothing; cells reweighted to the full event distribution; 2000-draw image-clustered bootstrap",,
hrf,density_skan,primary,cem_L1_plus_calibre,L1_plus_calibre,"edit_length_px,radius_px",,4.0,342,957,0.3573667711598746,30,9.0,0.0030414732532754694,0.0025155486326612635,0.003705898379331468,0.0030414732532754694,0.0025155486326612635,0.003705898379331468,0.0,0.0,0.0,"results/c1_events_harm.parquet; coarsened exact matching, level 'L1_plus_calibre': pair-matched on quantile bins of edit_length_px, radius_px, blocked on nothing; cells reweighted to the full event distribution; 2000-draw image-clustered bootstrap",,
hrf,total_length_pvbm,sensitivity,cem_L1_plus_calibre,L1_plus_calibre,"edit_length_px,radius_px",,4.0,342,957,0.3573667711598746,30,9.0,0.06757332165613196,0.05718951196339676,0.0784633626017234,0.0009839011749745493,0.0007428144934247011,0.0012300114509513735,0.0665894204811574,0.05615856098646627,0.07751419185049206,"results/c1_events_harm.parquet; coarsened exact matching, level 'L1_plus_calibre': pair-matched on quantile bins of edit_length_px, radius_px, blocked on nothing; cells reweighted to the full event distribution; 2000-draw image-clustered bootstrap",,
hrf,total_length_skan,primary,cem_L1_plus_calibre,L1_plus_calibre,"edit_length_px,radius_px",,4.0,342,957,0.3573667711598746,30,9.0,0.004483103045465319,0.004121540724079846,0.004867918163756551,0.0013460364359238683,0.0010993953787784448,0.0015930369547381186,0.0031370666095414503,0.0027534122709838675,0.0035684373833692272,"results/c1_events_harm.parquet; coarsened exact matching, level 'L1_plus_calibre': pair-matched on quantile bins of edit_length_px, radius_px, blocked on nothing; cells reweighted to the full event distribution; 2000-draw image-clustered bootstrap",,
chasedb1,FD_pvbm,sensitivity,cem_L2_plus_branch_order,L2_plus_branch_order,"edit_length_px,radius_px",gt_branch_order,4.0,449,820,0.5475609756097561,8,44.0,0.010085260619568106,0.008171693932172364,0.012296511317098248,0.005513453035264607,0.0039791886554593195,0.007520189587856964,0.0045718075843034995,0.0030723959168987413,0.005851481796231806,"results/c1_events_harm.parquet; coarsened exact matching, level 'L2_plus_branch_order': pair-matched on quantile bins of edit_length_px, radius_px, blocked on gt_branch_order; cells reweighted to the full event distribution; 2000-draw image-clustered bootstrap",,
chasedb1,FD_skan,primary,cem_L2_plus_branch_order,L2_plus_branch_order,"edit_length_px,radius_px",gt_branch_order,4.0,449,820,0.5475609756097561,8,44.0,0.010943929343024723,0.009340264348655085,0.01238573526702142,0.005008787587698084,0.0039996525227151206,0.005984477323235479,0.0059351417553266395,0.004740508401201323,0.007162819812006031,"results/c1_events_harm.parquet; coarsened exact matching, level 'L2_plus_branch_order': pair-matched on quantile bins of edit_length_px, radius_px, blocked on gt_branch_order; cells reweighted to the full event distribution; 2000-draw image-clustered bootstrap",,
chasedb1,tortuosity_pvbm,sensitivity,cem_L2_plus_branch_order,L2_plus_branch_order,"edit_length_px,radius_px",gt_branch_order,4.0,449,820,0.5475609756097561,8,44.0,0.05067794219871132,0.026544119748218485,0.07662146276304149,0.04579416054713025,0.02377955134389624,0.06437297248465998,0.004883781651581062,-0.013374235514383527,0.025506162725155178,"results/c1_events_harm.parquet; coarsened exact matching, level 'L2_plus_branch_order': pair-matched on quantile bins of edit_length_px, radius_px, blocked on gt_branch_order; cells reweighted to the full event distribution; 2000-draw image-clustered bootstrap",,
chasedb1,tortuosity_skan,primary,cem_L2_plus_branch_order,L2_plus_branch_order,"edit_length_px,radius_px",gt_branch_order,4.0,449,820,0.5475609756097561,8,44.0,0.044386007226311565,0.024830118422474155,0.07291792590889727,0.019003776651081026,0.01322498271510728,0.029437180342942338,0.025382230575230535,0.0009245384372929114,0.05548190963774746,"results/c1_events_harm.parquet; coarsened exact matching, level 'L2_plus_branch_order': pair-matched on quantile bins of edit_length_px, radius_px, blocked on gt_branch_order; cells reweighted to the full event distribution; 2000-draw image-clustered bootstrap",,
chasedb1,density_pvbm,sensitivity,cem_L2_plus_branch_order,L2_plus_branch_order,"edit_length_px,radius_px",gt_branch_order,4.0,449,820,0.5475609756097561,8,44.0,0.022054290638831832,0.017493934849850536,0.027137382617530337,0.022054290638831832,0.017493934849850536,0.027137382617530337,0.0,0.0,0.0,"results/c1_events_harm.parquet; coarsened exact matching, level 'L2_plus_branch_order': pair-matched on quantile bins of edit_length_px, radius_px, blocked on gt_branch_order; cells reweighted to the full event distribution; 2000-draw image-clustered bootstrap",,
chasedb1,density_skan,primary,cem_L2_plus_branch_order,L2_plus_branch_order,"edit_length_px,radius_px",gt_branch_order,4.0,449,820,0.5475609756097561,8,44.0,0.022054290638831832,0.017493934849850536,0.027137382617530337,0.022054290638831832,0.017493934849850536,0.027137382617530337,0.0,0.0,0.0,"results/c1_events_harm.parquet; coarsened exact matching, level 'L2_plus_branch_order': pair-matched on quantile bins of edit_length_px, radius_px, blocked on gt_branch_order; cells reweighted to the full event distribution; 2000-draw image-clustered bootstrap",,
chasedb1,total_length_pvbm,sensitivity,cem_L2_plus_branch_order,L2_plus_branch_order,"edit_length_px,radius_px",gt_branch_order,4.0,449,820,0.5475609756097561,8,44.0,0.09654924304254853,0.08429619503884961,0.10906094410485123,0.0019302518894802297,0.0012974798019820015,0.0024842620094880593,0.09461899115306828,0.08225323494536646,0.10751590044352677,"results/c1_events_harm.parquet; coarsened exact matching, level 'L2_plus_branch_order': pair-matched on quantile bins of edit_length_px, radius_px, blocked on gt_branch_order; cells reweighted to the full event distribution; 2000-draw image-clustered bootstrap",,
chasedb1,total_length_skan,primary,cem_L2_plus_branch_order,L2_plus_branch_order,"edit_length_px,radius_px",gt_branch_order,4.0,449,820,0.5475609756097561,8,44.0,0.010305021047869116,0.009356470967191135,0.01131405704743123,0.003670661695348643,0.003017576094794534,0.004263198871234549,0.006634359352520475,0.005690807921532507,0.007756338446918581,"results/c1_events_harm.parquet; coarsened exact matching, level 'L2_plus_branch_order': pair-matched on quantile bins of edit_length_px, radius_px, blocked on gt_branch_order; cells reweighted to the full event distribution; 2000-draw image-clustered bootstrap",,
drive,FD_pvbm,sensitivity,cem_L2_plus_branch_order,L2_plus_branch_order,"edit_length_px,radius_px",gt_branch_order,4.0,413,1886,0.21898197242841994,20,16.0,0.020272740334074096,0.011228388059929735,0.03051855499608221,0.009560804201671887,0.003805176947684971,0.019104875212350356,0.010711936132402209,0.006759271039027208,0.016539361656888543,"results/c1_events_harm.parquet; coarsened exact matching, level 'L2_plus_branch_order': pair-matched on quantile bins of edit_length_px, radius_px, blocked on gt_branch_order; cells reweighted to the full event distribution; 2000-draw image-clustered bootstrap",,
drive,FD_skan,primary,cem_L2_plus_branch_order,L2_plus_branch_order,"edit_length_px,radius_px",gt_branch_order,4.0,413,1886,0.21898197242841994,20,16.0,0.010049055302119672,0.009270312272180342,0.010830477713227043,0.003194279987235354,0.002839793802503219,0.003526149145316895,0.006854775314884316,0.006128068379319613,0.0076283385857178025,"results/c1_events_harm.parquet; coarsened exact matching, level 'L2_plus_branch_order': pair-matched on quantile bins of edit_length_px, radius_px, blocked on gt_branch_order; cells reweighted to the full event distribution; 2000-draw image-clustered bootstrap",,
drive,tortuosity_pvbm,sensitivity,cem_L2_plus_branch_order,L2_plus_branch_order,"edit_length_px,radius_px",gt_branch_order,4.0,413,1886,0.21898197242841994,20,16.0,0.021374441445591134,0.012679718237191285,0.03062824534309012,0.013986418783525145,0.008358831765988261,0.02128588473697843,0.007388022662065994,0.002193288308454532,0.012890735236907185,"results/c1_events_harm.parquet; coarsened exact matching, level 'L2_plus_branch_order': pair-matched on quantile bins of edit_length_px, radius_px, blocked on gt_branch_order; cells reweighted to the full event distribution; 2000-draw image-clustered bootstrap",,
drive,tortuosity_skan,primary,cem_L2_plus_branch_order,L2_plus_branch_order,"edit_length_px,radius_px",gt_branch_order,4.0,413,1886,0.21898197242841994,20,16.0,0.013210841955918968,0.010604389572789846,0.015907891056421458,0.008482240810333172,0.0061391286746316845,0.011306507118812672,0.004728601145585797,0.002377939025821201,0.007196140330254929,"results/c1_events_harm.parquet; coarsened exact matching, level 'L2_plus_branch_order': pair-matched on quantile bins of edit_length_px, radius_px, blocked on gt_branch_order; cells reweighted to the full event distribution; 2000-draw image-clustered bootstrap",,
drive,density_pvbm,sensitivity,cem_L2_plus_branch_order,L2_plus_branch_order,"edit_length_px,radius_px",gt_branch_order,4.0,413,1886,0.21898197242841994,20,16.0,0.014977828294232816,0.013455856739429284,0.0167280565945184,0.014977828294232816,0.013455856739429284,0.0167280565945184,0.0,0.0,0.0,"results/c1_events_harm.parquet; coarsened exact matching, level 'L2_plus_branch_order': pair-matched on quantile bins of edit_length_px, radius_px, blocked on gt_branch_order; cells reweighted to the full event distribution; 2000-draw image-clustered bootstrap",,
drive,density_skan,primary,cem_L2_plus_branch_order,L2_plus_branch_order,"edit_length_px,radius_px",gt_branch_order,4.0,413,1886,0.21898197242841994,20,16.0,0.014977828294232816,0.013455856739429284,0.0167280565945184,0.014977828294232816,0.013455856739429284,0.0167280565945184,0.0,0.0,0.0,"results/c1_events_harm.parquet; coarsened exact matching, level 'L2_plus_branch_order': pair-matched on quantile bins of edit_length_px, radius_px, blocked on gt_branch_order; cells reweighted to the full event distribution; 2000-draw image-clustered bootstrap",,
drive,total_length_pvbm,sensitivity,cem_L2_plus_branch_order,L2_plus_branch_order,"edit_length_px,radius_px",gt_branch_order,4.0,413,1886,0.21898197242841994,20,16.0,0.07409822050989624,0.05144574367539622,0.110377910976629,0.0015139288606700965,0.0012092557344619045,0.0018321970109670786,0.07258429164922614,0.049854627159926126,0.10896824040907752,"results/c1_events_harm.parquet; coarsened exact matching, level 'L2_plus_branch_order': pair-matched on quantile bins of edit_length_px, radius_px, blocked on gt_branch_order; cells reweighted to the full event distribution; 2000-draw image-clustered bootstrap",,
drive,total_length_skan,primary,cem_L2_plus_branch_order,L2_plus_branch_order,"edit_length_px,radius_px",gt_branch_order,4.0,413,1886,0.21898197242841994,20,16.0,0.009592897034677143,0.009200415585995226,0.01002603430318789,0.002276694647363957,0.0019545045319627613,0.002605219963563496,0.007316202387313187,0.006858253272282085,0.00782426274519981,"results/c1_events_harm.parquet; coarsened exact matching, level 'L2_plus_branch_order': pair-matched on quantile bins of edit_length_px, radius_px, blocked on gt_branch_order; cells reweighted to the full event distribution; 2000-draw image-clustered bootstrap",,
fives,FD_pvbm,sensitivity,cem_L2_plus_branch_order,L2_plus_branch_order,"edit_length_px,radius_px",gt_branch_order,4.0,1135,1921,0.5908381051535658,60,75.0,0.004889731171906453,0.003055132811118432,0.007567978119050698,0.003355538065971884,0.0020105793056095457,0.005127141838330664,0.0015341931059345685,0.00013407642499581855,0.0033700875587253033,"results/c1_events_harm.parquet; coarsened exact matching, level 'L2_plus_branch_order': pair-matched on quantile bins of edit_length_px, radius_px, blocked on gt_branch_order; cells reweighted to the full event distribution; 2000-draw image-clustered bootstrap",,
fives,FD_skan,primary,cem_L2_plus_branch_order,L2_plus_branch_order,"edit_length_px,radius_px",gt_branch_order,4.0,1135,1921,0.5908381051535658,60,75.0,0.004657870327256182,0.0036087266315620553,0.0061152295316635975,0.00249638752618974,0.0015277529700876635,0.004117321226825473,0.0021614828010664416,0.0015150968466036566,0.0027794064127927456,"results/c1_events_harm.parquet; coarsened exact matching, level 'L2_plus_branch_order': pair-matched on quantile bins of edit_length_px, radius_px, blocked on gt_branch_order; cells reweighted to the full event distribution; 2000-draw image-clustered bootstrap",,
fives,tortuosity_pvbm,sensitivity,cem_L2_plus_branch_order,L2_plus_branch_order,"edit_length_px,radius_px",gt_branch_order,4.0,1128,1899,0.593996840442338,59,75.0,0.06809443406955701,0.049814595370143586,0.09206817094777063,0.06027436778624252,0.03344238186524288,0.1047285823192571,0.00782006628331448,-0.014075449162858,0.02401496893202135,"results/c1_events_harm.parquet; coarsened exact matching, level 'L2_plus_branch_order': pair-matched on quantile bins of edit_length_px, radius_px, blocked on gt_branch_order; cells reweighted to the full event distribution; 2000-draw image-clustered bootstrap",,
fives,tortuosity_skan,primary,cem_L2_plus_branch_order,L2_plus_branch_order,"edit_length_px,radius_px",gt_branch_order,4.0,1135,1921,0.5908381051535658,60,75.0,0.029477755815733205,0.0204093808034885,0.04284059827977224,0.019576678603888936,0.012251116548362292,0.03150963562965705,0.009901077211844269,0.005600949839174476,0.014840812029984506,"results/c1_events_harm.parquet; coarsened exact matching, level 'L2_plus_branch_order': pair-matched on quantile bins of edit_length_px, radius_px, blocked on gt_branch_order; cells reweighted to the full event distribution; 2000-draw image-clustered bootstrap",,
fives,density_pvbm,sensitivity,cem_L2_plus_branch_order,L2_plus_branch_order,"edit_length_px,radius_px",gt_branch_order,4.0,1135,1921,0.5908381051535658,60,75.0,0.0038928740389615997,0.003330261005407402,0.0045624220627906165,0.0038928740389615997,0.003330261005407402,0.0045624220627906165,0.0,0.0,0.0,"results/c1_events_harm.parquet; coarsened exact matching, level 'L2_plus_branch_order': pair-matched on quantile bins of edit_length_px, radius_px, blocked on gt_branch_order; cells reweighted to the full event distribution; 2000-draw image-clustered bootstrap",,
fives,density_skan,primary,cem_L2_plus_branch_order,L2_plus_branch_order,"edit_length_px,radius_px",gt_branch_order,4.0,1135,1921,0.5908381051535658,60,75.0,0.0038928740389615997,0.003330261005407402,0.0045624220627906165,0.0038928740389615997,0.003330261005407402,0.0045624220627906165,0.0,0.0,0.0,"results/c1_events_harm.parquet; coarsened exact matching, level 'L2_plus_branch_order': pair-matched on quantile bins of edit_length_px, radius_px, blocked on gt_branch_order; cells reweighted to the full event distribution; 2000-draw image-clustered bootstrap",,
fives,total_length_pvbm,sensitivity,cem_L2_plus_branch_order,L2_plus_branch_order,"edit_length_px,radius_px",gt_branch_order,4.0,1135,1921,0.5908381051535658,60,75.0,0.029393235958722966,0.025750360295491586,0.033144194538713076,0.00042855830161441595,0.0003638272322260713,0.0005056561199891208,0.02896467765710855,0.02536790466830319,0.032684800918665005,"results/c1_events_harm.parquet; coarsened exact matching, level 'L2_plus_branch_order': pair-matched on quantile bins of edit_length_px, radius_px, blocked on gt_branch_order; cells reweighted to the full event distribution; 2000-draw image-clustered bootstrap",,
fives,total_length_skan,primary,cem_L2_plus_branch_order,L2_plus_branch_order,"edit_length_px,radius_px",gt_branch_order,4.0,1135,1921,0.5908381051535658,60,75.0,0.0029918723162569816,0.002747211587713329,0.003273360731456239,0.0011295812655242577,0.000960341024853959,0.001333108635780799,0.001862291050732724,0.0016270697690797028,0.0021150250622866736,"results/c1_events_harm.parquet; coarsened exact matching, level 'L2_plus_branch_order': pair-matched on quantile bins of edit_length_px, radius_px, blocked on gt_branch_order; cells reweighted to the full event distribution; 2000-draw image-clustered bootstrap",,
hrf,FD_pvbm,sensitivity,cem_L2_plus_branch_order,L2_plus_branch_order,"edit_length_px,radius_px",gt_branch_order,4.0,342,957,0.3573667711598746,30,29.0,0.0025958685023452542,0.002189709757875408,0.003013385652934352,0.0009661525544270822,0.0007746387665575845,0.0012194085087565984,0.0016297159479181722,0.0012402147629143828,0.00204267719605952,"results/c1_events_harm.parquet; coarsened exact matching, level 'L2_plus_branch_order': pair-matched on quantile bins of edit_length_px, radius_px, blocked on gt_branch_order; cells reweighted to the full event distribution; 2000-draw image-clustered bootstrap",,
hrf,FD_skan,primary,cem_L2_plus_branch_order,L2_plus_branch_order,"edit_length_px,radius_px",gt_branch_order,4.0,342,957,0.3573667711598746,30,29.0,0.00399367923614364,0.0036165889802460046,0.004400934945415236,0.0014020984868803438,0.0011788570507991606,0.0016082252624731825,0.002591580749263296,0.0021928644778791387,0.0030328221590800344,"results/c1_events_harm.parquet; coarsened exact matching, level 'L2_plus_branch_order': pair-matched on quantile bins of edit_length_px, radius_px, blocked on gt_branch_order; cells reweighted to the full event distribution; 2000-draw image-clustered bootstrap",,
hrf,tortuosity_pvbm,sensitivity,cem_L2_plus_branch_order,L2_plus_branch_order,"edit_length_px,radius_px",gt_branch_order,4.0,342,957,0.3573667711598746,30,29.0,0.061099453096304095,0.045104407769822094,0.07827474757355535,0.032082487926262636,0.02262278335095067,0.04289344520362265,0.02901696517004146,0.01473755098628589,0.04466388901640088,"results/c1_events_harm.parquet; coarsened exact matching, level 'L2_plus_branch_order': pair-matched on quantile bins of edit_length_px, radius_px, blocked on gt_branch_order; cells reweighted to the full event distribution; 2000-draw image-clustered bootstrap",,
hrf,tortuosity_skan,primary,cem_L2_plus_branch_order,L2_plus_branch_order,"edit_length_px,radius_px",gt_branch_order,4.0,342,957,0.3573667711598746,30,29.0,0.012999280329544699,0.010508004331626434,0.01603408271163537,0.007792755765008017,0.005841025999885307,0.009905756424033862,0.005206524564536684,0.0018482694519279248,0.008917072278541093,"results/c1_events_harm.parquet; coarsened exact matching, level 'L2_plus_branch_order': pair-matched on quantile bins of edit_length_px, radius_px, blocked on gt_branch_order; cells reweighted to the full event distribution; 2000-draw image-clustered bootstrap",,
hrf,density_pvbm,sensitivity,cem_L2_plus_branch_order,L2_plus_branch_order,"edit_length_px,radius_px",gt_branch_order,4.0,342,957,0.3573667711598746,30,29.0,0.002979296299842203,0.0025239840743746713,0.0035429549462447315,0.002979296299842203,0.0025239840743746713,0.0035429549462447315,0.0,0.0,0.0,"results/c1_events_harm.parquet; coarsened exact matching, level 'L2_plus_branch_order': pair-matched on quantile bins of edit_length_px, radius_px, blocked on gt_branch_order; cells reweighted to the full event distribution; 2000-draw image-clustered bootstrap",,
hrf,density_skan,primary,cem_L2_plus_branch_order,L2_plus_branch_order,"edit_length_px,radius_px",gt_branch_order,4.0,342,957,0.3573667711598746,30,29.0,0.002979296299842203,0.0025239840743746713,0.0035429549462447315,0.002979296299842203,0.0025239840743746713,0.0035429549462447315,0.0,0.0,0.0,"results/c1_events_harm.parquet; coarsened exact matching, level 'L2_plus_branch_order': pair-matched on quantile bins of edit_length_px, radius_px, blocked on gt_branch_order; cells reweighted to the full event distribution; 2000-draw image-clustered bootstrap",,
hrf,total_length_pvbm,sensitivity,cem_L2_plus_branch_order,L2_plus_branch_order,"edit_length_px,radius_px",gt_branch_order,4.0,342,957,0.3573667711598746,30,29.0,0.0659528020592816,0.05728710083344948,0.07450433649367567,0.0009637746121039152,0.0007380530716813819,0.0012076842019529456,0.0649890274471777,0.056293319462108915,0.07363399994457857,"results/c1_events_harm.parquet; coarsened exact matching, level 'L2_plus_branch_order': pair-matched on quantile bins of edit_length_px, radius_px, blocked on gt_branch_order; cells reweighted to the full event distribution; 2000-draw image-clustered bootstrap",,
hrf,total_length_skan,primary,cem_L2_plus_branch_order,L2_plus_branch_order,"edit_length_px,radius_px",gt_branch_order,4.0,342,957,0.3573667711598746,30,29.0,0.004513230457593715,0.004167616419444733,0.004911833052638527,0.0012970461583888626,0.001095049023931391,0.0014965855611611522,0.003216184299204852,0.0028157873952578726,0.003675323057661912,"results/c1_events_harm.parquet; coarsened exact matching, level 'L2_plus_branch_order': pair-matched on quantile bins of edit_length_px, radius_px, blocked on gt_branch_order; cells reweighted to the full event distribution; 2000-draw image-clustered bootstrap",,
chasedb1,FD_pvbm,sensitivity,cem_L3_plus_radial,L3_plus_radial,"edit_length_px,radius_px,radial_dist_disc_radii",gt_branch_order,4.0,282,820,0.3439024390243902,8,81.0,0.010320973752756936,0.007802365377780274,0.013616098586861441,0.00528788121869043,0.0036987883108287123,0.007687461400012495,0.005033092534066506,0.002287099735107618,0.008442581220756256,"results/c1_events_harm.parquet; coarsened exact matching, level 'L3_plus_radial': pair-matched on quantile bins of edit_length_px, radius_px, radial_dist_disc_radii, blocked on gt_branch_order; cells reweighted to the full event distribution; 2000-draw image-clustered bootstrap",,
chasedb1,FD_skan,primary,cem_L3_plus_radial,L3_plus_radial,"edit_length_px,radius_px,radial_dist_disc_radii",gt_branch_order,4.0,282,820,0.3439024390243902,8,81.0,0.010945153332327857,0.009029417923806802,0.01293210923620242,0.004461962385457251,0.003203427536472243,0.005824646767783115,0.006483190946870607,0.005018378506990684,0.008606935759931097,"results/c1_events_harm.parquet; coarsened exact matching, level 'L3_plus_radial': pair-matched on quantile bins of edit_length_px, radius_px, radial_dist_disc_radii, blocked on gt_branch_order; cells reweighted to the full event distribution; 2000-draw image-clustered bootstrap",,
chasedb1,tortuosity_pvbm,sensitivity,cem_L3_plus_radial,L3_plus_radial,"edit_length_px,radius_px,radial_dist_disc_radii",gt_branch_order,4.0,282,820,0.3439024390243902,8,81.0,0.04398113006432179,0.01936642085594778,0.06730525940176708,0.0439004583945086,0.023541141226213244,0.059737933241924085,8.06716698131894e-05,-0.011740475535525876,0.01428723637925729,"results/c1_events_harm.parquet; coarsened exact matching, level 'L3_plus_radial': pair-matched on quantile bins of edit_length_px, radius_px, radial_dist_disc_radii, blocked on gt_branch_order; cells reweighted to the full event distribution; 2000-draw image-clustered bootstrap",,
chasedb1,tortuosity_skan,primary,cem_L3_plus_radial,L3_plus_radial,"edit_length_px,radius_px,radial_dist_disc_radii",gt_branch_order,4.0,282,820,0.3439024390243902,8,81.0,0.04432884297480489,0.024312020590536894,0.07058734679541902,0.017968465331474358,0.011917380102394888,0.03015695373400196,0.02636037764333054,-0.0007095246372526398,0.05577449728840417,"results/c1_events_harm.parquet; coarsened exact matching, level 'L3_plus_radial': pair-matched on quantile bins of edit_length_px, radius_px, radial_dist_disc_radii, blocked on gt_branch_order; cells reweighted to the full event distribution; 2000-draw image-clustered bootstrap",,
chasedb1,density_pvbm,sensitivity,cem_L3_plus_radial,L3_plus_radial,"edit_length_px,radius_px,radial_dist_disc_radii",gt_branch_order,4.0,282,820,0.3439024390243902,8,81.0,0.019795278207214093,0.015469613110824792,0.0244585038168019,0.019795278207214093,0.015469613110824792,0.0244585038168019,0.0,0.0,0.0,"results/c1_events_harm.parquet; coarsened exact matching, level 'L3_plus_radial': pair-matched on quantile bins of edit_length_px, radius_px, radial_dist_disc_radii, blocked on gt_branch_order; cells reweighted to the full event distribution; 2000-draw image-clustered bootstrap",,
chasedb1,density_skan,primary,cem_L3_plus_radial,L3_plus_radial,"edit_length_px,radius_px,radial_dist_disc_radii",gt_branch_order,4.0,282,820,0.3439024390243902,8,81.0,0.019795278207214093,0.015469613110824792,0.0244585038168019,0.019795278207214093,0.015469613110824792,0.0244585038168019,0.0,0.0,0.0,"results/c1_events_harm.parquet; coarsened exact matching, level 'L3_plus_radial': pair-matched on quantile bins of edit_length_px, radius_px, radial_dist_disc_radii, blocked on gt_branch_order; cells reweighted to the full event distribution; 2000-draw image-clustered bootstrap",,
chasedb1,total_length_pvbm,sensitivity,cem_L3_plus_radial,L3_plus_radial,"edit_length_px,radius_px,radial_dist_disc_radii",gt_branch_order,4.0,282,820,0.3439024390243902,8,81.0,0.0941683574394146,0.07862812767190812,0.10918683631453169,0.0016580687056063235,0.0011141037922895937,0.0021811178399344573,0.09251028873380827,0.07718833724160842,0.1073370564139971,"results/c1_events_harm.parquet; coarsened exact matching, level 'L3_plus_radial': pair-matched on quantile bins of edit_length_px, radius_px, radial_dist_disc_radii, blocked on gt_branch_order; cells reweighted to the full event distribution; 2000-draw image-clustered bootstrap",,
chasedb1,total_length_skan,primary,cem_L3_plus_radial,L3_plus_radial,"edit_length_px,radius_px,radial_dist_disc_radii",gt_branch_order,4.0,282,820,0.3439024390243902,8,81.0,0.010599742622244212,0.009128667998417887,0.012465920109478699,0.0033336022403823887,0.0025582739219862155,0.004099016469687224,0.0072661403818618225,0.005955602076355762,0.009125450194160814,"results/c1_events_harm.parquet; coarsened exact matching, level 'L3_plus_radial': pair-matched on quantile bins of edit_length_px, radius_px, radial_dist_disc_radii, blocked on gt_branch_order; cells reweighted to the full event distribution; 2000-draw image-clustered bootstrap",,
drive,FD_pvbm,sensitivity,cem_L3_plus_radial,L3_plus_radial,"edit_length_px,radius_px,radial_dist_disc_radii",gt_branch_order,4.0,251,1886,0.13308589607635207,19,35.0,0.020621886007841744,0.010945781806033925,0.035880886645624645,0.010133212237899498,0.0038751084495747983,0.021007263044029063,0.010488673769942246,0.0058567906443203815,0.016958616973307233,"results/c1_events_harm.parquet; coarsened exact matching, level 'L3_plus_radial': pair-matched on quantile bins of edit_length_px, radius_px, radial_dist_disc_radii, blocked on gt_branch_order; cells reweighted to the full event distribution; 2000-draw image-clustered bootstrap",,
drive,FD_skan,primary,cem_L3_plus_radial,L3_plus_radial,"edit_length_px,radius_px,radial_dist_disc_radii",gt_branch_order,4.0,251,1886,0.13308589607635207,19,35.0,0.01027795082792759,0.009355746393990326,0.011181973042923014,0.0030446278521993717,0.0025710119670291414,0.003553450562727657,0.007233322975728219,0.006435334808952707,0.008029649501914253,"results/c1_events_harm.parquet; coarsened exact matching, level 'L3_plus_radial': pair-matched on quantile bins of edit_length_px, radius_px, radial_dist_disc_radii, blocked on gt_branch_order; cells reweighted to the full event distribution; 2000-draw image-clustered bootstrap",,
drive,tortuosity_pvbm,sensitivity,cem_L3_plus_radial,L3_plus_radial,"edit_length_px,radius_px,radial_dist_disc_radii",gt_branch_order,4.0,251,1886,0.13308589607635207,19,35.0,0.02299949675029302,0.011977528204867565,0.03613565895265622,0.011898318134386346,0.006320253756644133,0.01945999323931975,0.011101178615906676,0.0038438274709032497,0.019188214785549468,"results/c1_events_harm.parquet; coarsened exact matching, level 'L3_plus_radial': pair-matched on quantile bins of edit_length_px, radius_px, radial_dist_disc_radii, blocked on gt_branch_order; cells reweighted to the full event distribution; 2000-draw image-clustered bootstrap",,
drive,tortuosity_skan,primary,cem_L3_plus_radial,L3_plus_radial,"edit_length_px,radius_px,radial_dist_disc_radii",gt_branch_order,4.0,251,1886,0.13308589607635207,19,35.0,0.015239119804409285,0.010869817889327955,0.019968126678886727,0.010219177978112911,0.006577637199249928,0.014465605721516698,0.0050199418262963725,0.0016796461920144125,0.008058696110092814,"results/c1_events_harm.parquet; coarsened exact matching, level 'L3_plus_radial': pair-matched on quantile bins of edit_length_px, radius_px, radial_dist_disc_radii, blocked on gt_branch_order; cells reweighted to the full event distribution; 2000-draw image-clustered bootstrap",,
drive,density_pvbm,sensitivity,cem_L3_plus_radial,L3_plus_radial,"edit_length_px,radius_px,radial_dist_disc_radii",gt_branch_order,4.0,251,1886,0.13308589607635207,19,35.0,0.01517412182700004,0.012904791341593422,0.018182462849150535,0.01517412182700004,0.012904791341593422,0.018182462849150535,0.0,0.0,0.0,"results/c1_events_harm.parquet; coarsened exact matching, level 'L3_plus_radial': pair-matched on quantile bins of edit_length_px, radius_px, radial_dist_disc_radii, blocked on gt_branch_order; cells reweighted to the full event distribution; 2000-draw image-clustered bootstrap",,
drive,density_skan,primary,cem_L3_plus_radial,L3_plus_radial,"edit_length_px,radius_px,radial_dist_disc_radii",gt_branch_order,4.0,251,1886,0.13308589607635207,19,35.0,0.01517412182700004,0.012904791341593422,0.018182462849150535,0.01517412182700004,0.012904791341593422,0.018182462849150535,0.0,0.0,0.0,"results/c1_events_harm.parquet; coarsened exact matching, level 'L3_plus_radial': pair-matched on quantile bins of edit_length_px, radius_px, radial_dist_disc_radii, blocked on gt_branch_order; cells reweighted to the full event distribution; 2000-draw image-clustered bootstrap",,
drive,total_length_pvbm,sensitivity,cem_L3_plus_radial,L3_plus_radial,"edit_length_px,radius_px,radial_dist_disc_radii",gt_branch_order,4.0,251,1886,0.13308589607635207,19,35.0,0.08624379250818669,0.052065838965823036,0.14445893444662553,0.0013662255494424572,0.0010012154619592761,0.0018167834906821425,0.08487756695874422,0.05078280341513987,0.14315484353941885,"results/c1_events_harm.parquet; coarsened exact matching, level 'L3_plus_radial': pair-matched on quantile bins of edit_length_px, radius_px, radial_dist_disc_radii, blocked on gt_branch_order; cells reweighted to the full event distribution; 2000-draw image-clustered bootstrap",,
drive,total_length_skan,primary,cem_L3_plus_radial,L3_plus_radial,"edit_length_px,radius_px,radial_dist_disc_radii",gt_branch_order,4.0,251,1886,0.13308589607635207,19,35.0,0.009798818120921255,0.008992661831094937,0.010748619735150459,0.0021664241970612967,0.0017489082464535637,0.0026796337873485764,0.007632393923859958,0.006997784987853646,0.00825932905731738,"results/c1_events_harm.parquet; coarsened exact matching, level 'L3_plus_radial': pair-matched on quantile bins of edit_length_px, radius_px, radial_dist_disc_radii, blocked on gt_branch_order; cells reweighted to the full event distribution; 2000-draw image-clustered bootstrap",,
fives,FD_pvbm,sensitivity,cem_L3_plus_radial,L3_plus_radial,"edit_length_px,radius_px,radial_dist_disc_radii",gt_branch_order,4.0,741,1921,0.385736595523165,60,166.0,0.005165961772202358,0.0030452768957713217,0.008267445587298592,0.003398850191868536,0.0017028306327913096,0.00629135669310482,0.0017671115803338218,0.000704062695554862,0.0031578564058502515,"results/c1_events_harm.parquet; coarsened exact matching, level 'L3_plus_radial': pair-matched on quantile bins of edit_length_px, radius_px, radial_dist_disc_radii, blocked on gt_branch_order; cells reweighted to the full event distribution; 2000-draw image-clustered bootstrap",,
fives,FD_skan,primary,cem_L3_plus_radial,L3_plus_radial,"edit_length_px,radius_px,radial_dist_disc_radii",gt_branch_order,4.0,741,1921,0.385736595523165,60,166.0,0.004512968739753999,0.003676919621577667,0.005701633229682625,0.0024175792721794413,0.0016223938342504955,0.003901689096902347,0.002095389467574558,0.00146270823121336,0.0027041949595412837,"results/c1_events_harm.parquet; coarsened exact matching, level 'L3_plus_radial': pair-matched on quantile bins of edit_length_px, radius_px, radial_dist_disc_radii, blocked on gt_branch_order; cells reweighted to the full event distribution; 2000-draw image-clustered bootstrap",,
fives,tortuosity_pvbm,sensitivity,cem_L3_plus_radial,L3_plus_radial,"edit_length_px,radius_px,radial_dist_disc_radii",gt_branch_order,4.0,736,1899,0.3875724065297525,59,165.0,0.06389459921762447,0.04766955424317359,0.0845668571950294,0.05628832969861986,0.034002810935705015,0.09223419387695517,0.007606269519004594,-0.014702122535421844,0.0270039214341643,"results/c1_events_harm.parquet; coarsened exact matching, level 'L3_plus_radial': pair-matched on quantile bins of edit_length_px, radius_px, radial_dist_disc_radii, blocked on gt_branch_order; cells reweighted to the full event distribution; 2000-draw image-clustered bootstrap",,
fives,tortuosity_skan,primary,cem_L3_plus_radial,L3_plus_radial,"edit_length_px,radius_px,radial_dist_disc_radii",gt_branch_order,4.0,741,1921,0.385736595523165,60,166.0,0.031028334661971833,0.021348319818791102,0.04396347323249434,0.019156685209734684,0.01298460593786528,0.027496486289480277,0.011871649452237149,0.004228487986445732,0.020470837386328593,"results/c1_events_harm.parquet; coarsened exact matching, level 'L3_plus_radial': pair-matched on quantile bins of edit_length_px, radius_px, radial_dist_disc_radii, blocked on gt_branch_order; cells reweighted to the full event distribution; 2000-draw image-clustered bootstrap",,
fives,density_pvbm,sensitivity,cem_L3_plus_radial,L3_plus_radial,"edit_length_px,radius_px,radial_dist_disc_radii",gt_branch_order,4.0,741,1921,0.385736595523165,60,166.0,0.0034006660952554967,0.0029858569289636064,0.0038711154805533914,0.0034006660952554967,0.0029858569289636064,0.0038711154805533914,0.0,0.0,0.0,"results/c1_events_harm.parquet; coarsened exact matching, level 'L3_plus_radial': pair-matched on quantile bins of edit_length_px, radius_px, radial_dist_disc_radii, blocked on gt_branch_order; cells reweighted to the full event distribution; 2000-draw image-clustered bootstrap",,
fives,density_skan,primary,cem_L3_plus_radial,L3_plus_radial,"edit_length_px,radius_px,radial_dist_disc_radii",gt_branch_order,4.0,741,1921,0.385736595523165,60,166.0,0.0034006660952554967,0.0029858569289636064,0.0038711154805533914,0.0034006660952554967,0.0029858569289636064,0.0038711154805533914,0.0,0.0,0.0,"results/c1_events_harm.parquet; coarsened exact matching, level 'L3_plus_radial': pair-matched on quantile bins of edit_length_px, radius_px, radial_dist_disc_radii, blocked on gt_branch_order; cells reweighted to the full event distribution; 2000-draw image-clustered bootstrap",,
fives,total_length_pvbm,sensitivity,cem_L3_plus_radial,L3_plus_radial,"edit_length_px,radius_px,radial_dist_disc_radii",gt_branch_order,4.0,741,1921,0.385736595523165,60,166.0,0.02729294180613881,0.024079271725553002,0.030484927109506458,0.000438127140026826,0.00035963493005632184,0.0005376885507484613,0.026854814666111976,0.023629433896676235,0.03006269287443195,"results/c1_events_harm.parquet; coarsened exact matching, level 'L3_plus_radial': pair-matched on quantile bins of edit_length_px, radius_px, radial_dist_disc_radii, blocked on gt_branch_order; cells reweighted to the full event distribution; 2000-draw image-clustered bootstrap",,
fives,total_length_skan,primary,cem_L3_plus_radial,L3_plus_radial,"edit_length_px,radius_px,radial_dist_disc_radii",gt_branch_order,4.0,741,1921,0.385736595523165,60,166.0,0.0030619688712278737,0.0028382984832420917,0.003313151734099996,0.0011897631974854283,0.0010305133797672583,0.001373716826324124,0.0018722056737424462,0.0016105430226670903,0.0021434839752129003,"results/c1_events_harm.parquet; coarsened exact matching, level 'L3_plus_radial': pair-matched on quantile bins of edit_length_px, radius_px, radial_dist_disc_radii, blocked on gt_branch_order; cells reweighted to the full event distribution; 2000-draw image-clustered bootstrap",,
hrf,FD_pvbm,sensitivity,cem_L3_plus_radial,L3_plus_radial,"edit_length_px,radius_px,radial_dist_disc_radii",gt_branch_order,4.0,174,957,0.18181818181818182,30,46.0,0.002445078485960607,0.00198958961961424,0.003011556344923631,0.0009498510846723361,0.0007630650807477124,0.0011409271581451993,0.001495227401288271,0.0011137457005437606,0.0019772654299023817,"results/c1_events_harm.parquet; coarsened exact matching, level 'L3_plus_radial': pair-matched on quantile bins of edit_length_px, radius_px, radial_dist_disc_radii, blocked on gt_branch_order; cells reweighted to the full event distribution; 2000-draw image-clustered bootstrap",,
hrf,FD_skan,primary,cem_L3_plus_radial,L3_plus_radial,"edit_length_px,radius_px,radial_dist_disc_radii",gt_branch_order,4.0,174,957,0.18181818181818182,30,46.0,0.0038372953550814297,0.003295423865020404,0.004447681580879341,0.0013340643519748102,0.0010700712746851385,0.0016120203480421724,0.002503231003106619,0.0019472059249594164,0.003097454600515725,"results/c1_events_harm.parquet; coarsened exact matching, level 'L3_plus_radial': pair-matched on quantile bins of edit_length_px, radius_px, radial_dist_disc_radii, blocked on gt_branch_order; cells reweighted to the full event distribution; 2000-draw image-clustered bootstrap",,
hrf,tortuosity_pvbm,sensitivity,cem_L3_plus_radial,L3_plus_radial,"edit_length_px,radius_px,radial_dist_disc_radii",gt_branch_order,4.0,174,957,0.18181818181818182,30,46.0,0.045610131353001265,0.028860962753070762,0.06595109854206342,0.032638403389862486,0.01979389353579455,0.048353549026451,0.012971727963138783,-0.004032282437250645,0.03198316532337365,"results/c1_events_harm.parquet; coarsened exact matching, level 'L3_plus_radial': pair-matched on quantile bins of edit_length_px, radius_px, radial_dist_disc_radii, blocked on gt_branch_order; cells reweighted to the full event distribution; 2000-draw image-clustered bootstrap",,
hrf,tortuosity_skan,primary,cem_L3_plus_radial,L3_plus_radial,"edit_length_px,radius_px,radial_dist_disc_radii",gt_branch_order,4.0,174,957,0.18181818181818182,30,46.0,0.014492782045466166,0.0091303697674777,0.021172446892024126,0.006469214972085711,0.004536494543626994,0.008806266326837571,0.00802356707338046,0.0020476802418489945,0.015336639021797228,"results/c1_events_harm.parquet; coarsened exact matching, level 'L3_plus_radial': pair-matched on quantile bins of edit_length_px, radius_px, radial_dist_disc_radii, blocked on gt_branch_order; cells reweighted to the full event distribution; 2000-draw image-clustered bootstrap",,
hrf,density_pvbm,sensitivity,cem_L3_plus_radial,L3_plus_radial,"edit_length_px,radius_px,radial_dist_disc_radii",gt_branch_order,4.0,174,957,0.18181818181818182,30,46.0,0.0027498751757737447,0.002372435858477364,0.0031330988034982236,0.0027498751757737447,0.002372435858477364,0.0031330988034982236,0.0,0.0,0.0,"results/c1_events_harm.parquet; coarsened exact matching, level 'L3_plus_radial': pair-matched on quantile bins of edit_length_px, radius_px, radial_dist_disc_radii, blocked on gt_branch_order; cells reweighted to the full event distribution; 2000-draw image-clustered bootstrap",,
hrf,density_skan,primary,cem_L3_plus_radial,L3_plus_radial,"edit_length_px,radius_px,radial_dist_disc_radii",gt_branch_order,4.0,174,957,0.18181818181818182,30,46.0,0.0027498751757737447,0.002372435858477364,0.0031330988034982236,0.0027498751757737447,0.002372435858477364,0.0031330988034982236,0.0,0.0,0.0,"results/c1_events_harm.parquet; coarsened exact matching, level 'L3_plus_radial': pair-matched on quantile bins of edit_length_px, radius_px, radial_dist_disc_radii, blocked on gt_branch_order; cells reweighted to the full event distribution; 2000-draw image-clustered bootstrap",,
hrf,total_length_pvbm,sensitivity,cem_L3_plus_radial,L3_plus_radial,"edit_length_px,radius_px,radial_dist_disc_radii",gt_branch_order,4.0,174,957,0.18181818181818182,30,46.0,0.06690742268984727,0.054929699343462236,0.08036259326410634,0.0011549126862297821,0.0007318301304585385,0.0017566935260198149,0.06575251000361748,0.0540476844993458,0.07875305030286321,"results/c1_events_harm.parquet; coarsened exact matching, level 'L3_plus_radial': pair-matched on quantile bins of edit_length_px, radius_px, radial_dist_disc_radii, blocked on gt_branch_order; cells reweighted to the full event distribution; 2000-draw image-clustered bootstrap",,
hrf,total_length_skan,primary,cem_L3_plus_radial,L3_plus_radial,"edit_length_px,radius_px,radial_dist_disc_radii",gt_branch_order,4.0,174,957,0.18181818181818182,30,46.0,0.004423473927170341,0.0039690497414967005,0.004925159205884916,0.0012595170079366695,0.0010248708354100822,0.0015064039055785918,0.003163956919233672,0.0026693853381360207,0.0036969845934024972,"results/c1_events_harm.parquet; coarsened exact matching, level 'L3_plus_radial': pair-matched on quantile bins of edit_length_px, radius_px, radial_dist_disc_radii, blocked on gt_branch_order; cells reweighted to the full event distribution; 2000-draw image-clustered bootstrap",,
chasedb1,FD_pvbm,sensitivity,cem_L4_density_stratified,L4_density_stratified,"edit_length_px,radius_px,radial_dist_disc_radii","gt_branch_order,gt_density_bin",4.0,282,820,0.3439024390243902,8,116.0,0.01013221526011143,0.008145627554533472,0.013128619926269009,0.00523894712352962,0.0035985086484109897,0.007908563656226426,0.0048932681365818085,0.0021300478720257263,0.008252337976757812,"results/c1_events_harm.parquet; coarsened exact matching, level 'L4_density_stratified': pair-matched on quantile bins of edit_length_px, radius_px, radial_dist_disc_radii, blocked on gt_branch_order, gt_density_bin; cells reweighted to the full event distribution; 2000-draw image-clustered bootstrap",,
chasedb1,FD_skan,primary,cem_L4_density_stratified,L4_density_stratified,"edit_length_px,radius_px,radial_dist_disc_radii","gt_branch_order,gt_density_bin",4.0,282,820,0.3439024390243902,8,116.0,0.010803743362303915,0.009556440046109529,0.012307173069234952,0.004190440928217944,0.003050185627052707,0.005425292921757374,0.006613302434085972,0.005309202576205774,0.00844666525994846,"results/c1_events_harm.parquet; coarsened exact matching, level 'L4_density_stratified': pair-matched on quantile bins of edit_length_px, radius_px, radial_dist_disc_radii, blocked on gt_branch_order, gt_density_bin; cells reweighted to the full event distribution; 2000-draw image-clustered bootstrap",,
chasedb1,tortuosity_pvbm,sensitivity,cem_L4_density_stratified,L4_density_stratified,"edit_length_px,radius_px,radial_dist_disc_radii","gt_branch_order,gt_density_bin",4.0,282,820,0.3439024390243902,8,116.0,0.04685365230811568,0.01873761234868727,0.0765524908482244,0.04039109130044617,0.022263993757351264,0.055939034340638696,0.006462561007669518,-0.008786827360996506,0.023520526764553382,"results/c1_events_harm.parquet; coarsened exact matching, level 'L4_density_stratified': pair-matched on quantile bins of edit_length_px, radius_px, radial_dist_disc_radii, blocked on gt_branch_order, gt_density_bin; cells reweighted to the full event distribution; 2000-draw image-clustered bootstrap",,
chasedb1,tortuosity_skan,primary,cem_L4_density_stratified,L4_density_stratified,"edit_length_px,radius_px,radial_dist_disc_radii","gt_branch_order,gt_density_bin",4.0,282,820,0.3439024390243902,8,116.0,0.04685758752144082,0.025224672556643745,0.07556440593605482,0.018300523751337977,0.01264082237885629,0.02845104166882853,0.02855706377010284,0.0017945578908238086,0.0602758070186956,"results/c1_events_harm.parquet; coarsened exact matching, level 'L4_density_stratified': pair-matched on quantile bins of edit_length_px, radius_px, radial_dist_disc_radii, blocked on gt_branch_order, gt_density_bin; cells reweighted to the full event distribution; 2000-draw image-clustered bootstrap",,
chasedb1,density_pvbm,sensitivity,cem_L4_density_stratified,L4_density_stratified,"edit_length_px,radius_px,radial_dist_disc_radii","gt_branch_order,gt_density_bin",4.0,282,820,0.3439024390243902,8,116.0,0.01964292897487592,0.016224922856752134,0.02397226866665242,0.01964292897487592,0.016224922856752134,0.02397226866665242,0.0,0.0,0.0,"results/c1_events_harm.parquet; coarsened exact matching, level 'L4_density_stratified': pair-matched on quantile bins of edit_length_px, radius_px, radial_dist_disc_radii, blocked on gt_branch_order, gt_density_bin; cells reweighted to the full event distribution; 2000-draw image-clustered bootstrap",,
chasedb1,density_skan,primary,cem_L4_density_stratified,L4_density_stratified,"edit_length_px,radius_px,radial_dist_disc_radii","gt_branch_order,gt_density_bin",4.0,282,820,0.3439024390243902,8,116.0,0.01964292897487592,0.016224922856752134,0.02397226866665242,0.01964292897487592,0.016224922856752134,0.02397226866665242,0.0,0.0,0.0,"results/c1_events_harm.parquet; coarsened exact matching, level 'L4_density_stratified': pair-matched on quantile bins of edit_length_px, radius_px, radial_dist_disc_radii, blocked on gt_branch_order, gt_density_bin; cells reweighted to the full event distribution; 2000-draw image-clustered bootstrap",,
chasedb1,total_length_pvbm,sensitivity,cem_L4_density_stratified,L4_density_stratified,"edit_length_px,radius_px,radial_dist_disc_radii","gt_branch_order,gt_density_bin",4.0,282,820,0.3439024390243902,8,116.0,0.0928998172353613,0.08148111861524156,0.10579215152360141,0.0014885006875420981,0.0010432215845282264,0.0021185990452285857,0.09141131654781919,0.08012538274545365,0.10394475527362625,"results/c1_events_harm.parquet; coarsened exact matching, level 'L4_density_stratified': pair-matched on quantile bins of edit_length_px, radius_px, radial_dist_disc_radii, blocked on gt_branch_order, gt_density_bin; cells reweighted to the full event distribution; 2000-draw image-clustered bootstrap",,
chasedb1,total_length_skan,primary,cem_L4_density_stratified,L4_density_stratified,"edit_length_px,radius_px,radial_dist_disc_radii","gt_branch_order,gt_density_bin",4.0,282,820,0.3439024390243902,8,116.0,0.010620507029521623,0.009474219571200423,0.012240550496571329,0.0032204230479579445,0.0024771821641114493,0.003962450948280381,0.007400083981563678,0.006169050839656542,0.008997198202937092,"results/c1_events_harm.parquet; coarsened exact matching, level 'L4_density_stratified': pair-matched on quantile bins of edit_length_px, radius_px, radial_dist_disc_radii, blocked on gt_branch_order, gt_density_bin; cells reweighted to the full event distribution; 2000-draw image-clustered bootstrap",,
drive,FD_pvbm,sensitivity,cem_L4_density_stratified,L4_density_stratified,"edit_length_px,radius_px,radial_dist_disc_radii","gt_branch_order,gt_density_bin",4.0,251,1886,0.13308589607635207,19,55.0,0.022118776072890242,0.011070917081207079,0.039590928647490406,0.009359350930120747,0.003905134105201587,0.018207428264046942,0.012759425142769495,0.005804186023667193,0.022853433880536983,"results/c1_events_harm.parquet; coarsened exact matching, level 'L4_density_stratified': pair-matched on quantile bins of edit_length_px, radius_px, radial_dist_disc_radii, blocked on gt_branch_order, gt_density_bin; cells reweighted to the full event distribution; 2000-draw image-clustered bootstrap",,
drive,FD_skan,primary,cem_L4_density_stratified,L4_density_stratified,"edit_length_px,radius_px,radial_dist_disc_radii","gt_branch_order,gt_density_bin",4.0,251,1886,0.13308589607635207,19,55.0,0.010059065116947366,0.00927537740435951,0.010810327238082073,0.003002739698287252,0.002535649182226318,0.0035625017415347134,0.007056325418660114,0.0064013319051076005,0.007698891146030935,"results/c1_events_harm.parquet; coarsened exact matching, level 'L4_density_stratified': pair-matched on quantile bins of edit_length_px, radius_px, radial_dist_disc_radii, blocked on gt_branch_order, gt_density_bin; cells reweighted to the full event distribution; 2000-draw image-clustered bootstrap",,
drive,tortuosity_pvbm,sensitivity,cem_L4_density_stratified,L4_density_stratified,"edit_length_px,radius_px,radial_dist_disc_radii","gt_branch_order,gt_density_bin",4.0,251,1886,0.13308589607635207,19,55.0,0.0236624938740922,0.01188349101289054,0.03757565035163935,0.011935443113529969,0.00619761314260648,0.020187545526325974,0.011727050760562229,0.003724795643079822,0.020557823158075007,"results/c1_events_harm.parquet; coarsened exact matching, level 'L4_density_stratified': pair-matched on quantile bins of edit_length_px, radius_px, radial_dist_disc_radii, blocked on gt_branch_order, gt_density_bin; cells reweighted to the full event distribution; 2000-draw image-clustered bootstrap",,
drive,tortuosity_skan,primary,cem_L4_density_stratified,L4_density_stratified,"edit_length_px,radius_px,radial_dist_disc_radii","gt_branch_order,gt_density_bin",4.0,251,1886,0.13308589607635207,19,55.0,0.014848563204703836,0.010606860848237854,0.019432069909726943,0.00993924545011965,0.006606004489609395,0.013680416914849789,0.004909317754584184,0.0013326699803838452,0.007988832746768409,"results/c1_events_harm.parquet; coarsened exact matching, level 'L4_density_stratified': pair-matched on quantile bins of edit_length_px, radius_px, radial_dist_disc_radii, blocked on gt_branch_order, gt_density_bin; cells reweighted to the full event distribution; 2000-draw image-clustered bootstrap",,
drive,density_pvbm,sensitivity,cem_L4_density_stratified,L4_density_stratified,"edit_length_px,radius_px,radial_dist_disc_radii","gt_branch_order,gt_density_bin",4.0,251,1886,0.13308589607635207,19,55.0,0.015209701126385117,0.012799379222971679,0.0181645390937411,0.015209701126385117,0.012799379222971679,0.0181645390937411,0.0,0.0,0.0,"results/c1_events_harm.parquet; coarsened exact matching, level 'L4_density_stratified': pair-matched on quantile bins of edit_length_px, radius_px, radial_dist_disc_radii, blocked on gt_branch_order, gt_density_bin; cells reweighted to the full event distribution; 2000-draw image-clustered bootstrap",,
drive,density_skan,primary,cem_L4_density_stratified,L4_density_stratified,"edit_length_px,radius_px,radial_dist_disc_radii","gt_branch_order,gt_density_bin",4.0,251,1886,0.13308589607635207,19,55.0,0.015209701126385117,0.012799379222971679,0.0181645390937411,0.015209701126385117,0.012799379222971679,0.0181645390937411,0.0,0.0,0.0,"results/c1_events_harm.parquet; coarsened exact matching, level 'L4_density_stratified': pair-matched on quantile bins of edit_length_px, radius_px, radial_dist_disc_radii, blocked on gt_branch_order, gt_density_bin; cells reweighted to the full event distribution; 2000-draw image-clustered bootstrap",,
drive,total_length_pvbm,sensitivity,cem_L4_density_stratified,L4_density_stratified,"edit_length_px,radius_px,radial_dist_disc_radii","gt_branch_order,gt_density_bin",4.0,251,1886,0.13308589607635207,19,55.0,0.08449917807344726,0.04939676831527534,0.14946961036075868,0.0013641064712736086,0.0010010516367193222,0.0018050812986281075,0.08313507160217365,0.048127971518788705,0.14814269855144946,"results/c1_events_harm.parquet; coarsened exact matching, level 'L4_density_stratified': pair-matched on quantile bins of edit_length_px, radius_px, radial_dist_disc_radii, blocked on gt_branch_order, gt_density_bin; cells reweighted to the full event distribution; 2000-draw image-clustered bootstrap",,
drive,total_length_skan,primary,cem_L4_density_stratified,L4_density_stratified,"edit_length_px,radius_px,radial_dist_disc_radii","gt_branch_order,gt_density_bin",4.0,251,1886,0.13308589607635207,19,55.0,0.009694661418294922,0.008767978714372238,0.010650438568411224,0.0021696666176058733,0.0017242578725811598,0.002707460700174391,0.007524994800689049,0.00688635506393372,0.008215033189610452,"results/c1_events_harm.parquet; coarsened exact matching, level 'L4_density_stratified': pair-matched on quantile bins of edit_length_px, radius_px, radial_dist_disc_radii, blocked on gt_branch_order, gt_density_bin; cells reweighted to the full event distribution; 2000-draw image-clustered bootstrap",,
fives,FD_pvbm,sensitivity,cem_L4_density_stratified,L4_density_stratified,"edit_length_px,radius_px,radial_dist_disc_radii","gt_branch_order,gt_density_bin",4.0,741,1921,0.385736595523165,60,283.0,0.004641019535087807,0.0027317134061396048,0.007902191786589767,0.0032040730206284156,0.0016615755370333338,0.006156008633890835,0.0014369465144593917,0.0006388940301059768,0.0025534591067119324,"results/c1_events_harm.parquet; coarsened exact matching, level 'L4_density_stratified': pair-matched on quantile bins of edit_length_px, radius_px, radial_dist_disc_radii, blocked on gt_branch_order, gt_density_bin; cells reweighted to the full event distribution; 2000-draw image-clustered bootstrap",,
fives,FD_skan,primary,cem_L4_density_stratified,L4_density_stratified,"edit_length_px,radius_px,radial_dist_disc_radii","gt_branch_order,gt_density_bin",4.0,741,1921,0.385736595523165,60,283.0,0.004261884061033805,0.00356183325787051,0.005244759238636006,0.00234791703175413,0.0016429268814975714,0.003597043655951861,0.001913967029279675,0.0012898007883047008,0.002437703933244255,"results/c1_events_harm.parquet; coarsened exact matching, level 'L4_density_stratified': pair-matched on quantile bins of edit_length_px, radius_px, radial_dist_disc_radii, blocked on gt_branch_order, gt_density_bin; cells reweighted to the full event distribution; 2000-draw image-clustered bootstrap",,
fives,tortuosity_pvbm,sensitivity,cem_L4_density_stratified,L4_density_stratified,"edit_length_px,radius_px,radial_dist_disc_radii","gt_branch_order,gt_density_bin",4.0,736,1899,0.3875724065297525,59,280.0,0.057560268416297126,0.0455509887351548,0.07190963441866245,0.04477704226331781,0.033748737258079545,0.058061296071895876,0.01278322615297932,0.0033063472282129705,0.023190049381952755,"results/c1_events_harm.parquet; coarsened exact matching, level 'L4_density_stratified': pair-matched on quantile bins of edit_length_px, radius_px, radial_dist_disc_radii, blocked on gt_branch_order, gt_density_bin; cells reweighted to the full event distribution; 2000-draw image-clustered bootstrap",,
fives,tortuosity_skan,primary,cem_L4_density_stratified,L4_density_stratified,"edit_length_px,radius_px,radial_dist_disc_radii","gt_branch_order,gt_density_bin",4.0,741,1921,0.385736595523165,60,283.0,0.0302921579346506,0.021258247475529714,0.04263537070290573,0.02107557021345571,0.014338363537959644,0.0305189997093474,0.009216587721194894,0.0012970218344541327,0.01809023719826532,"results/c1_events_harm.parquet; coarsened exact matching, level 'L4_density_stratified': pair-matched on quantile bins of edit_length_px, radius_px, radial_dist_disc_radii, blocked on gt_branch_order, gt_density_bin; cells reweighted to the full event distribution; 2000-draw image-clustered bootstrap",,
fives,density_pvbm,sensitivity,cem_L4_density_stratified,L4_density_stratified,"edit_length_px,radius_px,radial_dist_disc_radii","gt_branch_order,gt_density_bin",4.0,741,1921,0.385736595523165,60,283.0,0.0029755256753979135,0.00273211714957274,0.0032471557896034445,0.0029755256753979135,0.00273211714957274,0.0032471557896034445,0.0,0.0,0.0,"results/c1_events_harm.parquet; coarsened exact matching, level 'L4_density_stratified': pair-matched on quantile bins of edit_length_px, radius_px, radial_dist_disc_radii, blocked on gt_branch_order, gt_density_bin; cells reweighted to the full event distribution; 2000-draw image-clustered bootstrap",,
fives,density_skan,primary,cem_L4_density_stratified,L4_density_stratified,"edit_length_px,radius_px,radial_dist_disc_radii","gt_branch_order,gt_density_bin",4.0,741,1921,0.385736595523165,60,283.0,0.0029755256753979135,0.00273211714957274,0.0032471557896034445,0.0029755256753979135,0.00273211714957274,0.0032471557896034445,0.0,0.0,0.0,"results/c1_events_harm.parquet; coarsened exact matching, level 'L4_density_stratified': pair-matched on quantile bins of edit_length_px, radius_px, radial_dist_disc_radii, blocked on gt_branch_order, gt_density_bin; cells reweighted to the full event distribution; 2000-draw image-clustered bootstrap",,
fives,total_length_pvbm,sensitivity,cem_L4_density_stratified,L4_density_stratified,"edit_length_px,radius_px,radial_dist_disc_radii","gt_branch_order,gt_density_bin",4.0,741,1921,0.385736595523165,60,283.0,0.025601025240454583,0.023116917003554196,0.028017061698831454,0.00042798275209075565,0.0003623548779627976,0.0005054382591629518,0.025173042488363828,0.022681609636265507,0.02759783070128541,"results/c1_events_harm.parquet; coarsened exact matching, level 'L4_density_stratified': pair-matched on quantile bins of edit_length_px, radius_px, radial_dist_disc_radii, blocked on gt_branch_order, gt_density_bin; cells reweighted to the full event distribution; 2000-draw image-clustered bootstrap",,
fives,total_length_skan,primary,cem_L4_density_stratified,L4_density_stratified,"edit_length_px,radius_px,radial_dist_disc_radii","gt_branch_order,gt_density_bin",4.0,741,1921,0.385736595523165,60,283.0,0.003007543601304584,0.0028378777352245275,0.0031939040779930565,0.0012095576126880212,0.00105400337233567,0.0013765124901915253,0.001797985988616563,0.0015889194364420386,0.0020118319652366913,"results/c1_events_harm.parquet; coarsened exact matching, level 'L4_density_stratified': pair-matched on quantile bins of edit_length_px, radius_px, radial_dist_disc_radii, blocked on gt_branch_order, gt_density_bin; cells reweighted to the full event distribution; 2000-draw image-clustered bootstrap",,
hrf,FD_pvbm,sensitivity,cem_L4_density_stratified,L4_density_stratified,"edit_length_px,radius_px,radial_dist_disc_radii","gt_branch_order,gt_density_bin",4.0,174,957,0.18181818181818182,30,87.0,0.0024848481626800908,0.00201045213715352,0.003030910057060937,0.0010105589988303192,0.0007774845522919316,0.0012756773384076268,0.0014742891638497718,0.0010956450200587265,0.001939972279955068,"results/c1_events_harm.parquet; coarsened exact matching, level 'L4_density_stratified': pair-matched on quantile bins of edit_length_px, radius_px, radial_dist_disc_radii, blocked on gt_branch_order, gt_density_bin; cells reweighted to the full event distribution; 2000-draw image-clustered bootstrap",,
hrf,FD_skan,primary,cem_L4_density_stratified,L4_density_stratified,"edit_length_px,radius_px,radial_dist_disc_radii","gt_branch_order,gt_density_bin",4.0,174,957,0.18181818181818182,30,87.0,0.003979922722422314,0.0033717656699745278,0.004669091879184769,0.00129136862357777,0.001026881842464122,0.00154367511465033,0.002688554098844544,0.002028477947193142,0.0034163429558147374,"results/c1_events_harm.parquet; coarsened exact matching, level 'L4_density_stratified': pair-matched on quantile bins of edit_length_px, radius_px, radial_dist_disc_radii, blocked on gt_branch_order, gt_density_bin; cells reweighted to the full event distribution; 2000-draw image-clustered bootstrap",,
hrf,tortuosity_pvbm,sensitivity,cem_L4_density_stratified,L4_density_stratified,"edit_length_px,radius_px,radial_dist_disc_radii","gt_branch_order,gt_density_bin",4.0,174,957,0.18181818181818182,30,87.0,0.04839140534820111,0.02909748871919062,0.0719345388390914,0.03162948459664835,0.01902551228969979,0.04641170600070615,0.016761920751552757,-0.00327269087233682,0.039816405127976545,"results/c1_events_harm.parquet; coarsened exact matching, level 'L4_density_stratified': pair-matched on quantile bins of edit_length_px, radius_px, radial_dist_disc_radii, blocked on gt_branch_order, gt_density_bin; cells reweighted to the full event distribution; 2000-draw image-clustered bootstrap",,
hrf,tortuosity_skan,primary,cem_L4_density_stratified,L4_density_stratified,"edit_length_px,radius_px,radial_dist_disc_radii","gt_branch_order,gt_density_bin",4.0,174,957,0.18181818181818182,30,87.0,0.014234182376894203,0.009181842944669377,0.02059442123738175,0.0062835296869675214,0.004544129717065019,0.008212553114970197,0.007950652689926683,0.002421293744899691,0.014823293776333011,"results/c1_events_harm.parquet; coarsened exact matching, level 'L4_density_stratified': pair-matched on quantile bins of edit_length_px, radius_px, radial_dist_disc_radii, blocked on gt_branch_order, gt_density_bin; cells reweighted to the full event distribution; 2000-draw image-clustered bootstrap",,
hrf,density_pvbm,sensitivity,cem_L4_density_stratified,L4_density_stratified,"edit_length_px,radius_px,radial_dist_disc_radii","gt_branch_order,gt_density_bin",4.0,174,957,0.18181818181818182,30,87.0,0.002724117979842041,0.0023463860563610267,0.003103255360945503,0.002724117979842041,0.0023463860563610267,0.003103255360945503,0.0,0.0,0.0,"results/c1_events_harm.parquet; coarsened exact matching, level 'L4_density_stratified': pair-matched on quantile bins of edit_length_px, radius_px, radial_dist_disc_radii, blocked on gt_branch_order, gt_density_bin; cells reweighted to the full event distribution; 2000-draw image-clustered bootstrap",,
hrf,density_skan,primary,cem_L4_density_stratified,L4_density_stratified,"edit_length_px,radius_px,radial_dist_disc_radii","gt_branch_order,gt_density_bin",4.0,174,957,0.18181818181818182,30,87.0,0.002724117979842041,0.0023463860563610267,0.003103255360945503,0.002724117979842041,0.0023463860563610267,0.003103255360945503,0.0,0.0,0.0,"results/c1_events_harm.parquet; coarsened exact matching, level 'L4_density_stratified': pair-matched on quantile bins of edit_length_px, radius_px, radial_dist_disc_radii, blocked on gt_branch_order, gt_density_bin; cells reweighted to the full event distribution; 2000-draw image-clustered bootstrap",,
hrf,total_length_pvbm,sensitivity,cem_L4_density_stratified,L4_density_stratified,"edit_length_px,radius_px,radial_dist_disc_radii","gt_branch_order,gt_density_bin",4.0,174,957,0.18181818181818182,30,87.0,0.06101102146985419,0.05042450377823474,0.07275618355176776,0.001024198306959657,0.0007039511989714458,0.0014088401839219358,0.05998682316289454,0.04948268675323223,0.07176045003570375,"results/c1_events_harm.parquet; coarsened exact matching, level 'L4_density_stratified': pair-matched on quantile bins of edit_length_px, radius_px, radial_dist_disc_radii, blocked on gt_branch_order, gt_density_bin; cells reweighted to the full event distribution; 2000-draw image-clustered bootstrap",,
hrf,total_length_skan,primary,cem_L4_density_stratified,L4_density_stratified,"edit_length_px,radius_px,radial_dist_disc_radii","gt_branch_order,gt_density_bin",4.0,174,957,0.18181818181818182,30,87.0,0.00453786048383086,0.004019210231887855,0.005135632346663311,0.0012487529729828012,0.001002774670576707,0.001496773839088711,0.003289107510848059,0.002700176870639184,0.003951223325476972,"results/c1_events_harm.parquet; coarsened exact matching, level 'L4_density_stratified': pair-matched on quantile bins of edit_length_px, radius_px, radial_dist_disc_radii, blocked on gt_branch_order, gt_density_bin; cells reweighted to the full event distribution; 2000-draw image-clustered bootstrap",,
chasedb1,FD_pvbm,sensitivity,nn_within_image,,,,,164,820,0.2,8,,0.0071578188674569195,0.005677982465027993,0.01021544256471069,0.0031405275755076313,0.0021989340913311844,0.004814734421436928,0.004017291291949289,0.0022925763693209724,0.006150576545384858,"results/c1_events_harm.parquet; each topological edit re-paired with the control edit of a different event in the same image, nearest in standardised (log radius, log edit length, radial distance) with a caliper of 0.25 SD; 2000-draw image-clustered bootstrap",0.25,0.15438517480854022
chasedb1,FD_skan,primary,nn_within_image,,,,,164,820,0.2,8,,0.009780786883508537,0.008469959571084954,0.011438811209007369,0.00285150467950244,0.0023628209785774,0.00359689638361899,0.006929282204006097,0.0059424287196713785,0.008022269033274312,"results/c1_events_harm.parquet; each topological edit re-paired with the control edit of a different event in the same image, nearest in standardised (log radius, log edit length, radial distance) with a caliper of 0.25 SD; 2000-draw image-clustered bootstrap",0.25,0.15438517480854022
chasedb1,tortuosity_pvbm,sensitivity,nn_within_image,,,,,164,820,0.2,8,,0.05107206022575344,0.01764178790388079,0.0921147288708767,0.030155644174811126,0.01596543230867566,0.05504198483480115,0.020916416050942306,-0.00035314444764517826,0.03873740476112395,"results/c1_events_harm.parquet; each topological edit re-paired with the control edit of a different event in the same image, nearest in standardised (log radius, log edit length, radial distance) with a caliper of 0.25 SD; 2000-draw image-clustered bootstrap",0.25,0.15438517480854022
chasedb1,tortuosity_skan,primary,nn_within_image,,,,,164,820,0.2,8,,0.06825494125182333,0.022741471227742855,0.16273041343636782,0.020474423132771587,0.008917438357727606,0.034521574891063785,0.04778051811905173,0.002040666448640775,0.14738799285939358,"results/c1_events_harm.parquet; each topological edit re-paired with the control edit of a different event in the same image, nearest in standardised (log radius, log edit length, radial distance) with a caliper of 0.25 SD; 2000-draw image-clustered bootstrap",0.25,0.15438517480854022
chasedb1,density_pvbm,sensitivity,nn_within_image,,,,,164,820,0.2,8,,0.012712287946112271,0.009898638534916515,0.016827108535942114,0.012816097727516408,0.009993909342908362,0.016958481253558623,-0.00010380978140413734,-0.000267834765530632,1.9784394961917588e-05,"results/c1_events_harm.parquet; each topological edit re-paired with the control edit of a different event in the same image, nearest in standardised (log radius, log edit length, radial distance) with a caliper of 0.25 SD; 2000-draw image-clustered bootstrap",0.25,0.15438517480854022
chasedb1,density_skan,primary,nn_within_image,,,,,164,820,0.2,8,,0.012712287946112271,0.009898638534916515,0.016827108535942114,0.012816097727516408,0.009993909342908362,0.016958481253558623,-0.00010380978140413734,-0.000267834765530632,1.9784394961917588e-05,"results/c1_events_harm.parquet; each topological edit re-paired with the control edit of a different event in the same image, nearest in standardised (log radius, log edit length, radial distance) with a caliper of 0.25 SD; 2000-draw image-clustered bootstrap",0.25,0.15438517480854022
chasedb1,total_length_pvbm,sensitivity,nn_within_image,,,,,164,820,0.2,8,,0.08507079702321235,0.06399691777298212,0.09805901295898801,0.001008040590787764,0.0007986922861285752,0.0012680525385235302,0.08406275643242458,0.06296671754928448,0.09705649212262815,"results/c1_events_harm.parquet; each topological edit re-paired with the control edit of a different event in the same image, nearest in standardised (log radius, log edit length, radial distance) with a caliper of 0.25 SD; 2000-draw image-clustered bootstrap",0.25,0.15438517480854022
chasedb1,total_length_skan,primary,nn_within_image,,,,,164,820,0.2,8,,0.009526476069574956,0.008782167572686354,0.010507649951456534,0.0020020242828652124,0.001653273395761699,0.0025563698819341986,0.007524451786709743,0.007040688543681149,0.008393562786772306,"results/c1_events_harm.parquet; each topological edit re-paired with the control edit of a different event in the same image, nearest in standardised (log radius, log edit length, radial distance) with a caliper of 0.25 SD; 2000-draw image-clustered bootstrap",0.25,0.15438517480854022
drive,FD_pvbm,sensitivity,nn_within_image,,,,,54,1886,0.02863202545068929,17,,0.006786900508325792,0.004920981028628314,0.009380357353784464,0.005442437262884925,0.0013335874713315359,0.012726490003874227,0.0013444632454408666,-0.0035199542395112503,0.004877281814138463,"results/c1_events_harm.parquet; each topological edit re-paired with the control edit of a different event in the same image, nearest in standardised (log radius, log edit length, radial distance) with a caliper of 0.25 SD; 2000-draw image-clustered bootstrap",0.25,0.15701635979469325
drive,FD_skan,primary,nn_within_image,,,,,54,1886,0.02863202545068929,17,,0.0069188512437415245,0.005318622470333254,0.008037131845688437,0.0022701557431296046,0.0015789089796211426,0.0029961266327633985,0.00464869550061192,0.0030629398771844637,0.0056985699111894205,"results/c1_events_harm.parquet; each topological edit re-paired with the control edit of a different event in the same image, nearest in standardised (log radius, log edit length, radial distance) with a caliper of 0.25 SD; 2000-draw image-clustered bootstrap",0.25,0.15701635979469325
drive,tortuosity_pvbm,sensitivity,nn_within_image,,,,,54,1886,0.02863202545068929,17,,0.023850828871588077,0.011012673102468208,0.042101240540044035,0.008497316773800572,0.002935471148715728,0.01435995822379464,0.01535351209778751,0.001170594705813912,0.035164160478614336,"results/c1_events_harm.parquet; each topological edit re-paired with the control edit of a different event in the same image, nearest in standardised (log radius, log edit length, radial distance) with a caliper of 0.25 SD; 2000-draw image-clustered bootstrap",0.25,0.15701635979469325
drive,tortuosity_skan,primary,nn_within_image,,,,,54,1886,0.02863202545068929,17,,0.013936682760077819,0.007323107927165228,0.020889403525926917,0.008585150865712201,0.004680428276950427,0.012546551784248045,0.005351531894365618,0.0011439720657773326,0.009803552869563002,"results/c1_events_harm.parquet; each topological edit re-paired with the control edit of a different event in the same image, nearest in standardised (log radius, log edit length, radial distance) with a caliper of 0.25 SD; 2000-draw image-clustered bootstrap",0.25,0.15701635979469325
drive,density_pvbm,sensitivity,nn_within_image,,,,,54,1886,0.02863202545068929,17,,0.008281973257192328,0.006602234886591836,0.01101336730785961,0.008276214050427099,0.00662587402989112,0.01095555108435169,5.759206765229136e-06,-6.326502618095225e-05,7.562363366423184e-05,"results/c1_events_harm.parquet; each topological edit re-paired with the control edit of a different event in the same image, nearest in standardised (log radius, log edit length, radial distance) with a caliper of 0.25 SD; 2000-draw image-clustered bootstrap",0.25,0.15701635979469325
drive,density_skan,primary,nn_within_image,,,,,54,1886,0.02863202545068929,17,,0.008281973257192328,0.006602234886591836,0.01101336730785961,0.008276214050427099,0.00662587402989112,0.01095555108435169,5.759206765229136e-06,-6.326502618095225e-05,7.562363366423184e-05,"results/c1_events_harm.parquet; each topological edit re-paired with the control edit of a different event in the same image, nearest in standardised (log radius, log edit length, radial distance) with a caliper of 0.25 SD; 2000-draw image-clustered bootstrap",0.25,0.15701635979469325
drive,total_length_pvbm,sensitivity,nn_within_image,,,,,54,1886,0.02863202545068929,17,,0.06359145050192869,0.05101256963930999,0.07638096467554382,0.0009625923766192998,0.0005713515931376495,0.0014467937879052964,0.06262885812530938,0.04993398817774817,0.07544635692819818,"results/c1_events_harm.parquet; each topological edit re-paired with the control edit of a different event in the same image, nearest in standardised (log radius, log edit length, radial distance) with a caliper of 0.25 SD; 2000-draw image-clustered bootstrap",0.25,0.15701635979469325
drive,total_length_skan,primary,nn_within_image,,,,,54,1886,0.02863202545068929,17,,0.007300871063833025,0.00631591265271003,0.008351645854330843,0.0016887323487002263,0.0011489803133212515,0.0022282041413754393,0.005612138715132801,0.004628720866637611,0.006589816873001802,"results/c1_events_harm.parquet; each topological edit re-paired with the control edit of a different event in the same image, nearest in standardised (log radius, log edit length, radial distance) with a caliper of 0.25 SD; 2000-draw image-clustered bootstrap",0.25,0.15701635979469325
fives,FD_pvbm,sensitivity,nn_within_image,,,,,111,1921,0.05778240499739719,44,,0.0048393996323519385,0.002673985699319715,0.007771748626983828,0.0035435601168201194,0.0018224170067423085,0.006134672856762659,0.0012958395155318182,-0.00012277901506283086,0.0027763987000785748,"results/c1_events_harm.parquet; each topological edit re-paired with the control edit of a different event in the same image, nearest in standardised (log radius, log edit length, radial distance) with a caliper of 0.25 SD; 2000-draw image-clustered bootstrap",0.25,0.1558547602136072
fives,FD_skan,primary,nn_within_image,,,,,111,1921,0.05778240499739719,44,,0.0050348581225505,0.0038885471484503956,0.006166014054496094,0.0022124169509446746,0.0015575970925324968,0.0030994146182075763,0.0028224411716058265,0.0016089745456311984,0.004068669499158739,"results/c1_events_harm.parquet; each topological edit re-paired with the control edit of a different event in the same image, nearest in standardised (log radius, log edit length, radial distance) with a caliper of 0.25 SD; 2000-draw image-clustered bootstrap",0.25,0.1558547602136072
fives,tortuosity_pvbm,sensitivity,nn_within_image,,,,,110,1899,0.057925223802001054,43,,0.08161275435744132,0.041323959791215815,0.13792627190289353,0.0790535149831991,0.04270439121216302,0.12847497029672886,0.002559239374242228,-0.024054157170091003,0.02772281879733729,"results/c1_events_harm.parquet; each topological edit re-paired with the control edit of a different event in the same image, nearest in standardised (log radius, log edit length, radial distance) with a caliper of 0.25 SD; 2000-draw image-clustered bootstrap",0.25,0.15570752025434878
fives,tortuosity_skan,primary,nn_within_image,,,,,111,1921,0.05778240499739719,44,,0.03530148980111184,0.01943277839809633,0.059174375658859656,0.018306933572956922,0.008898978255076332,0.03000049107807259,0.01699455622815492,0.005587397164014587,0.031587606200991526,"results/c1_events_harm.parquet; each topological edit re-paired with the control edit of a different event in the same image, nearest in standardised (log radius, log edit length, radial distance) with a caliper of 0.25 SD; 2000-draw image-clustered bootstrap",0.25,0.1558547602136072
fives,density_pvbm,sensitivity,nn_within_image,,,,,111,1921,0.05778240499739719,44,,0.0034801572850466063,0.0028831342238038915,0.004174576716647773,0.0034631401935606813,0.0028631509448447997,0.004146583542291831,1.7017091485924447e-05,-9.313852346407555e-06,4.4696263163031216e-05,"results/c1_events_harm.parquet; each topological edit re-paired with the control edit of a different event in the same image, nearest in standardised (log radius, log edit length, radial distance) with a caliper of 0.25 SD; 2000-draw image-clustered bootstrap",0.25,0.1558547602136072
fives,density_skan,primary,nn_within_image,,,,,111,1921,0.05778240499739719,44,,0.0034801572850466063,0.0028831342238038915,0.004174576716647773,0.0034631401935606813,0.0028631509448447997,0.004146583542291831,1.7017091485924447e-05,-9.313852346407555e-06,4.4696263163031216e-05,"results/c1_events_harm.parquet; each topological edit re-paired with the control edit of a different event in the same image, nearest in standardised (log radius, log edit length, radial distance) with a caliper of 0.25 SD; 2000-draw image-clustered bootstrap",0.25,0.1558547602136072
fives,total_length_pvbm,sensitivity,nn_within_image,,,,,111,1921,0.05778240499739719,44,,0.028043903464827154,0.022520207423908426,0.0342216135437802,0.00037762529372359084,0.0002718165292618982,0.0005199983210827693,0.027666278171103568,0.02219848917775878,0.03386100150362853,"results/c1_events_harm.parquet; each topological edit re-paired with the control edit of a different event in the same image, nearest in standardised (log radius, log edit length, radial distance) with a caliper of 0.25 SD; 2000-draw image-clustered bootstrap",0.25,0.1558547602136072
fives,total_length_skan,primary,nn_within_image,,,,,111,1921,0.05778240499739719,44,,0.003063658432469981,0.0026015668793949245,0.0035283388088394336,0.0011717839589676456,0.0009267451184035429,0.0014650935754038181,0.0018918744735023367,0.0013419601754601834,0.002447146858118722,"results/c1_events_harm.parquet; each topological edit re-paired with the control edit of a different event in the same image, nearest in standardised (log radius, log edit length, radial distance) with a caliper of 0.25 SD; 2000-draw image-clustered bootstrap",0.25,0.1558547602136072
hrf,FD_pvbm,sensitivity,nn_within_image,,,,,32,957,0.03343782654127482,17,,0.0013353857094799593,0.0007006124805032049,0.0019641812683389584,0.0006266130188783171,0.0003019980938431701,0.0009581202142750432,0.0007087726906016422,0.0002869253198288076,0.0011440930766490331,"results/c1_events_harm.parquet; each topological edit re-paired with the control edit of a different event in the same image, nearest in standardised (log radius, log edit length, radial distance) with a caliper of 0.25 SD; 2000-draw image-clustered bootstrap",0.25,0.16768221862063706
hrf,FD_skan,primary,nn_within_image,,,,,32,957,0.03343782654127482,17,,0.003007453896972239,0.001935131955216429,0.00430955796910019,0.0009566067231220501,0.0007115028361211972,0.0012319001960915403,0.0020508471738501888,0.0009321896526075392,0.0034437971045130026,"results/c1_events_harm.parquet; each topological edit re-paired with the control edit of a different event in the same image, nearest in standardised (log radius, log edit length, radial distance) with a caliper of 0.25 SD; 2000-draw image-clustered bootstrap",0.25,0.16768221862063706
hrf,tortuosity_pvbm,sensitivity,nn_within_image,,,,,32,957,0.03343782654127482,17,,0.03773907725146792,0.010962902149336689,0.07726791364015759,0.03049230693065056,0.009303847821545823,0.05629786717283646,0.007246770320817358,-0.016959269802579443,0.03252182725285162,"results/c1_events_harm.parquet; each topological edit re-paired with the control edit of a different event in the same image, nearest in standardised (log radius, log edit length, radial distance) with a caliper of 0.25 SD; 2000-draw image-clustered bootstrap",0.25,0.16768221862063706
hrf,tortuosity_skan,primary,nn_within_image,,,,,32,957,0.03343782654127482,17,,0.011153410614060381,0.005595379535648987,0.018635443183279494,0.007149825266745909,0.005489411483038771,0.009080963184459176,0.004003585347314474,-0.001655162765176518,0.011366571367099653,"results/c1_events_harm.parquet; each topological edit re-paired with the control edit of a different event in the same image, nearest in standardised (log radius, log edit length, radial distance) with a caliper of 0.25 SD; 2000-draw image-clustered bootstrap",0.25,0.16768221862063706
hrf,density_pvbm,sensitivity,nn_within_image,,,,,32,957,0.03343782654127482,17,,0.0016810091839824116,0.0011275282276654176,0.002317802126721639,0.001684011782593709,0.0011411436428724118,0.0023311917904518427,-3.002598611297239e-06,-2.138411347684752e-05,2.1752816629365192e-05,"results/c1_events_harm.parquet; each topological edit re-paired with the control edit of a different event in the same image, nearest in standardised (log radius, log edit length, radial distance) with a caliper of 0.25 SD; 2000-draw image-clustered bootstrap",0.25,0.16768221862063706
hrf,density_skan,primary,nn_within_image,,,,,32,957,0.03343782654127482,17,,0.0016810091839824116,0.0011275282276654176,0.002317802126721639,0.001684011782593709,0.0011411436428724118,0.0023311917904518427,-3.002598611297239e-06,-2.138411347684752e-05,2.1752816629365192e-05,"results/c1_events_harm.parquet; each topological edit re-paired with the control edit of a different event in the same image, nearest in standardised (log radius, log edit length, radial distance) with a caliper of 0.25 SD; 2000-draw image-clustered bootstrap",0.25,0.16768221862063706
hrf,total_length_pvbm,sensitivity,nn_within_image,,,,,32,957,0.03343782654127482,17,,0.03362418398021946,0.02477152261633066,0.04305477494976237,0.0006171426429458789,0.0003976200034252658,0.0008900264557792813,0.033007041337273585,0.024069992977262488,0.04241609752140385,"results/c1_events_harm.parquet; each topological edit re-paired with the control edit of a different event in the same image, nearest in standardised (log radius, log edit length, radial distance) with a caliper of 0.25 SD; 2000-draw image-clustered bootstrap",0.25,0.16768221862063706
hrf,total_length_skan,primary,nn_within_image,,,,,32,957,0.03343782654127482,17,,0.0036999527356004927,0.002882198036102713,0.004686067209855687,0.0008534059475371778,0.0006090303140441886,0.00111659734254998,0.0028465467880633144,0.0020283079181651685,0.0038637043173742856,"results/c1_events_harm.parquet; each topological edit re-paired with the control edit of a different event in the same image, nearest in standardised (log radius, log edit length, radial distance) with a caliper of 0.25 SD; 2000-draw image-clustered bootstrap",0.25,0.16768221862063706
